ISO-10303-21;
HEADER;
FILE_DESCRIPTION (( 'STEP AP203' ),
    '1' );
FILE_NAME ('Clevis Mounting Bracket.STEP',
    '2026-07-11T08:24:53',
    ( '' ),
    ( '' ),
    'SwSTEP 2.0',
    'SolidWorks 2024',
    '' );
FILE_SCHEMA (( 'CONFIG_CONTROL_DESIGN' ));
ENDSEC;

DATA;
#1 = ORIENTED_EDGE ( 'NONE', *, *, #548, .F. ) ;
#2 = DIRECTION ( 'NONE',  ( 1.430699774001489988E-16, 1.000000000000000000, -3.713525943768164663E-15 ) ) ;
#3 = DIRECTION ( 'NONE',  ( 0.000000000000000000, -3.700743415417187942E-15, -1.000000000000000000 ) ) ;
#4 = VERTEX_POINT ( 'NONE', #2423 ) ;
#5 = EDGE_CURVE ( 'NONE', #1063, #529, #627, .T. ) ;
#6 = LINE ( 'NONE', #1194, #422 ) ;
#7 = ORIENTED_EDGE ( 'NONE', *, *, #1295, .F. ) ;
#8 = DIRECTION ( 'NONE',  ( 0.000000000000000000, 1.000000000000000000, 3.469446951953611231E-16 ) ) ;
#9 = DIRECTION ( 'NONE',  ( 1.000000000000000000, -6.938893903907227392E-16, -1.452047347458674557E-31 ) ) ;
#10 = EDGE_CURVE ( 'NONE', #1063, #2072, #608, .T. ) ;
#11 = VERTEX_POINT ( 'NONE', #95 ) ;
#12 = DIRECTION ( 'NONE',  ( 0.000000000000000000, 0.000000000000000000, 1.000000000000000000 ) ) ;
#13 = DIRECTION ( 'NONE',  ( 1.000000000000000000, -0.000000000000000000, 2.168404344971006896E-16 ) ) ;
#14 = EDGE_CURVE ( 'NONE', #2847, #813, #1870, .T. ) ;
#15 = EDGE_CURVE ( 'NONE', #2595, #2404, #1710, .T. ) ;
#16 = EDGE_LOOP ( 'NONE', ( #2470, #1895, #2103, #1232 ) ) ;
#17 = DIRECTION ( 'NONE',  ( -1.000000000000000000, 1.156482317317871478E-16, -3.491481338843133355E-15 ) ) ;
#18 = DIRECTION ( 'NONE',  ( -1.000000000000000000, 1.156482317317871478E-16, -3.491481338843133355E-15 ) ) ;
#19 = ORIENTED_EDGE ( 'NONE', *, *, #1598, .F. ) ;
#20 = VECTOR ( 'NONE', #1925, 1000.000000000000000 ) ;
#21 = APPROVAL_STATUS ( 'not_yet_approved' ) ;
#22 = EDGE_CURVE ( 'NONE', #2783, #2963, #1494, .T. ) ;
#23 = AXIS2_PLACEMENT_3D ( 'NONE', #2361, #2616, #774 ) ;
#24 = AXIS2_PLACEMENT_3D ( 'NONE', #1214, #1624, #2130 ) ;
#25 = DIRECTION ( 'NONE',  ( 0.000000000000000000, 0.000000000000000000, 1.000000000000000000 ) ) ;
#26 = ORIENTED_EDGE ( 'NONE', *, *, #1979, .T. ) ;
#27 = VECTOR ( 'NONE', #1343, 1000.000000000000000 ) ;
#28 = DIRECTION ( 'NONE',  ( -0.000000000000000000, -2.092620765740545869E-16, 1.000000000000000000 ) ) ;
#29 = AXIS2_PLACEMENT_3D ( 'NONE', #1078, #2867, #2453 ) ;
#30 = LINE ( 'NONE', #2310, #471 ) ;
#31 = AXIS2_PLACEMENT_3D ( 'NONE', #2728, #2024, #654 ) ;
#33 = ORIENTED_EDGE ( 'NONE', *, *, #1664, .T. ) ;
#32 = EDGE_CURVE ( 'NONE', #1076, #2580, #376, .T. ) ;
#34 = DIRECTION ( 'NONE',  ( 0.000000000000000000, 1.000000000000000000, -3.469446951953611231E-16 ) ) ;
#35 = CARTESIAN_POINT ( 'NONE',  ( -100.0000000000001847, -7.285838599102613462E-15, -60.00000000000000711 ) ) ;
#36 = EDGE_LOOP ( 'NONE', ( #2076, #253, #279, #2677 ) ) ;
#37 = CYLINDRICAL_SURFACE ( 'NONE', #277, 5.000000000000004441 ) ;
#38 = DIRECTION ( 'NONE',  ( 1.000000000000000000, 0.000000000000000000, 2.168404344971006896E-16 ) ) ;
#39 = ORIENTED_EDGE ( 'NONE', *, *, #1630, .T. ) ;
#40 = FACE_BOUND ( 'NONE', #2297, .T. ) ;
#41 = DIRECTION ( 'NONE',  ( 1.156482317317871478E-16, 1.000000000000000000, -4.379057701015053347E-47 ) ) ;
#42 = LOCAL_TIME ( 13, 54, 53.00000000000000000, #2565 ) ;
#43 = ORIENTED_EDGE ( 'NONE', *, *, #2658, .T. ) ;
#44 = DIRECTION ( 'NONE',  ( -1.000000000000000000, 0.000000000000000000, 2.168404344971006896E-16 ) ) ;
#45 = PLANE ( 'NONE',  #1389 ) ;
#46 = ORIENTED_EDGE ( 'NONE', *, *, #294, .F. ) ;
#47 = CARTESIAN_POINT ( 'NONE',  ( -74.99999999999997158, -68.00000000000009948, 29.99999999999995737 ) ) ;
#48 = DIRECTION ( 'NONE',  ( 1.734723475976800438E-16, -1.000000000000000000, -3.700743415417187942E-15 ) ) ;
#49 = EDGE_CURVE ( 'NONE', #2408, #2476, #2226, .T. ) ;
#50 = ORIENTED_EDGE ( 'NONE', *, *, #2535, .T. ) ;
#51 = ADVANCED_FACE ( 'NONE', ( #2914 ), #1765, .F. ) ;
#52 = CARTESIAN_POINT ( 'NONE',  ( -97.00000000000039790, -7.112366251504945375E-15, -120.0000000000000142 ) ) ;
#53 = EDGE_CURVE ( 'NONE', #2783, #650, #2701, .T. ) ;
#54 = ORIENTED_EDGE ( 'NONE', *, *, #2115, .T. ) ;
#55 = FACE_OUTER_BOUND ( 'NONE', #2649, .T. ) ;
#56 = LINE ( 'NONE', #1000, #2056 ) ;
#57 = EDGE_LOOP ( 'NONE', ( #1721, #1215, #2685, #1549 ) ) ;
#58 = LINE ( 'NONE', #1689, #2555 ) ;
#59 = CARTESIAN_POINT ( 'NONE',  ( -34.99999999999995737, -86.00000000000008527, 34.99999999999995737 ) ) ;
#60 = ADVANCED_FACE ( 'NONE', ( #424 ), #1326, .F. ) ;
#61 = VERTEX_POINT ( 'NONE', #3010 ) ;
#62 = CIRCLE ( 'NONE', #2935, 12.50000000000000355 ) ;
#63 = CARTESIAN_POINT ( 'NONE',  ( -99.99999999999998579, -59.99999999999998579, -2.999999999999989786 ) ) ;
#64 = AXIS2_PLACEMENT_3D ( 'NONE', #417, #910, #2491 ) ;
#65 = VECTOR ( 'NONE', #196, 1000.000000000000000 ) ;
#66 = PRODUCT ( 'Clevis Mounting Bracket', 'Clevis Mounting Bracket', '', ( #2336 ) ) ;
#67 = VECTOR ( 'NONE', #1846, 1000.000000000000000 ) ;
#68 = CLOSED_SHELL ( 'NONE', ( #2319, #466, #378, #2352, #1418, #2977, #2998, #1268, #159, #1445, #2839, #488, #561, #1652, #2411, #2590, #334, #1854, #2640, #887, #965, #389, #1066, #523, #2327, #2757, #1936, #2355, #144, #1665, #2485, #240, #2993, #660, #214, #2809, #532, #1853, #1757, #1266, #2834, #1220, #1398, #1611, #2300, #2229, #656, #437, #702, #1543, #1339, #2546, #2854, #248, #1908, #1752, #1429, #867, #2686, #1010, #1993, #1047, #1290, #2627, #51, #571, #2162, #1080, #1216, #557, #2672, #2880, #60, #1086, #2365, #348, #2126, #2119, #800, #2821, #2342, #2426, #2374, #183, #2170, #817, #977, #1248, #293, #2222, #104, #1945, #1683, #506, #1032, #885, #2084, #2537, #1169, #2929, #473, #1384, #2584, #82, #1593, #2716, #2903, #414, #544 ) ) ;
#69 = DIRECTION ( 'NONE',  ( -1.000000000000000000, 1.430699774001490728E-16, -5.294652768074875655E-31 ) ) ;
#70 = EDGE_LOOP ( 'NONE', ( #2643, #1481 ) ) ;
#71 = CARTESIAN_POINT ( 'NONE',  ( 54.99999999999996447, -86.00000000000009948, 34.99999999999995737 ) ) ;
#72 = CARTESIAN_POINT ( 'NONE',  ( 34.99999999999995737, 86.00000000000007105, 34.99999999999995737 ) ) ;
#73 = EDGE_CURVE ( 'NONE', #797, #801, #1808, .T. ) ;
#74 = CIRCLE ( 'NONE', #866, 5.000000000000000888 ) ;
#75 = VERTEX_POINT ( 'NONE', #1829 ) ;
#76 = CARTESIAN_POINT ( 'NONE',  ( -34.99999999999997868, -68.00000000000009948, 29.99999999999995737 ) ) ;
#77 = DIRECTION ( 'NONE',  ( -1.000000000000000000, 0.000000000000000000, -2.168404344971006896E-16 ) ) ;
#78 = ORIENTED_EDGE ( 'NONE', *, *, #14, .T. ) ;
#79 = LINE ( 'NONE', #1165, #67 ) ;
#80 = ORIENTED_EDGE ( 'NONE', *, *, #2882, .F. ) ;
#81 = DIRECTION ( 'NONE',  ( -1.156482317317871478E-16, 1.000000000000000000, 3.941961874476797587E-31 ) ) ;
#82 = ADVANCED_FACE ( 'NONE', ( #2959, #900 ), #2494, .F. ) ;
#83 = LINE ( 'NONE', #783, #2895 ) ;
#84 = ORIENTED_EDGE ( 'NONE', *, *, #285, .T. ) ;
#85 = DIRECTION ( 'NONE',  ( 1.000000000000000000, -0.000000000000000000, -2.168404344971006896E-16 ) ) ;
#86 = CARTESIAN_POINT ( 'NONE',  ( 99.99999999999998579, -59.99999999999998579, -5.999999999999981348 ) ) ;
#87 = AXIS2_PLACEMENT_3D ( 'NONE', #63, #81, #1023 ) ;
#88 = EDGE_CURVE ( 'NONE', #1279, #1563, #1822, .T. ) ;
#89 = VECTOR ( 'NONE', #2951, 1000.000000000000000 ) ;
#90 = EDGE_LOOP ( 'NONE', ( #1012, #1862, #287, #2499 ) ) ;
#91 = CARTESIAN_POINT ( 'NONE',  ( 99.99999999999998579, -59.99999999999998579, -3.000000000000000000 ) ) ;
#92 = DIRECTION ( 'NONE',  ( -1.734723475976806848E-16, 1.000000000000000000, 0.000000000000000000 ) ) ;
#93 = ORIENTED_EDGE ( 'NONE', *, *, #1283, .F. ) ;
#94 = LINE ( 'NONE', #2436, #2120 ) ;
#95 = CARTESIAN_POINT ( 'NONE',  ( -74.99999999999997158, -68.00000000000009948, 34.99999999999996447 ) ) ;
#96 = LINE ( 'NONE', #1513, #1884 ) ;
#97 = DIRECTION ( 'NONE',  ( 2.178071021188011836E-31, -0.000000000000000000, 1.000000000000000000 ) ) ;
#98 = ORIENTED_EDGE ( 'NONE', *, *, #2752, .T. ) ;
#99 = CARTESIAN_POINT ( 'NONE',  ( -74.99999999999997158, 59.99999999999998579, 2.999999999999971578 ) ) ;
#100 = DIRECTION ( 'NONE',  ( -3.330669073875468832E-15, 0.000000000000000000, -1.000000000000000000 ) ) ;
#101 = EDGE_LOOP ( 'NONE', ( #1850, #2773, #695, #2525 ) ) ;
#102 = CARTESIAN_POINT ( 'NONE',  ( -34.99999999999997868, 68.00000000000009948, 31.99999999999995737 ) ) ;
#103 = CARTESIAN_POINT ( 'NONE',  ( 74.99999999999998579, -68.00000000000009948, 31.99999999999995737 ) ) ;
#104 = ADVANCED_FACE ( 'NONE', ( #2527 ), #1126, .F. ) ;
#105 = EDGE_CURVE ( 'NONE', #757, #1904, #190, .T. ) ;
#106 = VERTEX_POINT ( 'NONE', #1590 ) ;
#107 = DIRECTION ( 'NONE',  ( -0.000000000000000000, -3.700743415417187942E-15, -1.000000000000000000 ) ) ;
#108 = ORIENTED_EDGE ( 'NONE', *, *, #1231, .T. ) ;
#109 = EDGE_CURVE ( 'NONE', #1360, #2335, #1349, .T. ) ;
#110 = EDGE_CURVE ( 'NONE', #61, #11, #1092, .T. ) ;
#111 = LINE ( 'NONE', #314, #3012 ) ;
#112 = CARTESIAN_POINT ( 'NONE',  ( -97.00000000000019895, 59.99999999999999289, -60.00000000000003553 ) ) ;
#113 = ORIENTED_EDGE ( 'NONE', *, *, #10, .F. ) ;
#114 = VECTOR ( 'NONE', #991, 1000.000000000000000 ) ;
#115 = CARTESIAN_POINT ( 'NONE',  ( 100.0000000000000000, 60.00000000000001421, -5.999999999999981348 ) ) ;
#116 = VECTOR ( 'NONE', #1701, 1000.000000000000000 ) ;
#117 = DIRECTION ( 'NONE',  ( 1.000000000000000000, -0.000000000000000000, 2.168404344971006896E-16 ) ) ;
#118 = VECTOR ( 'NONE', #2188, 1000.000000000000000 ) ;
#119 = VECTOR ( 'NONE', #1037, 1000.000000000000000 ) ;
#120 = EDGE_CURVE ( 'NONE', #61, #1170, #2990, .T. ) ;
#121 = ORIENTED_EDGE ( 'NONE', *, *, #987, .F. ) ;
#122 = FACE_BOUND ( 'NONE', #2306, .T. ) ;
#123 = CARTESIAN_POINT ( 'NONE',  ( 94.00000000000000000, -59.99999999999998579, 8.673617379884035472E-16 ) ) ;
#124 = CIRCLE ( 'NONE', #2211, 3.000000000000016431 ) ;
#125 = VECTOR ( 'NONE', #297, 1000.000000000000000 ) ;
#126 = CIRCLE ( 'NONE', #1587, 59.99999999999999289 ) ;
#127 = PRODUCT_DEFINITION ( 'UNKNOWN', '', #1223, #754 ) ;
#128 = ORIENTED_EDGE ( 'NONE', *, *, #1986, .T. ) ;
#129 = DIRECTION ( 'NONE',  ( 1.000000000000000000, 1.156482317317871478E-16, -3.491481338843133355E-15 ) ) ;
#130 = ORIENTED_EDGE ( 'NONE', *, *, #995, .T. ) ;
#131 = CARTESIAN_POINT ( 'NONE',  ( -9.791550286624606448E-15, -62.99999999999998579, -2.220446049250312576E-13 ) ) ;
#132 = APPROVAL_PERSON_ORGANIZATION ( #2351, #640, #693 ) ;
#133 = LINE ( 'NONE', #1235, #119 ) ;
#134 = EDGE_LOOP ( 'NONE', ( #2981, #1344, #1774, #2655 ) ) ;
#135 = CARTESIAN_POINT ( 'NONE',  ( 54.99999999999996447, 86.00000000000009948, 34.99999999999995737 ) ) ;
#136 = LINE ( 'NONE', #2031, #65 ) ;
#137 = VERTEX_POINT ( 'NONE', #2005 ) ;
#138 = CARTESIAN_POINT ( 'NONE',  ( -34.99999999999997868, -66.00000000000009948, 34.99999999999996447 ) ) ;
#139 = LINE ( 'NONE', #2221, #2455 ) ;
#140 = AXIS2_PLACEMENT_3D ( 'NONE', #2196, #2184, #1234 ) ;
#141 = EDGE_LOOP ( 'NONE', ( #2029, #459, #1917, #851 ) ) ;
#142 = DIRECTION ( 'NONE',  ( 0.000000000000000000, 0.000000000000000000, 1.000000000000000000 ) ) ;
#144 = ADVANCED_FACE ( 'NONE', ( #1843 ), #440, .F. ) ;
#143 = ORIENTED_EDGE ( 'NONE', *, *, #2520, .T. ) ;
#145 = CARTESIAN_POINT ( 'NONE',  ( 34.99999999999997868, -66.00000000000008527, 29.99999999999996447 ) ) ;
#146 = EDGE_CURVE ( 'NONE', #728, #1569, #690, .T. ) ;
#147 = CARTESIAN_POINT ( 'NONE',  ( 54.99999999999996447, -86.00000000000009948, 34.99999999999995737 ) ) ;
#148 = VERTEX_POINT ( 'NONE', #1381 ) ;
#149 = LINE ( 'NONE', #2506, #89 ) ;
#150 = DIRECTION ( 'NONE',  ( -1.000000000000000000, -0.000000000000000000, -0.000000000000000000 ) ) ;
#151 = EDGE_CURVE ( 'NONE', #2818, #1563, #870, .T. ) ;
#152 = ORIENTED_EDGE ( 'NONE', *, *, #929, .T. ) ;
#153 = DIRECTION ( 'NONE',  ( 0.000000000000000000, 0.000000000000000000, 1.000000000000000000 ) ) ;
#154 = DIRECTION ( 'NONE',  ( 1.000000000000000000, 0.000000000000000000, 0.000000000000000000 ) ) ;
#155 = EDGE_LOOP ( 'NONE', ( #128, #1015, #194, #198 ) ) ;
#156 = DIRECTION ( 'NONE',  ( -1.000000000000000000, -1.734723475976807094E-16, 0.000000000000000000 ) ) ;
#157 = CARTESIAN_POINT ( 'NONE',  ( 74.99999999999997158, -63.00000000000000000, 2.999999999999960920 ) ) ;
#158 = EDGE_CURVE ( 'NONE', #1076, #1402, #2164, .T. ) ;
#159 = ADVANCED_FACE ( 'NONE', ( #2775 ), #1112, .F. ) ;
#160 = ORIENTED_EDGE ( 'NONE', *, *, #187, .T. ) ;
#161 = DIRECTION ( 'NONE',  ( 0.000000000000000000, 0.000000000000000000, -1.000000000000000000 ) ) ;
#162 = ORIENTED_EDGE ( 'NONE', *, *, #1143, .F. ) ;
#163 = CARTESIAN_POINT ( 'NONE',  ( -34.99999999999996447, 59.99999999999998579, 2.999999999999980016 ) ) ;
#164 = CARTESIAN_POINT ( 'NONE',  ( 94.00000000000000000, -59.99999999999998579, -6.000000000000001776 ) ) ;
#165 = AXIS2_PLACEMENT_3D ( 'NONE', #2036, #2269, #2236 ) ;
#166 = ORIENTED_EDGE ( 'NONE', *, *, #1505, .T. ) ;
#167 = DIRECTION ( 'NONE',  ( 0.000000000000000000, -2.092620765740545622E-16, -1.000000000000000000 ) ) ;
#168 = DIRECTION ( 'NONE',  ( 1.000000000000000000, 0.000000000000000000, -0.000000000000000000 ) ) ;
#169 = AXIS2_PLACEMENT_3D ( 'NONE', #2538, #3021, #1778 ) ;
#170 = EDGE_LOOP ( 'NONE', ( #1258, #325, #1174, #3008 ) ) ;
#171 = CIRCLE ( 'NONE', #572, 3.000000000000003109 ) ;
#172 = DIRECTION ( 'NONE',  ( 1.000000000000000000, 0.000000000000000000, 0.000000000000000000 ) ) ;
#173 = DIRECTION ( 'NONE',  ( -1.000000000000000000, 0.000000000000000000, 2.168404344971006896E-16 ) ) ;
#174 = VECTOR ( 'NONE', #1410, 1000.000000000000000 ) ;
#175 = EDGE_LOOP ( 'NONE', ( #7, #678, #2941, #2127 ) ) ;
#176 = FACE_OUTER_BOUND ( 'NONE', #2329, .T. ) ;
#177 = CARTESIAN_POINT ( 'NONE',  ( 97.00000000000018474, -6.591949208711889836E-15, -60.00000000000002132 ) ) ;
#178 = VERTEX_POINT ( 'NONE', #1571 ) ;
#179 = LINE ( 'NONE', #663, #2814 ) ;
#180 = CARTESIAN_POINT ( 'NONE',  ( 34.99999999999997868, -68.00000000000009948, 31.99999999999995737 ) ) ;
#181 = EDGE_CURVE ( 'NONE', #1841, #1421, #2467, .T. ) ;
#182 = ORIENTED_EDGE ( 'NONE', *, *, #2498, .F. ) ;
#183 = ADVANCED_FACE ( 'NONE', ( #655 ), #982, .T. ) ;
#184 = CARTESIAN_POINT ( 'NONE',  ( 100.0000000000000000, 60.00000000000002132, -3.000000000000000000 ) ) ;
#185 = DIRECTION ( 'NONE',  ( 1.000000000000000000, 0.000000000000000000, 0.000000000000000000 ) ) ;
#186 = EDGE_CURVE ( 'NONE', #1368, #2770, #1411, .T. ) ;
#187 = EDGE_CURVE ( 'NONE', #1303, #1926, #1857, .T. ) ;
#188 = EDGE_LOOP ( 'NONE', ( #1041, #2378, #874, #108 ) ) ;
#189 = CYLINDRICAL_SURFACE ( 'NONE', #31, 5.000000000000004441 ) ;
#190 = LINE ( 'NONE', #2039, #2747 ) ;
#191 = AXIS2_PLACEMENT_3D ( 'NONE', #755, #2080, #2097 ) ;
#192 = CARTESIAN_POINT ( 'NONE',  ( -54.99999999999996447, -86.00000000000009948, 34.99999999999995737 ) ) ;
#193 = DIRECTION ( 'NONE',  ( 0.000000000000000000, 1.000000000000000000, 2.092620765740545622E-16 ) ) ;
#194 = ORIENTED_EDGE ( 'NONE', *, *, #2915, .T. ) ;
#195 = PLANE ( 'NONE',  #339 ) ;
#196 = DIRECTION ( 'NONE',  ( 0.000000000000000000, -1.000000000000000000, 0.000000000000000000 ) ) ;
#197 = EDGE_CURVE ( 'NONE', #2335, #1360, #723, .T. ) ;
#198 = ORIENTED_EDGE ( 'NONE', *, *, #1638, .T. ) ;
#199 = DIRECTION ( 'NONE',  ( -0.000000000000000000, 0.000000000000000000, 1.000000000000000000 ) ) ;
#200 = DIRECTION ( 'NONE',  ( 0.000000000000000000, 1.000000000000000000, 0.000000000000000000 ) ) ;
#201 = ORIENTED_EDGE ( 'NONE', *, *, #901, .F. ) ;
#202 = LINE ( 'NONE', #2759, #1212 ) ;
#203 = EDGE_CURVE ( 'NONE', #518, #728, #1104, .T. ) ;
#204 = DIRECTION ( 'NONE',  ( -0.000000000000000000, 3.700743415417187942E-15, -1.000000000000000000 ) ) ;
#205 = EDGE_LOOP ( 'NONE', ( #575, #302, #1087, #2822 ) ) ;
#206 = DIRECTION ( 'NONE',  ( 0.000000000000000000, 2.092620765740545622E-16, -1.000000000000000000 ) ) ;
#207 = CYLINDRICAL_SURFACE ( 'NONE', #1769, 7.499999999999992895 ) ;
#208 = ORIENTED_EDGE ( 'NONE', *, *, #897, .F. ) ;
#209 = CARTESIAN_POINT ( 'NONE',  ( -54.99999999999996447, 93.50000000000009948, 34.99999999999995737 ) ) ;
#210 = CARTESIAN_POINT ( 'NONE',  ( -74.99999999999998579, 86.00000000000009948, 34.99999999999995737 ) ) ;
#211 = ORIENTED_EDGE ( 'NONE', *, *, #1367, .F. ) ;
#212 = CYLINDRICAL_SURFACE ( 'NONE', #1626, 3.000000000000002665 ) ;
#213 = DIRECTION ( 'NONE',  ( 0.000000000000000000, -1.000000000000000000, 0.000000000000000000 ) ) ;
#214 = ADVANCED_FACE ( 'NONE', ( #1426 ), #1675, .F. ) ;
#215 = AXIS2_PLACEMENT_3D ( 'NONE', #2956, #2248, #1540 ) ;
#216 = VERTEX_POINT ( 'NONE', #736 ) ;
#217 = LINE ( 'NONE', #2090, #970 ) ;
#218 = DIRECTION ( 'NONE',  ( 1.156482317317871478E-16, -1.000000000000000000, 8.758115402030106693E-47 ) ) ;
#219 = VECTOR ( 'NONE', #2100, 1000.000000000000000 ) ;
#220 = CIRCLE ( 'NONE', #1767, 59.99999999999999289 ) ;
#221 = AXIS2_PLACEMENT_3D ( 'NONE', #1650, #1176, #3 ) ;
#222 = VERTEX_POINT ( 'NONE', #59 ) ;
#223 = EDGE_CURVE ( 'NONE', #529, #2404, #674, .T. ) ;
#224 = APPROVAL_STATUS ( 'not_yet_approved' ) ;
#225 = VECTOR ( 'NONE', #2693, 1000.000000000000000 ) ;
#226 = AXIS2_PLACEMENT_3D ( 'NONE', #2877, #1509, #2434 ) ;
#227 = MANIFOLD_SOLID_BREP ( 'Mirror4', #68 ) ;
#228 = AXIS2_PLACEMENT_3D ( 'NONE', #1473, #1259, #2177 ) ;
#229 = EDGE_CURVE ( 'NONE', #1859, #529, #255, .T. ) ;
#230 = CYLINDRICAL_SURFACE ( 'NONE', #1583, 5.999999999999991118 ) ;
#231 = ORIENTED_EDGE ( 'NONE', *, *, #1944, .F. ) ;
#232 = DIRECTION ( 'NONE',  ( -1.000000000000000000, 1.156482317317871478E-16, -3.491481338843133355E-15 ) ) ;
#233 = FACE_OUTER_BOUND ( 'NONE', #1777, .T. ) ;
#234 = ORIENTED_EDGE ( 'NONE', *, *, #2094, .T. ) ;
#235 = FACE_OUTER_BOUND ( 'NONE', #155, .T. ) ;
#236 = CARTESIAN_POINT ( 'NONE',  ( -100.0000000000001847, -7.285838599102613462E-15, -60.00000000000000711 ) ) ;
#237 = ORIENTED_EDGE ( 'NONE', *, *, #1889, .T. ) ;
#238 = CARTESIAN_POINT ( 'NONE',  ( 54.99999999999996447, 86.00000000000009948, 34.99999999999995737 ) ) ;
#239 = CARTESIAN_POINT ( 'NONE',  ( 34.99999999999997868, -66.00000000000009948, 29.99999999999996447 ) ) ;
#240 = ADVANCED_FACE ( 'NONE', ( #1661 ), #284, .T. ) ;
#241 = VERTEX_POINT ( 'NONE', #719 ) ;
#242 = AXIS2_PLACEMENT_3D ( 'NONE', #826, #1920, #2213 ) ;
#243 = DIRECTION ( 'NONE',  ( 1.000000000000000000, 0.000000000000000000, 0.000000000000000000 ) ) ;
#244 = AXIS2_PLACEMENT_3D ( 'NONE', #1550, #1579, #2016 ) ;
#245 = DIRECTION ( 'NONE',  ( 0.000000000000000000, 2.092620765740545622E-16, -1.000000000000000000 ) ) ;
#246 = EDGE_LOOP ( 'NONE', ( #980, #1538, #1934, #554 ) ) ;
#247 = CARTESIAN_POINT ( 'NONE',  ( 74.99999999999997158, 63.00000000000008527, 29.99999999999997513 ) ) ;
#248 = ADVANCED_FACE ( 'NONE', ( #1003 ), #762, .T. ) ;
#249 = LINE ( 'NONE', #1419, #273 ) ;
#250 = ORIENTED_EDGE ( 'NONE', *, *, #3014, .T. ) ;
#251 = LINE ( 'NONE', #1422, #114 ) ;
#252 = DIRECTION ( 'NONE',  ( 1.734723475976800438E-16, 1.000000000000000000, -3.700743415417187942E-15 ) ) ;
#253 = ORIENTED_EDGE ( 'NONE', *, *, #701, .F. ) ;
#254 = DIRECTION ( 'NONE',  ( 0.000000000000000000, -2.092620765740545622E-16, -1.000000000000000000 ) ) ;
#255 = LINE ( 'NONE', #2380, #125 ) ;
#256 = ORIENTED_EDGE ( 'NONE', *, *, #332, .F. ) ;
#257 = PERSON_AND_ORGANIZATION_ROLE ( 'classification_officer' ) ;
#258 = DIRECTION ( 'NONE',  ( -1.000000000000000000, 0.000000000000000000, 3.469446951953619316E-15 ) ) ;
#259 = VERTEX_POINT ( 'NONE', #2561 ) ;
#260 = CARTESIAN_POINT ( 'NONE',  ( 100.0000000000001847, -6.938893903907251255E-15, -60.00000000000000711 ) ) ;
#261 = LINE ( 'NONE', #1197, #1149 ) ;
#262 = EDGE_LOOP ( 'NONE', ( #883, #2662, #2414, #256 ) ) ;
#263 = DIRECTION ( 'NONE',  ( 1.000000000000000000, -0.000000000000000000, -0.000000000000000000 ) ) ;
#264 = DIRECTION ( 'NONE',  ( 0.000000000000000000, 3.700743415417187942E-15, -1.000000000000000000 ) ) ;
#265 = EDGE_CURVE ( 'NONE', #2249, #1588, #487, .T. ) ;
#266 = VERTEX_POINT ( 'NONE', #1205 ) ;
#267 = FACE_OUTER_BOUND ( 'NONE', #549, .T. ) ;
#268 = CARTESIAN_POINT ( 'NONE',  ( -74.99999999999997158, 66.00000000000008527, 29.99999999999996447 ) ) ;
#269 = VERTEX_POINT ( 'NONE', #1912 ) ;
#270 = CIRCLE ( 'NONE', #716, 6.000000000000015987 ) ;
#271 = APPROVAL_DATE_TIME ( #1400, #2562 ) ;
#272 = VECTOR ( 'NONE', #927, 1000.000000000000000 ) ;
#273 = VECTOR ( 'NONE', #1610, 1000.000000000000000 ) ;
#274 = LINE ( 'NONE', #988, #1933 ) ;
#275 = AXIS2_PLACEMENT_3D ( 'NONE', #2091, #2820, #2578 ) ;
#276 = PLANE ( 'NONE',  #24 ) ;
#277 = AXIS2_PLACEMENT_3D ( 'NONE', #534, #994, #546 ) ;
#278 = EDGE_CURVE ( 'NONE', #1048, #1045, #1191, .T. ) ;
#279 = ORIENTED_EDGE ( 'NONE', *, *, #1136, .T. ) ;
#280 = FACE_OUTER_BOUND ( 'NONE', #2146, .T. ) ;
#281 = LINE ( 'NONE', #465, #1097 ) ;
#282 = VERTEX_POINT ( 'NONE', #2850 ) ;
#283 = CARTESIAN_POINT ( 'NONE',  ( -34.99999999999996447, 59.99999999999998579, -3.642919299551294898E-14 ) ) ;
#284 = PLANE ( 'NONE',  #2999 ) ;
#285 = EDGE_CURVE ( 'NONE', #1881, #321, #1221, .T. ) ;
#286 = CC_DESIGN_SECURITY_CLASSIFICATION ( #1547, ( #1223 ) ) ;
#287 = ORIENTED_EDGE ( 'NONE', *, *, #1455, .T. ) ;
#288 = EDGE_CURVE ( 'NONE', #1155, #1639, #469, .T. ) ;
#289 = CARTESIAN_POINT ( 'NONE',  ( 54.99999999999996447, -93.50000000000009948, 34.99999999999995737 ) ) ;
#290 = ORIENTED_EDGE ( 'NONE', *, *, #1202, .T. ) ;
#291 = CARTESIAN_POINT ( 'NONE',  ( -54.99999999999996447, -86.00000000000009948, 34.99999999999995737 ) ) ;
#292 = DIRECTION ( 'NONE',  ( -1.000000000000000000, -1.734723475976806848E-16, 0.000000000000000000 ) ) ;
#293 = ADVANCED_FACE ( 'NONE', ( #963 ), #1874, .F. ) ;
#294 = EDGE_CURVE ( 'NONE', #2724, #1321, #1914, .T. ) ;
#295 = EDGE_LOOP ( 'NONE', ( #1780, #1834, #2490, #19, #98, #909, #2780, #1033, #631, #2350, #1395, #587 ) ) ;
#296 = CARTESIAN_POINT ( 'NONE',  ( -74.99999999999997158, -65.99999999999998579, 2.999999999999941380 ) ) ;
#297 = DIRECTION ( 'NONE',  ( 0.000000000000000000, -2.092620765740545622E-16, -1.000000000000000000 ) ) ;
#298 = EDGE_LOOP ( 'NONE', ( #773, #1510, #1672, #1809, #1645 ) ) ;
#299 = EDGE_CURVE ( 'NONE', #61, #757, #2309, .T. ) ;
#300 = LINE ( 'NONE', #2382, #2420 ) ;
#301 = DIRECTION ( 'NONE',  ( 1.000000000000000000, 0.000000000000000000, -2.168404344971006896E-16 ) ) ;
#302 = ORIENTED_EDGE ( 'NONE', *, *, #1452, .T. ) ;
#303 = FACE_OUTER_BOUND ( 'NONE', #188, .T. ) ;
#304 = CARTESIAN_POINT ( 'NONE',  ( -74.99999999999997158, 68.00000000000009948, 29.99999999999995737 ) ) ;
#305 = VERTEX_POINT ( 'NONE', #2419 ) ;
#306 = LINE ( 'NONE', #1240, #578 ) ;
#307 = FACE_OUTER_BOUND ( 'NONE', #1311, .T. ) ;
#308 = ORIENTED_EDGE ( 'NONE', *, *, #2357, .F. ) ;
#309 = LINE ( 'NONE', #921, #524 ) ;
#311 = EDGE_CURVE ( 'NONE', #1591, #2313, #2667, .T. ) ;
#310 = ORIENTED_EDGE ( 'NONE', *, *, #2051, .F. ) ;
#312 = CC_DESIGN_PERSON_AND_ORGANIZATION_ASSIGNMENT ( #3013, #2778, ( #1223 ) ) ;
#313 = VECTOR ( 'NONE', #1135, 1000.000000000000000 ) ;
#314 = CARTESIAN_POINT ( 'NONE',  ( 74.99999999999998579, 86.00000000000009948, 34.99999999999995737 ) ) ;
#315 = CIRCLE ( 'NONE', #169, 12.50000000000000355 ) ;
#316 = EDGE_CURVE ( 'NONE', #11, #2865, #2703, .T. ) ;
#317 = AXIS2_PLACEMENT_3D ( 'NONE', #1985, #633, #844 ) ;
#318 = AXIS2_PLACEMENT_3D ( 'NONE', #1282, #828, #1068 ) ;
#319 = AXIS2_PLACEMENT_3D ( 'NONE', #2239, #2273, #2299 ) ;
#320 = CARTESIAN_POINT ( 'NONE',  ( 54.99999999999996447, -86.00000000000009948, 31.99999999999995381 ) ) ;
#321 = VERTEX_POINT ( 'NONE', #1044 ) ;
#322 = FACE_OUTER_BOUND ( 'NONE', #2487, .T. ) ;
#323 = CARTESIAN_POINT ( 'NONE',  ( -97.00000000000019895, 60.00000000000000000, -60.00000000000003553 ) ) ;
#324 = VECTOR ( 'NONE', #254, 1000.000000000000000 ) ;
#325 = ORIENTED_EDGE ( 'NONE', *, *, #1180, .T. ) ;
#326 = DIRECTION ( 'NONE',  ( -0.000000000000000000, -2.092620765740545869E-16, 1.000000000000000000 ) ) ;
#327 = FACE_OUTER_BOUND ( 'NONE', #1688, .T. ) ;
#328 = ORIENTED_EDGE ( 'NONE', *, *, #1514, .T. ) ;
#329 = LINE ( 'NONE', #493, #1249 ) ;
#330 = DIRECTION ( 'NONE',  ( 0.000000000000000000, -1.000000000000000000, 0.000000000000000000 ) ) ;
#331 = CC_DESIGN_APPROVAL ( #640, ( #1547 ) ) ;
#332 = EDGE_CURVE ( 'NONE', #757, #2865, #1974, .T. ) ;
#333 = DIRECTION ( 'NONE',  ( 1.000000000000000000, 1.734723475976800438E-16, 6.056754644426093745E-31 ) ) ;
#334 = ADVANCED_FACE ( 'NONE', ( #1031 ), #547, .T. ) ;
#335 = FACE_OUTER_BOUND ( 'NONE', #2803, .T. ) ;
#336 = VERTEX_POINT ( 'NONE', #1310 ) ;
#337 = PLANE ( 'NONE',  #1812 ) ;
#338 = CARTESIAN_POINT ( 'NONE',  ( -1.040834085586080470E-14, 63.00000000000009948, 29.99999999999997513 ) ) ;
#339 = AXIS2_PLACEMENT_3D ( 'NONE', #2583, #744, #710 ) ;
#340 = ORIENTED_EDGE ( 'NONE', *, *, #1500, .T. ) ;
#341 = CARTESIAN_POINT ( 'NONE',  ( 94.00000000000000000, 60.00000000000001421, -2.999999999999999112 ) ) ;
#342 = CYLINDRICAL_SURFACE ( 'NONE', #2691, 59.99999999999999289 ) ;
#343 = EDGE_CURVE ( 'NONE', #984, #1183, #139, .T. ) ;
#344 = ORIENTED_EDGE ( 'NONE', *, *, #1546, .F. ) ;
#345 = CARTESIAN_POINT ( 'NONE',  ( 94.00000000000000000, -59.99999999999998579, 8.673617379884035472E-16 ) ) ;
#346 = ORIENTED_EDGE ( 'NONE', *, *, #343, .T. ) ;
#347 = DIRECTION ( 'NONE',  ( 0.000000000000000000, 1.000000000000000000, 0.000000000000000000 ) ) ;
#348 = ADVANCED_FACE ( 'NONE', ( #2894, #307 ), #1706, .F. ) ;
#349 = DIRECTION ( 'NONE',  ( 1.000000000000000000, 0.000000000000000000, -2.168404344971006896E-16 ) ) ;
#350 = VERTEX_POINT ( 'NONE', #835 ) ;
#351 = CARTESIAN_POINT ( 'NONE',  ( 100.0000000000001990, 59.99999999999999289, -60.00000000000002132 ) ) ;
#352 = CARTESIAN_POINT ( 'NONE',  ( 1.083755078806124990E-14, -63.00000000000009948, 29.99999999999997513 ) ) ;
#353 = ORIENTED_EDGE ( 'NONE', *, *, #2040, .T. ) ;
#354 = CARTESIAN_POINT ( 'NONE',  ( -34.99999999999997868, -66.00000000000008527, 29.99999999999996447 ) ) ;
#355 = PLANE ( 'NONE',  #1916 ) ;
#356 = EDGE_LOOP ( 'NONE', ( #2505, #1239, #2925, #562 ) ) ;
#357 = DIRECTION ( 'NONE',  ( -1.000000000000000000, -0.000000000000000000, 2.168404344971006896E-16 ) ) ;
#358 = ORIENTED_EDGE ( 'NONE', *, *, #2763, .T. ) ;
#359 = CARTESIAN_POINT ( 'NONE',  ( 34.99999999999997158, -62.99999999999998579, -2.301399811462563405E-13 ) ) ;
#360 = VECTOR ( 'NONE', #944, 1000.000000000000000 ) ;
#361 = DIRECTION ( 'NONE',  ( -1.430699774001490481E-16, -1.000000000000000000, 3.491481338843133750E-15 ) ) ;
#362 = VERTEX_POINT ( 'NONE', #2203 ) ;
#363 = AXIS2_PLACEMENT_3D ( 'NONE', #667, #1134, #699 ) ;
#364 = CYLINDRICAL_SURFACE ( 'NONE', #1578, 3.000000000000016431 ) ;
#365 = AXIS2_PLACEMENT_3D ( 'NONE', #1118, #649, #1536 ) ;
#366 = DIRECTION ( 'NONE',  ( 0.000000000000000000, 0.000000000000000000, -1.000000000000000000 ) ) ;
#367 = ORIENTED_EDGE ( 'NONE', *, *, #2431, .T. ) ;
#368 = DIRECTION ( 'NONE',  ( 0.000000000000000000, 0.000000000000000000, 1.000000000000000000 ) ) ;
#369 = DIRECTION ( 'NONE',  ( 1.000000000000000000, 1.387778780781445676E-16, -0.000000000000000000 ) ) ;
#370 = CIRCLE ( 'NONE', #477, 7.499999999999992895 ) ;
#371 = VECTOR ( 'NONE', #330, 1000.000000000000000 ) ;
#372 = CIRCLE ( 'NONE', #1537, 2.000000000000001776 ) ;
#373 = ORIENTED_EDGE ( 'NONE', *, *, #2175, .T. ) ;
#374 = CARTESIAN_POINT ( 'NONE',  ( 100.0000000000000000, 60.00000000000002132, -3.000000000000000000 ) ) ;
#375 = EDGE_CURVE ( 'NONE', #11, #1375, #1463, .T. ) ;
#376 = LINE ( 'NONE', #1947, #2364 ) ;
#377 = CARTESIAN_POINT ( 'NONE',  ( -97.00000000000001421, 60.00000000000001421, -5.999999999999991118 ) ) ;
#378 = ADVANCED_FACE ( 'NONE', ( #2651 ), #2910, .F. ) ;
#379 = LOCAL_TIME ( 13, 54, 53.00000000000000000, #1193 ) ;
#380 = CARTESIAN_POINT ( 'NONE',  ( 100.0000000000002274, -5.408085404973060325E-15, -72.50000000000001421 ) ) ;
#381 = ORIENTED_EDGE ( 'NONE', *, *, #1773, .T. ) ;
#382 = DIRECTION ( 'NONE',  ( -0.000000000000000000, 2.092620765740545869E-16, 1.000000000000000000 ) ) ;
#383 = CARTESIAN_POINT ( 'NONE',  ( -54.99999999999996447, 86.00000000000009948, 31.99999999999995381 ) ) ;
#384 = AXIS2_PLACEMENT_3D ( 'NONE', #192, #206, #658 ) ;
#385 = ORIENTED_EDGE ( 'NONE', *, *, #1664, .F. ) ;
#386 = FACE_OUTER_BOUND ( 'NONE', #1379, .T. ) ;
#387 = PLANE ( 'NONE',  #1813 ) ;
#388 = AXIS2_PLACEMENT_3D ( 'NONE', #923, #1801, #2232 ) ;
#389 = ADVANCED_FACE ( 'NONE', ( #2636 ), #355, .T. ) ;
#390 = EDGE_LOOP ( 'NONE', ( #635, #1026, #462, #2237 ) ) ;
#391 = DIRECTION ( 'NONE',  ( 3.491481338843133355E-15, 0.000000000000000000, 1.000000000000000000 ) ) ;
#392 = DIRECTION ( 'NONE',  ( 0.000000000000000000, 2.092620765740545622E-16, -1.000000000000000000 ) ) ;
#393 = EDGE_LOOP ( 'NONE', ( #2293, #397, #1666, #2122 ) ) ;
#394 = LINE ( 'NONE', #2057, #441 ) ;
#395 = EDGE_CURVE ( 'NONE', #728, #1990, #1747, .T. ) ;
#396 = CARTESIAN_POINT ( 'NONE',  ( 100.0000000000002274, -5.234613057375389082E-15, -72.50000000000001421 ) ) ;
#397 = ORIENTED_EDGE ( 'NONE', *, *, #597, .T. ) ;
#398 = CARTESIAN_POINT ( 'NONE',  ( -34.99999999999996447, 59.99999999999998579, -3.642919299551294898E-14 ) ) ;
#399 = LINE ( 'NONE', #2279, #2548 ) ;
#400 = ORIENTED_EDGE ( 'NONE', *, *, #2624, .F. ) ;
#401 = CARTESIAN_POINT ( 'NONE',  ( -74.99999999999997158, -59.99999999999998579, 2.999999999999964029 ) ) ;
#402 = DIRECTION ( 'NONE',  ( 0.000000000000000000, -2.092620765740545869E-16, -1.000000000000000000 ) ) ;
#403 = ORIENTED_EDGE ( 'NONE', *, *, #986, .F. ) ;
#404 = FACE_OUTER_BOUND ( 'NONE', #793, .T. ) ;
#405 = DIRECTION ( 'NONE',  ( 0.000000000000000000, -1.000000000000000000, 0.000000000000000000 ) ) ;
#406 = ORIENTED_EDGE ( 'NONE', *, *, #1981, .T. ) ;
#407 = LINE ( 'NONE', #1341, #491 ) ;
#408 = CC_DESIGN_DATE_AND_TIME_ASSIGNMENT ( #1428, #725, ( #1547 ) ) ;
#409 = DIRECTION ( 'NONE',  ( 0.000000000000000000, 2.092620765740545622E-16, -1.000000000000000000 ) ) ;
#410 = EDGE_LOOP ( 'NONE', ( #1506, #833, #425, #2750 ) ) ;
#411 = DIRECTION ( 'NONE',  ( -1.000000000000000000, 0.000000000000000000, 3.469446951953627205E-15 ) ) ;
#412 = EDGE_CURVE ( 'NONE', #282, #749, #1956, .T. ) ;
#413 = LINE ( 'NONE', #876, #1627 ) ;
#414 = ADVANCED_FACE ( 'NONE', ( #2406 ), #342, .T. ) ;
#415 = AXIS2_PLACEMENT_3D ( 'NONE', #2632, #1227, #601 ) ;
#416 = ORIENTED_EDGE ( 'NONE', *, *, #877, .F. ) ;
#417 = CARTESIAN_POINT ( 'NONE',  ( -74.99999999999997158, 68.00000000000009948, 29.99999999999995737 ) ) ;
#418 = PLANE ( 'NONE',  #2400 ) ;
#419 = AXIS2_PLACEMENT_3D ( 'NONE', #2604, #1657, #1868 ) ;
#420 = CIRCLE ( 'NONE', #1391, 2.000000000000001776 ) ;
#421 = ORIENTED_EDGE ( 'NONE', *, *, #2390, .T. ) ;
#422 = VECTOR ( 'NONE', #1877, 1000.000000000000000 ) ;
#423 = AXIS2_PLACEMENT_3D ( 'NONE', #2976, #173, #1356 ) ;
#424 = FACE_OUTER_BOUND ( 'NONE', #764, .T. ) ;
#425 = ORIENTED_EDGE ( 'NONE', *, *, #2102, .T. ) ;
#426 = EDGE_CURVE ( 'NONE', #650, #845, #1521, .T. ) ;
#427 = LINE ( 'NONE', #377, #2377 ) ;
#428 = APPLICATION_CONTEXT ( 'configuration controlled 3d designs of mechanical parts and assemblies' ) ;
#429 = LINE ( 'NONE', #2486, #1821 ) ;
#430 = ORIENTED_EDGE ( 'NONE', *, *, #2134, .F. ) ;
#431 = CARTESIAN_POINT ( 'NONE',  ( 97.00000000000022737, -5.234613057375383560E-15, -72.50000000000002842 ) ) ;
#432 = CARTESIAN_POINT ( 'NONE',  ( -96.99999999999997158, -59.99999999999998579, -3.000000000000000000 ) ) ;
#433 = ORIENTED_EDGE ( 'NONE', *, *, #1420, .T. ) ;
#434 = DIRECTION ( 'NONE',  ( -1.000000000000000000, -0.000000000000000000, 2.168404344971006896E-16 ) ) ;
#435 = EDGE_CURVE ( 'NONE', #2462, #1261, #560, .T. ) ;
#436 = DIRECTION ( 'NONE',  ( 0.000000000000000000, 0.000000000000000000, -1.000000000000000000 ) ) ;
#437 = ADVANCED_FACE ( 'NONE', ( #327 ), #1260, .T. ) ;
#438 = VERTEX_POINT ( 'NONE', #2478 ) ;
#439 = DIRECTION ( 'NONE',  ( -1.000000000000000000, -0.000000000000000000, -0.000000000000000000 ) ) ;
#440 = PLANE ( 'NONE',  #423 ) ;
#441 = VECTOR ( 'NONE', #2500, 1000.000000000000000 ) ;
#442 = EDGE_LOOP ( 'NONE', ( #998, #591, #996, #143 ) ) ;
#443 = PLANE ( 'NONE',  #1119 ) ;
#444 = LINE ( 'NONE', #680, #2163 ) ;
#445 = ORIENTED_EDGE ( 'NONE', *, *, #2623, .F. ) ;
#446 = DIRECTION ( 'NONE',  ( -0.000000000000000000, 1.000000000000000000, -0.000000000000000000 ) ) ;
#447 = LINE ( 'NONE', #481, #1581 ) ;
#448 = EDGE_CURVE ( 'NONE', #1063, #2476, #1089, .T. ) ;
#449 = ORIENTED_EDGE ( 'NONE', *, *, #2660, .F. ) ;
#450 = LINE ( 'NONE', #2955, #272 ) ;
#451 = DIRECTION ( 'NONE',  ( 0.000000000000000000, 0.000000000000000000, 1.000000000000000000 ) ) ;
#452 = EDGE_CURVE ( 'NONE', #1569, #1841, #2001, .T. ) ;
#453 = VERTEX_POINT ( 'NONE', #2283 ) ;
#454 = FACE_OUTER_BOUND ( 'NONE', #1178, .T. ) ;
#455 = DIRECTION ( 'NONE',  ( -1.452047347458674557E-31, 0.000000000000000000, 1.000000000000000000 ) ) ;
#456 = ORIENTED_EDGE ( 'NONE', *, *, #937, .T. ) ;
#457 = PERSON_AND_ORGANIZATION_ROLE ( 'creator' ) ;
#458 = CARTESIAN_POINT ( 'NONE',  ( 74.99999999999998579, -86.00000000000009948, 31.99999999999995381 ) ) ;
#459 = ORIENTED_EDGE ( 'NONE', *, *, #464, .T. ) ;
#460 = CARTESIAN_POINT ( 'NONE',  ( 34.99999999999995737, -86.00000000000007105, 31.99999999999995381 ) ) ;
#461 = PLANE ( 'NONE',  #2447 ) ;
#462 = ORIENTED_EDGE ( 'NONE', *, *, #435, .T. ) ;
#463 = CARTESIAN_POINT ( 'NONE',  ( -74.99999999999997158, 59.99999999999998579, 2.999999999999971578 ) ) ;
#464 = EDGE_CURVE ( 'NONE', #2529, #2281, #1242, .T. ) ;
#465 = CARTESIAN_POINT ( 'NONE',  ( -74.99999999999997158, -62.99999999999998579, 2.999999999999954259 ) ) ;
#466 = ADVANCED_FACE ( 'NONE', ( #1825 ), #637, .T. ) ;
#467 = VECTOR ( 'NONE', #2145, 1000.000000000000000 ) ;
#468 = EDGE_LOOP ( 'NONE', ( #969, #310, #1409, #381 ) ) ;
#469 = LINE ( 'NONE', #239, #1530 ) ;
#470 = AXIS2_PLACEMENT_3D ( 'NONE', #291, #1226, #542 ) ;
#471 = VECTOR ( 'NONE', #2340, 1000.000000000000000 ) ;
#472 = AXIS2_PLACEMENT_3D ( 'NONE', #1329, #1994, #1129 ) ;
#473 = ADVANCED_FACE ( 'NONE', ( #2738 ), #2492, .F. ) ;
#474 = VECTOR ( 'NONE', #2760, 1000.000000000000000 ) ;
#475 = ORIENTED_EDGE ( 'NONE', *, *, #2136, .F. ) ;
#476 = SECURITY_CLASSIFICATION_LEVEL ( 'unclassified' ) ;
#477 = AXIS2_PLACEMENT_3D ( 'NONE', #750, #1660, #2593 ) ;
#478 = DIRECTION ( 'NONE',  ( 0.000000000000000000, 0.000000000000000000, -1.000000000000000000 ) ) ;
#479 = ORIENTED_EDGE ( 'NONE', *, *, #435, .F. ) ;
#480 = DIRECTION ( 'NONE',  ( 0.000000000000000000, 2.092620765740545622E-16, -1.000000000000000000 ) ) ;
#481 = CARTESIAN_POINT ( 'NONE',  ( 34.99999999999997868, -66.00000000000008527, 29.99999999999996447 ) ) ;
#482 = ORIENTED_EDGE ( 'NONE', *, *, #2033, .T. ) ;
#483 = CARTESIAN_POINT ( 'NONE',  ( -74.99999999999998579, 59.99999999999999289, -3.000000000000000000 ) ) ;
#484 = FACE_OUTER_BOUND ( 'NONE', #1793, .T. ) ;
#485 = ORIENTED_EDGE ( 'NONE', *, *, #146, .T. ) ;
#486 = FACE_OUTER_BOUND ( 'NONE', #2009, .T. ) ;
#488 = ADVANCED_FACE ( 'NONE', ( #2050 ), #418, .T. ) ;
#487 = LINE ( 'NONE', #268, #2064 ) ;
#489 = EDGE_CURVE ( 'NONE', #1090, #1303, #2887, .T. ) ;
#490 = ORIENTED_EDGE ( 'NONE', *, *, #1295, .T. ) ;
#491 = VECTOR ( 'NONE', #1768, 1000.000000000000000 ) ;
#492 = VECTOR ( 'NONE', #1788, 1000.000000000000000 ) ;
#493 = CARTESIAN_POINT ( 'NONE',  ( 99.99999999999997158, -59.99999999999998579, -2.999999999999989786 ) ) ;
#494 = ORIENTED_EDGE ( 'NONE', *, *, #1979, .F. ) ;
#495 = PLANE ( 'NONE',  #1072 ) ;
#496 = DIRECTION ( 'NONE',  ( -1.000000000000000000, -1.734723475976806848E-16, -1.734723475976801424E-16 ) ) ;
#497 = EDGE_CURVE ( 'NONE', #2620, #3020, #2253, .T. ) ;
#498 = ORIENTED_EDGE ( 'NONE', *, *, #2214, .T. ) ;
#499 = CARTESIAN_POINT ( 'NONE',  ( -54.99999999999996447, 86.00000000000009948, 34.99999999999995737 ) ) ;
#500 = FACE_OUTER_BOUND ( 'NONE', #2899, .T. ) ;
#501 = ORIENTED_EDGE ( 'NONE', *, *, #995, .F. ) ;
#502 = DIRECTION ( 'NONE',  ( -2.168404344971006896E-16, 0.000000000000000000, -1.000000000000000000 ) ) ;
#503 = CARTESIAN_POINT ( 'NONE',  ( 74.99999999999997158, 68.00000000000009948, 29.99999999999995737 ) ) ;
#504 = ORIENTED_EDGE ( 'NONE', *, *, #1109, .F. ) ;
#505 = CALENDAR_DATE ( 2026, 11, 7 ) ;
#506 = ADVANCED_FACE ( 'NONE', ( #668 ), #1602, .T. ) ;
#507 = EDGE_CURVE ( 'NONE', #2912, #1959, #62, .T. ) ;
#508 = FACE_OUTER_BOUND ( 'NONE', #712, .T. ) ;
#509 = DIRECTION ( 'NONE',  ( 0.000000000000000000, 1.000000000000000000, 3.469446951953611231E-16 ) ) ;
#510 = EDGE_CURVE ( 'NONE', #2476, #1881, #960, .T. ) ;
#511 = ORIENTED_EDGE ( 'NONE', *, *, #752, .T. ) ;
#512 = DIRECTION ( 'NONE',  ( 0.000000000000000000, -2.092620765740545622E-16, -1.000000000000000000 ) ) ;
#513 = CARTESIAN_POINT ( 'NONE',  ( 74.99999999999998579, -86.00000000000008527, 31.99999999999995381 ) ) ;
#514 = EDGE_CURVE ( 'NONE', #2373, #2003, #1152, .T. ) ;
#515 = ORIENTED_EDGE ( 'NONE', *, *, #1556, .T. ) ;
#516 = LINE ( 'NONE', #2577, #1443 ) ;
#517 = CARTESIAN_POINT ( 'NONE',  ( -34.99999999999997868, -68.00000000000009948, 29.99999999999995737 ) ) ;
#518 = VERTEX_POINT ( 'NONE', #1335 ) ;
#519 = CIRCLE ( 'NONE', #2402, 59.99999999999999289 ) ;
#520 = VECTOR ( 'NONE', #1614, 1000.000000000000000 ) ;
#521 = VECTOR ( 'NONE', #1020, 1000.000000000000000 ) ;
#522 = CIRCLE ( 'NONE', #1246, 7.499999999999992895 ) ;
#523 = ADVANCED_FACE ( 'NONE', ( #1761, #2938 ), #911, .F. ) ;
#524 = VECTOR ( 'NONE', #2567, 1000.000000000000000 ) ;
#525 = DIRECTION ( 'NONE',  ( 0.000000000000000000, -3.652049423109061910E-16, -1.000000000000000000 ) ) ;
#526 = AXIS2_PLACEMENT_3D ( 'NONE', #1159, #2074, #1782 ) ;
#527 = EDGE_CURVE ( 'NONE', #1881, #2249, #881, .T. ) ;
#528 = VECTOR ( 'NONE', #2285, 1000.000000000000000 ) ;
#529 = VERTEX_POINT ( 'NONE', #2726 ) ;
#530 = LINE ( 'NONE', #2588, #219 ) ;
#531 = LINE ( 'NONE', #928, #360 ) ;
#532 = ADVANCED_FACE ( 'NONE', ( #1568 ), #387, .F. ) ;
#533 = ORIENTED_EDGE ( 'NONE', *, *, #1887, .T. ) ;
#534 = CARTESIAN_POINT ( 'NONE',  ( -34.99999999999997868, 68.00000000000009948, 29.99999999999995737 ) ) ;
#535 = DIRECTION ( 'NONE',  ( -2.178071021188011836E-31, -0.000000000000000000, 1.000000000000000000 ) ) ;
#536 = ORIENTED_EDGE ( 'NONE', *, *, #2528, .T. ) ;
#537 = CIRCLE ( 'NONE', #590, 20.00000000000001776 ) ;
#538 = CARTESIAN_POINT ( 'NONE',  ( -34.99999999999997158, -62.99999999999998579, 2.999999999999961364 ) ) ;
#539 = CIRCLE ( 'NONE', #2179, 5.999999999999988454 ) ;
#541 = EDGE_CURVE ( 'NONE', #2818, #984, #733, .T. ) ;
#540 = EDGE_LOOP ( 'NONE', ( #1069, #1324, #501, #1972 ) ) ;
#542 = DIRECTION ( 'NONE',  ( 0.000000000000000000, 1.000000000000000000, 3.469446951953611231E-16 ) ) ;
#543 = DIRECTION ( 'NONE',  ( -1.000000000000000000, 0.000000000000000000, -2.168404344971006896E-16 ) ) ;
#544 = ADVANCED_FACE ( 'NONE', ( #500 ), #2539, .F. ) ;
#545 = ORIENTED_EDGE ( 'NONE', *, *, #861, .T. ) ;
#546 = DIRECTION ( 'NONE',  ( 0.000000000000000000, 0.000000000000000000, 1.000000000000000000 ) ) ;
#547 = PLANE ( 'NONE',  #2312 ) ;
#548 = EDGE_CURVE ( 'NONE', #148, #3011, #2118, .T. ) ;
#549 = EDGE_LOOP ( 'NONE', ( #1277, #1038, #234, #545 ) ) ;
#550 = CARTESIAN_POINT ( 'NONE',  ( 54.99999999999996447, 86.00000000000009948, 34.99999999999995737 ) ) ;
#551 = ORIENTED_EDGE ( 'NONE', *, *, #1508, .F. ) ;
#552 = FACE_OUTER_BOUND ( 'NONE', #2948, .T. ) ;
#553 = CARTESIAN_POINT ( 'NONE',  ( 74.99999999999997158, 66.00000000000008527, 29.99999999999996447 ) ) ;
#554 = ORIENTED_EDGE ( 'NONE', *, *, #790, .T. ) ;
#555 = DIRECTION ( 'NONE',  ( 2.168404344971006896E-16, 0.000000000000000000, -1.000000000000000000 ) ) ;
#556 = CARTESIAN_POINT ( 'NONE',  ( -74.99999999999997158, -66.00000000000008527, 29.99999999999996447 ) ) ;
#557 = ADVANCED_FACE ( 'NONE', ( #2605 ), #992, .T. ) ;
#558 = ORIENTED_EDGE ( 'NONE', *, *, #659, .T. ) ;
#559 = FACE_OUTER_BOUND ( 'NONE', #2833, .T. ) ;
#560 = LINE ( 'NONE', #778, #1720 ) ;
#561 = ADVANCED_FACE ( 'NONE', ( #1423 ), #1897, .T. ) ;
#562 = ORIENTED_EDGE ( 'NONE', *, *, #22, .F. ) ;
#563 = CARTESIAN_POINT ( 'NONE',  ( 100.0000000000001421, -6.938893903907251255E-15, -47.50000000000000000 ) ) ;
#564 = DIRECTION ( 'NONE',  ( -2.168404344971006896E-16, 0.000000000000000000, -1.000000000000000000 ) ) ;
#565 = EDGE_CURVE ( 'NONE', #804, #1748, #610, .T. ) ;
#566 = CIRCLE ( 'NONE', #415, 5.000000000000004441 ) ;
#567 = EDGE_CURVE ( 'NONE', #2190, #2277, #270, .T. ) ;
#568 = PLANE ( 'NONE',  #242 ) ;
#569 = CIRCLE ( 'NONE', #2113, 7.499999999999992895 ) ;
#570 = VECTOR ( 'NONE', #1565, 1000.000000000000000 ) ;
#571 = ADVANCED_FACE ( 'NONE', ( #2315 ), #2362, .T. ) ;
#572 = AXIS2_PLACEMENT_3D ( 'NONE', #1278, #1976, #2194 ) ;
#573 = VECTOR ( 'NONE', #1035, 1000.000000000000000 ) ;
#574 = CARTESIAN_POINT ( 'NONE',  ( 34.99999999999995737, -86.00000000000009948, 34.99999999999995737 ) ) ;
#575 = ORIENTED_EDGE ( 'NONE', *, *, #2002, .F. ) ;
#576 = LINE ( 'NONE', #1255, #118 ) ;
#577 = CARTESIAN_POINT ( 'NONE',  ( 74.99999999999997158, -65.99999999999998579, 2.999999999999949818 ) ) ;
#578 = VECTOR ( 'NONE', #2160, 1000.000000000000000 ) ;
#579 = ORIENTED_EDGE ( 'NONE', *, *, #2673, .F. ) ;
#580 = LINE ( 'NONE', #341, #1918 ) ;
#581 = DIRECTION ( 'NONE',  ( -6.938893903907227392E-16, -1.000000000000000000, -2.092620765740545622E-16 ) ) ;
#582 = ORIENTED_EDGE ( 'NONE', *, *, #1692, .F. ) ;
#583 = CARTESIAN_POINT ( 'NONE',  ( 34.99999999999996447, -59.99999999999998579, 2.999999999999980016 ) ) ;
#584 = ORIENTED_EDGE ( 'NONE', *, *, #2579, .T. ) ;
#585 = DIRECTION ( 'NONE',  ( -1.000000000000000000, 0.000000000000000000, 2.168404344971006896E-16 ) ) ;
#586 = LINE ( 'NONE', #796, #1909 ) ;
#587 = ORIENTED_EDGE ( 'NONE', *, *, #426, .F. ) ;
#588 = DIRECTION ( 'NONE',  ( -3.469446951953614583E-15, 0.000000000000000000, -1.000000000000000000 ) ) ;
#589 = LINE ( 'NONE', #338, #467 ) ;
#590 = AXIS2_PLACEMENT_3D ( 'NONE', #1456, #2169, #1468 ) ;
#591 = ORIENTED_EDGE ( 'NONE', *, *, #2208, .F. ) ;
#592 = DIRECTION ( 'NONE',  ( 1.430699774001489988E-16, -1.000000000000000000, -3.713525943768164663E-15 ) ) ;
#593 = DIRECTION ( 'NONE',  ( -1.000000000000000000, -0.000000000000000000, -0.000000000000000000 ) ) ;
#594 = ORIENTED_EDGE ( 'NONE', *, *, #860, .F. ) ;
#595 = EDGE_LOOP ( 'NONE', ( #2370, #662 ) ) ;
#596 = CARTESIAN_POINT ( 'NONE',  ( 34.99999999999997868, 60.00000000000000711, -3.000000000000000000 ) ) ;
#597 = EDGE_CURVE ( 'NONE', #1090, #2190, #531, .T. ) ;
#598 = DIRECTION ( 'NONE',  ( 0.000000000000000000, 2.092620765740545622E-16, -1.000000000000000000 ) ) ;
#599 = VERTEX_POINT ( 'NONE', #1658 ) ;
#600 = CARTESIAN_POINT ( 'NONE',  ( -34.99999999999997868, 68.00000000000009948, 31.99999999999995737 ) ) ;
#601 = DIRECTION ( 'NONE',  ( 0.000000000000000000, 0.000000000000000000, 1.000000000000000000 ) ) ;
#602 = EDGE_CURVE ( 'NONE', #2176, #241, #1342, .T. ) ;
#603 = ORIENTED_EDGE ( 'NONE', *, *, #294, .T. ) ;
#604 = DIRECTION ( 'NONE',  ( -1.000000000000000000, -1.040834085586084059E-15, -2.178071021188011836E-31 ) ) ;
#605 = DIRECTION ( 'NONE',  ( -3.469446951953614583E-15, 0.000000000000000000, -1.000000000000000000 ) ) ;
#606 = ORIENTED_EDGE ( 'NONE', *, *, #146, .F. ) ;
#607 = FACE_OUTER_BOUND ( 'NONE', #540, .T. ) ;
#608 = LINE ( 'NONE', #1247, #1679 ) ;
#609 = CARTESIAN_POINT ( 'NONE',  ( -94.00000000000000000, -59.99999999999998579, -6.000000000000001776 ) ) ;
#610 = CIRCLE ( 'NONE', #2600, 6.000000000000002665 ) ;
#611 = CARTESIAN_POINT ( 'NONE',  ( 54.99999999999996447, -86.00000000000009948, 34.99999999999995737 ) ) ;
#612 = EDGE_CURVE ( 'NONE', #4, #2857, #281, .T. ) ;
#613 = ORIENTED_EDGE ( 'NONE', *, *, #1455, .F. ) ;
#614 = VECTOR ( 'NONE', #263, 1000.000000000000000 ) ;
#615 = CARTESIAN_POINT ( 'NONE',  ( -34.99999999999995737, 86.00000000000008527, 31.99999999999995381 ) ) ;
#616 = AXIS2_PLACEMENT_3D ( 'NONE', #2613, #349, #2884 ) ;
#617 = DIRECTION ( 'NONE',  ( 0.000000000000000000, 2.092620765740545622E-16, -1.000000000000000000 ) ) ;
#618 = AXIS2_PLACEMENT_3D ( 'NONE', #626, #2926, #1991 ) ;
#619 = AXIS2_PLACEMENT_3D ( 'NONE', #503, #2125, #2161 ) ;
#620 = EDGE_LOOP ( 'NONE', ( #231, #1885, #779, #445 ) ) ;
#621 = CARTESIAN_POINT ( 'NONE',  ( -74.99999999999997158, -65.99999999999998579, 2.999999999999942712 ) ) ;
#622 = DIRECTION ( 'NONE',  ( 1.000000000000000000, -0.000000000000000000, 2.168404344971006896E-16 ) ) ;
#623 = CIRCLE ( 'NONE', #2407, 7.499999999999992895 ) ;
#624 = VECTOR ( 'NONE', #77, 1000.000000000000000 ) ;
#625 = ORIENTED_EDGE ( 'NONE', *, *, #1858, .T. ) ;
#626 = CARTESIAN_POINT ( 'NONE',  ( -34.99999999999997868, -66.00000000000008527, 29.99999999999996447 ) ) ;
#627 = LINE ( 'NONE', #823, #1301 ) ;
#628 = EDGE_CURVE ( 'NONE', #728, #1421, #1188, .T. ) ;
#629 = ORIENTED_EDGE ( 'NONE', *, *, #1495, .F. ) ;
#630 = CARTESIAN_POINT ( 'NONE',  ( -74.99999999999997158, -65.99999999999997158, -4.183900855524055297E-14 ) ) ;
#631 = ORIENTED_EDGE ( 'NONE', *, *, #794, .T. ) ;
#632 = CARTESIAN_POINT ( 'NONE',  ( -54.99999999999996447, 106.0000000000001279, 34.99999999999995026 ) ) ;
#633 = DIRECTION ( 'NONE',  ( 0.000000000000000000, -2.092620765740545869E-16, -1.000000000000000000 ) ) ;
#634 = VECTOR ( 'NONE', #872, 1000.000000000000000 ) ;
#635 = ORIENTED_EDGE ( 'NONE', *, *, #945, .T. ) ;
#636 = CARTESIAN_POINT ( 'NONE',  ( 34.99999999999996447, -63.00000000000000000, 2.999999999999968914 ) ) ;
#637 = CYLINDRICAL_SURFACE ( 'NONE', #2155, 59.99999999999999289 ) ;
#638 = EDGE_CURVE ( 'NONE', #1099, #1021, #1448, .T. ) ;
#639 = VECTOR ( 'NONE', #2488, 1000.000000000000000 ) ;
#640 = APPROVAL ( #1640, 'UNSPECIFIED' ) ;
#641 = ORIENTED_EDGE ( 'NONE', *, *, #2947, .F. ) ;
#642 = DIRECTION ( 'NONE',  ( 1.000000000000000000, 1.387778780781445429E-16, 0.000000000000000000 ) ) ;
#643 = CARTESIAN_POINT ( 'NONE',  ( 100.0000000000001847, -6.938893903907251255E-15, -60.00000000000000711 ) ) ;
#644 = VERTEX_POINT ( 'NONE', #1647 ) ;
#645 = DIRECTION ( 'NONE',  ( 0.000000000000000000, 1.000000000000000000, -3.469446951953611231E-16 ) ) ;
#646 = DIRECTION ( 'NONE',  ( 0.000000000000000000, -3.700743415417187942E-15, -1.000000000000000000 ) ) ;
#647 = ORIENTED_EDGE ( 'NONE', *, *, #2972, .T. ) ;
#648 = LINE ( 'NONE', #2706, #639 ) ;
#649 = DIRECTION ( 'NONE',  ( 0.000000000000000000, -2.092620765740545622E-16, -1.000000000000000000 ) ) ;
#650 = VERTEX_POINT ( 'NONE', #1394 ) ;
#651 = LINE ( 'NONE', #1839, #2599 ) ;
#652 = DIRECTION ( 'NONE',  ( 1.000000000000000000, 1.156482317317871478E-16, -3.491481338843133355E-15 ) ) ;
#653 = ORIENTED_EDGE ( 'NONE', *, *, #2953, .F. ) ;
#654 = DIRECTION ( 'NONE',  ( 0.000000000000000000, 0.000000000000000000, 1.000000000000000000 ) ) ;
#655 = FACE_OUTER_BOUND ( 'NONE', #620, .T. ) ;
#656 = ADVANCED_FACE ( 'NONE', ( #2133 ), #45, .F. ) ;
#657 = ORIENTED_EDGE ( 'NONE', *, *, #229, .T. ) ;
#658 = DIRECTION ( 'NONE',  ( 0.000000000000000000, 1.000000000000000000, 0.000000000000000000 ) ) ;
#659 = EDGE_CURVE ( 'NONE', #804, #2360, #1669, .T. ) ;
#660 = ADVANCED_FACE ( 'NONE', ( #484 ), #1840, .T. ) ;
#661 = CARTESIAN_POINT ( 'NONE',  ( -34.99999999999996447, -68.00000000000009948, 31.99999999999995737 ) ) ;
#662 = ORIENTED_EDGE ( 'NONE', *, *, #1546, .T. ) ;
#663 = CARTESIAN_POINT ( 'NONE',  ( -100.0000000000002274, -7.285838599102613462E-15, -72.50000000000001421 ) ) ;
#664 = DIRECTION ( 'NONE',  ( -1.000000000000000000, -0.000000000000000000, -0.000000000000000000 ) ) ;
#665 = VECTOR ( 'NONE', #1218, 1000.000000000000000 ) ;
#666 = ORIENTED_EDGE ( 'NONE', *, *, #1820, .F. ) ;
#667 = CARTESIAN_POINT ( 'NONE',  ( -74.99999999999997158, -59.99999999999998579, 2.999999999999964029 ) ) ;
#668 = FACE_OUTER_BOUND ( 'NONE', #16, .T. ) ;
#669 = AXIS2_PLACEMENT_3D ( 'NONE', #1271, #2678, #1503 ) ;
#670 = AXIS2_PLACEMENT_3D ( 'NONE', #320, #1684, #2427 ) ;
#671 = ORIENTED_EDGE ( 'NONE', *, *, #3014, .F. ) ;
#672 = VECTOR ( 'NONE', #2276, 1000.000000000000000 ) ;
#673 = DIRECTION ( 'NONE',  ( 1.000000000000000000, 0.000000000000000000, 0.000000000000000000 ) ) ;
#674 = CIRCLE ( 'NONE', #1441, 20.00000000000001776 ) ;
#675 = DIRECTION ( 'NONE',  ( 3.491481338843133355E-15, 0.000000000000000000, 1.000000000000000000 ) ) ;
#676 = AXIS2_PLACEMENT_3D ( 'NONE', #76, #1704, #2463 ) ;
#677 = EDGE_CURVE ( 'NONE', #1163, #1183, #1518, .T. ) ;
#678 = ORIENTED_EDGE ( 'NONE', *, *, #197, .F. ) ;
#679 =( LENGTH_UNIT ( ) NAMED_UNIT ( * ) SI_UNIT ( .MILLI., .METRE. ) );
#680 = CARTESIAN_POINT ( 'NONE',  ( 100.0000000000000000, 60.00000000000002132, 0.000000000000000000 ) ) ;
#681 = CC_DESIGN_PERSON_AND_ORGANIZATION_ASSIGNMENT ( #741, #1164, ( #66 ) ) ;
#682 = ORIENTED_EDGE ( 'NONE', *, *, #929, .F. ) ;
#683 = PLANE ( 'NONE',  #2717 ) ;
#684 = CARTESIAN_POINT ( 'NONE',  ( -54.99999999999996447, -86.00000000000009948, 34.99999999999995737 ) ) ;
#685 = EDGE_LOOP ( 'NONE', ( #2201, #2885, #1512, #78 ) ) ;
#686 = DIRECTION ( 'NONE',  ( 0.000000000000000000, 0.000000000000000000, -1.000000000000000000 ) ) ;
#687 = DIRECTION ( 'NONE',  ( 0.000000000000000000, -1.000000000000000000, -3.686287386450711920E-15 ) ) ;
#688 = ORIENTED_EDGE ( 'NONE', *, *, #2038, .F. ) ;
#689 = DIRECTION ( 'NONE',  ( 0.000000000000000000, 1.000000000000000000, -3.469446951953611231E-16 ) ) ;
#690 = LINE ( 'NONE', #1605, #811 ) ;
#691 = VECTOR ( 'NONE', #2883, 1000.000000000000000 ) ;
#692 = ORIENTED_EDGE ( 'NONE', *, *, #2953, .T. ) ;
#693 = APPROVAL_ROLE ( '' ) ;
#694 = CARTESIAN_POINT ( 'NONE',  ( -74.99999999999997158, -62.99999999999997158, -3.073677830898898126E-14 ) ) ;
#695 = ORIENTED_EDGE ( 'NONE', *, *, #1561, .F. ) ;
#696 = CARTESIAN_POINT ( 'NONE',  ( -94.00000000000000000, 60.00000000000001421, -6.000000000000001776 ) ) ;
#697 = CARTESIAN_POINT ( 'NONE',  ( -1.135796783085432516E-14, 66.00000000000000000, 2.999999999999962697 ) ) ;
#698 = EDGE_LOOP ( 'NONE', ( #2592, #1797, #961, #1932 ) ) ;
#699 = DIRECTION ( 'NONE',  ( -2.168404344971006896E-16, 0.000000000000000000, 1.000000000000000000 ) ) ;
#700 = CARTESIAN_POINT ( 'NONE',  ( -34.99999999999997158, 65.99999999999998579, 2.999999999999957367 ) ) ;
#701 = EDGE_CURVE ( 'NONE', #75, #1926, #1057, .T. ) ;
#702 = ADVANCED_FACE ( 'NONE', ( #2646 ), #2401, .F. ) ;
#703 = ORIENTED_EDGE ( 'NONE', *, *, #2396, .F. ) ;
#704 = LINE ( 'NONE', #1369, #1482 ) ;
#705 = DIRECTION ( 'NONE',  ( -1.000000000000000000, 1.156482317317871478E-16, -3.491481338843133355E-15 ) ) ;
#706 = ORIENTED_EDGE ( 'NONE', *, *, #1496, .T. ) ;
#707 = PERSON_AND_ORGANIZATION_ROLE ( 'design_supplier' ) ;
#708 = FACE_OUTER_BOUND ( 'NONE', #2576, .T. ) ;
#709 = ORIENTED_EDGE ( 'NONE', *, *, #1024, .F. ) ;
#710 = DIRECTION ( 'NONE',  ( 0.000000000000000000, -0.000000000000000000, 1.000000000000000000 ) ) ;
#711 = DIRECTION ( 'NONE',  ( 0.000000000000000000, 1.000000000000000000, 0.000000000000000000 ) ) ;
#713 = EDGE_CURVE ( 'NONE', #438, #453, #2874, .T. ) ;
#712 = EDGE_LOOP ( 'NONE', ( #2745, #1890, #1502, #1560 ) ) ;
#714 = DIRECTION ( 'NONE',  ( 0.000000000000000000, 1.000000000000000000, -3.469446951953611231E-16 ) ) ;
#715 = CARTESIAN_POINT ( 'NONE',  ( -74.99999999999997158, 59.99999999999998579, 2.999999999999971578 ) ) ;
#716 = AXIS2_PLACEMENT_3D ( 'NONE', #715, #2817, #1852 ) ;
#717 = VERTEX_POINT ( 'NONE', #2664 ) ;
#718 = FACE_OUTER_BOUND ( 'NONE', #2869, .T. ) ;
#719 = CARTESIAN_POINT ( 'NONE',  ( -100.0000000000002274, -7.285838599102613462E-15, -72.50000000000001421 ) ) ;
#720 = AXIS2_PLACEMENT_3D ( 'NONE', #499, #512, #34 ) ;
#721 = AXIS2_PLACEMENT_3D ( 'NONE', #2921, #2017, #2475 ) ;
#722 = VECTOR ( 'NONE', #156, 1000.000000000000000 ) ;
#723 = CIRCLE ( 'NONE', #1633, 12.50000000000000355 ) ;
#724 = ORIENTED_EDGE ( 'NONE', *, *, #602, .T. ) ;
#725 = DATE_TIME_ROLE ( 'classification_date' ) ;
#726 = EDGE_CURVE ( 'NONE', #2195, #336, #1014, .T. ) ;
#727 = DIRECTION ( 'NONE',  ( 0.000000000000000000, -2.092620765740545622E-16, -1.000000000000000000 ) ) ;
#728 = VERTEX_POINT ( 'NONE', #1687 ) ;
#729 = DIRECTION ( 'NONE',  ( 1.734723475976800438E-16, 1.000000000000000000, -3.700743415417187942E-15 ) ) ;
#730 = DIRECTION ( 'NONE',  ( 0.000000000000000000, 2.092620765740545622E-16, -1.000000000000000000 ) ) ;
#731 = ORIENTED_EDGE ( 'NONE', *, *, #88, .F. ) ;
#732 = LINE ( 'NONE', #2132, #2647 ) ;
#733 = LINE ( 'NONE', #1200, #520 ) ;
#734 = ORIENTED_EDGE ( 'NONE', *, *, #2673, .T. ) ;
#735 = DIRECTION ( 'NONE',  ( 0.000000000000000000, 1.000000000000000000, 0.000000000000000000 ) ) ;
#736 = CARTESIAN_POINT ( 'NONE',  ( -34.99999999999995737, 86.00000000000008527, 34.99999999999995737 ) ) ;
#737 = EDGE_CURVE ( 'NONE', #939, #1045, #566, .T. ) ;
#738 = ORIENTED_EDGE ( 'NONE', *, *, #452, .T. ) ;
#739 = AXIS2_PLACEMENT_3D ( 'NONE', #2545, #2823, #243 ) ;
#740 = EDGE_CURVE ( 'NONE', #2274, #2540, #1488, .T. ) ;
#741 = PERSON_AND_ORGANIZATION ( #2449, #2668 ) ;
#742 = VECTOR ( 'NONE', #2353, 1000.000000000000000 ) ;
#743 = LINE ( 'NONE', #694, #1440 ) ;
#744 = DIRECTION ( 'NONE',  ( 0.000000000000000000, 1.000000000000000000, 0.000000000000000000 ) ) ;
#745 = DIRECTION ( 'NONE',  ( -0.000000000000000000, -1.000000000000000000, -0.000000000000000000 ) ) ;
#746 = ORIENTED_EDGE ( 'NONE', *, *, #2802, .T. ) ;
#747 = CARTESIAN_POINT ( 'NONE',  ( 74.99999999999997158, -68.00000000000009948, 29.99999999999995737 ) ) ;
#748 = CARTESIAN_POINT ( 'NONE',  ( 34.99999999999996447, 59.99999999999998579, 2.999999999999972911 ) ) ;
#749 = VERTEX_POINT ( 'NONE', #799 ) ;
#750 = CARTESIAN_POINT ( 'NONE',  ( 54.99999999999996447, -86.00000000000009948, 31.99999999999995381 ) ) ;
#751 = CARTESIAN_POINT ( 'NONE',  ( 1.083755078806124832E-14, -62.99999999999998579, -2.220446049250312576E-13 ) ) ;
#752 = EDGE_CURVE ( 'NONE', #321, #1588, #589, .T. ) ;
#753 = ORIENTED_EDGE ( 'NONE', *, *, #1762, .T. ) ;
#754 = DESIGN_CONTEXT ( 'detailed design', #1466, 'design' ) ;
#755 = CARTESIAN_POINT ( 'NONE',  ( -97.00000000000018474, -6.938893903907251255E-15, -60.00000000000002132 ) ) ;
#756 = CARTESIAN_POINT ( 'NONE',  ( 100.0000000000000000, 60.00000000000000000, -5.999999999999981348 ) ) ;
#757 = VERTEX_POINT ( 'NONE', #556 ) ;
#758 = CARTESIAN_POINT ( 'NONE',  ( 54.99999999999996447, 86.00000000000009948, 31.99999999999995381 ) ) ;
#759 = DIRECTION ( 'NONE',  ( -1.000000000000000000, 0.000000000000000000, -2.168404344971006896E-16 ) ) ;
#760 = ORIENTED_EDGE ( 'NONE', *, *, #299, .T. ) ;
#761 = CARTESIAN_POINT ( 'NONE',  ( 54.99999999999996447, -78.50000000000011369, 34.99999999999995737 ) ) ;
#762 = PLANE ( 'NONE',  #1677 ) ;
#763 = AXIS2_PLACEMENT_3D ( 'NONE', #2416, #775, #2200 ) ;
#764 = EDGE_LOOP ( 'NONE', ( #46, #776, #2872, #1545 ) ) ;
#765 = VECTOR ( 'NONE', #1851, 1000.000000000000000 ) ;
#766 = AXIS2_PLACEMENT_3D ( 'NONE', #164, #745, #925 ) ;
#767 = VECTOR ( 'NONE', #1621, 1000.000000000000000 ) ;
#768 = AXIS2_PLACEMENT_3D ( 'NONE', #948, #1886, #2369 ) ;
#769 = AXIS2_PLACEMENT_3D ( 'NONE', #1111, #439, #1355 ) ;
#770 = CARTESIAN_POINT ( 'NONE',  ( 74.99999999999997158, 68.00000000000009948, 31.99999999999995737 ) ) ;
#771 = VECTOR ( 'NONE', #1989, 1000.000000000000000 ) ;
#772 = AXIS2_PLACEMENT_3D ( 'NONE', #1393, #2970, #2314 ) ;
#773 = ORIENTED_EDGE ( 'NONE', *, *, #151, .F. ) ;
#774 = DIRECTION ( 'NONE',  ( -3.491481338843133355E-15, 0.000000000000000000, 1.000000000000000000 ) ) ;
#775 = DIRECTION ( 'NONE',  ( 1.000000000000000000, 1.040834085586084059E-15, -2.178071021188011836E-31 ) ) ;
#776 = ORIENTED_EDGE ( 'NONE', *, *, #2280, .T. ) ;
#777 = DIRECTION ( 'NONE',  ( 3.491481338843133355E-15, -3.652049423109065855E-16, -1.000000000000000000 ) ) ;
#778 = CARTESIAN_POINT ( 'NONE',  ( 34.99999999999997158, 65.99999999999998579, -2.406144251627857532E-13 ) ) ;
#779 = ORIENTED_EDGE ( 'NONE', *, *, #979, .F. ) ;
#780 = ORIENTED_EDGE ( 'NONE', *, *, #53, .T. ) ;
#781 = CARTESIAN_POINT ( 'NONE',  ( 34.99999999999997868, 68.00000000000009948, 29.99999999999995737 ) ) ;
#782 = EDGE_CURVE ( 'NONE', #241, #2176, #908, .T. ) ;
#783 = CARTESIAN_POINT ( 'NONE',  ( -54.99999999999996447, 78.50000000000011369, 34.99999999999995737 ) ) ;
#784 = ORIENTED_EDGE ( 'NONE', *, *, #2185, .T. ) ;
#785 = CARTESIAN_POINT ( 'NONE',  ( 74.99999999999997158, -59.99999999999998579, 2.999999999999971578 ) ) ;
#786 = DIRECTION ( 'NONE',  ( 0.000000000000000000, -1.000000000000000000, -3.758567531283078619E-15 ) ) ;
#787 = ORIENTED_EDGE ( 'NONE', *, *, #1555, .T. ) ;
#788 = DIRECTION ( 'NONE',  ( -3.469446951953614583E-15, 0.000000000000000000, 1.000000000000000000 ) ) ;
#789 = CARTESIAN_POINT ( 'NONE',  ( 99.99999999999998579, -59.99999999999998579, -3.000000000000000000 ) ) ;
#790 = EDGE_CURVE ( 'NONE', #1990, #1639, #2356, .T. ) ;
#791 = ORIENTED_EDGE ( 'NONE', *, *, #2149, .F. ) ;
#792 = DIRECTION ( 'NONE',  ( -1.000000000000000000, -0.000000000000000000, -0.000000000000000000 ) ) ;
#793 = EDGE_LOOP ( 'NONE', ( #905, #2284, #2384, #942 ) ) ;
#794 = EDGE_CURVE ( 'NONE', #1368, #717, #56, .T. ) ;
#795 = CARTESIAN_POINT ( 'NONE',  ( -100.0000000000000000, 60.00000000000001421, -5.999999999999980460 ) ) ;
#796 = CARTESIAN_POINT ( 'NONE',  ( -74.99999999999997158, -63.00000000000008527, 29.99999999999997513 ) ) ;
#797 = VERTEX_POINT ( 'NONE', #2907 ) ;
#798 = CARTESIAN_POINT ( 'NONE',  ( 34.99999999999995737, -86.00000000000008527, 34.99999999999995737 ) ) ;
#799 = CARTESIAN_POINT ( 'NONE',  ( -74.99999999999997158, -59.99999999999998579, -3.859759734048395785E-14 ) ) ;
#800 = ADVANCED_FACE ( 'NONE', ( #1907 ), #2843, .F. ) ;
#801 = VERTEX_POINT ( 'NONE', #577 ) ;
#802 = LINE ( 'NONE', #621, #1915 ) ;
#803 = DIRECTION ( 'NONE',  ( -1.000000000000000000, -1.734723475976806848E-16, 0.000000000000000000 ) ) ;
#804 = VERTEX_POINT ( 'NONE', #2386 ) ;
#805 = CARTESIAN_POINT ( 'NONE',  ( 97.00000000000018474, -6.591949208711889836E-15, -60.00000000000002132 ) ) ;
#806 = DIRECTION ( 'NONE',  ( -6.938893903907227392E-16, 1.000000000000000000, -2.092620765740545622E-16 ) ) ;
#807 = AXIS2_PLACEMENT_3D ( 'NONE', #2924, #213, #1554 ) ;
#808 = DIRECTION ( 'NONE',  ( 0.000000000000000000, 0.000000000000000000, -1.000000000000000000 ) ) ;
#809 = AXIS2_PLACEMENT_3D ( 'NONE', #1457, #2397, #2215 ) ;
#810 = AXIS2_PLACEMENT_3D ( 'NONE', #177, #2241, #1115 ) ;
#811 = VECTOR ( 'NONE', #455, 1000.000000000000000 ) ;
#812 = DIRECTION ( 'NONE',  ( -1.430699774001490728E-16, -1.000000000000000000, 0.000000000000000000 ) ) ;
#813 = VERTEX_POINT ( 'NONE', #2859 ) ;
#814 = FACE_OUTER_BOUND ( 'NONE', #2688, .T. ) ;
#815 = PLANE ( 'NONE',  #2793 ) ;
#816 = VECTOR ( 'NONE', #1570, 1000.000000000000000 ) ;
#817 = ADVANCED_FACE ( 'NONE', ( #2174 ), #815, .T. ) ;
#818 = ORIENTED_EDGE ( 'NONE', *, *, #109, .F. ) ;
#819 = DIRECTION ( 'NONE',  ( -1.000000000000000000, -1.156482317317871478E-16, 3.491481338843133355E-15 ) ) ;
#820 = CARTESIAN_POINT ( 'NONE',  ( -34.99999999999996447, -59.99999999999998579, -2.992397996059992238E-14 ) ) ;
#821 = EDGE_LOOP ( 'NONE', ( #2851, #2092, #385, #1969 ) ) ;
#822 = DIRECTION ( 'NONE',  ( 1.000000000000000000, -0.000000000000000000, -2.168404344971006896E-16 ) ) ;
#824 = EDGE_CURVE ( 'NONE', #1748, #845, #1256, .T. ) ;
#823 = CARTESIAN_POINT ( 'NONE',  ( -74.99999999999998579, 86.00000000000008527, 31.99999999999995381 ) ) ;
#825 = EDGE_CURVE ( 'NONE', #2249, #1063, #420, .T. ) ;
#826 = CARTESIAN_POINT ( 'NONE',  ( 0.000000000000000000, 0.000000000000000000, -3.000000000000000000 ) ) ;
#827 = EDGE_CURVE ( 'NONE', #1099, #321, #1272, .T. ) ;
#828 = DIRECTION ( 'NONE',  ( 0.000000000000000000, -2.092620765740545622E-16, -1.000000000000000000 ) ) ;
#829 = VERTEX_POINT ( 'NONE', #86 ) ;
#830 = CARTESIAN_POINT ( 'NONE',  ( 34.99999999999997158, 66.00000000000000000, 2.999999999999949818 ) ) ;
#831 = DIRECTION ( 'NONE',  ( -1.000000000000000000, 0.000000000000000000, 2.168404344971006896E-16 ) ) ;
#832 = AXIS2_PLACEMENT_3D ( 'NONE', #1387, #2308, #953 ) ;
#833 = ORIENTED_EDGE ( 'NONE', *, *, #2855, .T. ) ;
#834 = FACE_BOUND ( 'NONE', #2559, .T. ) ;
#835 = CARTESIAN_POINT ( 'NONE',  ( 34.99999999999997158, 62.99999999999998579, 2.999999999999961364 ) ) ;
#836 = ORIENTED_EDGE ( 'NONE', *, *, #88, .T. ) ;
#837 = CARTESIAN_POINT ( 'NONE',  ( 74.99999999999997158, -68.00000000000009948, 34.99999999999996447 ) ) ;
#838 = VERTEX_POINT ( 'NONE', #1028 ) ;
#839 = EDGE_CURVE ( 'NONE', #2974, #1563, #413, .T. ) ;
#840 = DIRECTION ( 'NONE',  ( 2.168404344971006896E-16, 0.000000000000000000, -1.000000000000000000 ) ) ;
#841 = FACE_OUTER_BOUND ( 'NONE', #2143, .T. ) ;
#842 = EDGE_LOOP ( 'NONE', ( #671, #449, #2683, #2048, #2807 ) ) ;
#843 = CARTESIAN_POINT ( 'NONE',  ( -54.99999999999996447, 106.0000000000001279, 31.99999999999994671 ) ) ;
#844 = DIRECTION ( 'NONE',  ( 0.000000000000000000, 1.000000000000000000, 0.000000000000000000 ) ) ;
#845 = VERTEX_POINT ( 'NONE', #2753 ) ;
#846 = DIRECTION ( 'NONE',  ( 1.000000000000000000, -0.000000000000000000, -2.168404344971006896E-16 ) ) ;
#847 = EDGE_CURVE ( 'NONE', #137, #1405, #907, .T. ) ;
#848 = CARTESIAN_POINT ( 'NONE',  ( 100.0000000000001990, 59.99999999999998579, -60.00000000000001421 ) ) ;
#849 = VERTEX_POINT ( 'NONE', #2489 ) ;
#850 = CARTESIAN_POINT ( 'NONE',  ( 74.99999999999997158, -62.99999999999997158, -2.220446049250312071E-13 ) ) ;
#851 = ORIENTED_EDGE ( 'NONE', *, *, #2591, .T. ) ;
#852 =( NAMED_UNIT ( * ) PLANE_ANGLE_UNIT ( ) SI_UNIT ( $, .RADIAN. ) );
#853 = VECTOR ( 'NONE', #185, 1000.000000000000000 ) ;
#854 = LINE ( 'NONE', #380, #862 ) ;
#855 = ORIENTED_EDGE ( 'NONE', *, *, #2268, .F. ) ;
#856 = AXIS2_PLACEMENT_3D ( 'NONE', #1731, #1517, #1970 ) ;
#857 = DIRECTION ( 'NONE',  ( 0.000000000000000000, 0.000000000000000000, -1.000000000000000000 ) ) ;
#858 = AXIS2_PLACEMENT_3D ( 'NONE', #2461, #2507, #1997 ) ;
#859 = DIRECTION ( 'NONE',  ( 6.938893903907227392E-16, 1.000000000000000000, -2.092620765740545622E-16 ) ) ;
#860 = EDGE_CURVE ( 'NONE', #2963, #1279, #136, .T. ) ;
#861 = EDGE_CURVE ( 'NONE', #2313, #2432, #1296, .T. ) ;
#862 = VECTOR ( 'NONE', #2965, 1000.000000000000000 ) ;
#863 = VERTEX_POINT ( 'NONE', #1819 ) ;
#864 = LINE ( 'NONE', #2937, #2367 ) ;
#865 = CARTESIAN_POINT ( 'NONE',  ( -100.0000000000001847, -7.285838599102613462E-15, -60.00000000000000711 ) ) ;
#866 = AXIS2_PLACEMENT_3D ( 'NONE', #2298, #2541, #2073 ) ;
#867 = ADVANCED_FACE ( 'NONE', ( #1319, #1347 ), #2264, .F. ) ;
#868 = ORIENTED_EDGE ( 'NONE', *, *, #1630, .F. ) ;
#869 = CARTESIAN_POINT ( 'NONE',  ( -96.99999999999998579, -59.99999999999998579, -5.999999999999991118 ) ) ;
#870 = LINE ( 'NONE', #1559, #2121 ) ;
#871 = ORIENTED_EDGE ( 'NONE', *, *, #49, .T. ) ;
#872 = DIRECTION ( 'NONE',  ( -1.040834085586084059E-15, 1.000000000000000000, 2.092620765740545622E-16 ) ) ;
#873 = DIRECTION ( 'NONE',  ( 0.000000000000000000, 2.092620765740545622E-16, -1.000000000000000000 ) ) ;
#874 = ORIENTED_EDGE ( 'NONE', *, *, #2149, .T. ) ;
#875 = FACE_OUTER_BOUND ( 'NONE', #1333, .T. ) ;
#876 = CARTESIAN_POINT ( 'NONE',  ( -100.0000000000001847, -59.99999999999998579, -60.00000000000000711 ) ) ;
#877 = EDGE_CURVE ( 'NONE', #1990, #269, #2983, .T. ) ;
#878 = VECTOR ( 'NONE', #1142, 1000.000000000000000 ) ;
#879 = VERTEX_POINT ( 'NONE', #2952 ) ;
#880 = DIRECTION ( 'NONE',  ( 3.491481338843133355E-15, -3.652049423109065855E-16, -1.000000000000000000 ) ) ;
#881 = LINE ( 'NONE', #2464, #1668 ) ;
#882 = CIRCLE ( 'NONE', #2861, 3.000000000000002665 ) ;
#883 = ORIENTED_EDGE ( 'NONE', *, *, #299, .F. ) ;
#884 = DIRECTION ( 'NONE',  ( -1.000000000000000000, -1.156482317317871478E-16, 3.391901413832836801E-15 ) ) ;
#885 = ADVANCED_FACE ( 'NONE', ( #2233, #1071 ), #1332, .F. ) ;
#886 = CARTESIAN_POINT ( 'NONE',  ( 100.0000000000001847, -6.938893903907251255E-15, -60.00000000000000711 ) ) ;
#887 = ADVANCED_FACE ( 'NONE', ( #2968 ), #893, .T. ) ;
#888 = EDGE_LOOP ( 'NONE', ( #1336, #1941, #353, #2630 ) ) ;
#889 = DIRECTION ( 'NONE',  ( 1.000000000000000000, 0.000000000000000000, 0.000000000000000000 ) ) ;
#890 = LINE ( 'NONE', #1814, #912 ) ;
#891 = EDGE_LOOP ( 'NONE', ( #2159, #1783, #43, #84 ) ) ;
#892 = CYLINDRICAL_SURFACE ( 'NONE', #2183, 20.00000000000001776 ) ;
#893 = CYLINDRICAL_SURFACE ( 'NONE', #721, 6.000000000000005329 ) ;
#894 = ORIENTED_EDGE ( 'NONE', *, *, #1140, .T. ) ;
#895 = DIRECTION ( 'NONE',  ( -0.000000000000000000, -1.000000000000000000, -0.000000000000000000 ) ) ;
#896 = CARTESIAN_POINT ( 'NONE',  ( -74.99999999999998579, 68.00000000000009948, 31.99999999999995737 ) ) ;
#897 = EDGE_CURVE ( 'NONE', #2404, #2408, #2255, .T. ) ;
#898 = EDGE_LOOP ( 'NONE', ( #344, #358, #2878, #613 ) ) ;
#899 = CARTESIAN_POINT ( 'NONE',  ( 74.99999999999997158, 68.00000000000009948, 29.99999999999995737 ) ) ;
#900 = FACE_OUTER_BOUND ( 'NONE', #298, .T. ) ;
#901 = EDGE_CURVE ( 'NONE', #863, #1228, #2158, .T. ) ;
#902 = ORIENTED_EDGE ( 'NONE', *, *, #824, .F. ) ;
#903 = LINE ( 'NONE', #1114, #878 ) ;
#904 = LINE ( 'NONE', #661, #2838 ) ;
#905 = ORIENTED_EDGE ( 'NONE', *, *, #1452, .F. ) ;
#906 = FACE_OUTER_BOUND ( 'NONE', #1838, .T. ) ;
#907 = LINE ( 'NONE', #432, #570 ) ;
#908 = CIRCLE ( 'NONE', #1294, 12.50000000000000355 ) ;
#909 = ORIENTED_EDGE ( 'NONE', *, *, #2214, .F. ) ;
#910 = DIRECTION ( 'NONE',  ( -1.000000000000000000, -0.000000000000000000, -0.000000000000000000 ) ) ;
#911 = PLANE ( 'NONE',  #215 ) ;
#912 = VECTOR ( 'NONE', #2749, 1000.000000000000000 ) ;
#913 = CIRCLE ( 'NONE', #616, 3.000000000000003109 ) ;
#914 = ORIENTED_EDGE ( 'NONE', *, *, #32, .T. ) ;
#915 = VECTOR ( 'NONE', #932, 1000.000000000000000 ) ;
#916 = DIRECTION ( 'NONE',  ( -0.000000000000000000, 2.092620765740545869E-16, 1.000000000000000000 ) ) ;
#917 = CARTESIAN_POINT ( 'NONE',  ( -34.99999999999997868, 68.00000000000009948, 29.99999999999995737 ) ) ;
#918 = AXIS2_PLACEMENT_3D ( 'NONE', #1322, #2405, #153 ) ;
#919 = EDGE_CURVE ( 'NONE', #838, #453, #1802, .T. ) ;
#920 = ORIENTED_EDGE ( 'NONE', *, *, #790, .F. ) ;
#921 = CARTESIAN_POINT ( 'NONE',  ( 94.00000000000000000, -59.99999999999998579, -2.999999999999999112 ) ) ;
#922 = ORIENTED_EDGE ( 'NONE', *, *, #1674, .F. ) ;
#923 = CARTESIAN_POINT ( 'NONE',  ( -1.022076021882505322E-14, -65.99999999999998579, -2.325190489415606703E-13 ) ) ;
#924 = EDGE_CURVE ( 'NONE', #2109, #2830, #522, .T. ) ;
#925 = DIRECTION ( 'NONE',  ( 1.000000000000000000, 0.000000000000000000, 3.469446951953611033E-15 ) ) ;
#926 = ORIENTED_EDGE ( 'NONE', *, *, #2259, .F. ) ;
#927 = DIRECTION ( 'NONE',  ( 0.000000000000000000, 3.700743415417187942E-15, -1.000000000000000000 ) ) ;
#928 = CARTESIAN_POINT ( 'NONE',  ( -74.99999999999997158, 63.00000000000000000, 2.999999999999960920 ) ) ;
#929 = EDGE_CURVE ( 'NONE', #269, #2274, #2059, .T. ) ;
#930 = VECTOR ( 'NONE', #2835, 1000.000000000000000 ) ;
#931 = ORIENTED_EDGE ( 'NONE', *, *, #1702, .T. ) ;
#932 = DIRECTION ( 'NONE',  ( 1.000000000000000000, 1.156482317317871478E-16, -3.491481338843133355E-15 ) ) ;
#933 = CARTESIAN_POINT ( 'NONE',  ( -74.99999999999997158, -68.00000000000009948, 31.99999999999995737 ) ) ;
#934 = CIRCLE ( 'NONE', #2619, 20.00000000000001776 ) ;
#935 = ORIENTED_EDGE ( 'NONE', *, *, #1024, .T. ) ;
#936 = SHAPE_DEFINITION_REPRESENTATION ( #1697, #2252 ) ;
#937 = EDGE_CURVE ( 'NONE', #838, #1399, #2218, .T. ) ;
#938 = DIRECTION ( 'NONE',  ( -3.491481338843133355E-15, 9.587455514061370150E-33, 1.000000000000000000 ) ) ;
#939 = VERTEX_POINT ( 'NONE', #2707 ) ;
#940 = FACE_OUTER_BOUND ( 'NONE', #2543, .T. ) ;
#941 = CARTESIAN_POINT ( 'NONE',  ( -54.99999999999996447, -78.50000000000011369, 34.99999999999995737 ) ) ;
#942 = ORIENTED_EDGE ( 'NONE', *, *, #659, .F. ) ;
#943 = PLANE ( 'NONE',  #23 ) ;
#944 = DIRECTION ( 'NONE',  ( -1.430699774001490728E-16, 1.000000000000000000, -3.713525943768164663E-15 ) ) ;
#945 = EDGE_CURVE ( 'NONE', #1321, #849, #399, .T. ) ;
#946 = EDGE_LOOP ( 'NONE', ( #791, #237, #1113, #1492 ) ) ;
#947 = DIRECTION ( 'NONE',  ( -1.000000000000000000, 1.156482317317871478E-16, -3.491481338843133355E-15 ) ) ;
#948 = CARTESIAN_POINT ( 'NONE',  ( -74.99999999999997158, 59.99999999999998579, 2.999999999999971578 ) ) ;
#949 = ORIENTED_EDGE ( 'NONE', *, *, #510, .T. ) ;
#950 = DATE_AND_TIME ( #505, #2860 ) ;
#951 = LINE ( 'NONE', #1861, #521 ) ;
#952 = ORIENTED_EDGE ( 'NONE', *, *, #1273, .T. ) ;
#953 = DIRECTION ( 'NONE',  ( 0.000000000000000000, 1.000000000000000000, -3.469446951953611231E-16 ) ) ;
#954 = DIRECTION ( 'NONE',  ( -1.000000000000000000, -1.156482317317871478E-16, 3.491481338843133355E-15 ) ) ;
#955 = EDGE_CURVE ( 'NONE', #1228, #863, #1299, .T. ) ;
#956 = ORIENTED_EDGE ( 'NONE', *, *, #713, .T. ) ;
#957 = DIRECTION ( 'NONE',  ( -0.000000000000000000, 2.092620765740545869E-16, 1.000000000000000000 ) ) ;
#958 = DIRECTION ( 'NONE',  ( 0.000000000000000000, 0.000000000000000000, -1.000000000000000000 ) ) ;
#959 = CC_DESIGN_PERSON_AND_ORGANIZATION_ASSIGNMENT ( #2762, #257, ( #1547 ) ) ;
#960 = CIRCLE ( 'NONE', #1049, 2.000000000000001776 ) ;
#961 = ORIENTED_EDGE ( 'NONE', *, *, #2566, .F. ) ;
#962 = DIRECTION ( 'NONE',  ( 0.000000000000000000, 2.092620765740545622E-16, -1.000000000000000000 ) ) ;
#963 = FACE_OUTER_BOUND ( 'NONE', #2210, .T. ) ;
#964 = VECTOR ( 'NONE', #1553, 1000.000000000000000 ) ;
#965 = ADVANCED_FACE ( 'NONE', ( #1756 ), #1551, .F. ) ;
#966 = VECTOR ( 'NONE', #150, 1000.000000000000000 ) ;
#967 = AXIS2_PLACEMENT_3D ( 'NONE', #2712, #1749, #642 ) ;
#968 = VECTOR ( 'NONE', #1977, 1000.000000000000000 ) ;
#969 = ORIENTED_EDGE ( 'NONE', *, *, #1140, .F. ) ;
#970 = VECTOR ( 'NONE', #2, 1000.000000000000000 ) ;
#971 = FACE_OUTER_BOUND ( 'NONE', #2131, .T. ) ;
#972 = ORIENTED_EDGE ( 'NONE', *, *, #2081, .F. ) ;
#973 = CARTESIAN_POINT ( 'NONE',  ( 94.00000000000000000, -59.99999999999998579, -2.999999999999999112 ) ) ;
#974 = DIRECTION ( 'NONE',  ( -3.469446951953614583E-15, -8.881784197001252323E-16, -1.000000000000000000 ) ) ;
#975 = VERTEX_POINT ( 'NONE', #2554 ) ;
#976 = FACE_OUTER_BOUND ( 'NONE', #1287, .T. ) ;
#977 = ADVANCED_FACE ( 'NONE', ( #2570 ), #1185, .T. ) ;
#978 = DIRECTION ( 'NONE',  ( 0.000000000000000000, -3.700743415417187942E-15, -1.000000000000000000 ) ) ;
#979 = EDGE_CURVE ( 'NONE', #1021, #2190, #1849, .T. ) ;
#980 = ORIENTED_EDGE ( 'NONE', *, *, #2868, .T. ) ;
#981 = DIRECTION ( 'NONE',  ( 0.000000000000000000, -0.000000000000000000, 1.000000000000000000 ) ) ;
#982 = CYLINDRICAL_SURFACE ( 'NONE', #768, 6.000000000000019540 ) ;
#983 = EDGE_CURVE ( 'NONE', #1427, #1591, #249, .T. ) ;
#984 = VERTEX_POINT ( 'NONE', #2534 ) ;
#985 = CIRCLE ( 'NONE', #832, 20.00000000000001776 ) ;
#986 = EDGE_CURVE ( 'NONE', #1303, #2963, #30, .T. ) ;
#987 = EDGE_CURVE ( 'NONE', #984, #2180, #220, .T. ) ;
#988 = CARTESIAN_POINT ( 'NONE',  ( -34.99999999999997868, 66.00000000000009948, 29.99999999999996447 ) ) ;
#989 = DIRECTION ( 'NONE',  ( 0.000000000000000000, -3.700743415417187942E-15, -1.000000000000000000 ) ) ;
#990 = ORIENTED_EDGE ( 'NONE', *, *, #181, .T. ) ;
#991 = DIRECTION ( 'NONE',  ( 1.430699774001490728E-16, 1.000000000000000000, -3.713525943768164663E-15 ) ) ;
#992 = PLANE ( 'NONE',  #2645 ) ;
#993 = ORIENTED_EDGE ( 'NONE', *, *, #1887, .F. ) ;
#994 = DIRECTION ( 'NONE',  ( 1.000000000000000000, 0.000000000000000000, 0.000000000000000000 ) ) ;
#995 = EDGE_CURVE ( 'NONE', #1155, #801, #2098, .T. ) ;
#996 = ORIENTED_EDGE ( 'NONE', *, *, #2566, .T. ) ;
#997 = DIRECTION ( 'NONE',  ( -1.000000000000000000, 1.156482317317871478E-16, -3.491481338843133355E-15 ) ) ;
#998 = ORIENTED_EDGE ( 'NONE', *, *, #2043, .F. ) ;
#999 = DIRECTION ( 'NONE',  ( -1.452047347458674557E-31, -0.000000000000000000, 1.000000000000000000 ) ) ;
#1000 = CARTESIAN_POINT ( 'NONE',  ( 74.99999999999997158, -59.99999999999998579, -3.000000000000045297 ) ) ;
#1001 = ORIENTED_EDGE ( 'NONE', *, *, #1094, .T. ) ;
#1002 = CARTESIAN_POINT ( 'NONE',  ( -74.99999999999998579, 86.00000000000009948, 34.99999999999995737 ) ) ;
#1003 = FACE_OUTER_BOUND ( 'NONE', #888, .T. ) ;
#1004 = AXIS2_PLACEMENT_3D ( 'NONE', #2986, #622, #687 ) ;
#1005 = ORIENTED_EDGE ( 'NONE', *, *, #2596, .F. ) ;
#1006 = AXIS2_PLACEMENT_3D ( 'NONE', #2816, #1896, #2784 ) ;
#1007 = AXIS2_PLACEMENT_3D ( 'NONE', #1018, #593, #1061 ) ;
#1008 = VECTOR ( 'NONE', #777, 1000.000000000000000 ) ;
#1009 = DIRECTION ( 'NONE',  ( 0.000000000000000000, 1.000000000000000000, -3.469446951953611231E-16 ) ) ;
#1010 = ADVANCED_FACE ( 'NONE', ( #1644 ), #461, .F. ) ;
#1011 = FACE_BOUND ( 'NONE', #595, .T. ) ;
#1012 = ORIENTED_EDGE ( 'NONE', *, *, #2763, .F. ) ;
#1013 = DIRECTION ( 'NONE',  ( 0.000000000000000000, 2.092620765740545869E-16, -1.000000000000000000 ) ) ;
#1014 = LINE ( 'NONE', #1504, #2204 ) ;
#1015 = ORIENTED_EDGE ( 'NONE', *, *, #1161, .T. ) ;
#1016 = CARTESIAN_POINT ( 'NONE',  ( -100.0000000000001847, -59.99999999999998579, -60.00000000000000711 ) ) ;
#1017 = EDGE_CURVE ( 'NONE', #829, #2432, #1864, .T. ) ;
#1018 = CARTESIAN_POINT ( 'NONE',  ( -74.99999999999997158, -68.00000000000009948, 29.99999999999995737 ) ) ;
#1019 = EDGE_LOOP ( 'NONE', ( #1628, #121, #346, #2459 ) ) ;
#1020 = DIRECTION ( 'NONE',  ( 0.000000000000000000, -2.092620765740545622E-16, -1.000000000000000000 ) ) ;
#1021 = VERTEX_POINT ( 'NONE', #3004 ) ;
#1022 = AXIS2_PLACEMENT_3D ( 'NONE', #2916, #1050, #1009 ) ;
#1023 = DIRECTION ( 'NONE',  ( -1.000000000000000000, -1.156482317317871478E-16, 0.000000000000000000 ) ) ;
#1024 = EDGE_CURVE ( 'NONE', #2580, #106, #1962, .T. ) ;
#1025 = PLANE ( 'NONE',  #2008 ) ;
#1026 = ORIENTED_EDGE ( 'NONE', *, *, #1508, .T. ) ;
#1027 = DIRECTION ( 'NONE',  ( 1.387778780781445429E-16, -1.000000000000000000, 0.000000000000000000 ) ) ;
#1028 = CARTESIAN_POINT ( 'NONE',  ( 74.99999999999997158, 68.00000000000009948, 34.99999999999996447 ) ) ;
#1029 = ORIENTED_EDGE ( 'NONE', *, *, #2891, .F. ) ;
#1030 = DIRECTION ( 'NONE',  ( 0.000000000000000000, 0.000000000000000000, -1.000000000000000000 ) ) ;
#1031 = FACE_OUTER_BOUND ( 'NONE', #2034, .T. ) ;
#1032 = ADVANCED_FACE ( 'NONE', ( #233 ), #1388, .T. ) ;
#1033 = ORIENTED_EDGE ( 'NONE', *, *, #186, .F. ) ;
#1034 = DIRECTION ( 'NONE',  ( -1.156482317317871478E-16, 1.000000000000000000, -8.758115402030106693E-47 ) ) ;
#1035 = DIRECTION ( 'NONE',  ( 0.000000000000000000, -2.092620765740545622E-16, -1.000000000000000000 ) ) ;
#1036 = LINE ( 'NONE', #1265, #2715 ) ;
#1037 = DIRECTION ( 'NONE',  ( -2.168404344971006896E-16, 0.000000000000000000, -1.000000000000000000 ) ) ;
#1038 = ORIENTED_EDGE ( 'NONE', *, *, #464, .F. ) ;
#1039 = CARTESIAN_POINT ( 'NONE',  ( -100.0000000000001847, -7.285838599102613462E-15, -60.00000000000000711 ) ) ;
#1040 = DIRECTION ( 'NONE',  ( 0.000000000000000000, 0.000000000000000000, 1.000000000000000000 ) ) ;
#1041 = ORIENTED_EDGE ( 'NONE', *, *, #2614, .T. ) ;
#1042 = PLANE ( 'NONE',  #228 ) ;
#1043 = EDGE_CURVE ( 'NONE', #2249, #2190, #2812, .T. ) ;
#1044 = CARTESIAN_POINT ( 'NONE',  ( -34.99999999999997868, 63.00000000000009948, 29.99999999999997513 ) ) ;
#1045 = VERTEX_POINT ( 'NONE', #2065 ) ;
#1046 = CARTESIAN_POINT ( 'NONE',  ( 74.99999999999997158, -59.99999999999998579, 2.999999999999971578 ) ) ;
#1047 = ADVANCED_FACE ( 'NONE', ( #1836 ), #3019, .T. ) ;
#1048 = VERTEX_POINT ( 'NONE', #2769 ) ;
#1049 = AXIS2_PLACEMENT_3D ( 'NONE', #2295, #154, #436 ) ;
#1050 = DIRECTION ( 'NONE',  ( 0.000000000000000000, -2.092620765740545622E-16, -1.000000000000000000 ) ) ;
#1051 = CIRCLE ( 'NONE', #2991, 7.499999999999992895 ) ;
#1052 = AXIS2_PLACEMENT_3D ( 'NONE', #210, #1168, #2082 ) ;
#1053 = AXIS2_PLACEMENT_3D ( 'NONE', #917, #2286, #2714 ) ;
#1054 = FACE_OUTER_BOUND ( 'NONE', #57, .T. ) ;
#1055 = ORIENTED_EDGE ( 'NONE', *, *, #1467, .T. ) ;
#1056 = DIRECTION ( 'NONE',  ( 0.000000000000000000, 0.000000000000000000, 1.000000000000000000 ) ) ;
#1057 = LINE ( 'NONE', #1732, #20 ) ;
#1058 = AXIS2_PLACEMENT_3D ( 'NONE', #138, #604, #1999 ) ;
#1059 = ORIENTED_EDGE ( 'NONE', *, *, #612, .F. ) ;
#1060 = PLANE ( 'NONE',  #1058 ) ;
#1061 = DIRECTION ( 'NONE',  ( 0.000000000000000000, 0.000000000000000000, 1.000000000000000000 ) ) ;
#1062 = EDGE_CURVE ( 'NONE', #216, #2862, #261, .T. ) ;
#1063 = VERTEX_POINT ( 'NONE', #2292 ) ;
#1064 = DIRECTION ( 'NONE',  ( 0.000000000000000000, 1.000000000000000000, 3.469446951953611231E-16 ) ) ;
#1065 = CARTESIAN_POINT ( 'NONE',  ( -94.00000000000000000, 60.00000000000001421, -3.000000000000012879 ) ) ;
#1066 = ADVANCED_FACE ( 'NONE', ( #1431 ), #276, .T. ) ;
#1067 = FACE_OUTER_BOUND ( 'NONE', #295, .T. ) ;
#1068 = DIRECTION ( 'NONE',  ( 0.000000000000000000, 1.000000000000000000, 0.000000000000000000 ) ) ;
#1069 = ORIENTED_EDGE ( 'NONE', *, *, #794, .F. ) ;
#1070 = DIRECTION ( 'NONE',  ( 0.000000000000000000, 1.000000000000000000, 0.000000000000000000 ) ) ;
#1071 = FACE_OUTER_BOUND ( 'NONE', #2536, .T. ) ;
#1072 = AXIS2_PLACEMENT_3D ( 'NONE', #1623, #1663, #525 ) ;
#1073 = EDGE_LOOP ( 'NONE', ( #780, #1413, #39, #1616 ) ) ;
#1074 = CARTESIAN_POINT ( 'NONE',  ( 34.99999999999997868, -66.00000000000009948, 34.99999999999996447 ) ) ;
#1075 = DIRECTION ( 'NONE',  ( -1.156482317317871478E-16, -1.000000000000000000, -3.941961874476797587E-31 ) ) ;
#1076 = VERTEX_POINT ( 'NONE', #941 ) ;
#1077 = FACE_OUTER_BOUND ( 'NONE', #2603, .T. ) ;
#1078 = CARTESIAN_POINT ( 'NONE',  ( 54.99999999999996447, 86.00000000000009948, 31.99999999999995381 ) ) ;
#1079 = EDGE_CURVE ( 'NONE', #1639, #2274, #447, .T. ) ;
#1080 = ADVANCED_FACE ( 'NONE', ( #1501 ), #1025, .F. ) ;
#1081 = CARTESIAN_POINT ( 'NONE',  ( 74.99999999999997158, 59.99999999999998579, -3.859759734048395785E-14 ) ) ;
#1082 = PLANE ( 'NONE',  #472 ) ;
#1083 = ORIENTED_EDGE ( 'NONE', *, *, #2244, .T. ) ;
#1084 = DIRECTION ( 'NONE',  ( 0.000000000000000000, 1.000000000000000000, -3.469446951953611231E-16 ) ) ;
#1085 = DIRECTION ( 'NONE',  ( 0.000000000000000000, 1.000000000000000000, 0.000000000000000000 ) ) ;
#1086 = ADVANCED_FACE ( 'NONE', ( #1054 ), #2197, .T. ) ;
#1087 = ORIENTED_EDGE ( 'NONE', *, *, #565, .T. ) ;
#1088 = CARTESIAN_POINT ( 'NONE',  ( -34.99999999999997158, -59.99999999999998579, 2.999999999999972911 ) ) ;
#1089 = LINE ( 'NONE', #896, #853 ) ;
#1090 = VERTEX_POINT ( 'NONE', #1968 ) ;
#1091 = LINE ( 'NONE', #869, #2796 ) ;
#1092 = LINE ( 'NONE', #933, #474 ) ;
#1093 = ORIENTED_EDGE ( 'NONE', *, *, #151, .T. ) ;
#1094 = EDGE_CURVE ( 'NONE', #1321, #148, #2171, .T. ) ;
#1095 = CARTESIAN_POINT ( 'NONE',  ( -100.0000000000001847, -59.99999999999998579, -60.00000000000000711 ) ) ;
#1096 = EDGE_CURVE ( 'NONE', #1421, #1449, #2497, .T. ) ;
#1097 = VECTOR ( 'NONE', #2331, 1000.000000000000000 ) ;
#1098 = LINE ( 'NONE', #2720, #27 ) ;
#1099 = VERTEX_POINT ( 'NONE', #1741 ) ;
#1100 = AXIS2_PLACEMENT_3D ( 'NONE', #2800, #1187, #2144 ) ;
#1101 = FACE_OUTER_BOUND ( 'NONE', #698, .T. ) ;
#1102 = CARTESIAN_POINT ( 'NONE',  ( 94.00000000000000000, 60.00000000000001421, -6.000000000000001776 ) ) ;
#1103 = AXIS2_PLACEMENT_3D ( 'NONE', #2451, #129, #391 ) ;
#1104 = CIRCLE ( 'NONE', #275, 2.000000000000001776 ) ;
#1105 = EDGE_LOOP ( 'NONE', ( #1317, #2777, #1717, #515 ) ) ;
#1106 = DIRECTION ( 'NONE',  ( -1.000000000000000000, 0.000000000000000000, -2.168404344971006896E-16 ) ) ;
#1107 = DIRECTION ( 'NONE',  ( -1.000000000000000000, -0.000000000000000000, -2.168404344971006896E-16 ) ) ;
#1108 = AXIS2_PLACEMENT_3D ( 'NONE', #2379, #735, #981 ) ;
#1109 = EDGE_CURVE ( 'NONE', #1261, #879, #2661, .T. ) ;
#1110 = ORIENTED_EDGE ( 'NONE', *, *, #628, .F. ) ;
#1111 = CARTESIAN_POINT ( 'NONE',  ( 34.99999999999997868, -68.00000000000009948, 29.99999999999995737 ) ) ;
#1112 = CYLINDRICAL_SURFACE ( 'NONE', #2944, 12.50000000000000355 ) ;
#1113 = ORIENTED_EDGE ( 'NONE', *, *, #1921, .T. ) ;
#1114 = CARTESIAN_POINT ( 'NONE',  ( 74.99999999999998579, 86.00000000000009948, 31.99999999999995381 ) ) ;
#1115 = DIRECTION ( 'NONE',  ( -3.469446951953614583E-15, 0.000000000000000000, 1.000000000000000000 ) ) ;
#1116 = ORIENTED_EDGE ( 'NONE', *, *, #2713, .F. ) ;
#1117 = DIRECTION ( 'NONE',  ( 0.000000000000000000, 0.000000000000000000, 1.000000000000000000 ) ) ;
#1118 = CARTESIAN_POINT ( 'NONE',  ( -54.99999999999996447, 86.00000000000009948, 34.99999999999995737 ) ) ;
#1119 = AXIS2_PLACEMENT_3D ( 'NONE', #609, #2483, #2457 ) ;
#1120 = EDGE_LOOP ( 'NONE', ( #2366, #1800, #2931, #2052 ) ) ;
#1121 = FACE_OUTER_BOUND ( 'NONE', #442, .T. ) ;
#1122 = DIRECTION ( 'NONE',  ( 6.938893903907227392E-16, -1.000000000000000000, -2.092620765740545622E-16 ) ) ;
#1123 = AXIS2_PLACEMENT_3D ( 'NONE', #785, #85, #1700 ) ;
#1124 = ORIENTED_EDGE ( 'NONE', *, *, #1762, .F. ) ;
#1125 = LINE ( 'NONE', #1828, #528 ) ;
#1126 = PLANE ( 'NONE',  #1053 ) ;
#1127 = EDGE_LOOP ( 'NONE', ( #666, #1806, #2393, #2637 ) ) ;
#1128 = FACE_OUTER_BOUND ( 'NONE', #1198, .T. ) ;
#1129 = DIRECTION ( 'NONE',  ( -1.040834085586084059E-15, -1.000000000000000000, 0.000000000000000000 ) ) ;
#1130 = ORIENTED_EDGE ( 'NONE', *, *, #1830, .F. ) ;
#1131 = CARTESIAN_POINT ( 'NONE',  ( 99.99999999999998579, -59.99999999999998579, -3.000000000000000000 ) ) ;
#1132 = DIRECTION ( 'NONE',  ( 0.000000000000000000, 1.000000000000000000, 0.000000000000000000 ) ) ;
#1133 = ORIENTED_EDGE ( 'NONE', *, *, #924, .F. ) ;
#1134 = DIRECTION ( 'NONE',  ( -1.000000000000000000, 0.000000000000000000, -2.168404344971006896E-16 ) ) ;
#1135 = DIRECTION ( 'NONE',  ( -1.000000000000000000, 1.156482317317871478E-16, -3.491481338843133355E-15 ) ) ;
#1136 = EDGE_CURVE ( 'NONE', #75, #2852, #133, .T. ) ;
#1137 = ORIENTED_EDGE ( 'NONE', *, *, #1811, .F. ) ;
#1138 = CARTESIAN_POINT ( 'NONE',  ( 74.99999999999997158, 59.99999999999998579, -3.859759734048395785E-14 ) ) ;
#1139 = DIRECTION ( 'NONE',  ( -2.312964634635747394E-15, 0.000000000000000000, 1.000000000000000000 ) ) ;
#1140 = EDGE_CURVE ( 'NONE', #2978, #453, #2856, .T. ) ;
#1141 = ORIENTED_EDGE ( 'NONE', *, *, #288, .T. ) ;
#1142 = DIRECTION ( 'NONE',  ( 6.938893903907227392E-16, 1.000000000000000000, -2.092620765740545622E-16 ) ) ;
#1143 = EDGE_CURVE ( 'NONE', #939, #2865, #586, .T. ) ;
#1144 = CARTESIAN_POINT ( 'NONE',  ( -54.99999999999996447, -86.00000000000009948, 34.99999999999995737 ) ) ;
#1145 = EDGE_LOOP ( 'NONE', ( #1790, #430, #1469, #2988 ) ) ;
#1146 = CARTESIAN_POINT ( 'NONE',  ( 74.99999999999997158, 59.99999999999998579, 2.999999999999964029 ) ) ;
#1147 = DIRECTION ( 'NONE',  ( 2.312964634635738027E-16, 0.000000000000000000, -1.000000000000000000 ) ) ;
#1148 = VECTOR ( 'NONE', #3007, 1000.000000000000000 ) ;
#1149 = VECTOR ( 'NONE', #2519, 1000.000000000000000 ) ;
#1150 = ORIENTED_EDGE ( 'NONE', *, *, #2265, .T. ) ;
#1151 = CARTESIAN_POINT ( 'NONE',  ( 34.99999999999996447, 59.99999999999998579, 2.999999999999972911 ) ) ;
#1152 = LINE ( 'NONE', #848, #313 ) ;
#1153 = VECTOR ( 'NONE', #2078, 1000.000000000000000 ) ;
#1154 = AXIS2_PLACEMENT_3D ( 'NONE', #1992, #2927, #564 ) ;
#1155 = VERTEX_POINT ( 'NONE', #1949 ) ;
#1156 = CIRCLE ( 'NONE', #1531, 59.99999999999999289 ) ;
#1157 = DIRECTION ( 'NONE',  ( 2.168404344971006896E-16, 0.000000000000000000, -1.000000000000000000 ) ) ;
#1158 = AXIS2_PLACEMENT_3D ( 'NONE', #1719, #2178, #1928 ) ;
#1160 = EDGE_CURVE ( 'NONE', #362, #849, #2837, .T. ) ;
#1159 = CARTESIAN_POINT ( 'NONE',  ( -54.99999999999996447, -86.00000000000009948, 34.99999999999995737 ) ) ;
#1161 = EDGE_CURVE ( 'NONE', #2966, #3011, #913, .T. ) ;
#1162 = AXIS2_PLACEMENT_3D ( 'NONE', #1539, #326, #2418 ) ;
#1163 = VERTEX_POINT ( 'NONE', #2413 ) ;
#1164 = PERSON_AND_ORGANIZATION_ROLE ( 'design_owner' ) ;
#1165 = CARTESIAN_POINT ( 'NONE',  ( 54.99999999999996447, -78.50000000000011369, 34.99999999999995737 ) ) ;
#1166 = ORIENTED_EDGE ( 'NONE', *, *, #2596, .T. ) ;
#1167 = DIRECTION ( 'NONE',  ( 0.000000000000000000, 1.000000000000000000, 2.092620765740545622E-16 ) ) ;
#1168 = DIRECTION ( 'NONE',  ( -1.000000000000000000, -6.938893903907227392E-16, 1.452047347458674557E-31 ) ) ;
#1169 = ADVANCED_FACE ( 'NONE', ( #335 ), #1515, .F. ) ;
#1170 = VERTEX_POINT ( 'NONE', #1982 ) ;
#1171 = CYLINDRICAL_SURFACE ( 'NONE', #2304, 3.000000000000016431 ) ;
#1172 = DIRECTION ( 'NONE',  ( 0.000000000000000000, 0.000000000000000000, -1.000000000000000000 ) ) ;
#1173 =( GEOMETRIC_REPRESENTATION_CONTEXT ( 3 ) GLOBAL_UNCERTAINTY_ASSIGNED_CONTEXT ( ( #1919 ) ) GLOBAL_UNIT_ASSIGNED_CONTEXT ( ( #679, #852, #1528 ) ) REPRESENTATION_CONTEXT ( 'NONE', 'WORKASPACE' ) );
#1174 = ORIENTED_EDGE ( 'NONE', *, *, #955, .T. ) ;
#1175 = DIRECTION ( 'NONE',  ( 1.000000000000000000, 1.734723475976806848E-16, -1.734723475976801424E-16 ) ) ;
#1176 = DIRECTION ( 'NONE',  ( -1.734723475976800438E-16, 1.000000000000000000, -3.700743415417187942E-15 ) ) ;
#1177 = AXIS2_PLACEMENT_3D ( 'NONE', #71, #1013, #1924 ) ;
#1178 = EDGE_LOOP ( 'NONE', ( #2841, #2106, #2950, #1987 ) ) ;
#1179 = APPLICATION_PROTOCOL_DEFINITION ( 'international standard', 'config_control_design', 1994, #428 ) ;
#1180 = EDGE_CURVE ( 'NONE', #3020, #1228, #83, .T. ) ;
#1181 = CARTESIAN_POINT ( 'NONE',  ( 100.0000000000000000, 60.00000000000002132, -3.000000000000000000 ) ) ;
#1182 = CC_DESIGN_DATE_AND_TIME_ASSIGNMENT ( #1211, #1860, ( #127 ) ) ;
#1183 = VERTEX_POINT ( 'NONE', #112 ) ;
#1184 = PLANE ( 'NONE',  #2085 ) ;
#1185 = PLANE ( 'NONE',  #1478 ) ;
#1186 = ORIENTED_EDGE ( 'NONE', *, *, #2022, .T. ) ;
#1187 = DIRECTION ( 'NONE',  ( 1.000000000000000000, 1.156482317317871478E-16, -3.491481338843133355E-15 ) ) ;
#1188 = LINE ( 'NONE', #513, #1957 ) ;
#1189 = EDGE_LOOP ( 'NONE', ( #1552, #367, #2055, #3002 ) ) ;
#1190 = FACE_OUTER_BOUND ( 'NONE', #175, .T. ) ;
#1191 = LINE ( 'NONE', #2318, #2452 ) ;
#1192 = ORIENTED_EDGE ( 'NONE', *, *, #860, .T. ) ;
#1193 = COORDINATED_UNIVERSAL_TIME_OFFSET ( 5, 30, .AHEAD. ) ;
#1194 = CARTESIAN_POINT ( 'NONE',  ( -34.99999999999997158, -62.99999999999998579, 2.999999999999960920 ) ) ;
#1195 = ORIENTED_EDGE ( 'NONE', *, *, #110, .F. ) ;
#1196 = CARTESIAN_POINT ( 'NONE',  ( 34.99999999999996447, 59.99999999999998579, -3.000000000000030198 ) ) ;
#1197 = CARTESIAN_POINT ( 'NONE',  ( -34.99999999999997868, 66.00000000000009948, 34.99999999999996447 ) ) ;
#1198 = EDGE_LOOP ( 'NONE', ( #1608, #533, #709, #2172 ) ) ;
#1199 = CYLINDRICAL_SURFACE ( 'NONE', #1006, 7.499999999999992895 ) ;
#1200 = CARTESIAN_POINT ( 'NONE',  ( -100.0000000000001990, 60.00000000000000000, -60.00000000000002842 ) ) ;
#1201 = EDGE_CURVE ( 'NONE', #650, #1279, #2676, .T. ) ;
#1202 = EDGE_CURVE ( 'NONE', #2532, #1449, #2152, .T. ) ;
#1203 = ORIENTED_EDGE ( 'NONE', *, *, #1902, .F. ) ;
#1204 = DIRECTION ( 'NONE',  ( 1.000000000000000000, 0.000000000000000000, 0.000000000000000000 ) ) ;
#1205 = CARTESIAN_POINT ( 'NONE',  ( 54.99999999999996447, 78.50000000000011369, 31.99999999999995381 ) ) ;
#1206 = AXIS2_PLACEMENT_3D ( 'NONE', #758, #957, #714 ) ;
#1207 = VECTOR ( 'NONE', #1305, 1000.000000000000000 ) ;
#1208 = AXIS2_PLACEMENT_3D ( 'NONE', #147, #2949, #2060 ) ;
#1209 = VECTOR ( 'NONE', #1900, 1000.000000000000000 ) ;
#1210 = EDGE_LOOP ( 'NONE', ( #2897, #1192, #1995, #2697, #584, #1923, #1713, #1651, #952, #2521, #2936, #1730 ) ) ;
#1211 = DATE_AND_TIME ( #1383, #2135 ) ;
#1212 = VECTOR ( 'NONE', #1175, 1000.000000000000000 ) ;
#1213 = FACE_OUTER_BOUND ( 'NONE', #2444, .T. ) ;
#1214 = CARTESIAN_POINT ( 'NONE',  ( 100.0000000000001990, 60.00000000000000000, -60.00000000000002132 ) ) ;
#1216 = ADVANCED_FACE ( 'NONE', ( #2439 ), #2871, .F. ) ;
#1215 = ORIENTED_EDGE ( 'NONE', *, *, #1726, .F. ) ;
#1217 = LINE ( 'NONE', #1237, #614 ) ;
#1218 = DIRECTION ( 'NONE',  ( -1.430699774001489988E-16, 1.000000000000000000, -3.713525943768164663E-15 ) ) ;
#1219 = ORIENTED_EDGE ( 'NONE', *, *, #120, .T. ) ;
#1220 = ADVANCED_FACE ( 'NONE', ( #1011, #1698 ), #2629, .F. ) ;
#1221 = LINE ( 'NONE', #2542, #2840 ) ;
#1222 = ORIENTED_EDGE ( 'NONE', *, *, #285, .F. ) ;
#1223 = PRODUCT_DEFINITION_FORMATION_WITH_SPECIFIED_SOURCE ( 'ANY', '', #66, .NOT_KNOWN. ) ;
#1224 = CARTESIAN_POINT ( 'NONE',  ( 34.99999999999996447, 68.00000000000009948, 31.99999999999995737 ) ) ;
#1225 = VERTEX_POINT ( 'NONE', #2704 ) ;
#1226 = DIRECTION ( 'NONE',  ( -0.000000000000000000, -2.092620765740545869E-16, 1.000000000000000000 ) ) ;
#1227 = DIRECTION ( 'NONE',  ( 1.000000000000000000, 0.000000000000000000, 0.000000000000000000 ) ) ;
#1228 = VERTEX_POINT ( 'NONE', #2028 ) ;
#1229 = PLANE ( 'NONE',  #1872 ) ;
#1230 = DIRECTION ( 'NONE',  ( -1.430699774001490728E-16, 1.000000000000000000, 0.000000000000000000 ) ) ;
#1231 = EDGE_CURVE ( 'NONE', #2003, #599, #2450, .T. ) ;
#1232 = ORIENTED_EDGE ( 'NONE', *, *, #1858, .F. ) ;
#1233 = EDGE_CURVE ( 'NONE', #1048, #61, #904, .T. ) ;
#1234 = DIRECTION ( 'NONE',  ( -6.938893903907227392E-16, 1.000000000000000000, 0.000000000000000000 ) ) ;
#1235 = CARTESIAN_POINT ( 'NONE',  ( 34.99999999999997158, 59.99999999999998579, -2.992397996059992238E-14 ) ) ;
#1236 = EDGE_LOOP ( 'NONE', ( #894, #2969, #2231, #2795 ) ) ;
#1237 = CARTESIAN_POINT ( 'NONE',  ( 74.99999999999998579, -68.00000000000009948, 34.99999999999996447 ) ) ;
#1238 = DIRECTION ( 'NONE',  ( -1.000000000000000000, -0.000000000000000000, -0.000000000000000000 ) ) ;
#1239 = ORIENTED_EDGE ( 'NONE', *, *, #2940, .T. ) ;
#1240 = CARTESIAN_POINT ( 'NONE',  ( -34.99999999999997868, -66.00000000000009948, 31.99999999999995737 ) ) ;
#1241 = DIRECTION ( 'NONE',  ( -1.000000000000000000, -0.000000000000000000, -0.000000000000000000 ) ) ;
#1242 = CIRCLE ( 'NONE', #165, 3.000000000000002665 ) ;
#1243 = ORIENTED_EDGE ( 'NONE', *, *, #5, .T. ) ;
#1244 = VECTOR ( 'NONE', #2199, 1000.000000000000000 ) ;
#1245 = CARTESIAN_POINT ( 'NONE',  ( 74.99999999999997158, -59.99999999999998579, -4.510281037539698445E-14 ) ) ;
#1246 = AXIS2_PLACEMENT_3D ( 'NONE', #2245, #2690, #1085 ) ;
#1247 = CARTESIAN_POINT ( 'NONE',  ( -74.99999999999997158, 68.00000000000009948, 34.99999999999995737 ) ) ;
#1248 = ADVANCED_FACE ( 'NONE', ( #2261 ), #1359, .T. ) ;
#1249 = VECTOR ( 'NONE', #938, 1000.000000000000000 ) ;
#1250 = VECTOR ( 'NONE', #2054, 1000.000000000000000 ) ;
#1251 = AXIS2_PLACEMENT_3D ( 'NONE', #1617, #947, #1589 ) ;
#1252 = CARTESIAN_POINT ( 'NONE',  ( 74.99999999999997158, -59.99999999999998579, -4.510281037539698445E-14 ) ) ;
#1253 = CARTESIAN_POINT ( 'NONE',  ( 74.99999999999997158, 65.99999999999997158, -4.183900855524064763E-14 ) ) ;
#1254 = ORIENTED_EDGE ( 'NONE', *, *, #1921, .F. ) ;
#1255 = CARTESIAN_POINT ( 'NONE',  ( 97.00000000000000000, 60.00000000000000000, -5.999999999999991118 ) ) ;
#1256 = LINE ( 'NONE', #1471, #2995 ) ;
#1257 = EDGE_CURVE ( 'NONE', #2770, #2529, #429, .T. ) ;
#1258 = ORIENTED_EDGE ( 'NONE', *, *, #2844, .F. ) ;
#1259 = DIRECTION ( 'NONE',  ( 0.000000000000000000, -2.092620765740545622E-16, -1.000000000000000000 ) ) ;
#1260 = CYLINDRICAL_SURFACE ( 'NONE', #1004, 6.000000000000005329 ) ;
#1261 = VERTEX_POINT ( 'NONE', #2230 ) ;
#1262 = DIRECTION ( 'NONE',  ( -1.734723475976806848E-16, 1.000000000000000000, 0.000000000000000000 ) ) ;
#1263 = EDGE_LOOP ( 'NONE', ( #160, #1442, #2219, #2391 ) ) ;
#1264 = VECTOR ( 'NONE', #1417, 1000.000000000000000 ) ;
#1265 = CARTESIAN_POINT ( 'NONE',  ( 74.99999999999997158, -66.00000000000008527, 29.99999999999996447 ) ) ;
#1266 = ADVANCED_FACE ( 'NONE', ( #2458 ), #1082, .T. ) ;
#1267 = AXIS2_PLACEMENT_3D ( 'NONE', #163, #2030, #1117 ) ;
#1268 = ADVANCED_FACE ( 'NONE', ( #2516 ), #2044, .F. ) ;
#1269 = DIRECTION ( 'NONE',  ( 0.000000000000000000, 0.000000000000000000, 1.000000000000000000 ) ) ;
#1270 = ORIENTED_EDGE ( 'NONE', *, *, #2259, .T. ) ;
#1271 = CARTESIAN_POINT ( 'NONE',  ( -34.99999999999996447, 59.99999999999998579, 2.999999999999980016 ) ) ;
#1272 = LINE ( 'NONE', #2888, #2359 ) ;
#1273 = EDGE_CURVE ( 'NONE', #2313, #2966, #444, .T. ) ;
#1274 = ORIENTED_EDGE ( 'NONE', *, *, #565, .F. ) ;
#1275 = LINE ( 'NONE', #102, #3000 ) ;
#1276 = CARTESIAN_POINT ( 'NONE',  ( 100.0000000000000000, 60.00000000000002132, -3.000000000000000000 ) ) ;
#1277 = ORIENTED_EDGE ( 'NONE', *, *, #1889, .F. ) ;
#1278 = CARTESIAN_POINT ( 'NONE',  ( 34.99999999999997158, 59.99999999999998579, 2.999999999999972911 ) ) ;
#1279 = VERTEX_POINT ( 'NONE', #2930 ) ;
#1280 = ORIENTED_EDGE ( 'NONE', *, *, #186, .T. ) ;
#1281 = FACE_OUTER_BOUND ( 'NONE', #2428, .T. ) ;
#1282 = CARTESIAN_POINT ( 'NONE',  ( -54.99999999999996447, 86.00000000000009948, 34.99999999999995737 ) ) ;
#1283 = EDGE_CURVE ( 'NONE', #2857, #939, #2289, .T. ) ;
#1284 = ORIENTED_EDGE ( 'NONE', *, *, #1514, .F. ) ;
#1285 = PLANE ( 'NONE',  #669 ) ;
#1286 = CARTESIAN_POINT ( 'NONE',  ( 34.99999999999997868, -68.00000000000009948, 29.99999999999995737 ) ) ;
#1287 = EDGE_LOOP ( 'NONE', ( #2514, #2881, #926, #1005 ) ) ;
#1288 = DIRECTION ( 'NONE',  ( 1.000000000000000000, -0.000000000000000000, 2.168404344971006896E-16 ) ) ;
#1289 = CARTESIAN_POINT ( 'NONE',  ( -74.99999999999997158, -68.00000000000009948, 29.99999999999995737 ) ) ;
#1290 = ADVANCED_FACE ( 'NONE', ( #841 ), #207, .F. ) ;
#1291 = ORIENTED_EDGE ( 'NONE', *, *, #2022, .F. ) ;
#1292 = CARTESIAN_POINT ( 'NONE',  ( 100.0000000000001705, -59.99999999999998579, -60.00000000000000711 ) ) ;
#1293 = ORIENTED_EDGE ( 'NONE', *, *, #507, .T. ) ;
#1294 = AXIS2_PLACEMENT_3D ( 'NONE', #2430, #2617, #100 ) ;
#1295 = EDGE_CURVE ( 'NONE', #1360, #2626, #854, .T. ) ;
#1296 = CIRCLE ( 'NONE', #2403, 6.000000000000001776 ) ;
#1297 = DIRECTION ( 'NONE',  ( 0.000000000000000000, -2.092620765740545622E-16, -1.000000000000000000 ) ) ;
#1298 = AXIS2_PLACEMENT_3D ( 'NONE', #2670, #2480, #1511 ) ;
#1299 = CIRCLE ( 'NONE', #317, 7.499999999999992895 ) ;
#1300 = VECTOR ( 'NONE', #2191, 1000.000000000000000 ) ;
#1301 = VECTOR ( 'NONE', #806, 1000.000000000000000 ) ;
#1302 = DIRECTION ( 'NONE',  ( -1.000000000000000000, 1.734723475976800438E-16, 6.056754644426093745E-31 ) ) ;
#1303 = VERTEX_POINT ( 'NONE', #2980 ) ;
#1304 = CARTESIAN_POINT ( 'NONE',  ( 74.99999999999997158, -59.99999999999998579, 2.999999999999971578 ) ) ;
#1305 = DIRECTION ( 'NONE',  ( 2.178071021188011836E-31, 0.000000000000000000, 1.000000000000000000 ) ) ;
#1306 = VECTOR ( 'NONE', #1309, 1000.000000000000000 ) ;
#1307 = EDGE_CURVE ( 'NONE', #1225, #717, #2472, .T. ) ;
#1308 = ORIENTED_EDGE ( 'NONE', *, *, #1096, .F. ) ;
#1309 = DIRECTION ( 'NONE',  ( 1.000000000000000000, 1.387778780781445676E-16, -0.000000000000000000 ) ) ;
#1310 = CARTESIAN_POINT ( 'NONE',  ( 54.99999999999996447, 93.50000000000009948, 31.99999999999995381 ) ) ;
#1311 = EDGE_LOOP ( 'NONE', ( #1680, #456, #746, #734, #956 ) ) ;
#1312 = PLANE ( 'NONE',  #618 ) ;
#1313 = DIRECTION ( 'NONE',  ( 0.000000000000000000, 2.092620765740545622E-16, -1.000000000000000000 ) ) ;
#1314 = DIRECTION ( 'NONE',  ( -1.000000000000000000, -1.156482317317871725E-16, 3.391901413832836801E-15 ) ) ;
#1315 = CIRCLE ( 'NONE', #2468, 7.499999999999992895 ) ;
#1316 = CARTESIAN_POINT ( 'NONE',  ( 34.99999999999996447, -59.99999999999998579, -3.642919299551294898E-14 ) ) ;
#1317 = ORIENTED_EDGE ( 'NONE', *, *, #2075, .F. ) ;
#1318 = LINE ( 'NONE', #1951, #1865 ) ;
#1319 = FACE_BOUND ( 'NONE', #2730, .T. ) ;
#1320 = VECTOR ( 'NONE', #1331, 1000.000000000000000 ) ;
#1321 = VERTEX_POINT ( 'NONE', #1799 ) ;
#1322 = CARTESIAN_POINT ( 'NONE',  ( -34.99999999999996447, 59.99999999999998579, 2.999999999999980016 ) ) ;
#1323 = CARTESIAN_POINT ( 'NONE',  ( 34.99999999999997868, -68.00000000000009948, 29.99999999999995737 ) ) ;
#1324 = ORIENTED_EDGE ( 'NONE', *, *, #2528, .F. ) ;
#1325 = CARTESIAN_POINT ( 'NONE',  ( 54.99999999999996447, -86.00000000000009948, 34.99999999999995737 ) ) ;
#1326 = PLANE ( 'NONE',  #319 ) ;
#1327 = ORIENTED_EDGE ( 'NONE', *, *, #1233, .T. ) ;
#1328 = CYLINDRICAL_SURFACE ( 'NONE', #384, 7.499999999999992895 ) ;
#1329 = CARTESIAN_POINT ( 'NONE',  ( 34.99999999999997868, -66.00000000000009948, 34.99999999999996447 ) ) ;
#1330 = ORIENTED_EDGE ( 'NONE', *, *, #1376, .F. ) ;
#1331 = DIRECTION ( 'NONE',  ( 0.000000000000000000, 0.000000000000000000, -1.000000000000000000 ) ) ;
#1332 = PLANE ( 'NONE',  #365 ) ;
#1333 = EDGE_LOOP ( 'NONE', ( #1572, #1475, #558, #2761 ) ) ;
#1334 = CARTESIAN_POINT ( 'NONE',  ( -100.0000000000003979, -7.112366251504956419E-15, -120.0000000000000000 ) ) ;
#1335 = CARTESIAN_POINT ( 'NONE',  ( 74.99999999999997158, -66.00000000000009948, 29.99999999999996447 ) ) ;
#1336 = ORIENTED_EDGE ( 'NONE', *, *, #278, .F. ) ;
#1337 = DIRECTION ( 'NONE',  ( 0.000000000000000000, 0.000000000000000000, 1.000000000000000000 ) ) ;
#1338 = DIRECTION ( 'NONE',  ( -1.000000000000000000, 1.156482317317871478E-16, -3.491481338843133355E-15 ) ) ;
#1339 = ADVANCED_FACE ( 'NONE', ( #1786 ), #1772, .F. ) ;
#1340 = ORIENTED_EDGE ( 'NONE', *, *, #638, .F. ) ;
#1341 = CARTESIAN_POINT ( 'NONE',  ( 1.030103837281069419E-14, 66.00000000000009948, 29.99999999999996447 ) ) ;
#1342 = CIRCLE ( 'NONE', #2112, 12.50000000000000355 ) ;
#1343 = DIRECTION ( 'NONE',  ( 0.000000000000000000, 2.092620765740545622E-16, -1.000000000000000000 ) ) ;
#1344 = ORIENTED_EDGE ( 'NONE', *, *, #395, .F. ) ;
#1345 = DIRECTION ( 'NONE',  ( 1.000000000000000000, 1.387778780781445429E-16, 0.000000000000000000 ) ) ;
#1346 = AXIS2_PLACEMENT_3D ( 'NONE', #2585, #730, #509 ) ;
#1347 = FACE_OUTER_BOUND ( 'NONE', #2827, .T. ) ;
#1348 = AXIS2_PLACEMENT_3D ( 'NONE', #611, #873, #193 ) ;
#1349 = CIRCLE ( 'NONE', #1727, 12.50000000000000355 ) ;
#1350 = ORIENTED_EDGE ( 'NONE', *, *, #223, .T. ) ;
#1351 = PLANE ( 'NONE',  #2157 ) ;
#1352 = DIRECTION ( 'NONE',  ( 1.000000000000000000, 0.000000000000000000, 0.000000000000000000 ) ) ;
#1353 = CIRCLE ( 'NONE', #1826, 5.000000000000000888 ) ;
#1354 = ORIENTED_EDGE ( 'NONE', *, *, #1705, .T. ) ;
#1355 = DIRECTION ( 'NONE',  ( 0.000000000000000000, 0.000000000000000000, 1.000000000000000000 ) ) ;
#1356 = DIRECTION ( 'NONE',  ( 2.168404344971006896E-16, 0.000000000000000000, 1.000000000000000000 ) ) ;
#1357 = ORIENTED_EDGE ( 'NONE', *, *, #612, .T. ) ;
#1358 = CARTESIAN_POINT ( 'NONE',  ( 54.99999999999996447, 86.00000000000009948, 34.99999999999995737 ) ) ;
#1359 = PLANE ( 'NONE',  #2501 ) ;
#1360 = VERTEX_POINT ( 'NONE', #396 ) ;
#1361 = DIRECTION ( 'NONE',  ( 1.000000000000000000, 0.000000000000000000, -2.168404344971006896E-16 ) ) ;
#1362 = CARTESIAN_POINT ( 'NONE',  ( 34.99999999999997868, -68.00000000000009948, 29.99999999999995737 ) ) ;
#1363 = APPROVAL_PERSON_ORGANIZATION ( #2808, #2562, #1832 ) ;
#1364 = ORIENTED_EDGE ( 'NONE', *, *, #1953, .F. ) ;
#1365 = CARTESIAN_POINT ( 'NONE',  ( 34.99999999999997868, 63.00000000000009948, 29.99999999999997513 ) ) ;
#1366 = DIRECTION ( 'NONE',  ( -1.000000000000000000, -1.156482317317871478E-16, 3.491481338843133355E-15 ) ) ;
#1367 = EDGE_CURVE ( 'NONE', #1375, #1170, #1098, .T. ) ;
#1368 = VERTEX_POINT ( 'NONE', #1576 ) ;
#1369 = CARTESIAN_POINT ( 'NONE',  ( -34.99999999999996447, -68.00000000000009948, 34.99999999999996447 ) ) ;
#1370 = CARTESIAN_POINT ( 'NONE',  ( -94.00000000000000000, 60.00000000000001421, -6.000000000000001776 ) ) ;
#1371 = DIRECTION ( 'NONE',  ( 0.000000000000000000, 1.000000000000000000, 0.000000000000000000 ) ) ;
#1372 = ORIENTED_EDGE ( 'NONE', *, *, #497, .F. ) ;
#1373 = CARTESIAN_POINT ( 'NONE',  ( 74.99999999999997158, -63.00000000000008527, 29.99999999999997513 ) ) ;
#1374 = DIRECTION ( 'NONE',  ( 1.000000000000000000, 1.430699774001498616E-16, 2.312964634635738027E-16 ) ) ;
#1376 = EDGE_CURVE ( 'NONE', #2176, #2912, #890, .T. ) ;
#1375 = VERTEX_POINT ( 'NONE', #2732 ) ;
#1377 = CARTESIAN_POINT ( 'NONE',  ( -1.022076021882505480E-14, -66.00000000000009948, 29.99999999999996447 ) ) ;
#1378 = DIRECTION ( 'NONE',  ( 1.000000000000000000, -1.040834085586084059E-15, 2.178071021188011836E-31 ) ) ;
#1379 = EDGE_LOOP ( 'NONE', ( #2387, #1844, #421, #26 ) ) ;
#1380 = CARTESIAN_POINT ( 'NONE',  ( -54.99999999999996447, -86.00000000000009948, 31.99999999999995381 ) ) ;
#1381 = CARTESIAN_POINT ( 'NONE',  ( 74.99999999999997158, 63.00000000000009948, 29.99999999999997513 ) ) ;
#1382 = ORIENTED_EDGE ( 'NONE', *, *, #2891, .T. ) ;
#1383 = CALENDAR_DATE ( 2026, 11, 7 ) ;
#1384 = ADVANCED_FACE ( 'NONE', ( #971 ), #230, .T. ) ;
#1385 = LINE ( 'NONE', #2305, #1153 ) ;
#1386 = EDGE_LOOP ( 'NONE', ( #1137, #182 ) ) ;
#1387 = CARTESIAN_POINT ( 'NONE',  ( 54.99999999999996447, 86.00000000000009948, 34.99999999999995737 ) ) ;
#1388 = PLANE ( 'NONE',  #1052 ) ;
#1389 = AXIS2_PLACEMENT_3D ( 'NONE', #2829, #759, #2575 ) ;
#1390 = CIRCLE ( 'NONE', #470, 20.00000000000001776 ) ;
#1391 = AXIS2_PLACEMENT_3D ( 'NONE', #304, #1238, #1715 ) ;
#1392 = ORIENTED_EDGE ( 'NONE', *, *, #1201, .T. ) ;
#1393 = CARTESIAN_POINT ( 'NONE',  ( 54.99999999999996447, 86.00000000000009948, 31.99999999999995381 ) ) ;
#1394 = CARTESIAN_POINT ( 'NONE',  ( -94.00000000000000000, -59.99999999999998579, -3.000000000000012879 ) ) ;
#1395 = ORIENTED_EDGE ( 'NONE', *, *, #824, .T. ) ;
#1396 = DIRECTION ( 'NONE',  ( 0.000000000000000000, -2.092620765740545869E-16, -1.000000000000000000 ) ) ;
#1397 = DIRECTION ( 'NONE',  ( 0.000000000000000000, 3.700743415417187942E-15, -1.000000000000000000 ) ) ;
#1398 = ADVANCED_FACE ( 'NONE', ( #2108, #2794 ), #2095, .T. ) ;
#1399 = VERTEX_POINT ( 'NONE', #3001 ) ;
#1400 = DATE_AND_TIME ( #2128, #42 ) ;
#1401 = DIRECTION ( 'NONE',  ( -0.000000000000000000, 1.000000000000000000, -0.000000000000000000 ) ) ;
#1402 = VERTEX_POINT ( 'NONE', #2582 ) ;
#1403 = CARTESIAN_POINT ( 'NONE',  ( 100.0000000000001847, -59.99999999999998579, -60.00000000000000711 ) ) ;
#1404 = DIRECTION ( 'NONE',  ( -1.430699774001490481E-16, 1.000000000000000000, 3.491481338843133750E-15 ) ) ;
#1405 = VERTEX_POINT ( 'NONE', #1607 ) ;
#1406 = CYLINDRICAL_SURFACE ( 'NONE', #1100, 12.50000000000000355 ) ;
#1407 = DIRECTION ( 'NONE',  ( -1.000000000000000000, -0.000000000000000000, 2.168404344971006896E-16 ) ) ;
#1408 = AXIS2_PLACEMENT_3D ( 'NONE', #781, #2641, #2628 ) ;
#1409 = ORIENTED_EDGE ( 'NONE', *, *, #1109, .T. ) ;
#1410 = DIRECTION ( 'NONE',  ( 1.000000000000000000, -1.156482317317871725E-16, 3.391901413832836801E-15 ) ) ;
#1411 = LINE ( 'NONE', #2805, #1209 ) ;
#1412 = VECTOR ( 'NONE', #857, 1000.000000000000000 ) ;
#1413 = ORIENTED_EDGE ( 'NONE', *, *, #2624, .T. ) ;
#1414 = APPROVAL_DATE_TIME ( #950, #2917 ) ;
#1415 = CARTESIAN_POINT ( 'NONE',  ( 34.99999999999996447, -59.99999999999998579, 2.999999999999980016 ) ) ;
#1416 = ORIENTED_EDGE ( 'NONE', *, *, #223, .F. ) ;
#1417 = DIRECTION ( 'NONE',  ( 1.000000000000000000, 0.000000000000000000, -2.168404344971006896E-16 ) ) ;
#1418 = ADVANCED_FACE ( 'NONE', ( #708 ), #2392, .F. ) ;
#1419 = CARTESIAN_POINT ( 'NONE',  ( 99.99999999999998579, -59.99999999999998579, 0.000000000000000000 ) ) ;
#1420 = EDGE_CURVE ( 'NONE', #2770, #1591, #309, .T. ) ;
#1421 = VERTEX_POINT ( 'NONE', #458 ) ;
#1422 = CARTESIAN_POINT ( 'NONE',  ( 74.99999999999997158, 65.99999999999998579, 2.999999999999942712 ) ) ;
#1423 = FACE_OUTER_BOUND ( 'NONE', #36, .T. ) ;
#1424 = EDGE_LOOP ( 'NONE', ( #1745, #1534, #2019, #1254 ) ) ;
#1425 = CARTESIAN_POINT ( 'NONE',  ( 100.0000000000001847, -6.938893903907251255E-15, -60.00000000000000711 ) ) ;
#1426 = FACE_OUTER_BOUND ( 'NONE', #1127, .T. ) ;
#1427 = VERTEX_POINT ( 'NONE', #1245 ) ;
#1428 = DATE_AND_TIME ( #2581, #1929 ) ;
#1429 = ADVANCED_FACE ( 'NONE', ( #2810 ), #2779, .F. ) ;
#1430 = CARTESIAN_POINT ( 'NONE',  ( 99.99999999999998579, -59.99999999999998579, 0.000000000000000000 ) ) ;
#1431 = FACE_OUTER_BOUND ( 'NONE', #946, .T. ) ;
#1432 = ORIENTED_EDGE ( 'NONE', *, *, #120, .F. ) ;
#1433 = CARTESIAN_POINT ( 'NONE',  ( 34.99999999999996447, -59.99999999999998579, 2.999999999999980016 ) ) ;
#1434 = DIRECTION ( 'NONE',  ( 6.938893903907227392E-16, -1.000000000000000000, -2.092620765740545622E-16 ) ) ;
#1435 = ORIENTED_EDGE ( 'NONE', *, *, #2268, .T. ) ;
#1436 = CYLINDRICAL_SURFACE ( 'NONE', #2212, 5.000000000000004441 ) ;
#1437 = DIRECTION ( 'NONE',  ( 1.430699774001490481E-16, -1.000000000000000000, 3.491481338843133750E-15 ) ) ;
#1438 = CIRCLE ( 'NONE', #1177, 7.499999999999992895 ) ;
#1439 = AXIS2_PLACEMENT_3D ( 'NONE', #684, #617, #2723 ) ;
#1440 = VECTOR ( 'NONE', #2766, 1000.000000000000000 ) ;
#1441 = AXIS2_PLACEMENT_3D ( 'NONE', #2788, #2832, #1451 ) ;
#1442 = ORIENTED_EDGE ( 'NONE', *, *, #2000, .T. ) ;
#1443 = VECTOR ( 'NONE', #502, 1000.000000000000000 ) ;
#1444 = CYLINDRICAL_SURFACE ( 'NONE', #2571, 59.99999999999999289 ) ;
#1445 = ADVANCED_FACE ( 'NONE', ( #1708 ), #2167, .T. ) ;
#1446 = EDGE_LOOP ( 'NONE', ( #706, #2037, #2421, #2680 ) ) ;
#1447 = CARTESIAN_POINT ( 'NONE',  ( 97.00000000000000000, 60.00000000000001421, -5.999999999999991118 ) ) ;
#1448 = LINE ( 'NONE', #700, #665 ) ;
#1449 = VERTEX_POINT ( 'NONE', #1833 ) ;
#1450 = CARTESIAN_POINT ( 'NONE',  ( -34.99999999999997868, 66.00000000000009948, 29.99999999999996447 ) ) ;
#1451 = DIRECTION ( 'NONE',  ( 0.000000000000000000, 1.000000000000000000, -3.469446951953611231E-16 ) ) ;
#1452 = EDGE_CURVE ( 'NONE', #2857, #804, #6, .T. ) ;
#1453 = ORIENTED_EDGE ( 'NONE', *, *, #203, .F. ) ;
#1454 = AXIS2_PLACEMENT_3D ( 'NONE', #2781, #2902, #808 ) ;
#1455 = EDGE_CURVE ( 'NONE', #1871, #2109, #79, .T. ) ;
#1456 = CARTESIAN_POINT ( 'NONE',  ( 54.99999999999996447, -86.00000000000009948, 34.99999999999995737 ) ) ;
#1457 = CARTESIAN_POINT ( 'NONE',  ( 74.99999999999997158, 68.00000000000009948, 29.99999999999995737 ) ) ;
#1458 = ORIENTED_EDGE ( 'NONE', *, *, #2806, .T. ) ;
#1459 = CARTESIAN_POINT ( 'NONE',  ( -34.99999999999997868, -66.00000000000009948, 29.99999999999996447 ) ) ;
#1460 = DIRECTION ( 'NONE',  ( 1.040834085586084059E-15, -1.000000000000000000, 2.092620765740545622E-16 ) ) ;
#1461 = ORIENTED_EDGE ( 'NONE', *, *, #527, .T. ) ;
#1462 = CARTESIAN_POINT ( 'NONE',  ( 100.0000000000001847, -6.938893903907251255E-15, -60.00000000000000711 ) ) ;
#1463 = LINE ( 'NONE', #1943, #2846 ) ;
#1464 = DIRECTION ( 'NONE',  ( 0.000000000000000000, -2.092620765740545622E-16, -1.000000000000000000 ) ) ;
#1465 = ORIENTED_EDGE ( 'NONE', *, *, #901, .T. ) ;
#1466 = APPLICATION_CONTEXT ( 'configuration controlled 3d designs of mechanical parts and assemblies' ) ;
#1467 = EDGE_CURVE ( 'NONE', #2865, #4, #743, .T. ) ;
#1468 = DIRECTION ( 'NONE',  ( 0.000000000000000000, 1.000000000000000000, 3.469446951953611231E-16 ) ) ;
#1469 = ORIENTED_EDGE ( 'NONE', *, *, #1017, .T. ) ;
#1470 = CARTESIAN_POINT ( 'NONE',  ( 99.99999999999998579, -59.99999999999998579, -3.000000000000000000 ) ) ;
#1471 = CARTESIAN_POINT ( 'NONE',  ( -34.99999999999996447, -59.99999999999998579, -3.000000000000030198 ) ) ;
#1472 = EDGE_LOOP ( 'NONE', ( #1634, #582 ) ) ;
#1473 = CARTESIAN_POINT ( 'NONE',  ( -54.99999999999996447, 86.00000000000009948, 31.99999999999995381 ) ) ;
#1474 = DIRECTION ( 'NONE',  ( -1.000000000000000000, 0.000000000000000000, 0.000000000000000000 ) ) ;
#1475 = ORIENTED_EDGE ( 'NONE', *, *, #2346, .T. ) ;
#1476 = AXIS2_PLACEMENT_3D ( 'NONE', #2294, #895, #686 ) ;
#1477 = LINE ( 'NONE', #2531, #1529 ) ;
#1478 = AXIS2_PLACEMENT_3D ( 'NONE', #1894, #1374, #1147 ) ;
#1479 = CARTESIAN_POINT ( 'NONE',  ( -94.00000000000000000, 60.00000000000001421, -3.000000000000012879 ) ) ;
#1480 = AXIS2_PLACEMENT_3D ( 'NONE', #1325, #2422, #1064 ) ;
#1481 = ORIENTED_EDGE ( 'NONE', *, *, #2844, .T. ) ;
#1482 = VECTOR ( 'NONE', #2272, 1000.000000000000000 ) ;
#1483 = DIRECTION ( 'NONE',  ( -1.734723475976800438E-16, -1.000000000000000000, -3.700743415417187942E-15 ) ) ;
#1484 = EDGE_CURVE ( 'NONE', #2573, #266, #951, .T. ) ;
#1485 = CARTESIAN_POINT ( 'NONE',  ( 74.99999999999997158, 59.99999999999998579, 2.999999999999964029 ) ) ;
#1486 = ORIENTED_EDGE ( 'NONE', *, *, #2484, .F. ) ;
#1487 = DIRECTION ( 'NONE',  ( 0.000000000000000000, 0.000000000000000000, -1.000000000000000000 ) ) ;
#1488 = LINE ( 'NONE', #352, #1766 ) ;
#1489 = EDGE_LOOP ( 'NONE', ( #2875, #50, #625, #208 ) ) ;
#1490 = CARTESIAN_POINT ( 'NONE',  ( 54.99999999999996447, -78.50000000000011369, 31.99999999999995381 ) ) ;
#1491 = DIRECTION ( 'NONE',  ( 0.000000000000000000, 1.000000000000000000, 0.000000000000000000 ) ) ;
#1492 = ORIENTED_EDGE ( 'NONE', *, *, #514, .T. ) ;
#1493 = CYLINDRICAL_SURFACE ( 'NONE', #1480, 20.00000000000001776 ) ;
#1494 = LINE ( 'NONE', #1065, #968 ) ;
#1495 = EDGE_CURVE ( 'NONE', #2335, #259, #2638, .T. ) ;
#1496 = EDGE_CURVE ( 'NONE', #1516, #829, #329, .T. ) ;
#1497 = VECTOR ( 'NONE', #2110, 1000.000000000000000 ) ;
#1498 = CYLINDRICAL_SURFACE ( 'NONE', #1022, 20.00000000000001776 ) ;
#1499 = CIRCLE ( 'NONE', #244, 2.999999999999988898 ) ;
#1500 = EDGE_CURVE ( 'NONE', #178, #813, #1477, .T. ) ;
#1501 = FACE_OUTER_BOUND ( 'NONE', #1519, .T. ) ;
#1502 = ORIENTED_EDGE ( 'NONE', *, *, #343, .F. ) ;
#1503 = DIRECTION ( 'NONE',  ( 2.168404344971006896E-16, 0.000000000000000000, -1.000000000000000000 ) ) ;
#1504 = CARTESIAN_POINT ( 'NONE',  ( 54.99999999999996447, 93.50000000000009948, 34.99999999999995737 ) ) ;
#1505 = EDGE_CURVE ( 'NONE', #1225, #2262, #124, .T. ) ;
#1506 = ORIENTED_EDGE ( 'NONE', *, *, #2579, .F. ) ;
#1507 = DIRECTION ( 'NONE',  ( -2.178071021188011836E-31, 0.000000000000000000, 1.000000000000000000 ) ) ;
#1508 = EDGE_CURVE ( 'NONE', #849, #2462, #1385, .T. ) ;
#1509 = DIRECTION ( 'NONE',  ( 0.000000000000000000, -2.092620765740545622E-16, -1.000000000000000000 ) ) ;
#1510 = ORIENTED_EDGE ( 'NONE', *, *, #541, .T. ) ;
#1511 = DIRECTION ( 'NONE',  ( 0.000000000000000000, 1.000000000000000000, 0.000000000000000000 ) ) ;
#1512 = ORIENTED_EDGE ( 'NONE', *, *, #2901, .T. ) ;
#1513 = CARTESIAN_POINT ( 'NONE',  ( -34.99999999999997158, -59.99999999999998579, -2.992397996059992238E-14 ) ) ;
#1514 = EDGE_CURVE ( 'NONE', #2072, #1859, #3016, .T. ) ;
#1515 = CYLINDRICAL_SURFACE ( 'NONE', #318, 7.499999999999992895 ) ;
#1516 = VERTEX_POINT ( 'NONE', #1292 ) ;
#1517 = DIRECTION ( 'NONE',  ( -0.000000000000000000, 1.000000000000000000, -0.000000000000000000 ) ) ;
#1518 = LINE ( 'NONE', #323, #116 ) ;
#1519 = EDGE_LOOP ( 'NONE', ( #1130, #373, #504, #479 ) ) ;
#1520 = DIRECTION ( 'NONE',  ( -3.469446951953614583E-15, -8.881784197001251337E-16, -1.000000000000000000 ) ) ;
#1521 = LINE ( 'NONE', #789, #2302 ) ;
#1522 = EDGE_LOOP ( 'NONE', ( #2984, #54, #692, #1222 ) ) ;
#1523 = CYLINDRICAL_SURFACE ( 'NONE', #2260, 6.000000000000019540 ) ;
#1524 = EDGE_LOOP ( 'NONE', ( #2240, #2607, #1357, #2332 ) ) ;
#1525 = AXIS2_PLACEMENT_3D ( 'NONE', #2523, #1107, #451 ) ;
#1526 = CIRCLE ( 'NONE', #1206, 20.00000000000001776 ) ;
#1527 = AXIS2_PLACEMENT_3D ( 'NONE', #1362, #664, #1582 ) ;
#1528 =( NAMED_UNIT ( * ) SI_UNIT ( $, .STERADIAN. ) SOLID_ANGLE_UNIT ( ) );
#1529 = VECTOR ( 'NONE', #727, 1000.000000000000000 ) ;
#1530 = VECTOR ( 'NONE', #2105, 1000.000000000000000 ) ;
#1531 = AXIS2_PLACEMENT_3D ( 'NONE', #2923, #819, #1520 ) ;
#1532 = VECTOR ( 'NONE', #1474, 1000.000000000000000 ) ;
#1533 = DIRECTION ( 'NONE',  ( -1.734723475976800438E-16, 1.000000000000000000, -3.700743415417187942E-15 ) ) ;
#1534 = ORIENTED_EDGE ( 'NONE', *, *, #1496, .F. ) ;
#1535 = CARTESIAN_POINT ( 'NONE',  ( 54.99999999999996447, 86.00000000000009948, 31.99999999999995381 ) ) ;
#1536 = DIRECTION ( 'NONE',  ( 0.000000000000000000, -1.000000000000000000, 2.092620765740545622E-16 ) ) ;
#1537 = AXIS2_PLACEMENT_3D ( 'NONE', #2650, #2445, #1759 ) ;
#1538 = ORIENTED_EDGE ( 'NONE', *, *, #203, .T. ) ;
#1539 = CARTESIAN_POINT ( 'NONE',  ( -54.99999999999996447, -86.00000000000009948, 34.99999999999995737 ) ) ;
#1540 = DIRECTION ( 'NONE',  ( -3.491481338843133355E-15, 0.000000000000000000, 1.000000000000000000 ) ) ;
#1541 = ORIENTED_EDGE ( 'NONE', *, *, #15, .T. ) ;
#1542 = LINE ( 'NONE', #850, #1676 ) ;
#1543 = ADVANCED_FACE ( 'NONE', ( #404 ), #1312, .F. ) ;
#1544 = EDGE_LOOP ( 'NONE', ( #1754, #1855, #1901, #1458 ) ) ;
#1545 = ORIENTED_EDGE ( 'NONE', *, *, #1094, .F. ) ;
#1546 = EDGE_CURVE ( 'NONE', #305, #1871, #2307, .T. ) ;
#1547 = SECURITY_CLASSIFICATION ( '', '', #476 ) ;
#1548 = DIRECTION ( 'NONE',  ( 1.430699774001490728E-16, 1.000000000000000000, 0.000000000000000000 ) ) ;
#1549 = ORIENTED_EDGE ( 'NONE', *, *, #1773, .F. ) ;
#1550 = CARTESIAN_POINT ( 'NONE',  ( -94.00000000000000000, -59.99999999999998579, -6.000000000000001776 ) ) ;
#1551 = CYLINDRICAL_SURFACE ( 'NONE', #766, 3.000000000000002665 ) ;
#1552 = ORIENTED_EDGE ( 'NONE', *, *, #2591, .F. ) ;
#1553 = DIRECTION ( 'NONE',  ( -1.000000000000000000, -1.734723475976807094E-16, 0.000000000000000000 ) ) ;
#1554 = DIRECTION ( 'NONE',  ( 0.000000000000000000, -0.000000000000000000, -1.000000000000000000 ) ) ;
#1555 = EDGE_CURVE ( 'NONE', #2277, #2783, #94, .T. ) ;
#1556 = EDGE_CURVE ( 'NONE', #717, #1155, #1964, .T. ) ;
#1557 = ORIENTED_EDGE ( 'NONE', *, *, #602, .F. ) ;
#1558 = LINE ( 'NONE', #2684, #2123 ) ;
#1559 = CARTESIAN_POINT ( 'NONE',  ( -99.99999999999998579, -59.99999999999998579, -5.999999999999981348 ) ) ;
#1560 = ORIENTED_EDGE ( 'NONE', *, *, #541, .F. ) ;
#1561 = EDGE_CURVE ( 'NONE', #2540, #797, #1542, .T. ) ;
#1562 = DIRECTION ( 'NONE',  ( 1.000000000000000000, -1.430699774001490728E-16, -5.294652768074875655E-31 ) ) ;
#1563 = VERTEX_POINT ( 'NONE', #2238 ) ;
#1564 = LINE ( 'NONE', #460, #492 ) ;
#1565 = DIRECTION ( 'NONE',  ( 3.491481338843133355E-15, 9.587455514061370150E-33, 1.000000000000000000 ) ) ;
#1566 = ORIENTED_EDGE ( 'NONE', *, *, #839, .F. ) ;
#1567 = DIRECTION ( 'NONE',  ( -1.000000000000000000, 1.734723475976800438E-16, 6.056754644426093745E-31 ) ) ;
#1568 = FACE_OUTER_BOUND ( 'NONE', #1619, .T. ) ;
#1569 = VERTEX_POINT ( 'NONE', #837 ) ;
#1570 = DIRECTION ( 'NONE',  ( 0.000000000000000000, 0.000000000000000000, -1.000000000000000000 ) ) ;
#1571 = CARTESIAN_POINT ( 'NONE',  ( 54.99999999999996447, 106.0000000000001279, 34.99999999999995026 ) ) ;
#1572 = ORIENTED_EDGE ( 'NONE', *, *, #105, .T. ) ;
#1573 = CARTESIAN_POINT ( 'NONE',  ( 74.99999999999997158, 62.99999999999998579, 2.999999999999952927 ) ) ;
#1574 = EDGE_CURVE ( 'NONE', #2462, #2852, #2062, .T. ) ;
#1575 = AXIS2_PLACEMENT_3D ( 'NONE', #1883, #2785, #292 ) ;
#1576 = CARTESIAN_POINT ( 'NONE',  ( 74.99999999999997158, -59.99999999999999289, -3.000000000000000000 ) ) ;
#1577 = ORIENTED_EDGE ( 'NONE', *, *, #448, .T. ) ;
#1578 = AXIS2_PLACEMENT_3D ( 'NONE', #1304, #2460, #2217 ) ;
#1579 = DIRECTION ( 'NONE',  ( 0.000000000000000000, -1.000000000000000000, 0.000000000000000000 ) ) ;
#1580 = EDGE_CURVE ( 'NONE', #259, #2626, #1632, .T. ) ;
#1581 = VECTOR ( 'NONE', #1404, 1000.000000000000000 ) ;
#1582 = DIRECTION ( 'NONE',  ( 0.000000000000000000, 0.000000000000000000, 1.000000000000000000 ) ) ;
#1583 = AXIS2_PLACEMENT_3D ( 'NONE', #2337, #1401, #258 ) ;
#1584 = ORIENTED_EDGE ( 'NONE', *, *, #1233, .F. ) ;
#1585 = FACE_OUTER_BOUND ( 'NONE', #1263, .T. ) ;
#1586 = CARTESIAN_POINT ( 'NONE',  ( -97.00000000000018474, -6.938893903907251255E-15, -60.00000000000002132 ) ) ;
#1587 = AXIS2_PLACEMENT_3D ( 'NONE', #1462, #17, #788 ) ;
#1588 = VERTEX_POINT ( 'NONE', #2004 ) ;
#1589 = DIRECTION ( 'NONE',  ( -3.330669073875468832E-15, 0.000000000000000000, 1.000000000000000000 ) ) ;
#1590 = CARTESIAN_POINT ( 'NONE',  ( -54.99999999999996447, -93.50000000000009948, 31.99999999999995381 ) ) ;
#1591 = VERTEX_POINT ( 'NONE', #345 ) ;
#1592 = LINE ( 'NONE', #1798, #634 ) ;
#1593 = ADVANCED_FACE ( 'NONE', ( #1723, #1077 ), #2466, .T. ) ;
#1594 = DIRECTION ( 'NONE',  ( -1.000000000000000000, 0.000000000000000000, 0.000000000000000000 ) ) ;
#1595 = EDGE_LOOP ( 'NONE', ( #1270, #1293 ) ) ;
#1596 = DIRECTION ( 'NONE',  ( 0.000000000000000000, 1.000000000000000000, -3.469446951953611231E-16 ) ) ;
#1597 = CARTESIAN_POINT ( 'NONE',  ( 34.99999999999996447, 68.00000000000009948, 34.99999999999996447 ) ) ;
#1598 = EDGE_CURVE ( 'NONE', #2852, #975, #1961, .T. ) ;
#1599 = AXIS2_PLACEMENT_3D ( 'NONE', #1784, #889, #2027 ) ;
#1600 = ORIENTED_EDGE ( 'NONE', *, *, #375, .T. ) ;
#1601 = CARTESIAN_POINT ( 'NONE',  ( -74.99999999999997158, 66.00000000000009948, 29.99999999999996447 ) ) ;
#1602 = PLANE ( 'NONE',  #1625 ) ;
#1603 = ORIENTED_EDGE ( 'NONE', *, *, #2713, .T. ) ;
#1604 = DIRECTION ( 'NONE',  ( 0.000000000000000000, 0.000000000000000000, -1.000000000000000000 ) ) ;
#1605 = CARTESIAN_POINT ( 'NONE',  ( 74.99999999999997158, -68.00000000000009948, 34.99999999999995737 ) ) ;
#1606 = ORIENTED_EDGE ( 'NONE', *, *, #983, .F. ) ;
#1607 = CARTESIAN_POINT ( 'NONE',  ( -96.99999999999998579, -59.99999999999998579, -5.999999999999991118 ) ) ;
#1608 = ORIENTED_EDGE ( 'NONE', *, *, #158, .T. ) ;
#1609 = LINE ( 'NONE', #1996, #1412 ) ;
#1610 = DIRECTION ( 'NONE',  ( 1.000000000000000000, 1.387778780781445676E-16, -0.000000000000000000 ) ) ;
#1611 = ADVANCED_FACE ( 'NONE', ( #2656 ), #1493, .T. ) ;
#1612 = ORIENTED_EDGE ( 'NONE', *, *, #1902, .T. ) ;
#1613 = LINE ( 'NONE', #1377, #2939 ) ;
#1614 = DIRECTION ( 'NONE',  ( -3.491481338843133355E-15, -3.652049423109065855E-16, -1.000000000000000000 ) ) ;
#1615 = CC_DESIGN_PERSON_AND_ORGANIZATION_ASSIGNMENT ( #2077, #457, ( #127 ) ) ;
#1616 = ORIENTED_EDGE ( 'NONE', *, *, #2372, .T. ) ;
#1617 = CARTESIAN_POINT ( 'NONE',  ( 97.00000000000018474, -6.591949208711889836E-15, -60.00000000000002132 ) ) ;
#1618 = CARTESIAN_POINT ( 'NONE',  ( 74.99999999999997158, -65.99999999999997158, -4.183900855524038258E-14 ) ) ;
#1619 = EDGE_LOOP ( 'NONE', ( #920, #1656, #152, #2568 ) ) ;
#1620 = DATE_AND_TIME ( #2107, #379 ) ;
#1621 = DIRECTION ( 'NONE',  ( -1.000000000000000000, 1.156482317317871478E-16, -3.491481338843133355E-15 ) ) ;
#1622 = EDGE_LOOP ( 'NONE', ( #1354, #1541, #1416, #2343 ) ) ;
#1623 = CARTESIAN_POINT ( 'NONE',  ( -100.0000000000001990, 60.00000000000000000, -60.00000000000002132 ) ) ;
#1624 = DIRECTION ( 'NONE',  ( 1.156482317317884051E-16, 1.000000000000000000, -3.652049423109061910E-16 ) ) ;
#1625 = AXIS2_PLACEMENT_3D ( 'NONE', #2694, #1378, #2971 ) ;
#1626 = AXIS2_PLACEMENT_3D ( 'NONE', #1151, #434, #3006 ) ;
#1627 = VECTOR ( 'NONE', #2047, 1000.000000000000000 ) ;
#1628 = ORIENTED_EDGE ( 'NONE', *, *, #1796, .F. ) ;
#1629 = CARTESIAN_POINT ( 'NONE',  ( 34.99999999999997868, -63.00000000000009948, 29.99999999999997513 ) ) ;
#1630 = EDGE_CURVE ( 'NONE', #1405, #1163, #1091, .T. ) ;
#1631 = DIRECTION ( 'NONE',  ( 1.000000000000000000, 1.156482317317871478E-16, -3.491481338843133355E-15 ) ) ;
#1632 = CIRCLE ( 'NONE', #2011, 12.50000000000000355 ) ;
#1633 = AXIS2_PLACEMENT_3D ( 'NONE', #2148, #18, #2139 ) ;
#1634 = ORIENTED_EDGE ( 'NONE', *, *, #1580, .F. ) ;
#1635 = AXIS2_PLACEMENT_3D ( 'NONE', #1380, #2250, #2989 ) ;
#1636 = CARTESIAN_POINT ( 'NONE',  ( -74.99999999999997158, 59.99999999999998579, -4.510281037539698445E-14 ) ) ;
#1637 = DIRECTION ( 'NONE',  ( 1.000000000000000000, 0.000000000000000000, 0.000000000000000000 ) ) ;
#1638 = EDGE_CURVE ( 'NONE', #350, #75, #171, .T. ) ;
#1639 = VERTEX_POINT ( 'NONE', #1781 ) ;
#1640 = APPROVAL_STATUS ( 'not_yet_approved' ) ;
#1641 = DIRECTION ( 'NONE',  ( 0.000000000000000000, 1.000000000000000000, 0.000000000000000000 ) ) ;
#1642 = ORIENTED_EDGE ( 'NONE', *, *, #1180, .F. ) ;
#1643 = DIRECTION ( 'NONE',  ( -0.000000000000000000, 2.092620765740545869E-16, 1.000000000000000000 ) ) ;
#1644 = FACE_OUTER_BOUND ( 'NONE', #2338, .T. ) ;
#1645 = ORIENTED_EDGE ( 'NONE', *, *, #839, .T. ) ;
#1646 = CARTESIAN_POINT ( 'NONE',  ( 100.0000000000001421, -6.938893903907251255E-15, -47.50000000000000000 ) ) ;
#1647 = CARTESIAN_POINT ( 'NONE',  ( 97.00000000000000000, -59.99999999999998579, -5.999999999999991118 ) ) ;
#1648 = ORIENTED_EDGE ( 'NONE', *, *, #2901, .F. ) ;
#1649 = CARTESIAN_POINT ( 'NONE',  ( -54.99999999999996447, -93.50000000000009948, 34.99999999999995737 ) ) ;
#1650 = CARTESIAN_POINT ( 'NONE',  ( -1.040834085586080312E-14, 62.99999999999998579, -2.220446049250312576E-13 ) ) ;
#1651 = ORIENTED_EDGE ( 'NONE', *, *, #311, .T. ) ;
#1652 = ADVANCED_FACE ( 'NONE', ( #2913 ), #2898, .T. ) ;
#1653 = CARTESIAN_POINT ( 'NONE',  ( -74.99999999999997158, -68.00000000000009948, 29.99999999999995737 ) ) ;
#1654 = CARTESIAN_POINT ( 'NONE',  ( 9.871828440610245838E-15, 62.99999999999998579, -2.220446049250312576E-13 ) ) ;
#1655 = DIRECTION ( 'NONE',  ( 1.000000000000000000, 1.734723475976806848E-16, -1.734723475976801424E-16 ) ) ;
#1656 = ORIENTED_EDGE ( 'NONE', *, *, #877, .T. ) ;
#1657 = DIRECTION ( 'NONE',  ( 0.000000000000000000, 2.092620765740545622E-16, -1.000000000000000000 ) ) ;
#1658 = CARTESIAN_POINT ( 'NONE',  ( 97.00000000000017053, -59.99999999999998579, -60.00000000000002132 ) ) ;
#1659 = ORIENTED_EDGE ( 'NONE', *, *, #827, .T. ) ;
#1660 = DIRECTION ( 'NONE',  ( 0.000000000000000000, 2.092620765740545869E-16, -1.000000000000000000 ) ) ;
#1661 = FACE_OUTER_BOUND ( 'NONE', #101, .T. ) ;
#1662 = ORIENTED_EDGE ( 'NONE', *, *, #1574, .F. ) ;
#1663 = DIRECTION ( 'NONE',  ( 1.156482317317884051E-16, -1.000000000000000000, 3.652049423109061910E-16 ) ) ;
#1664 = EDGE_CURVE ( 'NONE', #1588, #1090, #1558, .T. ) ;
#1665 = ADVANCED_FACE ( 'NONE', ( #607 ), #1523, .T. ) ;
#1666 = ORIENTED_EDGE ( 'NONE', *, *, #567, .T. ) ;
#1667 = FACE_OUTER_BOUND ( 'NONE', #1105, .T. ) ;
#1668 = VECTOR ( 'NONE', #1792, 1000.000000000000000 ) ;
#1669 = LINE ( 'NONE', #2376, #1148 ) ;
#1670 = CIRCLE ( 'NONE', #2058, 3.000000000000002665 ) ;
#1671 = VECTOR ( 'NONE', #41, 1000.000000000000000 ) ;
#1672 = ORIENTED_EDGE ( 'NONE', *, *, #987, .T. ) ;
#1673 = LINE ( 'NONE', #1016, #1966 ) ;
#1674 = EDGE_CURVE ( 'NONE', #1405, #1563, #1794, .T. ) ;
#1675 = PLANE ( 'NONE',  #1965 ) ;
#1676 = VECTOR ( 'NONE', #1764, 1000.000000000000000 ) ;
#1677 = AXIS2_PLACEMENT_3D ( 'NONE', #517, #1637, #2610 ) ;
#1678 = AXIS2_PLACEMENT_3D ( 'NONE', #1425, #2609, #2147 ) ;
#1679 = VECTOR ( 'NONE', #1738, 1000.000000000000000 ) ;
#1680 = ORIENTED_EDGE ( 'NONE', *, *, #919, .F. ) ;
#1681 = CIRCLE ( 'NONE', #1476, 6.000000000000001776 ) ;
#1682 = CARTESIAN_POINT ( 'NONE',  ( -94.00000000000000000, 60.00000000000001421, -3.000000000000012879 ) ) ;
#1683 = ADVANCED_FACE ( 'NONE', ( #718 ), #2560, .F. ) ;
#1684 = DIRECTION ( 'NONE',  ( 0.000000000000000000, 2.092620765740545869E-16, -1.000000000000000000 ) ) ;
#1685 = ORIENTED_EDGE ( 'NONE', *, *, #73, .T. ) ;
#1686 = CYLINDRICAL_SURFACE ( 'NONE', #720, 20.00000000000001776 ) ;
#1687 = CARTESIAN_POINT ( 'NONE',  ( 74.99999999999997158, -68.00000000000009948, 31.99999999999995737 ) ) ;
#1688 = EDGE_LOOP ( 'NONE', ( #902, #1274, #1733, #2150 ) ) ;
#1689 = CARTESIAN_POINT ( 'NONE',  ( -74.99999999999997158, 59.99999999999998579, -3.000000000000045297 ) ) ;
#1690 = DIRECTION ( 'NONE',  ( 2.312964634635743450E-16, 3.700743415417187942E-15, 1.000000000000000000 ) ) ;
#1691 = VECTOR ( 'NONE', #2515, 1000.000000000000000 ) ;
#1692 = EDGE_CURVE ( 'NONE', #2626, #259, #2654, .T. ) ;
#1693 = ORIENTED_EDGE ( 'NONE', *, *, #2564, .F. ) ;
#1694 = ORIENTED_EDGE ( 'NONE', *, *, #1160, .T. ) ;
#1695 = VECTOR ( 'NONE', #1903, 1000.000000000000000 ) ;
#1696 = PLANE ( 'NONE',  #2764 ) ;
#1697 = PRODUCT_DEFINITION_SHAPE ( 'NONE', 'NONE',  #127 ) ;
#1698 = FACE_OUTER_BOUND ( 'NONE', #2166, .T. ) ;
#1699 = EDGE_LOOP ( 'NONE', ( #1724, #250, #1648, #3005 ) ) ;
#1700 = DIRECTION ( 'NONE',  ( 0.000000000000000000, 0.000000000000000000, -1.000000000000000000 ) ) ;
#1701 = DIRECTION ( 'NONE',  ( -3.491481338843133355E-15, -3.652049423109065855E-16, -1.000000000000000000 ) ) ;
#1702 = EDGE_CURVE ( 'NONE', #106, #2580, #2946, .T. ) ;
#1703 = ORIENTED_EDGE ( 'NONE', *, *, #1820, .T. ) ;
#1704 = DIRECTION ( 'NONE',  ( 1.000000000000000000, 0.000000000000000000, 0.000000000000000000 ) ) ;
#1705 = EDGE_CURVE ( 'NONE', #1859, #2595, #2311, .T. ) ;
#1706 = PLANE ( 'NONE',  #1158 ) ;
#1707 = ORIENTED_EDGE ( 'NONE', *, *, #2244, .F. ) ;
#1708 = FACE_OUTER_BOUND ( 'NONE', #2440, .T. ) ;
#1709 = EDGE_CURVE ( 'NONE', #2966, #362, #2774, .T. ) ;
#1710 = LINE ( 'NONE', #2437, #573 ) ;
#1711 = FACE_OUTER_BOUND ( 'NONE', #2041, .T. ) ;
#1712 = CARTESIAN_POINT ( 'NONE',  ( 34.99999999999997868, 66.00000000000008527, 29.99999999999996447 ) ) ;
#1713 = ORIENTED_EDGE ( 'NONE', *, *, #983, .T. ) ;
#1714 = DIRECTION ( 'NONE',  ( 0.000000000000000000, -2.092620765740545869E-16, -1.000000000000000000 ) ) ;
#1715 = DIRECTION ( 'NONE',  ( 0.000000000000000000, 0.000000000000000000, -1.000000000000000000 ) ) ;
#1716 = EDGE_CURVE ( 'NONE', #1303, #2277, #2975, .T. ) ;
#1717 = ORIENTED_EDGE ( 'NONE', *, *, #1307, .T. ) ;
#1718 = DIRECTION ( 'NONE',  ( -1.430699774001490728E-16, -1.000000000000000000, -3.713525943768164663E-15 ) ) ;
#1719 = CARTESIAN_POINT ( 'NONE',  ( 54.99999999999996447, 86.00000000000009948, 34.99999999999995737 ) ) ;
#1720 = VECTOR ( 'NONE', #1690, 1000.000000000000000 ) ;
#1721 = ORIENTED_EDGE ( 'NONE', *, *, #2675, .T. ) ;
#1722 = CIRCLE ( 'NONE', #856, 2.999999999999988898 ) ;
#1723 = FACE_BOUND ( 'NONE', #1595, .T. ) ;
#1724 = ORIENTED_EDGE ( 'NONE', *, *, #2280, .F. ) ;
#1725 = AXIS2_PLACEMENT_3D ( 'NONE', #550, #1464, #1641 ) ;
#1726 = EDGE_CURVE ( 'NONE', #838, #148, #1353, .T. ) ;
#1727 = AXIS2_PLACEMENT_3D ( 'NONE', #643, #1338, #2513 ) ;
#1728 = PLANE ( 'NONE',  #140 ) ;
#1729 = DIRECTION ( 'NONE',  ( 1.000000000000000000, -1.430699774001498616E-16, -2.312964634635738027E-16 ) ) ;
#1730 = ORIENTED_EDGE ( 'NONE', *, *, #187, .F. ) ;
#1731 = CARTESIAN_POINT ( 'NONE',  ( -94.00000000000000000, 60.00000000000001421, -6.000000000000001776 ) ) ;
#1732 = CARTESIAN_POINT ( 'NONE',  ( 100.0000000000000000, 60.00000000000002132, 0.000000000000000000 ) ) ;
#1733 = ORIENTED_EDGE ( 'NONE', *, *, #2346, .F. ) ;
#1734 = PLANE ( 'NONE',  #2848 ) ;
#1735 = DIRECTION ( 'NONE',  ( 0.000000000000000000, 0.000000000000000000, 1.000000000000000000 ) ) ;
#1736 = ORIENTED_EDGE ( 'NONE', *, *, #1062, .F. ) ;
#1737 = DIRECTION ( 'NONE',  ( 0.000000000000000000, -1.000000000000000000, -3.686287386450703243E-15 ) ) ;
#1738 = DIRECTION ( 'NONE',  ( 1.452047347458674557E-31, 0.000000000000000000, 1.000000000000000000 ) ) ;
#1739 = CC_DESIGN_APPROVAL ( #2562, ( #127 ) ) ;
#1740 = DIRECTION ( 'NONE',  ( 0.000000000000000000, -2.092620765740545869E-16, -1.000000000000000000 ) ) ;
#1741 = CARTESIAN_POINT ( 'NONE',  ( -34.99999999999996447, 63.00000000000000000, 2.999999999999968914 ) ) ;
#1742 = ORIENTED_EDGE ( 'NONE', *, *, #1484, .F. ) ;
#1743 = DIRECTION ( 'NONE',  ( 1.000000000000000000, -1.156482317317871478E-16, 3.391901413832836801E-15 ) ) ;
#1744 = DIRECTION ( 'NONE',  ( -1.000000000000000000, -1.430699774001490728E-16, 5.294652768074875655E-31 ) ) ;
#1745 = ORIENTED_EDGE ( 'NONE', *, *, #1017, .F. ) ;
#1746 = LINE ( 'NONE', #1074, #1300 ) ;
#1747 = LINE ( 'NONE', #103, #1532 ) ;
#1748 = VERTEX_POINT ( 'NONE', #1807 ) ;
#1749 = DIRECTION ( 'NONE',  ( 1.387778780781445429E-16, -1.000000000000000000, 0.000000000000000000 ) ) ;
#1750 = EDGE_LOOP ( 'NONE', ( #475, #406, #1327, #760 ) ) ;
#1751 = CARTESIAN_POINT ( 'NONE',  ( 74.99999999999998579, 86.00000000000009948, 31.99999999999995381 ) ) ;
#1752 = ADVANCED_FACE ( 'NONE', ( #454 ), #189, .T. ) ;
#1753 = DIRECTION ( 'NONE',  ( 0.000000000000000000, 1.000000000000000000, 0.000000000000000000 ) ) ;
#1754 = ORIENTED_EDGE ( 'NONE', *, *, #1231, .F. ) ;
#1755 = PLANE ( 'NONE',  #2792 ) ;
#1756 = FACE_OUTER_BOUND ( 'NONE', #141, .T. ) ;
#1757 = ADVANCED_FACE ( 'NONE', ( #2526 ), #2512, .F. ) ;
#1758 = ORIENTED_EDGE ( 'NONE', *, *, #677, .F. ) ;
#1759 = DIRECTION ( 'NONE',  ( 0.000000000000000000, 0.000000000000000000, -1.000000000000000000 ) ) ;
#1760 = EDGE_CURVE ( 'NONE', #11, #1045, #704, .T. ) ;
#1761 = FACE_BOUND ( 'NONE', #1803, .T. ) ;
#1762 = EDGE_CURVE ( 'NONE', #2862, #2072, #1125, .T. ) ;
#1763 = ORIENTED_EDGE ( 'NONE', *, *, #1674, .T. ) ;
#1764 = DIRECTION ( 'NONE',  ( -0.000000000000000000, 3.700743415417187942E-15, -1.000000000000000000 ) ) ;
#1765 = PLANE ( 'NONE',  #1154 ) ;
#1766 = VECTOR ( 'NONE', #1971, 1000.000000000000000 ) ;
#1767 = AXIS2_PLACEMENT_3D ( 'NONE', #2354, #954, #974 ) ;
#1768 = DIRECTION ( 'NONE',  ( 1.000000000000000000, -1.734723475976800438E-16, 6.056754644426093745E-31 ) ) ;
#1769 = AXIS2_PLACEMENT_3D ( 'NONE', #1144, #409, #1753 ) ;
#1770 = VECTOR ( 'NONE', #2741, 1000.000000000000000 ) ;
#1771 = VECTOR ( 'NONE', #962, 1000.000000000000000 ) ;
#1772 = PLANE ( 'NONE',  #2551 ) ;
#1773 = EDGE_CURVE ( 'NONE', #879, #453, #74, .T. ) ;
#1774 = ORIENTED_EDGE ( 'NONE', *, *, #628, .T. ) ;
#1775 = DIRECTION ( 'NONE',  ( 0.000000000000000000, -2.092620765740545622E-16, -1.000000000000000000 ) ) ;
#1776 = DIRECTION ( 'NONE',  ( 0.000000000000000000, 1.000000000000000000, 0.000000000000000000 ) ) ;
#1777 = EDGE_LOOP ( 'NONE', ( #2482, #2708, #328, #657 ) ) ;
#1778 = DIRECTION ( 'NONE',  ( -3.330669073875468832E-15, 0.000000000000000000, -1.000000000000000000 ) ) ;
#1779 = DIRECTION ( 'NONE',  ( -3.469446951953614583E-15, 0.000000000000000000, -1.000000000000000000 ) ) ;
#1780 = ORIENTED_EDGE ( 'NONE', *, *, #53, .F. ) ;
#1781 = CARTESIAN_POINT ( 'NONE',  ( 34.99999999999997868, -66.00000000000009948, 29.99999999999996447 ) ) ;
#1782 = DIRECTION ( 'NONE',  ( 0.000000000000000000, 1.000000000000000000, 0.000000000000000000 ) ) ;
#1783 = ORIENTED_EDGE ( 'NONE', *, *, #638, .T. ) ;
#1784 = CARTESIAN_POINT ( 'NONE',  ( -34.99999999999997868, 68.00000000000009948, 29.99999999999995737 ) ) ;
#1785 = AXIS2_PLACEMENT_3D ( 'NONE', #2324, #28, #8 ) ;
#1786 = FACE_OUTER_BOUND ( 'NONE', #1983, .T. ) ;
#1787 = ORIENTED_EDGE ( 'NONE', *, *, #2961, .F. ) ;
#1788 = DIRECTION ( 'NONE',  ( 1.040834085586084059E-15, 1.000000000000000000, 2.092620765740545622E-16 ) ) ;
#1789 = DIRECTION ( 'NONE',  ( -0.000000000000000000, -3.700743415417187942E-15, -1.000000000000000000 ) ) ;
#1790 = ORIENTED_EDGE ( 'NONE', *, *, #311, .F. ) ;
#1791 = DIRECTION ( 'NONE',  ( 2.312964634635743450E-16, 3.700743415417187942E-15, 1.000000000000000000 ) ) ;
#1792 = DIRECTION ( 'NONE',  ( -1.000000000000000000, -1.734723475976800438E-16, 6.056754644426093745E-31 ) ) ;
#1793 = EDGE_LOOP ( 'NONE', ( #1963, #130, #2657, #2287 ) ) ;
#1794 = LINE ( 'NONE', #2740, #2845 ) ;
#1795 = DIRECTION ( 'NONE',  ( -3.330669073875468832E-15, 0.000000000000000000, 1.000000000000000000 ) ) ;
#1796 = EDGE_CURVE ( 'NONE', #2180, #2718, #2317, .T. ) ;
#1797 = ORIENTED_EDGE ( 'NONE', *, *, #426, .T. ) ;
#1798 = CARTESIAN_POINT ( 'NONE',  ( -34.99999999999995737, -86.00000000000007105, 34.99999999999995737 ) ) ;
#1799 = CARTESIAN_POINT ( 'NONE',  ( 74.99999999999997158, 66.00000000000008527, 29.99999999999996447 ) ) ;
#1800 = ORIENTED_EDGE ( 'NONE', *, *, #979, .T. ) ;
#1801 = DIRECTION ( 'NONE',  ( -1.734723475976800438E-16, -1.000000000000000000, -3.700743415417187942E-15 ) ) ;
#1802 = LINE ( 'NONE', #1597, #966 ) ;
#1803 = EDGE_LOOP ( 'NONE', ( #2023, #2754 ) ) ;
#1804 = DIRECTION ( 'NONE',  ( 0.000000000000000000, 0.000000000000000000, -1.000000000000000000 ) ) ;
#1805 = CARTESIAN_POINT ( 'NONE',  ( 74.99999999999998579, -86.00000000000009948, 34.99999999999995737 ) ) ;
#1806 = ORIENTED_EDGE ( 'NONE', *, *, #2882, .T. ) ;
#1807 = CARTESIAN_POINT ( 'NONE',  ( -34.99999999999996447, -60.00000000000000711, -3.000000000000000000 ) ) ;
#1808 = LINE ( 'NONE', #157, #1770 ) ;
#1809 = ORIENTED_EDGE ( 'NONE', *, *, #2396, .T. ) ;
#1810 = CARTESIAN_POINT ( 'NONE',  ( -54.99999999999996447, 78.50000000000011369, 34.99999999999995737 ) ) ;
#1811 = EDGE_CURVE ( 'NONE', #2195, #2573, #623, .T. ) ;
#1812 = AXIS2_PLACEMENT_3D ( 'NONE', #99, #2644, #555 ) ;
#1813 = AXIS2_PLACEMENT_3D ( 'NONE', #1323, #1352, #958 ) ;
#1814 = CARTESIAN_POINT ( 'NONE',  ( -100.0000000000001421, -5.755030100168421744E-15, -47.50000000000000000 ) ) ;
#1815 = ORIENTED_EDGE ( 'NONE', *, *, #2915, .F. ) ;
#1816 = AXIS2_PLACEMENT_3D ( 'NONE', #747, #1882, #12 ) ;
#1817 = LINE ( 'NONE', #2263, #3015 ) ;
#1818 = VECTOR ( 'NONE', #97, 1000.000000000000000 ) ;
#1819 = CARTESIAN_POINT ( 'NONE',  ( -54.99999999999996447, 93.50000000000009948, 31.99999999999995381 ) ) ;
#1820 = EDGE_CURVE ( 'NONE', #2262, #797, #202, .T. ) ;
#1821 = VECTOR ( 'NONE', #1371, 1000.000000000000000 ) ;
#1822 = CIRCLE ( 'NONE', #2553, 5.999999999999988454 ) ;
#1823 = ORIENTED_EDGE ( 'NONE', *, *, #1702, .F. ) ;
#1824 = DIRECTION ( 'NONE',  ( 0.000000000000000000, 1.000000000000000000, 0.000000000000000000 ) ) ;
#1825 = FACE_OUTER_BOUND ( 'NONE', #2908, .T. ) ;
#1826 = AXIS2_PLACEMENT_3D ( 'NONE', #899, #172, #1604 ) ;
#1827 = ORIENTED_EDGE ( 'NONE', *, *, #1892, .T. ) ;
#1828 = CARTESIAN_POINT ( 'NONE',  ( -74.99999999999998579, 68.00000000000009948, 34.99999999999996447 ) ) ;
#1829 = CARTESIAN_POINT ( 'NONE',  ( 34.99999999999997158, 59.99999999999998579, -2.992397996059992238E-14 ) ) ;
#1830 = EDGE_CURVE ( 'NONE', #350, #2462, #217, .T. ) ;
#1831 = ORIENTED_EDGE ( 'NONE', *, *, #1796, .T. ) ;
#1832 = APPROVAL_ROLE ( '' ) ;
#1833 = CARTESIAN_POINT ( 'NONE',  ( 34.99999999999995737, -86.00000000000008527, 31.99999999999995381 ) ) ;
#1834 = ORIENTED_EDGE ( 'NONE', *, *, #1555, .F. ) ;
#1835 = FACE_OUTER_BOUND ( 'NONE', #1073, .T. ) ;
#1836 = FACE_OUTER_BOUND ( 'NONE', #2381, .T. ) ;
#1837 = CIRCLE ( 'NONE', #1599, 5.000000000000000888 ) ;
#1838 = EDGE_LOOP ( 'NONE', ( #2205, #2905, #2086, #1694 ) ) ;
#1839 = CARTESIAN_POINT ( 'NONE',  ( 97.00000000000019895, 60.00000000000000000, -60.00000000000004263 ) ) ;
#1840 = PLANE ( 'NONE',  #2597 ) ;
#1841 = VERTEX_POINT ( 'NONE', #1856 ) ;
#1842 = DIRECTION ( 'NONE',  ( 0.000000000000000000, 1.000000000000000000, 0.000000000000000000 ) ) ;
#1843 = FACE_OUTER_BOUND ( 'NONE', #2061, .T. ) ;
#1844 = ORIENTED_EDGE ( 'NONE', *, *, #2972, .F. ) ;
#1845 = APPROVAL_ROLE ( '' ) ;
#1846 = DIRECTION ( 'NONE',  ( 0.000000000000000000, 2.092620765740545622E-16, -1.000000000000000000 ) ) ;
#1847 = ORIENTED_EDGE ( 'NONE', *, *, #2765, .T. ) ;
#1848 = PLANE ( 'NONE',  #1454 ) ;
#1849 = LINE ( 'NONE', #697, #2602 ) ;
#1850 = ORIENTED_EDGE ( 'NONE', *, *, #2223, .T. ) ;
#1851 = DIRECTION ( 'NONE',  ( -1.430699774001490728E-16, 1.000000000000000000, 3.491481338843133750E-15 ) ) ;
#1852 = DIRECTION ( 'NONE',  ( 0.000000000000000000, 0.000000000000000000, 1.000000000000000000 ) ) ;
#1853 = ADVANCED_FACE ( 'NONE', ( #2787 ), #1436, .T. ) ;
#1854 = ADVANCED_FACE ( 'NONE', ( #267 ), #1911, .T. ) ;
#1855 = ORIENTED_EDGE ( 'NONE', *, *, #514, .F. ) ;
#1856 = CARTESIAN_POINT ( 'NONE',  ( 74.99999999999998579, -86.00000000000009948, 34.99999999999995737 ) ) ;
#1857 = LINE ( 'NONE', #2334, #2896 ) ;
#1858 = EDGE_CURVE ( 'NONE', #216, #2408, #2621, .T. ) ;
#1859 = VERTEX_POINT ( 'NONE', #1002 ) ;
#1860 = DATE_TIME_ROLE ( 'creation_date' ) ;
#1861 = CARTESIAN_POINT ( 'NONE',  ( 54.99999999999996447, 78.50000000000011369, 34.99999999999995737 ) ) ;
#1862 = ORIENTED_EDGE ( 'NONE', *, *, #2524, .F. ) ;
#1863 = DIRECTION ( 'NONE',  ( -2.312964634635743450E-16, 3.700743415417187942E-15, 1.000000000000000000 ) ) ;
#1864 = LINE ( 'NONE', #756, #1671 ) ;
#1865 = VECTOR ( 'NONE', #1743, 1000.000000000000000 ) ;
#1866 = VECTOR ( 'NONE', #1655, 1000.000000000000000 ) ;
#1867 = ORIENTED_EDGE ( 'NONE', *, *, #2265, .F. ) ;
#1868 = DIRECTION ( 'NONE',  ( 0.000000000000000000, 1.000000000000000000, 0.000000000000000000 ) ) ;
#1869 = CARTESIAN_POINT ( 'NONE',  ( -34.99999999999997158, -59.99999999999998579, 2.999999999999972911 ) ) ;
#1870 = CIRCLE ( 'NONE', #29, 20.00000000000001776 ) ;
#1871 = VERTEX_POINT ( 'NONE', #761 ) ;
#1872 = AXIS2_PLACEMENT_3D ( 'NONE', #47, #1204, #2368 ) ;
#1873 = LINE ( 'NONE', #1649, #1771 ) ;
#1874 = PLANE ( 'NONE',  #221 ) ;
#1875 = ORIENTED_EDGE ( 'NONE', *, *, #1709, .F. ) ;
#1876 = COORDINATED_UNIVERSAL_TIME_OFFSET ( 5, 30, .AHEAD. ) ;
#1877 = DIRECTION ( 'NONE',  ( -1.430699774001489988E-16, -1.000000000000000000, -3.713525943768164663E-15 ) ) ;
#1878 = ORIENTED_EDGE ( 'NONE', *, *, #2075, .T. ) ;
#1879 = LINE ( 'NONE', #1430, #930 ) ;
#1880 = CARTESIAN_POINT ( 'NONE',  ( 1.178717776305477036E-14, -66.00000000000000000, 2.999999999999962697 ) ) ;
#1881 = VERTEX_POINT ( 'NONE', #1450 ) ;
#1882 = DIRECTION ( 'NONE',  ( 1.000000000000000000, 0.000000000000000000, 0.000000000000000000 ) ) ;
#1883 = CARTESIAN_POINT ( 'NONE',  ( 100.0000000000000000, 60.00000000000002132, -3.000000000000000000 ) ) ;
#1884 = VECTOR ( 'NONE', #840, 1000.000000000000000 ) ;
#1885 = ORIENTED_EDGE ( 'NONE', *, *, #567, .F. ) ;
#1886 = DIRECTION ( 'NONE',  ( -1.000000000000000000, -0.000000000000000000, -2.168404344971006896E-16 ) ) ;
#1887 = EDGE_CURVE ( 'NONE', #1402, #106, #1873, .T. ) ;
#1888 = AXIS2_PLACEMENT_3D ( 'NONE', #1654, #729, #2598 ) ;
#1889 = EDGE_CURVE ( 'NONE', #2281, #2432, #2849, .T. ) ;
#1890 = ORIENTED_EDGE ( 'NONE', *, *, #677, .T. ) ;
#1891 = PERSON_AND_ORGANIZATION ( #2449, #2668 ) ;
#1892 = EDGE_CURVE ( 'NONE', #2974, #137, #1673, .T. ) ;
#1893 = CARTESIAN_POINT ( 'NONE',  ( -54.99999999999996447, -86.00000000000009948, 31.99999999999995381 ) ) ;
#1894 = CARTESIAN_POINT ( 'NONE',  ( -34.99999999999997868, 66.00000000000008527, 29.99999999999996447 ) ) ;
#1895 = ORIENTED_EDGE ( 'NONE', *, *, #2115, .F. ) ;
#1896 = DIRECTION ( 'NONE',  ( 0.000000000000000000, -2.092620765740545622E-16, -1.000000000000000000 ) ) ;
#1897 = PLANE ( 'NONE',  #1575 ) ;
#1898 = ORIENTED_EDGE ( 'NONE', *, *, #897, .T. ) ;
#1899 = CARTESIAN_POINT ( 'NONE',  ( -34.99999999999995737, 86.00000000000009948, 34.99999999999995737 ) ) ;
#1900 = DIRECTION ( 'NONE',  ( 1.000000000000000000, 1.387778780781445676E-16, -0.000000000000000000 ) ) ;
#1901 = ORIENTED_EDGE ( 'NONE', *, *, #1958, .T. ) ;
#1902 = EDGE_CURVE ( 'NONE', #1427, #1368, #516, .T. ) ;
#1903 = DIRECTION ( 'NONE',  ( 1.000000000000000000, -1.734723475976800438E-16, 6.056754644426093745E-31 ) ) ;
#1904 = VERTEX_POINT ( 'NONE', #296 ) ;
#1905 = FACE_BOUND ( 'NONE', #1472, .T. ) ;
#1906 = VECTOR ( 'NONE', #1460, 1000.000000000000000 ) ;
#1907 = FACE_OUTER_BOUND ( 'NONE', #1236, .T. ) ;
#1908 = ADVANCED_FACE ( 'NONE', ( #2863 ), #1229, .F. ) ;
#1909 = VECTOR ( 'NONE', #1302, 1000.000000000000000 ) ;
#1910 = ORIENTED_EDGE ( 'NONE', *, *, #726, .T. ) ;
#1911 = PLANE ( 'NONE',  #1108 ) ;
#1912 = CARTESIAN_POINT ( 'NONE',  ( 34.99999999999997868, -68.00000000000009948, 34.99999999999996447 ) ) ;
#1913 = AXIS2_PLACEMENT_3D ( 'NONE', #1253, #69, #812 ) ;
#1914 = CIRCLE ( 'NONE', #619, 2.000000000000001776 ) ;
#1915 = VECTOR ( 'NONE', #1718, 1000.000000000000000 ) ;
#1916 = AXIS2_PLACEMENT_3D ( 'NONE', #2192, #1075, #2446 ) ;
#1917 = ORIENTED_EDGE ( 'NONE', *, *, #2394, .T. ) ;
#1918 = VECTOR ( 'NONE', #368, 1000.000000000000000 ) ;
#1919 = UNCERTAINTY_MEASURE_WITH_UNIT (LENGTH_MEASURE( 1.000000000000000082E-05 ), #679, 'distance_accuracy_value', 'NONE');
#1920 = DIRECTION ( 'NONE',  ( 0.000000000000000000, -0.000000000000000000, 1.000000000000000000 ) ) ;
#1921 = EDGE_CURVE ( 'NONE', #2432, #2373, #2333, .T. ) ;
#1922 = CARTESIAN_POINT ( 'NONE',  ( -94.00000000000000000, -59.99999999999998579, -3.000000000000012879 ) ) ;
#1923 = ORIENTED_EDGE ( 'NONE', *, *, #2824, .F. ) ;
#1924 = DIRECTION ( 'NONE',  ( 0.000000000000000000, 1.000000000000000000, 0.000000000000000000 ) ) ;
#1925 = DIRECTION ( 'NONE',  ( -1.000000000000000000, -1.734723475976807094E-16, 0.000000000000000000 ) ) ;
#1926 = VERTEX_POINT ( 'NONE', #283 ) ;
#1927 = CARTESIAN_POINT ( 'NONE',  ( 100.0000000000001990, 60.00000000000000000, -60.00000000000002132 ) ) ;
#1928 = DIRECTION ( 'NONE',  ( 0.000000000000000000, -1.000000000000000000, 2.092620765740545622E-16 ) ) ;
#1929 = LOCAL_TIME ( 13, 54, 53.00000000000000000, #1876 ) ;
#1930 = ORIENTED_EDGE ( 'NONE', *, *, #1638, .F. ) ;
#1931 = DIRECTION ( 'NONE',  ( -1.000000000000000000, -1.734723475976806848E-16, 0.000000000000000000 ) ) ;
#1932 = ORIENTED_EDGE ( 'NONE', *, *, #2776, .F. ) ;
#1933 = VECTOR ( 'NONE', #1863, 1000.000000000000000 ) ;
#1934 = ORIENTED_EDGE ( 'NONE', *, *, #395, .T. ) ;
#1935 = CARTESIAN_POINT ( 'NONE',  ( -97.00000000000014211, -5.581557752570730779E-15, -47.50000000000001421 ) ) ;
#1936 = ADVANCED_FACE ( 'NONE', ( #1190 ), #2831, .F. ) ;
#1937 = DIRECTION ( 'NONE',  ( 0.000000000000000000, -2.092620765740545622E-16, -1.000000000000000000 ) ) ;
#1938 = ORIENTED_EDGE ( 'NONE', *, *, #2824, .T. ) ;
#1939 = FACE_OUTER_BOUND ( 'NONE', #2508, .T. ) ;
#1940 = CARTESIAN_POINT ( 'NONE',  ( -74.99999999999997158, 65.99999999999997158, -4.183900855524069812E-14 ) ) ;
#1941 = ORIENTED_EDGE ( 'NONE', *, *, #1981, .F. ) ;
#1942 = CARTESIAN_POINT ( 'NONE',  ( 74.99999999999997158, -59.99999999999998579, 2.999999999999971578 ) ) ;
#1943 = CARTESIAN_POINT ( 'NONE',  ( -74.99999999999998579, -86.00000000000008527, 34.99999999999995737 ) ) ;
#1944 = EDGE_CURVE ( 'NONE', #2277, #975, #58, .T. ) ;
#1945 = ADVANCED_FACE ( 'NONE', ( #486 ), #37, .T. ) ;
#1946 = DIRECTION ( 'NONE',  ( -1.000000000000000000, -1.734723475976807094E-16, 0.000000000000000000 ) ) ;
#1947 = CARTESIAN_POINT ( 'NONE',  ( -54.99999999999996447, -78.50000000000011369, 34.99999999999995737 ) ) ;
#1948 = FACE_OUTER_BOUND ( 'NONE', #468, .T. ) ;
#1949 = CARTESIAN_POINT ( 'NONE',  ( 34.99999999999996447, -66.00000000000000000, 2.999999999999957367 ) ) ;
#1950 = ORIENTED_EDGE ( 'NONE', *, *, #1467, .F. ) ;
#1951 = CARTESIAN_POINT ( 'NONE',  ( 97.00000000000000000, -59.99999999999998579, -5.999999999999991118 ) ) ;
#1952 = DIRECTION ( 'NONE',  ( -1.000000000000000000, -0.000000000000000000, -0.000000000000000000 ) ) ;
#1953 = EDGE_CURVE ( 'NONE', #2830, #2109, #370, .T. ) ;
#1954 = EDGE_LOOP ( 'NONE', ( #922, #400, #1392, #836 ) ) ;
#1955 = CARTESIAN_POINT ( 'NONE',  ( 34.99999999999997158, -65.99999999999998579, 2.999999999999957367 ) ) ;
#1956 = LINE ( 'NONE', #820, #624 ) ;
#1957 = VECTOR ( 'NONE', #1434, 1000.000000000000000 ) ;
#1958 = EDGE_CURVE ( 'NONE', #2373, #1516, #126, .T. ) ;
#1959 = VERTEX_POINT ( 'NONE', #2388 ) ;
#1960 = AXIS2_PLACEMENT_3D ( 'NONE', #135, #382, #1070 ) ;
#1961 = LINE ( 'NONE', #374, #722 ) ;
#1962 = CIRCLE ( 'NONE', #2890, 7.499999999999992895 ) ;
#1963 = ORIENTED_EDGE ( 'NONE', *, *, #288, .F. ) ;
#1964 = CIRCLE ( 'NONE', #2994, 6.000000000000016875 ) ;
#1965 = AXIS2_PLACEMENT_3D ( 'NONE', #751, #48, #1397 ) ;
#1966 = VECTOR ( 'NONE', #2138, 1000.000000000000000 ) ;
#1967 = CARTESIAN_POINT ( 'NONE',  ( 54.99999999999996447, -93.50000000000009948, 31.99999999999995381 ) ) ;
#1968 = CARTESIAN_POINT ( 'NONE',  ( -74.99999999999997158, 63.00000000000000000, 2.999999999999960032 ) ) ;
#1969 = ORIENTED_EDGE ( 'NONE', *, *, #265, .F. ) ;
#1970 = DIRECTION ( 'NONE',  ( 0.000000000000000000, 0.000000000000000000, 1.000000000000000000 ) ) ;
#1971 = DIRECTION ( 'NONE',  ( 1.000000000000000000, 1.734723475976800438E-16, 6.056754644426093745E-31 ) ) ;
#1972 = ORIENTED_EDGE ( 'NONE', *, *, #1556, .F. ) ;
#1973 = CARTESIAN_POINT ( 'NONE',  ( -74.99999999999997158, 68.00000000000009948, 34.99999999999996447 ) ) ;
#1974 = LINE ( 'NONE', #2622, #771 ) ;
#1975 = ORIENTED_EDGE ( 'NONE', *, *, #2390, .F. ) ;
#1976 = DIRECTION ( 'NONE',  ( -1.000000000000000000, -0.000000000000000000, 2.168404344971006896E-16 ) ) ;
#1977 = DIRECTION ( 'NONE',  ( 0.000000000000000000, 0.000000000000000000, 1.000000000000000000 ) ) ;
#1978 = CC_DESIGN_APPROVAL ( #2917, ( #1223 ) ) ;
#1979 = EDGE_CURVE ( 'NONE', #2290, #1048, #306, .T. ) ;
#1980 = PLANE ( 'NONE',  #87 ) ;
#1981 = EDGE_CURVE ( 'NONE', #2360, #1048, #2606, .T. ) ;
#1982 = CARTESIAN_POINT ( 'NONE',  ( -74.99999999999998579, -86.00000000000009948, 31.99999999999995381 ) ) ;
#1983 = EDGE_LOOP ( 'NONE', ( #3017, #2669, #2705, #1055 ) ) ;
#1984 = DIRECTION ( 'NONE',  ( -1.000000000000000000, 0.000000000000000000, -2.168404344971006896E-16 ) ) ;
#1985 = CARTESIAN_POINT ( 'NONE',  ( -54.99999999999996447, 86.00000000000009948, 31.99999999999995381 ) ) ;
#1986 = EDGE_CURVE ( 'NONE', #75, #2966, #864, .T. ) ;
#1987 = ORIENTED_EDGE ( 'NONE', *, *, #737, .F. ) ;
#1988 = CARTESIAN_POINT ( 'NONE',  ( 34.99999999999997868, -68.00000000000009948, 31.99999999999995737 ) ) ;
#1989 = DIRECTION ( 'NONE',  ( 1.430699774001490728E-16, 1.000000000000000000, 3.491481338843133750E-15 ) ) ;
#1990 = VERTEX_POINT ( 'NONE', #1988 ) ;
#1991 = DIRECTION ( 'NONE',  ( -2.312964634635738027E-16, 0.000000000000000000, 1.000000000000000000 ) ) ;
#1992 = CARTESIAN_POINT ( 'NONE',  ( 34.99999999999997158, 59.99999999999998579, 2.999999999999972911 ) ) ;
#1993 = ADVANCED_FACE ( 'NONE', ( #386 ), #1060, .F. ) ;
#1994 = DIRECTION ( 'NONE',  ( -1.000000000000000000, 1.040834085586084059E-15, 2.178071021188011836E-31 ) ) ;
#1995 = ORIENTED_EDGE ( 'NONE', *, *, #2776, .T. ) ;
#1996 = CARTESIAN_POINT ( 'NONE',  ( -74.99999999999997158, -59.99999999999998579, -3.859759734048395785E-14 ) ) ;
#1997 = DIRECTION ( 'NONE',  ( 0.000000000000000000, 1.000000000000000000, -3.469446951953611231E-16 ) ) ;
#1998 = ORIENTED_EDGE ( 'NONE', *, *, #1160, .F. ) ;
#1999 = DIRECTION ( 'NONE',  ( 1.040834085586084059E-15, -1.000000000000000000, 0.000000000000000000 ) ) ;
#2000 = EDGE_CURVE ( 'NONE', #1926, #1099, #2748, .T. ) ;
#2001 = LINE ( 'NONE', #1805, #2544 ) ;
#2002 = EDGE_CURVE ( 'NONE', #2857, #282, #2608, .T. ) ;
#2003 = VERTEX_POINT ( 'NONE', #2909 ) ;
#2004 = CARTESIAN_POINT ( 'NONE',  ( -74.99999999999997158, 63.00000000000008527, 29.99999999999997513 ) ) ;
#2005 = CARTESIAN_POINT ( 'NONE',  ( -97.00000000000017053, -59.99999999999998579, -60.00000000000002132 ) ) ;
#2006 = VECTOR ( 'NONE', #2801, 1000.000000000000000 ) ;
#2007 = AXIS2_PLACEMENT_3D ( 'NONE', #1433, #44, #2375 ) ;
#2008 = AXIS2_PLACEMENT_3D ( 'NONE', #1712, #1729, #2918 ) ;
#2009 = EDGE_LOOP ( 'NONE', ( #2015, #653, #753, #2398 ) ) ;
#2010 = DIRECTION ( 'NONE',  ( 0.000000000000000000, -2.092620765740545622E-16, -1.000000000000000000 ) ) ;
#2011 = AXIS2_PLACEMENT_3D ( 'NONE', #805, #2943, #2699 ) ;
#2012 = VECTOR ( 'NONE', #2671, 1000.000000000000000 ) ;
#2013 = AXIS2_PLACEMENT_3D ( 'NONE', #2053, #673, #1337 ) ;
#2014 = DIRECTION ( 'NONE',  ( -1.000000000000000000, -1.734723475976807094E-16, 0.000000000000000000 ) ) ;
#2015 = ORIENTED_EDGE ( 'NONE', *, *, #752, .F. ) ;
#2016 = DIRECTION ( 'NONE',  ( 0.000000000000000000, 0.000000000000000000, 1.000000000000000000 ) ) ;
#2017 = DIRECTION ( 'NONE',  ( -0.000000000000000000, -1.000000000000000000, -0.000000000000000000 ) ) ;
#2018 = CC_DESIGN_PERSON_AND_ORGANIZATION_ASSIGNMENT ( #2791, #707, ( #1223 ) ) ;
#2019 = ORIENTED_EDGE ( 'NONE', *, *, #1958, .F. ) ;
#2020 = FACE_OUTER_BOUND ( 'NONE', #2550, .T. ) ;
#2021 = CARTESIAN_POINT ( 'NONE',  ( 0.000000000000000000, 0.000000000000000000, 0.000000000000000000 ) ) ;
#2022 = EDGE_CURVE ( 'NONE', #2532, #269, #1746, .T. ) ;
#2023 = ORIENTED_EDGE ( 'NONE', *, *, #197, .T. ) ;
#2024 = DIRECTION ( 'NONE',  ( -1.000000000000000000, -0.000000000000000000, -0.000000000000000000 ) ) ;
#2025 = CARTESIAN_POINT ( 'NONE',  ( -100.0000000000001847, -7.285838599102613462E-15, -60.00000000000000711 ) ) ;
#2026 = ORIENTED_EDGE ( 'NONE', *, *, #2484, .T. ) ;
#2027 = DIRECTION ( 'NONE',  ( 0.000000000000000000, 0.000000000000000000, -1.000000000000000000 ) ) ;
#2028 = CARTESIAN_POINT ( 'NONE',  ( -54.99999999999996447, 78.50000000000011369, 31.99999999999995381 ) ) ;
#2029 = ORIENTED_EDGE ( 'NONE', *, *, #1257, .T. ) ;
#2030 = DIRECTION ( 'NONE',  ( 1.000000000000000000, 0.000000000000000000, 2.168404344971006896E-16 ) ) ;
#2031 = CARTESIAN_POINT ( 'NONE',  ( -94.00000000000000000, 60.00000000000001421, -1.301042606982605321E-14 ) ) ;
#2032 = AXIS2_PLACEMENT_3D ( 'NONE', #2886, #1714, #1084 ) ;
#2033 = EDGE_CURVE ( 'NONE', #797, #1427, #2066, .T. ) ;
#2034 = EDGE_LOOP ( 'NONE', ( #1875, #2479, #2711, #498 ) ) ;
#2035 = FACE_OUTER_BOUND ( 'NONE', #842, .T. ) ;
#2036 = CARTESIAN_POINT ( 'NONE',  ( 94.00000000000000000, 60.00000000000001421, -6.000000000000001776 ) ) ;
#2037 = ORIENTED_EDGE ( 'NONE', *, *, #2431, .F. ) ;
#2038 = EDGE_CURVE ( 'NONE', #1183, #2718, #1156, .T. ) ;
#2039 = CARTESIAN_POINT ( 'NONE',  ( -74.99999999999997158, -65.99999999999997158, -2.325190489415606198E-13 ) ) ;
#2040 = EDGE_CURVE ( 'NONE', #2360, #939, #2876, .T. ) ;
#2041 = EDGE_LOOP ( 'NONE', ( #1059, #1950, #162, #93 ) ) ;
#2042 = DIRECTION ( 'NONE',  ( -1.000000000000000000, -1.430699774001498616E-16, 2.312964634635738027E-16 ) ) ;
#2043 = EDGE_CURVE ( 'NONE', #4, #1904, #802, .T. ) ;
#2044 = CYLINDRICAL_SURFACE ( 'NONE', #1208, 7.499999999999992895 ) ;
#2045 = EDGE_LOOP ( 'NONE', ( #1186, #416, #1693, #2271 ) ) ;
#2046 = DIRECTION ( 'NONE',  ( 0.000000000000000000, 0.000000000000000000, -1.000000000000000000 ) ) ;
#2047 = DIRECTION ( 'NONE',  ( 3.491481338843133355E-15, 9.587455514061370150E-33, 1.000000000000000000 ) ) ;
#2048 = ORIENTED_EDGE ( 'NONE', *, *, #2296, .F. ) ;
#2049 = CARTESIAN_POINT ( 'NONE',  ( 54.99999999999996447, 86.00000000000009948, 31.99999999999995381 ) ) ;
#2050 = FACE_OUTER_BOUND ( 'NONE', #1210, .T. ) ;
#2051 = EDGE_CURVE ( 'NONE', #1261, #2978, #372, .T. ) ;
#2052 = ORIENTED_EDGE ( 'NONE', *, *, #527, .F. ) ;
#2053 = CARTESIAN_POINT ( 'NONE',  ( -34.99999999999997868, 68.00000000000009948, 29.99999999999995737 ) ) ;
#2054 = DIRECTION ( 'NONE',  ( -6.938893903907227392E-16, -1.000000000000000000, -2.092620765740545622E-16 ) ) ;
#2055 = ORIENTED_EDGE ( 'NONE', *, *, #2134, .T. ) ;
#2056 = VECTOR ( 'NONE', #831, 1000.000000000000000 ) ;
#2057 = CARTESIAN_POINT ( 'NONE',  ( -34.99999999999997868, 62.99999999999998579, 2.999999999999968026 ) ) ;
#2058 = AXIS2_PLACEMENT_3D ( 'NONE', #401, #1106, #1804 ) ;
#2059 = CIRCLE ( 'NONE', #1527, 5.000000000000004441 ) ;
#2060 = DIRECTION ( 'NONE',  ( 0.000000000000000000, 1.000000000000000000, 0.000000000000000000 ) ) ;
#2061 = EDGE_LOOP ( 'NONE', ( #2116, #1685, #536, #1203 ) ) ;
#2062 = CIRCLE ( 'NONE', #2942, 6.000000000000001776 ) ;
#2063 = CARTESIAN_POINT ( 'NONE',  ( -54.99999999999996447, 86.00000000000009948, 34.99999999999995737 ) ) ;
#2064 = VECTOR ( 'NONE', #2349, 1000.000000000000000 ) ;
#2065 = CARTESIAN_POINT ( 'NONE',  ( -34.99999999999997868, -68.00000000000009948, 34.99999999999996447 ) ) ;
#2066 = CIRCLE ( 'NONE', #2454, 3.000000000000016431 ) ;
#2067 = AXIS2_PLACEMENT_3D ( 'NONE', #1289, #1241, #1735 ) ;
#2068 = ORIENTED_EDGE ( 'NONE', *, *, #1892, .F. ) ;
#2069 = PLANE ( 'NONE',  #772 ) ;
#2070 = DIRECTION ( 'NONE',  ( -3.330669073875468832E-15, 0.000000000000000000, -1.000000000000000000 ) ) ;
#2071 = VECTOR ( 'NONE', #592, 1000.000000000000000 ) ;
#2072 = VERTEX_POINT ( 'NONE', #1973 ) ;
#2073 = DIRECTION ( 'NONE',  ( 0.000000000000000000, 0.000000000000000000, -1.000000000000000000 ) ) ;
#2074 = DIRECTION ( 'NONE',  ( -0.000000000000000000, -2.092620765740545869E-16, 1.000000000000000000 ) ) ;
#2075 = EDGE_CURVE ( 'NONE', #2262, #1155, #2202, .T. ) ;
#2076 = ORIENTED_EDGE ( 'NONE', *, *, #2633, .F. ) ;
#2077 = PERSON_AND_ORGANIZATION ( #2449, #2668 ) ;
#2078 = DIRECTION ( 'NONE',  ( -1.000000000000000000, 1.734723475976806848E-16, 1.734723475976800931E-16 ) ) ;
#2079 = ORIENTED_EDGE ( 'NONE', *, *, #2175, .F. ) ;
#2080 = DIRECTION ( 'NONE',  ( -1.000000000000000000, -1.156482317317871478E-16, 3.491481338843133355E-15 ) ) ;
#2081 = EDGE_CURVE ( 'NONE', #1402, #1076, #2456, .T. ) ;
#2082 = DIRECTION ( 'NONE',  ( 6.938893903907227392E-16, -1.000000000000000000, 0.000000000000000000 ) ) ;
#2083 = AXIS2_PLACEMENT_3D ( 'NONE', #1358, #2010, #645 ) ;
#2084 = ADVANCED_FACE ( 'NONE', ( #834, #559 ), #1042, .T. ) ;
#2085 = AXIS2_PLACEMENT_3D ( 'NONE', #1893, #480, #1167 ) ;
#2086 = ORIENTED_EDGE ( 'NONE', *, *, #1709, .T. ) ;
#2087 = CARTESIAN_POINT ( 'NONE',  ( -74.99999999999997158, 65.99999999999998579, 2.999999999999949818 ) ) ;
#2088 = DIRECTION ( 'NONE',  ( -3.330669073875468832E-15, 0.000000000000000000, -1.000000000000000000 ) ) ;
#2089 = ORIENTED_EDGE ( 'NONE', *, *, #22, .T. ) ;
#2090 = CARTESIAN_POINT ( 'NONE',  ( 34.99999999999997158, 62.99999999999998579, 2.999999999999960920 ) ) ;
#2091 = CARTESIAN_POINT ( 'NONE',  ( 74.99999999999997158, -68.00000000000009948, 29.99999999999995737 ) ) ;
#2092 = ORIENTED_EDGE ( 'NONE', *, *, #597, .F. ) ;
#2093 = COORDINATED_UNIVERSAL_TIME_OFFSET ( 5, 30, .AHEAD. ) ;
#2094 = EDGE_CURVE ( 'NONE', #2529, #2313, #580, .T. ) ;
#2095 = PLANE ( 'NONE',  #2746 ) ;
#2096 = ORIENTED_EDGE ( 'NONE', *, *, #2633, .T. ) ;
#2097 = DIRECTION ( 'NONE',  ( -3.469446951953614583E-15, 0.000000000000000000, -1.000000000000000000 ) ) ;
#2098 = LINE ( 'NONE', #1880, #1866 ) ;
#2099 = EDGE_LOOP ( 'NONE', ( #1930, #2767, #2216, #2758 ) ) ;
#2100 = DIRECTION ( 'NONE',  ( 1.000000000000000000, -1.734723475976806848E-16, 1.734723475976800931E-16 ) ) ;
#2101 = DIRECTION ( 'NONE',  ( 0.000000000000000000, 1.000000000000000000, -3.686287386450711920E-15 ) ) ;
#2102 = EDGE_CURVE ( 'NONE', #1748, #717, #2681, .T. ) ;
#2103 = ORIENTED_EDGE ( 'NONE', *, *, #49, .F. ) ;
#2104 = DIRECTION ( 'NONE',  ( 0.000000000000000000, 0.000000000000000000, 1.000000000000000000 ) ) ;
#2105 = DIRECTION ( 'NONE',  ( 2.312964634635743450E-16, -3.700743415417187942E-15, 1.000000000000000000 ) ) ;
#2106 = ORIENTED_EDGE ( 'NONE', *, *, #316, .F. ) ;
#2107 = CALENDAR_DATE ( 2026, 11, 7 ) ;
#2108 = FACE_BOUND ( 'NONE', #2727, .T. ) ;
#2109 = VERTEX_POINT ( 'NONE', #1490 ) ;
#2110 = DIRECTION ( 'NONE',  ( 0.000000000000000000, 2.092620765740545622E-16, -1.000000000000000000 ) ) ;
#2111 = DIRECTION ( 'NONE',  ( -0.000000000000000000, -2.092620765740545869E-16, 1.000000000000000000 ) ) ;
#2112 = AXIS2_PLACEMENT_3D ( 'NONE', #236, #2558, #2088 ) ;
#2113 = AXIS2_PLACEMENT_3D ( 'NONE', #1535, #2631, #2441 ) ;
#2114 = VECTOR ( 'NONE', #2904, 1000.000000000000000 ) ;
#2115 = EDGE_CURVE ( 'NONE', #2476, #2862, #1275, .T. ) ;
#2116 = ORIENTED_EDGE ( 'NONE', *, *, #2033, .F. ) ;
#2117 = CARTESIAN_POINT ( 'NONE',  ( 74.99999999999997158, -66.00000000000008527, 29.99999999999996447 ) ) ;
#2118 = LINE ( 'NONE', #3022, #2006 ) ;
#2119 = ADVANCED_FACE ( 'NONE', ( #2893 ), #1734, .F. ) ;
#2120 = VECTOR ( 'NONE', #1946, 1000.000000000000000 ) ;
#2121 = VECTOR ( 'NONE', #218, 1000.000000000000000 ) ;
#2122 = ORIENTED_EDGE ( 'NONE', *, *, #1716, .F. ) ;
#2123 = VECTOR ( 'NONE', #107, 1000.000000000000000 ) ;
#2124 = CARTESIAN_POINT ( 'NONE',  ( 100.0000000000000142, 60.00000000000002132, -5.999999999999984901 ) ) ;
#2125 = DIRECTION ( 'NONE',  ( 1.000000000000000000, 0.000000000000000000, 0.000000000000000000 ) ) ;
#2126 = ADVANCED_FACE ( 'NONE', ( #122, #2035 ), #2069, .T. ) ;
#2127 = ORIENTED_EDGE ( 'NONE', *, *, #1580, .T. ) ;
#2128 = CALENDAR_DATE ( 2026, 11, 7 ) ;
#2129 = PLANE ( 'NONE',  #1888 ) ;
#2130 = DIRECTION ( 'NONE',  ( 0.000000000000000000, 3.652049423109061910E-16, 1.000000000000000000 ) ) ;
#2131 = EDGE_LOOP ( 'NONE', ( #594, #1787, #1093, #731 ) ) ;
#2132 = CARTESIAN_POINT ( 'NONE',  ( 74.99999999999997158, 68.00000000000009948, 31.99999999999995737 ) ) ;
#2133 = FACE_OUTER_BOUND ( 'NONE', #205, .T. ) ;
#2134 = EDGE_CURVE ( 'NONE', #829, #1591, #1681, .T. ) ;
#2135 = LOCAL_TIME ( 13, 54, 53.00000000000000000, #2093 ) ;
#2136 = EDGE_CURVE ( 'NONE', #2360, #757, #1613, .T. ) ;
#2137 = ORIENTED_EDGE ( 'NONE', *, *, #782, .F. ) ;
#2138 = DIRECTION ( 'NONE',  ( 1.000000000000000000, 1.156482317317871478E-16, -3.491481338843133355E-15 ) ) ;
#2139 = DIRECTION ( 'NONE',  ( -3.330669073875468832E-15, 0.000000000000000000, 1.000000000000000000 ) ) ;
#2140 = EDGE_CURVE ( 'NONE', #1588, #2072, #2496, .T. ) ;
#2141 = ORIENTED_EDGE ( 'NONE', *, *, #2623, .T. ) ;
#2142 = CARTESIAN_POINT ( 'NONE',  ( 54.99999999999996447, 86.00000000000009948, 34.99999999999995737 ) ) ;
#2143 = EDGE_LOOP ( 'NONE', ( #993, #2789, #914, #1823 ) ) ;
#2144 = DIRECTION ( 'NONE',  ( -3.330669073875468832E-15, 0.000000000000000000, -1.000000000000000000 ) ) ;
#2145 = DIRECTION ( 'NONE',  ( -1.000000000000000000, -1.734723475976800438E-16, 6.056754644426093745E-31 ) ) ;
#2146 = EDGE_LOOP ( 'NONE', ( #1742, #2563, #1910, #1486 ) ) ;
#2147 = DIRECTION ( 'NONE',  ( -3.330669073875468832E-15, 0.000000000000000000, 1.000000000000000000 ) ) ;
#2148 = CARTESIAN_POINT ( 'NONE',  ( 100.0000000000001847, -6.938893903907251255E-15, -60.00000000000000711 ) ) ;
#2149 = EDGE_CURVE ( 'NONE', #2281, #2003, #651, .T. ) ;
#2150 = ORIENTED_EDGE ( 'NONE', *, *, #2520, .F. ) ;
#2151 = PLANE ( 'NONE',  #1408 ) ;
#2152 = LINE ( 'NONE', #574, #2698 ) ;
#2153 = ORIENTED_EDGE ( 'NONE', *, *, #726, .F. ) ;
#2154 = LINE ( 'NONE', #2117, #765 ) ;
#2155 = AXIS2_PLACEMENT_3D ( 'NONE', #865, #652, #1779 ) ;
#2156 = DIRECTION ( 'NONE',  ( -2.312964634635743450E-16, 3.700743415417187942E-15, 1.000000000000000000 ) ) ;
#2157 = AXIS2_PLACEMENT_3D ( 'NONE', #2737, #2267, #199 ) ;
#2158 = CIRCLE ( 'NONE', #2696, 7.499999999999992895 ) ;
#2159 = ORIENTED_EDGE ( 'NONE', *, *, #827, .F. ) ;
#2160 = DIRECTION ( 'NONE',  ( -1.040834085586084059E-15, 1.000000000000000000, 2.092620765740545622E-16 ) ) ;
#2161 = DIRECTION ( 'NONE',  ( 0.000000000000000000, 0.000000000000000000, -1.000000000000000000 ) ) ;
#2162 = ADVANCED_FACE ( 'NONE', ( #235 ), #212, .F. ) ;
#2163 = VECTOR ( 'NONE', #2014, 1000.000000000000000 ) ;
#2164 = CIRCLE ( 'NONE', #526, 7.499999999999992895 ) ;
#2165 = AXIS2_PLACEMENT_3D ( 'NONE', #1088, #1288, #2635 ) ;
#2166 = EDGE_LOOP ( 'NONE', ( #1867, #1291, #1029, #2242 ) ) ;
#2167 = PLANE ( 'NONE',  #2601 ) ;
#2168 = EDGE_LOOP ( 'NONE', ( #1308, #2347, #1382, #290 ) ) ;
#2169 = DIRECTION ( 'NONE',  ( 0.000000000000000000, 2.092620765740545869E-16, -1.000000000000000000 ) ) ;
#2170 = ADVANCED_FACE ( 'NONE', ( #1585 ), #1171, .F. ) ;
#2171 = LINE ( 'NONE', #553, #2114 ) ;
#2172 = ORIENTED_EDGE ( 'NONE', *, *, #32, .F. ) ;
#2173 = CARTESIAN_POINT ( 'NONE',  ( -74.99999999999997158, -59.99999999999998579, 2.999999999999964029 ) ) ;
#2174 = FACE_OUTER_BOUND ( 'NONE', #821, .T. ) ;
#2175 = EDGE_CURVE ( 'NONE', #350, #879, #2509, .T. ) ;
#2176 = VERTEX_POINT ( 'NONE', #2477 ) ;
#2177 = DIRECTION ( 'NONE',  ( 0.000000000000000000, -1.000000000000000000, 2.092620765740545622E-16 ) ) ;
#2178 = DIRECTION ( 'NONE',  ( 0.000000000000000000, -2.092620765740545622E-16, -1.000000000000000000 ) ) ;
#2179 = AXIS2_PLACEMENT_3D ( 'NONE', #1370, #2257, #2471 ) ;
#2180 = VERTEX_POINT ( 'NONE', #1334 ) ;
#2181 = DIRECTION ( 'NONE',  ( 0.000000000000000000, 0.000000000000000000, -1.000000000000000000 ) ) ;
#2182 = ORIENTED_EDGE ( 'NONE', *, *, #1811, .T. ) ;
#2183 = AXIS2_PLACEMENT_3D ( 'NONE', #2063, #1775, #1596 ) ;
#2184 = DIRECTION ( 'NONE',  ( 1.000000000000000000, 6.938893903907227392E-16, 1.452047347458674557E-31 ) ) ;
#2185 = EDGE_CURVE ( 'NONE', #2620, #863, #2771, .T. ) ;
#2186 = CARTESIAN_POINT ( 'NONE',  ( 34.99999999999997868, 66.00000000000008527, 29.99999999999996447 ) ) ;
#2187 = ORIENTED_EDGE ( 'NONE', *, *, #1079, .T. ) ;
#2188 = DIRECTION ( 'NONE',  ( -1.156482317317871478E-16, -1.000000000000000000, 4.379057701015053347E-47 ) ) ;
#2189 = DIRECTION ( 'NONE',  ( 0.000000000000000000, -2.092620765740545622E-16, -1.000000000000000000 ) ) ;
#2190 = VERTEX_POINT ( 'NONE', #2087 ) ;
#2191 = DIRECTION ( 'NONE',  ( 1.040834085586084059E-15, 1.000000000000000000, 2.092620765740545622E-16 ) ) ;
#2192 = CARTESIAN_POINT ( 'NONE',  ( 99.99999999999998579, -59.99999999999998579, -2.999999999999989786 ) ) ;
#2193 = ORIENTED_EDGE ( 'NONE', *, *, #1367, .T. ) ;
#2194 = DIRECTION ( 'NONE',  ( 0.000000000000000000, 0.000000000000000000, 1.000000000000000000 ) ) ;
#2195 = VERTEX_POINT ( 'NONE', #2522 ) ;
#2196 = CARTESIAN_POINT ( 'NONE',  ( 74.99999999999998579, -86.00000000000009948, 34.99999999999995737 ) ) ;
#2197 = CYLINDRICAL_SURFACE ( 'NONE', #809, 5.000000000000004441 ) ;
#2198 = ORIENTED_EDGE ( 'NONE', *, *, #2934, .F. ) ;
#2199 = DIRECTION ( 'NONE',  ( 0.000000000000000000, 2.092620765740545622E-16, -1.000000000000000000 ) ) ;
#2200 = DIRECTION ( 'NONE',  ( -1.040834085586084059E-15, 1.000000000000000000, 0.000000000000000000 ) ) ;
#2201 = ORIENTED_EDGE ( 'NONE', *, *, #1500, .F. ) ;
#2202 = LINE ( 'NONE', #1955, #2071 ) ;
#2203 = CARTESIAN_POINT ( 'NONE',  ( 74.99999999999997158, 59.99999999999998579, -3.000000000000038636 ) ) ;
#2204 = VECTOR ( 'NONE', #2189, 1000.000000000000000 ) ;
#2205 = ORIENTED_EDGE ( 'NONE', *, *, #2270, .F. ) ;
#2206 = VECTOR ( 'NONE', #161, 1000.000000000000000 ) ;
#2207 = DIRECTION ( 'NONE',  ( -1.000000000000000000, 0.000000000000000000, 2.168404344971006896E-16 ) ) ;
#2208 = EDGE_CURVE ( 'NONE', #749, #4, #1670, .T. ) ;
#2209 = AXIS2_PLACEMENT_3D ( 'NONE', #1485, #301, #2642 ) ;
#2210 = EDGE_LOOP ( 'NONE', ( #2198, #1659, #511, #33 ) ) ;
#2211 = AXIS2_PLACEMENT_3D ( 'NONE', #1415, #2409, #478 ) ;
#2212 = AXIS2_PLACEMENT_3D ( 'NONE', #2804, #2348, #2104 ) ;
#2213 = DIRECTION ( 'NONE',  ( 1.000000000000000000, 0.000000000000000000, -0.000000000000000000 ) ) ;
#2214 = EDGE_CURVE ( 'NONE', #2529, #362, #2709, .T. ) ;
#2215 = DIRECTION ( 'NONE',  ( 0.000000000000000000, 0.000000000000000000, 1.000000000000000000 ) ) ;
#2216 = ORIENTED_EDGE ( 'NONE', *, *, #1574, .T. ) ;
#2217 = DIRECTION ( 'NONE',  ( 0.000000000000000000, -1.000000000000000000, -3.758567531283061265E-15 ) ) ;
#2218 = LINE ( 'NONE', #2933, #2648 ) ;
#2219 = ORIENTED_EDGE ( 'NONE', *, *, #2934, .T. ) ;
#2220 = CARTESIAN_POINT ( 'NONE',  ( 74.99999999999998579, 86.00000000000009948, 34.99999999999995737 ) ) ;
#2221 = CARTESIAN_POINT ( 'NONE',  ( -100.0000000000001990, 59.99999999999998579, -60.00000000000001421 ) ) ;
#2222 = ADVANCED_FACE ( 'NONE', ( #2020 ), #1351, .T. ) ;
#2223 = EDGE_CURVE ( 'NONE', #518, #801, #450, .T. ) ;
#2224 = ORIENTED_EDGE ( 'NONE', *, *, #2140, .T. ) ;
#2225 = CARTESIAN_POINT ( 'NONE',  ( 34.99999999999997158, 59.99999999999998579, 2.999999999999972911 ) ) ;
#2226 = LINE ( 'NONE', #2639, #2012 ) ;
#2227 = AXIS2_PLACEMENT_3D ( 'NONE', #145, #2042, #2731 ) ;
#2228 = CARTESIAN_POINT ( 'NONE',  ( 34.99999999999997868, 68.00000000000009948, 31.99999999999995737 ) ) ;
#2229 = ADVANCED_FACE ( 'NONE', ( #1121 ), #2755, .T. ) ;
#2230 = CARTESIAN_POINT ( 'NONE',  ( 34.99999999999997868, 66.00000000000009948, 29.99999999999996447 ) ) ;
#2231 = ORIENTED_EDGE ( 'NONE', *, *, #2586, .T. ) ;
#2232 = DIRECTION ( 'NONE',  ( 0.000000000000000000, 3.700743415417187942E-15, -1.000000000000000000 ) ) ;
#2233 = FACE_BOUND ( 'NONE', #70, .T. ) ;
#2234 = EDGE_LOOP ( 'NONE', ( #2957, #682, #1150, #855 ) ) ;
#2235 = DIRECTION ( 'NONE',  ( 1.000000000000000000, 0.000000000000000000, -2.168404344971006896E-16 ) ) ;
#2236 = DIRECTION ( 'NONE',  ( 0.000000000000000000, 0.000000000000000000, -1.000000000000000000 ) ) ;
#2237 = ORIENTED_EDGE ( 'NONE', *, *, #2947, .T. ) ;
#2238 = CARTESIAN_POINT ( 'NONE',  ( -99.99999999999998579, -59.99999999999998579, -5.999999999999981348 ) ) ;
#2239 = CARTESIAN_POINT ( 'NONE',  ( 74.99999999999997158, 68.00000000000009948, 29.99999999999995737 ) ) ;
#2240 = ORIENTED_EDGE ( 'NONE', *, *, #412, .T. ) ;
#2241 = DIRECTION ( 'NONE',  ( -1.000000000000000000, 1.156482317317871478E-16, -3.491481338843133355E-15 ) ) ;
#2242 = ORIENTED_EDGE ( 'NONE', *, *, #452, .F. ) ;
#2243 = FACE_OUTER_BOUND ( 'NONE', #1189, .T. ) ;
#2244 = EDGE_CURVE ( 'NONE', #336, #266, #1051, .T. ) ;
#2245 = CARTESIAN_POINT ( 'NONE',  ( 54.99999999999996447, -86.00000000000009948, 31.99999999999995381 ) ) ;
#2246 = ORIENTED_EDGE ( 'NONE', *, *, #2675, .F. ) ;
#2247 = DIRECTION ( 'NONE',  ( -1.000000000000000000, -0.000000000000000000, -2.168404344971006896E-16 ) ) ;
#2248 = DIRECTION ( 'NONE',  ( -1.000000000000000000, 1.156482317317871478E-16, -3.491481338843133355E-15 ) ) ;
#2249 = VERTEX_POINT ( 'NONE', #1601 ) ;
#2250 = DIRECTION ( 'NONE',  ( -0.000000000000000000, -2.092620765740545869E-16, 1.000000000000000000 ) ) ;
#2251 = CARTESIAN_POINT ( 'NONE',  ( -74.99999999999998579, -86.00000000000009948, 31.99999999999995381 ) ) ;
#2252 = ADVANCED_BREP_SHAPE_REPRESENTATION ( 'Clevis Mounting Bracket', ( #227, #739 ), #1173 ) ;
#2253 = CIRCLE ( 'NONE', #2495, 7.499999999999992895 ) ;
#2254 = VECTOR ( 'NONE', #167, 1000.000000000000000 ) ;
#2255 = CIRCLE ( 'NONE', #858, 20.00000000000001776 ) ;
#2256 = ORIENTED_EDGE ( 'NONE', *, *, #2296, .T. ) ;
#2257 = DIRECTION ( 'NONE',  ( -0.000000000000000000, 1.000000000000000000, -0.000000000000000000 ) ) ;
#2258 = VECTOR ( 'NONE', #1269, 1000.000000000000000 ) ;
#2259 = EDGE_CURVE ( 'NONE', #1959, #2912, #315, .T. ) ;
#2260 = AXIS2_PLACEMENT_3D ( 'NONE', #1046, #822, #1737 ) ;
#2261 = FACE_OUTER_BOUND ( 'NONE', #1120, .T. ) ;
#2262 = VERTEX_POINT ( 'NONE', #636 ) ;
#2263 = CARTESIAN_POINT ( 'NONE',  ( 34.99999999999995737, 86.00000000000009948, 34.99999999999995737 ) ) ;
#2264 = PLANE ( 'NONE',  #1439 ) ;
#2265 = EDGE_CURVE ( 'NONE', #269, #1569, #1217, .T. ) ;
#2266 = ORIENTED_EDGE ( 'NONE', *, *, #2586, .F. ) ;
#2267 = DIRECTION ( 'NONE',  ( -1.000000000000000000, 0.000000000000000000, -0.000000000000000000 ) ) ;
#2268 = EDGE_CURVE ( 'NONE', #2540, #1569, #2836, .T. ) ;
#2269 = DIRECTION ( 'NONE',  ( 0.000000000000000000, 1.000000000000000000, 0.000000000000000000 ) ) ;
#2270 = EDGE_CURVE ( 'NONE', #3011, #849, #251, .T. ) ;
#2271 = ORIENTED_EDGE ( 'NONE', *, *, #1202, .F. ) ;
#2272 = DIRECTION ( 'NONE',  ( 1.000000000000000000, -0.000000000000000000, -0.000000000000000000 ) ) ;
#2273 = DIRECTION ( 'NONE',  ( -1.000000000000000000, 0.000000000000000000, -0.000000000000000000 ) ) ;
#2274 = VERTEX_POINT ( 'NONE', #1629 ) ;
#2275 = LINE ( 'NONE', #2719, #1691 ) ;
#2276 = DIRECTION ( 'NONE',  ( -2.312964634635743450E-16, -3.700743415417187942E-15, 1.000000000000000000 ) ) ;
#2277 = VERTEX_POINT ( 'NONE', #483 ) ;
#2278 = LINE ( 'NONE', #398, #1320 ) ;
#2279 = CARTESIAN_POINT ( 'NONE',  ( 74.99999999999997158, 65.99999999999997158, -2.325190489415606198E-13 ) ) ;
#2280 = EDGE_CURVE ( 'NONE', #2724, #838, #732, .T. ) ;
#2281 = VERTEX_POINT ( 'NONE', #1447 ) ;
#2282 = CARTESIAN_POINT ( 'NONE',  ( -54.99999999999996447, 93.50000000000009948, 34.99999999999995737 ) ) ;
#2283 = CARTESIAN_POINT ( 'NONE',  ( 34.99999999999997868, 68.00000000000009948, 34.99999999999996447 ) ) ;
#2284 = ORIENTED_EDGE ( 'NONE', *, *, #1283, .T. ) ;
#2285 = DIRECTION ( 'NONE',  ( -1.000000000000000000, -0.000000000000000000, -0.000000000000000000 ) ) ;
#2286 = DIRECTION ( 'NONE',  ( -1.000000000000000000, 0.000000000000000000, -0.000000000000000000 ) ) ;
#2287 = ORIENTED_EDGE ( 'NONE', *, *, #2868, .F. ) ;
#2288 = PLANE ( 'NONE',  #2227 ) ;
#2289 = LINE ( 'NONE', #2504, #672 ) ;
#2290 = VERTEX_POINT ( 'NONE', #2344 ) ;
#2291 = CARTESIAN_POINT ( 'NONE',  ( 94.00000000000000000, -59.99999999999998579, -6.000000000000001776 ) ) ;
#2292 = CARTESIAN_POINT ( 'NONE',  ( -74.99999999999997158, 68.00000000000009948, 31.99999999999995737 ) ) ;
#2293 = ORIENTED_EDGE ( 'NONE', *, *, #489, .F. ) ;
#2294 = CARTESIAN_POINT ( 'NONE',  ( 94.00000000000000000, -59.99999999999998579, -6.000000000000001776 ) ) ;
#2295 = CARTESIAN_POINT ( 'NONE',  ( -34.99999999999997868, 68.00000000000009948, 29.99999999999995737 ) ) ;
#2296 = EDGE_CURVE ( 'NONE', #813, #2465, #1526, .T. ) ;
#2297 = EDGE_LOOP ( 'NONE', ( #935, #931 ) ) ;
#2298 = CARTESIAN_POINT ( 'NONE',  ( 34.99999999999997868, 68.00000000000009948, 29.99999999999995737 ) ) ;
#2299 = DIRECTION ( 'NONE',  ( -0.000000000000000000, 0.000000000000000000, 1.000000000000000000 ) ) ;
#2300 = ADVANCED_FACE ( 'NONE', ( #2330 ), #2828, .F. ) ;
#2301 = EDGE_LOOP ( 'NONE', ( #2137, #1557 ) ) ;
#2302 = VECTOR ( 'NONE', #369, 1000.000000000000000 ) ;
#2303 = COORDINATED_UNIVERSAL_TIME_OFFSET ( 5, 30, .AHEAD. ) ;
#2304 = AXIS2_PLACEMENT_3D ( 'NONE', #463, #2247, #2725 ) ;
#2305 = CARTESIAN_POINT ( 'NONE',  ( 1.082145541560376630E-14, 66.00000000000000000, 2.999999999999956035 ) ) ;
#2306 = EDGE_LOOP ( 'NONE', ( #1083, #2026 ) ) ;
#2307 = CIRCLE ( 'NONE', #1298, 7.499999999999992895 ) ;
#2308 = DIRECTION ( 'NONE',  ( -0.000000000000000000, 2.092620765740545869E-16, 1.000000000000000000 ) ) ;
#2309 = CIRCLE ( 'NONE', #1007, 2.000000000000001776 ) ;
#2310 = CARTESIAN_POINT ( 'NONE',  ( 100.0000000000000000, 60.00000000000002132, 0.000000000000000000 ) ) ;
#2311 = CIRCLE ( 'NONE', #2702, 20.00000000000001776 ) ;
#2312 = AXIS2_PLACEMENT_3D ( 'NONE', #1276, #92, #803 ) ;
#2313 = VERTEX_POINT ( 'NONE', #2557 ) ;
#2314 = DIRECTION ( 'NONE',  ( 0.000000000000000000, -1.000000000000000000, 2.092620765740545622E-16 ) ) ;
#2315 = FACE_OUTER_BOUND ( 'NONE', #2587, .T. ) ;
#2316 = EDGE_LOOP ( 'NONE', ( #579, #340, #2256, #2266 ) ) ;
#2317 = LINE ( 'NONE', #3009, #915 ) ;
#2319 = ADVANCED_FACE ( 'NONE', ( #976 ), #1406, .F. ) ;
#2318 = CARTESIAN_POINT ( 'NONE',  ( -34.99999999999997868, -68.00000000000009948, 34.99999999999996447 ) ) ;
#2320 = EDGE_LOOP ( 'NONE', ( #1432, #1584, #494, #2611 ) ) ;
#2321 = APPLICATION_PROTOCOL_DEFINITION ( 'international standard', 'config_control_design', 1994, #1466 ) ;
#2322 = DIRECTION ( 'NONE',  ( 0.000000000000000000, 1.000000000000000000, 2.092620765740545622E-16 ) ) ;
#2323 = ORIENTED_EDGE ( 'NONE', *, *, #955, .F. ) ;
#2324 = CARTESIAN_POINT ( 'NONE',  ( -54.99999999999996447, -86.00000000000009948, 31.99999999999995381 ) ) ;
#2325 = CARTESIAN_POINT ( 'NONE',  ( -54.99999999999996447, -86.00000000000009948, 31.99999999999995381 ) ) ;
#2326 = CIRCLE ( 'NONE', #1785, 20.00000000000001776 ) ;
#2327 = ADVANCED_FACE ( 'NONE', ( #1905, #303 ), #943, .T. ) ;
#2328 = AXIS2_PLACEMENT_3D ( 'NONE', #696, #446, #411 ) ;
#2329 = EDGE_LOOP ( 'NONE', ( #80, #1878, #1141, #2187 ) ) ;
#2330 = FACE_OUTER_BOUND ( 'NONE', #90, .T. ) ;
#2331 = DIRECTION ( 'NONE',  ( 1.000000000000000000, -1.734723475976806848E-16, 1.734723475976800931E-16 ) ) ;
#2332 = ORIENTED_EDGE ( 'NONE', *, *, #2002, .T. ) ;
#2333 = LINE ( 'NONE', #1927, #1008 ) ;
#2334 = CARTESIAN_POINT ( 'NONE',  ( -74.99999999999997158, 59.99999999999998579, -4.510281037539698445E-14 ) ) ;
#2335 = VERTEX_POINT ( 'NONE', #1646 ) ;
#2336 = MECHANICAL_CONTEXT ( 'NONE', #428, 'mechanical' ) ;
#2337 = CARTESIAN_POINT ( 'NONE',  ( -94.00000000000000000, 60.00000000000001421, -6.000000000000001776 ) ) ;
#2338 = EDGE_LOOP ( 'NONE', ( #1195, #1219, #211, #2721 ) ) ;
#2339 = FACE_OUTER_BOUND ( 'NONE', #1544, .T. ) ;
#2340 = DIRECTION ( 'NONE',  ( -1.000000000000000000, -1.734723475976807094E-16, 0.000000000000000000 ) ) ;
#2341 = EDGE_CURVE ( 'NONE', #518, #2540, #2154, .T. ) ;
#2342 = ADVANCED_FACE ( 'NONE', ( #280 ), #1199, .F. ) ;
#2343 = ORIENTED_EDGE ( 'NONE', *, *, #229, .F. ) ;
#2344 = CARTESIAN_POINT ( 'NONE',  ( -34.99999999999995737, -86.00000000000008527, 31.99999999999995381 ) ) ;
#2345 = DIRECTION ( 'NONE',  ( 1.734723475976800438E-16, -1.000000000000000000, -3.700743415417187942E-15 ) ) ;
#2346 = EDGE_CURVE ( 'NONE', #1904, #804, #530, .T. ) ;
#2347 = ORIENTED_EDGE ( 'NONE', *, *, #181, .F. ) ;
#2348 = DIRECTION ( 'NONE',  ( -1.000000000000000000, -0.000000000000000000, -0.000000000000000000 ) ) ;
#2349 = DIRECTION ( 'NONE',  ( 1.430699774001490728E-16, -1.000000000000000000, 3.491481338843133750E-15 ) ) ;
#2350 = ORIENTED_EDGE ( 'NONE', *, *, #2102, .F. ) ;
#2351 = PERSON_AND_ORGANIZATION ( #2449, #2668 ) ;
#2352 = ADVANCED_FACE ( 'NONE', ( #2574 ), #1686, .T. ) ;
#2353 = DIRECTION ( 'NONE',  ( 1.000000000000000000, 0.000000000000000000, 0.000000000000000000 ) ) ;
#2354 = CARTESIAN_POINT ( 'NONE',  ( -100.0000000000001847, -7.285838599102613462E-15, -60.00000000000000711 ) ) ;
#2355 = ADVANCED_FACE ( 'NONE', ( #1667 ), #2842, .T. ) ;
#2356 = CIRCLE ( 'NONE', #2742, 2.000000000000001776 ) ;
#2357 = EDGE_CURVE ( 'NONE', #1375, #222, #1390, .T. ) ;
#2358 = AXIS2_PLACEMENT_3D ( 'NONE', #2173, #1984, #1487 ) ;
#2359 = VECTOR ( 'NONE', #2156, 1000.000000000000000 ) ;
#2360 = VERTEX_POINT ( 'NONE', #1459 ) ;
#2361 = CARTESIAN_POINT ( 'NONE',  ( 97.00000000000018474, -6.591949208711889836E-15, -60.00000000000002132 ) ) ;
#2362 = CYLINDRICAL_SURFACE ( 'NONE', #2443, 6.000000000000005329 ) ;
#2363 = AXIS2_PLACEMENT_3D ( 'NONE', #1653, #792, #25 ) ;
#2364 = VECTOR ( 'NONE', #1313, 1000.000000000000000 ) ;
#2365 = ADVANCED_FACE ( 'NONE', ( #55 ), #2385, .F. ) ;
#2366 = ORIENTED_EDGE ( 'NONE', *, *, #2658, .F. ) ;
#2367 = VECTOR ( 'NONE', #2235, 1000.000000000000000 ) ;
#2368 = DIRECTION ( 'NONE',  ( 0.000000000000000000, 0.000000000000000000, -1.000000000000000000 ) ) ;
#2369 = DIRECTION ( 'NONE',  ( 0.000000000000000000, 1.000000000000000000, -3.686287386450703243E-15 ) ) ;
#2370 = ORIENTED_EDGE ( 'NONE', *, *, #2524, .T. ) ;
#2371 = DIRECTION ( 'NONE',  ( -3.469446951953614583E-15, 0.000000000000000000, 1.000000000000000000 ) ) ;
#2372 = EDGE_CURVE ( 'NONE', #1163, #2783, #1722, .T. ) ;
#2374 = ADVANCED_FACE ( 'NONE', ( #2663 ), #337, .F. ) ;
#2373 = VERTEX_POINT ( 'NONE', #351 ) ;
#2375 = DIRECTION ( 'NONE',  ( 2.168404344971006896E-16, 0.000000000000000000, 1.000000000000000000 ) ) ;
#2376 = CARTESIAN_POINT ( 'NONE',  ( -34.99999999999997158, -65.99999999999998579, -2.406144251627857532E-13 ) ) ;
#2377 = VECTOR ( 'NONE', #1314, 1000.000000000000000 ) ;
#2378 = ORIENTED_EDGE ( 'NONE', *, *, #2394, .F. ) ;
#2379 = CARTESIAN_POINT ( 'NONE',  ( 94.00000000000000000, 60.00000000000001421, -6.000000000000001776 ) ) ;
#2380 = CARTESIAN_POINT ( 'NONE',  ( -74.99999999999998579, 86.00000000000009948, 34.99999999999995737 ) ) ;
#2381 = EDGE_LOOP ( 'NONE', ( #1847, #1975, #308, #2193 ) ) ;
#2382 = CARTESIAN_POINT ( 'NONE',  ( 34.99999999999997868, 66.00000000000009948, 31.99999999999995737 ) ) ;
#2383 = CARTESIAN_POINT ( 'NONE',  ( 34.99999999999997868, 68.00000000000009948, 34.99999999999996447 ) ) ;
#2384 = ORIENTED_EDGE ( 'NONE', *, *, #2040, .F. ) ;
#2385 = CYLINDRICAL_SURFACE ( 'NONE', #2547, 2.000000000000001776 ) ;
#2386 = CARTESIAN_POINT ( 'NONE',  ( -34.99999999999997158, -66.00000000000000000, 2.999999999999949818 ) ) ;
#2387 = ORIENTED_EDGE ( 'NONE', *, *, #278, .T. ) ;
#2388 = CARTESIAN_POINT ( 'NONE',  ( -97.00000000000022737, -6.938893903907251255E-15, -72.50000000000002842 ) ) ;
#2389 = DIRECTION ( 'NONE',  ( 1.000000000000000000, 1.156482317317871478E-16, -3.491481338843133355E-15 ) ) ;
#2390 = EDGE_CURVE ( 'NONE', #222, #2290, #2920, .T. ) ;
#2391 = ORIENTED_EDGE ( 'NONE', *, *, #489, .T. ) ;
#2392 = CYLINDRICAL_SURFACE ( 'NONE', #1725, 7.499999999999992895 ) ;
#2393 = ORIENTED_EDGE ( 'NONE', *, *, #740, .T. ) ;
#2394 = EDGE_CURVE ( 'NONE', #2281, #644, #576, .T. ) ;
#2395 = FACE_OUTER_BOUND ( 'NONE', #685, .T. ) ;
#2396 = EDGE_CURVE ( 'NONE', #2180, #2974, #519, .T. ) ;
#2397 = DIRECTION ( 'NONE',  ( 1.000000000000000000, 0.000000000000000000, 0.000000000000000000 ) ) ;
#2398 = ORIENTED_EDGE ( 'NONE', *, *, #2140, .F. ) ;
#2399 = DIRECTION ( 'NONE',  ( 1.000000000000000000, 1.387778780781445429E-16, 0.000000000000000000 ) ) ;
#2400 = AXIS2_PLACEMENT_3D ( 'NONE', #2021, #2756, #168 ) ;
#2401 = CYLINDRICAL_SURFACE ( 'NONE', #2987, 3.000000000000002665 ) ;
#2402 = AXIS2_PLACEMENT_3D ( 'NONE', #1039, #2689, #588 ) ;
#2403 = AXIS2_PLACEMENT_3D ( 'NONE', #1102, #1776, #366 ) ;
#2404 = VERTEX_POINT ( 'NONE', #843 ) ;
#2405 = DIRECTION ( 'NONE',  ( 1.000000000000000000, 0.000000000000000000, 2.168404344971006896E-16 ) ) ;
#2406 = FACE_OUTER_BOUND ( 'NONE', #1019, .T. ) ;
#2407 = AXIS2_PLACEMENT_3D ( 'NONE', #238, #916, #1842 ) ;
#2408 = VERTEX_POINT ( 'NONE', #615 ) ;
#2409 = DIRECTION ( 'NONE',  ( -1.000000000000000000, 0.000000000000000000, 2.168404344971006896E-16 ) ) ;
#2410 = ORIENTED_EDGE ( 'NONE', *, *, #2051, .T. ) ;
#2411 = ADVANCED_FACE ( 'NONE', ( #322 ), #1755, .T. ) ;
#2412 = CARTESIAN_POINT ( 'NONE',  ( -74.99999999999997158, -63.00000000000009948, 29.99999999999997513 ) ) ;
#2413 = CARTESIAN_POINT ( 'NONE',  ( -96.99999999999998579, 60.00000000000001421, -5.999999999999991118 ) ) ;
#2414 = ORIENTED_EDGE ( 'NONE', *, *, #316, .T. ) ;
#2415 = CARTESIAN_POINT ( 'NONE',  ( 74.99999999999997158, 68.00000000000009948, 29.99999999999995737 ) ) ;
#2416 = CARTESIAN_POINT ( 'NONE',  ( 34.99999999999997868, 66.00000000000009948, 34.99999999999996447 ) ) ;
#2417 = ORIENTED_EDGE ( 'NONE', *, *, #548, .T. ) ;
#2418 = DIRECTION ( 'NONE',  ( 0.000000000000000000, 1.000000000000000000, 0.000000000000000000 ) ) ;
#2419 = CARTESIAN_POINT ( 'NONE',  ( 54.99999999999996447, -93.50000000000009948, 34.99999999999995737 ) ) ;
#2420 = VECTOR ( 'NONE', #2425, 1000.000000000000000 ) ;
#2421 = ORIENTED_EDGE ( 'NONE', *, *, #2614, .F. ) ;
#2422 = DIRECTION ( 'NONE',  ( 0.000000000000000000, 2.092620765740545622E-16, -1.000000000000000000 ) ) ;
#2423 = CARTESIAN_POINT ( 'NONE',  ( -74.99999999999997158, -62.99999999999998579, 2.999999999999952927 ) ) ;
#2424 = CIRCLE ( 'NONE', #2032, 20.00000000000001776 ) ;
#2425 = DIRECTION ( 'NONE',  ( 1.040834085586084059E-15, -1.000000000000000000, 2.092620765740545622E-16 ) ) ;
#2426 = ADVANCED_FACE ( 'NONE', ( #814 ), #1285, .T. ) ;
#2427 = DIRECTION ( 'NONE',  ( 0.000000000000000000, 1.000000000000000000, 3.469446951953611231E-16 ) ) ;
#2428 = EDGE_LOOP ( 'NONE', ( #1110, #485, #738, #990 ) ) ;
#2429 = CARTESIAN_POINT ( 'NONE',  ( 34.99999999999995737, 86.00000000000008527, 31.99999999999995381 ) ) ;
#2430 = CARTESIAN_POINT ( 'NONE',  ( -100.0000000000001847, -7.285838599102613462E-15, -60.00000000000000711 ) ) ;
#2431 = EDGE_CURVE ( 'NONE', #644, #829, #1318, .T. ) ;
#2432 = VERTEX_POINT ( 'NONE', #115 ) ;
#2433 = DIRECTION ( 'NONE',  ( -6.938893903907227392E-16, -1.000000000000000000, 0.000000000000000000 ) ) ;
#2434 = DIRECTION ( 'NONE',  ( 0.000000000000000000, 1.000000000000000000, 0.000000000000000000 ) ) ;
#2435 = ORIENTED_EDGE ( 'NONE', *, *, #945, .F. ) ;
#2436 = CARTESIAN_POINT ( 'NONE',  ( 100.0000000000000000, 60.00000000000002132, -3.000000000000000000 ) ) ;
#2437 = CARTESIAN_POINT ( 'NONE',  ( -54.99999999999996447, 106.0000000000001279, 34.99999999999995026 ) ) ;
#2438 = CARTESIAN_POINT ( 'NONE',  ( -34.99999999999997868, 68.00000000000009948, 34.99999999999996447 ) ) ;
#2439 = FACE_OUTER_BOUND ( 'NONE', #2919, .T. ) ;
#2440 = EDGE_LOOP ( 'NONE', ( #787, #2089, #403, #2954 ) ) ;
#2441 = DIRECTION ( 'NONE',  ( 0.000000000000000000, 1.000000000000000000, 0.000000000000000000 ) ) ;
#2442 = CARTESIAN_POINT ( 'NONE',  ( -34.99999999999996447, -59.99999999999998579, 2.999999999999972911 ) ) ;
#2443 = AXIS2_PLACEMENT_3D ( 'NONE', #748, #1407, #2101 ) ;
#2444 = EDGE_LOOP ( 'NONE', ( #1815, #1, #2246, #2079 ) ) ;
#2445 = DIRECTION ( 'NONE',  ( -1.000000000000000000, -0.000000000000000000, -0.000000000000000000 ) ) ;
#2446 = DIRECTION ( 'NONE',  ( 1.000000000000000000, -1.156482317317871478E-16, 0.000000000000000000 ) ) ;
#2447 = AXIS2_PLACEMENT_3D ( 'NONE', #2826, #9, #2782 ) ;
#2448 = ORIENTED_EDGE ( 'NONE', *, *, #2752, .F. ) ;
#2449 = PERSON ( 'UNSPECIFIED', 'UNSPECIFIED', 'UNSPECIFIED', ('UNSPECIFIED'), ('UNSPECIFIED'), ('UNSPECIFIED') ) ;
#2450 = CIRCLE ( 'NONE', #810, 59.99999999999999289 ) ;
#2451 = CARTESIAN_POINT ( 'NONE',  ( -97.00000000000018474, -6.938893903907251255E-15, -60.00000000000002132 ) ) ;
#2452 = VECTOR ( 'NONE', #535, 1000.000000000000000 ) ;
#2453 = DIRECTION ( 'NONE',  ( 0.000000000000000000, 1.000000000000000000, -3.469446951953611231E-16 ) ) ;
#2454 = AXIS2_PLACEMENT_3D ( 'NONE', #1942, #846, #1030 ) ;
#2455 = VECTOR ( 'NONE', #2389, 1000.000000000000000 ) ;
#2456 = CIRCLE ( 'NONE', #1162, 7.499999999999992895 ) ;
#2457 = DIRECTION ( 'NONE',  ( 0.000000000000000000, -0.000000000000000000, -1.000000000000000000 ) ) ;
#2458 = FACE_OUTER_BOUND ( 'NONE', #2045, .T. ) ;
#2459 = ORIENTED_EDGE ( 'NONE', *, *, #2038, .T. ) ;
#2460 = DIRECTION ( 'NONE',  ( 1.000000000000000000, -0.000000000000000000, -2.168404344971006896E-16 ) ) ;
#2461 = CARTESIAN_POINT ( 'NONE',  ( -54.99999999999996447, 86.00000000000009948, 31.99999999999995381 ) ) ;
#2462 = VERTEX_POINT ( 'NONE', #830 ) ;
#2463 = DIRECTION ( 'NONE',  ( 0.000000000000000000, 0.000000000000000000, 1.000000000000000000 ) ) ;
#2464 = CARTESIAN_POINT ( 'NONE',  ( -74.99999999999997158, 66.00000000000008527, 29.99999999999996447 ) ) ;
#2465 = VERTEX_POINT ( 'NONE', #2429 ) ;
#2466 = PLANE ( 'NONE',  #1103 ) ;
#2467 = LINE ( 'NONE', #2481, #2502 ) ;
#2468 = AXIS2_PLACEMENT_3D ( 'NONE', #2674, #1740, #347 ) ;
#2469 = CIRCLE ( 'NONE', #1123, 6.000000000000016875 ) ;
#2470 = ORIENTED_EDGE ( 'NONE', *, *, #1062, .T. ) ;
#2471 = DIRECTION ( 'NONE',  ( 0.000000000000000000, 0.000000000000000000, 1.000000000000000000 ) ) ;
#2472 = LINE ( 'NONE', #1316, #2206 ) ;
#2473 = ORIENTED_EDGE ( 'NONE', *, *, #825, .F. ) ;
#2474 = DIRECTION ( 'NONE',  ( 1.387778780781445429E-16, -1.000000000000000000, 0.000000000000000000 ) ) ;
#2475 = DIRECTION ( 'NONE',  ( 1.000000000000000000, 0.000000000000000000, 3.469446951953611033E-15 ) ) ;
#2476 = VERTEX_POINT ( 'NONE', #600 ) ;
#2477 = CARTESIAN_POINT ( 'NONE',  ( -100.0000000000001421, -5.581557752570735512E-15, -47.50000000000000000 ) ) ;
#2478 = CARTESIAN_POINT ( 'NONE',  ( 34.99999999999995737, 86.00000000000008527, 34.99999999999995737 ) ) ;
#2479 = ORIENTED_EDGE ( 'NONE', *, *, #1273, .F. ) ;
#2480 = DIRECTION ( 'NONE',  ( 0.000000000000000000, 2.092620765740545869E-16, -1.000000000000000000 ) ) ;
#2481 = CARTESIAN_POINT ( 'NONE',  ( 74.99999999999998579, -86.00000000000009948, 34.99999999999995737 ) ) ;
#2482 = ORIENTED_EDGE ( 'NONE', *, *, #5, .F. ) ;
#2483 = DIRECTION ( 'NONE',  ( 0.000000000000000000, -1.000000000000000000, 0.000000000000000000 ) ) ;
#2484 = EDGE_CURVE ( 'NONE', #266, #336, #569, .T. ) ;
#2485 = ADVANCED_FACE ( 'NONE', ( #1939 ), #364, .F. ) ;
#2486 = CARTESIAN_POINT ( 'NONE',  ( 94.00000000000000000, -59.99999999999998579, -2.999999999999999112 ) ) ;
#2487 = EDGE_LOOP ( 'NONE', ( #1606, #1612, #1280, #433 ) ) ;
#2488 = DIRECTION ( 'NONE',  ( 1.000000000000000000, 1.387778780781445676E-16, -0.000000000000000000 ) ) ;
#2489 = CARTESIAN_POINT ( 'NONE',  ( 74.99999999999997158, 65.99999999999998579, 2.999999999999941380 ) ) ;
#2490 = ORIENTED_EDGE ( 'NONE', *, *, #1944, .T. ) ;
#2491 = DIRECTION ( 'NONE',  ( 0.000000000000000000, 0.000000000000000000, -1.000000000000000000 ) ) ;
#2492 = PLANE ( 'NONE',  #807 ) ;
#2493 = ORIENTED_EDGE ( 'NONE', *, *, #158, .F. ) ;
#2494 = PLANE ( 'NONE',  #2653 ) ;
#2495 = AXIS2_PLACEMENT_3D ( 'NONE', #2710, #402, #200 ) ;
#2496 = CIRCLE ( 'NONE', #64, 5.000000000000000888 ) ;
#2497 = CIRCLE ( 'NONE', #670, 20.00000000000001776 ) ;
#2498 = EDGE_CURVE ( 'NONE', #2573, #2195, #2889, .T. ) ;
#2499 = ORIENTED_EDGE ( 'NONE', *, *, #924, .T. ) ;
#2500 = DIRECTION ( 'NONE',  ( -1.000000000000000000, -1.734723475976806848E-16, -1.734723475976801424E-16 ) ) ;
#2501 = AXIS2_PLACEMENT_3D ( 'NONE', #2687, #1533, #646 ) ;
#2502 = VECTOR ( 'NONE', #392, 1000.000000000000000 ) ;
#2503 = VECTOR ( 'NONE', #1157, 1000.000000000000000 ) ;
#2504 = CARTESIAN_POINT ( 'NONE',  ( -34.99999999999997868, -63.00000000000009948, 29.99999999999997513 ) ) ;
#2505 = ORIENTED_EDGE ( 'NONE', *, *, #2372, .F. ) ;
#2506 = CARTESIAN_POINT ( 'NONE',  ( 97.00000000000018474, -59.99999999999998579, -60.00000000000002132 ) ) ;
#2507 = DIRECTION ( 'NONE',  ( 0.000000000000000000, -2.092620765740545869E-16, -1.000000000000000000 ) ) ;
#2508 = EDGE_LOOP ( 'NONE', ( #1938, #166, #1703, #482 ) ) ;
#2509 = LINE ( 'NONE', #1365, #2695 ) ;
#2510 = DIRECTION ( 'NONE',  ( -3.330669073875468832E-15, 0.000000000000000000, -1.000000000000000000 ) ) ;
#2511 = ORIENTED_EDGE ( 'NONE', *, *, #2660, .T. ) ;
#2512 = CYLINDRICAL_SURFACE ( 'NONE', #769, 2.000000000000001776 ) ;
#2513 = DIRECTION ( 'NONE',  ( -3.330669073875468832E-15, 0.000000000000000000, 1.000000000000000000 ) ) ;
#2514 = ORIENTED_EDGE ( 'NONE', *, *, #782, .T. ) ;
#2515 = DIRECTION ( 'NONE',  ( -1.000000000000000000, 1.734723475976806848E-16, 1.734723475976800931E-16 ) ) ;
#2516 = FACE_OUTER_BOUND ( 'NONE', #898, .T. ) ;
#2517 = ORIENTED_EDGE ( 'NONE', *, *, #265, .T. ) ;
#2518 = PLANE ( 'NONE',  #388 ) ;
#2519 = DIRECTION ( 'NONE',  ( -1.040834085586084059E-15, -1.000000000000000000, 2.092620765740545622E-16 ) ) ;
#2520 = EDGE_CURVE ( 'NONE', #845, #1904, #2743, .T. ) ;
#2521 = ORIENTED_EDGE ( 'NONE', *, *, #1986, .F. ) ;
#2522 = CARTESIAN_POINT ( 'NONE',  ( 54.99999999999996447, 93.50000000000009948, 34.99999999999995737 ) ) ;
#2523 = CARTESIAN_POINT ( 'NONE',  ( -74.99999999999997158, 59.99999999999998579, 2.999999999999971578 ) ) ;
#2524 = EDGE_CURVE ( 'NONE', #1871, #305, #1438, .T. ) ;
#2525 = ORIENTED_EDGE ( 'NONE', *, *, #2341, .F. ) ;
#2526 = FACE_OUTER_BOUND ( 'NONE', #246, .T. ) ;
#2527 = FACE_OUTER_BOUND ( 'NONE', #1522, .T. ) ;
#2528 = EDGE_CURVE ( 'NONE', #801, #1368, #2469, .T. ) ;
#2529 = VERTEX_POINT ( 'NONE', #2873 ) ;
#2530 = APPROVAL_DATE_TIME ( #1620, #640 ) ;
#2531 = CARTESIAN_POINT ( 'NONE',  ( 54.99999999999996447, 106.0000000000001279, 34.99999999999995026 ) ) ;
#2532 = VERTEX_POINT ( 'NONE', #798 ) ;
#2533 = DIRECTION ( 'NONE',  ( 1.000000000000000000, 1.156482317317871478E-16, -3.491481338843133355E-15 ) ) ;
#2534 = CARTESIAN_POINT ( 'NONE',  ( -100.0000000000001990, 59.99999999999999289, -60.00000000000002132 ) ) ;
#2535 = EDGE_CURVE ( 'NONE', #2595, #216, #2424, .T. ) ;
#2537 = ADVANCED_FACE ( 'NONE', ( #2932 ), #892, .T. ) ;
#2536 = EDGE_LOOP ( 'NONE', ( #1124, #1736, #2692, #2665, #1284 ) ) ;
#2538 = CARTESIAN_POINT ( 'NONE',  ( -97.00000000000018474, -6.938893903907251255E-15, -60.00000000000002132 ) ) ;
#2539 = CYLINDRICAL_SURFACE ( 'NONE', #2790, 12.50000000000000355 ) ;
#2540 = VERTEX_POINT ( 'NONE', #1373 ) ;
#2541 = DIRECTION ( 'NONE',  ( -1.000000000000000000, -0.000000000000000000, -0.000000000000000000 ) ) ;
#2542 = CARTESIAN_POINT ( 'NONE',  ( -34.99999999999997868, 66.00000000000008527, 29.99999999999996447 ) ) ;
#2543 = EDGE_LOOP ( 'NONE', ( #606, #1453, #2556, #1435 ) ) ;
#2544 = VECTOR ( 'NONE', #1122, 1000.000000000000000 ) ;
#2545 = CARTESIAN_POINT ( 'NONE',  ( 0.000000000000000000, 0.000000000000000000, 0.000000000000000000 ) ) ;
#2546 = ADVANCED_FACE ( 'NONE', ( #875 ), #2518, .T. ) ;
#2547 = AXIS2_PLACEMENT_3D ( 'NONE', #2415, #2858, #1056 ) ;
#2548 = VECTOR ( 'NONE', #1789, 1000.000000000000000 ) ;
#2549 = CARTESIAN_POINT ( 'NONE',  ( -74.99999999999998579, 86.00000000000009948, 34.99999999999995737 ) ) ;
#2550 = EDGE_LOOP ( 'NONE', ( #113, #2473, #2517, #2224 ) ) ;
#2551 = AXIS2_PLACEMENT_3D ( 'NONE', #630, #1562, #1548 ) ;
#2552 = LINE ( 'NONE', #289, #1497 ) ;
#2553 = AXIS2_PLACEMENT_3D ( 'NONE', #2729, #405, #1139 ) ;
#2554 = CARTESIAN_POINT ( 'NONE',  ( -34.99999999999996447, 59.99999999999998579, -3.000000000000036415 ) ) ;
#2555 = VECTOR ( 'NONE', #2819, 1000.000000000000000 ) ;
#2556 = ORIENTED_EDGE ( 'NONE', *, *, #2341, .T. ) ;
#2557 = CARTESIAN_POINT ( 'NONE',  ( 94.00000000000000000, 60.00000000000002132, 0.000000000000000000 ) ) ;
#2558 = DIRECTION ( 'NONE',  ( -1.000000000000000000, -1.156482317317871478E-16, 3.491481338843133355E-15 ) ) ;
#2559 = EDGE_LOOP ( 'NONE', ( #201, #2323 ) ) ;
#2560 = CYLINDRICAL_SURFACE ( 'NONE', #2013, 2.000000000000001776 ) ;
#2561 = CARTESIAN_POINT ( 'NONE',  ( 97.00000000000014211, -6.591949208711889836E-15, -47.50000000000001421 ) ) ;
#2562 = APPROVAL ( #21, 'UNSPECIFIED' ) ;
#2563 = ORIENTED_EDGE ( 'NONE', *, *, #2498, .T. ) ;
#2564 = EDGE_CURVE ( 'NONE', #1449, #1990, #1564, .T. ) ;
#2565 = COORDINATED_UNIVERSAL_TIME_OFFSET ( 5, 30, .AHEAD. ) ;
#2566 = EDGE_CURVE ( 'NONE', #749, #845, #1609, .T. ) ;
#2567 = DIRECTION ( 'NONE',  ( 0.000000000000000000, 0.000000000000000000, 1.000000000000000000 ) ) ;
#2568 = ORIENTED_EDGE ( 'NONE', *, *, #1079, .F. ) ;
#2569 = DIRECTION ( 'NONE',  ( 0.000000000000000000, 1.000000000000000000, -3.469446951953611231E-16 ) ) ;
#2570 = FACE_OUTER_BOUND ( 'NONE', #891, .T. ) ;
#2571 = AXIS2_PLACEMENT_3D ( 'NONE', #260, #997, #2371 ) ;
#2572 = CIRCLE ( 'NONE', #1267, 6.000000000000017764 ) ;
#2573 = VERTEX_POINT ( 'NONE', #2722 ) ;
#2574 = FACE_OUTER_BOUND ( 'NONE', #1622, .T. ) ;
#2575 = DIRECTION ( 'NONE',  ( -2.168404344971006896E-16, 0.000000000000000000, 1.000000000000000000 ) ) ;
#2576 = EDGE_LOOP ( 'NONE', ( #2182, #2815, #1707, #2153 ) ) ;
#2577 = CARTESIAN_POINT ( 'NONE',  ( 74.99999999999997158, -59.99999999999998579, -4.510281037539698445E-14 ) ) ;
#2578 = DIRECTION ( 'NONE',  ( 0.000000000000000000, 0.000000000000000000, 1.000000000000000000 ) ) ;
#2579 = EDGE_CURVE ( 'NONE', #282, #1225, #648, .T. ) ;
#2580 = VERTEX_POINT ( 'NONE', #2768 ) ;
#2581 = CALENDAR_DATE ( 2026, 11, 7 ) ;
#2582 = CARTESIAN_POINT ( 'NONE',  ( -54.99999999999996447, -93.50000000000009948, 34.99999999999995737 ) ) ;
#2583 = CARTESIAN_POINT ( 'NONE',  ( 94.00000000000000000, -59.99999999999998579, -6.000000000000001776 ) ) ;
#2584 = ADVANCED_FACE ( 'NONE', ( #1835 ), #2734, .F. ) ;
#2585 = CARTESIAN_POINT ( 'NONE',  ( -54.99999999999996447, -86.00000000000009948, 34.99999999999995737 ) ) ;
#2586 = EDGE_CURVE ( 'NONE', #438, #2465, #1817, .T. ) ;
#2587 = EDGE_LOOP ( 'NONE', ( #2448, #1662, #551, #1998 ) ) ;
#2588 = CARTESIAN_POINT ( 'NONE',  ( -1.074117726161812848E-14, -66.00000000000000000, 2.999999999999956035 ) ) ;
#2589 = CARTESIAN_POINT ( 'NONE',  ( 1.030103837281069261E-14, 65.99999999999998579, -2.325190489415606703E-13 ) ) ;
#2590 = ADVANCED_FACE ( 'NONE', ( #1101 ), #683, .T. ) ;
#2591 = EDGE_CURVE ( 'NONE', #644, #2770, #882, .T. ) ;
#2592 = ORIENTED_EDGE ( 'NONE', *, *, #1201, .F. ) ;
#2593 = DIRECTION ( 'NONE',  ( 0.000000000000000000, 1.000000000000000000, 0.000000000000000000 ) ) ;
#2594 = DIRECTION ( 'NONE',  ( 1.000000000000000000, 1.430699774001490728E-16, 5.294652768074875655E-31 ) ) ;
#2595 = VERTEX_POINT ( 'NONE', #632 ) ;
#2596 = EDGE_CURVE ( 'NONE', #241, #1959, #179, .T. ) ;
#2597 = AXIS2_PLACEMENT_3D ( 'NONE', #2772, #2345, #264 ) ;
#2598 = DIRECTION ( 'NONE',  ( 0.000000000000000000, -3.700743415417187942E-15, -1.000000000000000000 ) ) ;
#2599 = VECTOR ( 'NONE', #880, 1000.000000000000000 ) ;
#2600 = AXIS2_PLACEMENT_3D ( 'NONE', #1869, #13, #1172 ) ;
#2601 = AXIS2_PLACEMENT_3D ( 'NONE', #1181, #1262, #1931 ) ;
#2602 = VECTOR ( 'NONE', #496, 1000.000000000000000 ) ;
#2603 = EDGE_LOOP ( 'NONE', ( #1758, #868, #2634, #1116, #688 ) ) ;
#2604 = CARTESIAN_POINT ( 'NONE',  ( 54.99999999999996447, -86.00000000000009948, 34.99999999999995737 ) ) ;
#2605 = FACE_OUTER_BOUND ( 'NONE', #390, .T. ) ;
#2606 = CIRCLE ( 'NONE', #676, 2.000000000000001776 ) ;
#2607 = ORIENTED_EDGE ( 'NONE', *, *, #2208, .T. ) ;
#2608 = CIRCLE ( 'NONE', #2165, 3.000000000000002665 ) ;
#2609 = DIRECTION ( 'NONE',  ( -1.000000000000000000, 1.156482317317871478E-16, -3.491481338843133355E-15 ) ) ;
#2610 = DIRECTION ( 'NONE',  ( 0.000000000000000000, 0.000000000000000000, -1.000000000000000000 ) ) ;
#2611 = ORIENTED_EDGE ( 'NONE', *, *, #2765, .F. ) ;
#2612 = LINE ( 'NONE', #1196, #1264 ) ;
#2613 = CARTESIAN_POINT ( 'NONE',  ( 74.99999999999997158, 59.99999999999998579, 2.999999999999964029 ) ) ;
#2614 = EDGE_CURVE ( 'NONE', #599, #644, #149, .T. ) ;
#2615 = ORIENTED_EDGE ( 'NONE', *, *, #507, .F. ) ;
#2616 = DIRECTION ( 'NONE',  ( -1.000000000000000000, 1.156482317317871478E-16, -3.491481338843133355E-15 ) ) ;
#2617 = DIRECTION ( 'NONE',  ( -1.000000000000000000, -1.156482317317871478E-16, 3.491481338843133355E-15 ) ) ;
#2618 = VECTOR ( 'NONE', #232, 1000.000000000000000 ) ;
#2619 = AXIS2_PLACEMENT_3D ( 'NONE', #2142, #1643, #2569 ) ;
#2620 = VERTEX_POINT ( 'NONE', #209 ) ;
#2621 = LINE ( 'NONE', #1899, #324 ) ;
#2622 = CARTESIAN_POINT ( 'NONE',  ( -74.99999999999997158, -66.00000000000008527, 29.99999999999996447 ) ) ;
#2623 = EDGE_CURVE ( 'NONE', #975, #1021, #2572, .T. ) ;
#2624 = EDGE_CURVE ( 'NONE', #650, #1405, #1499, .T. ) ;
#2625 = EDGE_LOOP ( 'NONE', ( #818, #490, #2733, #629 ) ) ;
#2626 = VERTEX_POINT ( 'NONE', #431 ) ;
#2627 = ADVANCED_FACE ( 'NONE', ( #906 ), #2967, .T. ) ;
#2628 = DIRECTION ( 'NONE',  ( -0.000000000000000000, 0.000000000000000000, 1.000000000000000000 ) ) ;
#2629 = PLANE ( 'NONE',  #1348 ) ;
#2630 = ORIENTED_EDGE ( 'NONE', *, *, #737, .T. ) ;
#2631 = DIRECTION ( 'NONE',  ( -0.000000000000000000, 2.092620765740545869E-16, 1.000000000000000000 ) ) ;
#2632 = CARTESIAN_POINT ( 'NONE',  ( -34.99999999999997868, -68.00000000000009948, 29.99999999999995737 ) ) ;
#2633 = EDGE_CURVE ( 'NONE', #1926, #975, #2278, .T. ) ;
#2634 = ORIENTED_EDGE ( 'NONE', *, *, #847, .F. ) ;
#2635 = DIRECTION ( 'NONE',  ( 0.000000000000000000, 0.000000000000000000, -1.000000000000000000 ) ) ;
#2636 = FACE_OUTER_BOUND ( 'NONE', #1446, .T. ) ;
#2637 = ORIENTED_EDGE ( 'NONE', *, *, #1561, .T. ) ;
#2638 = LINE ( 'NONE', #563, #767 ) ;
#2639 = CARTESIAN_POINT ( 'NONE',  ( -34.99999999999995737, 86.00000000000007105, 31.99999999999995381 ) ) ;
#2640 = ADVANCED_FACE ( 'NONE', ( #2243 ), #195, .F. ) ;
#2641 = DIRECTION ( 'NONE',  ( -1.000000000000000000, 0.000000000000000000, -0.000000000000000000 ) ) ;
#2642 = DIRECTION ( 'NONE',  ( 0.000000000000000000, 0.000000000000000000, 1.000000000000000000 ) ) ;
#2643 = ORIENTED_EDGE ( 'NONE', *, *, #497, .T. ) ;
#2644 = DIRECTION ( 'NONE',  ( 1.000000000000000000, 0.000000000000000000, 2.168404344971006896E-16 ) ) ;
#2645 = AXIS2_PLACEMENT_3D ( 'NONE', #2589, #252, #978 ) ;
#2646 = FACE_OUTER_BOUND ( 'NONE', #1524, .T. ) ;
#2647 = VECTOR ( 'NONE', #999, 1000.000000000000000 ) ;
#2648 = VECTOR ( 'NONE', #859, 1000.000000000000000 ) ;
#2649 = EDGE_LOOP ( 'NONE', ( #641, #2410, #2511, #603 ) ) ;
#2650 = CARTESIAN_POINT ( 'NONE',  ( 34.99999999999997868, 68.00000000000009948, 29.99999999999995737 ) ) ;
#2651 = FACE_OUTER_BOUND ( 'NONE', #170, .T. ) ;
#2652 = VECTOR ( 'NONE', #2879, 1000.000000000000000 ) ;
#2653 = AXIS2_PLACEMENT_3D ( 'NONE', #2025, #2945, #675 ) ;
#2654 = CIRCLE ( 'NONE', #1251, 12.50000000000000355 ) ;
#2655 = ORIENTED_EDGE ( 'NONE', *, *, #1096, .T. ) ;
#2656 = FACE_OUTER_BOUND ( 'NONE', #2168, .T. ) ;
#2658 = EDGE_CURVE ( 'NONE', #1021, #1881, #274, .T. ) ;
#2657 = ORIENTED_EDGE ( 'NONE', *, *, #2223, .F. ) ;
#2659 = LINE ( 'NONE', #359, #691 ) ;
#2660 = EDGE_CURVE ( 'NONE', #2978, #2724, #2811, .T. ) ;
#2661 = LINE ( 'NONE', #2186, #2744 ) ;
#2662 = ORIENTED_EDGE ( 'NONE', *, *, #110, .T. ) ;
#2663 = FACE_OUTER_BOUND ( 'NONE', #393, .T. ) ;
#2664 = CARTESIAN_POINT ( 'NONE',  ( 34.99999999999996447, -59.99999999999998579, -3.000000000000036415 ) ) ;
#2665 = ORIENTED_EDGE ( 'NONE', *, *, #1705, .F. ) ;
#2666 = DIRECTION ( 'NONE',  ( -1.000000000000000000, 6.938893903907227392E-16, -1.452047347458674557E-31 ) ) ;
#2667 = LINE ( 'NONE', #123, #2700 ) ;
#2668 = ORGANIZATION ( 'UNSPECIFIED', 'UNSPECIFIED', '' ) ;
#2669 = ORIENTED_EDGE ( 'NONE', *, *, #105, .F. ) ;
#2670 = CARTESIAN_POINT ( 'NONE',  ( 54.99999999999996447, -86.00000000000009948, 34.99999999999995737 ) ) ;
#2671 = DIRECTION ( 'NONE',  ( -1.040834085586084059E-15, -1.000000000000000000, 2.092620765740545622E-16 ) ) ;
#2672 = ADVANCED_FACE ( 'NONE', ( #1213 ), #2129, .F. ) ;
#2673 = EDGE_CURVE ( 'NONE', #178, #438, #934, .T. ) ;
#2674 = CARTESIAN_POINT ( 'NONE',  ( -54.99999999999996447, 86.00000000000009948, 34.99999999999995737 ) ) ;
#2675 = EDGE_CURVE ( 'NONE', #879, #148, #2797, .T. ) ;
#2676 = LINE ( 'NONE', #1922, #2258 ) ;
#2677 = ORIENTED_EDGE ( 'NONE', *, *, #1598, .T. ) ;
#2678 = DIRECTION ( 'NONE',  ( 1.000000000000000000, 0.000000000000000000, 2.168404344971006896E-16 ) ) ;
#2679 = DIRECTION ( 'NONE',  ( 1.430699774001490728E-16, -1.000000000000000000, 0.000000000000000000 ) ) ;
#2680 = ORIENTED_EDGE ( 'NONE', *, *, #2806, .F. ) ;
#2681 = LINE ( 'NONE', #91, #1306 ) ;
#2682 = CARTESIAN_POINT ( 'NONE',  ( -100.0000000000001847, -7.285838599102613462E-15, -60.00000000000000711 ) ) ;
#2683 = ORIENTED_EDGE ( 'NONE', *, *, #2900, .F. ) ;
#2684 = CARTESIAN_POINT ( 'NONE',  ( -74.99999999999997158, 62.99999999999997158, -2.220446049250312071E-13 ) ) ;
#2685 = ORIENTED_EDGE ( 'NONE', *, *, #919, .T. ) ;
#2686 = ADVANCED_FACE ( 'NONE', ( #40, #2825 ), #1184, .T. ) ;
#2687 = CARTESIAN_POINT ( 'NONE',  ( -1.083755078806124990E-14, 65.99999999999998579, -2.325190489415606703E-13 ) ) ;
#2688 = EDGE_LOOP ( 'NONE', ( #1340, #2892, #2096, #2141 ) ) ;
#2689 = DIRECTION ( 'NONE',  ( -1.000000000000000000, -1.156482317317871478E-16, 3.491481338843133355E-15 ) ) ;
#2690 = DIRECTION ( 'NONE',  ( 0.000000000000000000, 2.092620765740545869E-16, -1.000000000000000000 ) ) ;
#2691 = AXIS2_PLACEMENT_3D ( 'NONE', #2682, #2864, #605 ) ;
#2692 = ORIENTED_EDGE ( 'NONE', *, *, #2535, .F. ) ;
#2693 = DIRECTION ( 'NONE',  ( 1.430699774001490481E-16, 1.000000000000000000, 3.491481338843133750E-15 ) ) ;
#2694 = CARTESIAN_POINT ( 'NONE',  ( -34.99999999999997868, 66.00000000000009948, 34.99999999999996447 ) ) ;
#2695 = VECTOR ( 'NONE', #1791, 1000.000000000000000 ) ;
#2696 = AXIS2_PLACEMENT_3D ( 'NONE', #383, #2735, #1132 ) ;
#2697 = ORIENTED_EDGE ( 'NONE', *, *, #412, .F. ) ;
#2698 = VECTOR ( 'NONE', #598, 1000.000000000000000 ) ;
#2699 = DIRECTION ( 'NONE',  ( -3.330669073875468832E-15, 0.000000000000000000, 1.000000000000000000 ) ) ;
#2700 = VECTOR ( 'NONE', #1491, 1000.000000000000000 ) ;
#2701 = LINE ( 'NONE', #1479, #371 ) ;
#2702 = AXIS2_PLACEMENT_3D ( 'NONE', #2958, #1396, #689 ) ;
#2703 = CIRCLE ( 'NONE', #2067, 5.000000000000004441 ) ;
#2704 = CARTESIAN_POINT ( 'NONE',  ( 34.99999999999996447, -59.99999999999998579, -3.642919299551294898E-14 ) ) ;
#2705 = ORIENTED_EDGE ( 'NONE', *, *, #332, .T. ) ;
#2706 = CARTESIAN_POINT ( 'NONE',  ( 99.99999999999998579, -59.99999999999998579, 0.000000000000000000 ) ) ;
#2707 = CARTESIAN_POINT ( 'NONE',  ( -34.99999999999997868, -63.00000000000008527, 29.99999999999997513 ) ) ;
#2708 = ORIENTED_EDGE ( 'NONE', *, *, #10, .T. ) ;
#2709 = LINE ( 'NONE', #184, #964 ) ;
#2710 = CARTESIAN_POINT ( 'NONE',  ( -54.99999999999996447, 86.00000000000009948, 34.99999999999995737 ) ) ;
#2711 = ORIENTED_EDGE ( 'NONE', *, *, #2094, .F. ) ;
#2712 = CARTESIAN_POINT ( 'NONE',  ( 99.99999999999998579, -59.99999999999998579, -3.000000000000000000 ) ) ;
#2713 = EDGE_CURVE ( 'NONE', #2718, #137, #2813, .T. ) ;
#2714 = DIRECTION ( 'NONE',  ( -0.000000000000000000, 0.000000000000000000, 1.000000000000000000 ) ) ;
#2715 = VECTOR ( 'NONE', #333, 1000.000000000000000 ) ;
#2716 = ADVANCED_FACE ( 'NONE', ( #508 ), #495, .F. ) ;
#2717 = AXIS2_PLACEMENT_3D ( 'NONE', #1131, #2474, #1345 ) ;
#2718 = VERTEX_POINT ( 'NONE', #52 ) ;
#2719 = CARTESIAN_POINT ( 'NONE',  ( 74.99999999999997158, 62.99999999999998579, 2.999999999999954259 ) ) ;
#2720 = CARTESIAN_POINT ( 'NONE',  ( -74.99999999999998579, -86.00000000000009948, 34.99999999999995737 ) ) ;
#2721 = ORIENTED_EDGE ( 'NONE', *, *, #375, .F. ) ;
#2722 = CARTESIAN_POINT ( 'NONE',  ( 54.99999999999996447, 78.50000000000011369, 34.99999999999995737 ) ) ;
#2723 = DIRECTION ( 'NONE',  ( 0.000000000000000000, 1.000000000000000000, 2.092620765740545622E-16 ) ) ;
#2724 = VERTEX_POINT ( 'NONE', #770 ) ;
#2725 = DIRECTION ( 'NONE',  ( 0.000000000000000000, 1.000000000000000000, -3.758567531283061265E-15 ) ) ;
#2726 = CARTESIAN_POINT ( 'NONE',  ( -74.99999999999998579, 86.00000000000009948, 31.99999999999995381 ) ) ;
#2727 = EDGE_LOOP ( 'NONE', ( #1133, #1364 ) ) ;
#2728 = CARTESIAN_POINT ( 'NONE',  ( -74.99999999999997158, -68.00000000000009948, 29.99999999999995737 ) ) ;
#2729 = CARTESIAN_POINT ( 'NONE',  ( -94.00000000000000000, -59.99999999999998579, -6.000000000000001776 ) ) ;
#2730 = EDGE_LOOP ( 'NONE', ( #2493, #972 ) ) ;
#2731 = DIRECTION ( 'NONE',  ( 2.312964634635738027E-16, 0.000000000000000000, 1.000000000000000000 ) ) ;
#2732 = CARTESIAN_POINT ( 'NONE',  ( -74.99999999999998579, -86.00000000000009948, 34.99999999999995737 ) ) ;
#2733 = ORIENTED_EDGE ( 'NONE', *, *, #1692, .T. ) ;
#2734 = CYLINDRICAL_SURFACE ( 'NONE', #2328, 2.999999999999988898 ) ;
#2735 = DIRECTION ( 'NONE',  ( 0.000000000000000000, -2.092620765740545869E-16, -1.000000000000000000 ) ) ;
#2736 = ORIENTED_EDGE ( 'NONE', *, *, #847, .T. ) ;
#2737 = CARTESIAN_POINT ( 'NONE',  ( -74.99999999999997158, 68.00000000000009948, 29.99999999999995737 ) ) ;
#2738 = FACE_OUTER_BOUND ( 'NONE', #356, .T. ) ;
#2739 = ORIENTED_EDGE ( 'NONE', *, *, #825, .T. ) ;
#2740 = CARTESIAN_POINT ( 'NONE',  ( -100.0000000000000000, -59.99999999999998579, -5.999999999999981348 ) ) ;
#2741 = DIRECTION ( 'NONE',  ( 1.430699774001490728E-16, -1.000000000000000000, -3.713525943768164663E-15 ) ) ;
#2742 = AXIS2_PLACEMENT_3D ( 'NONE', #1286, #1952, #1040 ) ;
#2743 = CIRCLE ( 'NONE', #2358, 6.000000000000002665 ) ;
#2744 = VECTOR ( 'NONE', #361, 1000.000000000000000 ) ;
#2745 = ORIENTED_EDGE ( 'NONE', *, *, #2940, .F. ) ;
#2746 = AXIS2_PLACEMENT_3D ( 'NONE', #2866, #245, #2322 ) ;
#2747 = VECTOR ( 'NONE', #204, 1000.000000000000000 ) ;
#2748 = CIRCLE ( 'NONE', #918, 3.000000000000016431 ) ;
#2749 = DIRECTION ( 'NONE',  ( 1.000000000000000000, 1.156482317317871478E-16, -3.491481338843133355E-15 ) ) ;
#2750 = ORIENTED_EDGE ( 'NONE', *, *, #1307, .F. ) ;
#2751 = DIRECTION ( 'NONE',  ( -2.168404344971006896E-16, 0.000000000000000000, -1.000000000000000000 ) ) ;
#2752 = EDGE_CURVE ( 'NONE', #2852, #362, #2612, .T. ) ;
#2753 = CARTESIAN_POINT ( 'NONE',  ( -74.99999999999997158, -59.99999999999998579, -3.000000000000038636 ) ) ;
#2754 = ORIENTED_EDGE ( 'NONE', *, *, #109, .T. ) ;
#2755 = PLANE ( 'NONE',  #363 ) ;
#2756 = DIRECTION ( 'NONE',  ( 0.000000000000000000, -0.000000000000000000, 1.000000000000000000 ) ) ;
#2757 = ADVANCED_FACE ( 'NONE', ( #2339 ), #1444, .T. ) ;
#2758 = ORIENTED_EDGE ( 'NONE', *, *, #1136, .F. ) ;
#2759 = CARTESIAN_POINT ( 'NONE',  ( 34.99999999999997868, -62.99999999999998579, 2.999999999999968026 ) ) ;
#2760 = DIRECTION ( 'NONE',  ( 1.452047347458674557E-31, -0.000000000000000000, 1.000000000000000000 ) ) ;
#2761 = ORIENTED_EDGE ( 'NONE', *, *, #2136, .T. ) ;
#2762 = PERSON_AND_ORGANIZATION ( #2449, #2668 ) ;
#2763 = EDGE_CURVE ( 'NONE', #305, #2830, #2552, .T. ) ;
#2764 = AXIS2_PLACEMENT_3D ( 'NONE', #131, #1483, #2853 ) ;
#2765 = EDGE_CURVE ( 'NONE', #1170, #2290, #2326, .T. ) ;
#2766 = DIRECTION ( 'NONE',  ( 0.000000000000000000, 3.700743415417187942E-15, -1.000000000000000000 ) ) ;
#2767 = ORIENTED_EDGE ( 'NONE', *, *, #1830, .T. ) ;
#2768 = CARTESIAN_POINT ( 'NONE',  ( -54.99999999999996447, -78.50000000000011369, 31.99999999999995381 ) ) ;
#2769 = CARTESIAN_POINT ( 'NONE',  ( -34.99999999999997868, -68.00000000000009948, 31.99999999999995737 ) ) ;
#2770 = VERTEX_POINT ( 'NONE', #973 ) ;
#2771 = LINE ( 'NONE', #2282, #2254 ) ;
#2772 = CARTESIAN_POINT ( 'NONE',  ( 1.126676072026169509E-14, -65.99999999999998579, -2.325190489415606703E-13 ) ) ;
#2773 = ORIENTED_EDGE ( 'NONE', *, *, #73, .F. ) ;
#2774 = LINE ( 'NONE', #1138, #816 ) ;
#2775 = FACE_OUTER_BOUND ( 'NONE', #2625, .T. ) ;
#2776 = EDGE_CURVE ( 'NONE', #1279, #749, #1879, .T. ) ;
#2777 = ORIENTED_EDGE ( 'NONE', *, *, #1505, .F. ) ;
#2778 = PERSON_AND_ORGANIZATION_ROLE ( 'creator' ) ;
#2779 = CYLINDRICAL_SURFACE ( 'NONE', #2363, 2.000000000000001776 ) ;
#2780 = ORIENTED_EDGE ( 'NONE', *, *, #1257, .F. ) ;
#2781 = CARTESIAN_POINT ( 'NONE',  ( 74.99999999999997158, -68.00000000000009948, 29.99999999999995737 ) ) ;
#2782 = DIRECTION ( 'NONE',  ( 6.938893903907227392E-16, 1.000000000000000000, 0.000000000000000000 ) ) ;
#2783 = VERTEX_POINT ( 'NONE', #1682 ) ;
#2784 = DIRECTION ( 'NONE',  ( 0.000000000000000000, 1.000000000000000000, 0.000000000000000000 ) ) ;
#2785 = DIRECTION ( 'NONE',  ( -1.734723475976806848E-16, 1.000000000000000000, 0.000000000000000000 ) ) ;
#2786 = ORIENTED_EDGE ( 'NONE', *, *, #448, .F. ) ;
#2787 = FACE_OUTER_BOUND ( 'NONE', #2234, .T. ) ;
#2788 = CARTESIAN_POINT ( 'NONE',  ( -54.99999999999996447, 86.00000000000009948, 31.99999999999995381 ) ) ;
#2789 = ORIENTED_EDGE ( 'NONE', *, *, #2081, .T. ) ;
#2790 = AXIS2_PLACEMENT_3D ( 'NONE', #35, #1631, #2070 ) ;
#2791 = PERSON_AND_ORGANIZATION ( #2449, #2668 ) ;
#2792 = AXIS2_PLACEMENT_3D ( 'NONE', #1470, #1027, #2399 ) ;
#2793 = AXIS2_PLACEMENT_3D ( 'NONE', #1940, #1744, #2679 ) ;
#2794 = FACE_OUTER_BOUND ( 'NONE', #134, .T. ) ;
#2795 = ORIENTED_EDGE ( 'NONE', *, *, #2900, .T. ) ;
#2796 = VECTOR ( 'NONE', #1034, 1000.000000000000000 ) ;
#2797 = LINE ( 'NONE', #247, #1695 ) ;
#2798 = CARTESIAN_POINT ( 'NONE',  ( -74.99999999999997158, 65.99999999999997158, -4.183900855524070443E-14 ) ) ;
#2799 = ORIENTED_EDGE ( 'NONE', *, *, #2357, .T. ) ;
#2800 = CARTESIAN_POINT ( 'NONE',  ( -100.0000000000001847, -7.285838599102613462E-15, -60.00000000000000711 ) ) ;
#2801 = DIRECTION ( 'NONE',  ( 0.000000000000000000, -3.700743415417187942E-15, -1.000000000000000000 ) ) ;
#2802 = EDGE_CURVE ( 'NONE', #1399, #178, #985, .T. ) ;
#2803 = EDGE_LOOP ( 'NONE', ( #1642, #1372, #784, #1465 ) ) ;
#2804 = CARTESIAN_POINT ( 'NONE',  ( 34.99999999999997868, -68.00000000000009948, 29.99999999999995737 ) ) ;
#2805 = CARTESIAN_POINT ( 'NONE',  ( 99.99999999999998579, -59.99999999999998579, -3.000000000000000000 ) ) ;
#2806 = EDGE_CURVE ( 'NONE', #1516, #599, #3018, .T. ) ;
#2807 = ORIENTED_EDGE ( 'NONE', *, *, #14, .F. ) ;
#2808 = PERSON_AND_ORGANIZATION ( #2449, #2668 ) ;
#2809 = ADVANCED_FACE ( 'NONE', ( #940 ), #1848, .T. ) ;
#2810 = FACE_OUTER_BOUND ( 'NONE', #1750, .T. ) ;
#2811 = LINE ( 'NONE', #1224, #742 ) ;
#2812 = LINE ( 'NONE', #2798, #2992 ) ;
#2813 = CIRCLE ( 'NONE', #191, 59.99999999999999289 ) ;
#2814 = VECTOR ( 'NONE', #2533, 1000.000000000000000 ) ;
#2815 = ORIENTED_EDGE ( 'NONE', *, *, #1484, .T. ) ;
#2816 = CARTESIAN_POINT ( 'NONE',  ( 54.99999999999996447, 86.00000000000009948, 34.99999999999995737 ) ) ;
#2817 = DIRECTION ( 'NONE',  ( -1.000000000000000000, -0.000000000000000000, -2.168404344971006896E-16 ) ) ;
#2818 = VERTEX_POINT ( 'NONE', #795 ) ;
#2819 = DIRECTION ( 'NONE',  ( 1.000000000000000000, 0.000000000000000000, 2.168404344971006896E-16 ) ) ;
#2820 = DIRECTION ( 'NONE',  ( 1.000000000000000000, 0.000000000000000000, 0.000000000000000000 ) ) ;
#2821 = ADVANCED_FACE ( 'NONE', ( #2395 ), #1498, .T. ) ;
#2822 = ORIENTED_EDGE ( 'NONE', *, *, #2855, .F. ) ;
#2823 = DIRECTION ( 'NONE',  ( 0.000000000000000000, 0.000000000000000000, 1.000000000000000000 ) ) ;
#2824 = EDGE_CURVE ( 'NONE', #1427, #1225, #2870, .T. ) ;
#2825 = FACE_OUTER_BOUND ( 'NONE', #2320, .T. ) ;
#2826 = CARTESIAN_POINT ( 'NONE',  ( -74.99999999999998579, -86.00000000000009948, 34.99999999999995737 ) ) ;
#2827 = EDGE_LOOP ( 'NONE', ( #2922, #1600, #2799, #647 ) ) ;
#2828 = CYLINDRICAL_SURFACE ( 'NONE', #419, 7.499999999999992895 ) ;
#2829 = CARTESIAN_POINT ( 'NONE',  ( -34.99999999999997158, -59.99999999999998579, 2.999999999999972911 ) ) ;
#2830 = VERTEX_POINT ( 'NONE', #1967 ) ;
#2831 = CYLINDRICAL_SURFACE ( 'NONE', #1678, 12.50000000000000355 ) ;
#2832 = DIRECTION ( 'NONE',  ( 0.000000000000000000, -2.092620765740545869E-16, -1.000000000000000000 ) ) ;
#2833 = EDGE_LOOP ( 'NONE', ( #871, #2786, #1243, #1350, #1898 ) ) ;
#2834 = ADVANCED_FACE ( 'NONE', ( #1281 ), #1728, .T. ) ;
#2835 = DIRECTION ( 'NONE',  ( 1.000000000000000000, 1.387778780781445676E-16, -0.000000000000000000 ) ) ;
#2836 = CIRCLE ( 'NONE', #1816, 5.000000000000004441 ) ;
#2837 = CIRCLE ( 'NONE', #2209, 6.000000000000001776 ) ;
#2838 = VECTOR ( 'NONE', #1594, 1000.000000000000000 ) ;
#2839 = ADVANCED_FACE ( 'NONE', ( #1067 ), #568, .F. ) ;
#2840 = VECTOR ( 'NONE', #1437, 1000.000000000000000 ) ;
#2841 = ORIENTED_EDGE ( 'NONE', *, *, #1143, .T. ) ;
#2842 = PLANE ( 'NONE',  #2007 ) ;
#2843 = PLANE ( 'NONE',  #763 ) ;
#2844 = EDGE_CURVE ( 'NONE', #3020, #2620, #1315, .T. ) ;
#2845 = VECTOR ( 'NONE', #884, 1000.000000000000000 ) ;
#2846 = VECTOR ( 'NONE', #581, 1000.000000000000000 ) ;
#2847 = VERTEX_POINT ( 'NONE', #1751 ) ;
#2848 = AXIS2_PLACEMENT_3D ( 'NONE', #2220, #2666, #2433 ) ;
#2849 = LINE ( 'NONE', #2124, #174 ) ;
#2850 = CARTESIAN_POINT ( 'NONE',  ( -34.99999999999997158, -59.99999999999998579, -2.992397996059992238E-14 ) ) ;
#2851 = ORIENTED_EDGE ( 'NONE', *, *, #1043, .T. ) ;
#2852 = VERTEX_POINT ( 'NONE', #596 ) ;
#2853 = DIRECTION ( 'NONE',  ( 0.000000000000000000, 3.700743415417187942E-15, -1.000000000000000000 ) ) ;
#2854 = ADVANCED_FACE ( 'NONE', ( #1711 ), #1696, .F. ) ;
#2855 = EDGE_CURVE ( 'NONE', #282, #1748, #96, .T. ) ;
#2856 = LINE ( 'NONE', #2383, #1818 ) ;
#2857 = VERTEX_POINT ( 'NONE', #538 ) ;
#2858 = DIRECTION ( 'NONE',  ( 1.000000000000000000, 0.000000000000000000, 0.000000000000000000 ) ) ;
#2859 = CARTESIAN_POINT ( 'NONE',  ( 54.99999999999996447, 106.0000000000001279, 31.99999999999994671 ) ) ;
#2860 = LOCAL_TIME ( 13, 54, 53.00000000000000000, #2303 ) ;
#2861 = AXIS2_PLACEMENT_3D ( 'NONE', #2291, #2982, #2046 ) ;
#2862 = VERTEX_POINT ( 'NONE', #2438 ) ;
#2863 = FACE_OUTER_BOUND ( 'NONE', #262, .T. ) ;
#2864 = DIRECTION ( 'NONE',  ( 1.000000000000000000, 1.156482317317871478E-16, -3.491481338843133355E-15 ) ) ;
#2865 = VERTEX_POINT ( 'NONE', #2412 ) ;
#2866 = CARTESIAN_POINT ( 'NONE',  ( 54.99999999999996447, -86.00000000000009948, 31.99999999999995381 ) ) ;
#2867 = DIRECTION ( 'NONE',  ( -0.000000000000000000, 2.092620765740545869E-16, 1.000000000000000000 ) ) ;
#2868 = EDGE_CURVE ( 'NONE', #1639, #518, #1036, .T. ) ;
#2869 = EDGE_LOOP ( 'NONE', ( #1461, #2739, #1577, #949 ) ) ;
#2870 = LINE ( 'NONE', #1252, #2960 ) ;
#2871 = PLANE ( 'NONE',  #1913 ) ;
#2872 = ORIENTED_EDGE ( 'NONE', *, *, #1726, .T. ) ;
#2873 = CARTESIAN_POINT ( 'NONE',  ( 94.00000000000000000, 60.00000000000001421, -2.999999999999999112 ) ) ;
#2874 = LINE ( 'NONE', #72, #1906 ) ;
#2875 = ORIENTED_EDGE ( 'NONE', *, *, #15, .F. ) ;
#2876 = LINE ( 'NONE', #354, #225 ) ;
#2877 = CARTESIAN_POINT ( 'NONE',  ( -54.99999999999996447, 86.00000000000009948, 34.99999999999995737 ) ) ;
#2878 = ORIENTED_EDGE ( 'NONE', *, *, #1953, .T. ) ;
#2879 = DIRECTION ( 'NONE',  ( -6.938893903907227392E-16, 1.000000000000000000, -2.092620765740545622E-16 ) ) ;
#2880 = ADVANCED_FACE ( 'NONE', ( #1948 ), #2151, .T. ) ;
#2881 = ORIENTED_EDGE ( 'NONE', *, *, #1376, .T. ) ;
#2882 = EDGE_CURVE ( 'NONE', #2262, #2274, #2659, .T. ) ;
#2883 = DIRECTION ( 'NONE',  ( 2.312964634635743450E-16, -3.700743415417187942E-15, 1.000000000000000000 ) ) ;
#2884 = DIRECTION ( 'NONE',  ( 0.000000000000000000, 0.000000000000000000, 1.000000000000000000 ) ) ;
#2885 = ORIENTED_EDGE ( 'NONE', *, *, #2802, .F. ) ;
#2886 = CARTESIAN_POINT ( 'NONE',  ( -54.99999999999996447, 86.00000000000009948, 34.99999999999995737 ) ) ;
#2887 = CIRCLE ( 'NONE', #1525, 3.000000000000016431 ) ;
#2888 = CARTESIAN_POINT ( 'NONE',  ( -34.99999999999997158, 62.99999999999998579, -2.301399811462563405E-13 ) ) ;
#2889 = CIRCLE ( 'NONE', #1960, 7.499999999999992895 ) ;
#2890 = AXIS2_PLACEMENT_3D ( 'NONE', #2325, #2111, #711 ) ;
#2891 = EDGE_CURVE ( 'NONE', #1841, #2532, #537, .T. ) ;
#2892 = ORIENTED_EDGE ( 'NONE', *, *, #2000, .F. ) ;
#2893 = FACE_OUTER_BOUND ( 'NONE', #1699, .T. ) ;
#2894 = FACE_BOUND ( 'NONE', #1386, .T. ) ;
#2895 = VECTOR ( 'NONE', #1937, 1000.000000000000000 ) ;
#2896 = VECTOR ( 'NONE', #38, 1000.000000000000000 ) ;
#2897 = ORIENTED_EDGE ( 'NONE', *, *, #986, .T. ) ;
#2898 = PLANE ( 'NONE',  #967 ) ;
#2899 = EDGE_LOOP ( 'NONE', ( #1330, #724, #1166, #2615 ) ) ;
#2900 = EDGE_CURVE ( 'NONE', #2465, #2978, #300, .T. ) ;
#2901 = EDGE_CURVE ( 'NONE', #1399, #2847, #111, .T. ) ;
#2902 = DIRECTION ( 'NONE',  ( 1.000000000000000000, 0.000000000000000000, 0.000000000000000000 ) ) ;
#2903 = ADVANCED_FACE ( 'NONE', ( #552 ), #1980, .F. ) ;
#2904 = DIRECTION ( 'NONE',  ( -1.430699774001490728E-16, -1.000000000000000000, 3.491481338843133750E-15 ) ) ;
#2905 = ORIENTED_EDGE ( 'NONE', *, *, #1161, .F. ) ;
#2906 = CARTESIAN_POINT ( 'NONE',  ( -34.99999999999995737, -86.00000000000009948, 34.99999999999995737 ) ) ;
#2907 = CARTESIAN_POINT ( 'NONE',  ( 74.99999999999997158, -63.00000000000000000, 2.999999999999960032 ) ) ;
#2908 = EDGE_LOOP ( 'NONE', ( #703, #1831, #1603, #2068 ) ) ;
#2909 = CARTESIAN_POINT ( 'NONE',  ( 97.00000000000019895, 59.99999999999999289, -60.00000000000003553 ) ) ;
#2910 = CYLINDRICAL_SURFACE ( 'NONE', #226, 7.499999999999992895 ) ;
#2911 = APPROVAL_PERSON_ORGANIZATION ( #1891, #2917, #1845 ) ;
#2912 = VERTEX_POINT ( 'NONE', #1935 ) ;
#2913 = FACE_OUTER_BOUND ( 'NONE', #410, .T. ) ;
#2914 = FACE_OUTER_BOUND ( 'NONE', #2099, .T. ) ;
#2915 = EDGE_CURVE ( 'NONE', #3011, #350, #2275, .T. ) ;
#2916 = CARTESIAN_POINT ( 'NONE',  ( 54.99999999999996447, 86.00000000000009948, 34.99999999999995737 ) ) ;
#2917 = APPROVAL ( #224, 'UNSPECIFIED' ) ;
#2918 = DIRECTION ( 'NONE',  ( -2.312964634635738027E-16, 0.000000000000000000, -1.000000000000000000 ) ) ;
#2919 = EDGE_LOOP ( 'NONE', ( #2996, #2435, #1001, #2417 ) ) ;
#2920 = LINE ( 'NONE', #2906, #1244 ) ;
#2921 = CARTESIAN_POINT ( 'NONE',  ( 94.00000000000000000, -59.99999999999998579, -6.000000000000001776 ) ) ;
#2922 = ORIENTED_EDGE ( 'NONE', *, *, #1760, .F. ) ;
#2923 = CARTESIAN_POINT ( 'NONE',  ( -97.00000000000018474, -6.938893903907251255E-15, -60.00000000000002132 ) ) ;
#2924 = CARTESIAN_POINT ( 'NONE',  ( -94.00000000000000000, 60.00000000000001421, -6.000000000000001776 ) ) ;
#2925 = ORIENTED_EDGE ( 'NONE', *, *, #2961, .T. ) ;
#2926 = DIRECTION ( 'NONE',  ( -1.000000000000000000, 1.430699774001498616E-16, -2.312964634635738027E-16 ) ) ;
#2927 = DIRECTION ( 'NONE',  ( 1.000000000000000000, 0.000000000000000000, -2.168404344971006896E-16 ) ) ;
#2928 = FACE_OUTER_BOUND ( 'NONE', #2316, .T. ) ;
#2929 = ADVANCED_FACE ( 'NONE', ( #2997 ), #443, .T. ) ;
#2930 = CARTESIAN_POINT ( 'NONE',  ( -94.00000000000001421, -60.00000000000001421, 0.000000000000000000 ) ) ;
#2931 = ORIENTED_EDGE ( 'NONE', *, *, #1043, .F. ) ;
#2932 = FACE_OUTER_BOUND ( 'NONE', #1489, .T. ) ;
#2933 = CARTESIAN_POINT ( 'NONE',  ( 74.99999999999998579, 86.00000000000008527, 34.99999999999995737 ) ) ;
#2934 = EDGE_CURVE ( 'NONE', #1099, #1090, #394, .T. ) ;
#2935 = AXIS2_PLACEMENT_3D ( 'NONE', #1586, #1366, #2510 ) ;
#2936 = ORIENTED_EDGE ( 'NONE', *, *, #701, .T. ) ;
#2937 = CARTESIAN_POINT ( 'NONE',  ( 34.99999999999996447, 59.99999999999998579, -2.992397996059992238E-14 ) ) ;
#2938 = FACE_OUTER_BOUND ( 'NONE', #1424, .T. ) ;
#2939 = VECTOR ( 'NONE', #1567, 1000.000000000000000 ) ;
#2940 = EDGE_CURVE ( 'NONE', #1163, #2818, #427, .T. ) ;
#2941 = ORIENTED_EDGE ( 'NONE', *, *, #1495, .T. ) ;
#2942 = AXIS2_PLACEMENT_3D ( 'NONE', #2225, #357, #142 ) ;
#2943 = DIRECTION ( 'NONE',  ( -1.000000000000000000, 1.156482317317871478E-16, -3.491481338843133355E-15 ) ) ;
#2944 = AXIS2_PLACEMENT_3D ( 'NONE', #886, #705, #1795 ) ;
#2945 = DIRECTION ( 'NONE',  ( 1.000000000000000000, 1.156482317317871478E-16, -3.491481338843133355E-15 ) ) ;
#2946 = CIRCLE ( 'NONE', #1635, 7.499999999999992895 ) ;
#2947 = EDGE_CURVE ( 'NONE', #1261, #1321, #407, .T. ) ;
#2948 = EDGE_LOOP ( 'NONE', ( #1763, #1566, #1827, #2736 ) ) ;
#2949 = DIRECTION ( 'NONE',  ( 0.000000000000000000, 2.092620765740545622E-16, -1.000000000000000000 ) ) ;
#2950 = ORIENTED_EDGE ( 'NONE', *, *, #1760, .T. ) ;
#2951 = DIRECTION ( 'NONE',  ( -3.491481338843133355E-15, 9.587455514061370150E-33, 1.000000000000000000 ) ) ;
#2952 = CARTESIAN_POINT ( 'NONE',  ( 34.99999999999997868, 63.00000000000008527, 29.99999999999997513 ) ) ;
#2953 = EDGE_CURVE ( 'NONE', #2862, #321, #1837, .T. ) ;
#2954 = ORIENTED_EDGE ( 'NONE', *, *, #1716, .T. ) ;
#2955 = CARTESIAN_POINT ( 'NONE',  ( 74.99999999999997158, -65.99999999999997158, -4.183900855524038258E-14 ) ) ;
#2956 = CARTESIAN_POINT ( 'NONE',  ( 100.0000000000001847, -6.938893903907251255E-15, -60.00000000000000711 ) ) ;
#2957 = ORIENTED_EDGE ( 'NONE', *, *, #740, .F. ) ;
#2958 = CARTESIAN_POINT ( 'NONE',  ( -54.99999999999996447, 86.00000000000009948, 34.99999999999995737 ) ) ;
#2959 = FACE_BOUND ( 'NONE', #2301, .T. ) ;
#2960 = VECTOR ( 'NONE', #585, 1000.000000000000000 ) ;
#2961 = EDGE_CURVE ( 'NONE', #2818, #2963, #539, .T. ) ;
#2962 = AXIS2_PLACEMENT_3D ( 'NONE', #1146, #1361, #2751 ) ;
#2963 = VERTEX_POINT ( 'NONE', #2964 ) ;
#2964 = CARTESIAN_POINT ( 'NONE',  ( -94.00000000000000000, 60.00000000000001421, -1.301042606982605321E-14 ) ) ;
#2965 = DIRECTION ( 'NONE',  ( -1.000000000000000000, 1.156482317317871478E-16, -3.491481338843133355E-15 ) ) ;
#2966 = VERTEX_POINT ( 'NONE', #1081 ) ;
#2967 = PLANE ( 'NONE',  #2962 ) ;
#2968 = FACE_OUTER_BOUND ( 'NONE', #1145, .T. ) ;
#2969 = ORIENTED_EDGE ( 'NONE', *, *, #713, .F. ) ;
#2970 = DIRECTION ( 'NONE',  ( 0.000000000000000000, -2.092620765740545622E-16, -1.000000000000000000 ) ) ;
#2971 = DIRECTION ( 'NONE',  ( 1.040834085586084059E-15, 1.000000000000000000, 0.000000000000000000 ) ) ;
#2972 = EDGE_CURVE ( 'NONE', #222, #1045, #1592, .T. ) ;
#2973 = PRODUCT_RELATED_PRODUCT_CATEGORY ( 'detail', '', ( #66 ) ) ;
#2974 = VERTEX_POINT ( 'NONE', #1095 ) ;
#2975 = LINE ( 'NONE', #1636, #2503 ) ;
#2976 = CARTESIAN_POINT ( 'NONE',  ( 74.99999999999997158, -59.99999999999998579, 2.999999999999971578 ) ) ;
#2977 = ADVANCED_FACE ( 'NONE', ( #2928 ), #2979, .T. ) ;
#2978 = VERTEX_POINT ( 'NONE', #2228 ) ;
#2979 = CYLINDRICAL_SURFACE ( 'NONE', #2083, 20.00000000000001776 ) ;
#2980 = CARTESIAN_POINT ( 'NONE',  ( -74.99999999999997158, 59.99999999999998579, -4.510281037539698445E-14 ) ) ;
#2981 = ORIENTED_EDGE ( 'NONE', *, *, #2564, .T. ) ;
#2982 = DIRECTION ( 'NONE',  ( -0.000000000000000000, -1.000000000000000000, -0.000000000000000000 ) ) ;
#2983 = LINE ( 'NONE', #180, #1207 ) ;
#2984 = ORIENTED_EDGE ( 'NONE', *, *, #510, .F. ) ;
#2985 = DIRECTION ( 'NONE',  ( -0.000000000000000000, 2.092620765740545869E-16, 1.000000000000000000 ) ) ;
#2986 = CARTESIAN_POINT ( 'NONE',  ( -34.99999999999996447, -59.99999999999998579, 2.999999999999972911 ) ) ;
#2987 = AXIS2_PLACEMENT_3D ( 'NONE', #2442, #117, #786 ) ;
#2988 = ORIENTED_EDGE ( 'NONE', *, *, #861, .F. ) ;
#2989 = DIRECTION ( 'NONE',  ( 0.000000000000000000, 1.000000000000000000, 0.000000000000000000 ) ) ;
#2990 = LINE ( 'NONE', #2251, #1250 ) ;
#2991 = AXIS2_PLACEMENT_3D ( 'NONE', #2049, #2985, #1824 ) ;
#2992 = VECTOR ( 'NONE', #989, 1000.000000000000000 ) ;
#2993 = ADVANCED_FACE ( 'NONE', ( #176 ), #2288, .T. ) ;
#2994 = AXIS2_PLACEMENT_3D ( 'NONE', #583, #2207, #2181 ) ;
#2995 = VECTOR ( 'NONE', #543, 1000.000000000000000 ) ;
#2996 = ORIENTED_EDGE ( 'NONE', *, *, #2270, .T. ) ;
#2997 = FACE_OUTER_BOUND ( 'NONE', #1954, .T. ) ;
#2998 = ADVANCED_FACE ( 'NONE', ( #1128 ), #1328, .F. ) ;
#2999 = AXIS2_PLACEMENT_3D ( 'NONE', #1618, #2594, #1230 ) ;
#3000 = VECTOR ( 'NONE', #1507, 1000.000000000000000 ) ;
#3001 = CARTESIAN_POINT ( 'NONE',  ( 74.99999999999998579, 86.00000000000009948, 34.99999999999995737 ) ) ;
#3002 = ORIENTED_EDGE ( 'NONE', *, *, #1420, .F. ) ;
#3003 = DIRECTION ( 'NONE',  ( 0.000000000000000000, -2.092620765740545622E-16, -1.000000000000000000 ) ) ;
#3004 = CARTESIAN_POINT ( 'NONE',  ( -34.99999999999996447, 66.00000000000000000, 2.999999999999957367 ) ) ;
#3005 = ORIENTED_EDGE ( 'NONE', *, *, #937, .F. ) ;
#3006 = DIRECTION ( 'NONE',  ( 0.000000000000000000, 1.000000000000000000, -3.758567531283078619E-15 ) ) ;
#3007 = DIRECTION ( 'NONE',  ( -2.312964634635743450E-16, -3.700743415417187942E-15, 1.000000000000000000 ) ) ;
#3008 = ORIENTED_EDGE ( 'NONE', *, *, #2185, .F. ) ;
#3009 = CARTESIAN_POINT ( 'NONE',  ( -100.0000000000003979, -7.285838599102613462E-15, -120.0000000000000000 ) ) ;
#3010 = CARTESIAN_POINT ( 'NONE',  ( -74.99999999999997158, -68.00000000000009948, 31.99999999999995737 ) ) ;
#3011 = VERTEX_POINT ( 'NONE', #1573 ) ;
#3012 = VECTOR ( 'NONE', #1297, 1000.000000000000000 ) ;
#3013 = PERSON_AND_ORGANIZATION ( #2449, #2668 ) ;
#3014 = EDGE_CURVE ( 'NONE', #2724, #2847, #903, .T. ) ;
#3015 = VECTOR ( 'NONE', #3003, 1000.000000000000000 ) ;
#3016 = LINE ( 'NONE', #2549, #2652 ) ;
#3017 = ORIENTED_EDGE ( 'NONE', *, *, #2043, .T. ) ;
#3018 = LINE ( 'NONE', #1403, #2618 ) ;
#3019 = CYLINDRICAL_SURFACE ( 'NONE', #1346, 20.00000000000001776 ) ;
#3020 = VERTEX_POINT ( 'NONE', #1810 ) ;
#3021 = DIRECTION ( 'NONE',  ( -1.000000000000000000, -1.156482317317871478E-16, 3.491481338843133355E-15 ) ) ;
#3022 = CARTESIAN_POINT ( 'NONE',  ( 74.99999999999997158, 62.99999999999997158, -3.073677830898908223E-14 ) ) ;
ENDSEC;
END-ISO-10303-21;
