ISO-10303-21;
HEADER;
FILE_DESCRIPTION (( 'STEP AP203' ),
    '1' );
FILE_NAME ('ECM Mount Assembly.STEP',
    '2026-07-08T16:24:19',
    ( '' ),
    ( '' ),
    'SwSTEP 2.0',
    'SolidWorks 2025',
    '' );
FILE_SCHEMA (( 'CONFIG_CONTROL_DESIGN' ));
ENDSEC;

DATA;
#1 = EDGE_CURVE ( 'NONE', #1973, #902, #982, .T. ) ;
#2 = ORIENTED_EDGE ( 'NONE', *, *, #407, .T. ) ;
#3 = CARTESIAN_POINT ( 'NONE',  ( -3.125781249999999734, 0.09120193737970749837, 0.6289392705834521147 ) ) ;
#4 = EDGE_CURVE ( 'NONE', #2083, #1559, #395, .T. ) ;
#5 = VECTOR ( 'NONE', #2024, 39.37007874015748143 ) ;
#6 = ORIENTED_EDGE ( 'NONE', *, *, #2029, .F. ) ;
#7 = EDGE_CURVE ( 'NONE', #110, #30, #537, .T. ) ;
#8 = LOCAL_TIME ( 11, 24, 19.00000000000000000, #2504 ) ;
#9 = DATE_AND_TIME ( #2059, #1153 ) ;
#10 = CARTESIAN_POINT ( 'NONE',  ( -3.015625000000000444, 0.1195999999999999980, -1.148106374200637546E-17 ) ) ;
#11 = CARTESIAN_POINT ( 'NONE',  ( 3.103556217218567781, -0.07281604604859781560, 0.6365806274253017483 ) ) ;
#12 = AXIS2_PLACEMENT_3D ( 'NONE', #2018, #1303, #417 ) ;
#13 = PERSON_AND_ORGANIZATION_ROLE ( 'design_owner' ) ;
#14 = ORIENTED_EDGE ( 'NONE', *, *, #2082, .F. ) ;
#15 = DIRECTION ( 'NONE',  ( 0.9420080211588557351, 0.3355903575378423320, -1.233162341826975112E-15 ) ) ;
#16 = VECTOR ( 'NONE', #1944, 39.37007874015748143 ) ;
#17 = ORIENTED_EDGE ( 'NONE', *, *, #2391, .F. ) ;
#18 = AXIS2_PLACEMENT_3D ( 'NONE', #287, #2826, #1665 ) ;
#19 = CARTESIAN_POINT ( 'NONE',  ( -3.122070312499999112, -0.006249308211050128188, 0.5918226478096895171 ) ) ;
#20 = VECTOR ( 'NONE', #694, 39.37007874015748143 ) ;
#21 = DIRECTION ( 'NONE',  ( -6.662942673733950341E-34, 1.000000000000000000, -1.097544303392439467E-17 ) ) ;
#22 = SHAPE_REPRESENTATION ( 'LS ECM Bracket', ( #1051 ), #630 ) ;
#23 = VERTEX_POINT ( 'NONE', #2563 ) ;
#24 = VECTOR ( 'NONE', #1676, 39.37007874015748143 ) ;
#25 = CALENDAR_DATE ( 2026, 8, 7 ) ;
#26 = PRODUCT_RELATED_PRODUCT_CATEGORY ( 'detail', '', ( #2009 ) ) ;
#27 = CARTESIAN_POINT ( 'NONE',  ( -3.046875000000000444, 0.1195999999999999980, 0.000000000000000000 ) ) ;
#28 = DIRECTION ( 'NONE',  ( 0.000000000000000000, 1.000000000000000000, 0.000000000000000000 ) ) ;
#29 = PERSON_AND_ORGANIZATION ( #2667, #921 ) ;
#30 = VERTEX_POINT ( 'NONE', #2807 ) ;
#31 = CARTESIAN_POINT ( 'NONE',  ( 2.266324726884131557, -2.474584583450412101, 0.7830369022248826472 ) ) ;
#32 = ORIENTED_EDGE ( 'NONE', *, *, #1101, .F. ) ;
#33 = CARTESIAN_POINT ( 'NONE',  ( -3.099805323615904662, -0.08916696562188523856, 0.6396149999999997116 ) ) ;
#34 = CARTESIAN_POINT ( 'NONE',  ( 3.125781249999997957, 0.09120193737970851144, 0.6289392705834520036 ) ) ;
#35 = VERTEX_POINT ( 'NONE', #71 ) ;
#36 = EDGE_CURVE ( 'NONE', #796, #1204, #1410, .T. ) ;
#37 = DATE_AND_TIME ( #1444, #244 ) ;
#38 = DIRECTION ( 'NONE',  ( 0.000000000000000000, 0.000000000000000000, 1.000000000000000000 ) ) ;
#39 = COORDINATED_UNIVERSAL_TIME_OFFSET ( 6, 0, .BEHIND. ) ;
#40 = ADVANCED_FACE ( 'NONE', ( #772 ), #509, .F. ) ;
#41 = DIRECTION ( 'NONE',  ( -6.437728477207314526E-16, -1.000000000000000000, 0.000000000000000000 ) ) ;
#42 = FACE_OUTER_BOUND ( 'NONE', #2676, .T. ) ;
#43 = COORDINATED_UNIVERSAL_TIME_OFFSET ( 6, 0, .BEHIND. ) ;
#44 = CARTESIAN_POINT ( 'NONE',  ( -1.937499999999999778, -2.605399999999999050, 1.365625000000008527 ) ) ;
#45 = CARTESIAN_POINT ( 'NONE',  ( 1.937499999999999778, -2.605399999999999050, 1.247514763779535407 ) ) ;
#46 = CARTESIAN_POINT ( 'NONE',  ( 2.285625000000000018, -2.380400000000000293, 0.6406250000000085487 ) ) ;
#47 = EDGE_CURVE ( 'NONE', #1578, #30, #1693, .T. ) ;
#48 = AXIS2_PLACEMENT_3D ( 'NONE', #840, #611, #1761 ) ;
#49 = EDGE_LOOP ( 'NONE', ( #1430, #2817, #579, #904 ) ) ;
#50 = PRODUCT_DEFINITION_SHAPE ( 'NONE', 'NONE',  #2945 ) ;
#51 = PERSON_AND_ORGANIZATION_ROLE ( 'classification_officer' ) ;
#52 = FACE_BOUND ( 'NONE', #373, .T. ) ;
#53 = ORIENTED_EDGE ( 'NONE', *, *, #1403, .F. ) ;
#54 = AXIS2_PLACEMENT_3D ( 'NONE', #546, #2323, #1185 ) ;
#55 = SHAPE_DEFINITION_REPRESENTATION ( #2101, #1248 ) ;
#56 = CC_DESIGN_APPROVAL ( #288, ( #1007 ) ) ;
#57 = DESIGN_CONTEXT ( 'detailed design', #2376, 'design' ) ;
#58 = VECTOR ( 'NONE', #661, 39.37007874015748143 ) ;
#59 = DIRECTION ( 'NONE',  ( -0.000000000000000000, -1.000000000000000000, -0.000000000000000000 ) ) ;
#60 = CARTESIAN_POINT ( 'NONE',  ( -3.114598433271292155, -0.02875002055058100900, 0.6157267398047771012 ) ) ;
#61 = CARTESIAN_POINT ( 'NONE',  ( -1.082291259447422993, -0.8554000000000002712, 0.7406249999999995337 ) ) ;
#62 = EDGE_CURVE ( 'NONE', #110, #2483, #2589, .T. ) ;
#63 = FACE_OUTER_BOUND ( 'NONE', #426, .T. ) ;
#64 = AXIS2_PLACEMENT_3D ( 'NONE', #1016, #1897, #551 ) ;
#65 = CARTESIAN_POINT ( 'NONE',  ( 1.332291259447422105, -0.8553999999999998272, -0.2500000000000009992 ) ) ;
#66 = ORIENTED_EDGE ( 'NONE', *, *, #2732, .F. ) ;
#67 = CIRCLE ( 'NONE', #2824, 0.06250000000000001388 ) ;
#68 = VECTOR ( 'NONE', #2471, 39.37007874015748143 ) ;
#69 = ORIENTED_EDGE ( 'NONE', *, *, #2211, .F. ) ;
#70 = FACE_OUTER_BOUND ( 'NONE', #2240, .T. ) ;
#71 = CARTESIAN_POINT ( 'NONE',  ( 3.096093749999998312, -0.1053999999999990084, 0.6406249999999996669 ) ) ;
#72 = CARTESIAN_POINT ( 'NONE',  ( -2.280439827574095801, -2.431418987382867325, 0.6463632397014946740 ) ) ;
#73 = CARTESIAN_POINT ( 'NONE',  ( 3.296875000000000000, 0.01959999999999999243, 0.2241116523516816783 ) ) ;
#74 = DIRECTION ( 'NONE',  ( 0.000000000000000000, 0.000000000000000000, -1.000000000000000000 ) ) ;
#75 = DIRECTION ( 'NONE',  ( -6.662942673733950341E-34, 1.000000000000000000, -1.097544303392439467E-17 ) ) ;
#76 = DIRECTION ( 'NONE',  ( -8.741913579725642299E-16, 0.000000000000000000, -1.000000000000000000 ) ) ;
#77 = ORIENTED_EDGE ( 'NONE', *, *, #1539, .T. ) ;
#78 = PERSON_AND_ORGANIZATION_ROLE ( 'classification_officer' ) ;
#79 = ORIENTED_EDGE ( 'NONE', *, *, #1765, .F. ) ;
#80 = EDGE_CURVE ( 'NONE', #2841, #2483, #724, .T. ) ;
#81 = FACE_OUTER_BOUND ( 'NONE', #2671, .T. ) ;
#82 = EDGE_CURVE ( 'NONE', #1904, #1829, #879, .T. ) ;
#83 = FACE_OUTER_BOUND ( 'NONE', #1815, .T. ) ;
#84 = DIRECTION ( 'NONE',  ( 0.000000000000000000, 1.000000000000000000, -3.278217592397115862E-15 ) ) ;
#85 = DIRECTION ( 'NONE',  ( 0.000000000000000000, -1.000000000000000000, 0.000000000000000000 ) ) ;
#86 = CARTESIAN_POINT ( 'NONE',  ( -3.096093749999999201, -0.1053999999999998688, 0.6406249999999996669 ) ) ;
#87 = CYLINDRICAL_SURFACE ( 'NONE', #2440, 0.2499999999999998612 ) ;
#88 = ADVANCED_FACE ( 'NONE', ( #2142 ), #1012, .F. ) ;
#89 = LINE ( 'NONE', #2150, #1916 ) ;
#90 = CARTESIAN_POINT ( 'NONE',  ( -2.268236690765929708, -0.9392975893844599522, 0.7406250000000029754 ) ) ;
#91 = ORIENTED_EDGE ( 'NONE', *, *, #2384, .T. ) ;
#92 = VECTOR ( 'NONE', #1681, 39.37007874015748143 ) ;
#93 = PERSON_AND_ORGANIZATION ( #2667, #921 ) ;
#94 = EDGE_CURVE ( 'NONE', #1852, #2643, #758, .T. ) ;
#95 = VERTEX_POINT ( 'NONE', #2336 ) ;
#96 = CARTESIAN_POINT ( 'NONE',  ( 3.103515624999998224, -0.04624497813480229341, 0.7357428249270389076 ) ) ;
#97 = DIRECTION ( 'NONE',  ( 0.7071067811865517916, -0.000000000000000000, 0.7071067811865431318 ) ) ;
#98 = CIRCLE ( 'NONE', #384, 0.1181102362204728279 ) ;
#99 = VECTOR ( 'NONE', #1252, 39.37007874015748143 ) ;
#100 = DIRECTION ( 'NONE',  ( -0.000000000000000000, -1.000000000000000000, -0.000000000000000000 ) ) ;
#101 = APPROVAL_PERSON_ORGANIZATION ( #1205, #825, #2559 ) ;
#102 = AXIS2_PLACEMENT_3D ( 'NONE', #2636, #2903, #2414 ) ;
#103 = CIRCLE ( 'NONE', #1631, 0.6375000000000000666 ) ;
#104 = CARTESIAN_POINT ( 'NONE',  ( 2.285625000000000018, -2.380399999999999405, 0.7406250000000085265 ) ) ;
#105 = CARTESIAN_POINT ( 'NONE',  ( 3.078125000000000000, 0.01959999999999999243, -0.1181102362204724532 ) ) ;
#106 = CARTESIAN_POINT ( 'NONE',  ( 1.756640935476215803, -1.880399999999999405, 0.7406249999999995337 ) ) ;
#107 = CARTESIAN_POINT ( 'NONE',  ( -2.596181090567001526, 0.1195999999999999980, 0.000000000000000000 ) ) ;
#108 = LINE ( 'NONE', #1456, #24 ) ;
#109 = CIRCLE ( 'NONE', #496, 0.2500000000000000555 ) ;
#110 = VERTEX_POINT ( 'NONE', #2092 ) ;
#111 = DIRECTION ( 'NONE',  ( 0.000000000000000000, 0.000000000000000000, 1.000000000000000000 ) ) ;
#112 = CIRCLE ( 'NONE', #1164, 0.3125000000000000000 ) ;
#113 = PRODUCT_DEFINITION ( 'UNKNOWN', '', #1673, #57 ) ;
#114 = CARTESIAN_POINT ( 'NONE',  ( 1.937499999999999778, -2.605399999999999050, 1.365625000000008082 ) ) ;
#115 = DIRECTION ( 'NONE',  ( -1.000000000000000000, -0.000000000000000000, 0.000000000000000000 ) ) ;
#116 = CARTESIAN_POINT ( 'NONE',  ( -1.332291259447422549, -1.630400000000000071, 0.7406249999999995337 ) ) ;
#117 = LINE ( 'NONE', #1029, #1512 ) ;
#118 = FACE_OUTER_BOUND ( 'NONE', #556, .T. ) ;
#119 = ORIENTED_EDGE ( 'NONE', *, *, #1520, .T. ) ;
#120 = CARTESIAN_POINT ( 'NONE',  ( 2.282734685476215386, -0.8553999999999989390, 0.6406250000000024425 ) ) ;
#121 = CARTESIAN_POINT ( 'NONE',  ( -2.596181090567001526, 0.1195999999999999980, 0.000000000000000000 ) ) ;
#122 = CYLINDRICAL_SURFACE ( 'NONE', #768, 0.06250000000000001388 ) ;
#123 = CARTESIAN_POINT ( 'NONE',  ( 2.032734685476215386, -0.8553999999999989390, 0.6406250000000024425 ) ) ;
#124 = ORIENTED_EDGE ( 'NONE', *, *, #1683, .F. ) ;
#125 = EDGE_CURVE ( 'NONE', #765, #1135, #157, .T. ) ;
#126 = CALENDAR_DATE ( 2026, 8, 7 ) ;
#127 = ORIENTED_EDGE ( 'NONE', *, *, #2363, .T. ) ;
#128 = DIRECTION ( 'NONE',  ( -0.000000000000000000, -0.000000000000000000, 1.000000000000000000 ) ) ;
#129 = ADVANCED_FACE ( 'NONE', ( #42 ), #2571, .F. ) ;
#130 = CARTESIAN_POINT ( 'NONE',  ( -1.092238780267707154, -1.560580180180179966, 0.6406250000000044409 ) ) ;
#131 = ADVANCED_FACE ( 'NONE', ( #83 ), #2410, .T. ) ;
#132 = CARTESIAN_POINT ( 'NONE',  ( -1.332291259447422993, -0.6054000000000002712, 0.7406249999999995337 ) ) ;
#133 = CARTESIAN_POINT ( 'NONE',  ( 1.756640935476215803, -1.630399999999999627, 0.6406250000000051070 ) ) ;
#134 = ORIENTED_EDGE ( 'NONE', *, *, #895, .T. ) ;
#135 = CARTESIAN_POINT ( 'NONE',  ( -2.264870669921606794, -2.479698445618223168, 0.7892574837189643144 ) ) ;
#136 = DIRECTION ( 'NONE',  ( 0.000000000000000000, 1.000000000000000000, -3.278217592397115862E-15 ) ) ;
#137 = ORIENTED_EDGE ( 'NONE', *, *, #2166, .T. ) ;
#138 = LINE ( 'NONE', #1081, #1882 ) ;
#139 = DIRECTION ( 'NONE',  ( -0.9945075233807546544, 0.006803470224966040418, 0.1044437587028346909 ) ) ;
#140 = VERTEX_POINT ( 'NONE', #2395 ) ;
#141 = CARTESIAN_POINT ( 'NONE',  ( -2.273750000000000160, -2.442843717376187218, 0.7572842257079643868 ) ) ;
#142 = CARTESIAN_POINT ( 'NONE',  ( -3.078125000000000000, 0.1195999999999999980, 0.1181102362204724116 ) ) ;
#143 = CARTESIAN_POINT ( 'NONE',  ( -9.163073478748884727E-17, -1.242900000000000338, 0.7406249999999995337 ) ) ;
#144 = CARTESIAN_POINT ( 'NONE',  ( -2.282655720009366895, -2.409988611611098452, 0.6396250000000087699 ) ) ;
#145 = EDGE_LOOP ( 'NONE', ( #878, #2062, #1877, #668 ) ) ;
#146 = AXIS2_PLACEMENT_3D ( 'NONE', #1553, #2651, #1954 ) ;
#147 = CARTESIAN_POINT ( 'NONE',  ( -2.261896609478426079, -2.488820231128580307, 0.8028776309144788348 ) ) ;
#148 = CC_DESIGN_SECURITY_CLASSIFICATION ( #961, ( #1825 ) ) ;
#149 = AXIS2_PLACEMENT_3D ( 'NONE', #107, #320, #1225 ) ;
#150 = CARTESIAN_POINT ( 'NONE',  ( -2.596181090567001970, 0.01959999999999999243, 0.000000000000000000 ) ) ;
#151 = ADVANCED_FACE ( 'NONE', ( #1286 ), #2223, .F. ) ;
#152 = VERTEX_POINT ( 'NONE', #2661 ) ;
#153 = ORIENTED_EDGE ( 'NONE', *, *, #94, .F. ) ;
#154 = DIRECTION ( 'NONE',  ( -1.000000000000000000, -0.000000000000000000, 0.000000000000000000 ) ) ;
#155 = APPROVAL_ROLE ( '' ) ;
#156 = ORIENTED_EDGE ( 'NONE', *, *, #1483, .T. ) ;
#157 = CIRCLE ( 'NONE', #18, 1.137499999999999734 ) ;
#158 = DIRECTION ( 'NONE',  ( 1.000000000000000000, 0.000000000000000000, 0.000000000000000000 ) ) ;
#159 = FACE_OUTER_BOUND ( 'NONE', #1513, .T. ) ;
#160 = LINE ( 'NONE', #1808, #2203 ) ;
#161 = VECTOR ( 'NONE', #1290, 39.37007874015748143 ) ;
#162 = CARTESIAN_POINT ( 'NONE',  ( 3.140624999999998668, 0.1195999999999999980, 0.4062499999999997224 ) ) ;
#163 = DIRECTION ( 'NONE',  ( 6.662942673733950341E-34, -1.000000000000000000, 1.097544303392439621E-17 ) ) ;
#164 = ORIENTED_EDGE ( 'NONE', *, *, #2478, .T. ) ;
#165 = FACE_OUTER_BOUND ( 'NONE', #2281, .T. ) ;
#166 = DIRECTION ( 'NONE',  ( 1.000000000000000000, -6.437728477207314526E-16, 0.000000000000000000 ) ) ;
#167 = ORIENTED_EDGE ( 'NONE', *, *, #2777, .T. ) ;
#168 = LINE ( 'NONE', #2876, #977 ) ;
#169 = DATE_AND_TIME ( #1644, #1471 ) ;
#170 = EDGE_LOOP ( 'NONE', ( #1913, #2650, #1555, #1191 ) ) ;
#171 = DIRECTION ( 'NONE',  ( -8.741913579725642299E-16, -1.097544303392439621E-17, -1.000000000000000000 ) ) ;
#172 = DIRECTION ( 'NONE',  ( 1.000000000000000000, 0.000000000000000000, 0.000000000000000000 ) ) ;
#173 = DIRECTION ( 'NONE',  ( -0.000000000000000000, -0.000000000000000000, 1.000000000000000000 ) ) ;
#174 = DIRECTION ( 'NONE',  ( 0.000000000000000000, 1.000000000000000000, 0.000000000000000000 ) ) ;
#175 = EDGE_CURVE ( 'NONE', #1486, #2668, #1022, .T. ) ;
#176 = CARTESIAN_POINT ( 'NONE',  ( -3.296875000000000444, 0.01959999999999999243, 1.707404996040164512E-16 ) ) ;
#177 = CARTESIAN_POINT ( 'NONE',  ( -2.780728898748658029, -0.9906346701792072551, 0.7406250000000031974 ) ) ;
#178 = ORIENTED_EDGE ( 'NONE', *, *, #62, .F. ) ;
#179 = CARTESIAN_POINT ( 'NONE',  ( 3.015625000000000444, 0.1195999999999999980, 0.1181102362204724116 ) ) ;
#180 = EDGE_CURVE ( 'NONE', #2484, #1065, #886, .T. ) ;
#181 = APPROVAL_DATE_TIME ( #2100, #652 ) ;
#182 = LINE ( 'NONE', #820, #1675 ) ;
#183 = ORIENTED_EDGE ( 'NONE', *, *, #844, .T. ) ;
#184 = VERTEX_POINT ( 'NONE', #1506 ) ;
#185 = CARTESIAN_POINT ( 'NONE',  ( -3.124826979085321810, 0.08566078942112911876, 0.6346850834089412530 ) ) ;
#186 = EDGE_CURVE ( 'NONE', #1726, #2025, #646, .T. ) ;
#187 = ORIENTED_EDGE ( 'NONE', *, *, #610, .F. ) ;
#188 = PERSON_AND_ORGANIZATION_ROLE ( 'design_owner' ) ;
#189 = CARTESIAN_POINT ( 'NONE',  ( 3.114648437499997868, -0.02858166000313517446, 0.6155833552997722613 ) ) ;
#190 = CARTESIAN_POINT ( 'NONE',  ( 2.261861467054691488, -2.575727818903438937, 0.7529845414526226133 ) ) ;
#191 = EDGE_CURVE ( 'NONE', #2927, #1251, #593, .T. ) ;
#192 = DIRECTION ( 'NONE',  ( 1.000000000000000000, -9.750423418036215341E-16, -6.070773319253576834E-17 ) ) ;
#193 = DIRECTION ( 'NONE',  ( 1.000000000000000000, 0.000000000000000000, 0.000000000000000000 ) ) ;
#194 = FACE_OUTER_BOUND ( 'NONE', #1581, .T. ) ;
#195 = AXIS2_PLACEMENT_3D ( 'NONE', #1477, #2174, #2597 ) ;
#196 = ORIENTED_EDGE ( 'NONE', *, *, #1989, .T. ) ;
#197 = LINE ( 'NONE', #2520, #527 ) ;
#198 = CARTESIAN_POINT ( 'NONE',  ( 3.015625000000000444, 0.1195999999999999980, -0.1181102362204724116 ) ) ;
#199 = ORIENTED_EDGE ( 'NONE', *, *, #889, .T. ) ;
#200 = CC_DESIGN_SECURITY_CLASSIFICATION ( #1523, ( #811 ) ) ;
#201 = AXIS2_PLACEMENT_3D ( 'NONE', #969, #265, #1664 ) ;
#202 = ORIENTED_EDGE ( 'NONE', *, *, #7, .T. ) ;
#203 = CARTESIAN_POINT ( 'NONE',  ( -3.133161902230939599, 0.1123256143752252856, 0.5742823171691884276 ) ) ;
#204 = AXIS2_PLACEMENT_3D ( 'NONE', #1452, #2352, #2576 ) ;
#205 = ORIENTED_EDGE ( 'NONE', *, *, #2894, .F. ) ;
#206 = CALENDAR_DATE ( 2026, 8, 7 ) ;
#207 = CARTESIAN_POINT ( 'NONE',  ( 3.114682867879496886, 0.03206701338005067681, 0.6943592583128553875 ) ) ;
#208 = CARTESIAN_POINT ( 'NONE',  ( 2.255937499999999929, -2.600517824927038202, 0.8064699781348109164 ) ) ;
#209 = LINE ( 'NONE', #2426, #2622 ) ;
#210 = DIRECTION ( 'NONE',  ( -1.000000000000000000, -9.926472649196417146E-17, 6.070773319253952776E-17 ) ) ;
#211 = VECTOR ( 'NONE', #2511, 39.37007874015748143 ) ;
#212 = EDGE_LOOP ( 'NONE', ( #2521, #1079, #391, #802 ) ) ;
#213 = CARTESIAN_POINT ( 'NONE',  ( 3.046875000000000444, 0.01959999999999999243, -1.119403714845627541E-15 ) ) ;
#214 = ORIENTED_EDGE ( 'NONE', *, *, #36, .F. ) ;
#215 = VECTOR ( 'NONE', #2265, 39.37007874015748143 ) ;
#216 = VECTOR ( 'NONE', #1723, 39.37007874015748854 ) ;
#217 = ORIENTED_EDGE ( 'NONE', *, *, #82, .F. ) ;
#218 = CARTESIAN_POINT ( 'NONE',  ( -3.133203124999999201, 0.01634658458353892632, 0.5483434855449099699 ) ) ;
#219 = EDGE_CURVE ( 'NONE', #2171, #2923, #299, .T. ) ;
#220 = EDGE_LOOP ( 'NONE', ( #1567, #2274, #544, #1428 ) ) ;
#221 = CARTESIAN_POINT ( 'NONE',  ( 3.138753208047419196, 0.1196000000000004004, 0.5304807671931104363 ) ) ;
#222 = CARTESIAN_POINT ( 'NONE',  ( 2.270781249999999751, -2.519287558714330189, 0.6849002936180201839 ) ) ;
#223 = EDGE_CURVE ( 'NONE', #930, #1090, #2924, .T. ) ;
#224 = ORIENTED_EDGE ( 'NONE', *, *, #2211, .T. ) ;
#225 = PLANE ( 'NONE',  #1518 ) ;
#226 = ADVANCED_FACE ( 'NONE', ( #1740 ), #381, .F. ) ;
#227 = ORIENTED_EDGE ( 'NONE', *, *, #1124, .T. ) ;
#228 = CARTESIAN_POINT ( 'NONE',  ( 1.937499999999999778, -2.505399999999998961, 1.365625000000008082 ) ) ;
#229 = CC_DESIGN_PERSON_AND_ORGANIZATION_ASSIGNMENT ( #93, #1250, ( #1820 ) ) ;
#230 = VERTEX_POINT ( 'NONE', #176 ) ;
#231 = PLANE ( 'NONE',  #2260 ) ;
#232 = VERTEX_POINT ( 'NONE', #1271 ) ;
#233 = COORDINATED_UNIVERSAL_TIME_OFFSET ( 6, 0, .BEHIND. ) ;
#234 = CARTESIAN_POINT ( 'NONE',  ( 2.252969279990633567, -2.606399999999998940, 0.8360363883889093684 ) ) ;
#235 = CARTESIAN_POINT ( 'NONE',  ( 3.105395107869314053, -0.06502257945559454522, 0.6342065707269453068 ) ) ;
#236 = VERTEX_POINT ( 'NONE', #605 ) ;
#237 = CARTESIAN_POINT ( 'NONE',  ( 2.596181090567001970, 0.1195999999999999980, -0.2812500000000009437 ) ) ;
#238 = VECTOR ( 'NONE', #338, 39.37007874015748143 ) ;
#239 = ORIENTED_EDGE ( 'NONE', *, *, #1262, .F. ) ;
#240 = CARTESIAN_POINT ( 'NONE',  ( -3.096093749999999201, -0.1054000000000000908, 0.6406249999999996669 ) ) ;
#241 = APPROVAL ( #526, 'UNSPECIFIED' ) ;
#242 = CARTESIAN_POINT ( 'NONE',  ( 3.136913403883874185, 0.1196000000000004282, 0.5450826583364453137 ) ) ;
#243 = ORIENTED_EDGE ( 'NONE', *, *, #2633, .F. ) ;
#244 = LOCAL_TIME ( 11, 24, 19.00000000000000000, #2766 ) ;
#245 = AXIS2_PLACEMENT_3D ( 'NONE', #292, #75, #278 ) ;
#246 = CARTESIAN_POINT ( 'NONE',  ( 2.249999999999999556, -2.606399999999998940, 0.8656250000000079714 ) ) ;
#247 = CARTESIAN_POINT ( 'NONE',  ( -3.078125000000000000, 0.1195999999999999980, 0.000000000000000000 ) ) ;
#248 =( REPRESENTATION_RELATIONSHIP ('NONE','NONE', #1248, #22 ) REPRESENTATION_RELATIONSHIP_WITH_TRANSFORMATION ( #1636 )SHAPE_REPRESENTATION_RELATIONSHIP( ) );
#249 = CARTESIAN_POINT ( 'NONE',  ( -2.032734685476215830, -0.6053999999999996051, 0.6406250000000018874 ) ) ;
#250 = DATE_AND_TIME ( #704, #2619 ) ;
#251 = DIRECTION ( 'NONE',  ( -0.000000000000000000, -1.000000000000000000, -0.000000000000000000 ) ) ;
#252 = VECTOR ( 'NONE', #1613, 39.37007874015748143 ) ;
#253 = PERSON ( 'NAUO-PER1', 'UNSPECIFIED', 'UNSPECIFIED', ('UNSPECIFIED'), ('UNSPECIFIED'), ('UNSPECIFIED') ) ;
#254 = ORIENTED_EDGE ( 'NONE', *, *, #572, .F. ) ;
#255 = DIRECTION ( 'NONE',  ( 6.662942673733950341E-34, -1.000000000000000000, 1.097544303392439621E-17 ) ) ;
#256 = EDGE_CURVE ( 'NONE', #410, #2083, #1976, .T. ) ;
#257 = DIRECTION ( 'NONE',  ( -8.741913579725642299E-16, -1.097544303392439621E-17, -1.000000000000000000 ) ) ;
#258 = VECTOR ( 'NONE', #1908, 39.37007874015748143 ) ;
#259 = CARTESIAN_POINT ( 'NONE',  ( 3.099805323615904218, -0.08916696562188441977, 0.6396149999999997116 ) ) ;
#260 = EDGE_CURVE ( 'NONE', #835, #279, #1643, .T. ) ;
#261 = ORIENTED_EDGE ( 'NONE', *, *, #180, .T. ) ;
#262 = CIRCLE ( 'NONE', #2079, 0.3125000000000000000 ) ;
#263 = CARTESIAN_POINT ( 'NONE',  ( 3.122120316728705269, -0.005298260195221908032, 0.5922749794494187592 ) ) ;
#264 = COORDINATED_UNIVERSAL_TIME_OFFSET ( 6, 0, .BEHIND. ) ;
#265 = DIRECTION ( 'NONE',  ( -0.000000000000000000, -0.000000000000000000, 1.000000000000000000 ) ) ;
#266 = EDGE_CURVE ( 'NONE', #1090, #617, #500, .T. ) ;
#267 = CARTESIAN_POINT ( 'NONE',  ( -3.140625000000000000, 0.01959999999999999243, -0.2812500000000009437 ) ) ;
#268 = CARTESIAN_POINT ( 'NONE',  ( -1.332291259447422993, -0.8554000000000002712, 0.7406249999999995337 ) ) ;
#269 = CARTESIAN_POINT ( 'NONE',  ( 3.140624999999998668, 0.01960000000000037060, 0.5156249999999996669 ) ) ;
#270 = ORIENTED_EDGE ( 'NONE', *, *, #1372, .F. ) ;
#271 = CARTESIAN_POINT ( 'NONE',  ( 2.285625000000000018, -2.380400000000000293, 0.6406250000000085487 ) ) ;
#272 = ORIENTED_EDGE ( 'NONE', *, *, #444, .F. ) ;
#273 = ADVANCED_FACE ( 'NONE', ( #799 ), #1494, .F. ) ;
#274 = PLANE ( 'NONE',  #1281 ) ;
#275 = CARTESIAN_POINT ( 'NONE',  ( -3.096093749999999201, -0.1053999999999998688, 0.6406249999999996669 ) ) ;
#276 = CARTESIAN_POINT ( 'NONE',  ( -2.273762828971055416, -2.442981247688242430, 0.7571117174151791307 ) ) ;
#277 = DIRECTION ( 'NONE',  ( 0.000000000000000000, 0.000000000000000000, 1.000000000000000000 ) ) ;
#278 = DIRECTION ( 'NONE',  ( 0.000000000000000000, 0.000000000000000000, 1.000000000000000000 ) ) ;
#279 = VERTEX_POINT ( 'NONE', #1526 ) ;
#280 = PRODUCT_DEFINITION_SHAPE ( 'NONE', 'NONE',  #2946 ) ;
#281 = DATE_TIME_ROLE ( 'classification_date' ) ;
#282 = AXIS2_PLACEMENT_3D ( 'NONE', #1516, #1264, #2595 ) ;
#283 = VECTOR ( 'NONE', #2006, 39.37007874015748143 ) ;
#284 = CC_DESIGN_SECURITY_CLASSIFICATION ( #1866, ( #2945 ) ) ;
#285 = VECTOR ( 'NONE', #210, 39.37007874015748143 ) ;
#286 = LINE ( 'NONE', #2562, #576 ) ;
#287 = CARTESIAN_POINT ( 'NONE',  ( -9.163073478748884727E-17, -1.242900000000000338, 0.7406249999999995337 ) ) ;
#288 = APPROVAL ( #1848, 'UNKNOWN' ) ;
#289 = CARTESIAN_POINT ( 'NONE',  ( 2.285625000000000018, -2.380400000000000293, 0.6406250000000085487 ) ) ;
#290 = DIRECTION ( 'NONE',  ( -0.3355903575378418324, 0.9420080211588559571, -3.278969452403025143E-15 ) ) ;
#291 = VECTOR ( 'NONE', #257, 39.37007874015748143 ) ;
#292 = CARTESIAN_POINT ( 'NONE',  ( 1.937499999999999778, -2.605399999999999050, 1.365625000000008082 ) ) ;
#293 = CARTESIAN_POINT ( 'NONE',  ( 2.596181090567001970, 0.1195999999999999980, -0.2812500000000009437 ) ) ;
#294 = CARTESIAN_POINT ( 'NONE',  ( 2.252969268080904808, -2.504389999999999006, 0.8493919151133816348 ) ) ;
#295 = EDGE_CURVE ( 'NONE', #991, #1726, #2899, .T. ) ;
#296 = VERTEX_POINT ( 'NONE', #1239 ) ;
#297 = EDGE_CURVE ( 'NONE', #1137, #765, #2031, .T. ) ;
#298 = AXIS2_PLACEMENT_3D ( 'NONE', #1753, #1524, #2377 ) ;
#299 = CIRCLE ( 'NONE', #1249, 1.137499999999999512 ) ;
#300 = ORIENTED_EDGE ( 'NONE', *, *, #2068, .F. ) ;
#301 = PLANE ( 'NONE',  #2670 ) ;
#302 = DIRECTION ( 'NONE',  ( -0.000000000000000000, -0.000000000000000000, 1.000000000000000000 ) ) ;
#303 = EDGE_CURVE ( 'NONE', #2297, #355, #814, .T. ) ;
#304 = DIRECTION ( 'NONE',  ( 0.3355903575378419434, 0.9420080211588557351, -3.319715312177817658E-15 ) ) ;
#305 = ADVANCED_FACE ( 'NONE', ( #194 ), #2239, .T. ) ;
#306 = CARTESIAN_POINT ( 'NONE',  ( -1.937499999999999778, -2.505399999999998961, 1.247514763779535629 ) ) ;
#307 = DIRECTION ( 'NONE',  ( -6.662942673733950341E-34, 1.000000000000000000, -1.097544303392439467E-17 ) ) ;
#308 = DIRECTION ( 'NONE',  ( 1.309078388005594620E-15, 1.299453081419167007E-31, 1.000000000000000000 ) ) ;
#309 = CC_DESIGN_PERSON_AND_ORGANIZATION_ASSIGNMENT ( #1750, #2655, ( #1825 ) ) ;
#310 = DIRECTION ( 'NONE',  ( -6.070773319253918263E-17, -3.502456781877057751E-15, -1.000000000000000000 ) ) ;
#311 = PLANE ( 'NONE',  #2115 ) ;
#312 = EDGE_LOOP ( 'NONE', ( #633, #2219, #896, #2050 ) ) ;
#313 = CALENDAR_DATE ( 2026, 8, 7 ) ;
#314 = ORIENTED_EDGE ( 'NONE', *, *, #2328, .T. ) ;
#315 = DIRECTION ( 'NONE',  ( -0.000000000000000000, -0.000000000000000000, 1.000000000000000000 ) ) ;
#316 = DESIGN_CONTEXT ( 'detailed design', #656, 'design' ) ;
#317 = PLANE ( 'NONE',  #2532 ) ;
#318 = CARTESIAN_POINT ( 'NONE',  ( -3.120194374441075169, -0.01128431524923724331, 0.5982983469703498924 ) ) ;
#319 = DIRECTION ( 'NONE',  ( -1.000000000000000000, -6.437728477207319456E-16, 6.070773319254143828E-17 ) ) ;
#320 = DIRECTION ( 'NONE',  ( -1.836970198721029688E-16, 0.000000000000000000, -1.000000000000000000 ) ) ;
#321 = CARTESIAN_POINT ( 'NONE',  ( -3.140625000000000000, 0.1195999999999995400, 0.5156250000000002220 ) ) ;
#322 = DIRECTION ( 'NONE',  ( 0.000000000000000000, 1.000000000000000000, 0.000000000000000000 ) ) ;
#323 = EDGE_LOOP ( 'NONE', ( #2738, #1280, #568, #1805 ) ) ;
#324 = APPROVAL ( #473, 'UNSPECIFIED' ) ;
#325 = VECTOR ( 'NONE', #171, 39.37007874015748143 ) ;
#326 = DATE_AND_TIME ( #362, #1338 ) ;
#327 = ORIENTED_EDGE ( 'NONE', *, *, #1000, .T. ) ;
#328 = CARTESIAN_POINT ( 'NONE',  ( 1.092238780267706488, -0.9252198198198203771, -0.2500000000000009992 ) ) ;
#330 = LINE ( 'NONE', #142, #2739 ) ;
#329 = APPROVAL_PERSON_ORGANIZATION ( #1590, #1083, #1543 ) ;
#331 = AXIS2_PLACEMENT_3D ( 'NONE', #237, #251, #903 ) ;
#332 = DIRECTION ( 'NONE',  ( -6.662942673733950341E-34, 1.000000000000000000, -1.097544303392439621E-17 ) ) ;
#333 = ORGANIZATION ( 'NAUO-ORG1', 'UNSPECIFIED', 'UNSPECIFIED' ) ;
#334 = VECTOR ( 'NONE', #790, 39.37007874015748143 ) ;
#335 = B_SPLINE_CURVE_WITH_KNOTS ( 'NONE', 3,
 ( #843, #1557, #2654, #2231, #615, #1515, #2438, #1297, #2911, #361, #2184, #2216, #1501, #185, #2890, #1312, #1263, #1047, #203, #824, #2011, #858 ),
 .UNSPECIFIED., .F., .F.,
 ( 4, 2, 2, 2, 2, 2, 2, 2, 2, 2, 4 ),
 ( 1.138360651264128102E-17, 0.001124766354894941259, 0.001687149532342403649, 0.002249532709789865605, 0.003374299064684789951, 0.004499065419579713863, 0.005623831774474639077, 0.006186214951922093877, 0.006748598129369548677, 0.007873364484264455676, 0.008998130839159361807 ),
 .UNSPECIFIED. ) ;
#336 = VECTOR ( 'NONE', #1131, 39.37007874015748143 ) ;
#337 = DIRECTION ( 'NONE',  ( 0.000000000000000000, 0.000000000000000000, 1.000000000000000000 ) ) ;
#338 = DIRECTION ( 'NONE',  ( -6.662942673733950341E-34, 1.000000000000000000, -1.097544303392439467E-17 ) ) ;
#339 = ORIENTED_EDGE ( 'NONE', *, *, #2082, .T. ) ;
#340 = CARTESIAN_POINT ( 'NONE',  ( -1.414587483416202662, -2.505399999999998961, 1.646875000000008749 ) ) ;
#341 = LINE ( 'NONE', #121, #58 ) ;
#342 = CYLINDRICAL_SURFACE ( 'NONE', #245, 0.1181102362204728279 ) ;
#343 = DIRECTION ( 'NONE',  ( 6.662942673733950341E-34, -1.000000000000000000, 1.097544303392439621E-17 ) ) ;
#344 = EDGE_CURVE ( 'NONE', #2012, #753, #419, .T. ) ;
#345 = ORIENTED_EDGE ( 'NONE', *, *, #2334, .F. ) ;
#346 = EDGE_CURVE ( 'NONE', #1904, #1135, #375, .T. ) ;
#347 = APPROVAL_ROLE ( '' ) ;
#348 = ADVANCED_FACE ( 'NONE', ( #1974 ), #894, .F. ) ;
#349 = ORIENTED_EDGE ( 'NONE', *, *, #1623, .F. ) ;
#350 = CARTESIAN_POINT ( 'NONE',  ( -2.279687500000000089, -2.412854120181706197, 0.7448621278199041296 ) ) ;
#351 = AXIS2_PLACEMENT_3D ( 'NONE', #851, #1755, #1304 ) ;
#352 = FACE_BOUND ( 'NONE', #2233, .T. ) ;
#353 = DIRECTION ( 'NONE',  ( 1.000000000000000000, 0.000000000000000000, 0.000000000000000000 ) ) ;
#354 = CARTESIAN_POINT ( 'NONE',  ( -2.257449852360444709, -2.593813914975766188, 0.7928651425992345736 ) ) ;
#355 = VERTEX_POINT ( 'NONE', #1993 ) ;
#356 = ADVANCED_FACE ( 'NONE', ( #2420 ), #1749, .F. ) ;
#357 = LINE ( 'NONE', #2005, #1473 ) ;
#358 = CARTESIAN_POINT ( 'NONE',  ( -3.140625000000000000, 0.01959999999999951711, 0.5156250000000000000 ) ) ;
#359 = LINE ( 'NONE', #1061, #1054 ) ;
#360 = ORIENTED_EDGE ( 'NONE', *, *, #520, .T. ) ;
#361 = CARTESIAN_POINT ( 'NONE',  ( -3.114622190366437948, 0.03168123774828461581, 0.6946487552171795032 ) ) ;
#362 = CALENDAR_DATE ( 2026, 8, 7 ) ;
#363 = EDGE_LOOP ( 'NONE', ( #432, #916 ) ) ;
#364 = LINE ( 'NONE', #1038, #1905 ) ;
#365 = DIRECTION ( 'NONE',  ( -4.370956789862821938E-15, 0.000000000000000000, 1.000000000000000000 ) ) ;
#366 = LINE ( 'NONE', #2918, #2153 ) ;
#367 = EDGE_CURVE ( 'NONE', #2023, #617, #168, .T. ) ;
#368 = DIRECTION ( 'NONE',  ( 1.000000000000000000, 0.000000000000000000, 0.000000000000000000 ) ) ;
#369 = DIRECTION ( 'NONE',  ( 0.000000000000000000, 0.000000000000000000, 1.000000000000000000 ) ) ;
#370 = ORIENTED_EDGE ( 'NONE', *, *, #1158, .F. ) ;
#371 = LINE ( 'NONE', #2180, #161 ) ;
#372 = CYLINDRICAL_SURFACE ( 'NONE', #813, 0.3125000000000000000 ) ;
#373 = EDGE_LOOP ( 'NONE', ( #1474, #2215, #1261, #1541 ) ) ;
#374 = ORIENTED_EDGE ( 'NONE', *, *, #1184, .T. ) ;
#375 = LINE ( 'NONE', #2926, #2784 ) ;
#376 = PERSON_AND_ORGANIZATION ( #2667, #921 ) ;
#377 = ORIENTED_EDGE ( 'NONE', *, *, #219, .F. ) ;
#378 = VECTOR ( 'NONE', #1041, 39.37007874015748854 ) ;
#379 = CARTESIAN_POINT ( 'NONE',  ( 3.114648437499997868, 0.03348755871433124753, 0.6963497063819884536 ) ) ;
#380 = CARTESIAN_POINT ( 'NONE',  ( -3.296875000000000444, 0.01959999999999999243, 0.2241116523516814008 ) ) ;
#381 = CYLINDRICAL_SURFACE ( 'NONE', #1791, 0.2500000000000000555 ) ;
#382 = CARTESIAN_POINT ( 'NONE',  ( -2.261887428295453972, -2.575300010275513252, 0.7529607985674263704 ) ) ;
#383 = EDGE_LOOP ( 'NONE', ( #2901, #2731, #1106, #893 ) ) ;
#384 = AXIS2_PLACEMENT_3D ( 'NONE', #608, #1509, #649 ) ;
#385 = PLANE ( 'NONE',  #1231 ) ;
#386 = CC_DESIGN_APPROVAL ( #1083, ( #1697 ) ) ;
#387 = AXIS2_PLACEMENT_3D ( 'NONE', #582, #2690, #136 ) ;
#388 = DIRECTION ( 'NONE',  ( -6.662942673733950341E-34, 1.000000000000000000, -1.097544303392439621E-17 ) ) ;
#389 = EDGE_LOOP ( 'NONE', ( #2753, #199, #2422, #1932 ) ) ;
#390 = VECTOR ( 'NONE', #462, 39.37007874015748143 ) ;
#391 = ORIENTED_EDGE ( 'NONE', *, *, #1628, .T. ) ;
#392 = DIRECTION ( 'NONE',  ( -0.000000000000000000, -0.000000000000000000, 1.000000000000000000 ) ) ;
#393 = EDGE_CURVE ( 'NONE', #2431, #2245, #138, .T. ) ;
#394 = ORIENTED_EDGE ( 'NONE', *, *, #1216, .T. ) ;
#395 = CIRCLE ( 'NONE', #1639, 0.3125000000000000000 ) ;
#396 = EDGE_CURVE ( 'NONE', #1852, #152, #335, .T. ) ;
#397 = DIRECTION ( 'NONE',  ( -1.000000000000000000, -0.000000000000000000, 0.000000000000000000 ) ) ;
#398 = CARTESIAN_POINT ( 'NONE',  ( 3.140624999999998668, 0.1196000000000004143, 0.5156250000000002220 ) ) ;
#399 = CARTESIAN_POINT ( 'NONE',  ( 3.296875000000000000, 0.1195999999999999980, 1.652950590382291866E-16 ) ) ;
#400 = VECTOR ( 'NONE', #2827, 39.37007874015748854 ) ;
#401 = DIRECTION ( 'NONE',  ( -0.000000000000000000, -1.000000000000000000, -0.000000000000000000 ) ) ;
#402 = APPLICATION_CONTEXT ( 'configuration controlled 3d designs of mechanical parts and assemblies' ) ;
#403 = CARTESIAN_POINT ( 'NONE',  ( 2.596181090567001526, 0.1195999999999999980, -9.538214587709287948E-16 ) ) ;
#404 = ORIENTED_EDGE ( 'NONE', *, *, #1101, .T. ) ;
#405 = CARTESIAN_POINT ( 'NONE',  ( 2.032734685476215386, -0.6053999999999989390, -0.2500000000000009992 ) ) ;
#406 = AXIS2_PLACEMENT_3D ( 'NONE', #2701, #899, #912 ) ;
#407 = EDGE_CURVE ( 'NONE', #2044, #626, #2695, .T. ) ;
#408 = CARTESIAN_POINT ( 'NONE',  ( -1.414587483416202662, -2.505399999999998961, 1.365625000000008527 ) ) ;
#409 = ORIENTED_EDGE ( 'NONE', *, *, #1049, .T. ) ;
#410 = VERTEX_POINT ( 'NONE', #654 ) ;
#411 = CARTESIAN_POINT ( 'NONE',  ( -1.332291259447422549, -1.880400000000000293, -0.2500000000000009992 ) ) ;
#412 = EDGE_CURVE ( 'NONE', #2297, #440, #1731, .T. ) ;
#413 = ORIENTED_EDGE ( 'NONE', *, *, #718, .T. ) ;
#414 = CARTESIAN_POINT ( 'NONE',  ( 3.122070312499997780, -0.005441644700227021153, 0.5924433399968640490 ) ) ;
#415 = DIRECTION ( 'NONE',  ( 1.000000000000000000, 0.000000000000000000, 0.000000000000000000 ) ) ;
#416 = CARTESIAN_POINT ( 'NONE',  ( 2.264843749999999822, -2.561124706381987970, 0.7267374412856778543 ) ) ;
#417 = DIRECTION ( 'NONE',  ( 1.000000000000000000, 0.000000000000000000, 0.000000000000000000 ) ) ;
#418 = DIRECTION ( 'NONE',  ( 0.000000000000000000, 0.000000000000000000, 1.000000000000000000 ) ) ;
#419 = LINE ( 'NONE', #1066, #2308 ) ;
#420 = EDGE_LOOP ( 'NONE', ( #227, #2936, #394, #554 ) ) ;
#421 = CARTESIAN_POINT ( 'NONE',  ( 1.414587483416202218, -2.605399999999999050, 1.365625000000008082 ) ) ;
#422 = CARTESIAN_POINT ( 'NONE',  ( -9.163073478748884727E-17, -1.242900000000000338, 0.6406250000000038858 ) ) ;
#423 = EDGE_LOOP ( 'NONE', ( #32, #1514, #595, #853, #272, #1458, #1677, #254, #2469, #1311 ) ) ;
#424 = ORIENTED_EDGE ( 'NONE', *, *, #629, .T. ) ;
#425 = CARTESIAN_POINT ( 'NONE',  ( -3.122070312499999112, 0.07532470638198822399, 0.6545125587143306722 ) ) ;
#426 = EDGE_LOOP ( 'NONE', ( #183, #2922, #2179, #1874 ) ) ;
#427 = CALENDAR_DATE ( 2026, 8, 7 ) ;
#428 = CARTESIAN_POINT ( 'NONE',  ( 2.272987271798182274, -2.499454332935168388, 0.6745605208401438402 ) ) ;
#429 = CARTESIAN_POINT ( 'NONE',  ( 2.282655720009366451, -2.409988611611097564, 0.6396250000000087699 ) ) ;
#430 = CARTESIAN_POINT ( 'NONE',  ( -1.332291259447422993, -0.8554000000000002712, 0.6406250000000026645 ) ) ;
#431 = LENGTH_MEASURE_WITH_UNIT ( LENGTH_MEASURE( 0.02539999999999999897 ), #1337 );
#432 = ORIENTED_EDGE ( 'NONE', *, *, #446, .T. ) ;
#433 = LINE ( 'NONE', #1853, #2385 ) ;
#434 = ORIENTED_EDGE ( 'NONE', *, *, #1819, .T. ) ;
#435 = ADVANCED_FACE ( 'NONE', ( #1958 ), #2748, .F. ) ;
#436 = CARTESIAN_POINT ( 'NONE',  ( -1.756640935476216248, -1.630399999999999627, 0.6406250000000054401 ) ) ;
#437 = CC_DESIGN_APPROVAL ( #1917, ( #113 ) ) ;
#438 = AXIS2_PLACEMENT_3D ( 'NONE', #632, #2181, #1530 ) ;
#439 = CIRCLE ( 'NONE', #1424, 0.2499999999999998612 ) ;
#440 = VERTEX_POINT ( 'NONE', #709 ) ;
#441 = LINE ( 'NONE', #2300, #291 ) ;
#442 = APPROVAL_PERSON_ORGANIZATION ( #2781, #288, #1653 ) ;
#443 = ORIENTED_EDGE ( 'NONE', *, *, #393, .F. ) ;
#444 = EDGE_CURVE ( 'NONE', #1135, #1157, #1733, .T. ) ;
#445 = DATE_TIME_ROLE ( 'creation_date' ) ;
#446 = EDGE_CURVE ( 'NONE', #1861, #1206, #2740, .T. ) ;
#447 = DIRECTION ( 'NONE',  ( -0.000000000000000000, -0.000000000000000000, 1.000000000000000000 ) ) ;
#448 = FACE_OUTER_BOUND ( 'NONE', #2664, .T. ) ;
#449 = CARTESIAN_POINT ( 'NONE',  ( 3.140624999999998668, 0.01960000000000037754, 0.5156250000000000000 ) ) ;
#450 = AXIS2_PLACEMENT_3D ( 'NONE', #2852, #1779, #2648 ) ;
#451 = ORIENTED_EDGE ( 'NONE', *, *, #908, .F. ) ;
#452 = DIRECTION ( 'NONE',  ( -6.662942673733950341E-34, 1.000000000000000000, -1.097544303392439467E-17 ) ) ;
#453 = ORIENTED_EDGE ( 'NONE', *, *, #2730, .F. ) ;
#454 = LINE ( 'NONE', #2273, #1604 ) ;
#455 = AXIS2_PLACEMENT_3D ( 'NONE', #1086, #337, #172 ) ;
#456 = AXIS2_PLACEMENT_3D ( 'NONE', #268, #2762, #725 ) ;
#457 = ORIENTED_EDGE ( 'NONE', *, *, #2204, .F. ) ;
#458 = CARTESIAN_POINT ( 'NONE',  ( -1.662282886008527472, -2.605399999999999050, 1.513651315789481977 ) ) ;
#459 = ORIENTED_EDGE ( 'NONE', *, *, #502, .F. ) ;
#460 = DATE_AND_TIME ( #427, #8 ) ;
#461 = CARTESIAN_POINT ( 'NONE',  ( 2.255937499999999929, -2.599543852250369991, 0.8067317260191702033 ) ) ;
#462 = DIRECTION ( 'NONE',  ( 4.460043923636545643E-32, -1.000000000000000000, 6.123233995736766036E-17 ) ) ;
#463 = ORIENTED_EDGE ( 'NONE', *, *, #2415, .T. ) ;
#464 = CARTESIAN_POINT ( 'NONE',  ( 2.273728390521574827, -2.443147369085529430, 0.7572047688714256264 ) ) ;
#465 = CC_DESIGN_PERSON_AND_ORGANIZATION_ASSIGNMENT ( #2488, #1792, ( #1697 ) ) ;
#466 = ORIENTED_EDGE ( 'NONE', *, *, #1254, .T. ) ;
#467 = CARTESIAN_POINT ( 'NONE',  ( -3.122070312499999112, -0.005441644700227966577, 0.5924433399968641600 ) ) ;
#468 = LINE ( 'NONE', #880, #860 ) ;
#469 = EDGE_LOOP ( 'NONE', ( #1379, #2501, #413, #459 ) ) ;
#470 = APPROVAL_ROLE ( '' ) ;
#471 = DIRECTION ( 'NONE',  ( 1.000000000000000000, 0.000000000000000000, 0.000000000000000000 ) ) ;
#472 = DIRECTION ( 'NONE',  ( 0.000000000000000000, 0.000000000000000000, 1.000000000000000000 ) ) ;
#473 = APPROVAL_STATUS ( 'not_yet_approved' ) ;
#474 = ORIENTED_EDGE ( 'NONE', *, *, #1124, .F. ) ;
#475 = EDGE_CURVE ( 'NONE', #1310, #1797, #2500, .T. ) ;
#476 = CARTESIAN_POINT ( 'NONE',  ( -1.332291259447422549, -1.630400000000000071, -0.2500000000000009992 ) ) ;
#477 = VECTOR ( 'NONE', #1939, 39.37007874015748143 ) ;
#478 = ORIENTED_EDGE ( 'NONE', *, *, #186, .T. ) ;
#479 = EDGE_CURVE ( 'NONE', #902, #2927, #2349, .T. ) ;
#480 = DIRECTION ( 'NONE',  ( -1.000000000000000000, 6.437728477207314526E-16, 6.070773319253692698E-17 ) ) ;
#481 = DIRECTION ( 'NONE',  ( 0.000000000000000000, 0.000000000000000000, -1.000000000000000000 ) ) ;
#482 = FACE_OUTER_BOUND ( 'NONE', #1701, .T. ) ;
#483 = LOCAL_TIME ( 11, 24, 19.00000000000000000, #39 ) ;
#484 = VECTOR ( 'NONE', #2842, 39.37007874015748143 ) ;
#485 = CIRCLE ( 'NONE', #2662, 0.2500000000000000000 ) ;
#486 = EDGE_LOOP ( 'NONE', ( #2403, #2692, #1234, #2703, #2796, #1298, #1715, #2888, #1812, #1729, #2196, #77, #1946, #696, #842, #637 ) ) ;
#487 = AXIS2_PLACEMENT_3D ( 'NONE', #1687, #1437, #749 ) ;
#488 = VECTOR ( 'NONE', #1669, 39.37007874015748143 ) ;
#489 = PERSON_AND_ORGANIZATION ( #2667, #921 ) ;
#490 = EDGE_CURVE ( 'NONE', #2110, #923, #441, .T. ) ;
#491 = CARTESIAN_POINT ( 'NONE',  ( 2.273750000000000160, -2.442843717376187218, 0.7572842257079643868 ) ) ;
#492 = CYLINDRICAL_SURFACE ( 'NONE', #1110, 0.06250000000000001388 ) ;
#493 = PERSON_AND_ORGANIZATION ( #2667, #921 ) ;
#494 = EDGE_CURVE ( 'NONE', #1247, #1348, #1439, .T. ) ;
#495 = CARTESIAN_POINT ( 'NONE',  ( 1.332291259447422549, -1.880400000000000071, -0.2500000000000009992 ) ) ;
#496 = AXIS2_PLACEMENT_3D ( 'NONE', #891, #1800, #1629 ) ;
#497 = ORIENTED_EDGE ( 'NONE', *, *, #2514, .T. ) ;
#498 = DIRECTION ( 'NONE',  ( 6.662942673733950341E-34, -1.000000000000000000, 1.097544303392439621E-17 ) ) ;
#499 = CARTESIAN_POINT ( 'NONE',  ( 3.125781249999997957, 0.003823298544282677670, 0.5785773725463621009 ) ) ;
#500 = CIRCLE ( 'NONE', #2169, 1.137499999999999512 ) ;
#501 = ORIENTED_EDGE ( 'NONE', *, *, #1445, .T. ) ;
#502 = EDGE_CURVE ( 'NONE', #2448, #988, #2111, .T. ) ;
#503 = DATE_AND_TIME ( #514, #1719 ) ;
#504 = DIRECTION ( 'NONE',  ( 0.000000000000000000, 1.000000000000000000, 0.000000000000000000 ) ) ;
#505 = ORIENTED_EDGE ( 'NONE', *, *, #303, .F. ) ;
#506 = CARTESIAN_POINT ( 'NONE',  ( 3.140624999999998668, 0.01960000000000037754, 0.5156250000000000000 ) ) ;
#507 = COORDINATED_UNIVERSAL_TIME_OFFSET ( 6, 0, .BEHIND. ) ;
#508 = CARTESIAN_POINT ( 'NONE',  ( -2.032734685476215830, -0.6053999999999996051, -0.2500000000000009992 ) ) ;
#509 = CYLINDRICAL_SURFACE ( 'NONE', #1295, 0.2500000000000003331 ) ;
#510 = CARTESIAN_POINT ( 'NONE',  ( -2.275232571848141649, -2.435803169273009772, 0.7532744724457874907 ) ) ;
#511 = CARTESIAN_POINT ( 'NONE',  ( 2.032734685476215386, -0.6053999999999989390, 0.7406249999999995337 ) ) ;
#512 = DIRECTION ( 'NONE',  ( 0.000000000000000000, 0.000000000000000000, 1.000000000000000000 ) ) ;
#513 = EDGE_LOOP ( 'NONE', ( #2609, #1987, #2346, #2509, #1076, #2765, #742, #918, #949, #1058 ) ) ;
#514 = CALENDAR_DATE ( 2026, 8, 7 ) ;
#515 = VERTEX_POINT ( 'NONE', #2317 ) ;
#516 = DATE_TIME_ROLE ( 'creation_date' ) ;
#517 = DIRECTION ( 'NONE',  ( -0.000000000000000000, -0.000000000000000000, 1.000000000000000000 ) ) ;
#518 = CARTESIAN_POINT ( 'NONE',  ( -3.136874546065513858, 0.01877154286356099225, 0.5321599872645329521 ) ) ;
#519 = CARTESIAN_POINT ( 'NONE',  ( 1.332291259447422105, -0.8553999999999998272, 0.6406250000000024425 ) ) ;
#520 = EDGE_CURVE ( 'NONE', #2687, #1113, #2094, .T. ) ;
#521 = LINE ( 'NONE', #1686, #258 ) ;
#522 = DIRECTION ( 'NONE',  ( 0.000000000000000000, 1.000000000000000000, -3.428201403813976931E-15 ) ) ;
#523 = EDGE_CURVE ( 'NONE', #796, #2358, #960, .T. ) ;
#524 = EDGE_LOOP ( 'NONE', ( #2623, #1042, #478, #2276 ) ) ;
#525 = CYLINDRICAL_SURFACE ( 'NONE', #12, 1.137499999999999734 ) ;
#526 = APPROVAL_STATUS ( 'not_yet_approved' ) ;
#527 = VECTOR ( 'NONE', #2081, 39.37007874015748143 ) ;
#528 = EDGE_CURVE ( 'NONE', #2083, #602, #685, .T. ) ;
#529 = SECURITY_CLASSIFICATION ( '', '', #1878 ) ;
#530 = ADVANCED_FACE ( 'NONE', ( #2275 ), #231, .F. ) ;
#531 = VECTOR ( 'NONE', #2702, 39.37007874015748143 ) ;
#532 = LINE ( 'NONE', #508, #1670 ) ;
#533 = APPROVAL ( #2818, 'UNSPECIFIED' ) ;
#534 = CARTESIAN_POINT ( 'NONE',  ( -3.140625000000000000, -0.1054000000000003129, 0.5156249999999998890 ) ) ;
#535 = CARTESIAN_POINT ( 'NONE',  ( -2.270801999375077873, -2.517483270910610749, 0.6866026366601506448 ) ) ;
#536 = CARTESIAN_POINT ( 'NONE',  ( -1.092238780267707154, -0.9252198198198201551, 0.7406249999999995337 ) ) ;
#537 = CIRCLE ( 'NONE', #2345, 0.06250000000000001388 ) ;
#538 = FACE_OUTER_BOUND ( 'NONE', #678, .T. ) ;
#539 = DIRECTION ( 'NONE',  ( 1.000000000000000000, 0.000000000000000000, -0.000000000000000000 ) ) ;
#540 = EDGE_LOOP ( 'NONE', ( #1139, #1122, #1181, #2247 ) ) ;
#541 = AXIS2_PLACEMENT_3D ( 'NONE', #405, #2226, #2210 ) ;
#542 = CARTESIAN_POINT ( 'NONE',  ( -1.937499999999999778, -2.605399999999999050, 1.365625000000008527 ) ) ;
#543 = AXIS2_PLACEMENT_3D ( 'NONE', #10, #1838, #1807 ) ;
#544 = ORIENTED_EDGE ( 'NONE', *, *, #1735, .F. ) ;
#545 = CARTESIAN_POINT ( 'NONE',  ( -2.282655731919095654, -2.396633084886624854, 0.7416350000000087039 ) ) ;
#546 = CARTESIAN_POINT ( 'NONE',  ( -1.332291259447422549, -1.630400000000000071, 0.6406250000000052180 ) ) ;
#547 = DIRECTION ( 'NONE',  ( 0.000000000000000000, 0.000000000000000000, 1.000000000000000000 ) ) ;
#548 = CARTESIAN_POINT ( 'NONE',  ( -2.282654779133307610, -2.409864849332191472, 0.6420820531979768431 ) ) ;
#549 = LINE ( 'NONE', #2811, #933 ) ;
#550 = APPROVAL ( #1349, 'UNSPECIFIED' ) ;
#551 = DIRECTION ( 'NONE',  ( 0.000000000000000000, 0.000000000000000000, 1.000000000000000000 ) ) ;
#552 = CARTESIAN_POINT ( 'NONE',  ( -3.158930826175840423, 0.1195999999999999980, 0.3879441738241591886 ) ) ;
#553 = CARTESIAN_POINT ( 'NONE',  ( 2.282655731919094766, -2.396633084886626186, 0.7416350000000087039 ) ) ;
#554 = ORIENTED_EDGE ( 'NONE', *, *, #889, .F. ) ;
#555 = CARTESIAN_POINT ( 'NONE',  ( -0.6920779350837080734, -4.296688796218952611, -0.7635824540807905070 ) ) ;
#556 = EDGE_LOOP ( 'NONE', ( #2527, #239, #1496, #2710 ) ) ;
#557 = CARTESIAN_POINT ( 'NONE',  ( -2.270781250000000639, -2.457218339996863676, 0.7656666447002362652 ) ) ;
#558 = CARTESIAN_POINT ( 'NONE',  ( -3.140624999999999112, 0.1195999999999999980, 0.5000000000000001110 ) ) ;
#559 = CARTESIAN_POINT ( 'NONE',  ( -3.099841495777823308, -0.08887524125876143655, 0.6406249999999996669 ) ) ;
#560 = EDGE_CURVE ( 'NONE', #1578, #1858, #2625, .T. ) ;
#561 = CARTESIAN_POINT ( 'NONE',  ( 3.108173859547392226, -0.01235263880984892142, 0.7206147943792712285 ) ) ;
#562 = CARTESIAN_POINT ( 'NONE',  ( 1.937499999999999778, -2.605399999999999050, 1.678125000000008304 ) ) ;
#563 = LINE ( 'NONE', #788, #1922 ) ;
#564 = CARTESIAN_POINT ( 'NONE',  ( -1.082291259447422993, -0.8554000000000002712, -0.2500000000000009992 ) ) ;
#565 = DIRECTION ( 'NONE',  ( 0.000000000000000000, 0.000000000000000000, -1.000000000000000000 ) ) ;
#566 = EDGE_CURVE ( 'NONE', #1204, #823, #1347, .T. ) ;
#567 = CARTESIAN_POINT ( 'NONE',  ( 1.756640935476215803, -1.880399999999999627, 0.6406250000000059952 ) ) ;
#568 = ORIENTED_EDGE ( 'NONE', *, *, #2709, .T. ) ;
#569 = AXIS2_PLACEMENT_3D ( 'NONE', #114, #1025, #2585 ) ;
#570 = DIRECTION ( 'NONE',  ( 1.000000000000000000, 0.000000000000000000, 0.000000000000000000 ) ) ;
#571 = ORIENTED_EDGE ( 'NONE', *, *, #412, .T. ) ;
#572 = EDGE_CURVE ( 'NONE', #626, #1137, #2497, .T. ) ;
#573 = CARTESIAN_POINT ( 'NONE',  ( 3.078125000000000000, 0.01959999999999999243, 0.1181102362204723838 ) ) ;
#575 = CARTESIAN_POINT ( 'NONE',  ( 3.046875000000000444, 0.1195999999999999980, -1.119403714845627541E-15 ) ) ;
#574 = CC_DESIGN_APPROVAL ( #1652, ( #1198 ) ) ;
#576 = VECTOR ( 'NONE', #2129, 39.37007874015748143 ) ;
#577 = DIRECTION ( 'NONE',  ( 6.070773319253918263E-17, 3.502456781877057751E-15, 1.000000000000000000 ) ) ;
#578 = CARTESIAN_POINT ( 'NONE',  ( -2.264871438343513343, -2.559133685591429064, 0.7281566502464085211 ) ) ;
#579 = ORIENTED_EDGE ( 'NONE', *, *, #475, .F. ) ;
#580 = LINE ( 'NONE', #179, #2213 ) ;
#581 = DIRECTION ( 'NONE',  ( -1.365923996832132102E-16, 1.000000000000000000, 1.639108796198560298E-15 ) ) ;
#582 = CARTESIAN_POINT ( 'NONE',  ( 2.032734685476215386, -0.8553999999999989390, 0.6406250000000024425 ) ) ;
#583 = VECTOR ( 'NONE', #1360, 39.37007874015748143 ) ;
#584 = VERTEX_POINT ( 'NONE', #2812 ) ;
#585 = DATE_AND_TIME ( #1947, #2061 ) ;
#586 = ORIENTED_EDGE ( 'NONE', *, *, #1714, .F. ) ;
#587 = ADVANCED_FACE ( 'NONE', ( #2148 ), #122, .T. ) ;
#588 = EDGE_LOOP ( 'NONE', ( #2481, #1324 ) ) ;
#589 = CARTESIAN_POINT ( 'NONE',  ( -2.596181090567001970, 0.01959999999999999243, -0.2812500000000000000 ) ) ;
#590 = CIRCLE ( 'NONE', #455, 0.2500000000000000555 ) ;
#591 = AXIS2_PLACEMENT_3D ( 'NONE', #1479, #2868, #833 ) ;
#592 = DIRECTION ( 'NONE',  ( 0.7071067811865514585, 0.000000000000000000, -0.7071067811865433539 ) ) ;
#593 = LINE ( 'NONE', #162, #216 ) ;
#594 = CARTESIAN_POINT ( 'NONE',  ( -2.285625000000000462, -2.380400000000000293, 0.6406250000000085487 ) ) ;
#595 = ORIENTED_EDGE ( 'NONE', *, *, #295, .F. ) ;
#596 = DIRECTION ( 'NONE',  ( -6.662942673733950341E-34, 1.000000000000000000, -1.097544303392439467E-17 ) ) ;
#597 = DIRECTION ( 'NONE',  ( 6.070773319253918263E-17, 3.502456781877057751E-15, 1.000000000000000000 ) ) ;
#598 = ORIENTED_EDGE ( 'NONE', *, *, #1490, .F. ) ;
#599 = ORIENTED_EDGE ( 'NONE', *, *, #2551, .T. ) ;
#600 = CARTESIAN_POINT ( 'NONE',  ( -3.125781249999999734, 0.09207572376806176517, 0.6294428895638229937 ) ) ;
#601 =( NAMED_UNIT ( * ) SI_UNIT ( $, .STERADIAN. ) SOLID_ANGLE_UNIT ( ) );
#602 = VERTEX_POINT ( 'NONE', #2791 ) ;
#603 = CARTESIAN_POINT ( 'NONE',  ( 3.125781249999997957, 0.09207572376806277825, 0.6294428895638228827 ) ) ;
#604 = FACE_OUTER_BOUND ( 'NONE', #2728, .T. ) ;
#605 = CARTESIAN_POINT ( 'NONE',  ( 2.249999999999999556, -2.605399999999999050, 1.365625000000008082 ) ) ;
#606 = CARTESIAN_POINT ( 'NONE',  ( -3.278569173824160021, 0.1195999999999999980, 0.2683058261758411445 ) ) ;
#607 = ORIENTED_EDGE ( 'NONE', *, *, #2120, .T. ) ;
#608 = CARTESIAN_POINT ( 'NONE',  ( 1.937499999999999778, -2.605399999999999050, 1.365625000000008082 ) ) ;
#609 = CARTESIAN_POINT ( 'NONE',  ( 3.278569173824158689, 0.01959999999999999243, 0.2683058261758410890 ) ) ;
#610 = EDGE_CURVE ( 'NONE', #756, #2431, #1008, .T. ) ;
#611 = DIRECTION ( 'NONE',  ( -0.7071067811865432429, 0.000000000000000000, 0.7071067811865519026 ) ) ;
#612 = ORIENTED_EDGE ( 'NONE', *, *, #1226, .F. ) ;
#613 = ORIENTED_EDGE ( 'NONE', *, *, #2689, .T. ) ;
#614 = ADVANCED_FACE ( 'NONE', ( #2327 ), #1926, .T. ) ;
#615 = CARTESIAN_POINT ( 'NONE',  ( -3.103499235799197287, -0.04725696274386920887, 0.7331079311350030547 ) ) ;
#616 = SECURITY_CLASSIFICATION_LEVEL ( 'unclassified' ) ;
#617 = VERTEX_POINT ( 'NONE', #1671 ) ;
#618 = AXIS2_PLACEMENT_3D ( 'NONE', #133, #2411, #1495 ) ;
#619 = DIRECTION ( 'NONE',  ( -6.662942673733950341E-34, 1.000000000000000000, -1.097544303392439467E-17 ) ) ;
#620 = CARTESIAN_POINT ( 'NONE',  ( 1.414587483416202662, -2.505399999999998961, 1.365625000000008082 ) ) ;
#621 = ADVANCED_FACE ( 'NONE', ( #538 ), #342, .F. ) ;
#622 = FACE_OUTER_BOUND ( 'NONE', #383, .T. ) ;
#623 = DIRECTION ( 'NONE',  ( -0.000000000000000000, -0.000000000000000000, 1.000000000000000000 ) ) ;
#624 = AXIS2_PLACEMENT_3D ( 'NONE', #1942, #1132, #2238 ) ;
#625 = LINE ( 'NONE', #2447, #477 ) ;
#626 = VERTEX_POINT ( 'NONE', #1648 ) ;
#627 = AXIS2_PLACEMENT_3D ( 'NONE', #2805, #1408, #2587 ) ;
#628 = CARTESIAN_POINT ( 'NONE',  ( 1.937499999999999778, -2.605399999999999050, 1.247514763779535407 ) ) ;
#629 = EDGE_CURVE ( 'NONE', #2668, #1486, #1776, .T. ) ;
#630 =( GEOMETRIC_REPRESENTATION_CONTEXT ( 3 ) GLOBAL_UNCERTAINTY_ASSIGNED_CONTEXT ( ( #1663 ) ) GLOBAL_UNIT_ASSIGNED_CONTEXT ( ( #2256, #2898, #901 ) ) REPRESENTATION_CONTEXT ( 'NONE', 'WORKASPACE' ) );
#631 = CIRCLE ( 'NONE', #1427, 0.2500000000000000555 ) ;
#632 = CARTESIAN_POINT ( 'NONE',  ( -2.596181090567001970, 0.1195999999999999980, -0.2812500000000000000 ) ) ;
#633 = ORIENTED_EDGE ( 'NONE', *, *, #80, .F. ) ;
#634 = ORIENTED_EDGE ( 'NONE', *, *, #2904, .F. ) ;
#635 = CARTESIAN_POINT ( 'NONE',  ( -3.103515624999999556, -0.04624497813480281383, 0.7357428249270389076 ) ) ;
#636 = AXIS2_PLACEMENT_3D ( 'NONE', #1943, #1554, #1713 ) ;
#637 = ORIENTED_EDGE ( 'NONE', *, *, #1893, .T. ) ;
#638 = APPLICATION_PROTOCOL_DEFINITION ( 'international standard', 'config_control_design', 1994, #2537 ) ;
#639 = CARTESIAN_POINT ( 'NONE',  ( 2.596181090567001970, 0.01959999999999999243, -0.1181102362204724532 ) ) ;
#640 = CARTESIAN_POINT ( 'NONE',  ( 2.257412019059286123, -2.593605933630895866, 0.7933568884702814072 ) ) ;
#641 = DIRECTION ( 'NONE',  ( 0.000000000000000000, 0.000000000000000000, 1.000000000000000000 ) ) ;
#642 = DIRECTION ( 'NONE',  ( 0.000000000000000000, 1.000000000000000000, 0.000000000000000000 ) ) ;
#643 = CARTESIAN_POINT ( 'NONE',  ( 0.000000000000000000, 0.000000000000000000, 0.000000000000000000 ) ) ;
#644 = AXIS2_PLACEMENT_3D ( 'NONE', #44, #2575, #2325 ) ;
#645 = CARTESIAN_POINT ( 'NONE',  ( -1.937499999999999778, -2.605399999999999050, 1.365625000000008527 ) ) ;
#646 = CIRCLE ( 'NONE', #450, 0.2500000000000000555 ) ;
#647 = CARTESIAN_POINT ( 'NONE',  ( -2.255937500000000817, -2.599543852250369103, 0.8067317260191707584 ) ) ;
#648 = ORIENTED_EDGE ( 'NONE', *, *, #2745, .T. ) ;
#649 = DIRECTION ( 'NONE',  ( 0.000000000000000000, 0.000000000000000000, -1.000000000000000000 ) ) ;
#650 = AXIS2_PLACEMENT_3D ( 'NONE', #688, #1576, #2491 ) ;
#651 = LINE ( 'NONE', #198, #1235 ) ;
#652 = APPROVAL ( #671, 'UNSPECIFIED' ) ;
#653 = ORIENTED_EDGE ( 'NONE', *, *, #1369, .T. ) ;
#654 = CARTESIAN_POINT ( 'NONE',  ( -1.414587483416202662, -2.605399999999999050, 1.365625000000008527 ) ) ;
#655 = ORIENTED_EDGE ( 'NONE', *, *, #1891, .T. ) ;
#656 = APPLICATION_CONTEXT ( 'configuration controlled 3d designs of mechanical parts and assemblies' ) ;
#657 = DATE_AND_TIME ( #2699, #2383 ) ;
#658 = CARTESIAN_POINT ( 'NONE',  ( 3.130421588733792060, 0.1052955774438179837, 0.5949138762746397635 ) ) ;
#659 = CARTESIAN_POINT ( 'NONE',  ( 2.279687500000000089, -2.439555021865197126, 0.6455071750729695079 ) ) ;
#660 = FACE_BOUND ( 'NONE', #1788, .T. ) ;
#661 = DIRECTION ( 'NONE',  ( 0.000000000000000000, 1.000000000000000000, 0.000000000000000000 ) ) ;
#662 = ORIENTED_EDGE ( 'NONE', *, *, #1419, .T. ) ;
#663 = CARTESIAN_POINT ( 'NONE',  ( 2.282630169673744547, -2.396906205178442217, 0.7406250000000087486 ) ) ;
#664 = VERTEX_POINT ( 'NONE', #2353 ) ;
#665 = DIRECTION ( 'NONE',  ( 0.000000000000000000, 0.000000000000000000, -1.000000000000000000 ) ) ;
#666 = ORIENTED_EDGE ( 'NONE', *, *, #2856, .F. ) ;
#667 = EDGE_CURVE ( 'NONE', #2841, #1852, #1199, .T. ) ;
#668 = ORIENTED_EDGE ( 'NONE', *, *, #1158, .T. ) ;
#669 = CARTESIAN_POINT ( 'NONE',  ( -3.099805323840884252, -0.08903473247469273488, 0.6406249999999996669 ) ) ;
#670 = ADVANCED_FACE ( 'NONE', ( #1211 ), #87, .T. ) ;
#671 = APPROVAL_STATUS ( 'not_yet_approved' ) ;
#672 = EDGE_LOOP ( 'NONE', ( #345, #1406, #887, #2269 ) ) ;
#673 = DIRECTION ( 'NONE',  ( 0.000000000000000000, 1.000000000000000000, -3.428201403813976931E-15 ) ) ;
#674 = DIRECTION ( 'NONE',  ( 0.000000000000000000, 0.000000000000000000, 1.000000000000000000 ) ) ;
#675 = DIRECTION ( 'NONE',  ( 0.000000000000000000, 1.000000000000000000, -3.278217592397115073E-15 ) ) ;
#676 = SHAPE_REPRESENTATION_RELATIONSHIP ( 'NONE' , 'NONE' ,  #22, #1173 ) ;
#677 = B_SPLINE_SURFACE_WITH_KNOTS ( 'NONE', 1, 3, ( 
 ( #2626, #1266, #2139, #603, #2423, #379, #1980, #96, #1009, #783 ),
 ( #2764, #242, #1167, #34, #2015, #1299, #698, #951, #2458, #2318 ),
 ( #269, #2880, #2086, #499, #414, #189, #2442, #2235, #847, #1100 ),
 ( #1602, #2513, #1402, #2915, #2678, #1996, #1177, #861, #259, #1388 ) ),
 .UNSPECIFIED., .F., .F., .F.,
 ( 2, 1, 1, 2 ),
 ( 4, 2, 2, 2, 4 ),
 ( -0.01000000000000000021, 0.000000000000000000, 1.000000000000000000, 1.010099999999999998 ),
 ( 0.000000000000000000, 0.2500000000000000000, 0.5000000000000000000, 0.7500000000000000000, 1.000000000000000000 ),
 .UNSPECIFIED. ) ;
#678 = EDGE_LOOP ( 'NONE', ( #2183, #1265, #1832, #1328 ) ) ;
#679 = LINE ( 'NONE', #1842, #728 ) ;
#680 = ORIENTED_EDGE ( 'NONE', *, *, #1096, .F. ) ;
#681 = CARTESIAN_POINT ( 'NONE',  ( -3.078125000000000000, 0.1195999999999999980, 0.1181102362204724116 ) ) ;
#682 =( GEOMETRIC_REPRESENTATION_CONTEXT ( 3 ) GLOBAL_UNCERTAINTY_ASSIGNED_CONTEXT ( ( #2586 ) ) GLOBAL_UNIT_ASSIGNED_CONTEXT ( ( #1960, #2641, #601 ) ) REPRESENTATION_CONTEXT ( 'NONE', 'WORKASPACE' ) );
#683 = AXIS2_PLACEMENT_3D ( 'NONE', #2800, #1453, #565 ) ;
#684 = EDGE_LOOP ( 'NONE', ( #2257, #360, #370, #205 ) ) ;
#685 = LINE ( 'NONE', #458, #583 ) ;
#686 = VERTEX_POINT ( 'NONE', #2122 ) ;
#687 = CC_DESIGN_PERSON_AND_ORGANIZATION_ASSIGNMENT ( #376, #1023, ( #1198 ) ) ;
#688 = CARTESIAN_POINT ( 'NONE',  ( -3.015625000000000444, 0.1195999999999999980, -1.148106374200637546E-17 ) ) ;
#689 = LINE ( 'NONE', #2725, #1777 ) ;
#690 = VECTOR ( 'NONE', #100, 39.37007874015748143 ) ;
#691 = ORIENTED_EDGE ( 'NONE', *, *, #935, .F. ) ;
#692 = FACE_BOUND ( 'NONE', #2370, .T. ) ;
#693 = ORIENTED_EDGE ( 'NONE', *, *, #2568, .T. ) ;
#694 = DIRECTION ( 'NONE',  ( 0.3355903575378417769, -0.9420080211588559571, 0.000000000000000000 ) ) ;
#695 = AXIS2_PLACEMENT_3D ( 'NONE', #1238, #1072, #1504 ) ;
#696 = ORIENTED_EDGE ( 'NONE', *, *, #1226, .T. ) ;
#697 = CARTESIAN_POINT ( 'NONE',  ( -3.136913426159114504, 0.01959999999999948936, 0.5319902675253073143 ) ) ;
#698 = CARTESIAN_POINT ( 'NONE',  ( 3.110937499999998135, 0.007914270583452811397, 0.7122269373797077696 ) ) ;
#699 = ORIENTED_EDGE ( 'NONE', *, *, #1267, .F. ) ;
#700 = PRODUCT_DEFINITION_SHAPE ( 'NONE', 'NONE',  #113 ) ;
#701 = DATE_AND_TIME ( #206, #2531 ) ;
#702 = DIRECTION ( 'NONE',  ( -0.000000000000000000, -0.000000000000000000, 1.000000000000000000 ) ) ;
#703 = DIRECTION ( 'NONE',  ( 1.000000000000000000, 0.000000000000000000, 0.000000000000000000 ) ) ;
#704 = CALENDAR_DATE ( 2026, 8, 7 ) ;
#705 = ORIENTED_EDGE ( 'NONE', *, *, #572, .T. ) ;
#706 = DIRECTION ( 'NONE',  ( 0.000000000000000000, 1.000000000000000000, -0.000000000000000000 ) ) ;
#707 = CC_DESIGN_PERSON_AND_ORGANIZATION_ASSIGNMENT ( #2781, #78, ( #1007 ) ) ;
#708 = ORIENTED_EDGE ( 'NONE', *, *, #2251, .T. ) ;
#709 = CARTESIAN_POINT ( 'NONE',  ( 1.992142940765929682, -1.714297589384460085, 0.6406250000000043299 ) ) ;
#710 = EDGE_CURVE ( 'NONE', #2908, #2044, #922, .T. ) ;
#711 = CARTESIAN_POINT ( 'NONE',  ( -1.992142940765929682, -1.714297589384460530, 0.6406250000000056621 ) ) ;
#712 = ADVANCED_FACE ( 'NONE', ( #2591 ), #2366, .T. ) ;
#713 = ORIENTED_EDGE ( 'NONE', *, *, #1994, .T. ) ;
#714 = APPROVAL_DATE_TIME ( #2795, #241 ) ;
#715 = CARTESIAN_POINT ( 'NONE',  ( 2.264843749999999822, -2.479550691788949379, 0.7894273521903188984 ) ) ;
#716 = CARTESIAN_POINT ( 'NONE',  ( 3.097967622892034090, -0.09713762061560644867, 0.6406249999999996669 ) ) ;
#717 = CARTESIAN_POINT ( 'NONE',  ( -3.140625000000000000, 0.01959999999999951711, 0.5156250000000000000 ) ) ;
#718 = EDGE_CURVE ( 'NONE', #1570, #988, #2829, .T. ) ;
#719 = EDGE_LOOP ( 'NONE', ( #722, #876, #612, #2030 ) ) ;
#720 = DIRECTION ( 'NONE',  ( -6.070773319253918263E-17, -3.502456781877057751E-15, -1.000000000000000000 ) ) ;
#721 = VECTOR ( 'NONE', #304, 39.37007874015748854 ) ;
#722 = ORIENTED_EDGE ( 'NONE', *, *, #344, .T. ) ;
#723 = EDGE_CURVE ( 'NONE', #2372, #1128, #2809, .T. ) ;
#724 = B_SPLINE_CURVE_WITH_KNOTS ( 'NONE', 3,
 ( #275, #559, #2103, #2130, #60, #318, #971, #993, #1881, #1421, #2788, #518, #1222, #1461 ),
 .UNSPECIFIED., .F., .F.,
 ( 4, 2, 2, 2, 2, 2, 4 ),
 ( 5.204170427930420513E-18, 0.001265703566677429557, 0.002531407133354853910, 0.003164258916693570532, 0.003797110700032287588, 0.004429962483371003776, 0.005062814266709720831 ),
 .UNSPECIFIED. ) ;
#725 = DIRECTION ( 'NONE',  ( 1.000000000000000000, 0.000000000000000000, 0.000000000000000000 ) ) ;
#726 = CARTESIAN_POINT ( 'NONE',  ( 1.937499999999999778, -2.505399999999998961, 1.247514763779535407 ) ) ;
#727 = LOCAL_TIME ( 11, 24, 19.00000000000000000, #743 ) ;
#728 = VECTOR ( 'NONE', #2508, 39.37007874015748143 ) ;
#729 = EDGE_LOOP ( 'NONE', ( #1768, #1133, #1709, #1178 ) ) ;
#730 = AXIS2_PLACEMENT_3D ( 'NONE', #2555, #2604, #512 ) ;
#731 = CIRCLE ( 'NONE', #2388, 0.2500000000000000555 ) ;
#732 = DIRECTION ( 'NONE',  ( 0.000000000000000000, 0.000000000000000000, -1.000000000000000000 ) ) ;
#733 = ORIENTED_EDGE ( 'NONE', *, *, #2361, .F. ) ;
#734 = DATE_TIME_ROLE ( 'classification_date' ) ;
#735 = CARTESIAN_POINT ( 'NONE',  ( 1.937499999999999778, -2.605399999999999050, 1.483735236220480980 ) ) ;
#736 = DIRECTION ( 'NONE',  ( 6.070773319253918263E-17, 3.502456781877057751E-15, 1.000000000000000000 ) ) ;
#737 = CARTESIAN_POINT ( 'NONE',  ( 2.780728898748657141, -0.9906346701792058118, 0.7406250000000028644 ) ) ;
#738 = CARTESIAN_POINT ( 'NONE',  ( -2.284127584866546989, -2.388653102425670749, 0.7406250000000087486 ) ) ;
#739 = CARTESIAN_POINT ( 'NONE',  ( -3.096093749999999201, -0.1054000000000001880, 0.6406250000000077716 ) ) ;
#740 = VECTOR ( 'NONE', #2629, 39.37007874015748143 ) ;
#741 = ORIENTED_EDGE ( 'NONE', *, *, #1152, .T. ) ;
#742 = ORIENTED_EDGE ( 'NONE', *, *, #2040, .F. ) ;
#743 = COORDINATED_UNIVERSAL_TIME_OFFSET ( 6, 0, .BEHIND. ) ;
#744 = CARTESIAN_POINT ( 'NONE',  ( -3.140624999999999112, 0.1195999999999999980, 0.4062500000000001665 ) ) ;
#745 = ADVANCED_FACE ( 'NONE', ( #1189 ), #2109, .F. ) ;
#746 = CARTESIAN_POINT ( 'NONE',  ( -1.332291259447422993, -0.8554000000000002712, -0.2500000000000009992 ) ) ;
#747 = DIRECTION ( 'NONE',  ( 0.000000000000000000, 1.000000000000000000, -3.278217592397115073E-15 ) ) ;
#748 = DIRECTION ( 'NONE',  ( -6.662942673733950341E-34, 1.000000000000000000, -1.097544303392439621E-17 ) ) ;
#749 = DIRECTION ( 'NONE',  ( 0.000000000000000000, 0.000000000000000000, -1.000000000000000000 ) ) ;
#750 = EDGE_CURVE ( 'NONE', #2261, #2624, #1579, .T. ) ;
#751 = FACE_OUTER_BOUND ( 'NONE', #2905, .T. ) ;
#752 = EDGE_CURVE ( 'NONE', #296, #2494, #631, .T. ) ;
#753 = VERTEX_POINT ( 'NONE', #150 ) ;
#754 = SECURITY_CLASSIFICATION_LEVEL ( 'unclassified' ) ;
#755 = CC_DESIGN_DATE_AND_TIME_ASSIGNMENT ( #326, #2832, ( #1198 ) ) ;
#756 = VERTEX_POINT ( 'NONE', #2857 ) ;
#757 = CARTESIAN_POINT ( 'NONE',  ( 2.032734685476215386, -0.8553999999999989390, -0.2500000000000009992 ) ) ;
#758 = LINE ( 'NONE', #1642, #2161 ) ;
#759 = CARTESIAN_POINT ( 'NONE',  ( -2.277462089481760543, -2.459690551130969016, 0.6549300843509683334 ) ) ;
#760 = CARTESIAN_POINT ( 'NONE',  ( -1.082291259447422993, -0.8554000000000002712, 0.6406250000000026645 ) ) ;
#761 = VECTOR ( 'NONE', #315, 39.37007874015748143 ) ;
#762 = LINE ( 'NONE', #1871, #488 ) ;
#763 = DIRECTION ( 'NONE',  ( -0.000000000000000000, -1.000000000000000000, -0.000000000000000000 ) ) ;
#764 = DIRECTION ( 'NONE',  ( -0.000000000000000000, -0.000000000000000000, 1.000000000000000000 ) ) ;
#765 = VERTEX_POINT ( 'NONE', #1744 ) ;
#766 = ORIENTED_EDGE ( 'NONE', *, *, #2415, .F. ) ;
#767 = CC_DESIGN_APPROVAL ( #652, ( #961 ) ) ;
#768 = AXIS2_PLACEMENT_3D ( 'NONE', #2565, #1034, #2779 ) ;
#769 = CC_DESIGN_DATE_AND_TIME_ASSIGNMENT ( #37, #281, ( #1523 ) ) ;
#770 = DIRECTION ( 'NONE',  ( -0.000000000000000000, -1.000000000000000000, 0.000000000000000000 ) ) ;
#771 = DIRECTION ( 'NONE',  ( 0.000000000000000000, 0.000000000000000000, -1.000000000000000000 ) ) ;
#772 = FACE_OUTER_BOUND ( 'NONE', #1260, .T. ) ;
#773 = AXIS2_PLACEMENT_3D ( 'NONE', #228, #255, #665 ) ;
#774 = DIRECTION ( 'NONE',  ( -1.000000000000000000, 0.000000000000000000, 0.000000000000000000 ) ) ;
#775 = CYLINDRICAL_SURFACE ( 'NONE', #1685, 0.1249999999999999029 ) ;
#776 = DIRECTION ( 'NONE',  ( 0.000000000000000000, 1.000000000000000000, -3.278217592397115073E-15 ) ) ;
#777 = CARTESIAN_POINT ( 'NONE',  ( 2.255937499999999929, -2.501162872180103136, 0.8331708798183011799 ) ) ;
#778 = ORIENTED_EDGE ( 'NONE', *, *, #2904, .T. ) ;
#779 = CIRCLE ( 'NONE', #644, 0.3125000000000000000 ) ;
#780 = DIRECTION ( 'NONE',  ( 0.000000000000000000, 0.000000000000000000, 1.000000000000000000 ) ) ;
#781 = VECTOR ( 'NONE', #1039, 39.37007874015748143 ) ;
#782 = VERTEX_POINT ( 'NONE', #408 ) ;
#783 = CARTESIAN_POINT ( 'NONE',  ( 3.096093749999998312, -0.1053999999999996745, 0.7416249999999996456 ) ) ;
#784 = LINE ( 'NONE', #1431, #1867 ) ;
#785 = EDGE_CURVE ( 'NONE', #1486, #1206, #2402, .T. ) ;
#786 = CARTESIAN_POINT ( 'NONE',  ( -3.203124999999999556, 0.01959999999999999243, 0.4321383476483187103 ) ) ;
#787 = CYLINDRICAL_SURFACE ( 'NONE', #1224, 0.2500000000000000555 ) ;
#788 = CARTESIAN_POINT ( 'NONE',  ( -3.296875000000000000, 0.1195999999999999980, 1.652950590382291866E-16 ) ) ;
#789 = DIRECTION ( 'NONE',  ( 1.000000000000000000, 0.000000000000000000, -0.000000000000000000 ) ) ;
#790 = DIRECTION ( 'NONE',  ( -6.662942673733950341E-34, 1.000000000000000000, -1.097544303392439467E-17 ) ) ;
#791 = CARTESIAN_POINT ( 'NONE',  ( 1.937499999999999778, -2.505399999999998961, 1.483735236220480980 ) ) ;
#792 = EDGE_CURVE ( 'NONE', #2023, #2171, #2019, .T. ) ;
#793 = EDGE_LOOP ( 'NONE', ( #857, #2656, #2202, #1556 ) ) ;
#794 = LENGTH_MEASURE_WITH_UNIT ( LENGTH_MEASURE( 0.02539999999999999897 ), #2847 );
#795 = ORIENTED_EDGE ( 'NONE', *, *, #1979, .F. ) ;
#796 = VERTEX_POINT ( 'NONE', #2621 ) ;
#797 = CARTESIAN_POINT ( 'NONE',  ( -2.273750000000000160, -2.443352372546361728, 0.7564017014557264940 ) ) ;
#798 = DIRECTION ( 'NONE',  ( 0.000000000000000000, 1.000000000000000000, 0.000000000000000000 ) ) ;
#799 = FACE_OUTER_BOUND ( 'NONE', #212, .T. ) ;
#800 = CARTESIAN_POINT ( 'NONE',  ( -1.662282886008527472, -2.605399999999999494, 1.513651315789482421 ) ) ;
#801 = CARTESIAN_POINT ( 'NONE',  ( -2.261875000000000746, -2.577875723768061622, 0.7518071104361856438 ) ) ;
#802 = ORIENTED_EDGE ( 'NONE', *, *, #1313, .F. ) ;
#803 = CARTESIAN_POINT ( 'NONE',  ( 1.937499999999999778, -2.505399999999998961, 1.365625000000008082 ) ) ;
#804 = DIRECTION ( 'NONE',  ( 0.000000000000000000, 0.000000000000000000, 1.000000000000000000 ) ) ;
#805 = DIRECTION ( 'NONE',  ( -6.662942673733950341E-34, 1.000000000000000000, -1.097544303392439467E-17 ) ) ;
#806 = EDGE_CURVE ( 'NONE', #2496, #1315, #359, .T. ) ;
#807 = PLANE ( 'NONE',  #1390 ) ;
#808 = ORIENTED_EDGE ( 'NONE', *, *, #2640, .T. ) ;
#809 = ORIENTED_EDGE ( 'NONE', *, *, #2894, .T. ) ;
#810 = CYLINDRICAL_SURFACE ( 'NONE', #1232, 0.6375000000000000666 ) ;
#812 = FACE_BOUND ( 'NONE', #363, .T. ) ;
#811 = PRODUCT_DEFINITION_FORMATION_WITH_SPECIFIED_SOURCE ( 'ANY', '', #2009, .NOT_KNOWN. ) ;
#813 = AXIS2_PLACEMENT_3D ( 'NONE', #2666, #805, #2212 ) ;
#814 = LINE ( 'NONE', #1040, #740 ) ;
#815 = LOCAL_TIME ( 11, 24, 19.00000000000000000, #2754 ) ;
#816 = AXIS2_PLACEMENT_3D ( 'NONE', #1638, #504, #1405 ) ;
#817 = CARTESIAN_POINT ( 'NONE',  ( -2.285625000000000462, -2.380400000000000293, 0.6396250000000086589 ) ) ;
#818 = ORIENTED_EDGE ( 'NONE', *, *, #295, .T. ) ;
#819 = FACE_OUTER_BOUND ( 'NONE', #2397, .T. ) ;
#820 = CARTESIAN_POINT ( 'NONE',  ( -1.756640935476216248, -1.880400000000000071, 0.7406249999999995337 ) ) ;
#821 = ORIENTED_EDGE ( 'NONE', *, *, #1361, .F. ) ;
#822 = AXIS2_PLACEMENT_3D ( 'NONE', #1413, #763, #2170 ) ;
#823 = VERTEX_POINT ( 'NONE', #609 ) ;
#824 = CARTESIAN_POINT ( 'NONE',  ( -3.136900468662834118, 0.1181426900778597550, 0.5451849344605164127 ) ) ;
#825 = APPROVAL ( #2356, 'UNKNOWN' ) ;
#826 = EDGE_LOOP ( 'NONE', ( #2054, #2831, #2437, #300 ) ) ;
#827 = LINE ( 'NONE', #1219, #92 ) ;
#828 = AXIS2_PLACEMENT_3D ( 'NONE', #27, #2460, #674 ) ;
#829 = AXIS2_PLACEMENT_3D ( 'NONE', #1632, #2524, #481 ) ;
#830 = CARTESIAN_POINT ( 'NONE',  ( 2.032734685476215386, -0.8553999999999989390, -0.2500000000000009992 ) ) ;
#831 = DIRECTION ( 'NONE',  ( -6.662942673733950341E-34, 1.000000000000000000, -1.097544303392439467E-17 ) ) ;
#832 = ADVANCED_FACE ( 'NONE', ( #2652 ), #855, .T. ) ;
#833 = DIRECTION ( 'NONE',  ( 0.000000000000000000, 0.000000000000000000, 1.000000000000000000 ) ) ;
#834 = CARTESIAN_POINT ( 'NONE',  ( -2.260402753622460015, -2.582250236398296650, 0.7659469264041127712 ) ) ;
#835 = VERTEX_POINT ( 'NONE', #1511 ) ;
#836 = DIRECTION ( 'NONE',  ( 0.000000000000000000, 0.000000000000000000, -1.000000000000000000 ) ) ;
#837 = EDGE_CURVE ( 'NONE', #1415, #2687, #2467, .T. ) ;
#838 = EDGE_CURVE ( 'NONE', #892, #2023, #2200, .T. ) ;
#839 = CARTESIAN_POINT ( 'NONE',  ( 1.332291259447422549, -1.630399999999999849, 0.6406250000000051070 ) ) ;
#840 = CARTESIAN_POINT ( 'NONE',  ( -3.140624999999999112, 0.1195999999999999980, 0.4062500000000001665 ) ) ;
#841 = ORIENTED_EDGE ( 'NONE', *, *, #346, .F. ) ;
#842 = ORIENTED_EDGE ( 'NONE', *, *, #884, .T. ) ;
#843 = CARTESIAN_POINT ( 'NONE',  ( -3.096093749999999645, -0.1054000000000003684, 0.7406250000000000888 ) ) ;
#844 = EDGE_CURVE ( 'NONE', #2624, #2087, #1385, .T. ) ;
#845 = ADVANCED_FACE ( 'NONE', ( #2228 ), #372, .T. ) ;
#846 = ORIENTED_EDGE ( 'NONE', *, *, #2633, .T. ) ;
#847 = CARTESIAN_POINT ( 'NONE',  ( 3.099805323840883808, -0.08903473247469191609, 0.6406249999999996669 ) ) ;
#848 = EDGE_CURVE ( 'NONE', #2944, #626, #182, .T. ) ;
#849 = DIRECTION ( 'NONE',  ( 1.000000000000000000, -6.662942673733952051E-34, -1.214154663850783899E-16 ) ) ;
#850 = DIRECTION ( 'NONE',  ( -0.000000000000000000, 0.000000000000000000, -1.000000000000000000 ) ) ;
#851 = CARTESIAN_POINT ( 'NONE',  ( 3.015625000000000444, 0.1195999999999999980, 0.000000000000000000 ) ) ;
#852 = CARTESIAN_POINT ( 'NONE',  ( -2.270781250000000639, -2.518673011994355448, 0.6856999604604184784 ) ) ;
#853 = ORIENTED_EDGE ( 'NONE', *, *, #2810, .F. ) ;
#854 = CARTESIAN_POINT ( 'NONE',  ( -2.834783748502118783, 0.1195999999999999980, -0.1323529411764702013 ) ) ;
#855 = PLANE ( 'NONE',  #102 ) ;
#856 = VERTEX_POINT ( 'NONE', #1276 ) ;
#857 = ORIENTED_EDGE ( 'NONE', *, *, #2514, .F. ) ;
#858 = CARTESIAN_POINT ( 'NONE',  ( -3.140625000000000000, 0.1195999999999995400, 0.5156250000000002220 ) ) ;
#859 = ORIENTED_EDGE ( 'NONE', *, *, #566, .F. ) ;
#860 = VECTOR ( 'NONE', #1793, 39.37007874015748143 ) ;
#861 = CARTESIAN_POINT ( 'NONE',  ( 3.103515624999998224, -0.07294587981829241119, 0.6363878721801040639 ) ) ;
#862 = CARTESIAN_POINT ( 'NONE',  ( 3.134143530972358427, 0.1138617491207713078, 0.5666440136984444154 ) ) ;
#863 = CARTESIAN_POINT ( 'NONE',  ( 3.015625000000000444, 0.1195999999999999980, -0.1181102362204724116 ) ) ;
#864 = CARTESIAN_POINT ( 'NONE',  ( 2.249999999999999556, -2.605399999999999050, 1.365625000000008082 ) ) ;
#865 = CC_DESIGN_DATE_AND_TIME_ASSIGNMENT ( #250, #516, ( #113 ) ) ;
#866 = DIRECTION ( 'NONE',  ( -1.000000000000000000, 9.750423418036215341E-16, 0.000000000000000000 ) ) ;
#867 = APPROVAL_PERSON_ORGANIZATION ( #1082, #652, #1573 ) ;
#868 = CARTESIAN_POINT ( 'NONE',  ( -2.261875000000000746, -2.577001937379706842, 0.7523107294165565229 ) ) ;
#869 = CARTESIAN_POINT ( 'NONE',  ( 2.032734685476215386, -0.6053999999999989390, 0.6406250000000015543 ) ) ;
#870 = AXIS2_PLACEMENT_3D ( 'NONE', #1507, #2178, #2663 ) ;
#871 = LOCAL_TIME ( 11, 24, 19.00000000000000000, #1193 ) ;
#872 = AXIS2_PLACEMENT_3D ( 'NONE', #2844, #1498, #1326 ) ;
#873 = DIRECTION ( 'NONE',  ( -0.000000000000000000, -0.000000000000000000, 1.000000000000000000 ) ) ;
#874 = CIRCLE ( 'NONE', #1720, 0.2499999999999998612 ) ;
#875 = ORIENTED_EDGE ( 'NONE', *, *, #1184, .F. ) ;
#876 = ORIENTED_EDGE ( 'NONE', *, *, #2891, .T. ) ;
#877 = CARTESIAN_POINT ( 'NONE',  ( -3.114648437499999201, 0.03348755871433038711, 0.6963497063819883426 ) ) ;
#878 = ORIENTED_EDGE ( 'NONE', *, *, #2037, .F. ) ;
#879 = CIRCLE ( 'NONE', #2072, 1.137499999999999734 ) ;
#880 = CARTESIAN_POINT ( 'NONE',  ( -3.140625000000000000, 0.01959999999999951711, 0.5156250000000000000 ) ) ;
#881 = CARTESIAN_POINT ( 'NONE',  ( -9.163073478748884727E-17, -1.242900000000000338, -0.2500000000000009992 ) ) ;
#882 = CARTESIAN_POINT ( 'NONE',  ( 2.273750000000000160, -2.493714270583451853, 0.6690230626203008679 ) ) ;
#883 = FACE_BOUND ( 'NONE', #1367, .T. ) ;
#884 = EDGE_CURVE ( 'NONE', #1168, #1037, #2387, .T. ) ;
#885 = LINE ( 'NONE', #1711, #285 ) ;
#886 = CIRCLE ( 'NONE', #591, 0.1181102362204724116 ) ;
#887 = ORIENTED_EDGE ( 'NONE', *, *, #393, .T. ) ;
#888 = CARTESIAN_POINT ( 'NONE',  ( -1.937499999999999778, -2.605399999999999050, 1.365625000000008527 ) ) ;
#889 = EDGE_CURVE ( 'NONE', #1006, #2833, #2450, .T. ) ;
#890 = ORIENTED_EDGE ( 'NONE', *, *, #884, .F. ) ;
#891 = CARTESIAN_POINT ( 'NONE',  ( 1.332291259447422105, -0.8553999999999998272, 0.7406249999999995337 ) ) ;
#892 = VERTEX_POINT ( 'NONE', #1784 ) ;
#893 = ORIENTED_EDGE ( 'NONE', *, *, #1218, .T. ) ;
#894 = PLANE ( 'NONE',  #2117 ) ;
#895 = EDGE_CURVE ( 'NONE', #1277, #1296, #2151, .T. ) ;
#896 = ORIENTED_EDGE ( 'NONE', *, *, #396, .T. ) ;
#897 = SECURITY_CLASSIFICATION_LEVEL ( 'unclassified' ) ;
#898 = FACE_OUTER_BOUND ( 'NONE', #389, .T. ) ;
#899 = DIRECTION ( 'NONE',  ( 0.000000000000000000, 1.000000000000000000, 0.000000000000000000 ) ) ;
#900 = DIRECTION ( 'NONE',  ( 0.000000000000000000, -1.000000000000000000, 0.000000000000000000 ) ) ;
#901 =( NAMED_UNIT ( * ) SI_UNIT ( $, .STERADIAN. ) SOLID_ANGLE_UNIT ( ) );
#902 = VERTEX_POINT ( 'NONE', #2242 ) ;
#903 = DIRECTION ( 'NONE',  ( 0.000000000000000000, 0.000000000000000000, 1.000000000000000000 ) ) ;
#904 = ORIENTED_EDGE ( 'NONE', *, *, #2271, .F. ) ;
#905 = CARTESIAN_POINT ( 'NONE',  ( -2.834783748502118783, 0.1195999999999999980, -0.1323529411764702013 ) ) ;
#906 = ORIENTED_EDGE ( 'NONE', *, *, #837, .T. ) ;
#907 = CARTESIAN_POINT ( 'NONE',  ( 3.203124999999999112, 0.1195999999999999980, 0.4321383476483182107 ) ) ;
#908 = EDGE_CURVE ( 'NONE', #2004, #1797, #651, .T. ) ;
#909 = EDGE_CURVE ( 'NONE', #1115, #95, #1154, .T. ) ;
#910 = ORIENTED_EDGE ( 'NONE', *, *, #266, .T. ) ;
#911 = MECHANICAL_CONTEXT ( 'NONE', #2537, 'mechanical' ) ;
#912 = DIRECTION ( 'NONE',  ( 0.000000000000000000, 0.000000000000000000, 1.000000000000000000 ) ) ;
#913 = LINE ( 'NONE', #449, #2108 ) ;
#914 = DIRECTION ( 'NONE',  ( 6.662942673733950341E-34, -1.000000000000000000, 6.123233995736766036E-17 ) ) ;
#915 = PERSON_AND_ORGANIZATION_ROLE ( 'classification_officer' ) ;
#916 = ORIENTED_EDGE ( 'NONE', *, *, #2204, .T. ) ;
#917 = LINE ( 'NONE', #1566, #5 ) ;
#918 = ORIENTED_EDGE ( 'NONE', *, *, #1814, .F. ) ;
#919 = AXIS2_PLACEMENT_3D ( 'NONE', #981, #1195, #2114 ) ;
#920 = DIRECTION ( 'NONE',  ( -1.000000000000000000, -0.000000000000000000, 2.731847993664277517E-16 ) ) ;
#921 = ORGANIZATION ( 'UNSPECIFIED', 'UNSPECIFIED', '' ) ;
#922 = CIRCLE ( 'NONE', #2105, 0.2500000000000000555 ) ;
#923 = VERTEX_POINT ( 'NONE', #1485 ) ;
#924 = CARTESIAN_POINT ( 'NONE',  ( 1.992142940765929682, -1.714297589384460085, -0.2500000000000009992 ) ) ;
#925 = AXIS2_PLACEMENT_3D ( 'NONE', #1336, #174, #1965 ) ;
#926 = EDGE_LOOP ( 'NONE', ( #2126, #69, #1940, #2804 ) ) ;
#927 = CARTESIAN_POINT ( 'NONE',  ( 3.078125000000000000, 0.1195999999999999980, -1.148106374200637546E-17 ) ) ;
#928 = FACE_OUTER_BOUND ( 'NONE', #220, .T. ) ;
#929 = CARTESIAN_POINT ( 'NONE',  ( 2.249999999999999556, -2.505399999999998961, 0.8656250000000081934 ) ) ;
#930 = VERTEX_POINT ( 'NONE', #1955 ) ;
#931 = DIRECTION ( 'NONE',  ( 0.000000000000000000, 0.000000000000000000, 1.000000000000000000 ) ) ;
#932 = ADVANCED_FACE ( 'NONE', ( #1674 ), #2342, .F. ) ;
#933 = VECTOR ( 'NONE', #1896, 39.37007874015748143 ) ;
#934 = ORIENTED_EDGE ( 'NONE', *, *, #1096, .T. ) ;
#935 = EDGE_CURVE ( 'NONE', #30, #835, #1440, .T. ) ;
#936 = DIRECTION ( 'NONE',  ( 0.000000000000000000, 1.000000000000000000, -3.278217592397111523E-15 ) ) ;
#937 = CIRCLE ( 'NONE', #543, 0.1181102362204724116 ) ;
#938 = CARTESIAN_POINT ( 'NONE',  ( -3.136913426384094095, 0.01858999999999948888, 0.5318580343781148523 ) ) ;
#939 = CARTESIAN_POINT ( 'NONE',  ( -2.268236690765929708, -0.9392975893844600632, -0.2500000000000009992 ) ) ;
#940 = ORIENTED_EDGE ( 'NONE', *, *, #1372, .T. ) ;
#941 = EDGE_CURVE ( 'NONE', #1570, #2835, #2299, .T. ) ;
#942 = PERSON_AND_ORGANIZATION_ROLE ( 'classification_officer' ) ;
#943 = CARTESIAN_POINT ( 'NONE',  ( 2.261874999999999858, -2.488740774292043323, 0.8031812826238207137 ) ) ;
#944 = CARTESIAN_POINT ( 'NONE',  ( 3.136877254222175448, 0.01960000000000039488, 0.5321497587412383767 ) ) ;
#945 = PERSON_AND_ORGANIZATION_ROLE ( 'design_supplier' ) ;
#946 = EDGE_CURVE ( 'NONE', #1296, #2297, #1240, .T. ) ;
#947 = ORIENTED_EDGE ( 'NONE', *, *, #2298, .T. ) ;
#948 = FACE_OUTER_BOUND ( 'NONE', #826, .T. ) ;
#949 = ORIENTED_EDGE ( 'NONE', *, *, #2794, .F. ) ;
#950 = CARTESIAN_POINT ( 'NONE',  ( -3.114648437499999201, -0.02920235219031070556, 0.6147756917889499739 ) ) ;
#951 = CARTESIAN_POINT ( 'NONE',  ( 3.103515624999998224, -0.04650672601916157334, 0.7347688522503705855 ) ) ;
#952 = ORIENTED_EDGE ( 'NONE', *, *, #1322, .F. ) ;
#953 = DIRECTION ( 'NONE',  ( 0.000000000000000000, 0.000000000000000000, 1.000000000000000000 ) ) ;
#954 = CARTESIAN_POINT ( 'NONE',  ( 2.596181090567001970, 0.01959999999999999243, -0.2812500000000009437 ) ) ;
#955 = APPROVAL ( #2549, 'UNSPECIFIED' ) ;
#956 = AXIS2_PLACEMENT_3D ( 'NONE', #881, #447, #1117 ) ;
#957 = CARTESIAN_POINT ( 'NONE',  ( 3.296875000000000000, 0.1195999999999999980, 0.2241116523516816506 ) ) ;
#958 = FACE_OUTER_BOUND ( 'NONE', #2780, .T. ) ;
#959 = CARTESIAN_POINT ( 'NONE',  ( 3.158930826175839979, 0.01959999999999999243, 0.3879441738241587445 ) ) ;
#960 = LINE ( 'NONE', #2043, #1875 ) ;
#961 = SECURITY_CLASSIFICATION ( '', '', #616 ) ;
#962 = AXIS2_PLACEMENT_3D ( 'NONE', #954, #59, #771 ) ;
#963 = ORIENTED_EDGE ( 'NONE', *, *, #2029, .T. ) ;
#964 = VECTOR ( 'NONE', #1412, 39.37007874015748143 ) ;
#965 = CALENDAR_DATE ( 2026, 8, 7 ) ;
#966 = EDGE_CURVE ( 'NONE', #232, #236, #89, .T. ) ;
#967 = PLANE ( 'NONE',  #2493 ) ;
#968 = APPROVAL_ROLE ( '' ) ;
#969 = CARTESIAN_POINT ( 'NONE',  ( -2.032734685476215830, -0.8553999999999996051, -0.2500000000000009992 ) ) ;
#970 = AXIS2_PLACEMENT_3D ( 'NONE', #1028, #1951, #1055 ) ;
#971 = CARTESIAN_POINT ( 'NONE',  ( -3.122034936302987784, -0.006108386632780599991, 0.5919971012307086999 ) ) ;
#972 = ADVANCED_FACE ( 'NONE', ( #2792 ), #998, .F. ) ;
#973 = ADVANCED_FACE ( 'NONE', ( #751 ), #986, .T. ) ;
#974 = CARTESIAN_POINT ( 'NONE',  ( -2.270802830880201739, -2.456553572806086994, 0.7661655690323009305 ) ) ;
#975 = CARTESIAN_POINT ( 'NONE',  ( 3.234375000000000000, 0.1195999999999999980, 0.2241116523516816506 ) ) ;
#976 = DIRECTION ( 'NONE',  ( -0.000000000000000000, -0.000000000000000000, 1.000000000000000000 ) ) ;
#977 = VECTOR ( 'NONE', #392, 39.37007874015748143 ) ;
#978 = ORIENTED_EDGE ( 'NONE', *, *, #2328, .F. ) ;
#979 = APPROVAL_ROLE ( '' ) ;
#980 = EDGE_LOOP ( 'NONE', ( #1469, #119, #349, #2417 ) ) ;
#981 = CARTESIAN_POINT ( 'NONE',  ( 3.046875000000000444, 0.1195999999999999980, -1.119403714845627541E-15 ) ) ;
#982 = LINE ( 'NONE', #1907, #1535 ) ;
#983 = CARTESIAN_POINT ( 'NONE',  ( -2.279700576804225332, -2.438543376132806362, 0.6481421319589274477 ) ) ;
#984 = CARTESIAN_POINT ( 'NONE',  ( 1.662282886008527472, -2.605399999999999050, 1.513651315789481977 ) ) ;
#985 = DIRECTION ( 'NONE',  ( -6.070773319253918263E-17, -3.502456781877057751E-15, -1.000000000000000000 ) ) ;
#986 = PLANE ( 'NONE',  #2581 ) ;
#987 = CARTESIAN_POINT ( 'NONE',  ( 3.015625000000000444, 0.01959999999999999243, -0.1181102362204724116 ) ) ;
#988 = VERTEX_POINT ( 'NONE', #791 ) ;
#989 = EDGE_CURVE ( 'NONE', #152, #1973, #2124, .T. ) ;
#990 = DATE_TIME_ROLE ( 'classification_date' ) ;
#991 = VERTEX_POINT ( 'NONE', #2845 ) ;
#992 = CARTESIAN_POINT ( 'NONE',  ( -1.756640935476216248, -1.880400000000000071, -0.2500000000000009992 ) ) ;
#993 = CARTESIAN_POINT ( 'NONE',  ( -3.125734302049540503, 0.002973895367302357637, 0.5784471388873062558 ) ) ;
#994 = CARTESIAN_POINT ( 'NONE',  ( -2.284127556065854048, -2.395255870092667827, 0.6406250000000086597 ) ) ;
#995 = LINE ( 'NONE', #2564, #400 ) ;
#996 = CIRCLE ( 'NONE', #2910, 0.2500000000000000555 ) ;
#997 = DIRECTION ( 'NONE',  ( 0.000000000000000000, 0.000000000000000000, 1.000000000000000000 ) ) ;
#998 = CYLINDRICAL_SURFACE ( 'NONE', #2683, 0.2812499999999998335 ) ;
#999 = LINE ( 'NONE', #1441, #1200 ) ;
#1000 = EDGE_CURVE ( 'NONE', #2465, #515, #1928, .T. ) ;
#1001 = EDGE_LOOP ( 'NONE', ( #2594, #224, #2155, #2286 ) ) ;
#1002 = APPROVAL_PERSON_ORGANIZATION ( #489, #241, #979 ) ;
#1003 = PERSON_AND_ORGANIZATION ( #2667, #921 ) ;
#1004 = CIRCLE ( 'NONE', #2436, 0.1181102362204724116 ) ;
#1005 = VECTOR ( 'NONE', #914, 39.37007874015748143 ) ;
#1006 = VERTEX_POINT ( 'NONE', #567 ) ;
#1007 = SECURITY_CLASSIFICATION ( '', '', #1391 ) ;
#1008 = CIRCLE ( 'NONE', #1630, 0.6375000000000000666 ) ;
#1009 = CARTESIAN_POINT ( 'NONE',  ( 3.099805346338875278, -0.07581141775544233963, 0.7416249999999996456 ) ) ;
#1010 = DESIGN_CONTEXT ( 'detailed design', #1985, 'design' ) ;
#1011 = LINE ( 'NONE', #1919, #1927 ) ;
#1012 = CYLINDRICAL_SURFACE ( 'NONE', #1787, 0.2500000000000000555 ) ;
#1013 = AXIS2_PLACEMENT_3D ( 'NONE', #2579, #343, #2814 ) ;
#1014 = ADVANCED_FACE ( 'NONE', ( #1468 ), #807, .F. ) ;
#1015 = PLANE ( 'NONE',  #2821 ) ;
#1016 = CARTESIAN_POINT ( 'NONE',  ( -3.234375000000000888, 0.01959999999999999243, 0.2241116523516817061 ) ) ;
#1017 = EDGE_CURVE ( 'NONE', #2846, #930, #109, .T. ) ;
#1018 = DIRECTION ( 'NONE',  ( -0.000000000000000000, -0.000000000000000000, 1.000000000000000000 ) ) ;
#1019 = CARTESIAN_POINT ( 'NONE',  ( 2.285625000000000018, -2.380399999999999405, 0.7416350000000085929 ) ) ;
#1020 = ORIENTED_EDGE ( 'NONE', *, *, #710, .T. ) ;
#1021 = AXIS2_PLACEMENT_3D ( 'NONE', #340, #748, #2778 ) ;
#1022 = CIRCLE ( 'NONE', #2693, 0.1181102362204728279 ) ;
#1023 = PERSON_AND_ORGANIZATION_ROLE ( 'creator' ) ;
#1024 = ORIENTED_EDGE ( 'NONE', *, *, #1773, .F. ) ;
#1025 = DIRECTION ( 'NONE',  ( 6.662942673733950341E-34, -1.000000000000000000, 1.097544303392439621E-17 ) ) ;
#1026 = DIRECTION ( 'NONE',  ( -1.000000000000000000, 0.000000000000000000, -4.370956789862821938E-15 ) ) ;
#1027 = EDGE_CURVE ( 'NONE', #988, #2448, #1785, .T. ) ;
#1028 = CARTESIAN_POINT ( 'NONE',  ( 2.285625000000000018, -2.380399999999998961, 0.8656250000000085265 ) ) ;
#1029 = CARTESIAN_POINT ( 'NONE',  ( 2.834783748502118783, 0.1195999999999999980, -0.1323529411764717001 ) ) ;
#1030 = CARTESIAN_POINT ( 'NONE',  ( -2.255968993187260629, -2.598129088830530620, 0.8069820134790832711 ) ) ;
#1031 = ORIENTED_EDGE ( 'NONE', *, *, #2427, .F. ) ;
#1032 = CARTESIAN_POINT ( 'NONE',  ( 3.078125000000000000, 0.1195999999999999980, -0.1181102362204724532 ) ) ;
#1033 = DIRECTION ( 'NONE',  ( 6.662942673733950341E-34, -1.000000000000000000, 0.000000000000000000 ) ) ;
#1034 = DIRECTION ( 'NONE',  ( 0.000000000000000000, 1.000000000000000000, 0.000000000000000000 ) ) ;
#1035 = DIRECTION ( 'NONE',  ( -7.312874775387087899E-51, 1.097544303392439621E-17, 1.000000000000000000 ) ) ;
#1036 = ORIENTED_EDGE ( 'NONE', *, *, #2120, .F. ) ;
#1037 = VERTEX_POINT ( 'NONE', #905 ) ;
#1038 = CARTESIAN_POINT ( 'NONE',  ( -1.756640935476216248, -1.880400000000000071, -0.2500000000000009992 ) ) ;
#1039 = DIRECTION ( 'NONE',  ( 0.000000000000000000, 1.000000000000000000, 0.000000000000000000 ) ) ;
#1040 = CARTESIAN_POINT ( 'NONE',  ( 2.268236690765929708, -0.9392975893844592861, -0.2500000000000009992 ) ) ;
#1041 = DIRECTION ( 'NONE',  ( 0.3355903575378423320, -0.9420080211588557351, 3.278969452403024749E-15 ) ) ;
#1042 = ORIENTED_EDGE ( 'NONE', *, *, #1589, .T. ) ;
#1043 = CARTESIAN_POINT ( 'NONE',  ( 3.140624999999998668, 0.01959999999999999243, 0.4321383476483182107 ) ) ;
#1044 = DIRECTION ( 'NONE',  ( 0.000000000000000000, 1.000000000000000000, 0.000000000000000000 ) ) ;
#1045 = ORIENTED_EDGE ( 'NONE', *, *, #2810, .T. ) ;
#1046 = ORIENTED_EDGE ( 'NONE', *, *, #1773, .T. ) ;
#1047 = CARTESIAN_POINT ( 'NONE',  ( -3.131312960969821368, 0.1080146510398896642, 0.5883827873354305904 ) ) ;
#1048 = ORIENTED_EDGE ( 'NONE', *, *, #1979, .T. ) ;
#1049 = EDGE_CURVE ( 'NONE', #440, #1764, #2540, .T. ) ;
#1050 = CARTESIAN_POINT ( 'NONE',  ( -2.252969268198823816, -2.505399999999998961, 0.8492596821755159509 ) ) ;
#1052 = DIRECTION ( 'NONE',  ( -1.000000000000000000, -0.000000000000000000, 2.731847993664277517E-16 ) ) ;
#1051 = AXIS2_PLACEMENT_3D ( 'NONE', #643, #418, #2714 ) ;
#1053 = FACE_OUTER_BOUND ( 'NONE', #1063, .T. ) ;
#1054 = VECTOR ( 'NONE', #1259, 39.37007874015748143 ) ;
#1055 = DIRECTION ( 'NONE',  ( 0.000000000000000000, -1.000000000000000000, 0.000000000000000000 ) ) ;
#1056 = CIRCLE ( 'NONE', #204, 0.2500000000000000555 ) ;
#1057 = CARTESIAN_POINT ( 'NONE',  ( -2.251497443942259924, -2.605399999999999494, 0.8507691298268597047 ) ) ;
#1058 = ORIENTED_EDGE ( 'NONE', *, *, #2761, .F. ) ;
#1059 = CARTESIAN_POINT ( 'NONE',  ( 3.296875000000000000, 0.01959999999999999243, 1.707404996040164512E-16 ) ) ;
#1060 = ADVANCED_FACE ( 'NONE', ( #1813 ), #2482, .F. ) ;
#1061 = CARTESIAN_POINT ( 'NONE',  ( 3.140624999999998668, 0.01959999999999999243, -0.2812500000000009437 ) ) ;
#1062 = EDGE_CURVE ( 'NONE', #2653, #2465, #2816, .T. ) ;
#1063 = EDGE_LOOP ( 'NONE', ( #1846, #1345, #1112, #2933, #1289, #2454, #1397, #598, #243, #1109, #2313, #1597, #2138, #2717, #178, #202 ) ) ;
#1064 = VECTOR ( 'NONE', #2362, 39.37007874015748854 ) ;
#1065 = VERTEX_POINT ( 'NONE', #2750 ) ;
#1066 = CARTESIAN_POINT ( 'NONE',  ( 2.596181090567001970, 0.01959999999999999243, -9.561467977824920278E-16 ) ) ;
#1067 = EDGE_CURVE ( 'NONE', #2073, #2863, #1136, .T. ) ;
#1068 = ORIENTED_EDGE ( 'NONE', *, *, #2556, .F. ) ;
#1069 = CARTESIAN_POINT ( 'NONE',  ( -2.252969268080905696, -2.504389999999999006, 0.8493919151133820789 ) ) ;
#1070 = AXIS2_PLACEMENT_3D ( 'NONE', #830, #1738, #2646 ) ;
#1071 = AXIS2_PLACEMENT_3D ( 'NONE', #143, #1255, #368 ) ;
#1072 = DIRECTION ( 'NONE',  ( 0.000000000000000000, 1.000000000000000000, 0.000000000000000000 ) ) ;
#1073 = DIRECTION ( 'NONE',  ( 0.000000000000000000, 0.000000000000000000, 1.000000000000000000 ) ) ;
#1074 = CARTESIAN_POINT ( 'NONE',  ( -1.414587483416202662, -2.605399999999999050, 1.646875000000008749 ) ) ;
#1075 = LINE ( 'NONE', #177, #378 ) ;
#1076 = ORIENTED_EDGE ( 'NONE', *, *, #1017, .F. ) ;
#1077 = DIRECTION ( 'NONE',  ( -0.000000000000000000, -0.000000000000000000, 1.000000000000000000 ) ) ;
#1078 = DIRECTION ( 'NONE',  ( -6.070773319253918263E-17, -3.502456781877057751E-15, -1.000000000000000000 ) ) ;
#1079 = ORIENTED_EDGE ( 'NONE', *, *, #908, .T. ) ;
#1080 = EDGE_LOOP ( 'NONE', ( #2263, #808, #2038, #841 ) ) ;
#1081 = CARTESIAN_POINT ( 'NONE',  ( 0.6374999999999999556, -1.242900000000000338, -0.2500000000000009992 ) ) ;
#1082 = PERSON_AND_ORGANIZATION ( #2667, #921 ) ;
#1083 = APPROVAL ( #1099, 'UNSPECIFIED' ) ;
#1084 = ORIENTED_EDGE ( 'NONE', *, *, #490, .T. ) ;
#1085 = CYLINDRICAL_SURFACE ( 'NONE', #1331, 0.2812500000000001665 ) ;
#1086 = CARTESIAN_POINT ( 'NONE',  ( 2.032734685476215386, -0.8553999999999989390, 0.7406249999999995337 ) ) ;
#1087 = LINE ( 'NONE', #2394, #2400 ) ;
#1088 = CARTESIAN_POINT ( 'NONE',  ( -3.203124999999999556, 0.1195999999999999980, 0.4321383476483187103 ) ) ;
#1089 = CARTESIAN_POINT ( 'NONE',  ( 1.937499999999999778, -2.505399999999998961, 1.678125000000008304 ) ) ;
#1090 = VERTEX_POINT ( 'NONE', #2498 ) ;
#1091 = DIRECTION ( 'NONE',  ( -1.000000000000000000, 9.750423418036215341E-16, 0.000000000000000000 ) ) ;
#1092 = CARTESIAN_POINT ( 'NONE',  ( 1.756640935476215803, -1.880399999999999405, -0.2500000000000009992 ) ) ;
#1093 = ORIENTED_EDGE ( 'NONE', *, *, #2176, .F. ) ;
#1094 = ORIENTED_EDGE ( 'NONE', *, *, #2523, .F. ) ;
#1095 = CARTESIAN_POINT ( 'NONE',  ( -3.099805346338875722, -0.07581141775544258943, 0.7416249999999996456 ) ) ;
#1096 = EDGE_CURVE ( 'NONE', #2372, #2272, #454, .T. ) ;
#1097 = EDGE_LOOP ( 'NONE', ( #1757, #2113, #1957, #1901 ) ) ;
#1098 = AXIS2_PLACEMENT_3D ( 'NONE', #2164, #163, #2615 ) ;
#1099 = APPROVAL_STATUS ( 'not_yet_approved' ) ;
#1100 = CARTESIAN_POINT ( 'NONE',  ( 3.096093749999998312, -0.1053999999999995774, 0.6406249999999996669 ) ) ;
#1101 = EDGE_CURVE ( 'NONE', #2025, #515, #2053, .T. ) ;
#1102 = CARTESIAN_POINT ( 'NONE',  ( 3.136912163221048377, 0.1181428643717259835, 0.5450903242563562845 ) ) ;
#1103 = CARTESIAN_POINT ( 'NONE',  ( 2.252969279873882957, -2.605399999999999050, 0.8361673120897668010 ) ) ;
#1104 = DIRECTION ( 'NONE',  ( 0.3355903575378419434, 0.9420080211588557351, -3.319715312177817658E-15 ) ) ;
#1105 = CC_DESIGN_APPROVAL ( #241, ( #1523 ) ) ;
#1106 = ORIENTED_EDGE ( 'NONE', *, *, #1945, .F. ) ;
#1107 = AXIS2_PLACEMENT_3D ( 'NONE', #2258, #1356, #2064 ) ;
#1108 = CYLINDRICAL_SURFACE ( 'NONE', #2250, 0.2249999999999998668 ) ;
#1109 = ORIENTED_EDGE ( 'NONE', *, *, #566, .T. ) ;
#1110 = AXIS2_PLACEMENT_3D ( 'NONE', #2941, #28, #953 ) ;
#1111 = EDGE_CURVE ( 'NONE', #2044, #2653, #2510, .T. ) ;
#1112 = ORIENTED_EDGE ( 'NONE', *, *, #2745, .F. ) ;
#1113 = VERTEX_POINT ( 'NONE', #2282 ) ;
#1114 = CARTESIAN_POINT ( 'NONE',  ( -3.140625000000000000, 0.1205999999999995270, 0.5156250000000002220 ) ) ;
#1115 = VERTEX_POINT ( 'NONE', #1151 ) ;
#1116 = APPROVAL_DATE_TIME ( #9, #550 ) ;
#1117 = DIRECTION ( 'NONE',  ( 1.000000000000000000, 0.000000000000000000, 0.000000000000000000 ) ) ;
#1118 = FACE_OUTER_BOUND ( 'NONE', #2854, .T. ) ;
#1119 = CARTESIAN_POINT ( 'NONE',  ( -3.046875000000000444, 0.01959999999999999243, 0.000000000000000000 ) ) ;
#1120 = AXIS2_PLACEMENT_3D ( 'NONE', #575, #1478, #2175 ) ;
#1121 = AXIS2_PLACEMENT_3D ( 'NONE', #534, #1432, #1208 ) ;
#1122 = ORIENTED_EDGE ( 'NONE', *, *, #2367, .F. ) ;
#1123 = CARTESIAN_POINT ( 'NONE',  ( 2.261862171028944601, -2.488913282584829911, 0.8030437523117643916 ) ) ;
#1124 = EDGE_CURVE ( 'NONE', #1006, #892, #1384, .T. ) ;
#1125 = ORIENTED_EDGE ( 'NONE', *, *, #2794, .T. ) ;
#1126 = VERTEX_POINT ( 'NONE', #760 ) ;
#1127 = CARTESIAN_POINT ( 'NONE',  ( -3.114648437499999201, 0.03287301199435547355, 0.6955500395395901592 ) ) ;
#1128 = VERTEX_POINT ( 'NONE', #105 ) ;
#1129 = CARTESIAN_POINT ( 'NONE',  ( 3.103556847769059601, -0.04674268283081057379, 0.7333506143752255291 ) ) ;
#1130 = CARTESIAN_POINT ( 'NONE',  ( 2.273750000000000160, -2.494217889563822954, 0.6681492762319467538 ) ) ;
#1131 = DIRECTION ( 'NONE',  ( -0.000000000000000000, -0.000000000000000000, 1.000000000000000000 ) ) ;
#1132 = DIRECTION ( 'NONE',  ( -0.000000000000000000, -0.000000000000000000, 1.000000000000000000 ) ) ;
#1133 = ORIENTED_EDGE ( 'NONE', *, *, #2361, .T. ) ;
#1134 = DIRECTION ( 'NONE',  ( 0.000000000000000000, 1.000000000000000000, 0.000000000000000000 ) ) ;
#1135 = VERTEX_POINT ( 'NONE', #536 ) ;
#1136 = LINE ( 'NONE', #681, #1745 ) ;
#1137 = VERTEX_POINT ( 'NONE', #1223 ) ;
#1138 = CARTESIAN_POINT ( 'NONE',  ( -3.110937499999999467, 0.007914270583452046384, 0.7122269373797077696 ) ) ;
#1139 = ORIENTED_EDGE ( 'NONE', *, *, #2251, .F. ) ;
#1140 = COORDINATED_UNIVERSAL_TIME_OFFSET ( 6, 0, .BEHIND. ) ;
#1141 = EDGE_CURVE ( 'NONE', #2859, #2186, #563, .T. ) ;
#1142 = CARTESIAN_POINT ( 'NONE',  ( 2.249999999999999556, -2.505399999999998961, 0.8656250000000081934 ) ) ;
#1143 = CIRCLE ( 'NONE', #618, 0.2499999999999998057 ) ;
#1144 = CARTESIAN_POINT ( 'NONE',  ( -2.268236690765929708, -0.9392975893844600632, -0.2500000000000009992 ) ) ;
#1145 = MECHANICAL_CONTEXT ( 'NONE', #1620, 'mechanical' ) ;
#1146 = ADVANCED_FACE ( 'NONE', ( #2132 ), #775, .F. ) ;
#1147 = ORIENTED_EDGE ( 'NONE', *, *, #2891, .F. ) ;
#1148 = CARTESIAN_POINT ( 'NONE',  ( 2.255923479690789435, -2.501419251703298929, 0.8332896711697567182 ) ) ;
#1149 = VERTEX_POINT ( 'NONE', #2350 ) ;
#1150 = AXIS2_PLACEMENT_3D ( 'NONE', #1598, #720, #1610 ) ;
#1151 = CARTESIAN_POINT ( 'NONE',  ( -3.078125000000000000, 0.01959999999999999243, -0.1181102362204724116 ) ) ;
#1152 = EDGE_CURVE ( 'NONE', #230, #2859, #1658, .T. ) ;
#1153 = LOCAL_TIME ( 11, 24, 19.00000000000000000, #1140 ) ;
#1154 = CIRCLE ( 'NONE', #636, 0.1181102362204724116 ) ;
#1155 = CARTESIAN_POINT ( 'NONE',  ( -3.103515624999999556, -0.07268151445509020425, 0.6373715845835390414 ) ) ;
#1156 = FACE_OUTER_BOUND ( 'NONE', #2925, .T. ) ;
#1157 = VERTEX_POINT ( 'NONE', #61 ) ;
#1158 = EDGE_CURVE ( 'NONE', #2841, #1113, #995, .T. ) ;
#1159 = DIRECTION ( 'NONE',  ( 6.662942673733950341E-34, -1.000000000000000000, 1.097544303392439621E-17 ) ) ;
#1160 = CARTESIAN_POINT ( 'NONE',  ( 3.116524375558923143, -0.02272665302964910553, 0.6097406847507627070 ) ) ;
#1161 = PERSON_AND_ORGANIZATION_ROLE ( 'creator' ) ;
#1162 = EDGE_LOOP ( 'NONE', ( #795, #1031, #1747, #2392, #2052, #1094, #2182, #2558, #699, #2631 ) ) ;
#1163 = DIRECTION ( 'NONE',  ( -0.000000000000000000, -0.000000000000000000, 1.000000000000000000 ) ) ;
#1164 = AXIS2_PLACEMENT_3D ( 'NONE', #803, #2617, #836 ) ;
#1165 = ORIENTED_EDGE ( 'NONE', *, *, #1893, .F. ) ;
#1166 = DIRECTION ( 'NONE',  ( 2.913971193241881950E-15, 0.000000000000000000, -1.000000000000000000 ) ) ;
#1167 = CARTESIAN_POINT ( 'NONE',  ( 3.133203124999997868, 0.1137438522503714522, 0.5745182739808375461 ) ) ;
#1168 = VERTEX_POINT ( 'NONE', #1668 ) ;
#1169 = CC_DESIGN_PERSON_AND_ORGANIZATION_ASSIGNMENT ( #1003, #1914, ( #961 ) ) ;
#1170 = DIRECTION ( 'NONE',  ( 1.000000000000000000, 0.000000000000000000, 0.000000000000000000 ) ) ;
#1171 = APPROVAL_ROLE ( '' ) ;
#1172 = DIRECTION ( 'NONE',  ( 6.437728477207319456E-16, -1.000000000000000000, 0.000000000000000000 ) ) ;
#1173 = ADVANCED_BREP_SHAPE_REPRESENTATION ( '', ( #1634, #1051 ), #630 ) ;
#1174 = CARTESIAN_POINT ( 'NONE',  ( -9.163073478748884727E-17, -1.242900000000000338, 0.6406250000000038858 ) ) ;
#1175 = CARTESIAN_POINT ( 'NONE',  ( 1.414587483416202662, -2.605399999999999050, 1.646875000000008082 ) ) ;
#1176 = CARTESIAN_POINT ( 'NONE',  ( 1.414587483416202662, -2.605399999999999050, 1.646875000000008082 ) ) ;
#1177 = CARTESIAN_POINT ( 'NONE',  ( 3.110937499999998135, -0.04295628262381172985, 0.6239657742920441397 ) ) ;
#1178 = ORIENTED_EDGE ( 'NONE', *, *, #2640, .F. ) ;
#1179 = COORDINATED_UNIVERSAL_TIME_OFFSET ( 6, 0, .BEHIND. ) ;
#1180 = FACE_BOUND ( 'NONE', #588, .T. ) ;
#1181 = ORIENTED_EDGE ( 'NONE', *, *, #1623, .T. ) ;
#1182 = ADVANCED_FACE ( 'NONE', ( #1187, #2121, #2381, #958 ), #1015, .F. ) ;
#1183 = FACE_OUTER_BOUND ( 'NONE', #1080, .T. ) ;
#1184 = EDGE_CURVE ( 'NONE', #1559, #2110, #779, .T. ) ;
#1185 = DIRECTION ( 'NONE',  ( 0.000000000000000000, 1.000000000000000000, -3.278217592397115073E-15 ) ) ;
#1186 = DIRECTION ( 'NONE',  ( 0.000000000000000000, 1.000000000000000000, 0.000000000000000000 ) ) ;
#1187 = FACE_BOUND ( 'NONE', #423, .T. ) ;
#1188 = PRODUCT_DEFINITION_SHAPE ( 'NONE', 'NONE',  #1697 ) ;
#1189 = FACE_OUTER_BOUND ( 'NONE', #1097, .T. ) ;
#1190 = AXIS2_PLACEMENT_3D ( 'NONE', #65, #976, #1659 ) ;
#1191 = ORIENTED_EDGE ( 'NONE', *, *, #1814, .T. ) ;
#1192 = CIRCLE ( 'NONE', #1476, 0.3125000000000000000 ) ;
#1193 = COORDINATED_UNIVERSAL_TIME_OFFSET ( 6, 0, .BEHIND. ) ;
#1194 = EDGE_LOOP ( 'NONE', ( #453, #2698 ) ) ;
#1195 = DIRECTION ( 'NONE',  ( 0.000000000000000000, 1.000000000000000000, 0.000000000000000000 ) ) ;
#1196 = ORIENTED_EDGE ( 'NONE', *, *, #502, .T. ) ;
#1197 = DIRECTION ( 'NONE',  ( 0.000000000000000000, 1.000000000000000000, -3.502456781877057751E-15 ) ) ;
#1198 = PRODUCT_DEFINITION ( 'UNKNOWN', '', #1825, #316 ) ;
#1199 = LINE ( 'NONE', #739, #2675 ) ;
#1200 = VECTOR ( 'NONE', #764, 39.37007874015748143 ) ;
#1201 = AXIS2_PLACEMENT_3D ( 'NONE', #907, #1586, #2735 ) ;
#1202 = CARTESIAN_POINT ( 'NONE',  ( -3.140624999999999112, 0.1195999999999999980, 0.5000000000000001110 ) ) ;
#1203 = CARTESIAN_POINT ( 'NONE',  ( 2.264843749999999822, -2.480358355299772111, 0.7888066600031442555 ) ) ;
#1204 = VERTEX_POINT ( 'NONE', #73 ) ;
#1205 = PERSON_AND_ORGANIZATION ( #253, #333 ) ;
#1206 = VERTEX_POINT ( 'NONE', #306 ) ;
#1207 = CARTESIAN_POINT ( 'NONE',  ( -3.278569173824160021, 0.01959999999999999243, 0.2683058261758411445 ) ) ;
#1208 = DIRECTION ( 'NONE',  ( 0.000000000000000000, 3.551402391763547114E-15, 1.000000000000000000 ) ) ;
#1209 = LINE ( 'NONE', #2131, #2375 ) ;
#1210 = DIRECTION ( 'NONE',  ( 1.000000000000000000, 6.437728477207318470E-16, 0.000000000000000000 ) ) ;
#1211 = FACE_OUTER_BOUND ( 'NONE', #1278, .T. ) ;
#1212 = DIRECTION ( 'NONE',  ( 0.000000000000000000, 1.000000000000000000, -3.278217592397115862E-15 ) ) ;
#1213 = CARTESIAN_POINT ( 'NONE',  ( 2.596181090567001526, 0.01959999999999999243, -9.561467977824920278E-16 ) ) ;
#1214 = CC_DESIGN_DATE_AND_TIME_ASSIGNMENT ( #1902, #990, ( #1866 ) ) ;
#1215 = ORIENTED_EDGE ( 'NONE', *, *, #2596, .T. ) ;
#1216 = EDGE_CURVE ( 'NONE', #2441, #2833, #1646, .T. ) ;
#1217 = DIRECTION ( 'NONE',  ( -0.006930023935309114445, -0.9999756268183819241, -0.0008488447679793788411 ) ) ;
#1218 = EDGE_CURVE ( 'NONE', #1348, #2087, #521, .T. ) ;
#1219 = CARTESIAN_POINT ( 'NONE',  ( 2.596181090567001526, 0.1195999999999999980, -9.538214587709287948E-16 ) ) ;
#1220 = DIRECTION ( 'NONE',  ( 1.000000000000000000, 0.000000000000000000, 0.000000000000000000 ) ) ;
#1221 = EDGE_CURVE ( 'NONE', #2465, #296, #2790, .T. ) ;
#1222 = CARTESIAN_POINT ( 'NONE',  ( -3.138751127107962002, 0.01959999999999949283, 0.5238873793843930038 ) ) ;
#1223 = CARTESIAN_POINT ( 'NONE',  ( -1.082291259447422327, -1.630400000000000071, 0.7406249999999995337 ) ) ;
#1224 = AXIS2_PLACEMENT_3D ( 'NONE', #2895, #2600, #415 ) ;
#1225 = DIRECTION ( 'NONE',  ( -1.000000000000000000, -0.000000000000000000, 1.836970198721029688E-16 ) ) ;
#1226 = EDGE_CURVE ( 'NONE', #2225, #1168, #549, .T. ) ;
#1227 = DIRECTION ( 'NONE',  ( 1.000000000000000000, 0.000000000000000000, 0.000000000000000000 ) ) ;
#1228 = DIRECTION ( 'NONE',  ( 0.000000000000000000, 0.000000000000000000, 1.000000000000000000 ) ) ;
#1229 = ORIENTED_EDGE ( 'NONE', *, *, #346, .T. ) ;
#1230 = LOCAL_TIME ( 11, 24, 19.00000000000000000, #1538 ) ;
#1231 = AXIS2_PLACEMENT_3D ( 'NONE', #2193, #1988, #1091 ) ;
#1232 = AXIS2_PLACEMENT_3D ( 'NONE', #1459, #2374, #158 ) ;
#1233 = EDGE_CURVE ( 'NONE', #1247, #2624, #1451, .T. ) ;
#1234 = ORIENTED_EDGE ( 'NONE', *, *, #1712, .T. ) ;
#1235 = VECTOR ( 'NONE', #1044, 39.37007874015748143 ) ;
#1236 = AXIS2_PLACEMENT_3D ( 'NONE', #975, #1647, #277 ) ;
#1237 = CARTESIAN_POINT ( 'NONE',  ( -0.6375000000000002887, -1.242900000000000338, -0.2500000000000009992 ) ) ;
#1238 = CARTESIAN_POINT ( 'NONE',  ( -3.234375000000000888, 0.1195999999999999980, 0.2241116523516817061 ) ) ;
#1239 = CARTESIAN_POINT ( 'NONE',  ( -2.268236690765929708, -0.9392975893844600632, 0.6406250000000043299 ) ) ;
#1240 = CIRCLE ( 'NONE', #1292, 0.2500000000000000000 ) ;
#1241 = CARTESIAN_POINT ( 'NONE',  ( 3.097965541969063707, -0.09054423267605496428, 0.7406249999999996447 ) ) ;
#1242 = CARTESIAN_POINT ( 'NONE',  ( 3.078125000000000000, 0.1195999999999999980, -1.148106374200637546E-17 ) ) ;
#1243 = ORIENTED_EDGE ( 'NONE', *, *, #446, .F. ) ;
#1244 = CARTESIAN_POINT ( 'NONE',  ( 1.332291259447422549, -1.880400000000000071, 0.7406249999999995337 ) ) ;
#1245 = FACE_OUTER_BOUND ( 'NONE', #980, .T. ) ;
#1246 = DIRECTION ( 'NONE',  ( -6.070773319253918263E-17, -3.502456781877057751E-15, -1.000000000000000000 ) ) ;
#1247 = VERTEX_POINT ( 'NONE', #1923 ) ;
#1248 = SHAPE_REPRESENTATION ( 'ECM Mount Assembly', ( #2146, #282, #1769 ), #682 ) ;
#1249 = AXIS2_PLACEMENT_3D ( 'NONE', #2002, #577, #1984 ) ;
#1250 = PERSON_AND_ORGANIZATION_ROLE ( 'design_owner' ) ;
#1251 = VERTEX_POINT ( 'NONE', #1696 ) ;
#1252 = DIRECTION ( 'NONE',  ( -0.000000000000000000, -0.000000000000000000, 1.000000000000000000 ) ) ;
#1253 = CARTESIAN_POINT ( 'NONE',  ( -1.937499999999999778, -2.505399999999998961, 1.365625000000008527 ) ) ;
#1254 = EDGE_CURVE ( 'NONE', #782, #602, #2451, .T. ) ;
#1255 = DIRECTION ( 'NONE',  ( -0.000000000000000000, -0.000000000000000000, -1.000000000000000000 ) ) ;
#1256 = LINE ( 'NONE', #606, #2284 ) ;
#1257 = ORIENTED_EDGE ( 'NONE', *, *, #2741, .T. ) ;
#1258 = CARTESIAN_POINT ( 'NONE',  ( -1.937499999999999778, -2.605399999999999050, 1.365625000000008527 ) ) ;
#1259 = DIRECTION ( 'NONE',  ( -0.000000000000000000, 0.000000000000000000, -1.000000000000000000 ) ) ;
#1260 = EDGE_LOOP ( 'NONE', ( #1528, #327, #1948, #978 ) ) ;
#1261 = ORIENTED_EDGE ( 'NONE', *, *, #2419, .F. ) ;
#1262 = EDGE_CURVE ( 'NONE', #2785, #1339, #2133, .T. ) ;
#1263 = CARTESIAN_POINT ( 'NONE',  ( -3.128544890452606531, 0.09958979437927152623, 0.6086723611901503350 ) ) ;
#1264 = DIRECTION ( 'NONE',  ( 0.01111412074575396716, 0.9999381524373341934, 0.0004094145324836594678 ) ) ;
#1265 = ORIENTED_EDGE ( 'NONE', *, *, #1270, .T. ) ;
#1266 = CARTESIAN_POINT ( 'NONE',  ( 3.136913403661121702, 0.1206000000000004291, 0.5452135822445567381 ) ) ;
#1267 = EDGE_CURVE ( 'NONE', #2355, #2261, #112, .T. ) ;
#1268 = CARTESIAN_POINT ( 'NONE',  ( 3.015625000000000444, 0.1195999999999999980, -0.1181102362204724116 ) ) ;
#1269 = DIRECTION ( 'NONE',  ( -0.000000000000000000, -0.000000000000000000, 1.000000000000000000 ) ) ;
#1270 = EDGE_CURVE ( 'NONE', #2835, #2448, #2902, .T. ) ;
#1271 = CARTESIAN_POINT ( 'NONE',  ( 2.249999999999999556, -2.605399999999999050, 0.8656250000000081934 ) ) ;
#1272 = CARTESIAN_POINT ( 'NONE',  ( -2.282655720126117505, -2.409857687910240909, 0.6406250000000086597 ) ) ;
#1273 = ORIENTED_EDGE ( 'NONE', *, *, #1945, .T. ) ;
#1274 = CARTESIAN_POINT ( 'NONE',  ( 2.251497415133453917, -2.505399999999998961, 0.8573718975743368498 ) ) ;
#1275 = EDGE_CURVE ( 'NONE', #2110, #23, #371, .T. ) ;
#1276 = CARTESIAN_POINT ( 'NONE',  ( 2.032734685476215386, -0.6053999999999989390, 0.7406249999999995337 ) ) ;
#1277 = VERTEX_POINT ( 'NONE', #869 ) ;
#1278 = EDGE_LOOP ( 'NONE', ( #270, #1443, #741, #1165 ) ) ;
#1279 = CARTESIAN_POINT ( 'NONE',  ( 3.140624999999998668, 0.01960000000000034284, 0.7406249999999993117 ) ) ;
#1280 = ORIENTED_EDGE ( 'NONE', *, *, #1714, .T. ) ;
#1281 = AXIS2_PLACEMENT_3D ( 'NONE', #1692, #2141, #1655 ) ;
#1282 = CARTESIAN_POINT ( 'NONE',  ( -2.261875000000000746, -2.489623298544281216, 0.8026726274536464256 ) ) ;
#1284 = CARTESIAN_POINT ( 'NONE',  ( -1.937499999999999778, -2.505399999999998961, 1.483735236220481202 ) ) ;
#1283 = CC_DESIGN_SECURITY_CLASSIFICATION ( #529, ( #1673 ) ) ;
#1285 = DIRECTION ( 'NONE',  ( -1.000000000000000000, 3.934932107185855299E-34, 9.655988143861207629E-17 ) ) ;
#1286 = FACE_OUTER_BOUND ( 'NONE', #1370, .T. ) ;
#1287 = AXIS2_PLACEMENT_3D ( 'NONE', #1577, #2189, #2659 ) ;
#1288 = DIRECTION ( 'NONE',  ( -0.000000000000000000, -1.000000000000000000, -0.000000000000000000 ) ) ;
#1289 = ORIENTED_EDGE ( 'NONE', *, *, #2298, .F. ) ;
#1290 = DIRECTION ( 'NONE',  ( -6.662942673733950341E-34, 1.000000000000000000, -1.097544303392439467E-17 ) ) ;
#1291 = DIRECTION ( 'NONE',  ( -9.713237310806273165E-16, 0.000000000000000000, -1.000000000000000000 ) ) ;
#1292 = AXIS2_PLACEMENT_3D ( 'NONE', #123, #310, #1212 ) ;
#1293 = CC_DESIGN_PERSON_AND_ORGANIZATION_ASSIGNMENT ( #2096, #51, ( #1523 ) ) ;
#1294 = ORIENTED_EDGE ( 'NONE', *, *, #1221, .F. ) ;
#1295 = AXIS2_PLACEMENT_3D ( 'NONE', #1865, #2116, #2599 ) ;
#1296 = VERTEX_POINT ( 'NONE', #120 ) ;
#1297 = CARTESIAN_POINT ( 'NONE',  ( -3.109083876207379138, -0.005677352096901841678, 0.7178570511619496441 ) ) ;
#1298 = ORIENTED_EDGE ( 'NONE', *, *, #989, .T. ) ;
#1299 = CARTESIAN_POINT ( 'NONE',  ( 3.114648437499997868, 0.03287301199435633398, 0.6955500395395903812 ) ) ;
#1300 = CARTESIAN_POINT ( 'NONE',  ( 3.099818281337165526, -0.07584006553948254015, 0.7391676900778596515 ) ) ;
#1301 = VECTOR ( 'NONE', #2476, 39.37007874015748143 ) ;
#1302 = CARTESIAN_POINT ( 'NONE',  ( 1.992142940765929682, -1.714297589384460085, 0.7406249999999995337 ) ) ;
#1303 = DIRECTION ( 'NONE',  ( -0.000000000000000000, -0.000000000000000000, 1.000000000000000000 ) ) ;
#1304 = DIRECTION ( 'NONE',  ( 0.000000000000000000, 0.000000000000000000, 1.000000000000000000 ) ) ;
#1305 = CARTESIAN_POINT ( 'NONE',  ( -2.266341523786243872, -2.549821721967541421, 0.7168412887057263871 ) ) ;
#1306 = VERTEX_POINT ( 'NONE', #1059 ) ;
#1307 = CARTESIAN_POINT ( 'NONE',  ( -2.252994830326256359, -2.505399999999998961, 0.8491187948215663805 ) ) ;
#1308 = DIRECTION ( 'NONE',  ( -7.105427357601001859E-15, 1.000000000000000000, -3.482355684231370258E-15 ) ) ;
#1309 = ADVANCED_FACE ( 'NONE', ( #2886 ), #1782, .F. ) ;
#1310 = VERTEX_POINT ( 'NONE', #1032 ) ;
#1311 = ORIENTED_EDGE ( 'NONE', *, *, #1672, .F. ) ;
#1312 = CARTESIAN_POINT ( 'NONE',  ( -3.127621577614530857, 0.09645037461004773993, 0.6153029706758037509 ) ) ;
#1313 = EDGE_CURVE ( 'NONE', #2721, #184, #580, .T. ) ;
#1314 = CALENDAR_DATE ( 2026, 8, 7 ) ;
#1315 = VERTEX_POINT ( 'NONE', #1043 ) ;
#1316 = APPROVAL_DATE_TIME ( #701, #955 ) ;
#1317 = CARTESIAN_POINT ( 'NONE',  ( 1.332291259447422549, -1.880400000000000071, 0.7406250000000059730 ) ) ;
#1318 = CARTESIAN_POINT ( 'NONE',  ( 3.125797970022379690, 0.08992693027471559963, 0.6282667373095740526 ) ) ;
#1319 = CARTESIAN_POINT ( 'NONE',  ( 2.249999999999999556, -2.605399999999999050, 0.8656250000000079714 ) ) ;
#1320 = LINE ( 'NONE', #2254, #2577 ) ;
#1321 = CARTESIAN_POINT ( 'NONE',  ( -3.015625000000000444, 0.1195999999999999980, 0.1181102362204723977 ) ) ;
#1322 = EDGE_CURVE ( 'NONE', #140, #2846, #2167, .T. ) ;
#1323 = DIRECTION ( 'NONE',  ( 1.000000000000000000, -0.000000000000000000, 0.000000000000000000 ) ) ;
#1324 = ORIENTED_EDGE ( 'NONE', *, *, #175, .F. ) ;
#1325 = FACE_OUTER_BOUND ( 'NONE', #145, .T. ) ;
#1326 = DIRECTION ( 'NONE',  ( 0.000000000000000000, 0.000000000000000000, -1.000000000000000000 ) ) ;
#1327 = ORIENTED_EDGE ( 'NONE', *, *, #2593, .F. ) ;
#1328 = ORIENTED_EDGE ( 'NONE', *, *, #718, .F. ) ;
#1329 = CARTESIAN_POINT ( 'NONE',  ( -3.133203124999999201, 0.1147178249270387890, 0.5747800218651972770 ) ) ;
#1330 = ORIENTED_EDGE ( 'NONE', *, *, #490, .F. ) ;
#1331 = AXIS2_PLACEMENT_3D ( 'NONE', #2893, #21, #1771 ) ;
#1332 = PERSON_AND_ORGANIZATION ( #2667, #921 ) ;
#1333 = CARTESIAN_POINT ( 'NONE',  ( 2.273737571704547378, -2.493064201432580340, 0.6707249897244942360 ) ) ;
#1334 = ADVANCED_FACE ( 'NONE', ( #165 ), #2398, .T. ) ;
#1335 = CARTESIAN_POINT ( 'NONE',  ( 2.834783748502118783, 0.1195999999999999980, -0.1323529411764717001 ) ) ;
#1336 = CARTESIAN_POINT ( 'NONE',  ( 2.596181090567001970, 0.01959999999999999243, -0.2812500000000009437 ) ) ;
#1337 =( LENGTH_UNIT ( ) NAMED_UNIT ( * ) SI_UNIT ( $, .METRE. ) );
#1338 = LOCAL_TIME ( 11, 24, 19.00000000000000000, #2172 ) ;
#1339 = VERTEX_POINT ( 'NONE', #1727 ) ;
#1340 = CIRCLE ( 'NONE', #54, 0.2500000000000000555 ) ;
#1341 = CYLINDRICAL_SURFACE ( 'NONE', #1909, 0.2499999999999999167 ) ;
#1342 = LOCAL_TIME ( 11, 24, 19.00000000000000000, #2546 ) ;
#1343 = EDGE_LOOP ( 'NONE', ( #2719, #1834, #1457, #457 ) ) ;
#1344 = VECTOR ( 'NONE', #1104, 39.37007874015748854 ) ;
#1345 = ORIENTED_EDGE ( 'NONE', *, *, #560, .T. ) ;
#1346 = CARTESIAN_POINT ( 'NONE',  ( -3.133203124999999201, 0.1137438522503704807, 0.5745182739808379901 ) ) ;
#1347 = CIRCLE ( 'NONE', #822, 0.06250000000000001388 ) ;
#1348 = VERTEX_POINT ( 'NONE', #421 ) ;
#1349 = APPROVAL_STATUS ( 'not_yet_approved' ) ;
#1350 = CARTESIAN_POINT ( 'NONE',  ( 2.251497443934147746, -2.605399999999999050, 0.8507691299073398827 ) ) ;
#1351 = LINE ( 'NONE', #2724, #1301 ) ;
#1352 = LINE ( 'NONE', #1606, #390 ) ;
#1353 = CIRCLE ( 'NONE', #2634, 0.6375000000000000666 ) ;
#1354 = AXIS2_PLACEMENT_3D ( 'NONE', #116, #2162, #2613 ) ;
#1355 = ORIENTED_EDGE ( 'NONE', *, *, #1589, .F. ) ;
#1356 = DIRECTION ( 'NONE',  ( 0.000000000000000000, 1.000000000000000000, 0.000000000000000000 ) ) ;
#1357 = ORIENTED_EDGE ( 'NONE', *, *, #2813, .T. ) ;
#1358 = DIRECTION ( 'NONE',  ( 1.000000000000000000, 0.000000000000000000, -2.731847993664277517E-16 ) ) ;
#1359 = EDGE_LOOP ( 'NONE', ( #1690, #1703, #1802, #66 ) ) ;
#1360 = DIRECTION ( 'NONE',  ( -6.662942673733950341E-34, 1.000000000000000000, -1.097544303392439467E-17 ) ) ;
#1361 = EDGE_CURVE ( 'NONE', #2835, #1570, #98, .T. ) ;
#1362 = EDGE_CURVE ( 'NONE', #1534, #991, #1529, .T. ) ;
#1363 = ORIENTED_EDGE ( 'NONE', *, *, #895, .F. ) ;
#1364 = CARTESIAN_POINT ( 'NONE',  ( 2.282655720126117060, -2.409857687910239576, 0.6406250000000086597 ) ) ;
#1365 = PLANE ( 'NONE',  #816 ) ;
#1366 = ADVANCED_FACE ( 'NONE', ( #819 ), #385, .F. ) ;
#1367 = EDGE_LOOP ( 'NONE', ( #713, #261, #2914, #1552 ) ) ;
#1368 = CARTESIAN_POINT ( 'NONE',  ( 2.260392428151858812, -2.492750527554219886, 0.8102218307269978270 ) ) ;
#1369 = EDGE_CURVE ( 'NONE', #1296, #686, #357, .T. ) ;
#1370 = EDGE_LOOP ( 'NONE', ( #1746, #2229, #1389, #1327 ) ) ;
#1371 = CARTESIAN_POINT ( 'NONE',  ( -1.171022479861161459E-15, -1.880400000000000960, 0.6406250000000061062 ) ) ;
#1372 = EDGE_CURVE ( 'NONE', #1612, #1037, #2466, .T. ) ;
#1373 = CARTESIAN_POINT ( 'NONE',  ( -3.140625000000000000, 0.01858999999999951663, 0.5156250000000000000 ) ) ;
#1374 = LINE ( 'NONE', #2220, #2429 ) ;
#1375 = ORIENTED_EDGE ( 'NONE', *, *, #1152, .F. ) ;
#1376 = APPLICATION_PROTOCOL_DEFINITION ( 'international standard', 'config_control_design', 1994, #1985 ) ;
#1377 = FACE_OUTER_BOUND ( 'NONE', #1609, .T. ) ;
#1378 = FACE_BOUND ( 'NONE', #2165, .T. ) ;
#1379 = ORIENTED_EDGE ( 'NONE', *, *, #1270, .F. ) ;
#1380 = CARTESIAN_POINT ( 'NONE',  ( 2.275223225911973124, -2.435848033640144905, 0.7533007225822020425 ) ) ;
#1381 = ORIENTED_EDGE ( 'NONE', *, *, #528, .T. ) ;
#1382 = AXIS2_PLACEMENT_3D ( 'NONE', #2048, #111, #1472 ) ;
#1383 = AXIS2_PLACEMENT_3D ( 'NONE', #1258, #596, #1497 ) ;
#1384 = LINE ( 'NONE', #2067, #2691 ) ;
#1385 = CIRCLE ( 'NONE', #2573, 0.2812499999999998890 ) ;
#1386 = CARTESIAN_POINT ( 'NONE',  ( -3.110937499999999467, -0.04295628262381252782, 0.6239657742920441397 ) ) ;
#1387 = CC_DESIGN_PERSON_AND_ORGANIZATION_ASSIGNMENT ( #2561, #2089, ( #113 ) ) ;
#1388 = CARTESIAN_POINT ( 'NONE',  ( 3.096093749999998312, -0.1053999999999995774, 0.6396149999999997116 ) ) ;
#1389 = ORIENTED_EDGE ( 'NONE', *, *, #2939, .T. ) ;
#1390 = AXIS2_PLACEMENT_3D ( 'NONE', #1533, #2416, #1358 ) ;
#1391 = SECURITY_CLASSIFICATION_LEVEL ( 'unclassified' ) ;
#1392 = DIRECTION ( 'NONE',  ( 1.000000000000000000, -8.928343182803491575E-33, -8.741913579725642299E-16 ) ) ;
#1393 = CARTESIAN_POINT ( 'NONE',  ( 3.096093749999998312, -0.1053999999999986614, 0.7406249999999996447 ) ) ;
#1394 = PERSON_AND_ORGANIZATION ( #2667, #921 ) ;
#1395 = DIRECTION ( 'NONE',  ( 1.000000000000000000, -6.437728477207314526E-16, 0.000000000000000000 ) ) ;
#1396 = VECTOR ( 'NONE', #290, 39.37007874015748143 ) ;
#1397 = ORIENTED_EDGE ( 'NONE', *, *, #1680, .F. ) ;
#1398 = AXIS2_PLACEMENT_3D ( 'NONE', #1706, #2378, #353 ) ;
#1399 = VECTOR ( 'NONE', #173, 39.37007874015748143 ) ;
#1400 = ADVANCED_FACE ( 'NONE', ( #1758 ), #2632, .T. ) ;
#1401 = DIRECTION ( 'NONE',  ( 0.000000000000000000, 0.000000000000000000, -1.000000000000000000 ) ) ;
#1402 = CARTESIAN_POINT ( 'NONE',  ( 3.133203124999997868, 0.01536287218010486989, 0.5480791201817067915 ) ) ;
#1403 = EDGE_CURVE ( 'NONE', #2889, #1415, #2099, .T. ) ;
#1404 = ORIENTED_EDGE ( 'NONE', *, *, #1000, .F. ) ;
#1405 = DIRECTION ( 'NONE',  ( 0.000000000000000000, -0.000000000000000000, 1.000000000000000000 ) ) ;
#1406 = ORIENTED_EDGE ( 'NONE', *, *, #610, .T. ) ;
#1407 = APPLICATION_PROTOCOL_DEFINITION ( 'international standard', 'config_control_design', 1994, #2376 ) ;
#1408 = DIRECTION ( 'NONE',  ( 0.000000000000000000, 0.000000000000000000, 1.000000000000000000 ) ) ;
#1409 = ADVANCED_FACE ( 'NONE', ( #1626 ), #2296, .F. ) ;
#1410 = LINE ( 'NONE', #957, #690 ) ;
#1411 = CARTESIAN_POINT ( 'NONE',  ( -2.278206189654565339, -2.420661265179865573, 0.7470029837748481949 ) ) ;
#1412 = DIRECTION ( 'NONE',  ( -1.000000000000000000, -1.365059278525069004E-15, 0.000000000000000000 ) ) ;
#1413 = CARTESIAN_POINT ( 'NONE',  ( 3.234375000000000000, 0.01959999999999999243, 0.2241116523516816506 ) ) ;
#1414 = DIRECTION ( 'NONE',  ( 0.000000000000000000, 0.000000000000000000, 1.000000000000000000 ) ) ;
#1415 = VERTEX_POINT ( 'NONE', #2280 ) ;
#1416 = DATE_TIME_ROLE ( 'classification_date' ) ;
#1417 = DIRECTION ( 'NONE',  ( 0.000000000000000000, -1.097544303392439621E-17, -1.000000000000000000 ) ) ;
#1418 = ORIENTED_EDGE ( 'NONE', *, *, #1275, .T. ) ;
#1419 = EDGE_CURVE ( 'NONE', #1128, #1310, #917, .T. ) ;
#1420 = CARTESIAN_POINT ( 'NONE',  ( 3.015625000000000444, 0.1195999999999999980, 0.000000000000000000 ) ) ;
#1421 = CARTESIAN_POINT ( 'NONE',  ( -3.131323642130684703, 0.01318157072694482040, 0.5560024205444045187 ) ) ;
#1422 = DIRECTION ( 'NONE',  ( -6.070773319253918263E-17, -3.502456781877057751E-15, -1.000000000000000000 ) ) ;
#1423 = DIRECTION ( 'NONE',  ( -4.370956789862821938E-15, 0.000000000000000000, 1.000000000000000000 ) ) ;
#1424 = AXIS2_PLACEMENT_3D ( 'NONE', #213, #1134, #2039 ) ;
#1425 = CARTESIAN_POINT ( 'NONE',  ( -9.163073478748884727E-17, -1.242900000000000338, 0.6406250000000038858 ) ) ;
#1426 = CC_DESIGN_APPROVAL ( #533, ( #1825 ) ) ;
#1427 = AXIS2_PLACEMENT_3D ( 'NONE', #2194, #1990, #1728 ) ;
#1428 = ORIENTED_EDGE ( 'NONE', *, *, #2201, .F. ) ;
#1429 = AXIS2_PLACEMENT_3D ( 'NONE', #247, #2547, #1839 ) ;
#1430 = ORIENTED_EDGE ( 'NONE', *, *, #2123, .F. ) ;
#1431 = CARTESIAN_POINT ( 'NONE',  ( -3.015625000000000444, 0.1195999999999999980, 0.1181102362204723977 ) ) ;
#1432 = DIRECTION ( 'NONE',  ( -1.000000000000000000, -1.365923996832132102E-16, -0.000000000000000000 ) ) ;
#1433 = CARTESIAN_POINT ( 'NONE',  ( 2.279656006812740721, -2.439042986520926881, 0.6478959111694787554 ) ) ;
#1434 = VECTOR ( 'NONE', #1710, 39.37007874015748143 ) ;
#1435 = DIRECTION ( 'NONE',  ( 1.000000000000000000, -0.000000000000000000, -0.000000000000000000 ) ) ;
#1436 = DIRECTION ( 'NONE',  ( 6.662942673733950341E-34, -1.000000000000000000, 1.097544303392439621E-17 ) ) ;
#1437 = DIRECTION ( 'NONE',  ( 6.662942673733950341E-34, -1.000000000000000000, 1.097544303392439621E-17 ) ) ;
#1438 = VECTOR ( 'NONE', #849, 39.37007874015748143 ) ;
#1439 = CIRCLE ( 'NONE', #2873, 0.2812499999999998890 ) ;
#1440 = LINE ( 'NONE', #552, #2158 ) ;
#1441 = CARTESIAN_POINT ( 'NONE',  ( 2.032734685476215386, -0.6053999999999989390, -0.2500000000000009992 ) ) ;
#1442 = ADVANCED_FACE ( 'NONE', ( #1325 ), #225, .F. ) ;
#1443 = ORIENTED_EDGE ( 'NONE', *, *, #2557, .T. ) ;
#1444 = CALENDAR_DATE ( 2026, 8, 7 ) ;
#1445 = EDGE_CURVE ( 'NONE', #410, #782, #2729, .T. ) ;
#1446 = ORIENTED_EDGE ( 'NONE', *, *, #2419, .T. ) ;
#1447 = DIRECTION ( 'NONE',  ( 0.000000000000000000, 0.000000000000000000, -1.000000000000000000 ) ) ;
#1448 = LINE ( 'NONE', #744, #1717 ) ;
#1449 = DIRECTION ( 'NONE',  ( 0.000000000000000000, 0.000000000000000000, -1.000000000000000000 ) ) ;
#1450 = EDGE_CURVE ( 'NONE', #1315, #902, #433, .T. ) ;
#1451 = LINE ( 'NONE', #984, #2306 ) ;
#1452 = CARTESIAN_POINT ( 'NONE',  ( -1.332291259447422993, -0.8554000000000002712, 0.7406249999999995337 ) ) ;
#1453 = DIRECTION ( 'NONE',  ( 1.000000000000000000, -0.000000000000000000, 0.000000000000000000 ) ) ;
#1454 = EDGE_CURVE ( 'NONE', #1887, #2225, #2147, .T. ) ;
#1455 = DIRECTION ( 'NONE',  ( 0.000000000000000000, 1.000000000000000000, 0.000000000000000000 ) ) ;
#1456 = CARTESIAN_POINT ( 'NONE',  ( -2.250000000000000000, -2.505399999999998961, 0.8656250000000087486 ) ) ;
#1457 = ORIENTED_EDGE ( 'NONE', *, *, #2556, .T. ) ;
#1458 = ORIENTED_EDGE ( 'NONE', *, *, #125, .F. ) ;
#1459 = CARTESIAN_POINT ( 'NONE',  ( -9.163073478748884727E-17, -1.242900000000000338, -0.2500000000000009992 ) ) ;
#1460 = CARTESIAN_POINT ( 'NONE',  ( 2.032734685476215386, -0.8553999999999989390, 0.7406249999999995337 ) ) ;
#1461 = CARTESIAN_POINT ( 'NONE',  ( -3.140625000000000000, 0.01959999999999951711, 0.5156250000000000000 ) ) ;
#1462 = DIRECTION ( 'NONE',  ( -6.070773319253918263E-17, -3.502456781877057751E-15, -1.000000000000000000 ) ) ;
#1463 = CARTESIAN_POINT ( 'NONE',  ( -2.264843750000000711, -2.560325039539590009, 0.7273519880056532605 ) ) ;
#1464 = CARTESIAN_POINT ( 'NONE',  ( -2.285625000000000462, -2.380399999999999405, 0.7406250000000085265 ) ) ;
#1465 = VECTOR ( 'NONE', #128, 39.37007874015748143 ) ;
#1466 = CARTESIAN_POINT ( 'NONE',  ( -1.082291259447422327, -1.630400000000000071, 0.6406250000000052180 ) ) ;
#1467 = DIRECTION ( 'NONE',  ( 0.000000000000000000, 1.000000000000000000, 0.000000000000000000 ) ) ;
#1468 = FACE_OUTER_BOUND ( 'NONE', #1500, .T. ) ;
#1469 = ORIENTED_EDGE ( 'NONE', *, *, #2478, .F. ) ;
#1470 = CC_DESIGN_PERSON_AND_ORGANIZATION_ASSIGNMENT ( #2078, #13, ( #1863 ) ) ;
#1471 = LOCAL_TIME ( 11, 24, 19.00000000000000000, #43 ) ;
#1472 = DIRECTION ( 'NONE',  ( 1.000000000000000000, 0.000000000000000000, 0.000000000000000000 ) ) ;
#1473 = VECTOR ( 'NONE', #2688, 39.37007874015748143 ) ;
#1474 = ORIENTED_EDGE ( 'NONE', *, *, #1067, .F. ) ;
#1475 = ORGANIZATION ( 'NAUO-ORG2', 'UNSPECIFIED', 'UNSPECIFIED' ) ;
#1476 = AXIS2_PLACEMENT_3D ( 'NONE', #2834, #1436, #74 ) ;
#1477 = CARTESIAN_POINT ( 'NONE',  ( -1.937499999999999778, -2.605399999999999050, 1.365625000000008527 ) ) ;
#1478 = DIRECTION ( 'NONE',  ( 0.000000000000000000, 1.000000000000000000, 0.000000000000000000 ) ) ;
#1479 = CARTESIAN_POINT ( 'NONE',  ( -3.015625000000000444, 0.01959999999999999243, -1.148106374200637546E-17 ) ) ;
#1480 = CARTESIAN_POINT ( 'NONE',  ( -2.269299655626450196, -2.529062809519533328, 0.6960971801983422136 ) ) ;
#1481 = ORIENTED_EDGE ( 'NONE', *, *, #36, .T. ) ;
#1482 = CARTESIAN_POINT ( 'NONE',  ( 1.332291259447422105, -0.6053999999999998272, -0.2500000000000009992 ) ) ;
#1483 = EDGE_CURVE ( 'NONE', #2004, #2721, #2907, .T. ) ;
#1484 = FACE_OUTER_BOUND ( 'NONE', #1742, .T. ) ;
#1485 = CARTESIAN_POINT ( 'NONE',  ( -2.250000000000000444, -2.605399999999999050, 0.8656250000000085265 ) ) ;
#1486 = VERTEX_POINT ( 'NONE', #2270 ) ;
#1487 = DIRECTION ( 'NONE',  ( -0.3355903575378419434, -0.9420080211588557351, 0.000000000000000000 ) ) ;
#1488 = ADVANCED_FACE ( 'NONE', ( #2480 ), #1341, .F. ) ;
#1489 = PERSON_AND_ORGANIZATION ( #2667, #921 ) ;
#1490 = EDGE_CURVE ( 'NONE', #1306, #1818, #439, .T. ) ;
#1491 = ORIENTED_EDGE ( 'NONE', *, *, #723, .T. ) ;
#1492 = LINE ( 'NONE', #328, #761 ) ;
#1493 = PLANE ( 'NONE',  #1880 ) ;
#1494 = CYLINDRICAL_SURFACE ( 'NONE', #351, 0.1181102362204724116 ) ;
#1495 = DIRECTION ( 'NONE',  ( 0.000000000000000000, 1.000000000000000000, -3.278217592397118229E-15 ) ) ;
#1496 = ORIENTED_EDGE ( 'NONE', *, *, #2037, .T. ) ;
#1497 = DIRECTION ( 'NONE',  ( 0.000000000000000000, 0.000000000000000000, 1.000000000000000000 ) ) ;
#1498 = DIRECTION ( 'NONE',  ( 6.662942673733950341E-34, -1.000000000000000000, 1.097544303392439621E-17 ) ) ;
#1499 = EDGE_LOOP ( 'NONE', ( #451, #2706, #662, #2197 ) ) ;
#1500 = EDGE_LOOP ( 'NONE', ( #2412, #2058, #434, #1585 ) ) ;
#1501 = CARTESIAN_POINT ( 'NONE',  ( -3.122035882120500094, 0.07333425831285571295, 0.6530920133800496297 ) ) ;
#1502 = ORIENTED_EDGE ( 'NONE', *, *, #1760, .F. ) ;
#1503 = FACE_OUTER_BOUND ( 'NONE', #2746, .T. ) ;
#1504 = DIRECTION ( 'NONE',  ( 0.000000000000000000, 0.000000000000000000, 1.000000000000000000 ) ) ;
#1505 = ADVANCED_FACE ( 'NONE', ( #2747, #692, #1811, #2716 ), #2758, .T. ) ;
#1506 = CARTESIAN_POINT ( 'NONE',  ( 3.015625000000000444, 0.1195999999999999980, 0.1181102362204724116 ) ) ;
#1507 = CARTESIAN_POINT ( 'NONE',  ( 1.937499999999999778, -2.605399999999999050, 1.365625000000008082 ) ) ;
#1508 = ORIENTED_EDGE ( 'NONE', *, *, #1362, .F. ) ;
#1509 = DIRECTION ( 'NONE',  ( 6.662942673733950341E-34, -1.000000000000000000, 1.097544303392439621E-17 ) ) ;
#1510 = EDGE_CURVE ( 'NONE', #279, #110, #679, .T. ) ;
#1511 = CARTESIAN_POINT ( 'NONE',  ( -3.158930826175840423, 0.1195999999999999980, 0.3879441738241591886 ) ) ;
#1512 = VECTOR ( 'NONE', #1938, 39.37007874015748143 ) ;
#1513 = EDGE_LOOP ( 'NONE', ( #1024, #1751, #339, #2935 ) ) ;
#1514 = ORIENTED_EDGE ( 'NONE', *, *, #186, .F. ) ;
#1515 = CARTESIAN_POINT ( 'NONE',  ( -3.105358526352232751, -0.03313375716314474057, 0.7288315389773140085 ) ) ;
#1516 = CARTESIAN_POINT ( 'NONE',  ( -0.5911833629977683024, 4.236194785740418745, -0.7607243975932868052 ) ) ;
#1517 = ORIENTED_EDGE ( 'NONE', *, *, #1936, .T. ) ;
#1518 = AXIS2_PLACEMENT_3D ( 'NONE', #1624, #15, #1828 ) ;
#1519 = B_SPLINE_CURVE_WITH_KNOTS ( 'NONE', 3,
 ( #398, #221, #1102, #862, #1575, #2016, #658, #1772, #1318, #1707, #2839, #2489, #207, #2379, #2929, #2711, #561, #1806, #1129, #1300, #1241, #2163 ),
 .UNSPECIFIED., .F., .F.,
 ( 4, 2, 2, 2, 2, 2, 2, 2, 2, 2, 4 ),
 ( 1.582786644015060892E-17, 0.001124766354894938007, 0.001687149532342396710, 0.002249532709789855197, 0.003374299064684777808, 0.004499065419579700853, 0.005623831774474621729, 0.006186214951922081734, 0.006748598129369540871, 0.007873364484264452207, 0.008998130839159365277 ),
 .UNSPECIFIED. ) ;
#1520 = EDGE_CURVE ( 'NONE', #2889, #2355, #197, .T. ) ;
#1521 = LINE ( 'NONE', #1544, #2140 ) ;
#1522 = CARTESIAN_POINT ( 'NONE',  ( 2.252970220866691520, -2.603942946802030090, 0.8361601506678170148 ) ) ;
#1524 = DIRECTION ( 'NONE',  ( -9.655988143861207629E-17, -1.097544303392439467E-17, -1.000000000000000000 ) ) ;
#1523 = SECURITY_CLASSIFICATION ( '', '', #897 ) ;
#1525 = ADVANCED_FACE ( 'NONE', ( #948 ), #1108, .T. ) ;
#1526 = CARTESIAN_POINT ( 'NONE',  ( -3.140624999999999112, 0.1195999999999999980, 0.4321383476483187103 ) ) ;
#1527 = CARTESIAN_POINT ( 'NONE',  ( -3.296875000000001332, 0.1195999999999999980, 0.2241116523516814285 ) ) ;
#1528 = ORIENTED_EDGE ( 'NONE', *, *, #1062, .T. ) ;
#1529 = LINE ( 'NONE', #2855, #2293 ) ;
#1530 = DIRECTION ( 'NONE',  ( 0.000000000000000000, 0.000000000000000000, -1.000000000000000000 ) ) ;
#1531 = AXIS2_PLACEMENT_3D ( 'NONE', #436, #2718, #936 ) ;
#1532 = LINE ( 'NONE', #929, #1005 ) ;
#1533 = CARTESIAN_POINT ( 'NONE',  ( -3.078125000000000000, 0.1195999999999999980, 0.1181102362204724116 ) ) ;
#1534 = VERTEX_POINT ( 'NONE', #1906 ) ;
#1535 = VECTOR ( 'NONE', #1449, 39.37007874015748143 ) ;
#1536 = ORIENTED_EDGE ( 'NONE', *, *, #2040, .T. ) ;
#1537 = CARTESIAN_POINT ( 'NONE',  ( 1.937499999999999778, -2.605399999999999050, 1.365625000000008082 ) ) ;
#1538 = COORDINATED_UNIVERSAL_TIME_OFFSET ( 6, 0, .BEHIND. ) ;
#1539 = EDGE_CURVE ( 'NONE', #2358, #1887, #2769, .T. ) ;
#1540 = VECTOR ( 'NONE', #1210, 39.37007874015748143 ) ;
#1541 = ORIENTED_EDGE ( 'NONE', *, *, #1900, .F. ) ;
#1542 = ADVANCED_FACE ( 'NONE', ( #70 ), #274, .F. ) ;
#1543 = APPROVAL_ROLE ( '' ) ;
#1544 = CARTESIAN_POINT ( 'NONE',  ( -3.078125000000000000, 0.1195999999999999980, -0.1181102362204724116 ) ) ;
#1545 = CARTESIAN_POINT ( 'NONE',  ( 2.258162910518239919, -2.591094915649038821, 0.7863344488690403589 ) ) ;
#1546 = AXIS2_PLACEMENT_3D ( 'NONE', #1253, #1705, #2598 ) ;
#1547 = CARTESIAN_POINT ( 'NONE',  ( 2.285625000000000018, -2.380400000000000293, 0.6396250000000086589 ) ) ;
#1548 = CARTESIAN_POINT ( 'NONE',  ( 1.662282886008527472, -2.505399999999998961, 1.513651315789481755 ) ) ;
#1549 = CARTESIAN_POINT ( 'NONE',  ( 8.659348702119850319E-16, -0.6054000000000017145, 0.6406250000000017764 ) ) ;
#1550 = CARTESIAN_POINT ( 'NONE',  ( 3.296875000000000000, 0.1195999999999999980, 0.2500000000000001110 ) ) ;
#1551 = CARTESIAN_POINT ( 'NONE',  ( -2.250000000000000444, -2.605399999999999050, 0.8656250000000089706 ) ) ;
#1552 = ORIENTED_EDGE ( 'NONE', *, *, #909, .T. ) ;
#1553 = CARTESIAN_POINT ( 'NONE',  ( -1.937499999999999778, -2.605399999999999050, 1.365625000000008527 ) ) ;
#1554 = DIRECTION ( 'NONE',  ( 0.000000000000000000, 1.000000000000000000, 0.000000000000000000 ) ) ;
#1555 = ORIENTED_EDGE ( 'NONE', *, *, #303, .T. ) ;
#1556 = ORIENTED_EDGE ( 'NONE', *, *, #223, .T. ) ;
#1557 = CARTESIAN_POINT ( 'NONE',  ( -3.097965541952579560, -0.09054423280688914111, 0.7406249999999994227 ) ) ;
#1558 = ADVANCED_FACE ( 'NONE', ( #2787 ), #2823, .F. ) ;
#1559 = VERTEX_POINT ( 'NONE', #2091 ) ;
#1560 = APPROVAL_ROLE ( '' ) ;
#1561 = CARTESIAN_POINT ( 'NONE',  ( 2.255185172425903772, -2.599661760298512370, 0.8146060126171408289 ) ) ;
#1562 = DIRECTION ( 'NONE',  ( 0.000000000000000000, 0.000000000000000000, -1.000000000000000000 ) ) ;
#1563 = DIRECTION ( 'NONE',  ( 1.000000000000000000, 0.000000000000000000, 0.000000000000000000 ) ) ;
#1564 = PLANE ( 'NONE',  #2295 ) ;
#1565 = ORIENTED_EDGE ( 'NONE', *, *, #1027, .T. ) ;
#1566 = CARTESIAN_POINT ( 'NONE',  ( 3.078125000000000000, 0.1195999999999999980, -0.1181102362204724532 ) ) ;
#1567 = ORIENTED_EDGE ( 'NONE', *, *, #560, .F. ) ;
#1568 = B_SPLINE_CURVE_WITH_KNOTS ( 'NONE', 3,
 ( #2530, #944, #2743, #2047, #263, #1160, #2290, #2517, #1619, #235, #11, #2782, #716, #2506 ),
 .UNSPECIFIED., .F., .F.,
 ( 4, 2, 2, 2, 2, 2, 4 ),
 ( 8.890457814381136359E-18, 0.001265703566677440616, 0.002531407133354872559, 0.003164258916693583543, 0.003797110700032297996, 0.004429962483371012449, 0.005062814266709727770 ),
 .UNSPECIFIED. ) ;
#1569 = DIRECTION ( 'NONE',  ( -2.731847993664277517E-16, 0.000000000000000000, -1.000000000000000000 ) ) ;
#1570 = VERTEX_POINT ( 'NONE', #735 ) ;
#1571 = ORIENTED_EDGE ( 'NONE', *, *, #520, .F. ) ;
#1572 = DIRECTION ( 'NONE',  ( -1.000000000000000000, -0.000000000000000000, 2.731847993664277517E-16 ) ) ;
#1573 = APPROVAL_ROLE ( '' ) ;
#1574 = ORIENTED_EDGE ( 'NONE', *, *, #848, .T. ) ;
#1575 = CARTESIAN_POINT ( 'NONE',  ( 3.133219514200801470, 0.1120829311350039353, 0.5737680372561305697 ) ) ;
#1576 = DIRECTION ( 'NONE',  ( 0.000000000000000000, 1.000000000000000000, 0.000000000000000000 ) ) ;
#1577 = CARTESIAN_POINT ( 'NONE',  ( -1.937499999999999778, -2.505399999999998961, 1.365625000000008527 ) ) ;
#1578 = VERTEX_POINT ( 'NONE', #1207 ) ;
#1579 = CIRCLE ( 'NONE', #872, 0.3125000000000000000 ) ;
#1580 = CARTESIAN_POINT ( 'NONE',  ( 2.257418810345435123, -2.499022016225158183, 0.8253637348201426915 ) ) ;
#1581 = EDGE_LOOP ( 'NONE', ( #2567, #1481, #846, #1046 ) ) ;
#1582 = VECTOR ( 'NONE', #2942, 39.37007874015748143 ) ;
#1583 = ADVANCED_FACE ( 'NONE', ( #2102 ), #1892, .F. ) ;
#1584 = CARTESIAN_POINT ( 'NONE',  ( 1.992142940765929682, -1.714297589384460085, -0.2500000000000009992 ) ) ;
#1585 = ORIENTED_EDGE ( 'NONE', *, *, #1067, .T. ) ;
#1586 = DIRECTION ( 'NONE',  ( -0.000000000000000000, -1.000000000000000000, -0.000000000000000000 ) ) ;
#1587 = VECTOR ( 'NONE', #866, 39.37007874015748143 ) ;
#1588 = EDGE_LOOP ( 'NONE', ( #466, #2515, #1616, #501 ) ) ;
#1589 = EDGE_CURVE ( 'NONE', #2494, #1726, #532, .T. ) ;
#1590 = PERSON_AND_ORGANIZATION ( #2667, #921 ) ;
#1591 = EDGE_CURVE ( 'NONE', #2484, #2863, #784, .T. ) ;
#1592 = DIRECTION ( 'NONE',  ( 0.000000000000000000, 0.000000000000000000, 1.000000000000000000 ) ) ;
#1593 = FACE_BOUND ( 'NONE', #49, .T. ) ;
#1594 = CIRCLE ( 'NONE', #1975, 0.2500000000000000555 ) ;
#1595 = CC_DESIGN_PERSON_AND_ORGANIZATION_ASSIGNMENT ( #1702, #2185, ( #1825 ) ) ;
#1596 = AXIS2_PLACEMENT_3D ( 'NONE', #2085, #498, #1401 ) ;
#1597 = ORIENTED_EDGE ( 'NONE', *, *, #1983, .T. ) ;
#1598 = CARTESIAN_POINT ( 'NONE',  ( 3.952798299290328569E-17, 1.751228390938528876E-15, 0.6406249999999995559 ) ) ;
#1599 = EDGE_LOOP ( 'NONE', ( #2259, #2861, #2407, #2638 ) ) ;
#1600 = ORIENTED_EDGE ( 'NONE', *, *, #2490, .F. ) ;
#1601 = CARTESIAN_POINT ( 'NONE',  ( -3.103515624999999556, -0.04650672601916209375, 0.7347688522503705855 ) ) ;
#1602 = CARTESIAN_POINT ( 'NONE',  ( 3.140624999999998668, 0.01859000000000037012, 0.5156249999999996669 ) ) ;
#1603 = ORIENTED_EDGE ( 'NONE', *, *, #1403, .T. ) ;
#1604 = VECTOR ( 'NONE', #2522, 39.37007874015748143 ) ;
#1605 = CYLINDRICAL_SURFACE ( 'NONE', #2311, 1.137499999999999512 ) ;
#1606 = CARTESIAN_POINT ( 'NONE',  ( -2.250000000000000444, -2.605399999999999050, 0.8656250000000087486 ) ) ;
#1607 = LINE ( 'NONE', #2727, #2672 ) ;
#1608 = PERSON_AND_ORGANIZATION ( #2667, #921 ) ;
#1609 = EDGE_LOOP ( 'NONE', ( #53, #164, #1953, #2705 ) ) ;
#1610 = DIRECTION ( 'NONE',  ( 0.000000000000000000, 1.000000000000000000, -3.502456781877057751E-15 ) ) ;
#1611 = CC_DESIGN_PERSON_AND_ORGANIZATION_ASSIGNMENT ( #2234, #188, ( #2009 ) ) ;
#1612 = VERTEX_POINT ( 'NONE', #2774 ) ;
#1613 = DIRECTION ( 'NONE',  ( -0.000000000000000000, -0.000000000000000000, 1.000000000000000000 ) ) ;
#1614 = CARTESIAN_POINT ( 'NONE',  ( -3.133203124999999201, 0.01536287218010392967, 0.5480791201817071245 ) ) ;
#1615 = DIRECTION ( 'NONE',  ( -0.9420080211588559571, -0.3355903575378418324, 0.000000000000000000 ) ) ;
#1616 = ORIENTED_EDGE ( 'NONE', *, *, #256, .F. ) ;
#1617 = ITEM_DEFINED_TRANSFORMATION ( 'NONE', 'NONE', #1769,  #1051 ) ;
#1618 = CARTESIAN_POINT ( 'NONE',  ( 3.140624999999998668, 0.1196000000000004143, 0.5156250000000002220 ) ) ;
#1619 = CARTESIAN_POINT ( 'NONE',  ( 3.109105842739518177, -0.04991177339105596494, 0.6279325318653373733 ) ) ;
#1620 = APPLICATION_CONTEXT ( 'configuration controlled 3d designs of mechanical parts and assemblies' ) ;
#1621 = CARTESIAN_POINT ( 'NONE',  ( -3.015625000000000444, 0.01959999999999999243, 0.1181102362204723838 ) ) ;
#1622 = APPROVAL_DATE_TIME ( #1862, #324 ) ;
#1623 = EDGE_CURVE ( 'NONE', #236, #2355, #286, .T. ) ;
#1624 = CARTESIAN_POINT ( 'NONE',  ( -2.250000000000000000, -2.480399999999999050, 0.7406250000000084155 ) ) ;
#1625 = ORIENTED_EDGE ( 'NONE', *, *, #2118, .T. ) ;
#1626 = FACE_OUTER_BOUND ( 'NONE', #1343, .T. ) ;
#1627 = CIRCLE ( 'NONE', #962, 0.2812499999999997780 ) ;
#1628 = EDGE_CURVE ( 'NONE', #1797, #184, #1004, .T. ) ;
#1629 = DIRECTION ( 'NONE',  ( 1.000000000000000000, 0.000000000000000000, 0.000000000000000000 ) ) ;
#1630 = AXIS2_PLACEMENT_3D ( 'NONE', #1425, #985, #522 ) ;
#1631 = AXIS2_PLACEMENT_3D ( 'NONE', #2867, #1073, #1563 ) ;
#1632 = CARTESIAN_POINT ( 'NONE',  ( -1.937499999999999778, -2.505399999999998961, 1.365625000000008527 ) ) ;
#1633 = PLANE ( 'NONE',  #2611 ) ;
#1634 = MANIFOLD_SOLID_BREP ( 'Cut-Extrude1', #2302 ) ;
#1635 = EDGE_LOOP ( 'NONE', ( #2715, #708, #2616, #2607 ) ) ;
#1636 = ITEM_DEFINED_TRANSFORMATION ( 'NONE', 'NONE', #282,  #1051 ) ;
#1637 = ADVANCED_FACE ( 'NONE', ( #2347 ), #317, .F. ) ;
#1638 = CARTESIAN_POINT ( 'NONE',  ( 2.596181090567001970, 0.1195999999999999980, -0.2812500000000009437 ) ) ;
#1639 = AXIS2_PLACEMENT_3D ( 'NONE', #2348, #2552, #1684 ) ;
#1640 = PERSON_AND_ORGANIZATION ( #2667, #921 ) ;
#1641 = DIRECTION ( 'NONE',  ( -0.000000000000000000, -0.000000000000000000, 1.000000000000000000 ) ) ;
#1642 = CARTESIAN_POINT ( 'NONE',  ( 3.096093749999999201, -0.1053999999999995774, 0.7406249999999996447 ) ) ;
#1643 = CIRCLE ( 'NONE', #2864, 0.06250000000000001388 ) ;
#1644 = CALENDAR_DATE ( 2026, 8, 7 ) ;
#1645 = LINE ( 'NONE', #104, #2007 ) ;
#1646 = LINE ( 'NONE', #1244, #1540 ) ;
#1647 = DIRECTION ( 'NONE',  ( 0.000000000000000000, 1.000000000000000000, 0.000000000000000000 ) ) ;
#1648 = CARTESIAN_POINT ( 'NONE',  ( -1.332291259447422549, -1.880400000000000293, 0.7406249999999995337 ) ) ;
#1649 = B_SPLINE_CURVE_WITH_KNOTS ( 'NONE', 3,
 ( #2119, #994, #548, #72, #983, #1895, #759, #1666, #2574, #535, #1480, #1305, #578, #2191, #382, #834, #1756, #354, #1030, #2396, #1057, #2380 ),
 .UNSPECIFIED., .F., .F.,
 ( 4, 2, 2, 2, 2, 2, 2, 2, 2, 2, 4 ),
 ( 3.605555036969182464E-17, 0.001121605434619226587, 0.001682408151928812016, 0.002243210869238397229, 0.003364816303857562016, 0.004486421738476726803, 0.005608027173095891590, 0.006168829890405474851, 0.006729632607715056378, 0.007851238042334226369, 0.008972843476953398095 ),
 .UNSPECIFIED. ) ;
#1650 = PLANE ( 'NONE',  #48 ) ;
#1651 = ORIENTED_EDGE ( 'NONE', *, *, #1870, .F. ) ;
#1652 = APPROVAL ( #2156, 'UNSPECIFIED' ) ;
#1653 = APPROVAL_ROLE ( '' ) ;
#1654 = ORIENTED_EDGE ( 'NONE', *, *, #935, .T. ) ;
#1655 = DIRECTION ( 'NONE',  ( 1.000000000000000000, 0.000000000000000000, -2.731847993664277517E-16 ) ) ;
#1656 = DIRECTION ( 'NONE',  ( 1.000000000000000000, 0.000000000000000000, 0.000000000000000000 ) ) ;
#1657 = DIRECTION ( 'NONE',  ( 1.000000000000000000, 0.000000000000000000, -2.731847993664277517E-16 ) ) ;
#1658 = LINE ( 'NONE', #2590, #1836 ) ;
#1659 = DIRECTION ( 'NONE',  ( 1.000000000000000000, 0.000000000000000000, 0.000000000000000000 ) ) ;
#1660 = ORIENTED_EDGE ( 'NONE', *, *, #1510, .T. ) ;
#1661 = DATE_AND_TIME ( #313, #1342 ) ;
#1662 = ORIENTED_EDGE ( 'NONE', *, *, #2157, .F. ) ;
#1663 = UNCERTAINTY_MEASURE_WITH_UNIT (LENGTH_MEASURE( 1.000000000000000082E-05 ), #2256, 'distance_accuracy_value', 'NONE');
#1664 = DIRECTION ( 'NONE',  ( 1.000000000000000000, 0.000000000000000000, 0.000000000000000000 ) ) ;
#1665 = DIRECTION ( 'NONE',  ( 1.000000000000000000, 0.000000000000000000, 0.000000000000000000 ) ) ;
#1666 = CARTESIAN_POINT ( 'NONE',  ( -2.275232989842145948, -2.480121793117255891, 0.6633926586348702914 ) ) ;
#1667 = ADVANCED_FACE ( 'NONE', ( #81 ), #301, .F. ) ;
#1668 = CARTESIAN_POINT ( 'NONE',  ( -2.596181090567001526, 0.1195999999999999980, 0.000000000000000000 ) ) ;
#1669 = DIRECTION ( 'NONE',  ( 0.3355903575378418879, 0.9420080211588559571, 0.000000000000000000 ) ) ;
#1670 = VECTOR ( 'NONE', #1641, 39.37007874015748143 ) ;
#1671 = CARTESIAN_POINT ( 'NONE',  ( 1.092238780267706488, -1.560580180180180632, 0.7406249999999995337 ) ) ;
#1672 = EDGE_CURVE ( 'NONE', #515, #2944, #2806, .T. ) ;
#1673 = PRODUCT_DEFINITION_FORMATION_WITH_SPECIFIED_SOURCE ( 'ANY', '', #1863, .NOT_KNOWN. ) ;
#1674 = FACE_OUTER_BOUND ( 'NONE', #729, .T. ) ;
#1675 = VECTOR ( 'NONE', #166, 39.37007874015748143 ) ;
#1676 = DIRECTION ( 'NONE',  ( 1.000000000000000000, -6.662942673733952051E-34, -1.214154663850783899E-16 ) ) ;
#1677 = ORIENTED_EDGE ( 'NONE', *, *, #297, .F. ) ;
#1678 = VECTOR ( 'NONE', #1285, 39.37007874015748143 ) ;
#1679 = ORIENTED_EDGE ( 'NONE', *, *, #1591, .T. ) ;
#1680 = EDGE_CURVE ( 'NONE', #1818, #2012, #1627, .T. ) ;
#1681 = DIRECTION ( 'NONE',  ( 0.000000000000000000, 1.000000000000000000, 0.000000000000000000 ) ) ;
#1682 = DIRECTION ( 'NONE',  ( 0.000000000000000000, 1.000000000000000000, 0.000000000000000000 ) ) ;
#1683 = EDGE_CURVE ( 'NONE', #1829, #2908, #1340, .T. ) ;
#1684 = DIRECTION ( 'NONE',  ( 0.000000000000000000, 0.000000000000000000, -1.000000000000000000 ) ) ;
#1685 = AXIS2_PLACEMENT_3D ( 'NONE', #2144, #1435, #85 ) ;
#1686 = CARTESIAN_POINT ( 'NONE',  ( 1.414587483416202662, -2.605399999999999050, 1.365625000000008082 ) ) ;
#1687 = CARTESIAN_POINT ( 'NONE',  ( -1.937499999999999778, -2.605399999999999050, 1.365625000000008527 ) ) ;
#1688 = CIRCLE ( 'NONE', #695, 0.06250000000000001388 ) ;
#1689 = CARTESIAN_POINT ( 'NONE',  ( 2.273750000000000160, -2.443352372546361728, 0.7564017014557264940 ) ) ;
#1690 = ORIENTED_EDGE ( 'NONE', *, *, #806, .T. ) ;
#1691 = CARTESIAN_POINT ( 'NONE',  ( -2.255937500000000817, -2.502146584583538225, 0.8329065144550986677 ) ) ;
#1692 = CARTESIAN_POINT ( 'NONE',  ( 3.015625000000000444, 0.1195999999999999980, 0.1181102362204724116 ) ) ;
#1693 = LINE ( 'NONE', #1894, #1064 ) ;
#1694 = LINE ( 'NONE', #2236, #215 ) ;
#1695 = LINE ( 'NONE', #2649, #1770 ) ;
#1696 = CARTESIAN_POINT ( 'NONE',  ( 3.278569173824158689, 0.1195999999999999980, 0.2683058261758410890 ) ) ;
#1697 = PRODUCT_DEFINITION ( 'UNKNOWN', '', #811, #1010 ) ;
#1698 = CARTESIAN_POINT ( 'NONE',  ( -3.296875000000000000, 0.1195999999999999980, 1.761203499570054550E-16 ) ) ;
#1699 = DIRECTION ( 'NONE',  ( 0.000000000000000000, 0.000000000000000000, 1.000000000000000000 ) ) ;
#1700 = CARTESIAN_POINT ( 'NONE',  ( -1.992142940765930126, -1.714297589384460307, -0.2500000000000009992 ) ) ;
#1701 = EDGE_LOOP ( 'NONE', ( #2879, #1654, #1978, #137 ) ) ;
#1702 = PERSON_AND_ORGANIZATION ( #2667, #921 ) ;
#1703 = ORIENTED_EDGE ( 'NONE', *, *, #1450, .T. ) ;
#1704 = CARTESIAN_POINT ( 'NONE',  ( -2.264843750000000711, -2.479550691788949379, 0.7894273521903191204 ) ) ;
#1705 = DIRECTION ( 'NONE',  ( 6.662942673733950341E-34, -1.000000000000000000, 1.097544303392439621E-17 ) ) ;
#1706 = CARTESIAN_POINT ( 'NONE',  ( 1.332291259447422549, -1.630399999999999849, -0.2500000000000009992 ) ) ;
#1707 = CARTESIAN_POINT ( 'NONE',  ( 3.122096559633558144, 0.07362375521718081406, 0.6527062377482841793 ) ) ;
#1708 = CYLINDRICAL_SURFACE ( 'NONE', #870, 0.3125000000000000000 ) ;
#1709 = ORIENTED_EDGE ( 'NONE', *, *, #297, .T. ) ;
#1710 = DIRECTION ( 'NONE',  ( -6.662942673733950341E-34, 1.000000000000000000, -1.097544303392439467E-17 ) ) ;
#1711 = CARTESIAN_POINT ( 'NONE',  ( 3.096093749999999201, -0.1053999999999995774, 0.6406249999999996669 ) ) ;
#1712 = EDGE_CURVE ( 'NONE', #1843, #835, #1448, .T. ) ;
#1713 = DIRECTION ( 'NONE',  ( 0.000000000000000000, 0.000000000000000000, 1.000000000000000000 ) ) ;
#1714 = EDGE_CURVE ( 'NONE', #1115, #2418, #1011, .T. ) ;
#1715 = ORIENTED_EDGE ( 'NONE', *, *, #1, .T. ) ;
#1716 = MECHANICAL_CONTEXT ( 'NONE', #402, 'mechanical' ) ;
#1717 = VECTOR ( 'NONE', #97, 39.37007874015748854 ) ;
#1718 = ORIENTED_EDGE ( 'NONE', *, *, #2118, .F. ) ;
#1719 = LOCAL_TIME ( 11, 24, 19.00000000000000000, #2305 ) ;
#1720 = AXIS2_PLACEMENT_3D ( 'NONE', #1119, #642, #2477 ) ;
#1721 = LINE ( 'NONE', #1237, #99 ) ;
#1722 = CARTESIAN_POINT ( 'NONE',  ( -3.296875000000000000, 0.1195999999999999980, 1.652950590382291866E-16 ) ) ;
#1723 = DIRECTION ( 'NONE',  ( 0.7071067811865514585, 0.000000000000000000, -0.7071067811865433539 ) ) ;
#1724 = CARTESIAN_POINT ( 'NONE',  ( -2.264843750000000711, -2.561124706381987970, 0.7267374412856782984 ) ) ;
#1726 = VERTEX_POINT ( 'NONE', #1864 ) ;
#1725 = AXIS2_PLACEMENT_3D ( 'NONE', #1074, #332, #2883 ) ;
#1727 = CARTESIAN_POINT ( 'NONE',  ( -2.250000000000000444, -2.505399999999998961, 0.8656250000000085265 ) ) ;
#1728 = DIRECTION ( 'NONE',  ( 0.000000000000000000, 1.000000000000000000, -3.278217592397115073E-15 ) ) ;
#1729 = ORIENTED_EDGE ( 'NONE', *, *, #2825, .T. ) ;
#1730 = EDGE_LOOP ( 'NONE', ( #634, #693, #1229, #2173 ) ) ;
#1731 = LINE ( 'NONE', #2673, #68 ) ;
#1732 = VECTOR ( 'NONE', #2382, 39.37007874015748143 ) ;
#1733 = CIRCLE ( 'NONE', #456, 0.2500000000000000555 ) ;
#1734 = APPLICATION_PROTOCOL_DEFINITION ( 'international standard', 'config_control_design', 1994, #402 ) ;
#1735 = EDGE_CURVE ( 'NONE', #2186, #1843, #1688, .T. ) ;
#1736 = ORIENTED_EDGE ( 'NONE', *, *, #367, .F. ) ;
#1737 = FACE_OUTER_BOUND ( 'NONE', #1599, .T. ) ;
#1738 = DIRECTION ( 'NONE',  ( -0.000000000000000000, -0.000000000000000000, 1.000000000000000000 ) ) ;
#1739 = DIRECTION ( 'NONE',  ( -0.000000000000000000, -0.000000000000000000, 1.000000000000000000 ) ) ;
#1740 = FACE_OUTER_BOUND ( 'NONE', #1730, .T. ) ;
#1741 = DIRECTION ( 'NONE',  ( 0.000000000000000000, 1.000000000000000000, 0.000000000000000000 ) ) ;
#1742 = EDGE_LOOP ( 'NONE', ( #963, #2538, #599, #443 ) ) ;
#1743 = DIRECTION ( 'NONE',  ( 0.000000000000000000, 1.000000000000000000, 0.000000000000000000 ) ) ;
#1744 = CARTESIAN_POINT ( 'NONE',  ( -1.092238780267707154, -1.560580180180179966, 0.7406249999999995337 ) ) ;
#1745 = VECTOR ( 'NONE', #2315, 39.37007874015748143 ) ;
#1746 = ORIENTED_EDGE ( 'NONE', *, *, #838, .T. ) ;
#1747 = ORIENTED_EDGE ( 'NONE', *, *, #2642, .F. ) ;
#1748 = B_SPLINE_CURVE_WITH_KNOTS ( 'NONE', 3,
 ( #2679, #1350, #1522, #1561, #2443, #640, #1545, #2033, #190, #1794, #2045, #2700, #2475, #428, #1333, #2252, #2737, #2539, #1433, #1868, #2143, #289 ),
 .UNSPECIFIED., .F., .F.,
 ( 4, 2, 2, 2, 2, 2, 2, 2, 2, 2, 4 ),
 ( 6.938893903907228378E-18, 0.001121605434619188640, 0.001682408151928784261, 0.002243210869238380315, 0.003364816303857571557, 0.004486421738476763232, 0.005608027173095955775, 0.006168829890405551179, 0.006729632607715148318, 0.007851238042334266268, 0.008972843476953384217 ),
 .UNSPECIFIED. ) ;
#1749 = CYLINDRICAL_SURFACE ( 'NONE', #2264, 0.1181102362204728279 ) ;
#1750 = PERSON_AND_ORGANIZATION ( #2667, #921 ) ;
#1751 = ORIENTED_EDGE ( 'NONE', *, *, #1490, .T. ) ;
#1752 = LINE ( 'NONE', #2544, #2803 ) ;
#1753 = CARTESIAN_POINT ( 'NONE',  ( -1.414587483416202662, -2.605399999999999050, 1.365625000000008527 ) ) ;
#1754 = CARTESIAN_POINT ( 'NONE',  ( -1.414587483416202662, -2.505399999999998961, 1.365625000000008527 ) ) ;
#1755 = DIRECTION ( 'NONE',  ( 0.000000000000000000, 1.000000000000000000, 0.000000000000000000 ) ) ;
#1756 = CARTESIAN_POINT ( 'NONE',  ( -2.259664242003446510, -2.585389154466817718, 0.7725762464374515970 ) ) ;
#1757 = ORIENTED_EDGE ( 'NONE', *, *, #2154, .T. ) ;
#1758 = FACE_OUTER_BOUND ( 'NONE', #2545, .T. ) ;
#1759 = CARTESIAN_POINT ( 'NONE',  ( 1.414587483416202662, -2.505399999999998961, 1.646875000000008082 ) ) ;
#1760 = EDGE_CURVE ( 'NONE', #1065, #1115, #1087, .T. ) ;
#1761 = DIRECTION ( 'NONE',  ( 0.7071067811865517916, -0.000000000000000000, 0.7071067811865431318 ) ) ;
#1762 = CIRCLE ( 'NONE', #569, 0.3125000000000000000 ) ;
#1763 = ORIENTED_EDGE ( 'NONE', *, *, #2858, .T. ) ;
#1764 = VERTEX_POINT ( 'NONE', #1302 ) ;
#1765 = EDGE_CURVE ( 'NONE', #279, #152, #2851, .T. ) ;
#1766 = DIRECTION ( 'NONE',  ( -0.000000000000000000, -0.000000000000000000, 1.000000000000000000 ) ) ;
#1767 = ADVANCED_FACE ( 'NONE', ( #1999 ), #2658, .T. ) ;
#1768 = ORIENTED_EDGE ( 'NONE', *, *, #1683, .T. ) ;
#1769 = AXIS2_PLACEMENT_3D ( 'NONE', #555, #1217, #139 ) ;
#1770 = VECTOR ( 'NONE', #2840, 39.37007874015748143 ) ;
#1771 = DIRECTION ( 'NONE',  ( 0.000000000000000000, 0.000000000000000000, 1.000000000000000000 ) ) ;
#1772 = CARTESIAN_POINT ( 'NONE',  ( 3.127634873792616066, 0.09683205116195063578, 0.6153476479030975943 ) ) ;
#1773 = EDGE_CURVE ( 'NONE', #1306, #2358, #2896, .T. ) ;
#1774 = ORIENTED_EDGE ( 'NONE', *, *, #2248, .T. ) ;
#1775 = CARTESIAN_POINT ( 'NONE',  ( -2.596181090567001970, 0.1195999999999999980, -0.2812500000000000000 ) ) ;
#1776 = CIRCLE ( 'NONE', #487, 0.1181102362204728279 ) ;
#1777 = VECTOR ( 'NONE', #2321, 39.37007874015748143 ) ;
#1778 = DIRECTION ( 'NONE',  ( -1.000000000000000000, -6.662942673733950341E-34, 0.000000000000000000 ) ) ;
#1779 = DIRECTION ( 'NONE',  ( 0.000000000000000000, 0.000000000000000000, 1.000000000000000000 ) ) ;
#1780 = CARTESIAN_POINT ( 'NONE',  ( -2.252969279873883846, -2.605399999999999050, 0.8361673120897673561 ) ) ;
#1781 = ORIENTED_EDGE ( 'NONE', *, *, #2112, .T. ) ;
#1782 = PLANE ( 'NONE',  #541 ) ;
#1783 = ADVANCED_FACE ( 'NONE', ( #159 ), #1950, .T. ) ;
#1784 = CARTESIAN_POINT ( 'NONE',  ( 1.332291259447422549, -1.880400000000000071, 0.6406250000000059952 ) ) ;
#1785 = CIRCLE ( 'NONE', #773, 0.1181102362204728279 ) ;
#1786 = ORIENTED_EDGE ( 'NONE', *, *, #2849, .T. ) ;
#1787 = AXIS2_PLACEMENT_3D ( 'NONE', #746, #302, #1656 ) ;
#1788 = EDGE_LOOP ( 'NONE', ( #1357, #1491, #2303, #156 ) ) ;
#1789 = CARTESIAN_POINT ( 'NONE',  ( -3.110937499999999467, 0.008417889563822946244, 0.7131007237680618838 ) ) ;
#1790 = ORIENTED_EDGE ( 'NONE', *, *, #2391, .T. ) ;
#1791 = AXIS2_PLACEMENT_3D ( 'NONE', #2838, #623, #2446 ) ;
#1792 = PERSON_AND_ORGANIZATION_ROLE ( 'creator' ) ;
#1793 = DIRECTION ( 'NONE',  ( 1.000000000000000000, 1.365923996832132102E-16, 0.000000000000000000 ) ) ;
#1794 = CARTESIAN_POINT ( 'NONE',  ( 2.264823000624923477, -2.559422363339858730, 0.7285417290893994036 ) ) ;
#1795 = CARTESIAN_POINT ( 'NONE',  ( 2.261874999999999858, -2.577001937379706398, 0.7523107294165563008 ) ) ;
#1796 = CARTESIAN_POINT ( 'NONE',  ( 1.332291259447422549, -1.880400000000000071, -0.2500000000000009992 ) ) ;
#1797 = VERTEX_POINT ( 'NONE', #863 ) ;
#1798 = CARTESIAN_POINT ( 'NONE',  ( -1.414587483416202662, -2.605399999999999050, 1.365625000000008527 ) ) ;
#1799 = ORIENTED_EDGE ( 'NONE', *, *, #946, .F. ) ;
#1800 = DIRECTION ( 'NONE',  ( 0.000000000000000000, 0.000000000000000000, 1.000000000000000000 ) ) ;
#1801 = ORIENTED_EDGE ( 'NONE', *, *, #260, .F. ) ;
#1802 = ORIENTED_EDGE ( 'NONE', *, *, #1, .F. ) ;
#1803 = DIRECTION ( 'NONE',  ( -0.9420080211588558461, 0.3355903575378419990, -1.110252599851166768E-15 ) ) ;
#1804 = DATE_TIME_ROLE ( 'classification_date' ) ;
#1805 = ORIENTED_EDGE ( 'NONE', *, *, #1819, .F. ) ;
#1806 = CARTESIAN_POINT ( 'NONE',  ( 3.105405789030177832, -0.03264221266456843185, 0.7290396510398894359 ) ) ;
#1807 = DIRECTION ( 'NONE',  ( 0.000000000000000000, 0.000000000000000000, 1.000000000000000000 ) ) ;
#1808 = CARTESIAN_POINT ( 'NONE',  ( -1.092238780267707154, -1.560580180180179966, -0.2500000000000009992 ) ) ;
#1809 = ADVANCED_FACE ( 'NONE', ( #812, #352, #2612 ), #2628, .F. ) ;
#1810 = ORIENTED_EDGE ( 'NONE', *, *, #2201, .T. ) ;
#1811 = FACE_BOUND ( 'NONE', #2026, .T. ) ;
#1812 = ORIENTED_EDGE ( 'NONE', *, *, #191, .T. ) ;
#1813 = FACE_OUTER_BOUND ( 'NONE', #2010, .T. ) ;
#1814 = EDGE_CURVE ( 'NONE', #355, #686, #1594, .T. ) ;
#1815 = EDGE_LOOP ( 'NONE', ( #1571, #1854, #1651, #1662 ) ) ;
#1816 = DIRECTION ( 'NONE',  ( -6.662942673733950341E-34, 1.000000000000000000, -1.097544303392439621E-17 ) ) ;
#1817 = ADVANCED_FACE ( 'NONE', ( #622 ), #2160, .F. ) ;
#1818 = VERTEX_POINT ( 'NONE', #2837 ) ;
#1819 = EDGE_CURVE ( 'NONE', #95, #2073, #330, .T. ) ;
#1820 = PRODUCT ( 'ECM Mount Assembly', 'ECM Mount Assembly', '', ( #1716 ) ) ;
#1821 = CARTESIAN_POINT ( 'NONE',  ( -9.163073478748884727E-17, -1.242900000000000338, -0.2500000000000009992 ) ) ;
#1822 = CARTESIAN_POINT ( 'NONE',  ( -1.756640935476216248, -1.880400000000000071, 0.6406250000000045519 ) ) ;
#1823 = AXIS2_PLACEMENT_3D ( 'NONE', #888, #452, #931 ) ;
#1824 = CALENDAR_DATE ( 2026, 8, 7 ) ;
#1825 = PRODUCT_DEFINITION_FORMATION_WITH_SPECIFIED_SOURCE ( 'ANY', '', #1820, .NOT_KNOWN. ) ;
#1826 = ORIENTED_EDGE ( 'NONE', *, *, #2813, .F. ) ;
#1827 = AXIS2_PLACEMENT_3D ( 'NONE', #422, #597, #1308 ) ;
#1828 = DIRECTION ( 'NONE',  ( -0.3355903575378423320, 0.9420080211588557351, 0.000000000000000000 ) ) ;
#1829 = VERTEX_POINT ( 'NONE', #130 ) ;
#1830 = CIRCLE ( 'NONE', #2772, 0.2500000000000000555 ) ;
#1831 = CARTESIAN_POINT ( 'NONE',  ( -3.078125000000000000, 0.1195999999999999980, -0.1181102362204724116 ) ) ;
#1832 = ORIENTED_EDGE ( 'NONE', *, *, #1027, .F. ) ;
#1833 = DIRECTION ( 'NONE',  ( 0.9420080211588559571, -0.3355903575378419434, 0.000000000000000000 ) ) ;
#1834 = ORIENTED_EDGE ( 'NONE', *, *, #175, .T. ) ;
#1835 = PERSON_AND_ORGANIZATION ( #2667, #921 ) ;
#1836 = VECTOR ( 'NONE', #2799, 39.37007874015748143 ) ;
#1837 = CC_DESIGN_PERSON_AND_ORGANIZATION_ASSIGNMENT ( #2310, #915, ( #529 ) ) ;
#1838 = DIRECTION ( 'NONE',  ( 0.000000000000000000, 1.000000000000000000, 0.000000000000000000 ) ) ;
#1839 = DIRECTION ( 'NONE',  ( 0.000000000000000000, 0.000000000000000000, 1.000000000000000000 ) ) ;
#1840 = CALENDAR_DATE ( 2026, 8, 7 ) ;
#1841 = ORIENTED_EDGE ( 'NONE', *, *, #2123, .T. ) ;
#1842 = CARTESIAN_POINT ( 'NONE',  ( -3.140624999999999112, 0.01959999999999999243, 0.4321383476483187103 ) ) ;
#1843 = VERTEX_POINT ( 'NONE', #1981 ) ;
#1844 = CARTESIAN_POINT ( 'NONE',  ( -3.125781249999999734, 0.003823298544281739618, 0.5785773725463622119 ) ) ;
#1845 = DIRECTION ( 'NONE',  ( 0.000000000000000000, 1.000000000000000000, 0.000000000000000000 ) ) ;
#1846 = ORIENTED_EDGE ( 'NONE', *, *, #47, .F. ) ;
#1847 = EDGE_CURVE ( 'NONE', #2848, #823, #2444, .T. ) ;
#1848 = APPROVAL_STATUS ( 'not_yet_approved' ) ;
#1849 = CARTESIAN_POINT ( 'NONE',  ( 2.596181090567001970, 0.01959999999999999243, 0.1181102362204724532 ) ) ;
#1850 = CARTESIAN_POINT ( 'NONE',  ( 3.015625000000000444, 0.01959999999999999243, 0.1181102362204724532 ) ) ;
#1851 = ADVANCED_FACE ( 'NONE', ( #2222 ), #1493, .F. ) ;
#1852 = VERTEX_POINT ( 'NONE', #1964 ) ;
#1853 = CARTESIAN_POINT ( 'NONE',  ( 3.140624999999998668, 0.1195999999999999980, 0.4321383476483182107 ) ) ;
#1854 = ORIENTED_EDGE ( 'NONE', *, *, #2090, .F. ) ;
#1855 = CARTESIAN_POINT ( 'NONE',  ( -3.103515624999999556, -0.07294587981829307732, 0.6363878721801040639 ) ) ;
#1856 = ADVANCED_FACE ( 'NONE', ( #604 ), #2866, .F. ) ;
#1857 = LINE ( 'NONE', #639, #2525 ) ;
#1858 = VERTEX_POINT ( 'NONE', #380 ) ;
#1859 = CIRCLE ( 'NONE', #1098, 0.1181102362204728279 ) ;
#1860 = CARTESIAN_POINT ( 'NONE',  ( -9.163073478748884727E-17, -1.242900000000000338, 0.7406249999999995337 ) ) ;
#1861 = VERTEX_POINT ( 'NONE', #1284 ) ;
#1862 = DATE_AND_TIME ( #2786, #483 ) ;
#1863 = PRODUCT ( 'LS ECM Bracket', 'LS ECM Bracket', '', ( #1145 ) ) ;
#1864 = CARTESIAN_POINT ( 'NONE',  ( -2.032734685476215830, -0.6053999999999996051, 0.7406249999999995337 ) ) ;
#1865 = CARTESIAN_POINT ( 'NONE',  ( -1.756640935476216248, -1.630399999999999627, -0.2500000000000009992 ) ) ;
#1866 = SECURITY_CLASSIFICATION ( '', '', #754 ) ;
#1867 = VECTOR ( 'NONE', #1682, 39.37007874015748143 ) ;
#1868 = CARTESIAN_POINT ( 'NONE',  ( 2.282645718290144288, -2.409956476618285492, 0.6420822285199646595 ) ) ;
#1869 = CARTESIAN_POINT ( 'NONE',  ( 4.605179909717615023E-17, 2.100376524822842211E-15, 0.7406249999999995337 ) ) ;
#1870 = EDGE_CURVE ( 'NONE', #923, #232, #2206, .T. ) ;
#1871 = CARTESIAN_POINT ( 'NONE',  ( 1.992142940765929682, -1.714297589384460085, 0.7406249999999995337 ) ) ;
#1872 = VECTOR ( 'NONE', #1739, 39.37007874015748143 ) ;
#1873 = CARTESIAN_POINT ( 'NONE',  ( -3.136913403883875073, 0.1195999999999994706, 0.5450826583364459799 ) ) ;
#1874 = ORIENTED_EDGE ( 'NONE', *, *, #1233, .T. ) ;
#1875 = VECTOR ( 'NONE', #2055, 39.37007874015748143 ) ;
#1876 = CARTESIAN_POINT ( 'NONE',  ( -3.203124999999999556, 0.1195999999999999980, 0.4321383476483187103 ) ) ;
#1877 = ORIENTED_EDGE ( 'NONE', *, *, #667, .F. ) ;
#1878 = SECURITY_CLASSIFICATION_LEVEL ( 'unclassified' ) ;
#1879 = DIRECTION ( 'NONE',  ( 1.000000000000000000, 6.437728477207319456E-16, 0.000000000000000000 ) ) ;
#1880 = AXIS2_PLACEMENT_3D ( 'NONE', #1268, #2188, #1052 ) ;
#1881 = CARTESIAN_POINT ( 'NONE',  ( -3.127612907260479247, 0.006907531865337148032, 0.5711132266089428144 ) ) ;
#1882 = VECTOR ( 'NONE', #2404, 39.37007874015748143 ) ;
#1883 = CARTESIAN_POINT ( 'NONE',  ( -2.249999999999999556, -2.605399999999999050, 1.365625000000008527 ) ) ;
#1884 = CARTESIAN_POINT ( 'NONE',  ( -2.269300273115869793, -2.462988097775124618, 0.7714404165495958310 ) ) ;
#1885 = CARTESIAN_POINT ( 'NONE',  ( -1.332291259447422549, -1.630400000000000071, 0.7406249999999995337 ) ) ;
#1886 = DIRECTION ( 'NONE',  ( 0.000000000000000000, 1.000000000000000000, 0.000000000000000000 ) ) ;
#1887 = VERTEX_POINT ( 'NONE', #1335 ) ;
#1888 = ADVANCED_FACE ( 'NONE', ( #2266 ), #2516, .F. ) ;
#1889 = APPROVAL_DATE_TIME ( #2528, #288 ) ;
#1890 = EDGE_LOOP ( 'NONE', ( #607, #778, #1045, #1508 ) ) ;
#1891 = EDGE_CURVE ( 'NONE', #2507, #1247, #262, .T. ) ;
#1892 = CYLINDRICAL_SURFACE ( 'NONE', #201, 0.2500000000000000555 ) ;
#1893 = EDGE_CURVE ( 'NONE', #1037, #2859, #2456, .T. ) ;
#1894 = CARTESIAN_POINT ( 'NONE',  ( -3.140624999999999112, 0.01959999999999999243, 0.4062500000000001665 ) ) ;
#1895 = CARTESIAN_POINT ( 'NONE',  ( -2.278212980940715227, -2.452668111529727746, 0.6524190663691121772 ) ) ;
#1896 = DIRECTION ( 'NONE',  ( -1.000000000000000000, -0.000000000000000000, 1.836970198721029688E-16 ) ) ;
#1897 = DIRECTION ( 'NONE',  ( -0.000000000000000000, -1.000000000000000000, -0.000000000000000000 ) ) ;
#1898 = ADVANCED_FACE ( 'NONE', ( #2034 ), #2060, .F. ) ;
#1899 = CARTESIAN_POINT ( 'NONE',  ( 2.270781249999999751, -2.457218339996863676, 0.7656666447002362652 ) ) ;
#1900 = EDGE_CURVE ( 'NONE', #2863, #584, #937, .T. ) ;
#1901 = ORIENTED_EDGE ( 'NONE', *, *, #2333, .F. ) ;
#1902 = DATE_AND_TIME ( #25, #815 ) ;
#1903 = ADVANCED_FACE ( 'NONE', ( #2046 ), #2237, .F. ) ;
#1904 = VERTEX_POINT ( 'NONE', #2505 ) ;
#1905 = VECTOR ( 'NONE', #2644, 39.37007874015748143 ) ;
#1906 = CARTESIAN_POINT ( 'NONE',  ( -1.332291259447422993, -0.6054000000000002712, 0.6406250000000018874 ) ) ;
#1907 = CARTESIAN_POINT ( 'NONE',  ( 3.140624999999998668, 0.1195999999999999980, 0.4999999999999997224 ) ) ;
#1908 = DIRECTION ( 'NONE',  ( -6.662942673733950341E-34, 1.000000000000000000, -1.097544303392439467E-17 ) ) ;
#1909 = AXIS2_PLACEMENT_3D ( 'NONE', #476, #1163, #2241 ) ;
#1910 = CARTESIAN_POINT ( 'NONE',  ( -1.332291259447422549, -1.630400000000000071, 0.6406250000000052180 ) ) ;
#1911 = VECTOR ( 'NONE', #581, 39.37007874015748143 ) ;
#1912 = CARTESIAN_POINT ( 'NONE',  ( 2.252969268198822927, -2.505399999999998961, 0.8492596821755155068 ) ) ;
#1913 = ORIENTED_EDGE ( 'NONE', *, *, #1369, .F. ) ;
#1914 = PERSON_AND_ORGANIZATION_ROLE ( 'classification_officer' ) ;
#1915 = EDGE_LOOP ( 'NONE', ( #1084, #2279, #2136, #2885, #655, #2499, #1273, #2470, #1991, #374 ) ) ;
#1916 = VECTOR ( 'NONE', #1035, 39.37007874015748143 ) ;
#1917 = APPROVAL ( #2049, 'UNSPECIFIED' ) ;
#1918 = CARTESIAN_POINT ( 'NONE',  ( -2.270781250000000639, -2.456597647809688922, 0.7664743082110583305 ) ) ;
#1919 = CARTESIAN_POINT ( 'NONE',  ( -3.078125000000000000, 0.1195999999999999980, -0.1181102362204724116 ) ) ;
#1920 = ADVANCED_FACE ( 'NONE', ( #1118 ), #2940, .F. ) ;
#1921 = DIRECTION ( 'NONE',  ( 1.000000000000000000, 9.926472649196417146E-17, -6.070773319253952776E-17 ) ) ;
#1922 = VECTOR ( 'NONE', #1423, 39.37007874015748143 ) ;
#1923 = CARTESIAN_POINT ( 'NONE',  ( 1.662282886008527472, -2.605399999999999494, 1.513651315789481755 ) ) ;
#1924 = CARTESIAN_POINT ( 'NONE',  ( 2.596181090567001970, 0.01959999999999999243, 0.1181102362204724532 ) ) ;
#1925 =( REPRESENTATION_RELATIONSHIP ('NONE','NONE', #1248, #22 ) REPRESENTATION_RELATIONSHIP_WITH_TRANSFORMATION ( #1617 )SHAPE_REPRESENTATION_RELATIONSHIP( ) );
#1926 = PLANE ( 'NONE',  #683 ) ;
#1927 = VECTOR ( 'NONE', #2312, 39.37007874015748143 ) ;
#1928 = LINE ( 'NONE', #1700, #2069 ) ;
#1929 = CARTESIAN_POINT ( 'NONE',  ( 2.279687500000000089, -2.413118485544909486, 0.7438784154164691520 ) ) ;
#1930 = ORIENTED_EDGE ( 'NONE', *, *, #2645, .T. ) ;
#1931 = APPROVAL_DATE_TIME ( #585, #1652 ) ;
#1932 = ORIENTED_EDGE ( 'NONE', *, *, #1049, .F. ) ;
#1933 = ADVANCED_FACE ( 'NONE', ( #448 ), #1605, .T. ) ;
#1934 = CARTESIAN_POINT ( 'NONE',  ( -2.261875000000000746, -2.488740774292043323, 0.8031812826238210468 ) ) ;
#1935 = DIRECTION ( 'NONE',  ( 1.000000000000000000, 0.000000000000000000, 0.000000000000000000 ) ) ;
#1936 = EDGE_CURVE ( 'NONE', #2494, #1534, #2076, .T. ) ;
#1937 = CARTESIAN_POINT ( 'NONE',  ( -9.163073478748884727E-17, -1.242900000000000338, 0.7406249999999995337 ) ) ;
#1938 = DIRECTION ( 'NONE',  ( 0.000000000000000000, 1.000000000000000000, 0.000000000000000000 ) ) ;
#1939 = DIRECTION ( 'NONE',  ( 0.000000000000000000, 1.000000000000000000, 0.000000000000000000 ) ) ;
#1940 = ORIENTED_EDGE ( 'NONE', *, *, #479, .F. ) ;
#1941 = CARTESIAN_POINT ( 'NONE',  ( -2.260401774088027782, -2.492724277417803780, 0.8101769663598629156 ) ) ;
#1942 = CARTESIAN_POINT ( 'NONE',  ( -9.163073478748884727E-17, -1.242900000000000338, -0.2500000000000009992 ) ) ;
#1943 = CARTESIAN_POINT ( 'NONE',  ( -3.078125000000000000, 0.01959999999999999243, 0.000000000000000000 ) ) ;
#1944 = DIRECTION ( 'NONE',  ( 1.000000000000000000, 1.365923996832132102E-16, 0.000000000000000000 ) ) ;
#1945 = EDGE_CURVE ( 'NONE', #1348, #410, #1351, .T. ) ;
#1946 = ORIENTED_EDGE ( 'NONE', *, *, #1454, .T. ) ;
#1947 = CALENDAR_DATE ( 2026, 8, 7 ) ;
#1948 = ORIENTED_EDGE ( 'NONE', *, *, #1672, .T. ) ;
#1949 = CARTESIAN_POINT ( 'NONE',  ( -2.285625000000000462, -2.380399999999999405, 0.7416350000000085929 ) ) ;
#1950 = CYLINDRICAL_SURFACE ( 'NONE', #1120, 0.2499999999999998612 ) ;
#1951 = DIRECTION ( 'NONE',  ( 1.000000000000000000, -0.000000000000000000, -0.000000000000000000 ) ) ;
#1952 = CARTESIAN_POINT ( 'NONE',  ( 3.078125000000000000, 0.1195999999999999980, 0.1181102362204723977 ) ) ;
#1953 = ORIENTED_EDGE ( 'NONE', *, *, #2090, .T. ) ;
#1954 = DIRECTION ( 'NONE',  ( 0.000000000000000000, 0.000000000000000000, 1.000000000000000000 ) ) ;
#1955 = CARTESIAN_POINT ( 'NONE',  ( 1.092238780267706488, -0.9252198198198203771, 0.7406249999999995337 ) ) ;
#1956 = ADVANCED_FACE ( 'NONE', ( #1377 ), #2291, .F. ) ;
#1957 = ORIENTED_EDGE ( 'NONE', *, *, #1017, .T. ) ;
#1958 = FACE_OUTER_BOUND ( 'NONE', #312, .T. ) ;
#1959 = AXIS2_PLACEMENT_3D ( 'NONE', #2843, #804, #193 ) ;
#1960 =( CONVERSION_BASED_UNIT ( 'INCH', #794 ) LENGTH_UNIT ( ) NAMED_UNIT ( #2608 ) );
#1961 = ORIENTED_EDGE ( 'NONE', *, *, #407, .F. ) ;
#1962 = AXIS2_PLACEMENT_3D ( 'NONE', #1860, #38, #703 ) ;
#1963 = FACE_OUTER_BOUND ( 'NONE', #672, .T. ) ;
#1964 = CARTESIAN_POINT ( 'NONE',  ( -3.096093749999999645, -0.1054000000000003684, 0.7406250000000000888 ) ) ;
#1965 = DIRECTION ( 'NONE',  ( 0.000000000000000000, -0.000000000000000000, 1.000000000000000000 ) ) ;
#1966 = DIRECTION ( 'NONE',  ( 6.662942673733950341E-34, -1.000000000000000000, 1.097544303392439621E-17 ) ) ;
#1967 = CARTESIAN_POINT ( 'NONE',  ( -2.252969279990634455, -2.606399999999998940, 0.8360363883889098124 ) ) ;
#1969 = ORIENTED_EDGE ( 'NONE', *, *, #792, .F. ) ;
#1968 = AXIS2_PLACEMENT_3D ( 'NONE', #1885, #1699, #2341 ) ;
#1970 = DIRECTION ( 'NONE',  ( -0.000000000000000000, -0.000000000000000000, 1.000000000000000000 ) ) ;
#1971 = CARTESIAN_POINT ( 'NONE',  ( -1.937499999999999778, -2.605399999999999050, 1.247514763779535629 ) ) ;
#1972 = ORIENTED_EDGE ( 'NONE', *, *, #1989, .F. ) ;
#1973 = VERTEX_POINT ( 'NONE', #1618 ) ;
#1974 = FACE_OUTER_BOUND ( 'NONE', #2041, .T. ) ;
#1975 = AXIS2_PLACEMENT_3D ( 'NONE', #1460, #2409, #1935 ) ;
#1976 = CIRCLE ( 'NONE', #1725, 0.2812500000000001665 ) ;
#1977 = COORDINATED_UNIVERSAL_TIME_OFFSET ( 6, 0, .BEHIND. ) ;
#1979 = EDGE_CURVE ( 'NONE', #1339, #2889, #108, .T. ) ;
#1978 = ORIENTED_EDGE ( 'NONE', *, *, #1712, .F. ) ;
#1980 = CARTESIAN_POINT ( 'NONE',  ( 3.110937499999998135, 0.008417889563823709523, 0.7131007237680618838 ) ) ;
#1981 = CARTESIAN_POINT ( 'NONE',  ( -3.278569173824160021, 0.1195999999999999980, 0.2683058261758411445 ) ) ;
#1982 = CYLINDRICAL_SURFACE ( 'NONE', #2255, 0.06250000000000001388 ) ;
#1983 = EDGE_CURVE ( 'NONE', #2848, #1315, #67, .T. ) ;
#1984 = DIRECTION ( 'NONE',  ( 0.000000000000000000, 1.000000000000000000, -3.482355684231370258E-15 ) ) ;
#1985 = APPLICATION_CONTEXT ( 'configuration controlled 3d designs of mechanical parts and assemblies' ) ;
#1986 = CARTESIAN_POINT ( 'NONE',  ( -2.279687500000000089, -2.439555021865197126, 0.6455071750729695079 ) ) ;
#1987 = ORIENTED_EDGE ( 'NONE', *, *, #2939, .F. ) ;
#1988 = DIRECTION ( 'NONE',  ( 9.750423418036215341E-16, 1.000000000000000000, 0.000000000000000000 ) ) ;
#1989 = EDGE_CURVE ( 'NONE', #1277, #856, #999, .T. ) ;
#1990 = DIRECTION ( 'NONE',  ( -6.070773319253918263E-17, -3.502456781877057751E-15, -1.000000000000000000 ) ) ;
#1991 = ORIENTED_EDGE ( 'NONE', *, *, #4, .T. ) ;
#1992 = ORIENTED_EDGE ( 'NONE', *, *, #2825, .F. ) ;
#1993 = CARTESIAN_POINT ( 'NONE',  ( 2.268236690765929708, -0.9392975893844592861, 0.7406249999999995337 ) ) ;
#1994 = EDGE_CURVE ( 'NONE', #95, #2484, #2529, .T. ) ;
#1995 = ORIENTED_EDGE ( 'NONE', *, *, #2943, .T. ) ;
#1996 = CARTESIAN_POINT ( 'NONE',  ( 3.114648437499997868, -0.02920235219030983820, 0.6147756917889500849 ) ) ;
#1997 = CARTESIAN_POINT ( 'NONE',  ( -1.332291259447422549, -1.880400000000000293, 0.6406250000000062172 ) ) ;
#1998 = ADVANCED_FACE ( 'NONE', ( #2354 ), #311, .F. ) ;
#1999 = FACE_OUTER_BOUND ( 'NONE', #2332, .T. ) ;
#2000 = PLANE ( 'NONE',  #925 ) ;
#2001 = CARTESIAN_POINT ( 'NONE',  ( 2.249999999999999556, -2.505399999999998961, 0.8656250000000085265 ) ) ;
#2002 = CARTESIAN_POINT ( 'NONE',  ( -9.163073478748884727E-17, -1.242900000000000338, 0.6406250000000038858 ) ) ;
#2003 = CARTESIAN_POINT ( 'NONE',  ( -2.270781250000000639, -2.519287558714330189, 0.6849002936180202950 ) ) ;
#2004 = VERTEX_POINT ( 'NONE', #987 ) ;
#2005 = CARTESIAN_POINT ( 'NONE',  ( 2.282734685476215386, -0.8553999999999989390, -0.2500000000000009992 ) ) ;
#2006 = DIRECTION ( 'NONE',  ( -6.662942673733950341E-34, 1.000000000000000000, -1.097544303392439467E-17 ) ) ;
#2007 = VECTOR ( 'NONE', #774, 39.37007874015748143 ) ;
#2008 = ORIENTED_EDGE ( 'NONE', *, *, #62, .T. ) ;
#2009 = PRODUCT ( 'LS ECM Blue Green', 'LS ECM Blue Green', '', ( #911 ) ) ;
#2010 = EDGE_LOOP ( 'NONE', ( #586, #1502, #463, #1446 ) ) ;
#2011 = CARTESIAN_POINT ( 'NONE',  ( -3.138753208030935049, 0.1195999999999995123, 0.5304807673239451127 ) ) ;
#2012 = VERTEX_POINT ( 'NONE', #1213 ) ;
#2013 = APPROVAL_PERSON_ORGANIZATION ( #29, #1917, #968 ) ;
#2014 = APPROVAL_DATE_TIME ( #460, #1083 ) ;
#2015 = CARTESIAN_POINT ( 'NONE',  ( 3.122070312499997780, 0.07452503953959103977, 0.6538980119943554881 ) ) ;
#2016 = CARTESIAN_POINT ( 'NONE',  ( 3.131360223647765118, 0.1078065389773150001, 0.5878912428368550103 ) ) ;
#2017 = CARTESIAN_POINT ( 'NONE',  ( 2.264843749999999822, -2.560325039539590009, 0.7273519880056528164 ) ) ;
#2018 = CARTESIAN_POINT ( 'NONE',  ( -9.163073478748884727E-17, -1.242900000000000338, -0.2500000000000009992 ) ) ;
#2019 = CIRCLE ( 'NONE', #1827, 1.137499999999999512 ) ;
#2020 = CIRCLE ( 'NONE', #1962, 0.6375000000000000666 ) ;
#2021 = CARTESIAN_POINT ( 'NONE',  ( -1.756640935476216248, -1.880400000000000071, 0.7406249999999995337 ) ) ;
#2022 = CC_DESIGN_PERSON_AND_ORGANIZATION_ASSIGNMENT ( #493, #1161, ( #1673 ) ) ;
#2023 = VERTEX_POINT ( 'NONE', #2135 ) ;
#2024 = DIRECTION ( 'NONE',  ( 0.000000000000000000, 1.000000000000000000, 0.000000000000000000 ) ) ;
#2025 = VERTEX_POINT ( 'NONE', #90 ) ;
#2026 = EDGE_LOOP ( 'NONE', ( #6, #187 ) ) ;
#2027 = EDGE_LOOP ( 'NONE', ( #571, #409, #1125, #505 ) ) ;
#2028 = CARTESIAN_POINT ( 'NONE',  ( -3.096093749999999201, -0.1053999999999999243, 0.7406249999999996447 ) ) ;
#2029 = EDGE_CURVE ( 'NONE', #2431, #756, #1353, .T. ) ;
#2030 = ORIENTED_EDGE ( 'NONE', *, *, #2363, .F. ) ;
#2031 = CIRCLE ( 'NONE', #1354, 0.2500000000000000555 ) ;
#2032 = PERSON_AND_ORGANIZATION ( #2667, #921 ) ;
#2033 = CARTESIAN_POINT ( 'NONE',  ( 2.260392010157854514, -2.582632341365137751, 0.7659032068827540396 ) ) ;
#2034 = FACE_OUTER_BOUND ( 'NONE', #2406, .T. ) ;
#2035 = LINE ( 'NONE', #1796, #1872 ) ;
#2036 = LINE ( 'NONE', #2932, #1344 ) ;
#2037 = EDGE_CURVE ( 'NONE', #2785, #1113, #1694, .T. ) ;
#2038 = ORIENTED_EDGE ( 'NONE', *, *, #125, .T. ) ;
#2039 = DIRECTION ( 'NONE',  ( 0.000000000000000000, 0.000000000000000000, 1.000000000000000000 ) ) ;
#2040 = EDGE_CURVE ( 'NONE', #686, #856, #590, .T. ) ;
#2041 = EDGE_LOOP ( 'NONE', ( #906, #1763, #1215, #2919 ) ) ;
#2042 = ORIENTED_EDGE ( 'NONE', *, *, #412, .F. ) ;
#2043 = CARTESIAN_POINT ( 'NONE',  ( 3.296875000000000000, 0.1195999999999999980, 0.2500000000000001110 ) ) ;
#2044 = VERTEX_POINT ( 'NONE', #1997 ) ;
#2045 = CARTESIAN_POINT ( 'NONE',  ( 2.266325344373550710, -2.549927819801667273, 0.7169621904804757140 ) ) ;
#2046 = FACE_OUTER_BOUND ( 'NONE', #2760, .T. ) ;
#2047 = CARTESIAN_POINT ( 'NONE',  ( 3.125800134738673020, 0.003878572691561030933, 0.5785100666256268731 ) ) ;
#2048 = CARTESIAN_POINT ( 'NONE',  ( 0.000000000000000000, 0.000000000000000000, 0.000000000000000000 ) ) ;
#2049 = APPROVAL_STATUS ( 'not_yet_approved' ) ;
#2050 = ORIENTED_EDGE ( 'NONE', *, *, #2943, .F. ) ;
#2051 = CARTESIAN_POINT ( 'NONE',  ( 2.270754330078395000, -2.456767516281044728, 0.7663265543817842085 ) ) ;
#2052 = ORIENTED_EDGE ( 'NONE', *, *, #1254, .F. ) ;
#2053 = LINE ( 'NONE', #2733, #20 ) ;
#2054 = ORIENTED_EDGE ( 'NONE', *, *, #989, .F. ) ;
#2055 = DIRECTION ( 'NONE',  ( 0.000000000000000000, 0.000000000000000000, -1.000000000000000000 ) ) ;
#2056 = ADVANCED_FACE ( 'NONE', ( #898 ), #787, .F. ) ;
#2057 = CIRCLE ( 'NONE', #2763, 0.2812499999999998890 ) ;
#2058 = ORIENTED_EDGE ( 'NONE', *, *, #1994, .F. ) ;
#2059 = CALENDAR_DATE ( 2026, 8, 7 ) ;
#2060 = CYLINDRICAL_SURFACE ( 'NONE', #650, 0.1181102362204724116 ) ;
#2061 = LOCAL_TIME ( 11, 24, 19.00000000000000000, #2371 ) ;
#2062 = ORIENTED_EDGE ( 'NONE', *, *, #2248, .F. ) ;
#2063 = AXIS2_PLACEMENT_3D ( 'NONE', #839, #1078, #2434 ) ;
#2064 = DIRECTION ( 'NONE',  ( 0.000000000000000000, 0.000000000000000000, 1.000000000000000000 ) ) ;
#2065 = ORIENTED_EDGE ( 'NONE', *, *, #1062, .F. ) ;
#2066 = CIRCLE ( 'NONE', #1236, 0.06250000000000001388 ) ;
#2067 = CARTESIAN_POINT ( 'NONE',  ( 1.250078445846969657E-15, -1.880400000000000738, 0.6406250000000061062 ) ) ;
#2068 = EDGE_CURVE ( 'NONE', #1973, #2643, #1519, .T. ) ;
#2069 = VECTOR ( 'NONE', #2606, 39.37007874015748143 ) ;
#2070 = CARTESIAN_POINT ( 'NONE',  ( -3.096093749999999201, -0.1054000000000000908, 0.6396149999999997116 ) ) ;
#2071 = CARTESIAN_POINT ( 'NONE',  ( -2.250000000000000444, -2.505399999999998961, 0.7406250000000085265 ) ) ;
#2072 = AXIS2_PLACEMENT_3D ( 'NONE', #1174, #736, #2798 ) ;
#2073 = VERTEX_POINT ( 'NONE', #2916 ) ;
#2074 = CONTEXT_DEPENDENT_SHAPE_REPRESENTATION ( #248, #50 ) ;
#2075 = VECTOR ( 'NONE', #480, 39.37007874015748143 ) ;
#2076 = LINE ( 'NONE', #2289, #2872 ) ;
#2077 = FACE_OUTER_BOUND ( 'NONE', #2479, .T. ) ;
#2078 = PERSON_AND_ORGANIZATION ( #2667, #921 ) ;
#2079 = AXIS2_PLACEMENT_3D ( 'NONE', #2253, #1159, #1562 ) ;
#2080 = ORIENTED_EDGE ( 'NONE', *, *, #1510, .F. ) ;
#2081 = DIRECTION ( 'NONE',  ( -7.312874775387087899E-51, 1.097544303392439621E-17, 1.000000000000000000 ) ) ;
#2082 = EDGE_CURVE ( 'NONE', #1818, #1887, #117, .T. ) ;
#2083 = VERTEX_POINT ( 'NONE', #800 ) ;
#2084 = ADVANCED_FACE ( 'NONE', ( #2221 ), #2614, .T. ) ;
#2085 = CARTESIAN_POINT ( 'NONE',  ( 1.937499999999999778, -2.505399999999998961, 1.365625000000008082 ) ) ;
#2086 = CARTESIAN_POINT ( 'NONE',  ( 3.133203124999997868, 0.01634658458353987001, 0.5483434855449096368 ) ) ;
#2087 = VERTEX_POINT ( 'NONE', #620 ) ;
#2088 = FACE_OUTER_BOUND ( 'NONE', #486, .T. ) ;
#2089 = PERSON_AND_ORGANIZATION_ROLE ( 'creator' ) ;
#2090 = EDGE_CURVE ( 'NONE', #232, #2687, #1748, .T. ) ;
#2091 = CARTESIAN_POINT ( 'NONE',  ( -1.937499999999999778, -2.605399999999999050, 1.678125000000008527 ) ) ;
#2092 = CARTESIAN_POINT ( 'NONE',  ( -3.140625000000000000, 0.01959999999999999243, 0.4321383476483186548 ) ) ;
#2093 = DIRECTION ( 'NONE',  ( 0.000000000000000000, 0.000000000000000000, 1.000000000000000000 ) ) ;
#2094 = LINE ( 'NONE', #46, #211 ) ;
#2095 = EDGE_LOOP ( 'NONE', ( #1625, #2209, #1048, #1603 ) ) ;
#2096 = PERSON_AND_ORGANIZATION ( #2667, #921 ) ;
#2097 = FACE_OUTER_BOUND ( 'NONE', #1915, .T. ) ;
#2098 = ORIENTED_EDGE ( 'NONE', *, *, #2271, .T. ) ;
#2099 = B_SPLINE_CURVE_WITH_KNOTS ( 'NONE', 3,
 ( #2413, #1274, #2665, #1148, #1580, #1368, #1123, #2536, #31, #2495, #2051, #464, #1380, #2934, #663, #2920 ),
 .UNSPECIFIED., .F., .F.,
 ( 4, 2, 2, 2, 2, 2, 2, 4 ),
 ( 6.938893903907228378E-18, 0.0006300810929777243699, 0.001260162185955441801, 0.001890243278933159340, 0.002520324371910876663, 0.003150405464888593986, 0.003780486557866311742, 0.005040648743821749857 ),
 .UNSPECIFIED. ) ;
#2100 = DATE_AND_TIME ( #1314, #1230 ) ;
#2101 = PRODUCT_DEFINITION_SHAPE ( 'NONE', 'NONE',  #1198 ) ;
#2102 = FACE_OUTER_BOUND ( 'NONE', #524, .T. ) ;
#2103 = CARTESIAN_POINT ( 'NONE',  ( -3.103446877610489096, -0.07297130198926422839, 0.6374639001893186441 ) ) ;
#2104 = APPROVAL_PERSON_ORGANIZATION ( #2199, #1652, #347 ) ;
#2105 = AXIS2_PLACEMENT_3D ( 'NONE', #1910, #1246, #776 ) ;
#2106 = CC_DESIGN_PERSON_AND_ORGANIZATION_ASSIGNMENT ( #1205, #942, ( #1866 ) ) ;
#2107 = DIRECTION ( 'NONE',  ( -6.070773319253918263E-17, -3.502456781877057751E-15, -1.000000000000000000 ) ) ;
#2108 = VECTOR ( 'NONE', #2756, 39.37007874015748143 ) ;
#2109 = CYLINDRICAL_SURFACE ( 'NONE', #1190, 0.2500000000000000555 ) ;
#2110 = VERTEX_POINT ( 'NONE', #1883 ) ;
#2111 = CIRCLE ( 'NONE', #1596, 0.1181102362204728279 ) ;
#2112 = EDGE_CURVE ( 'NONE', #1415, #2643, #2338, .T. ) ;
#2113 = ORIENTED_EDGE ( 'NONE', *, *, #1322, .T. ) ;
#2114 = DIRECTION ( 'NONE',  ( 0.000000000000000000, 0.000000000000000000, 1.000000000000000000 ) ) ;
#2115 = AXIS2_PLACEMENT_3D ( 'NONE', #2369, #1392, #76 ) ;
#2116 = DIRECTION ( 'NONE',  ( -0.000000000000000000, -0.000000000000000000, 1.000000000000000000 ) ) ;
#2117 = AXIS2_PLACEMENT_3D ( 'NONE', #1279, #1803, #1487 ) ;
#2118 = EDGE_CURVE ( 'NONE', #1415, #2785, #1645, .T. ) ;
#2119 = CARTESIAN_POINT ( 'NONE',  ( -2.285625000000000462, -2.380399999999998517, 0.6406250000000079936 ) ) ;
#2120 = EDGE_CURVE ( 'NONE', #1534, #1126, #996, .T. ) ;
#2121 = FACE_BOUND ( 'NONE', #513, .T. ) ;
#2122 = CARTESIAN_POINT ( 'NONE',  ( 2.282734685476215386, -0.8553999999999989390, 0.7406249999999995337 ) ) ;
#2123 = EDGE_CURVE ( 'NONE', #184, #2272, #1209, .T. ) ;
#2124 = LINE ( 'NONE', #321, #16 ) ;
#2125 = CARTESIAN_POINT ( 'NONE',  ( 2.255937499999999929, -2.502146584583538225, 0.8329065144550983346 ) ) ;
#2126 = ORIENTED_EDGE ( 'NONE', *, *, #1983, .F. ) ;
#2127 = CALENDAR_DATE ( 2026, 8, 7 ) ;
#2128 = ORIENTED_EDGE ( 'NONE', *, *, #1680, .T. ) ;
#2129 = DIRECTION ( 'NONE',  ( -6.662942673733950341E-34, 1.000000000000000000, -1.097544303392439467E-17 ) ) ;
#2130 = CARTESIAN_POINT ( 'NONE',  ( -3.110918615261325293, -0.04251493337437294018, 0.6249035726915607158 ) ) ;
#2131 = CARTESIAN_POINT ( 'NONE',  ( 3.015625000000000444, 0.1195999999999999980, 0.1181102362204724116 ) ) ;
#2132 = FACE_OUTER_BOUND ( 'NONE', #2095, .T. ) ;
#2133 = B_SPLINE_CURVE_WITH_KNOTS ( 'NONE', 3,
 ( #1464, #738, #2553, #2602, #1411, #510, #276, #974, #1884, #2871, #135, #147, #1941, #2432, #1307, #2449 ),
 .UNSPECIFIED., .F., .F.,
 ( 4, 2, 2, 2, 2, 2, 2, 4 ),
 ( 0.000000000000000000, 0.0006300810929777179731, 0.001260162185955435946, 0.001890243278933153919, 0.002520324371910871893, 0.003150405464888589649, 0.003780486557866307839, 0.005040648743821755928 ),
 .UNSPECIFIED. ) ;
#2134 = CARTESIAN_POINT ( 'NONE',  ( -3.046875000000000444, 0.1195999999999999980, 0.000000000000000000 ) ) ;
#2135 = CARTESIAN_POINT ( 'NONE',  ( 1.092238780267706488, -1.560580180180180632, 0.6406250000000000000 ) ) ;
#2136 = ORIENTED_EDGE ( 'NONE', *, *, #966, .T. ) ;
#2137 = CC_DESIGN_DATE_AND_TIME_ASSIGNMENT ( #657, #445, ( #1697 ) ) ;
#2138 = ORIENTED_EDGE ( 'NONE', *, *, #806, .F. ) ;
#2139 = CARTESIAN_POINT ( 'NONE',  ( 3.133203124999997868, 0.1147178249270397604, 0.5747800218651968329 ) ) ;
#2140 = VECTOR ( 'NONE', #2752, 39.37007874015748143 ) ;
#2141 = DIRECTION ( 'NONE',  ( 2.731847993664277517E-16, -0.000000000000000000, 1.000000000000000000 ) ) ;
#2142 = FACE_OUTER_BOUND ( 'NONE', #1890, .T. ) ;
#2143 = CARTESIAN_POINT ( 'NONE',  ( 2.284127556057740982, -2.395255870173148782, 0.6406250000000086597 ) ) ;
#2144 = CARTESIAN_POINT ( 'NONE',  ( 2.285625000000000018, -2.380399999999998961, 0.8656250000000085265 ) ) ;
#2145 = CARTESIAN_POINT ( 'NONE',  ( -2.285625000000000462, -2.380399999999999405, 0.7406250000000085265 ) ) ;
#2146 = AXIS2_PLACEMENT_3D ( 'NONE', #2390, #780, #570 ) ;
#2147 = CIRCLE ( 'NONE', #331, 0.2812499999999998335 ) ;
#2148 = FACE_OUTER_BOUND ( 'NONE', #2330, .T. ) ;
#2149 = AXIS2_PLACEMENT_3D ( 'NONE', #1242, #1741, #369 ) ;
#2150 = CARTESIAN_POINT ( 'NONE',  ( 2.249999999999999556, -2.605399999999999050, 1.365625000000008527 ) ) ;
#2151 = CIRCLE ( 'NONE', #387, 0.2500000000000000000 ) ;
#2152 = CARTESIAN_POINT ( 'NONE',  ( 2.270781249999999751, -2.456597647809688922, 0.7664743082110583305 ) ) ;
#2153 = VECTOR ( 'NONE', #1269, 39.37007874015748143 ) ;
#2154 = EDGE_CURVE ( 'NONE', #2923, #140, #485, .T. ) ;
#2155 = ORIENTED_EDGE ( 'NONE', *, *, #1847, .T. ) ;
#2156 = APPROVAL_STATUS ( 'not_yet_approved' ) ;
#2157 = EDGE_CURVE ( 'NONE', #1113, #923, #1649, .T. ) ;
#2158 = VECTOR ( 'NONE', #1886, 39.37007874015748143 ) ;
#2159 = CARTESIAN_POINT ( 'NONE',  ( 2.249999999999999556, -2.505399999999998961, 1.365625000000008082 ) ) ;
#2160 = PLANE ( 'NONE',  #298 ) ;
#2161 = VECTOR ( 'NONE', #1921, 39.37007874015748143 ) ;
#2162 = DIRECTION ( 'NONE',  ( 0.000000000000000000, 0.000000000000000000, 1.000000000000000000 ) ) ;
#2163 = CARTESIAN_POINT ( 'NONE',  ( 3.096093749999998312, -0.1053999999999986614, 0.7406249999999996447 ) ) ;
#2164 = CARTESIAN_POINT ( 'NONE',  ( -1.937499999999999778, -2.505399999999998961, 1.365625000000008527 ) ) ;
#2165 = EDGE_LOOP ( 'NONE', ( #2694, #821 ) ) ;
#2166 = EDGE_CURVE ( 'NONE', #1843, #1578, #1256, .T. ) ;
#2167 = LINE ( 'NONE', #1482, #2584 ) ;
#2168 = LINE ( 'NONE', #1549, #1582 ) ;
#2169 = AXIS2_PLACEMENT_3D ( 'NONE', #1937, #2190, #2684 ) ;
#2170 = DIRECTION ( 'NONE',  ( 0.000000000000000000, 0.000000000000000000, 1.000000000000000000 ) ) ;
#2171 = VERTEX_POINT ( 'NONE', #2853 ) ;
#2172 = COORDINATED_UNIVERSAL_TIME_OFFSET ( 6, 0, .BEHIND. ) ;
#2173 = ORIENTED_EDGE ( 'NONE', *, *, #444, .T. ) ;
#2174 = DIRECTION ( 'NONE',  ( -6.662942673733950341E-34, 1.000000000000000000, -1.097544303392439467E-17 ) ) ;
#2175 = DIRECTION ( 'NONE',  ( 0.000000000000000000, 0.000000000000000000, 1.000000000000000000 ) ) ;
#2176 = EDGE_CURVE ( 'NONE', #440, #1006, #1143, .T. ) ;
#2177 = DIRECTION ( 'NONE',  ( 8.741913579725640721E-15, 0.000000000000000000, 1.000000000000000000 ) ) ;
#2178 = DIRECTION ( 'NONE',  ( -6.662942673733950341E-34, 1.000000000000000000, -1.097544303392439467E-17 ) ) ;
#2179 = ORIENTED_EDGE ( 'NONE', *, *, #494, .F. ) ;
#2180 = CARTESIAN_POINT ( 'NONE',  ( -2.249999999999999556, -2.605399999999999050, 1.365625000000008527 ) ) ;
#2181 = DIRECTION ( 'NONE',  ( -0.000000000000000000, -1.000000000000000000, 0.000000000000000000 ) ) ;
#2182 = ORIENTED_EDGE ( 'NONE', *, *, #844, .F. ) ;
#2183 = ORIENTED_EDGE ( 'NONE', *, *, #941, .T. ) ;
#2184 = CARTESIAN_POINT ( 'NONE',  ( -3.116500226443941646, 0.04326167977916037244, 0.6851539801125707818 ) ) ;
#2185 = PERSON_AND_ORGANIZATION_ROLE ( 'creator' ) ;
#2186 = VERTEX_POINT ( 'NONE', #1527 ) ;
#2187 = CARTESIAN_POINT ( 'NONE',  ( -2.250000000000000444, -2.505399999999998961, 0.8656250000000087486 ) ) ;
#2188 = DIRECTION ( 'NONE',  ( -2.731847993664277517E-16, 0.000000000000000000, -1.000000000000000000 ) ) ;
#2189 = DIRECTION ( 'NONE',  ( 6.662942673733950341E-34, -1.000000000000000000, 1.097544303392439621E-17 ) ) ;
#2190 = DIRECTION ( 'NONE',  ( -0.000000000000000000, -0.000000000000000000, -1.000000000000000000 ) ) ;
#2191 = CARTESIAN_POINT ( 'NONE',  ( -2.262637728201819964, -2.571464479159864425, 0.7465706670648398768 ) ) ;
#2192 = ORIENTED_EDGE ( 'NONE', *, *, #723, .F. ) ;
#2193 = CARTESIAN_POINT ( 'NONE',  ( -1.332291259447422993, -0.6054000000000002712, -0.2500000000000009992 ) ) ;
#2194 = CARTESIAN_POINT ( 'NONE',  ( -2.032734685476215830, -0.8553999999999996051, 0.6406250000000026645 ) ) ;
#2195 = CC_DESIGN_DATE_AND_TIME_ASSIGNMENT ( #503, #1416, ( #1007 ) ) ;
#2196 = ORIENTED_EDGE ( 'NONE', *, *, #523, .T. ) ;
#2197 = ORIENTED_EDGE ( 'NONE', *, *, #475, .T. ) ;
#2198 = DIRECTION ( 'NONE',  ( -6.662942673733950341E-34, 1.000000000000000000, -1.097544303392439467E-17 ) ) ;
#2199 = PERSON_AND_ORGANIZATION ( #2667, #921 ) ;
#2200 = CIRCLE ( 'NONE', #2063, 0.2500000000000000555 ) ;
#2201 = EDGE_CURVE ( 'NONE', #1858, #2186, #625, .T. ) ;
#2202 = ORIENTED_EDGE ( 'NONE', *, *, #2333, .T. ) ;
#2203 = VECTOR ( 'NONE', #2713, 39.37007874015748143 ) ;
#2204 = EDGE_CURVE ( 'NONE', #1206, #1861, #1859, .T. ) ;
#2205 = CARTESIAN_POINT ( 'NONE',  ( -2.279687500000000089, -2.413118485544909486, 0.7438784154164691520 ) ) ;
#2206 = LINE ( 'NONE', #2881, #1438 ) ;
#2207 = DIRECTION ( 'NONE',  ( 0.000000000000000000, 0.000000000000000000, -1.000000000000000000 ) ) ;
#2208 = FACE_OUTER_BOUND ( 'NONE', #1635, .T. ) ;
#2209 = ORIENTED_EDGE ( 'NONE', *, *, #1262, .T. ) ;
#2210 = DIRECTION ( 'NONE',  ( -1.000000000000000000, -1.365059278525069004E-15, 0.000000000000000000 ) ) ;
#2211 = EDGE_CURVE ( 'NONE', #2927, #2848, #1695, .T. ) ;
#2212 = DIRECTION ( 'NONE',  ( 0.000000000000000000, 0.000000000000000000, 1.000000000000000000 ) ) ;
#2213 = VECTOR ( 'NONE', #1743, 39.37007874015748143 ) ;
#2214 = ORIENTED_EDGE ( 'NONE', *, *, #4, .F. ) ;
#2215 = ORIENTED_EDGE ( 'NONE', *, *, #2709, .F. ) ;
#2216 = CARTESIAN_POINT ( 'NONE',  ( -3.120198385038918776, 0.06402333310606270200, 0.6644070699278048497 ) ) ;
#2217 = AXIS2_PLACEMENT_3D ( 'NONE', #1775, #2680, #1592 ) ;
#2218 = ADVANCED_FACE ( 'NONE', ( #2208 ), #1708, .T. ) ;
#2219 = ORIENTED_EDGE ( 'NONE', *, *, #667, .T. ) ;
#2220 = CARTESIAN_POINT ( 'NONE',  ( -1.937499999999999778, -2.605399999999999050, 1.678125000000008527 ) ) ;
#2221 = FACE_OUTER_BOUND ( 'NONE', #793, .T. ) ;
#2222 = FACE_OUTER_BOUND ( 'NONE', #1499, .T. ) ;
#2223 = CYLINDRICAL_SURFACE ( 'NONE', #1398, 0.2500000000000000555 ) ;
#2224 = CARTESIAN_POINT ( 'NONE',  ( 0.6374999999999999556, -1.242900000000000338, 0.7406249999999995337 ) ) ;
#2225 = VERTEX_POINT ( 'NONE', #403 ) ;
#2226 = DIRECTION ( 'NONE',  ( -1.365059278525069004E-15, 1.000000000000000000, 0.000000000000000000 ) ) ;
#2227 = DATE_AND_TIME ( #1840, #727 ) ;
#2228 = FACE_OUTER_BOUND ( 'NONE', #540, .T. ) ;
#2229 = ORIENTED_EDGE ( 'NONE', *, *, #367, .T. ) ;
#2230 = ORIENTED_EDGE ( 'NONE', *, *, #1221, .T. ) ;
#2231 = CARTESIAN_POINT ( 'NONE',  ( -3.102575219027640330, -0.05438098630155496077, 0.7348867491207708991 ) ) ;
#2232 = CC_DESIGN_PERSON_AND_ORGANIZATION_ASSIGNMENT ( #1394, #945, ( #1673 ) ) ;
#2233 = EDGE_LOOP ( 'NONE', ( #1565, #1196 ) ) ;
#2234 = PERSON_AND_ORGANIZATION ( #2667, #921 ) ;
#2235 = CARTESIAN_POINT ( 'NONE',  ( 3.103515624999998224, -0.07268151445508953812, 0.6373715845835390414 ) ) ;
#2236 = CARTESIAN_POINT ( 'NONE',  ( -2.285625000000000462, -2.380399999999999405, 0.7406250000000085265 ) ) ;
#2237 = CYLINDRICAL_SURFACE ( 'NONE', #2217, 0.2812499999999998890 ) ;
#2238 = DIRECTION ( 'NONE',  ( 1.000000000000000000, 0.000000000000000000, 0.000000000000000000 ) ) ;
#2239 = PLANE ( 'NONE',  #2401 ) ;
#2240 = EDGE_LOOP ( 'NONE', ( #680, #1826, #2707, #1841 ) ) ;
#2241 = DIRECTION ( 'NONE',  ( 1.000000000000000000, 0.000000000000000000, 0.000000000000000000 ) ) ;
#2242 = CARTESIAN_POINT ( 'NONE',  ( 3.140624999999998668, 0.1195999999999999980, 0.4321383476483182107 ) ) ;
#2243 = PERSON ( 'NAUO-PER2', 'UNSPECIFIED', 'UNSPECIFIED', ('UNSPECIFIED'), ('UNSPECIFIED'), ('UNSPECIFIED') ) ;
#2244 = ORIENTED_EDGE ( 'NONE', *, *, #1454, .F. ) ;
#2245 = VERTEX_POINT ( 'NONE', #2224 ) ;
#2246 = CARTESIAN_POINT ( 'NONE',  ( -3.136913403661123034, 0.1205999999999994715, 0.5452135822445574043 ) ) ;
#2247 = ORIENTED_EDGE ( 'NONE', *, *, #1267, .T. ) ;
#2248 = EDGE_CURVE ( 'NONE', #1852, #2785, #1075, .T. ) ;
#2249 = APPROVAL_PERSON_ORGANIZATION ( #1608, #324, #1171 ) ;
#2250 = AXIS2_PLACEMENT_3D ( 'NONE', #2335, #2550, #2360 ) ;
#2251 = EDGE_CURVE ( 'NONE', #2507, #2261, #2601, .T. ) ;
#2252 = CARTESIAN_POINT ( 'NONE',  ( 2.275222246377540891, -2.480078073595894494, 0.6637747636017120589 ) ) ;
#2253 = CARTESIAN_POINT ( 'NONE',  ( 1.937499999999999778, -2.605399999999999050, 1.365625000000008082 ) ) ;
#2254 = CARTESIAN_POINT ( 'NONE',  ( 3.296875000000000000, 0.01959999999999999243, -0.2812500000000009437 ) ) ;
#2255 = AXIS2_PLACEMENT_3D ( 'NONE', #2882, #900, #2207 ) ;
#2256 =( CONVERSION_BASED_UNIT ( 'INCH', #431 ) LENGTH_UNIT ( ) NAMED_UNIT ( #2627 ) );
#2257 = ORIENTED_EDGE ( 'NONE', *, *, #2858, .F. ) ;
#2258 = CARTESIAN_POINT ( 'NONE',  ( 3.015625000000000444, 0.01959999999999999243, 0.000000000000000000 ) ) ;
#2259 = ORIENTED_EDGE ( 'NONE', *, *, #2596, .F. ) ;
#2260 = AXIS2_PLACEMENT_3D ( 'NONE', #924, #1833, #2578 ) ;
#2261 = VERTEX_POINT ( 'NONE', #1089 ) ;
#2262 = CARTESIAN_POINT ( 'NONE',  ( -3.140625000000000000, 0.01959999999999951711, 0.5156250000000000000 ) ) ;
#2263 = ORIENTED_EDGE ( 'NONE', *, *, #82, .T. ) ;
#2264 = AXIS2_PLACEMENT_3D ( 'NONE', #1537, #2198, #2708 ) ;
#2265 = DIRECTION ( 'NONE',  ( -0.000000000000000000, -4.370956789862825094E-15, -1.000000000000000000 ) ) ;
#2266 = FACE_OUTER_BOUND ( 'NONE', #323, .T. ) ;
#2267 = CARTESIAN_POINT ( 'NONE',  ( -1.937499999999999778, -2.605399999999999050, 1.483735236220481202 ) ) ;
#2268 = CARTESIAN_POINT ( 'NONE',  ( 1.092238780267706488, -0.9252198198198203771, 0.6406250000000015543 ) ) ;
#2269 = ORIENTED_EDGE ( 'NONE', *, *, #2730, .T. ) ;
#2270 = CARTESIAN_POINT ( 'NONE',  ( -1.937499999999999778, -2.605399999999999050, 1.247514763779535629 ) ) ;
#2271 = EDGE_CURVE ( 'NONE', #2272, #1310, #2534, .T. ) ;
#2272 = VERTEX_POINT ( 'NONE', #1952 ) ;
#2273 = CARTESIAN_POINT ( 'NONE',  ( 3.078125000000000000, 0.1195999999999999980, 0.1181102362204723977 ) ) ;
#2274 = ORIENTED_EDGE ( 'NONE', *, *, #2166, .F. ) ;
#2275 = FACE_OUTER_BOUND ( 'NONE', #2027, .T. ) ;
#2276 = ORIENTED_EDGE ( 'NONE', *, *, #2645, .F. ) ;
#2277 = CARTESIAN_POINT ( 'NONE',  ( 2.285625000000000018, -2.380400000000000293, 0.6406250000000085487 ) ) ;
#2278 = CYLINDRICAL_SURFACE ( 'NONE', #2860, 0.06250000000000001388 ) ;
#2279 = ORIENTED_EDGE ( 'NONE', *, *, #1870, .T. ) ;
#2280 = CARTESIAN_POINT ( 'NONE',  ( 2.285625000000000018, -2.380399999999999405, 0.7406250000000085265 ) ) ;
#2281 = EDGE_LOOP ( 'NONE', ( #875, #1790, #2582, #2892 ) ) ;
#2282 = CARTESIAN_POINT ( 'NONE',  ( -2.285625000000000462, -2.380399999999998517, 0.6406250000000079936 ) ) ;
#2283 = CARTESIAN_POINT ( 'NONE',  ( -3.140625000000000000, 0.1195999999999995261, 0.5156250000000002220 ) ) ;
#2284 = VECTOR ( 'NONE', #1288, 39.37007874015748143 ) ;
#2285 = CARTESIAN_POINT ( 'NONE',  ( 0.6374999999999999556, -1.242900000000000338, 0.6406250000000038858 ) ) ;
#2286 = ORIENTED_EDGE ( 'NONE', *, *, #2490, .T. ) ;
#2287 = PERSON_AND_ORGANIZATION_ROLE ( 'creator' ) ;
#2288 = ADVANCED_FACE ( 'NONE', ( #118 ), #2316, .F. ) ;
#2289 = CARTESIAN_POINT ( 'NONE',  ( -5.507626507350124868E-16, -0.6054000000000016035, 0.6406250000000017764 ) ) ;
#2290 = CARTESIAN_POINT ( 'NONE',  ( 3.114683813697008752, -0.02902789876929008639, 0.6149166133672192558 ) ) ;
#2291 = B_SPLINE_SURFACE_WITH_KNOTS ( 'NONE', 1, 3, ( 
 ( #246, #234, #208, #2930, #416, #222, #1130, #659, #429, #1547 ),
 ( #1319, #1103, #461, #1795, #2017, #2917, #882, #2712, #1364, #2277 ),
 ( #1142, #1912, #2125, #2801, #1203, #1899, #1689, #1929, #2755, #2580 ),
 ( #2815, #294, #777, #943, #715, #2152, #491, #2592, #553, #1019 ) ),
 .UNSPECIFIED., .F., .F., .F.,
 ( 2, 1, 1, 2 ),
 ( 4, 2, 2, 2, 4 ),
 ( -0.01000000000000000021, 0.000000000000000000, 1.000000000000000000, 1.010099999999999998 ),
 ( 0.000000000000000000, 0.2500000000000000000, 0.5000000000000000000, 0.7500000000000000000, 1.000000000000000000 ),
 .UNSPECIFIED. ) ;
#2292 = LOCAL_TIME ( 11, 24, 19.00000000000000000, #1977 ) ;
#2293 = VECTOR ( 'NONE', #1077, 39.37007874015748143 ) ;
#2294 = ADVANCED_FACE ( 'NONE', ( #1503 ), #2359, .F. ) ;
#2295 = AXIS2_PLACEMENT_3D ( 'NONE', #864, #1778, #1033 ) ;
#2296 = CYLINDRICAL_SURFACE ( 'NONE', #1823, 0.1181102362204728279 ) ;
#2297 = VERTEX_POINT ( 'NONE', #2850 ) ;
#2298 = EDGE_CURVE ( 'NONE', #753, #1612, #2057, .T. ) ;
#2299 = CIRCLE ( 'NONE', #1013, 0.1181102362204728279 ) ;
#2300 = CARTESIAN_POINT ( 'NONE',  ( -2.249999999999999556, -2.605399999999999050, 1.365625000000008749 ) ) ;
#2301 = FACE_OUTER_BOUND ( 'NONE', #1588, .T. ) ;
#2302 = CLOSED_SHELL ( 'NONE', ( #932, #88, #1856, #1933, #2921, #2294, #621, #1334, #2218, #348, #1442, #1182, #1505, #1851, #1920, #1542, #1060, #1898, #1014, #1903, #670, #1767, #2472, #973, #614, #832, #305, #1783, #972, #712, #1888, #273, #2773, #2518, #2373, #435, #1525, #129, #2288, #1956, #131, #1146, #2776, #1809, #1998, #2909, #845, #2820, #1817, #2433, #1400, #356, #1409, #2682, #2605, #2697, #587, #2304, #151, #2084, #745, #1309, #1558, #530, #2056, #1637, #1583, #1366, #226, #2512, #1488, #1667, #40, #2468 ) ) ;
#2303 = ORIENTED_EDGE ( 'NONE', *, *, #2424, .T. ) ;
#2304 = ADVANCED_FACE ( 'NONE', ( #1963 ), #810, .F. ) ;
#2305 = COORDINATED_UNIVERSAL_TIME_OFFSET ( 6, 0, .BEHIND. ) ;
#2306 = VECTOR ( 'NONE', #2364, 39.37007874015748143 ) ;
#2307 = LINE ( 'NONE', #1144, #336 ) ;
#2308 = VECTOR ( 'NONE', #154, 39.37007874015748143 ) ;
#2309 = CARTESIAN_POINT ( 'NONE',  ( 1.937499999999999778, -2.605399999999999050, 1.678125000000008304 ) ) ;
#2310 = PERSON_AND_ORGANIZATION ( #2667, #921 ) ;
#2311 = AXIS2_PLACEMENT_3D ( 'NONE', #1821, #702, #471 ) ;
#2312 = DIRECTION ( 'NONE',  ( 0.000000000000000000, 1.000000000000000000, 0.000000000000000000 ) ) ;
#2313 = ORIENTED_EDGE ( 'NONE', *, *, #1847, .F. ) ;
#2314 = CARTESIAN_POINT ( 'NONE',  ( -1.332291259447422993, -0.8554000000000002712, 0.6406250000000026645 ) ) ;
#2315 = DIRECTION ( 'NONE',  ( 1.000000000000000000, 0.000000000000000000, -2.731847993664277517E-16 ) ) ;
#2316 = B_SPLINE_SURFACE_WITH_KNOTS ( 'NONE', 1, 3, ( 
 ( #817, #144, #1986, #2430, #2003, #1724, #801, #2630, #1967, #2884 ),
 ( #594, #1272, #2869, #2900, #852, #1463, #868, #647, #1780, #1551 ),
 ( #2464, #2685, #2205, #797, #557, #2822, #1282, #1691, #1050, #2187 ),
 ( #1949, #545, #350, #141, #1918, #1704, #1934, #2610, #1069, #2408 ) ),
 .UNSPECIFIED., .F., .F., .F.,
 ( 2, 1, 1, 2 ),
 ( 4, 2, 2, 2, 4 ),
 ( -0.01000000000000000021, 0.000000000000000000, 1.000000000000000000, 1.010099999999999998 ),
 ( 0.000000000000000000, 0.2500000000000000000, 0.5000000000000000000, 0.7500000000000000000, 1.000000000000000000 ),
 .UNSPECIFIED. ) ;
#2317 = CARTESIAN_POINT ( 'NONE',  ( -1.992142940765930126, -1.714297589384460307, 0.7406249999999995337 ) ) ;
#2318 = CARTESIAN_POINT ( 'NONE',  ( 3.096093749999998312, -0.1053999999999996745, 0.7406249999999996447 ) ) ;
#2319 = ORIENTED_EDGE ( 'NONE', *, *, #180, .F. ) ;
#2320 = CONTEXT_DEPENDENT_SHAPE_REPRESENTATION ( #1925, #280 ) ;
#2321 = DIRECTION ( 'NONE',  ( 0.000000000000000000, -0.000000000000000000, 1.000000000000000000 ) ) ;
#2322 = ORIENTED_EDGE ( 'NONE', *, *, #80, .T. ) ;
#2323 = DIRECTION ( 'NONE',  ( -6.070773319253918263E-17, -3.502456781877057751E-15, -1.000000000000000000 ) ) ;
#2324 = ORIENTED_EDGE ( 'NONE', *, *, #838, .F. ) ;
#2325 = DIRECTION ( 'NONE',  ( 0.000000000000000000, 0.000000000000000000, -1.000000000000000000 ) ) ;
#2326 = CYLINDRICAL_SURFACE ( 'NONE', #2726, 0.2812499999999998890 ) ;
#2327 = FACE_OUTER_BOUND ( 'NONE', #1359, .T. ) ;
#2328 = EDGE_CURVE ( 'NONE', #2653, #2944, #364, .T. ) ;
#2329 = DIRECTION ( 'NONE',  ( -1.000000000000000000, 0.000000000000000000, 0.000000000000000000 ) ) ;
#2330 = EDGE_LOOP ( 'NONE', ( #859, #214, #1992, #1600 ) ) ;
#2331 = APPROVAL_DATE_TIME ( #1661, #825 ) ;
#2332 = EDGE_LOOP ( 'NONE', ( #648, #1810, #2453, #1375 ) ) ;
#2333 = EDGE_CURVE ( 'NONE', #2923, #930, #1492, .T. ) ;
#2334 = EDGE_CURVE ( 'NONE', #756, #664, #1721, .T. ) ;
#2335 = CARTESIAN_POINT ( 'NONE',  ( -3.140625000000000000, -0.1054000000000003129, 0.5156249999999998890 ) ) ;
#2336 = CARTESIAN_POINT ( 'NONE',  ( -3.078125000000000000, 0.01959999999999999243, 0.1181102362204724532 ) ) ;
#2337 = APPROVAL_PERSON_ORGANIZATION ( #1640, #955, #470 ) ;
#2338 = LINE ( 'NONE', #737, #721 ) ;
#2339 = CARTESIAN_POINT ( 'NONE',  ( -2.309724888169228940, -0.8228394914102846736, 0.6406250000000025535 ) ) ;
#2340 = VECTOR ( 'NONE', #789, 39.37007874015748143 ) ;
#2341 = DIRECTION ( 'NONE',  ( -1.000000000000000000, 0.000000000000000000, 0.000000000000000000 ) ) ;
#2342 = CYLINDRICAL_SURFACE ( 'NONE', #2541, 0.2499999999999999167 ) ;
#2343 = CARTESIAN_POINT ( 'NONE',  ( 3.203124999999999112, 0.01959999999999999243, 0.4321383476483182107 ) ) ;
#2344 = ORIENTED_EDGE ( 'NONE', *, *, #1900, .T. ) ;
#2345 = AXIS2_PLACEMENT_3D ( 'NONE', #786, #1186, #547 ) ;
#2346 = ORIENTED_EDGE ( 'NONE', *, *, #266, .F. ) ;
#2347 = FACE_OUTER_BOUND ( 'NONE', #420, .T. ) ;
#2348 = CARTESIAN_POINT ( 'NONE',  ( -1.937499999999999778, -2.605399999999999050, 1.365625000000008527 ) ) ;
#2349 = CIRCLE ( 'NONE', #1201, 0.06250000000000001388 ) ;
#2350 = CARTESIAN_POINT ( 'NONE',  ( -1.937499999999999778, -2.505399999999998961, 1.678125000000008527 ) ) ;
#2351 = CC_DESIGN_PERSON_AND_ORGANIZATION_ASSIGNMENT ( #2032, #2928, ( #811 ) ) ;
#2352 = DIRECTION ( 'NONE',  ( 0.000000000000000000, 0.000000000000000000, 1.000000000000000000 ) ) ;
#2353 = CARTESIAN_POINT ( 'NONE',  ( -0.6375000000000002887, -1.242900000000000338, 0.7406249999999995337 ) ) ;
#2354 = FACE_OUTER_BOUND ( 'NONE', #2435, .T. ) ;
#2355 = VERTEX_POINT ( 'NONE', #2159 ) ;
#2356 = APPROVAL_STATUS ( 'not_yet_approved' ) ;
#2357 = DIRECTION ( 'NONE',  ( 6.662942673733950341E-34, -1.000000000000000000, 1.097544303392439621E-17 ) ) ;
#2358 = VERTEX_POINT ( 'NONE', #2865 ) ;
#2359 = CYLINDRICAL_SURFACE ( 'NONE', #195, 0.1181102362204728279 ) ;
#2360 = DIRECTION ( 'NONE',  ( 0.000000000000000000, 3.490694658571004776E-15, 1.000000000000000000 ) ) ;
#2361 = EDGE_CURVE ( 'NONE', #2908, #1137, #2836, .T. ) ;
#2362 = DIRECTION ( 'NONE',  ( 0.7071067811865517916, -0.000000000000000000, 0.7071067811865431318 ) ) ;
#2363 = EDGE_CURVE ( 'NONE', #2012, #2225, #827, .T. ) ;
#2364 = DIRECTION ( 'NONE',  ( -6.662942673733950341E-34, 1.000000000000000000, -1.097544303392439467E-17 ) ) ;
#2365 = LINE ( 'NONE', #1924, #2340 ) ;
#2366 = PLANE ( 'NONE',  #149 ) ;
#2367 = EDGE_CURVE ( 'NONE', #236, #2507, #1762, .T. ) ;
#2368 = DIRECTION ( 'NONE',  ( -0.000000000000000000, -0.000000000000000000, 1.000000000000000000 ) ) ;
#2369 = CARTESIAN_POINT ( 'NONE',  ( -2.250000000000000444, -2.605399999999999050, 0.7406250000000085265 ) ) ;
#2370 = EDGE_LOOP ( 'NONE', ( #2324, #474, #1093, #2042, #1799, #1363, #666, #2389, #377, #1969 ) ) ;
#2371 = COORDINATED_UNIVERSAL_TIME_OFFSET ( 6, 0, .BEHIND. ) ;
#2372 = VERTEX_POINT ( 'NONE', #573 ) ;
#2373 = ADVANCED_FACE ( 'NONE', ( #1737 ), #677, .F. ) ;
#2374 = DIRECTION ( 'NONE',  ( -0.000000000000000000, -0.000000000000000000, 1.000000000000000000 ) ) ;
#2375 = VECTOR ( 'NONE', #1657, 39.37007874015748143 ) ;
#2376 = APPLICATION_CONTEXT ( 'configuration controlled 3d designs of mechanical parts and assemblies' ) ;
#2377 = DIRECTION ( 'NONE',  ( -1.000000000000000000, 0.000000000000000000, 9.655988143861207629E-17 ) ) ;
#2378 = DIRECTION ( 'NONE',  ( -0.000000000000000000, -0.000000000000000000, 1.000000000000000000 ) ) ;
#2379 = CARTESIAN_POINT ( 'NONE',  ( 3.111891770914673838, 0.01366008340894274767, 0.7066857894211289182 ) ) ;
#2380 = CARTESIAN_POINT ( 'NONE',  ( -2.250000000000000444, -2.605399999999999050, 0.8656250000000085265 ) ) ;
#2381 = FACE_BOUND ( 'NONE', #1194, .T. ) ;
#2382 = DIRECTION ( 'NONE',  ( -0.000000000000000000, -0.000000000000000000, 1.000000000000000000 ) ) ;
#2383 = LOCAL_TIME ( 11, 24, 19.00000000000000000, #233 ) ;
#2384 = EDGE_CURVE ( 'NONE', #2483, #2496, #468, .T. ) ;
#2385 = VECTOR ( 'NONE', #706, 39.37007874015748143 ) ;
#2386 = CARTESIAN_POINT ( 'NONE',  ( 1.937499999999999778, -2.605399999999999050, 1.483735236220480980 ) ) ;
#2387 = CIRCLE ( 'NONE', #438, 0.2812499999999998890 ) ;
#2388 = AXIS2_PLACEMENT_3D ( 'NONE', #430, #2647, #675 ) ;
#2389 = ORIENTED_EDGE ( 'NONE', *, *, #2154, .F. ) ;
#2390 = CARTESIAN_POINT ( 'NONE',  ( 0.000000000000000000, 0.000000000000000000, 0.000000000000000000 ) ) ;
#2391 = EDGE_CURVE ( 'NONE', #1559, #1149, #1374, .T. ) ;
#2392 = ORIENTED_EDGE ( 'NONE', *, *, #2777, .F. ) ;
#2393 = CARTESIAN_POINT ( 'NONE',  ( -1.082291259447422549, -1.630400000000000071, -0.2500000000000009992 ) ) ;
#2394 = CARTESIAN_POINT ( 'NONE',  ( 2.596181090567001970, 0.01959999999999999243, -0.1181102362204724116 ) ) ;
#2395 = CARTESIAN_POINT ( 'NONE',  ( 1.332291259447422105, -0.6053999999999998272, 0.6406250000000015543 ) ) ;
#2396 = CARTESIAN_POINT ( 'NONE',  ( -2.252979281709856618, -2.603942771480042495, 0.8360685233817228834 ) ) ;
#2397 = EDGE_LOOP ( 'NONE', ( #1517, #2875, #818, #1355 ) ) ;
#2398 = CYLINDRICAL_SURFACE ( 'NONE', #146, 0.3125000000000000000 ) ;
#2399 = CARTESIAN_POINT ( 'NONE',  ( 3.158930826175839979, 0.1195999999999999980, 0.3879441738241587445 ) ) ;
#2400 = VECTOR ( 'NONE', #115, 39.37007874015748143 ) ;
#2401 = AXIS2_PLACEMENT_3D ( 'NONE', #1550, #1323, #2463 ) ;
#2402 = LINE ( 'NONE', #1971, #283 ) ;
#2403 = ORIENTED_EDGE ( 'NONE', *, *, #1141, .T. ) ;
#2404 = DIRECTION ( 'NONE',  ( -0.000000000000000000, -0.000000000000000000, 1.000000000000000000 ) ) ;
#2405 = APPROVAL_DATE_TIME ( #2877, #533 ) ;
#2406 = EDGE_LOOP ( 'NONE', ( #766, #2319, #1679, #2344 ) ) ;
#2407 = ORIENTED_EDGE ( 'NONE', *, *, #2732, .T. ) ;
#2408 = CARTESIAN_POINT ( 'NONE',  ( -2.250000000000000444, -2.504389999999999006, 0.8656250000000087486 ) ) ;
#2409 = DIRECTION ( 'NONE',  ( 0.000000000000000000, 0.000000000000000000, 1.000000000000000000 ) ) ;
#2410 = CYLINDRICAL_SURFACE ( 'NONE', #970, 0.2249999999999999223 ) ;
#2411 = DIRECTION ( 'NONE',  ( -6.070773319253918263E-17, -3.502456781877057751E-15, -1.000000000000000000 ) ) ;
#2412 = ORIENTED_EDGE ( 'NONE', *, *, #1591, .F. ) ;
#2413 = CARTESIAN_POINT ( 'NONE',  ( 2.249999999999999556, -2.505399999999998961, 0.8656250000000085265 ) ) ;
#2414 = DIRECTION ( 'NONE',  ( 0.7071067811865514585, 0.000000000000000000, -0.7071067811865433539 ) ) ;
#2415 = EDGE_CURVE ( 'NONE', #1065, #584, #1752, .T. ) ;
#2416 = DIRECTION ( 'NONE',  ( 2.731847993664277517E-16, -0.000000000000000000, 1.000000000000000000 ) ) ;
#2417 = ORIENTED_EDGE ( 'NONE', *, *, #966, .F. ) ;
#2418 = VERTEX_POINT ( 'NONE', #2657 ) ;
#2419 = EDGE_CURVE ( 'NONE', #584, #2418, #1521, .T. ) ;
#2420 = FACE_OUTER_BOUND ( 'NONE', #469, .T. ) ;
#2421 = APPLICATION_PROTOCOL_DEFINITION ( 'international standard', 'config_control_design', 1994, #656 ) ;
#2422 = ORIENTED_EDGE ( 'NONE', *, *, #2761, .T. ) ;
#2423 = CARTESIAN_POINT ( 'NONE',  ( 3.122070312499997780, 0.07532470638198922319, 0.6545125587143304502 ) ) ;
#2424 = EDGE_CURVE ( 'NONE', #1128, #2004, #1857, .T. ) ;
#2425 = CARTESIAN_POINT ( 'NONE',  ( 3.140624999999998668, 0.01959999999999999243, 0.4062499999999997224 ) ) ;
#2426 = CARTESIAN_POINT ( 'NONE',  ( -1.937499999999999778, -2.605399999999999050, 1.483735236220481202 ) ) ;
#2427 = EDGE_CURVE ( 'NONE', #23, #1339, #2736, .T. ) ;
#2428 = DIRECTION ( 'NONE',  ( 0.000000000000000000, 0.000000000000000000, -1.000000000000000000 ) ) ;
#2429 = VECTOR ( 'NONE', #619, 39.37007874015748143 ) ;
#2430 = CARTESIAN_POINT ( 'NONE',  ( -2.273750000000000160, -2.494217889563822954, 0.6681492762319467538 ) ) ;
#2431 = VERTEX_POINT ( 'NONE', #2285 ) ;
#2432 = CARTESIAN_POINT ( 'NONE',  ( -2.255972149734819077, -2.502086034934287717, 0.8327248506092307379 ) ) ;
#2433 = ADVANCED_FACE ( 'NONE', ( #2301 ), #1085, .F. ) ;
#2434 = DIRECTION ( 'NONE',  ( 0.000000000000000000, 1.000000000000000000, -3.278217592397115073E-15 ) ) ;
#2435 = EDGE_LOOP ( 'NONE', ( #1257, #1330, #1418, #2819 ) ) ;
#2436 = AXIS2_PLACEMENT_3D ( 'NONE', #1420, #2797, #2569 ) ;
#2437 = ORIENTED_EDGE ( 'NONE', *, *, #94, .T. ) ;
#2438 = CARTESIAN_POINT ( 'NONE',  ( -3.106297161266203588, -0.02611112372535968895, 0.7263205774438169504 ) ) ;
#2439 = APPROVAL_PERSON_ORGANIZATION ( #1332, #550, #1560 ) ;
#2440 = AXIS2_PLACEMENT_3D ( 'NONE', #2134, #1467, #997 ) ;
#2441 = VERTEX_POINT ( 'NONE', #1317 ) ;
#2442 = CARTESIAN_POINT ( 'NONE',  ( 3.110937499999998135, -0.04244762745363712259, 0.6248482985442820326 ) ) ;
#2443 = CARTESIAN_POINT ( 'NONE',  ( 2.255924423195775130, -2.597882868041080151, 0.8074816238672027913 ) ) ;
#2444 = LINE ( 'NONE', #2425, #2783 ) ;
#2445 = AXIS2_PLACEMENT_3D ( 'NONE', #1831, #1569, #920 ) ;
#2446 = DIRECTION ( 'NONE',  ( 1.000000000000000000, 0.000000000000000000, 0.000000000000000000 ) ) ;
#2447 = CARTESIAN_POINT ( 'NONE',  ( -3.296875000000001332, 0.1195999999999999980, 0.2241116523516814285 ) ) ;
#2448 = VERTEX_POINT ( 'NONE', #726 ) ;
#2449 = CARTESIAN_POINT ( 'NONE',  ( -2.250000000000000444, -2.505399999999998961, 0.8656250000000085265 ) ) ;
#2450 = LINE ( 'NONE', #1092, #2912 ) ;
#2451 = CIRCLE ( 'NONE', #1021, 0.2812500000000001665 ) ;
#2452 = PRODUCT_RELATED_PRODUCT_CATEGORY ( 'detail', '', ( #1863 ) ) ;
#2453 = ORIENTED_EDGE ( 'NONE', *, *, #1141, .F. ) ;
#2454 = ORIENTED_EDGE ( 'NONE', *, *, #344, .F. ) ;
#2455 = DIRECTION ( 'NONE',  ( -0.000000000000000000, -0.000000000000000000, 1.000000000000000000 ) ) ;
#2456 = CIRCLE ( 'NONE', #828, 0.2499999999999998612 ) ;
#2457 = ORIENTED_EDGE ( 'NONE', *, *, #710, .F. ) ;
#2458 = CARTESIAN_POINT ( 'NONE',  ( 3.099805346116123239, -0.07594234166355372240, 0.7406249999999996447 ) ) ;
#2459 = CARTESIAN_POINT ( 'NONE',  ( -9.163073478748884727E-17, -1.242900000000000338, 0.6406250000000038858 ) ) ;
#2460 = DIRECTION ( 'NONE',  ( 0.000000000000000000, 1.000000000000000000, 0.000000000000000000 ) ) ;
#2461 = CARTESIAN_POINT ( 'NONE',  ( 3.096093749999999201, -0.1053999999999995774, 0.7406249999999993117 ) ) ;
#2462 = CYLINDRICAL_SURFACE ( 'NONE', #624, 0.6375000000000000666 ) ;
#2463 = DIRECTION ( 'NONE',  ( 0.000000000000000000, 0.000000000000000000, -1.000000000000000000 ) ) ;
#2464 = CARTESIAN_POINT ( 'NONE',  ( -2.285625000000000462, -2.380399999999999405, 0.7406250000000085265 ) ) ;
#2465 = VERTEX_POINT ( 'NONE', #711 ) ;
#2466 = LINE ( 'NONE', #854, #484 ) ;
#2467 = LINE ( 'NONE', #2887, #2723 ) ;
#2468 = ADVANCED_FACE ( 'NONE', ( #1156 ), #1633, .F. ) ;
#2469 = ORIENTED_EDGE ( 'NONE', *, *, #848, .F. ) ;
#2470 = ORIENTED_EDGE ( 'NONE', *, *, #256, .T. ) ;
#2471 = DIRECTION ( 'NONE',  ( -0.3355903575378419434, -0.9420080211588559571, 3.319715312177817658E-15 ) ) ;
#2472 = ADVANCED_FACE ( 'NONE', ( #482 ), #1650, .T. ) ;
#2473 = ORIENTED_EDGE ( 'NONE', *, *, #2568, .F. ) ;
#2474 = COORDINATED_UNIVERSAL_TIME_OFFSET ( 6, 0, .BEHIND. ) ;
#2475 = CARTESIAN_POINT ( 'NONE',  ( 2.270753561656487562, -2.517868349753600743, 0.6868913144085797562 ) ) ;
#2476 = DIRECTION ( 'NONE',  ( -1.000000000000000000, 3.934932107185855299E-34, 9.655988143861207629E-17 ) ) ;
#2477 = DIRECTION ( 'NONE',  ( 0.000000000000000000, 0.000000000000000000, 1.000000000000000000 ) ) ;
#2478 = EDGE_CURVE ( 'NONE', #2889, #232, #1532, .T. ) ;
#2479 = EDGE_LOOP ( 'NONE', ( #2793, #2080, #1801, #691 ) ) ;
#2480 = FACE_OUTER_BOUND ( 'NONE', #2749, .T. ) ;
#2481 = ORIENTED_EDGE ( 'NONE', *, *, #629, .F. ) ;
#2482 = PLANE ( 'NONE',  #2445 ) ;
#2483 = VERTEX_POINT ( 'NONE', #717 ) ;
#2484 = VERTEX_POINT ( 'NONE', #1621 ) ;
#2485 = CARTESIAN_POINT ( 'NONE',  ( -3.122070312499999112, 0.07452503953959004057, 0.6538980119943557101 ) ) ;
#2486 = ORIENTED_EDGE ( 'NONE', *, *, #785, .T. ) ;
#2487 = CC_DESIGN_APPROVAL ( #324, ( #1673 ) ) ;
#2488 = PERSON_AND_ORGANIZATION ( #2667, #921 ) ;
#2489 = CARTESIAN_POINT ( 'NONE',  ( 3.116520364961079093, 0.04338206992780585525, 0.6850483331060622794 ) ) ;
#2490 = EDGE_CURVE ( 'NONE', #823, #1251, #1607, .T. ) ;
#2491 = DIRECTION ( 'NONE',  ( 0.000000000000000000, 0.000000000000000000, 1.000000000000000000 ) ) ;
#2492 = DIRECTION ( 'NONE',  ( 0.000000000000000000, -1.000000000000000000, 0.000000000000000000 ) ) ;
#2493 = AXIS2_PLACEMENT_3D ( 'NONE', #542, #2357, #1417 ) ;
#2494 = VERTEX_POINT ( 'NONE', #249 ) ;
#2495 = CARTESIAN_POINT ( 'NONE',  ( 2.269284530599342986, -2.463053453947328109, 0.7714977658729055277 ) ) ;
#2496 = VERTEX_POINT ( 'NONE', #506 ) ;
#2497 = CIRCLE ( 'NONE', #1968, 0.2500000000000000555 ) ;
#2498 = CARTESIAN_POINT ( 'NONE',  ( 1.137499999999999512, -1.242900000000000338, 0.7406249999999995337 ) ) ;
#2499 = ORIENTED_EDGE ( 'NONE', *, *, #494, .T. ) ;
#2500 = LINE ( 'NONE', #2542, #2503 ) ;
#2501 = ORIENTED_EDGE ( 'NONE', *, *, #1361, .T. ) ;
#2502 = AXIS2_PLACEMENT_3D ( 'NONE', #1722, #1026, #365 ) ;
#2503 = VECTOR ( 'NONE', #1572, 39.37007874015748143 ) ;
#2504 = COORDINATED_UNIVERSAL_TIME_OFFSET ( 6, 0, .BEHIND. ) ;
#2505 = CARTESIAN_POINT ( 'NONE',  ( -1.092238780267707154, -0.9252198198198201551, 0.6406250000000000000 ) ) ;
#2506 = CARTESIAN_POINT ( 'NONE',  ( 3.096093749999998312, -0.1053999999999990084, 0.6406249999999996669 ) ) ;
#2507 = VERTEX_POINT ( 'NONE', #2309 ) ;
#2508 = DIRECTION ( 'NONE',  ( -0.000000000000000000, -1.000000000000000000, -0.000000000000000000 ) ) ;
#2509 = ORIENTED_EDGE ( 'NONE', *, *, #223, .F. ) ;
#2510 = LINE ( 'NONE', #1371, #2075 ) ;
#2511 = DIRECTION ( 'NONE',  ( -1.000000000000000000, 0.000000000000000000, 0.000000000000000000 ) ) ;
#2512 = ADVANCED_FACE ( 'NONE', ( #1183 ), #525, .T. ) ;
#2513 = CARTESIAN_POINT ( 'NONE',  ( 3.136913426384093206, 0.01859000000000039440, 0.5318580343781144082 ) ) ;
#2514 = EDGE_CURVE ( 'NONE', #2171, #1090, #366, .T. ) ;
#2515 = ORIENTED_EDGE ( 'NONE', *, *, #528, .F. ) ;
#2516 = CYLINDRICAL_SURFACE ( 'NONE', #406, 0.1181102362204724116 ) ;
#2517 = CARTESIAN_POINT ( 'NONE',  ( 3.110984447950456033, -0.04257786111269268314, 0.6239988953673026861 ) ) ;
#2518 = ADVANCED_FACE ( 'NONE', ( #1053, #883, #660 ), #2000, .F. ) ;
#2519 = EDGE_LOOP ( 'NONE', ( #2938, #1294, #2065, #2637, #2457, #124, #217, #2473, #1036, #2802 ) ) ;
#2520 = CARTESIAN_POINT ( 'NONE',  ( 2.249999999999999556, -2.505399999999998961, 1.365625000000008082 ) ) ;
#2521 = ORIENTED_EDGE ( 'NONE', *, *, #1483, .F. ) ;
#2522 = DIRECTION ( 'NONE',  ( 0.000000000000000000, 1.000000000000000000, 0.000000000000000000 ) ) ;
#2523 = EDGE_CURVE ( 'NONE', #2087, #782, #2897, .T. ) ;
#2524 = DIRECTION ( 'NONE',  ( 6.662942673733950341E-34, -1.000000000000000000, 1.097544303392439621E-17 ) ) ;
#2525 = VECTOR ( 'NONE', #397, 39.37007874015748143 ) ;
#2526 = DIRECTION ( 'NONE',  ( 0.3355903575378418324, -0.9420080211588559571, 0.000000000000000000 ) ) ;
#2527 = ORIENTED_EDGE ( 'NONE', *, *, #2741, .F. ) ;
#2528 = DATE_AND_TIME ( #2127, #871 ) ;
#2529 = LINE ( 'NONE', #1849, #2696 ) ;
#2530 = CARTESIAN_POINT ( 'NONE',  ( 3.140624999999998668, 0.01960000000000037754, 0.5156250000000000000 ) ) ;
#2531 = LOCAL_TIME ( 11, 24, 19.00000000000000000, #2474 ) ;
#2532 = AXIS2_PLACEMENT_3D ( 'NONE', #495, #1172, #1879 ) ;
#2533 = APPLICATION_PROTOCOL_DEFINITION ( 'international standard', 'config_control_design', 1994, #1620 ) ;
#2534 = CIRCLE ( 'NONE', #2149, 0.1181102362204724116 ) ;
#2535 = CIRCLE ( 'NONE', #1287, 0.3125000000000000000 ) ;
#2536 = CARTESIAN_POINT ( 'NONE',  ( 2.264822169119799167, -2.479859430967707556, 0.7894714271939204941 ) ) ;
#2537 = APPLICATION_CONTEXT ( 'configuration controlled 3d designs of mechanical parts and assemblies' ) ;
#2538 = ORIENTED_EDGE ( 'NONE', *, *, #2334, .T. ) ;
#2539 = CARTESIAN_POINT ( 'NONE',  ( 2.278175147639556197, -2.453159857400774690, 0.6522110850242408553 ) ) ;
#2540 = LINE ( 'NONE', #1584, #252 ) ;
#2541 = AXIS2_PLACEMENT_3D ( 'NONE', #2830, #1018, #1227 ) ;
#2542 = CARTESIAN_POINT ( 'NONE',  ( 3.015625000000000444, 0.1195999999999999980, -0.1181102362204724116 ) ) ;
#2543 = PRODUCT_RELATED_PRODUCT_CATEGORY ( 'detail', '', ( #1820 ) ) ;
#2544 = CARTESIAN_POINT ( 'NONE',  ( -3.015625000000000444, 0.1195999999999999980, -0.1181102362204724116 ) ) ;
#2545 = EDGE_LOOP ( 'NONE', ( #17, #2214, #1381, #167 ) ) ;
#2546 = COORDINATED_UNIVERSAL_TIME_OFFSET ( 6, 0, .BEHIND. ) ;
#2547 = DIRECTION ( 'NONE',  ( 0.000000000000000000, 1.000000000000000000, 0.000000000000000000 ) ) ;
#2548 = DIRECTION ( 'NONE',  ( 0.000000000000000000, 1.000000000000000000, 0.000000000000000000 ) ) ;
#2549 = APPROVAL_STATUS ( 'not_yet_approved' ) ;
#2550 = DIRECTION ( 'NONE',  ( -1.000000000000000000, -1.365923996832132102E-16, -0.000000000000000000 ) ) ;
#2551 = EDGE_CURVE ( 'NONE', #664, #2245, #103, .T. ) ;
#2552 = DIRECTION ( 'NONE',  ( 6.662942673733950341E-34, -1.000000000000000000, 1.097544303392439621E-17 ) ) ;
#2553 = CARTESIAN_POINT ( 'NONE',  ( -2.282654567279806201, -2.396770513437897154, 0.7414346659833586095 ) ) ;
#2554 = LINE ( 'NONE', #511, #964 ) ;
#2555 = CARTESIAN_POINT ( 'NONE',  ( 3.078125000000000000, 0.01959999999999999243, -1.148106374200637546E-17 ) ) ;
#2556 = EDGE_CURVE ( 'NONE', #2668, #1861, #209, .T. ) ;
#2557 = EDGE_CURVE ( 'NONE', #1612, #230, #874, .T. ) ;
#2558 = ORIENTED_EDGE ( 'NONE', *, *, #750, .F. ) ;
#2559 = APPROVAL_ROLE ( '' ) ;
#2560 = EDGE_LOOP ( 'NONE', ( #2583, #196, #1786, #952 ) ) ;
#2561 = PERSON_AND_ORGANIZATION ( #2667, #921 ) ;
#2562 = CARTESIAN_POINT ( 'NONE',  ( 2.249999999999999556, -2.605399999999999050, 1.365625000000008082 ) ) ;
#2563 = CARTESIAN_POINT ( 'NONE',  ( -2.249999999999999556, -2.505399999999998961, 1.365625000000008527 ) ) ;
#2564 = CARTESIAN_POINT ( 'NONE',  ( -2.250000000000000000, -2.480399999999999494, 0.6406250000000084377 ) ) ;
#2565 = CARTESIAN_POINT ( 'NONE',  ( 3.234375000000000000, 0.1195999999999999980, 0.2241116523516816506 ) ) ;
#2566 = ORIENTED_EDGE ( 'NONE', *, *, #1111, .T. ) ;
#2567 = ORIENTED_EDGE ( 'NONE', *, *, #523, .F. ) ;
#2568 = EDGE_CURVE ( 'NONE', #1126, #1904, #731, .T. ) ;
#2569 = DIRECTION ( 'NONE',  ( 0.000000000000000000, 0.000000000000000000, 1.000000000000000000 ) ) ;
#2570 = VECTOR ( 'NONE', #2704, 39.37007874015748143 ) ;
#2571 = CYLINDRICAL_SURFACE ( 'NONE', #1121, 0.1249999999999998335 ) ;
#2572 = LOCAL_TIME ( 11, 24, 19.00000000000000000, #264 ) ;
#2573 = AXIS2_PLACEMENT_3D ( 'NONE', #1759, #388, #1291 ) ;
#2574 = CARTESIAN_POINT ( 'NONE',  ( -2.273763532945309418, -2.493040458547386429, 0.6702971810965706601 ) ) ;
#2575 = DIRECTION ( 'NONE',  ( 6.662942673733950341E-34, -1.000000000000000000, 1.097544303392439621E-17 ) ) ;
#2576 = DIRECTION ( 'NONE',  ( 1.000000000000000000, 0.000000000000000000, 0.000000000000000000 ) ) ;
#2577 = VECTOR ( 'NONE', #850, 39.37007874015748143 ) ;
#2578 = DIRECTION ( 'NONE',  ( 0.3355903575378419434, 0.9420080211588559571, 0.000000000000000000 ) ) ;
#2579 = CARTESIAN_POINT ( 'NONE',  ( 1.937499999999999778, -2.605399999999999050, 1.365625000000008082 ) ) ;
#2580 = CARTESIAN_POINT ( 'NONE',  ( 2.285625000000000018, -2.380399999999999405, 0.7406250000000085265 ) ) ;
#2581 = AXIS2_PLACEMENT_3D ( 'NONE', #1202, #2329, #2368 ) ;
#2582 = ORIENTED_EDGE ( 'NONE', *, *, #2642, .T. ) ;
#2583 = ORIENTED_EDGE ( 'NONE', *, *, #2856, .T. ) ;
#2584 = VECTOR ( 'NONE', #1970, 39.37007874015748143 ) ;
#2585 = DIRECTION ( 'NONE',  ( 0.000000000000000000, 0.000000000000000000, -1.000000000000000000 ) ) ;
#2586 = UNCERTAINTY_MEASURE_WITH_UNIT (LENGTH_MEASURE( 1.000000000000000082E-05 ), #1960, 'distance_accuracy_value', 'NONE');
#2587 = DIRECTION ( 'NONE',  ( -1.000000000000000000, 0.000000000000000000, 0.000000000000000000 ) ) ;
#2588 = AXIS2_PLACEMENT_3D ( 'NONE', #927, #2742, #641 ) ;
#2589 = LINE ( 'NONE', #267, #2686 ) ;
#2590 = CARTESIAN_POINT ( 'NONE',  ( -3.296875000000000000, 0.1195999999999999980, 1.761203499570054550E-16 ) ) ;
#2591 = FACE_OUTER_BOUND ( 'NONE', #719, .T. ) ;
#2592 = CARTESIAN_POINT ( 'NONE',  ( 2.279687500000000089, -2.412854120181706641, 0.7448621278199041296 ) ) ;
#2593 = EDGE_CURVE ( 'NONE', #892, #2441, #2035, .T. ) ;
#2594 = ORIENTED_EDGE ( 'NONE', *, *, #191, .F. ) ;
#2595 = DIRECTION ( 'NONE',  ( 0.9944695649504389223, -0.01101057392366646195, -0.1044464056306232819 ) ) ;
#2596 = EDGE_CURVE ( 'NONE', #35, #2643, #2931, .T. ) ;
#2597 = DIRECTION ( 'NONE',  ( 0.000000000000000000, 0.000000000000000000, 1.000000000000000000 ) ) ;
#2598 = DIRECTION ( 'NONE',  ( 0.000000000000000000, -1.097544303392439621E-17, -1.000000000000000000 ) ) ;
#2599 = DIRECTION ( 'NONE',  ( 1.000000000000000000, 0.000000000000000000, 0.000000000000000000 ) ) ;
#2600 = DIRECTION ( 'NONE',  ( -0.000000000000000000, -0.000000000000000000, 1.000000000000000000 ) ) ;
#2601 = LINE ( 'NONE', #562, #238 ) ;
#2602 = CARTESIAN_POINT ( 'NONE',  ( -2.279701520309210583, -2.412735328830250214, 0.7446057482967071151 ) ) ;
#2603 = LINE ( 'NONE', #564, #1732 ) ;
#2604 = DIRECTION ( 'NONE',  ( 0.000000000000000000, 1.000000000000000000, 0.000000000000000000 ) ) ;
#2605 = ADVANCED_FACE ( 'NONE', ( #2681 ), #1982, .F. ) ;
#2606 = DIRECTION ( 'NONE',  ( -0.000000000000000000, -0.000000000000000000, 1.000000000000000000 ) ) ;
#2607 = ORIENTED_EDGE ( 'NONE', *, *, #1233, .F. ) ;
#2608 = DIMENSIONAL_EXPONENTS ( 1.000000000000000000, 0.000000000000000000, 0.000000000000000000, 0.000000000000000000, 0.000000000000000000, 0.000000000000000000, 0.000000000000000000 ) ;
#2609 = ORIENTED_EDGE ( 'NONE', *, *, #1216, .F. ) ;
#2610 = CARTESIAN_POINT ( 'NONE',  ( -2.255937500000000817, -2.501162872180103136, 0.8331708798183015130 ) ) ;
#2611 = AXIS2_PLACEMENT_3D ( 'NONE', #939, #1615, #2526 ) ;
#2612 = FACE_OUTER_BOUND ( 'NONE', #1162, .T. ) ;
#2613 = DIRECTION ( 'NONE',  ( -1.000000000000000000, 0.000000000000000000, 0.000000000000000000 ) ) ;
#2614 = CYLINDRICAL_SURFACE ( 'NONE', #956, 1.137499999999999512 ) ;
#2615 = DIRECTION ( 'NONE',  ( 0.000000000000000000, 0.000000000000000000, -1.000000000000000000 ) ) ;
#2616 = ORIENTED_EDGE ( 'NONE', *, *, #750, .T. ) ;
#2617 = DIRECTION ( 'NONE',  ( 6.662942673733950341E-34, -1.000000000000000000, 1.097544303392439621E-17 ) ) ;
#2618 = LINE ( 'NONE', #358, #1911 ) ;
#2619 = LOCAL_TIME ( 11, 24, 19.00000000000000000, #507 ) ;
#2620 = AXIS2_PLACEMENT_3D ( 'NONE', #757, #517, #1220 ) ;
#2621 = CARTESIAN_POINT ( 'NONE',  ( 3.296875000000000000, 0.1195999999999999980, 0.2241116523516816506 ) ) ;
#2622 = VECTOR ( 'NONE', #831, 39.37007874015748143 ) ;
#2623 = ORIENTED_EDGE ( 'NONE', *, *, #752, .T. ) ;
#2624 = VERTEX_POINT ( 'NONE', #1548 ) ;
#2625 = CIRCLE ( 'NONE', #64, 0.06250000000000001388 ) ;
#2626 = CARTESIAN_POINT ( 'NONE',  ( 3.140624999999998668, 0.1206000000000003874, 0.5156249999999995559 ) ) ;
#2627 = DIMENSIONAL_EXPONENTS ( 1.000000000000000000, 0.000000000000000000, 0.000000000000000000, 0.000000000000000000, 0.000000000000000000, 0.000000000000000000, 0.000000000000000000 ) ;
#2628 = PLANE ( 'NONE',  #1546 ) ;
#2629 = DIRECTION ( 'NONE',  ( -0.000000000000000000, -0.000000000000000000, 1.000000000000000000 ) ) ;
#2630 = CARTESIAN_POINT ( 'NONE',  ( -2.255937500000000817, -2.600517824927037758, 0.8064699781348114715 ) ) ;
#2631 = ORIENTED_EDGE ( 'NONE', *, *, #1520, .F. ) ;
#2632 = CYLINDRICAL_SURFACE ( 'NONE', #1383, 0.3125000000000000000 ) ;
#2633 = EDGE_CURVE ( 'NONE', #1204, #1306, #1320, .T. ) ;
#2634 = AXIS2_PLACEMENT_3D ( 'NONE', #2459, #1462, #673 ) ;
#2635 = VECTOR ( 'NONE', #2455, 39.37007874015748143 ) ;
#2636 = CARTESIAN_POINT ( 'NONE',  ( 3.140624999999998668, 0.1195999999999999980, 0.4062499999999997224 ) ) ;
#2637 = ORIENTED_EDGE ( 'NONE', *, *, #1111, .F. ) ;
#2638 = ORIENTED_EDGE ( 'NONE', *, *, #2068, .T. ) ;
#2639 = CARTESIAN_POINT ( 'NONE',  ( -3.099805346116123683, -0.07594234166355397220, 0.7406249999999996447 ) ) ;
#2640 = EDGE_CURVE ( 'NONE', #1829, #765, #160, .T. ) ;
#2641 =( NAMED_UNIT ( * ) PLANE_ANGLE_UNIT ( ) SI_UNIT ( $, .RADIAN. ) );
#2642 = EDGE_CURVE ( 'NONE', #1149, #23, #2535, .T. ) ;
#2643 = VERTEX_POINT ( 'NONE', #1393 ) ;
#2644 = DIRECTION ( 'NONE',  ( -0.000000000000000000, -0.000000000000000000, 1.000000000000000000 ) ) ;
#2645 = EDGE_CURVE ( 'NONE', #296, #2025, #2307, .T. ) ;
#2646 = DIRECTION ( 'NONE',  ( 1.000000000000000000, 0.000000000000000000, 0.000000000000000000 ) ) ;
#2647 = DIRECTION ( 'NONE',  ( -6.070773319253918263E-17, -3.502456781877057751E-15, -1.000000000000000000 ) ) ;
#2648 = DIRECTION ( 'NONE',  ( 1.000000000000000000, 0.000000000000000000, 0.000000000000000000 ) ) ;
#2649 = CARTESIAN_POINT ( 'NONE',  ( 3.158930826175839979, 0.01959999999999999243, 0.3879441738241587445 ) ) ;
#2650 = ORIENTED_EDGE ( 'NONE', *, *, #946, .T. ) ;
#2651 = DIRECTION ( 'NONE',  ( -6.662942673733950341E-34, 1.000000000000000000, -1.097544303392439467E-17 ) ) ;
#2652 = FACE_OUTER_BOUND ( 'NONE', #1001, .T. ) ;
#2653 = VERTEX_POINT ( 'NONE', #1822 ) ;
#2654 = CARTESIAN_POINT ( 'NONE',  ( -3.099806586778948159, -0.07593467574364301531, 0.7391678643717256580 ) ) ;
#2655 = PERSON_AND_ORGANIZATION_ROLE ( 'design_supplier' ) ;
#2656 = ORIENTED_EDGE ( 'NONE', *, *, #219, .T. ) ;
#2657 = CARTESIAN_POINT ( 'NONE',  ( -3.078125000000000000, 0.1195999999999999980, -0.1181102362204724116 ) ) ;
#2658 = PLANE ( 'NONE',  #2502 ) ;
#2659 = DIRECTION ( 'NONE',  ( 0.000000000000000000, 0.000000000000000000, -1.000000000000000000 ) ) ;
#2660 = CC_DESIGN_DATE_AND_TIME_ASSIGNMENT ( #169, #1804, ( #961 ) ) ;
#2661 = CARTESIAN_POINT ( 'NONE',  ( -3.140625000000000000, 0.1195999999999995400, 0.5156250000000002220 ) ) ;
#2662 = AXIS2_PLACEMENT_3D ( 'NONE', #519, #1422, #84 ) ;
#2663 = DIRECTION ( 'NONE',  ( 0.000000000000000000, 0.000000000000000000, 1.000000000000000000 ) ) ;
#2664 = EDGE_LOOP ( 'NONE', ( #2757, #497, #910, #1736 ) ) ;
#2665 = CARTESIAN_POINT ( 'NONE',  ( 2.252970432720194705, -2.504590334016647990, 0.8492544865621104444 ) ) ;
#2666 = CARTESIAN_POINT ( 'NONE',  ( 1.937499999999999778, -2.605399999999999050, 1.365625000000008082 ) ) ;
#2667 = PERSON ( 'UNSPECIFIED', 'UNSPECIFIED', 'UNSPECIFIED', ('UNSPECIFIED'), ('UNSPECIFIED'), ('UNSPECIFIED') ) ;
#2668 = VERTEX_POINT ( 'NONE', #2267 ) ;
#2669 = LOCAL_TIME ( 11, 24, 19.00000000000000000, #1179 ) ;
#2670 = AXIS2_PLACEMENT_3D ( 'NONE', #992, #41, #1395 ) ;
#2671 = EDGE_LOOP ( 'NONE', ( #2566, #314, #1574, #1961 ) ) ;
#2672 = VECTOR ( 'NONE', #2548, 39.37007874015748143 ) ;
#2673 = CARTESIAN_POINT ( 'NONE',  ( 2.309724888169228940, -0.8228394914102851176, 0.6406250000000022204 ) ) ;
#2674 = CC_DESIGN_SECURITY_CLASSIFICATION ( #1007, ( #2946 ) ) ;
#2675 = VECTOR ( 'NONE', #308, 39.37007874015748143 ) ;
#2676 = EDGE_LOOP ( 'NONE', ( #91, #613, #809, #2322 ) ) ;
#2677 = SHAPE_DEFINITION_REPRESENTATION ( #700, #22 ) ;
#2678 = CARTESIAN_POINT ( 'NONE',  ( 3.122070312499997780, -0.006249308211049183631, 0.5918226478096894061 ) ) ;
#2679 = CARTESIAN_POINT ( 'NONE',  ( 2.249999999999999556, -2.605399999999999050, 0.8656250000000081934 ) ) ;
#2680 = DIRECTION ( 'NONE',  ( 0.000000000000000000, 1.000000000000000000, 0.000000000000000000 ) ) ;
#2681 = FACE_OUTER_BOUND ( 'NONE', #926, .T. ) ;
#2682 = ADVANCED_FACE ( 'NONE', ( #2077 ), #2278, .F. ) ;
#2683 = AXIS2_PLACEMENT_3D ( 'NONE', #293, #1455, #1414 ) ;
#2684 = DIRECTION ( 'NONE',  ( 1.000000000000000000, 0.000000000000000000, 0.000000000000000000 ) ) ;
#2685 = CARTESIAN_POINT ( 'NONE',  ( -2.282655731801177534, -2.396765317824490982, 0.7406250000000087486 ) ) ;
#2687 = VERTEX_POINT ( 'NONE', #271 ) ;
#2686 = VECTOR ( 'NONE', #2775, 39.37007874015748143 ) ;
#2688 = DIRECTION ( 'NONE',  ( -0.000000000000000000, -0.000000000000000000, 1.000000000000000000 ) ) ;
#2689 = EDGE_CURVE ( 'NONE', #2496, #35, #1568, .T. ) ;
#2690 = DIRECTION ( 'NONE',  ( -6.070773319253918263E-17, -3.502456781877057751E-15, -1.000000000000000000 ) ) ;
#2691 = VECTOR ( 'NONE', #319, 39.37007874015748143 ) ;
#2692 = ORIENTED_EDGE ( 'NONE', *, *, #1735, .T. ) ;
#2693 = AXIS2_PLACEMENT_3D ( 'NONE', #645, #1966, #2428 ) ;
#2694 = ORIENTED_EDGE ( 'NONE', *, *, #941, .F. ) ;
#2695 = LINE ( 'NONE', #411, #2635 ) ;
#2696 = VECTOR ( 'NONE', #539, 39.37007874015748143 ) ;
#2697 = ADVANCED_FACE ( 'NONE', ( #928 ), #492, .T. ) ;
#2698 = ORIENTED_EDGE ( 'NONE', *, *, #2551, .F. ) ;
#2699 = CALENDAR_DATE ( 2026, 8, 7 ) ;
#2700 = CARTESIAN_POINT ( 'NONE',  ( 2.269283476213757922, -2.529183711294283210, 0.6962032780324673986 ) ) ;
#2701 = CARTESIAN_POINT ( 'NONE',  ( -3.078125000000000000, 0.1195999999999999980, 0.000000000000000000 ) ) ;
#2702 = DIRECTION ( 'NONE',  ( -1.178602065920136121E-15, -1.169936117164262228E-31, 1.000000000000000000 ) ) ;
#2703 = ORIENTED_EDGE ( 'NONE', *, *, #260, .T. ) ;
#2704 = DIRECTION ( 'NONE',  ( -6.662942673733950341E-34, 1.000000000000000000, -1.097544303392439467E-17 ) ) ;
#2705 = ORIENTED_EDGE ( 'NONE', *, *, #837, .F. ) ;
#2706 = ORIENTED_EDGE ( 'NONE', *, *, #2424, .F. ) ;
#2707 = ORIENTED_EDGE ( 'NONE', *, *, #1313, .T. ) ;
#2708 = DIRECTION ( 'NONE',  ( 0.000000000000000000, 0.000000000000000000, 1.000000000000000000 ) ) ;
#2709 = EDGE_CURVE ( 'NONE', #2418, #2073, #2913, .T. ) ;
#2710 = ORIENTED_EDGE ( 'NONE', *, *, #2157, .T. ) ;
#2711 = CARTESIAN_POINT ( 'NONE',  ( 3.109097172385466124, -0.005722029324195348522, 0.7174753746100478446 ) ) ;
#2712 = CARTESIAN_POINT ( 'NONE',  ( 2.279687500000000089, -2.439293273980837728, 0.6464811477496377190 ) ) ;
#2713 = DIRECTION ( 'NONE',  ( -0.000000000000000000, -0.000000000000000000, 1.000000000000000000 ) ) ;
#2714 = DIRECTION ( 'NONE',  ( 1.000000000000000000, 0.000000000000000000, 0.000000000000000000 ) ) ;
#2715 = ORIENTED_EDGE ( 'NONE', *, *, #1891, .F. ) ;
#2716 = FACE_OUTER_BOUND ( 'NONE', #684, .T. ) ;
#2717 = ORIENTED_EDGE ( 'NONE', *, *, #2384, .F. ) ;
#2718 = DIRECTION ( 'NONE',  ( -6.070773319253918263E-17, -3.502456781877057751E-15, -1.000000000000000000 ) ) ;
#2719 = ORIENTED_EDGE ( 'NONE', *, *, #785, .F. ) ;
#2720 = CARTESIAN_POINT ( 'NONE',  ( -3.114648437499999201, -0.02858166000313604183, 0.6155833552997721503 ) ) ;
#2721 = VERTEX_POINT ( 'NONE', #1850 ) ;
#2722 = APPROVAL_PERSON_ORGANIZATION ( #1489, #533, #155 ) ;
#2723 = VECTOR ( 'NONE', #2874, 39.37007874015748143 ) ;
#2724 = CARTESIAN_POINT ( 'NONE',  ( -1.937499999999999778, -2.605399999999999050, 1.365625000000008527 ) ) ;
#2725 = CARTESIAN_POINT ( 'NONE',  ( -3.296875000000000444, 0.01959999999999999243, -0.2812500000000009437 ) ) ;
#2726 = AXIS2_PLACEMENT_3D ( 'NONE', #1175, #307, #2093 ) ;
#2727 = CARTESIAN_POINT ( 'NONE',  ( 3.278569173824158689, 0.1195999999999999980, 0.2683058261758410890 ) ) ;
#2728 = EDGE_LOOP ( 'NONE', ( #134, #653, #1536, #1972 ) ) ;
#2729 = LINE ( 'NONE', #1798, #2570 ) ;
#2730 = EDGE_CURVE ( 'NONE', #2245, #664, #2020, .T. ) ;
#2731 = ORIENTED_EDGE ( 'NONE', *, *, #1445, .F. ) ;
#2732 = EDGE_CURVE ( 'NONE', #2496, #1973, #913, .T. ) ;
#2733 = CARTESIAN_POINT ( 'NONE',  ( -2.268236690765929708, -0.9392975893844600632, 0.7406249999999995337 ) ) ;
#2734 = ORIENTED_EDGE ( 'NONE', *, *, #1419, .F. ) ;
#2735 = DIRECTION ( 'NONE',  ( 0.000000000000000000, 0.000000000000000000, 1.000000000000000000 ) ) ;
#2736 = LINE ( 'NONE', #2071, #325 ) ;
#2737 = CARTESIAN_POINT ( 'NONE',  ( 2.275960757996553951, -2.473448753562557112, 0.6606358455331908797 ) ) ;
#2738 = ORIENTED_EDGE ( 'NONE', *, *, #909, .F. ) ;
#2739 = VECTOR ( 'NONE', #798, 39.37007874015748143 ) ;
#2740 = CIRCLE ( 'NONE', #829, 0.1181102362204728279 ) ;
#2741 = EDGE_CURVE ( 'NONE', #1339, #923, #1352, .T. ) ;
#2742 = DIRECTION ( 'NONE',  ( 0.000000000000000000, 1.000000000000000000, 0.000000000000000000 ) ) ;
#2743 = CARTESIAN_POINT ( 'NONE',  ( 3.133271872389507884, 0.01643890018931918814, 0.5480536980107353351 ) ) ;
#2744 = APPROVAL_DATE_TIME ( #2227, #1917 ) ;
#2745 = EDGE_CURVE ( 'NONE', #230, #1858, #689, .T. ) ;
#2746 = EDGE_LOOP ( 'NONE', ( #424, #2486, #1243, #1068 ) ) ;
#2747 = FACE_BOUND ( 'NONE', #2519, .T. ) ;
#2748 = B_SPLINE_SURFACE_WITH_KNOTS ( 'NONE', 1, 3, ( 
 ( #2862, #1095, #635, #1789, #877, #425, #600, #1329, #2246, #1114 ),
 ( #2028, #2639, #1601, #1138, #1127, #2485, #3, #1346, #1873, #2283 ),
 ( #240, #669, #1155, #2937, #2720, #467, #1844, #218, #697, #2262 ),
 ( #2070, #33, #1855, #1386, #950, #19, #2751, #1614, #938, #1373 ) ),
 .UNSPECIFIED., .F., .F., .F.,
 ( 2, 1, 1, 2 ),
 ( 4, 2, 2, 2, 4 ),
 ( -0.01000000000000000021, 0.000000000000000000, 1.000000000000000000, 1.010099999999999998 ),
 ( 0.000000000000000000, 0.2500000000000000000, 0.5000000000000000000, 0.7500000000000000000, 1.000000000000000000 ),
 .UNSPECIFIED. ) ;
#2749 = EDGE_LOOP ( 'NONE', ( #733, #1020, #2, #705 ) ) ;
#2750 = CARTESIAN_POINT ( 'NONE',  ( -3.015625000000000444, 0.01959999999999999243, -0.1181102362204724116 ) ) ;
#2751 = CARTESIAN_POINT ( 'NONE',  ( -3.125781249999999734, 0.002940774292043939111, 0.5780687173761875908 ) ) ;
#2752 = DIRECTION ( 'NONE',  ( -1.000000000000000000, -0.000000000000000000, 2.731847993664277517E-16 ) ) ;
#2753 = ORIENTED_EDGE ( 'NONE', *, *, #2176, .T. ) ;
#2754 = COORDINATED_UNIVERSAL_TIME_OFFSET ( 6, 0, .BEHIND. ) ;
#2755 = CARTESIAN_POINT ( 'NONE',  ( 2.282655731801176646, -2.396765317824492314, 0.7406250000000087486 ) ) ;
#2756 = DIRECTION ( 'NONE',  ( -1.365923996832132102E-16, 1.000000000000000000, 1.639108796198560298E-15 ) ) ;
#2757 = ORIENTED_EDGE ( 'NONE', *, *, #792, .T. ) ;
#2758 = PLANE ( 'NONE',  #1150 ) ;
#2759 = CC_DESIGN_DATE_AND_TIME_ASSIGNMENT ( #2770, #734, ( #529 ) ) ;
#2760 = EDGE_LOOP ( 'NONE', ( #1147, #947, #940, #890 ) ) ;
#2761 = EDGE_CURVE ( 'NONE', #2833, #1764, #1830, .T. ) ;
#2762 = DIRECTION ( 'NONE',  ( 0.000000000000000000, 0.000000000000000000, 1.000000000000000000 ) ) ;
#2763 = AXIS2_PLACEMENT_3D ( 'NONE', #589, #770, #1447 ) ;
#2764 = CARTESIAN_POINT ( 'NONE',  ( 3.140624999999998668, 0.1196000000000003727, 0.5156249999999995559 ) ) ;
#2765 = ORIENTED_EDGE ( 'NONE', *, *, #2849, .F. ) ;
#2766 = COORDINATED_UNIVERSAL_TIME_OFFSET ( 6, 0, .BEHIND. ) ;
#2767 = CARTESIAN_POINT ( 'NONE',  ( 1.756640935476215803, -1.630399999999999627, 0.7406249999999995337 ) ) ;
#2768 = CIRCLE ( 'NONE', #1959, 0.2500000000000000555 ) ;
#2769 = CIRCLE ( 'NONE', #919, 0.2499999999999998612 ) ;
#2770 = DATE_AND_TIME ( #1824, #2572 ) ;
#2771 = CC_DESIGN_APPROVAL ( #825, ( #1866 ) ) ;
#2772 = AXIS2_PLACEMENT_3D ( 'NONE', #2767, #472, #1170 ) ;
#2773 = ADVANCED_FACE ( 'NONE', ( #2088, #52, #1593 ), #1365, .T. ) ;
#2774 = CARTESIAN_POINT ( 'NONE',  ( -2.834783748502118783, 0.01959999999999999243, -0.1323529411764702013 ) ) ;
#2775 = DIRECTION ( 'NONE',  ( 0.000000000000000000, -0.000000000000000000, 1.000000000000000000 ) ) ;
#2776 = ADVANCED_FACE ( 'NONE', ( #1378, #1180, #2097 ), #967, .T. ) ;
#2777 = EDGE_CURVE ( 'NONE', #602, #1149, #1192, .T. ) ;
#2778 = DIRECTION ( 'NONE',  ( 0.000000000000000000, 0.000000000000000000, -1.000000000000000000 ) ) ;
#2779 = DIRECTION ( 'NONE',  ( 0.000000000000000000, 0.000000000000000000, 1.000000000000000000 ) ) ;
#2780 = EDGE_LOOP ( 'NONE', ( #1718, #1781, #153, #1774 ) ) ;
#2781 = PERSON_AND_ORGANIZATION ( #2243, #1475 ) ;
#2782 = CARTESIAN_POINT ( 'NONE',  ( 3.099844203934484455, -0.08886501273546615343, 0.6397965428635612462 ) ) ;
#2783 = VECTOR ( 'NONE', #592, 39.37007874015748854 ) ;
#2784 = VECTOR ( 'NONE', #1766, 39.37007874015748143 ) ;
#2785 = VERTEX_POINT ( 'NONE', #2145 ) ;
#2786 = CALENDAR_DATE ( 2026, 8, 7 ) ;
#2787 = FACE_OUTER_BOUND ( 'NONE', #170, .T. ) ;
#2788 = CARTESIAN_POINT ( 'NONE',  ( -3.133162532781430087, 0.01555562742530172855, 0.5482089539514010124 ) ) ;
#2789 = DIRECTION ( 'NONE',  ( -6.070773319253918263E-17, -3.502456781877057751E-15, -1.000000000000000000 ) ) ;
#2790 = LINE ( 'NONE', #2339, #1396 ) ;
#2791 = CARTESIAN_POINT ( 'NONE',  ( -1.662282886008527472, -2.505399999999998961, 1.513651315789482421 ) ) ;
#2792 = FACE_OUTER_BOUND ( 'NONE', #2870, .T. ) ;
#2793 = ORIENTED_EDGE ( 'NONE', *, *, #7, .F. ) ;
#2794 = EDGE_CURVE ( 'NONE', #1764, #355, #762, .T. ) ;
#2795 = DATE_AND_TIME ( #965, #2669 ) ;
#2796 = ORIENTED_EDGE ( 'NONE', *, *, #1765, .T. ) ;
#2797 = DIRECTION ( 'NONE',  ( 0.000000000000000000, 1.000000000000000000, 0.000000000000000000 ) ) ;
#2798 = DIRECTION ( 'NONE',  ( 0.000000000000000000, 1.000000000000000000, -3.482355684231369469E-15 ) ) ;
#2799 = DIRECTION ( 'NONE',  ( 0.000000000000000000, 1.000000000000000000, 0.000000000000000000 ) ) ;
#2800 = CARTESIAN_POINT ( 'NONE',  ( 3.140624999999998668, 0.1195999999999999980, 0.4999999999999997224 ) ) ;
#2801 = CARTESIAN_POINT ( 'NONE',  ( 2.261874999999999858, -2.489623298544281216, 0.8026726274536460926 ) ) ;
#2802 = ORIENTED_EDGE ( 'NONE', *, *, #1936, .F. ) ;
#2803 = VECTOR ( 'NONE', #1845, 39.37007874015748143 ) ;
#2804 = ORIENTED_EDGE ( 'NONE', *, *, #1450, .F. ) ;
#2805 = CARTESIAN_POINT ( 'NONE',  ( -1.756640935476216248, -1.630399999999999627, 0.7406249999999995337 ) ) ;
#2806 = CIRCLE ( 'NONE', #627, 0.2500000000000003331 ) ;
#2807 = CARTESIAN_POINT ( 'NONE',  ( -3.158930826175840423, 0.01959999999999999243, 0.3879441738241591886 ) ) ;
#2808 = CC_DESIGN_APPROVAL ( #550, ( #811 ) ) ;
#2809 = CIRCLE ( 'NONE', #730, 0.1181102362204724116 ) ;
#2810 = EDGE_CURVE ( 'NONE', #1157, #991, #1056, .T. ) ;
#2811 = CARTESIAN_POINT ( 'NONE',  ( -2.596181090567001526, 0.1195999999999999980, 0.000000000000000000 ) ) ;
#2812 = CARTESIAN_POINT ( 'NONE',  ( -3.015625000000000444, 0.1195999999999999980, -0.1181102362204724116 ) ) ;
#2813 = EDGE_CURVE ( 'NONE', #2721, #2372, #2365, .T. ) ;
#2814 = DIRECTION ( 'NONE',  ( 0.000000000000000000, 0.000000000000000000, -1.000000000000000000 ) ) ;
#2815 = CARTESIAN_POINT ( 'NONE',  ( 2.249999999999999556, -2.504389999999999006, 0.8656250000000081934 ) ) ;
#2816 = CIRCLE ( 'NONE', #1531, 0.2500000000000003331 ) ;
#2817 = ORIENTED_EDGE ( 'NONE', *, *, #1628, .F. ) ;
#2818 = APPROVAL_STATUS ( 'not_yet_approved' ) ;
#2819 = ORIENTED_EDGE ( 'NONE', *, *, #2427, .T. ) ;
#2820 = ADVANCED_FACE ( 'NONE', ( #63 ), #2326, .F. ) ;
#2821 = AXIS2_PLACEMENT_3D ( 'NONE', #1869, #2107, #1197 ) ;
#2822 = CARTESIAN_POINT ( 'NONE',  ( -2.264843750000000711, -2.480358355299772111, 0.7888066600031444775 ) ) ;
#2823 = CYLINDRICAL_SURFACE ( 'NONE', #2620, 0.2500000000000000555 ) ;
#2824 = AXIS2_PLACEMENT_3D ( 'NONE', #2343, #322, #1228 ) ;
#2825 = EDGE_CURVE ( 'NONE', #1251, #796, #2066, .T. ) ;
#2826 = DIRECTION ( 'NONE',  ( -0.000000000000000000, -0.000000000000000000, -1.000000000000000000 ) ) ;
#2827 = DIRECTION ( 'NONE',  ( 0.3355903575378423320, -0.9420080211588557351, 3.278969452403024749E-15 ) ) ;
#2828 = CARTESIAN_POINT ( 'NONE',  ( 1.332291259447422105, -0.6053999999999998272, 0.7406249999999995337 ) ) ;
#2829 = LINE ( 'NONE', #2386, #334 ) ;
#2830 = CARTESIAN_POINT ( 'NONE',  ( -1.332291259447422549, -1.630400000000000071, -0.2500000000000009992 ) ) ;
#2831 = ORIENTED_EDGE ( 'NONE', *, *, #396, .F. ) ;
#2832 = DATE_TIME_ROLE ( 'creation_date' ) ;
#2833 = VERTEX_POINT ( 'NONE', #106 ) ;
#2834 = CARTESIAN_POINT ( 'NONE',  ( -1.937499999999999778, -2.505399999999998961, 1.365625000000008527 ) ) ;
#2835 = VERTEX_POINT ( 'NONE', #45 ) ;
#2836 = LINE ( 'NONE', #2393, #1465 ) ;
#2837 = CARTESIAN_POINT ( 'NONE',  ( 2.834783748502118783, 0.01959999999999999243, -0.1323529411764717001 ) ) ;
#2838 = CARTESIAN_POINT ( 'NONE',  ( -1.332291259447422993, -0.8554000000000002712, -0.2500000000000009992 ) ) ;
#2839 = CARTESIAN_POINT ( 'NONE',  ( 3.120218523556055334, 0.06412898011257196773, 0.6642866797791601163 ) ) ;
#2840 = DIRECTION ( 'NONE',  ( -0.000000000000000000, -1.000000000000000000, -0.000000000000000000 ) ) ;
#2841 = VERTEX_POINT ( 'NONE', #86 ) ;
#2842 = DIRECTION ( 'NONE',  ( 0.000000000000000000, 1.000000000000000000, 0.000000000000000000 ) ) ;
#2843 = CARTESIAN_POINT ( 'NONE',  ( 1.332291259447422549, -1.630399999999999849, 0.7406249999999995337 ) ) ;
#2844 = CARTESIAN_POINT ( 'NONE',  ( 1.937499999999999778, -2.505399999999998961, 1.365625000000008082 ) ) ;
#2845 = CARTESIAN_POINT ( 'NONE',  ( -1.332291259447422993, -0.6054000000000002712, 0.7406249999999995337 ) ) ;
#2846 = VERTEX_POINT ( 'NONE', #2828 ) ;
#2847 =( LENGTH_UNIT ( ) NAMED_UNIT ( * ) SI_UNIT ( $, .METRE. ) );
#2848 = VERTEX_POINT ( 'NONE', #959 ) ;
#2849 = EDGE_CURVE ( 'NONE', #856, #2846, #2554, .T. ) ;
#2850 = CARTESIAN_POINT ( 'NONE',  ( 2.268236690765929708, -0.9392975893844592861, 0.6406250000000039968 ) ) ;
#2851 = LINE ( 'NONE', #558, #1399 ) ;
#2852 = CARTESIAN_POINT ( 'NONE',  ( -2.032734685476215830, -0.8553999999999996051, 0.7406249999999995337 ) ) ;
#2853 = CARTESIAN_POINT ( 'NONE',  ( 1.137499999999999512, -1.242900000000000338, 0.6406250000000037748 ) ) ;
#2854 = EDGE_LOOP ( 'NONE', ( #2734, #2192, #934, #2098 ) ) ;
#2855 = CARTESIAN_POINT ( 'NONE',  ( -1.332291259447422993, -0.6054000000000002712, -0.2500000000000009992 ) ) ;
#2856 = EDGE_CURVE ( 'NONE', #140, #1277, #2168, .T. ) ;
#2857 = CARTESIAN_POINT ( 'NONE',  ( -0.6375000000000002887, -1.242900000000000338, 0.6406250000000038858 ) ) ;
#2858 = EDGE_CURVE ( 'NONE', #2687, #35, #2036, .T. ) ;
#2859 = VERTEX_POINT ( 'NONE', #1698 ) ;
#2860 = AXIS2_PLACEMENT_3D ( 'NONE', #1876, #2492, #732 ) ;
#2861 = ORIENTED_EDGE ( 'NONE', *, *, #2689, .F. ) ;
#2862 = CARTESIAN_POINT ( 'NONE',  ( -3.096093749999999201, -0.1053999999999999243, 0.7416249999999996456 ) ) ;
#2863 = VERTEX_POINT ( 'NONE', #1321 ) ;
#2864 = AXIS2_PLACEMENT_3D ( 'NONE', #1088, #401, #2177 ) ;
#2865 = CARTESIAN_POINT ( 'NONE',  ( 3.296875000000000000, 0.1195999999999999980, 1.652950590382291866E-16 ) ) ;
#2866 = CYLINDRICAL_SURFACE ( 'NONE', #1070, 0.2500000000000000555 ) ;
#2867 = CARTESIAN_POINT ( 'NONE',  ( -9.163073478748884727E-17, -1.242900000000000338, 0.7406249999999995337 ) ) ;
#2868 = DIRECTION ( 'NONE',  ( 0.000000000000000000, 1.000000000000000000, 0.000000000000000000 ) ) ;
#2869 = CARTESIAN_POINT ( 'NONE',  ( -2.279687500000000089, -2.439293273980837728, 0.6464811477496377190 ) ) ;
#2870 = EDGE_LOOP ( 'NONE', ( #14, #2128, #127, #2244 ) ) ;
#2871 = CARTESIAN_POINT ( 'NONE',  ( -2.266340469400659252, -2.474527234127101849, 0.7829715460526808224 ) ) ;
#2872 = VECTOR ( 'NONE', #192, 39.37007874015748143 ) ;
#2873 = AXIS2_PLACEMENT_3D ( 'NONE', #1176, #1816, #1166 ) ;
#2874 = DIRECTION ( 'NONE',  ( -0.000000000000000000, -4.370956789862825094E-15, -1.000000000000000000 ) ) ;
#2875 = ORIENTED_EDGE ( 'NONE', *, *, #1362, .T. ) ;
#2876 = CARTESIAN_POINT ( 'NONE',  ( 1.092238780267706488, -1.560580180180180632, -0.2500000000000009992 ) ) ;
#2877 = DATE_AND_TIME ( #126, #2292 ) ;
#2878 = CC_DESIGN_PERSON_AND_ORGANIZATION_ASSIGNMENT ( #1835, #2287, ( #811 ) ) ;
#2879 = ORIENTED_EDGE ( 'NONE', *, *, #47, .T. ) ;
#2880 = CARTESIAN_POINT ( 'NONE',  ( 3.136913426159113172, 0.01960000000000039488, 0.5319902675253068702 ) ) ;
#2881 = CARTESIAN_POINT ( 'NONE',  ( -1.937499999999999778, -2.605399999999999050, 0.8656250000000087486 ) ) ;
#2882 = CARTESIAN_POINT ( 'NONE',  ( 3.203124999999999112, 0.1195999999999999980, 0.4321383476483182107 ) ) ;
#2883 = DIRECTION ( 'NONE',  ( 0.000000000000000000, 0.000000000000000000, -1.000000000000000000 ) ) ;
#2884 = CARTESIAN_POINT ( 'NONE',  ( -2.250000000000000444, -2.606399999999998940, 0.8656250000000089706 ) ) ;
#2885 = ORIENTED_EDGE ( 'NONE', *, *, #2367, .T. ) ;
#2886 = FACE_OUTER_BOUND ( 'NONE', #2560, .T. ) ;
#2887 = CARTESIAN_POINT ( 'NONE',  ( 2.285625000000000018, -2.380399999999999405, 0.7406250000000085265 ) ) ;
#2888 = ORIENTED_EDGE ( 'NONE', *, *, #479, .T. ) ;
#2889 = VERTEX_POINT ( 'NONE', #2001 ) ;
#2890 = CARTESIAN_POINT ( 'NONE',  ( -3.125765130813669135, 0.08949775918273968067, 0.6282932521112745139 ) ) ;
#2891 = EDGE_CURVE ( 'NONE', #753, #1168, #341, .T. ) ;
#2892 = ORIENTED_EDGE ( 'NONE', *, *, #1275, .F. ) ;
#2893 = CARTESIAN_POINT ( 'NONE',  ( -1.414587483416202662, -2.605399999999999050, 1.646875000000008749 ) ) ;
#2894 = EDGE_CURVE ( 'NONE', #35, #2841, #885, .T. ) ;
#2895 = CARTESIAN_POINT ( 'NONE',  ( 1.756640935476215803, -1.630399999999999627, -0.2500000000000009992 ) ) ;
#2896 = LINE ( 'NONE', #399, #781 ) ;
#2897 = LINE ( 'NONE', #1754, #1678 ) ;
#2898 =( NAMED_UNIT ( * ) PLANE_ANGLE_UNIT ( ) SI_UNIT ( $, .RADIAN. ) );
#2899 = LINE ( 'NONE', #132, #1587 ) ;
#2900 = CARTESIAN_POINT ( 'NONE',  ( -2.273750000000000160, -2.493714270583451853, 0.6690230626203008679 ) ) ;
#2901 = ORIENTED_EDGE ( 'NONE', *, *, #2523, .T. ) ;
#2902 = LINE ( 'NONE', #628, #1434 ) ;
#2903 = DIRECTION ( 'NONE',  ( 0.7071067811865434649, -0.000000000000000000, 0.7071067811865515695 ) ) ;
#2904 = EDGE_CURVE ( 'NONE', #1126, #1157, #2603, .T. ) ;
#2905 = EDGE_LOOP ( 'NONE', ( #79, #1660, #2008, #1995 ) ) ;
#2906 = CC_DESIGN_APPROVAL ( #955, ( #529 ) ) ;
#2907 = CIRCLE ( 'NONE', #1107, 0.1181102362204724116 ) ;
#2908 = VERTEX_POINT ( 'NONE', #1466 ) ;
#2909 = ADVANCED_FACE ( 'NONE', ( #1245 ), #1564, .F. ) ;
#2910 = AXIS2_PLACEMENT_3D ( 'NONE', #2314, #2789, #747 ) ;
#2911 = CARTESIAN_POINT ( 'NONE',  ( -3.110920779977616402, 0.007241737309574594085, 0.7109519302747143721 ) ) ;
#2912 = VECTOR ( 'NONE', #873, 39.37007874015748143 ) ;
#2913 = CIRCLE ( 'NONE', #1429, 0.1181102362204724116 ) ;
#2914 = ORIENTED_EDGE ( 'NONE', *, *, #1760, .T. ) ;
#2915 = CARTESIAN_POINT ( 'NONE',  ( 3.125781249999997957, 0.002940774292044876729, 0.5780687173761874798 ) ) ;
#2916 = CARTESIAN_POINT ( 'NONE',  ( -3.078125000000000000, 0.1195999999999999980, 0.1181102362204724116 ) ) ;
#2917 = CARTESIAN_POINT ( 'NONE',  ( 2.270781249999999751, -2.518673011994355448, 0.6856999604604183673 ) ) ;
#2918 = CARTESIAN_POINT ( 'NONE',  ( 1.137499999999999512, -1.242900000000000338, -0.2500000000000009992 ) ) ;
#2919 = ORIENTED_EDGE ( 'NONE', *, *, #2112, .F. ) ;
#2920 = CARTESIAN_POINT ( 'NONE',  ( 2.285625000000000018, -2.380399999999999405, 0.7406250000000085265 ) ) ;
#2921 = ADVANCED_FACE ( 'NONE', ( #1484 ), #2462, .F. ) ;
#2922 = ORIENTED_EDGE ( 'NONE', *, *, #1218, .F. ) ;
#2923 = VERTEX_POINT ( 'NONE', #2268 ) ;
#2924 = CIRCLE ( 'NONE', #1071, 1.137499999999999512 ) ;
#2925 = EDGE_LOOP ( 'NONE', ( #2230, #1930, #404, #1404 ) ) ;
#2926 = CARTESIAN_POINT ( 'NONE',  ( -1.092238780267707154, -0.9252198198198201551, -0.2500000000000009992 ) ) ;
#2927 = VERTEX_POINT ( 'NONE', #2399 ) ;
#2928 = PERSON_AND_ORGANIZATION_ROLE ( 'design_supplier' ) ;
#2929 = CARTESIAN_POINT ( 'NONE',  ( 3.110953619186328289, 0.007268252111275773537, 0.7105227591827399936 ) ) ;
#2930 = CARTESIAN_POINT ( 'NONE',  ( 2.261874999999999858, -2.577875723768060734, 0.7518071104361853108 ) ) ;
#2931 = LINE ( 'NONE', #2461, #531 ) ;
#2932 = CARTESIAN_POINT ( 'NONE',  ( 3.140624999999998668, 0.01959999999999999243, 0.6406249999999992228 ) ) ;
#2933 = ORIENTED_EDGE ( 'NONE', *, *, #2557, .F. ) ;
#2934 = CARTESIAN_POINT ( 'NONE',  ( 2.279652850265182717, -2.413300149390778415, 0.7439389650657196595 ) ) ;
#2935 = ORIENTED_EDGE ( 'NONE', *, *, #1539, .F. ) ;
#2936 = ORIENTED_EDGE ( 'NONE', *, *, #2593, .T. ) ;
#2937 = CARTESIAN_POINT ( 'NONE',  ( -3.110937499999999467, -0.04244762745363792056, 0.6248482985442820326 ) ) ;
#2938 = ORIENTED_EDGE ( 'NONE', *, *, #752, .F. ) ;
#2939 = EDGE_CURVE ( 'NONE', #617, #2441, #2768, .T. ) ;
#2940 = CYLINDRICAL_SURFACE ( 'NONE', #2588, 0.1181102362204724116 ) ;
#2941 = CARTESIAN_POINT ( 'NONE',  ( -3.234375000000000888, 0.1195999999999999980, 0.2241116523516817061 ) ) ;
#2942 = DIRECTION ( 'NONE',  ( 1.000000000000000000, 1.365059278525069004E-15, -6.070773319254396510E-17 ) ) ;
#2943 = EDGE_CURVE ( 'NONE', #2483, #152, #2618, .T. ) ;
#2944 = VERTEX_POINT ( 'NONE', #2021 ) ;
#2945 = NEXT_ASSEMBLY_USAGE_OCCURRENCE ( 'NAUO1', ' ', ' ', #1198, #113, $ ) ;
#2946 = NEXT_ASSEMBLY_USAGE_OCCURRENCE ( 'NAUO2', ' ', ' ', #1198, #113, $ ) ;
ENDSEC;
END-ISO-10303-21;
