ISO-10303-21;
HEADER;
/* Generated by software containing ST-Developer
 * from STEP Tools, Inc. (www.steptools.com) 
 */

FILE_DESCRIPTION(
/* description */ (''),
/* implementation_level */ '2;1');

FILE_NAME(
/* name */ 'H205 Winglet.step',
/* time_stamp */ '2026-07-15T00:08:45+02:00',
/* author */ (''),
/* organization */ (''),
/* preprocessor_version */ 'ST-DEVELOPER v20.1',
/* originating_system */ 'Autodesk Translation Framework v15.8.0.0',
/* authorisation */ '');

FILE_SCHEMA (('AUTOMOTIVE_DESIGN { 1 0 10303 214 3 1 1 }'));
ENDSEC;

DATA;
#10=MECHANICAL_DESIGN_GEOMETRIC_PRESENTATION_REPRESENTATION('',(#13,#14),
#8739);
#11=SHAPE_REPRESENTATION_RELATIONSHIP('SRR','None',#8745,#12);
#12=ADVANCED_BREP_SHAPE_REPRESENTATION('',(#15,#16),#8738);
#13=STYLED_ITEM('',(#8755),#15);
#14=STYLED_ITEM('',(#8755),#16);
#15=MANIFOLD_SOLID_BREP('K\X\F6rper71',#129);
#16=MANIFOLD_SOLID_BREP('K\X\F6rper72',#130);
#17=B_SPLINE_CURVE_WITH_KNOTS('',3,(#4561,#4562,#4563,#4564),
 .UNSPECIFIED.,.F.,.F.,(4,4),(0.,1.43796443404443),.UNSPECIFIED.);
#18=B_SPLINE_CURVE_WITH_KNOTS('',3,(#4566,#4567,#4568,#4569,#4570,#4571,
#4572),.UNSPECIFIED.,.F.,.F.,(4,1,1,1,4),(1.43796443404443,3.47408258063585,
5.99195325609615,8.31018140496652,10.8645594401646),.UNSPECIFIED.);
#19=B_SPLINE_CURVE_WITH_KNOTS('',3,(#4573,#4574,#4575,#4576),
 .UNSPECIFIED.,.F.,.F.,(4,4),(10.8645594401646,11.1505653561146),
 .UNSPECIFIED.);
#20=B_SPLINE_CURVE_WITH_KNOTS('',3,(#4577,#4578,#4579,#4580,#4581,#4582,
#4583),.UNSPECIFIED.,.F.,.F.,(4,1,1,1,4),(0.,3.43923085719673,5.93185450681318,
8.22683661258079,11.0387191882967),.UNSPECIFIED.);
#21=B_SPLINE_CURVE_WITH_KNOTS('',3,(#8632,#8633,#8634,#8635,#8636,#8637,
#8638),.UNSPECIFIED.,.F.,.F.,(4,1,1,1,4),(0.,3.43923085719673,5.93185450681318,
8.22683661258079,11.0387191882967),.UNSPECIFIED.);
#22=B_SPLINE_CURVE_WITH_KNOTS('',3,(#8640,#8641,#8642,#8643),
 .UNSPECIFIED.,.F.,.F.,(4,4),(10.8645594401646,11.1505653561146),
 .UNSPECIFIED.);
#23=B_SPLINE_CURVE_WITH_KNOTS('',3,(#8645,#8646,#8647,#8648,#8649,#8650,
#8651),.UNSPECIFIED.,.F.,.F.,(4,1,1,1,4),(1.43796443404443,3.47408258063585,
5.99195325609615,8.31018140496652,10.8645594401646),.UNSPECIFIED.);
#24=B_SPLINE_CURVE_WITH_KNOTS('',3,(#8652,#8653,#8654,#8655),
 .UNSPECIFIED.,.F.,.F.,(4,4),(0.,1.43796443404443),.UNSPECIFIED.);
#25=B_SPLINE_SURFACE_WITH_KNOTS('',3,3,((#330,#331,#332,#333,#334,#335,
#336,#337,#338,#339,#340,#341,#342,#343,#344,#345,#346,#347,#348,#349,#350),
(#351,#352,#353,#354,#355,#356,#357,#358,#359,#360,#361,#362,#363,#364,
#365,#366,#367,#368,#369,#370,#371),(#372,#373,#374,#375,#376,#377,#378,
#379,#380,#381,#382,#383,#384,#385,#386,#387,#388,#389,#390,#391,#392),
(#393,#394,#395,#396,#397,#398,#399,#400,#401,#402,#403,#404,#405,#406,
#407,#408,#409,#410,#411,#412,#413),(#414,#415,#416,#417,#418,#419,#420,
#421,#422,#423,#424,#425,#426,#427,#428,#429,#430,#431,#432,#433,#434),
(#435,#436,#437,#438,#439,#440,#441,#442,#443,#444,#445,#446,#447,#448,
#449,#450,#451,#452,#453,#454,#455),(#456,#457,#458,#459,#460,#461,#462,
#463,#464,#465,#466,#467,#468,#469,#470,#471,#472,#473,#474,#475,#476),
(#477,#478,#479,#480,#481,#482,#483,#484,#485,#486,#487,#488,#489,#490,
#491,#492,#493,#494,#495,#496,#497),(#498,#499,#500,#501,#502,#503,#504,
#505,#506,#507,#508,#509,#510,#511,#512,#513,#514,#515,#516,#517,#518),
(#519,#520,#521,#522,#523,#524,#525,#526,#527,#528,#529,#530,#531,#532,
#533,#534,#535,#536,#537,#538,#539),(#540,#541,#542,#543,#544,#545,#546,
#547,#548,#549,#550,#551,#552,#553,#554,#555,#556,#557,#558,#559,#560),
(#561,#562,#563,#564,#565,#566,#567,#568,#569,#570,#571,#572,#573,#574,
#575,#576,#577,#578,#579,#580,#581),(#582,#583,#584,#585,#586,#587,#588,
#589,#590,#591,#592,#593,#594,#595,#596,#597,#598,#599,#600,#601,#602),
(#603,#604,#605,#606,#607,#608,#609,#610,#611,#612,#613,#614,#615,#616,
#617,#618,#619,#620,#621,#622,#623),(#624,#625,#626,#627,#628,#629,#630,
#631,#632,#633,#634,#635,#636,#637,#638,#639,#640,#641,#642,#643,#644),
(#645,#646,#647,#648,#649,#650,#651,#652,#653,#654,#655,#656,#657,#658,
#659,#660,#661,#662,#663,#664,#665),(#666,#667,#668,#669,#670,#671,#672,
#673,#674,#675,#676,#677,#678,#679,#680,#681,#682,#683,#684,#685,#686),
(#687,#688,#689,#690,#691,#692,#693,#694,#695,#696,#697,#698,#699,#700,
#701,#702,#703,#704,#705,#706,#707),(#708,#709,#710,#711,#712,#713,#714,
#715,#716,#717,#718,#719,#720,#721,#722,#723,#724,#725,#726,#727,#728),
(#729,#730,#731,#732,#733,#734,#735,#736,#737,#738,#739,#740,#741,#742,
#743,#744,#745,#746,#747,#748,#749),(#750,#751,#752,#753,#754,#755,#756,
#757,#758,#759,#760,#761,#762,#763,#764,#765,#766,#767,#768,#769,#770),
(#771,#772,#773,#774,#775,#776,#777,#778,#779,#780,#781,#782,#783,#784,
#785,#786,#787,#788,#789,#790,#791),(#792,#793,#794,#795,#796,#797,#798,
#799,#800,#801,#802,#803,#804,#805,#806,#807,#808,#809,#810,#811,#812),
(#813,#814,#815,#816,#817,#818,#819,#820,#821,#822,#823,#824,#825,#826,
#827,#828,#829,#830,#831,#832,#833),(#834,#835,#836,#837,#838,#839,#840,
#841,#842,#843,#844,#845,#846,#847,#848,#849,#850,#851,#852,#853,#854),
(#855,#856,#857,#858,#859,#860,#861,#862,#863,#864,#865,#866,#867,#868,
#869,#870,#871,#872,#873,#874,#875),(#876,#877,#878,#879,#880,#881,#882,
#883,#884,#885,#886,#887,#888,#889,#890,#891,#892,#893,#894,#895,#896),
(#897,#898,#899,#900,#901,#902,#903,#904,#905,#906,#907,#908,#909,#910,
#911,#912,#913,#914,#915,#916,#917),(#918,#919,#920,#921,#922,#923,#924,
#925,#926,#927,#928,#929,#930,#931,#932,#933,#934,#935,#936,#937,#938),
(#939,#940,#941,#942,#943,#944,#945,#946,#947,#948,#949,#950,#951,#952,
#953,#954,#955,#956,#957,#958,#959),(#960,#961,#962,#963,#964,#965,#966,
#967,#968,#969,#970,#971,#972,#973,#974,#975,#976,#977,#978,#979,#980),
(#981,#982,#983,#984,#985,#986,#987,#988,#989,#990,#991,#992,#993,#994,
#995,#996,#997,#998,#999,#1000,#1001),(#1002,#1003,#1004,#1005,#1006,#1007,
#1008,#1009,#1010,#1011,#1012,#1013,#1014,#1015,#1016,#1017,#1018,#1019,
#1020,#1021,#1022),(#1023,#1024,#1025,#1026,#1027,#1028,#1029,#1030,#1031,
#1032,#1033,#1034,#1035,#1036,#1037,#1038,#1039,#1040,#1041,#1042,#1043),
(#1044,#1045,#1046,#1047,#1048,#1049,#1050,#1051,#1052,#1053,#1054,#1055,
#1056,#1057,#1058,#1059,#1060,#1061,#1062,#1063,#1064),(#1065,#1066,#1067,
#1068,#1069,#1070,#1071,#1072,#1073,#1074,#1075,#1076,#1077,#1078,#1079,
#1080,#1081,#1082,#1083,#1084,#1085),(#1086,#1087,#1088,#1089,#1090,#1091,
#1092,#1093,#1094,#1095,#1096,#1097,#1098,#1099,#1100,#1101,#1102,#1103,
#1104,#1105,#1106),(#1107,#1108,#1109,#1110,#1111,#1112,#1113,#1114,#1115,
#1116,#1117,#1118,#1119,#1120,#1121,#1122,#1123,#1124,#1125,#1126,#1127),
(#1128,#1129,#1130,#1131,#1132,#1133,#1134,#1135,#1136,#1137,#1138,#1139,
#1140,#1141,#1142,#1143,#1144,#1145,#1146,#1147,#1148),(#1149,#1150,#1151,
#1152,#1153,#1154,#1155,#1156,#1157,#1158,#1159,#1160,#1161,#1162,#1163,
#1164,#1165,#1166,#1167,#1168,#1169),(#1170,#1171,#1172,#1173,#1174,#1175,
#1176,#1177,#1178,#1179,#1180,#1181,#1182,#1183,#1184,#1185,#1186,#1187,
#1188,#1189,#1190),(#1191,#1192,#1193,#1194,#1195,#1196,#1197,#1198,#1199,
#1200,#1201,#1202,#1203,#1204,#1205,#1206,#1207,#1208,#1209,#1210,#1211),
(#1212,#1213,#1214,#1215,#1216,#1217,#1218,#1219,#1220,#1221,#1222,#1223,
#1224,#1225,#1226,#1227,#1228,#1229,#1230,#1231,#1232),(#1233,#1234,#1235,
#1236,#1237,#1238,#1239,#1240,#1241,#1242,#1243,#1244,#1245,#1246,#1247,
#1248,#1249,#1250,#1251,#1252,#1253),(#1254,#1255,#1256,#1257,#1258,#1259,
#1260,#1261,#1262,#1263,#1264,#1265,#1266,#1267,#1268,#1269,#1270,#1271,
#1272,#1273,#1274),(#1275,#1276,#1277,#1278,#1279,#1280,#1281,#1282,#1283,
#1284,#1285,#1286,#1287,#1288,#1289,#1290,#1291,#1292,#1293,#1294,#1295),
(#1296,#1297,#1298,#1299,#1300,#1301,#1302,#1303,#1304,#1305,#1306,#1307,
#1308,#1309,#1310,#1311,#1312,#1313,#1314,#1315,#1316),(#1317,#1318,#1319,
#1320,#1321,#1322,#1323,#1324,#1325,#1326,#1327,#1328,#1329,#1330,#1331,
#1332,#1333,#1334,#1335,#1336,#1337),(#1338,#1339,#1340,#1341,#1342,#1343,
#1344,#1345,#1346,#1347,#1348,#1349,#1350,#1351,#1352,#1353,#1354,#1355,
#1356,#1357,#1358),(#1359,#1360,#1361,#1362,#1363,#1364,#1365,#1366,#1367,
#1368,#1369,#1370,#1371,#1372,#1373,#1374,#1375,#1376,#1377,#1378,#1379),
(#1380,#1381,#1382,#1383,#1384,#1385,#1386,#1387,#1388,#1389,#1390,#1391,
#1392,#1393,#1394,#1395,#1396,#1397,#1398,#1399,#1400),(#1401,#1402,#1403,
#1404,#1405,#1406,#1407,#1408,#1409,#1410,#1411,#1412,#1413,#1414,#1415,
#1416,#1417,#1418,#1419,#1420,#1421),(#1422,#1423,#1424,#1425,#1426,#1427,
#1428,#1429,#1430,#1431,#1432,#1433,#1434,#1435,#1436,#1437,#1438,#1439,
#1440,#1441,#1442),(#1443,#1444,#1445,#1446,#1447,#1448,#1449,#1450,#1451,
#1452,#1453,#1454,#1455,#1456,#1457,#1458,#1459,#1460,#1461,#1462,#1463),
(#1464,#1465,#1466,#1467,#1468,#1469,#1470,#1471,#1472,#1473,#1474,#1475,
#1476,#1477,#1478,#1479,#1480,#1481,#1482,#1483,#1484),(#1485,#1486,#1487,
#1488,#1489,#1490,#1491,#1492,#1493,#1494,#1495,#1496,#1497,#1498,#1499,
#1500,#1501,#1502,#1503,#1504,#1505),(#1506,#1507,#1508,#1509,#1510,#1511,
#1512,#1513,#1514,#1515,#1516,#1517,#1518,#1519,#1520,#1521,#1522,#1523,
#1524,#1525,#1526),(#1527,#1528,#1529,#1530,#1531,#1532,#1533,#1534,#1535,
#1536,#1537,#1538,#1539,#1540,#1541,#1542,#1543,#1544,#1545,#1546,#1547),
(#1548,#1549,#1550,#1551,#1552,#1553,#1554,#1555,#1556,#1557,#1558,#1559,
#1560,#1561,#1562,#1563,#1564,#1565,#1566,#1567,#1568),(#1569,#1570,#1571,
#1572,#1573,#1574,#1575,#1576,#1577,#1578,#1579,#1580,#1581,#1582,#1583,
#1584,#1585,#1586,#1587,#1588,#1589),(#1590,#1591,#1592,#1593,#1594,#1595,
#1596,#1597,#1598,#1599,#1600,#1601,#1602,#1603,#1604,#1605,#1606,#1607,
#1608,#1609,#1610),(#1611,#1612,#1613,#1614,#1615,#1616,#1617,#1618,#1619,
#1620,#1621,#1622,#1623,#1624,#1625,#1626,#1627,#1628,#1629,#1630,#1631),
(#1632,#1633,#1634,#1635,#1636,#1637,#1638,#1639,#1640,#1641,#1642,#1643,
#1644,#1645,#1646,#1647,#1648,#1649,#1650,#1651,#1652),(#1653,#1654,#1655,
#1656,#1657,#1658,#1659,#1660,#1661,#1662,#1663,#1664,#1665,#1666,#1667,
#1668,#1669,#1670,#1671,#1672,#1673),(#1674,#1675,#1676,#1677,#1678,#1679,
#1680,#1681,#1682,#1683,#1684,#1685,#1686,#1687,#1688,#1689,#1690,#1691,
#1692,#1693,#1694),(#1695,#1696,#1697,#1698,#1699,#1700,#1701,#1702,#1703,
#1704,#1705,#1706,#1707,#1708,#1709,#1710,#1711,#1712,#1713,#1714,#1715),
(#1716,#1717,#1718,#1719,#1720,#1721,#1722,#1723,#1724,#1725,#1726,#1727,
#1728,#1729,#1730,#1731,#1732,#1733,#1734,#1735,#1736),(#1737,#1738,#1739,
#1740,#1741,#1742,#1743,#1744,#1745,#1746,#1747,#1748,#1749,#1750,#1751,
#1752,#1753,#1754,#1755,#1756,#1757),(#1758,#1759,#1760,#1761,#1762,#1763,
#1764,#1765,#1766,#1767,#1768,#1769,#1770,#1771,#1772,#1773,#1774,#1775,
#1776,#1777,#1778),(#1779,#1780,#1781,#1782,#1783,#1784,#1785,#1786,#1787,
#1788,#1789,#1790,#1791,#1792,#1793,#1794,#1795,#1796,#1797,#1798,#1799),
(#1800,#1801,#1802,#1803,#1804,#1805,#1806,#1807,#1808,#1809,#1810,#1811,
#1812,#1813,#1814,#1815,#1816,#1817,#1818,#1819,#1820),(#1821,#1822,#1823,
#1824,#1825,#1826,#1827,#1828,#1829,#1830,#1831,#1832,#1833,#1834,#1835,
#1836,#1837,#1838,#1839,#1840,#1841),(#1842,#1843,#1844,#1845,#1846,#1847,
#1848,#1849,#1850,#1851,#1852,#1853,#1854,#1855,#1856,#1857,#1858,#1859,
#1860,#1861,#1862),(#1863,#1864,#1865,#1866,#1867,#1868,#1869,#1870,#1871,
#1872,#1873,#1874,#1875,#1876,#1877,#1878,#1879,#1880,#1881,#1882,#1883),
(#1884,#1885,#1886,#1887,#1888,#1889,#1890,#1891,#1892,#1893,#1894,#1895,
#1896,#1897,#1898,#1899,#1900,#1901,#1902,#1903,#1904),(#1905,#1906,#1907,
#1908,#1909,#1910,#1911,#1912,#1913,#1914,#1915,#1916,#1917,#1918,#1919,
#1920,#1921,#1922,#1923,#1924,#1925),(#1926,#1927,#1928,#1929,#1930,#1931,
#1932,#1933,#1934,#1935,#1936,#1937,#1938,#1939,#1940,#1941,#1942,#1943,
#1944,#1945,#1946),(#1947,#1948,#1949,#1950,#1951,#1952,#1953,#1954,#1955,
#1956,#1957,#1958,#1959,#1960,#1961,#1962,#1963,#1964,#1965,#1966,#1967),
(#1968,#1969,#1970,#1971,#1972,#1973,#1974,#1975,#1976,#1977,#1978,#1979,
#1980,#1981,#1982,#1983,#1984,#1985,#1986,#1987,#1988),(#1989,#1990,#1991,
#1992,#1993,#1994,#1995,#1996,#1997,#1998,#1999,#2000,#2001,#2002,#2003,
#2004,#2005,#2006,#2007,#2008,#2009),(#2010,#2011,#2012,#2013,#2014,#2015,
#2016,#2017,#2018,#2019,#2020,#2021,#2022,#2023,#2024,#2025,#2026,#2027,
#2028,#2029,#2030),(#2031,#2032,#2033,#2034,#2035,#2036,#2037,#2038,#2039,
#2040,#2041,#2042,#2043,#2044,#2045,#2046,#2047,#2048,#2049,#2050,#2051),
(#2052,#2053,#2054,#2055,#2056,#2057,#2058,#2059,#2060,#2061,#2062,#2063,
#2064,#2065,#2066,#2067,#2068,#2069,#2070,#2071,#2072),(#2073,#2074,#2075,
#2076,#2077,#2078,#2079,#2080,#2081,#2082,#2083,#2084,#2085,#2086,#2087,
#2088,#2089,#2090,#2091,#2092,#2093),(#2094,#2095,#2096,#2097,#2098,#2099,
#2100,#2101,#2102,#2103,#2104,#2105,#2106,#2107,#2108,#2109,#2110,#2111,
#2112,#2113,#2114),(#2115,#2116,#2117,#2118,#2119,#2120,#2121,#2122,#2123,
#2124,#2125,#2126,#2127,#2128,#2129,#2130,#2131,#2132,#2133,#2134,#2135),
(#2136,#2137,#2138,#2139,#2140,#2141,#2142,#2143,#2144,#2145,#2146,#2147,
#2148,#2149,#2150,#2151,#2152,#2153,#2154,#2155,#2156),(#2157,#2158,#2159,
#2160,#2161,#2162,#2163,#2164,#2165,#2166,#2167,#2168,#2169,#2170,#2171,
#2172,#2173,#2174,#2175,#2176,#2177),(#2178,#2179,#2180,#2181,#2182,#2183,
#2184,#2185,#2186,#2187,#2188,#2189,#2190,#2191,#2192,#2193,#2194,#2195,
#2196,#2197,#2198),(#2199,#2200,#2201,#2202,#2203,#2204,#2205,#2206,#2207,
#2208,#2209,#2210,#2211,#2212,#2213,#2214,#2215,#2216,#2217,#2218,#2219),
(#2220,#2221,#2222,#2223,#2224,#2225,#2226,#2227,#2228,#2229,#2230,#2231,
#2232,#2233,#2234,#2235,#2236,#2237,#2238,#2239,#2240),(#2241,#2242,#2243,
#2244,#2245,#2246,#2247,#2248,#2249,#2250,#2251,#2252,#2253,#2254,#2255,
#2256,#2257,#2258,#2259,#2260,#2261),(#2262,#2263,#2264,#2265,#2266,#2267,
#2268,#2269,#2270,#2271,#2272,#2273,#2274,#2275,#2276,#2277,#2278,#2279,
#2280,#2281,#2282),(#2283,#2284,#2285,#2286,#2287,#2288,#2289,#2290,#2291,
#2292,#2293,#2294,#2295,#2296,#2297,#2298,#2299,#2300,#2301,#2302,#2303),
(#2304,#2305,#2306,#2307,#2308,#2309,#2310,#2311,#2312,#2313,#2314,#2315,
#2316,#2317,#2318,#2319,#2320,#2321,#2322,#2323,#2324),(#2325,#2326,#2327,
#2328,#2329,#2330,#2331,#2332,#2333,#2334,#2335,#2336,#2337,#2338,#2339,
#2340,#2341,#2342,#2343,#2344,#2345),(#2346,#2347,#2348,#2349,#2350,#2351,
#2352,#2353,#2354,#2355,#2356,#2357,#2358,#2359,#2360,#2361,#2362,#2363,
#2364,#2365,#2366),(#2367,#2368,#2369,#2370,#2371,#2372,#2373,#2374,#2375,
#2376,#2377,#2378,#2379,#2380,#2381,#2382,#2383,#2384,#2385,#2386,#2387),
(#2388,#2389,#2390,#2391,#2392,#2393,#2394,#2395,#2396,#2397,#2398,#2399,
#2400,#2401,#2402,#2403,#2404,#2405,#2406,#2407,#2408),(#2409,#2410,#2411,
#2412,#2413,#2414,#2415,#2416,#2417,#2418,#2419,#2420,#2421,#2422,#2423,
#2424,#2425,#2426,#2427,#2428,#2429),(#2430,#2431,#2432,#2433,#2434,#2435,
#2436,#2437,#2438,#2439,#2440,#2441,#2442,#2443,#2444,#2445,#2446,#2447,
#2448,#2449,#2450),(#2451,#2452,#2453,#2454,#2455,#2456,#2457,#2458,#2459,
#2460,#2461,#2462,#2463,#2464,#2465,#2466,#2467,#2468,#2469,#2470,#2471),
(#2472,#2473,#2474,#2475,#2476,#2477,#2478,#2479,#2480,#2481,#2482,#2483,
#2484,#2485,#2486,#2487,#2488,#2489,#2490,#2491,#2492),(#2493,#2494,#2495,
#2496,#2497,#2498,#2499,#2500,#2501,#2502,#2503,#2504,#2505,#2506,#2507,
#2508,#2509,#2510,#2511,#2512,#2513),(#2514,#2515,#2516,#2517,#2518,#2519,
#2520,#2521,#2522,#2523,#2524,#2525,#2526,#2527,#2528,#2529,#2530,#2531,
#2532,#2533,#2534),(#2535,#2536,#2537,#2538,#2539,#2540,#2541,#2542,#2543,
#2544,#2545,#2546,#2547,#2548,#2549,#2550,#2551,#2552,#2553,#2554,#2555),
(#2556,#2557,#2558,#2559,#2560,#2561,#2562,#2563,#2564,#2565,#2566,#2567,
#2568,#2569,#2570,#2571,#2572,#2573,#2574,#2575,#2576),(#2577,#2578,#2579,
#2580,#2581,#2582,#2583,#2584,#2585,#2586,#2587,#2588,#2589,#2590,#2591,
#2592,#2593,#2594,#2595,#2596,#2597),(#2598,#2599,#2600,#2601,#2602,#2603,
#2604,#2605,#2606,#2607,#2608,#2609,#2610,#2611,#2612,#2613,#2614,#2615,
#2616,#2617,#2618),(#2619,#2620,#2621,#2622,#2623,#2624,#2625,#2626,#2627,
#2628,#2629,#2630,#2631,#2632,#2633,#2634,#2635,#2636,#2637,#2638,#2639),
(#2640,#2641,#2642,#2643,#2644,#2645,#2646,#2647,#2648,#2649,#2650,#2651,
#2652,#2653,#2654,#2655,#2656,#2657,#2658,#2659,#2660),(#2661,#2662,#2663,
#2664,#2665,#2666,#2667,#2668,#2669,#2670,#2671,#2672,#2673,#2674,#2675,
#2676,#2677,#2678,#2679,#2680,#2681),(#2682,#2683,#2684,#2685,#2686,#2687,
#2688,#2689,#2690,#2691,#2692,#2693,#2694,#2695,#2696,#2697,#2698,#2699,
#2700,#2701,#2702),(#2703,#2704,#2705,#2706,#2707,#2708,#2709,#2710,#2711,
#2712,#2713,#2714,#2715,#2716,#2717,#2718,#2719,#2720,#2721,#2722,#2723),
(#2724,#2725,#2726,#2727,#2728,#2729,#2730,#2731,#2732,#2733,#2734,#2735,
#2736,#2737,#2738,#2739,#2740,#2741,#2742,#2743,#2744),(#2745,#2746,#2747,
#2748,#2749,#2750,#2751,#2752,#2753,#2754,#2755,#2756,#2757,#2758,#2759,
#2760,#2761,#2762,#2763,#2764,#2765),(#2766,#2767,#2768,#2769,#2770,#2771,
#2772,#2773,#2774,#2775,#2776,#2777,#2778,#2779,#2780,#2781,#2782,#2783,
#2784,#2785,#2786),(#2787,#2788,#2789,#2790,#2791,#2792,#2793,#2794,#2795,
#2796,#2797,#2798,#2799,#2800,#2801,#2802,#2803,#2804,#2805,#2806,#2807),
(#2808,#2809,#2810,#2811,#2812,#2813,#2814,#2815,#2816,#2817,#2818,#2819,
#2820,#2821,#2822,#2823,#2824,#2825,#2826,#2827,#2828),(#2829,#2830,#2831,
#2832,#2833,#2834,#2835,#2836,#2837,#2838,#2839,#2840,#2841,#2842,#2843,
#2844,#2845,#2846,#2847,#2848,#2849),(#2850,#2851,#2852,#2853,#2854,#2855,
#2856,#2857,#2858,#2859,#2860,#2861,#2862,#2863,#2864,#2865,#2866,#2867,
#2868,#2869,#2870),(#2871,#2872,#2873,#2874,#2875,#2876,#2877,#2878,#2879,
#2880,#2881,#2882,#2883,#2884,#2885,#2886,#2887,#2888,#2889,#2890,#2891),
(#2892,#2893,#2894,#2895,#2896,#2897,#2898,#2899,#2900,#2901,#2902,#2903,
#2904,#2905,#2906,#2907,#2908,#2909,#2910,#2911,#2912),(#2913,#2914,#2915,
#2916,#2917,#2918,#2919,#2920,#2921,#2922,#2923,#2924,#2925,#2926,#2927,
#2928,#2929,#2930,#2931,#2932,#2933),(#2934,#2935,#2936,#2937,#2938,#2939,
#2940,#2941,#2942,#2943,#2944,#2945,#2946,#2947,#2948,#2949,#2950,#2951,
#2952,#2953,#2954),(#2955,#2956,#2957,#2958,#2959,#2960,#2961,#2962,#2963,
#2964,#2965,#2966,#2967,#2968,#2969,#2970,#2971,#2972,#2973,#2974,#2975),
(#2976,#2977,#2978,#2979,#2980,#2981,#2982,#2983,#2984,#2985,#2986,#2987,
#2988,#2989,#2990,#2991,#2992,#2993,#2994,#2995,#2996),(#2997,#2998,#2999,
#3000,#3001,#3002,#3003,#3004,#3005,#3006,#3007,#3008,#3009,#3010,#3011,
#3012,#3013,#3014,#3015,#3016,#3017),(#3018,#3019,#3020,#3021,#3022,#3023,
#3024,#3025,#3026,#3027,#3028,#3029,#3030,#3031,#3032,#3033,#3034,#3035,
#3036,#3037,#3038),(#3039,#3040,#3041,#3042,#3043,#3044,#3045,#3046,#3047,
#3048,#3049,#3050,#3051,#3052,#3053,#3054,#3055,#3056,#3057,#3058,#3059),
(#3060,#3061,#3062,#3063,#3064,#3065,#3066,#3067,#3068,#3069,#3070,#3071,
#3072,#3073,#3074,#3075,#3076,#3077,#3078,#3079,#3080),(#3081,#3082,#3083,
#3084,#3085,#3086,#3087,#3088,#3089,#3090,#3091,#3092,#3093,#3094,#3095,
#3096,#3097,#3098,#3099,#3100,#3101),(#3102,#3103,#3104,#3105,#3106,#3107,
#3108,#3109,#3110,#3111,#3112,#3113,#3114,#3115,#3116,#3117,#3118,#3119,
#3120,#3121,#3122),(#3123,#3124,#3125,#3126,#3127,#3128,#3129,#3130,#3131,
#3132,#3133,#3134,#3135,#3136,#3137,#3138,#3139,#3140,#3141,#3142,#3143),
(#3144,#3145,#3146,#3147,#3148,#3149,#3150,#3151,#3152,#3153,#3154,#3155,
#3156,#3157,#3158,#3159,#3160,#3161,#3162,#3163,#3164),(#3165,#3166,#3167,
#3168,#3169,#3170,#3171,#3172,#3173,#3174,#3175,#3176,#3177,#3178,#3179,
#3180,#3181,#3182,#3183,#3184,#3185),(#3186,#3187,#3188,#3189,#3190,#3191,
#3192,#3193,#3194,#3195,#3196,#3197,#3198,#3199,#3200,#3201,#3202,#3203,
#3204,#3205,#3206),(#3207,#3208,#3209,#3210,#3211,#3212,#3213,#3214,#3215,
#3216,#3217,#3218,#3219,#3220,#3221,#3222,#3223,#3224,#3225,#3226,#3227),
(#3228,#3229,#3230,#3231,#3232,#3233,#3234,#3235,#3236,#3237,#3238,#3239,
#3240,#3241,#3242,#3243,#3244,#3245,#3246,#3247,#3248),(#3249,#3250,#3251,
#3252,#3253,#3254,#3255,#3256,#3257,#3258,#3259,#3260,#3261,#3262,#3263,
#3264,#3265,#3266,#3267,#3268,#3269),(#3270,#3271,#3272,#3273,#3274,#3275,
#3276,#3277,#3278,#3279,#3280,#3281,#3282,#3283,#3284,#3285,#3286,#3287,
#3288,#3289,#3290),(#3291,#3292,#3293,#3294,#3295,#3296,#3297,#3298,#3299,
#3300,#3301,#3302,#3303,#3304,#3305,#3306,#3307,#3308,#3309,#3310,#3311),
(#3312,#3313,#3314,#3315,#3316,#3317,#3318,#3319,#3320,#3321,#3322,#3323,
#3324,#3325,#3326,#3327,#3328,#3329,#3330,#3331,#3332),(#3333,#3334,#3335,
#3336,#3337,#3338,#3339,#3340,#3341,#3342,#3343,#3344,#3345,#3346,#3347,
#3348,#3349,#3350,#3351,#3352,#3353),(#3354,#3355,#3356,#3357,#3358,#3359,
#3360,#3361,#3362,#3363,#3364,#3365,#3366,#3367,#3368,#3369,#3370,#3371,
#3372,#3373,#3374),(#3375,#3376,#3377,#3378,#3379,#3380,#3381,#3382,#3383,
#3384,#3385,#3386,#3387,#3388,#3389,#3390,#3391,#3392,#3393,#3394,#3395),
(#3396,#3397,#3398,#3399,#3400,#3401,#3402,#3403,#3404,#3405,#3406,#3407,
#3408,#3409,#3410,#3411,#3412,#3413,#3414,#3415,#3416),(#3417,#3418,#3419,
#3420,#3421,#3422,#3423,#3424,#3425,#3426,#3427,#3428,#3429,#3430,#3431,
#3432,#3433,#3434,#3435,#3436,#3437),(#3438,#3439,#3440,#3441,#3442,#3443,
#3444,#3445,#3446,#3447,#3448,#3449,#3450,#3451,#3452,#3453,#3454,#3455,
#3456,#3457,#3458),(#3459,#3460,#3461,#3462,#3463,#3464,#3465,#3466,#3467,
#3468,#3469,#3470,#3471,#3472,#3473,#3474,#3475,#3476,#3477,#3478,#3479),
(#3480,#3481,#3482,#3483,#3484,#3485,#3486,#3487,#3488,#3489,#3490,#3491,
#3492,#3493,#3494,#3495,#3496,#3497,#3498,#3499,#3500),(#3501,#3502,#3503,
#3504,#3505,#3506,#3507,#3508,#3509,#3510,#3511,#3512,#3513,#3514,#3515,
#3516,#3517,#3518,#3519,#3520,#3521),(#3522,#3523,#3524,#3525,#3526,#3527,
#3528,#3529,#3530,#3531,#3532,#3533,#3534,#3535,#3536,#3537,#3538,#3539,
#3540,#3541,#3542),(#3543,#3544,#3545,#3546,#3547,#3548,#3549,#3550,#3551,
#3552,#3553,#3554,#3555,#3556,#3557,#3558,#3559,#3560,#3561,#3562,#3563),
(#3564,#3565,#3566,#3567,#3568,#3569,#3570,#3571,#3572,#3573,#3574,#3575,
#3576,#3577,#3578,#3579,#3580,#3581,#3582,#3583,#3584),(#3585,#3586,#3587,
#3588,#3589,#3590,#3591,#3592,#3593,#3594,#3595,#3596,#3597,#3598,#3599,
#3600,#3601,#3602,#3603,#3604,#3605),(#3606,#3607,#3608,#3609,#3610,#3611,
#3612,#3613,#3614,#3615,#3616,#3617,#3618,#3619,#3620,#3621,#3622,#3623,
#3624,#3625,#3626),(#3627,#3628,#3629,#3630,#3631,#3632,#3633,#3634,#3635,
#3636,#3637,#3638,#3639,#3640,#3641,#3642,#3643,#3644,#3645,#3646,#3647),
(#3648,#3649,#3650,#3651,#3652,#3653,#3654,#3655,#3656,#3657,#3658,#3659,
#3660,#3661,#3662,#3663,#3664,#3665,#3666,#3667,#3668),(#3669,#3670,#3671,
#3672,#3673,#3674,#3675,#3676,#3677,#3678,#3679,#3680,#3681,#3682,#3683,
#3684,#3685,#3686,#3687,#3688,#3689),(#3690,#3691,#3692,#3693,#3694,#3695,
#3696,#3697,#3698,#3699,#3700,#3701,#3702,#3703,#3704,#3705,#3706,#3707,
#3708,#3709,#3710),(#3711,#3712,#3713,#3714,#3715,#3716,#3717,#3718,#3719,
#3720,#3721,#3722,#3723,#3724,#3725,#3726,#3727,#3728,#3729,#3730,#3731),
(#3732,#3733,#3734,#3735,#3736,#3737,#3738,#3739,#3740,#3741,#3742,#3743,
#3744,#3745,#3746,#3747,#3748,#3749,#3750,#3751,#3752),(#3753,#3754,#3755,
#3756,#3757,#3758,#3759,#3760,#3761,#3762,#3763,#3764,#3765,#3766,#3767,
#3768,#3769,#3770,#3771,#3772,#3773),(#3774,#3775,#3776,#3777,#3778,#3779,
#3780,#3781,#3782,#3783,#3784,#3785,#3786,#3787,#3788,#3789,#3790,#3791,
#3792,#3793,#3794),(#3795,#3796,#3797,#3798,#3799,#3800,#3801,#3802,#3803,
#3804,#3805,#3806,#3807,#3808,#3809,#3810,#3811,#3812,#3813,#3814,#3815),
(#3816,#3817,#3818,#3819,#3820,#3821,#3822,#3823,#3824,#3825,#3826,#3827,
#3828,#3829,#3830,#3831,#3832,#3833,#3834,#3835,#3836),(#3837,#3838,#3839,
#3840,#3841,#3842,#3843,#3844,#3845,#3846,#3847,#3848,#3849,#3850,#3851,
#3852,#3853,#3854,#3855,#3856,#3857),(#3858,#3859,#3860,#3861,#3862,#3863,
#3864,#3865,#3866,#3867,#3868,#3869,#3870,#3871,#3872,#3873,#3874,#3875,
#3876,#3877,#3878),(#3879,#3880,#3881,#3882,#3883,#3884,#3885,#3886,#3887,
#3888,#3889,#3890,#3891,#3892,#3893,#3894,#3895,#3896,#3897,#3898,#3899),
(#3900,#3901,#3902,#3903,#3904,#3905,#3906,#3907,#3908,#3909,#3910,#3911,
#3912,#3913,#3914,#3915,#3916,#3917,#3918,#3919,#3920),(#3921,#3922,#3923,
#3924,#3925,#3926,#3927,#3928,#3929,#3930,#3931,#3932,#3933,#3934,#3935,
#3936,#3937,#3938,#3939,#3940,#3941),(#3942,#3943,#3944,#3945,#3946,#3947,
#3948,#3949,#3950,#3951,#3952,#3953,#3954,#3955,#3956,#3957,#3958,#3959,
#3960,#3961,#3962),(#3963,#3964,#3965,#3966,#3967,#3968,#3969,#3970,#3971,
#3972,#3973,#3974,#3975,#3976,#3977,#3978,#3979,#3980,#3981,#3982,#3983),
(#3984,#3985,#3986,#3987,#3988,#3989,#3990,#3991,#3992,#3993,#3994,#3995,
#3996,#3997,#3998,#3999,#4000,#4001,#4002,#4003,#4004),(#4005,#4006,#4007,
#4008,#4009,#4010,#4011,#4012,#4013,#4014,#4015,#4016,#4017,#4018,#4019,
#4020,#4021,#4022,#4023,#4024,#4025),(#4026,#4027,#4028,#4029,#4030,#4031,
#4032,#4033,#4034,#4035,#4036,#4037,#4038,#4039,#4040,#4041,#4042,#4043,
#4044,#4045,#4046),(#4047,#4048,#4049,#4050,#4051,#4052,#4053,#4054,#4055,
#4056,#4057,#4058,#4059,#4060,#4061,#4062,#4063,#4064,#4065,#4066,#4067),
(#4068,#4069,#4070,#4071,#4072,#4073,#4074,#4075,#4076,#4077,#4078,#4079,
#4080,#4081,#4082,#4083,#4084,#4085,#4086,#4087,#4088),(#4089,#4090,#4091,
#4092,#4093,#4094,#4095,#4096,#4097,#4098,#4099,#4100,#4101,#4102,#4103,
#4104,#4105,#4106,#4107,#4108,#4109),(#4110,#4111,#4112,#4113,#4114,#4115,
#4116,#4117,#4118,#4119,#4120,#4121,#4122,#4123,#4124,#4125,#4126,#4127,
#4128,#4129,#4130),(#4131,#4132,#4133,#4134,#4135,#4136,#4137,#4138,#4139,
#4140,#4141,#4142,#4143,#4144,#4145,#4146,#4147,#4148,#4149,#4150,#4151),
(#4152,#4153,#4154,#4155,#4156,#4157,#4158,#4159,#4160,#4161,#4162,#4163,
#4164,#4165,#4166,#4167,#4168,#4169,#4170,#4171,#4172),(#4173,#4174,#4175,
#4176,#4177,#4178,#4179,#4180,#4181,#4182,#4183,#4184,#4185,#4186,#4187,
#4188,#4189,#4190,#4191,#4192,#4193),(#4194,#4195,#4196,#4197,#4198,#4199,
#4200,#4201,#4202,#4203,#4204,#4205,#4206,#4207,#4208,#4209,#4210,#4211,
#4212,#4213,#4214)),.UNSPECIFIED.,.F.,.F.,.F.,(4,1,1,1,1,1,1,1,1,1,1,1,
1,1,1,1,1,1,1,1,1,1,1,1,1,1,1,1,1,1,1,1,1,1,1,1,1,1,1,1,1,1,1,1,1,1,1,1,
1,1,1,1,1,1,1,1,1,1,1,1,1,1,1,1,1,1,1,1,1,1,1,1,1,1,1,1,1,1,1,1,1,1,1,1,
1,1,1,1,1,1,1,1,1,1,1,1,1,1,2,1,1,1,1,1,1,1,1,1,1,1,1,1,1,1,1,1,1,1,1,1,
1,1,1,1,1,1,1,1,1,1,1,1,1,1,1,1,1,1,1,1,1,1,1,1,1,1,1,1,1,1,1,1,1,1,1,1,
1,1,1,1,1,1,1,1,1,1,1,1,1,1,1,1,1,1,1,1,1,1,1,1,1,4),(4,1,1,1,1,1,1,1,1,
1,1,1,1,1,1,1,1,1,4),(0.,0.0125065067261659,0.0250130134523319,0.0312662668154149,
0.0375195201784978,0.0390828335192686,0.0406461468600393,0.0437727735415808,
0.0468994002231223,0.0500260269046638,0.0625325336308297,0.0750390403569957,
0.0875455470831616,0.100052053809328,0.10044288214452,0.100833710479713,
0.101615367150098,0.103178680490869,0.103569508826062,0.103960337161254,
0.10474199383164,0.104937407999236,0.105132822166832,0.105328236334429,
0.105523650502025,0.105719064669621,0.10581677175342,0.105914478837218,
0.106305307172411,0.112558560535493,0.115685187217035,0.118811813898576,
0.121938440580118,0.125065067261659,0.12662838060243,0.128191693943201,
0.131318320624742,0.137571573987825,0.143824827350908,0.150078080713991,
0.151641394054762,0.153204707395533,0.154768020736304,0.156331334077074,
0.162584587440157,0.165711214121699,0.16883784080324,0.175091094166323,
0.187597600892489,0.196977480937114,0.200104107618655,0.206357360981738,
0.218863867707904,0.225117121070987,0.23137037443407,0.232933687774841,
0.234497001115611,0.236060314456382,0.237623627797153,0.243876881160236,
0.250130134523319,0.262636641249485,0.265763267931026,0.268889894612568,
0.275143147975651,0.300156161427983,0.306409414791066,0.312662668154149,
0.325169174880314,0.350182188332646,0.356435441695729,0.359562068377271,
0.361125381718042,0.362688695058812,0.368941948421895,0.372068575103437,
0.375195201784978,0.387701708511144,0.393954961874227,0.40020821523731,
0.406461468600393,0.412714721963476,0.418967975326559,0.425221228689642,
0.431474482052725,0.437727735415808,0.443980988778891,0.450234242141974,
0.456487495505057,0.46274074886814,0.465867375549681,0.468994002231223,
0.475247255594306,0.478373882275847,0.481500508957389,0.487753762320472,
0.494007015683555,0.497133642365096,0.500260269046638,0.503383642365096,
0.506507015683555,0.512753762320472,0.51587713563893,0.519000508957389,
0.525247255594306,0.526808942253535,0.531494002231223,0.53774074886814,
0.543987495505057,0.550234242141974,0.556480988778891,0.562727735415808,
0.568974482052725,0.575221228689642,0.581467975326559,0.587714721963476,
0.593961468600393,0.60020821523731,0.612701708511144,0.618948455148061,
0.625195201784978,0.637688695058812,0.643935441695729,0.650182188332646,
0.675169174880315,0.687662668154149,0.693909414791066,0.700156161427983,
0.712649654701817,0.718896401338734,0.725143147975651,0.750130134523319,
0.756376881160236,0.762623627797153,0.765747001115612,0.76887037443407,
0.771993747752528,0.773555434411758,0.77472669940618,0.775117121070987,
0.787610614344821,0.800104107618655,0.812597600892489,0.818844347529406,
0.825091094166323,0.83133784080324,0.837584587440157,0.843831334077074,
0.846954707395533,0.850078080713991,0.856324827350908,0.862571573987825,
0.865694947306284,0.868818320624742,0.875065067261659,0.881311813898576,
0.884435187217035,0.887558560535493,0.89380530717241,0.894195728837218,
0.894390939669621,0.894488545085823,0.894537347793924,0.894586150502025,
0.89536699383164,0.896147837161254,0.896928680490869,0.898490367150098,
0.899271210479713,0.900052053809328,0.906298800446245,0.912545547083162,
0.925039040356996,0.93753253363083,0.950026026904664,0.953149400223122,
0.956272773541581,0.959396146860039,0.962519520178498,0.975013013452332,
0.987506506726166,1.),(0.,0.10385356001697,0.155780340025455,0.207707120033939,
0.259633900042424,0.311560680050909,0.311561115484678,0.349195540213339,
0.386829964942001,0.462098814399324,0.537367663856647,0.606668755503506,
0.675969847150364,0.710620392973793,0.745270938797222,0.830180625864814,
0.915090312932407,0.957545156466204,1.),.UNSPECIFIED.);
#26=B_SPLINE_SURFACE_WITH_KNOTS('',3,3,((#4584,#4585,#4586,#4587,#4588,
#4589,#4590,#4591,#4592,#4593,#4594,#4595,#4596),(#4597,#4598,#4599,#4600,
#4601,#4602,#4603,#4604,#4605,#4606,#4607,#4608,#4609),(#4610,#4611,#4612,
#4613,#4614,#4615,#4616,#4617,#4618,#4619,#4620,#4621,#4622),(#4623,#4624,
#4625,#4626,#4627,#4628,#4629,#4630,#4631,#4632,#4633,#4634,#4635),(#4636,
#4637,#4638,#4639,#4640,#4641,#4642,#4643,#4644,#4645,#4646,#4647,#4648),
(#4649,#4650,#4651,#4652,#4653,#4654,#4655,#4656,#4657,#4658,#4659,#4660,
#4661)),.UNSPECIFIED.,.F.,.F.,.F.,(4,2,4),(4,1,1,1,1,1,1,1,1,1,4),(0.,0.499296360197557,
1.),(0.,0.10385356001697,0.207707120033939,0.311560680050909,0.311561115484678,
0.386829964942001,0.537367663856647,0.675969847150364,0.745270938797222,
0.915090312932407,1.),.UNSPECIFIED.);
#27=B_SPLINE_SURFACE_WITH_KNOTS('',3,3,((#4843,#4844,#4845,#4846,#4847,
#4848,#4849,#4850,#4851,#4852,#4853,#4854,#4855,#4856,#4857,#4858,#4859,
#4860,#4861,#4862,#4863),(#4864,#4865,#4866,#4867,#4868,#4869,#4870,#4871,
#4872,#4873,#4874,#4875,#4876,#4877,#4878,#4879,#4880,#4881,#4882,#4883,
#4884),(#4885,#4886,#4887,#4888,#4889,#4890,#4891,#4892,#4893,#4894,#4895,
#4896,#4897,#4898,#4899,#4900,#4901,#4902,#4903,#4904,#4905),(#4906,#4907,
#4908,#4909,#4910,#4911,#4912,#4913,#4914,#4915,#4916,#4917,#4918,#4919,
#4920,#4921,#4922,#4923,#4924,#4925,#4926),(#4927,#4928,#4929,#4930,#4931,
#4932,#4933,#4934,#4935,#4936,#4937,#4938,#4939,#4940,#4941,#4942,#4943,
#4944,#4945,#4946,#4947),(#4948,#4949,#4950,#4951,#4952,#4953,#4954,#4955,
#4956,#4957,#4958,#4959,#4960,#4961,#4962,#4963,#4964,#4965,#4966,#4967,
#4968),(#4969,#4970,#4971,#4972,#4973,#4974,#4975,#4976,#4977,#4978,#4979,
#4980,#4981,#4982,#4983,#4984,#4985,#4986,#4987,#4988,#4989),(#4990,#4991,
#4992,#4993,#4994,#4995,#4996,#4997,#4998,#4999,#5000,#5001,#5002,#5003,
#5004,#5005,#5006,#5007,#5008,#5009,#5010),(#5011,#5012,#5013,#5014,#5015,
#5016,#5017,#5018,#5019,#5020,#5021,#5022,#5023,#5024,#5025,#5026,#5027,
#5028,#5029,#5030,#5031),(#5032,#5033,#5034,#5035,#5036,#5037,#5038,#5039,
#5040,#5041,#5042,#5043,#5044,#5045,#5046,#5047,#5048,#5049,#5050,#5051,
#5052),(#5053,#5054,#5055,#5056,#5057,#5058,#5059,#5060,#5061,#5062,#5063,
#5064,#5065,#5066,#5067,#5068,#5069,#5070,#5071,#5072,#5073),(#5074,#5075,
#5076,#5077,#5078,#5079,#5080,#5081,#5082,#5083,#5084,#5085,#5086,#5087,
#5088,#5089,#5090,#5091,#5092,#5093,#5094),(#5095,#5096,#5097,#5098,#5099,
#5100,#5101,#5102,#5103,#5104,#5105,#5106,#5107,#5108,#5109,#5110,#5111,
#5112,#5113,#5114,#5115),(#5116,#5117,#5118,#5119,#5120,#5121,#5122,#5123,
#5124,#5125,#5126,#5127,#5128,#5129,#5130,#5131,#5132,#5133,#5134,#5135,
#5136),(#5137,#5138,#5139,#5140,#5141,#5142,#5143,#5144,#5145,#5146,#5147,
#5148,#5149,#5150,#5151,#5152,#5153,#5154,#5155,#5156,#5157),(#5158,#5159,
#5160,#5161,#5162,#5163,#5164,#5165,#5166,#5167,#5168,#5169,#5170,#5171,
#5172,#5173,#5174,#5175,#5176,#5177,#5178),(#5179,#5180,#5181,#5182,#5183,
#5184,#5185,#5186,#5187,#5188,#5189,#5190,#5191,#5192,#5193,#5194,#5195,
#5196,#5197,#5198,#5199),(#5200,#5201,#5202,#5203,#5204,#5205,#5206,#5207,
#5208,#5209,#5210,#5211,#5212,#5213,#5214,#5215,#5216,#5217,#5218,#5219,
#5220),(#5221,#5222,#5223,#5224,#5225,#5226,#5227,#5228,#5229,#5230,#5231,
#5232,#5233,#5234,#5235,#5236,#5237,#5238,#5239,#5240,#5241),(#5242,#5243,
#5244,#5245,#5246,#5247,#5248,#5249,#5250,#5251,#5252,#5253,#5254,#5255,
#5256,#5257,#5258,#5259,#5260,#5261,#5262),(#5263,#5264,#5265,#5266,#5267,
#5268,#5269,#5270,#5271,#5272,#5273,#5274,#5275,#5276,#5277,#5278,#5279,
#5280,#5281,#5282,#5283),(#5284,#5285,#5286,#5287,#5288,#5289,#5290,#5291,
#5292,#5293,#5294,#5295,#5296,#5297,#5298,#5299,#5300,#5301,#5302,#5303,
#5304),(#5305,#5306,#5307,#5308,#5309,#5310,#5311,#5312,#5313,#5314,#5315,
#5316,#5317,#5318,#5319,#5320,#5321,#5322,#5323,#5324,#5325),(#5326,#5327,
#5328,#5329,#5330,#5331,#5332,#5333,#5334,#5335,#5336,#5337,#5338,#5339,
#5340,#5341,#5342,#5343,#5344,#5345,#5346),(#5347,#5348,#5349,#5350,#5351,
#5352,#5353,#5354,#5355,#5356,#5357,#5358,#5359,#5360,#5361,#5362,#5363,
#5364,#5365,#5366,#5367),(#5368,#5369,#5370,#5371,#5372,#5373,#5374,#5375,
#5376,#5377,#5378,#5379,#5380,#5381,#5382,#5383,#5384,#5385,#5386,#5387,
#5388),(#5389,#5390,#5391,#5392,#5393,#5394,#5395,#5396,#5397,#5398,#5399,
#5400,#5401,#5402,#5403,#5404,#5405,#5406,#5407,#5408,#5409),(#5410,#5411,
#5412,#5413,#5414,#5415,#5416,#5417,#5418,#5419,#5420,#5421,#5422,#5423,
#5424,#5425,#5426,#5427,#5428,#5429,#5430),(#5431,#5432,#5433,#5434,#5435,
#5436,#5437,#5438,#5439,#5440,#5441,#5442,#5443,#5444,#5445,#5446,#5447,
#5448,#5449,#5450,#5451),(#5452,#5453,#5454,#5455,#5456,#5457,#5458,#5459,
#5460,#5461,#5462,#5463,#5464,#5465,#5466,#5467,#5468,#5469,#5470,#5471,
#5472),(#5473,#5474,#5475,#5476,#5477,#5478,#5479,#5480,#5481,#5482,#5483,
#5484,#5485,#5486,#5487,#5488,#5489,#5490,#5491,#5492,#5493),(#5494,#5495,
#5496,#5497,#5498,#5499,#5500,#5501,#5502,#5503,#5504,#5505,#5506,#5507,
#5508,#5509,#5510,#5511,#5512,#5513,#5514),(#5515,#5516,#5517,#5518,#5519,
#5520,#5521,#5522,#5523,#5524,#5525,#5526,#5527,#5528,#5529,#5530,#5531,
#5532,#5533,#5534,#5535),(#5536,#5537,#5538,#5539,#5540,#5541,#5542,#5543,
#5544,#5545,#5546,#5547,#5548,#5549,#5550,#5551,#5552,#5553,#5554,#5555,
#5556),(#5557,#5558,#5559,#5560,#5561,#5562,#5563,#5564,#5565,#5566,#5567,
#5568,#5569,#5570,#5571,#5572,#5573,#5574,#5575,#5576,#5577),(#5578,#5579,
#5580,#5581,#5582,#5583,#5584,#5585,#5586,#5587,#5588,#5589,#5590,#5591,
#5592,#5593,#5594,#5595,#5596,#5597,#5598),(#5599,#5600,#5601,#5602,#5603,
#5604,#5605,#5606,#5607,#5608,#5609,#5610,#5611,#5612,#5613,#5614,#5615,
#5616,#5617,#5618,#5619),(#5620,#5621,#5622,#5623,#5624,#5625,#5626,#5627,
#5628,#5629,#5630,#5631,#5632,#5633,#5634,#5635,#5636,#5637,#5638,#5639,
#5640),(#5641,#5642,#5643,#5644,#5645,#5646,#5647,#5648,#5649,#5650,#5651,
#5652,#5653,#5654,#5655,#5656,#5657,#5658,#5659,#5660,#5661),(#5662,#5663,
#5664,#5665,#5666,#5667,#5668,#5669,#5670,#5671,#5672,#5673,#5674,#5675,
#5676,#5677,#5678,#5679,#5680,#5681,#5682),(#5683,#5684,#5685,#5686,#5687,
#5688,#5689,#5690,#5691,#5692,#5693,#5694,#5695,#5696,#5697,#5698,#5699,
#5700,#5701,#5702,#5703),(#5704,#5705,#5706,#5707,#5708,#5709,#5710,#5711,
#5712,#5713,#5714,#5715,#5716,#5717,#5718,#5719,#5720,#5721,#5722,#5723,
#5724),(#5725,#5726,#5727,#5728,#5729,#5730,#5731,#5732,#5733,#5734,#5735,
#5736,#5737,#5738,#5739,#5740,#5741,#5742,#5743,#5744,#5745),(#5746,#5747,
#5748,#5749,#5750,#5751,#5752,#5753,#5754,#5755,#5756,#5757,#5758,#5759,
#5760,#5761,#5762,#5763,#5764,#5765,#5766),(#5767,#5768,#5769,#5770,#5771,
#5772,#5773,#5774,#5775,#5776,#5777,#5778,#5779,#5780,#5781,#5782,#5783,
#5784,#5785,#5786,#5787),(#5788,#5789,#5790,#5791,#5792,#5793,#5794,#5795,
#5796,#5797,#5798,#5799,#5800,#5801,#5802,#5803,#5804,#5805,#5806,#5807,
#5808),(#5809,#5810,#5811,#5812,#5813,#5814,#5815,#5816,#5817,#5818,#5819,
#5820,#5821,#5822,#5823,#5824,#5825,#5826,#5827,#5828,#5829),(#5830,#5831,
#5832,#5833,#5834,#5835,#5836,#5837,#5838,#5839,#5840,#5841,#5842,#5843,
#5844,#5845,#5846,#5847,#5848,#5849,#5850),(#5851,#5852,#5853,#5854,#5855,
#5856,#5857,#5858,#5859,#5860,#5861,#5862,#5863,#5864,#5865,#5866,#5867,
#5868,#5869,#5870,#5871),(#5872,#5873,#5874,#5875,#5876,#5877,#5878,#5879,
#5880,#5881,#5882,#5883,#5884,#5885,#5886,#5887,#5888,#5889,#5890,#5891,
#5892),(#5893,#5894,#5895,#5896,#5897,#5898,#5899,#5900,#5901,#5902,#5903,
#5904,#5905,#5906,#5907,#5908,#5909,#5910,#5911,#5912,#5913),(#5914,#5915,
#5916,#5917,#5918,#5919,#5920,#5921,#5922,#5923,#5924,#5925,#5926,#5927,
#5928,#5929,#5930,#5931,#5932,#5933,#5934),(#5935,#5936,#5937,#5938,#5939,
#5940,#5941,#5942,#5943,#5944,#5945,#5946,#5947,#5948,#5949,#5950,#5951,
#5952,#5953,#5954,#5955),(#5956,#5957,#5958,#5959,#5960,#5961,#5962,#5963,
#5964,#5965,#5966,#5967,#5968,#5969,#5970,#5971,#5972,#5973,#5974,#5975,
#5976),(#5977,#5978,#5979,#5980,#5981,#5982,#5983,#5984,#5985,#5986,#5987,
#5988,#5989,#5990,#5991,#5992,#5993,#5994,#5995,#5996,#5997),(#5998,#5999,
#6000,#6001,#6002,#6003,#6004,#6005,#6006,#6007,#6008,#6009,#6010,#6011,
#6012,#6013,#6014,#6015,#6016,#6017,#6018),(#6019,#6020,#6021,#6022,#6023,
#6024,#6025,#6026,#6027,#6028,#6029,#6030,#6031,#6032,#6033,#6034,#6035,
#6036,#6037,#6038,#6039),(#6040,#6041,#6042,#6043,#6044,#6045,#6046,#6047,
#6048,#6049,#6050,#6051,#6052,#6053,#6054,#6055,#6056,#6057,#6058,#6059,
#6060),(#6061,#6062,#6063,#6064,#6065,#6066,#6067,#6068,#6069,#6070,#6071,
#6072,#6073,#6074,#6075,#6076,#6077,#6078,#6079,#6080,#6081),(#6082,#6083,
#6084,#6085,#6086,#6087,#6088,#6089,#6090,#6091,#6092,#6093,#6094,#6095,
#6096,#6097,#6098,#6099,#6100,#6101,#6102),(#6103,#6104,#6105,#6106,#6107,
#6108,#6109,#6110,#6111,#6112,#6113,#6114,#6115,#6116,#6117,#6118,#6119,
#6120,#6121,#6122,#6123),(#6124,#6125,#6126,#6127,#6128,#6129,#6130,#6131,
#6132,#6133,#6134,#6135,#6136,#6137,#6138,#6139,#6140,#6141,#6142,#6143,
#6144),(#6145,#6146,#6147,#6148,#6149,#6150,#6151,#6152,#6153,#6154,#6155,
#6156,#6157,#6158,#6159,#6160,#6161,#6162,#6163,#6164,#6165),(#6166,#6167,
#6168,#6169,#6170,#6171,#6172,#6173,#6174,#6175,#6176,#6177,#6178,#6179,
#6180,#6181,#6182,#6183,#6184,#6185,#6186),(#6187,#6188,#6189,#6190,#6191,
#6192,#6193,#6194,#6195,#6196,#6197,#6198,#6199,#6200,#6201,#6202,#6203,
#6204,#6205,#6206,#6207),(#6208,#6209,#6210,#6211,#6212,#6213,#6214,#6215,
#6216,#6217,#6218,#6219,#6220,#6221,#6222,#6223,#6224,#6225,#6226,#6227,
#6228),(#6229,#6230,#6231,#6232,#6233,#6234,#6235,#6236,#6237,#6238,#6239,
#6240,#6241,#6242,#6243,#6244,#6245,#6246,#6247,#6248,#6249),(#6250,#6251,
#6252,#6253,#6254,#6255,#6256,#6257,#6258,#6259,#6260,#6261,#6262,#6263,
#6264,#6265,#6266,#6267,#6268,#6269,#6270),(#6271,#6272,#6273,#6274,#6275,
#6276,#6277,#6278,#6279,#6280,#6281,#6282,#6283,#6284,#6285,#6286,#6287,
#6288,#6289,#6290,#6291),(#6292,#6293,#6294,#6295,#6296,#6297,#6298,#6299,
#6300,#6301,#6302,#6303,#6304,#6305,#6306,#6307,#6308,#6309,#6310,#6311,
#6312),(#6313,#6314,#6315,#6316,#6317,#6318,#6319,#6320,#6321,#6322,#6323,
#6324,#6325,#6326,#6327,#6328,#6329,#6330,#6331,#6332,#6333),(#6334,#6335,
#6336,#6337,#6338,#6339,#6340,#6341,#6342,#6343,#6344,#6345,#6346,#6347,
#6348,#6349,#6350,#6351,#6352,#6353,#6354),(#6355,#6356,#6357,#6358,#6359,
#6360,#6361,#6362,#6363,#6364,#6365,#6366,#6367,#6368,#6369,#6370,#6371,
#6372,#6373,#6374,#6375),(#6376,#6377,#6378,#6379,#6380,#6381,#6382,#6383,
#6384,#6385,#6386,#6387,#6388,#6389,#6390,#6391,#6392,#6393,#6394,#6395,
#6396),(#6397,#6398,#6399,#6400,#6401,#6402,#6403,#6404,#6405,#6406,#6407,
#6408,#6409,#6410,#6411,#6412,#6413,#6414,#6415,#6416,#6417),(#6418,#6419,
#6420,#6421,#6422,#6423,#6424,#6425,#6426,#6427,#6428,#6429,#6430,#6431,
#6432,#6433,#6434,#6435,#6436,#6437,#6438),(#6439,#6440,#6441,#6442,#6443,
#6444,#6445,#6446,#6447,#6448,#6449,#6450,#6451,#6452,#6453,#6454,#6455,
#6456,#6457,#6458,#6459),(#6460,#6461,#6462,#6463,#6464,#6465,#6466,#6467,
#6468,#6469,#6470,#6471,#6472,#6473,#6474,#6475,#6476,#6477,#6478,#6479,
#6480),(#6481,#6482,#6483,#6484,#6485,#6486,#6487,#6488,#6489,#6490,#6491,
#6492,#6493,#6494,#6495,#6496,#6497,#6498,#6499,#6500,#6501),(#6502,#6503,
#6504,#6505,#6506,#6507,#6508,#6509,#6510,#6511,#6512,#6513,#6514,#6515,
#6516,#6517,#6518,#6519,#6520,#6521,#6522),(#6523,#6524,#6525,#6526,#6527,
#6528,#6529,#6530,#6531,#6532,#6533,#6534,#6535,#6536,#6537,#6538,#6539,
#6540,#6541,#6542,#6543),(#6544,#6545,#6546,#6547,#6548,#6549,#6550,#6551,
#6552,#6553,#6554,#6555,#6556,#6557,#6558,#6559,#6560,#6561,#6562,#6563,
#6564),(#6565,#6566,#6567,#6568,#6569,#6570,#6571,#6572,#6573,#6574,#6575,
#6576,#6577,#6578,#6579,#6580,#6581,#6582,#6583,#6584,#6585),(#6586,#6587,
#6588,#6589,#6590,#6591,#6592,#6593,#6594,#6595,#6596,#6597,#6598,#6599,
#6600,#6601,#6602,#6603,#6604,#6605,#6606),(#6607,#6608,#6609,#6610,#6611,
#6612,#6613,#6614,#6615,#6616,#6617,#6618,#6619,#6620,#6621,#6622,#6623,
#6624,#6625,#6626,#6627),(#6628,#6629,#6630,#6631,#6632,#6633,#6634,#6635,
#6636,#6637,#6638,#6639,#6640,#6641,#6642,#6643,#6644,#6645,#6646,#6647,
#6648),(#6649,#6650,#6651,#6652,#6653,#6654,#6655,#6656,#6657,#6658,#6659,
#6660,#6661,#6662,#6663,#6664,#6665,#6666,#6667,#6668,#6669),(#6670,#6671,
#6672,#6673,#6674,#6675,#6676,#6677,#6678,#6679,#6680,#6681,#6682,#6683,
#6684,#6685,#6686,#6687,#6688,#6689,#6690),(#6691,#6692,#6693,#6694,#6695,
#6696,#6697,#6698,#6699,#6700,#6701,#6702,#6703,#6704,#6705,#6706,#6707,
#6708,#6709,#6710,#6711),(#6712,#6713,#6714,#6715,#6716,#6717,#6718,#6719,
#6720,#6721,#6722,#6723,#6724,#6725,#6726,#6727,#6728,#6729,#6730,#6731,
#6732),(#6733,#6734,#6735,#6736,#6737,#6738,#6739,#6740,#6741,#6742,#6743,
#6744,#6745,#6746,#6747,#6748,#6749,#6750,#6751,#6752,#6753),(#6754,#6755,
#6756,#6757,#6758,#6759,#6760,#6761,#6762,#6763,#6764,#6765,#6766,#6767,
#6768,#6769,#6770,#6771,#6772,#6773,#6774),(#6775,#6776,#6777,#6778,#6779,
#6780,#6781,#6782,#6783,#6784,#6785,#6786,#6787,#6788,#6789,#6790,#6791,
#6792,#6793,#6794,#6795),(#6796,#6797,#6798,#6799,#6800,#6801,#6802,#6803,
#6804,#6805,#6806,#6807,#6808,#6809,#6810,#6811,#6812,#6813,#6814,#6815,
#6816),(#6817,#6818,#6819,#6820,#6821,#6822,#6823,#6824,#6825,#6826,#6827,
#6828,#6829,#6830,#6831,#6832,#6833,#6834,#6835,#6836,#6837),(#6838,#6839,
#6840,#6841,#6842,#6843,#6844,#6845,#6846,#6847,#6848,#6849,#6850,#6851,
#6852,#6853,#6854,#6855,#6856,#6857,#6858),(#6859,#6860,#6861,#6862,#6863,
#6864,#6865,#6866,#6867,#6868,#6869,#6870,#6871,#6872,#6873,#6874,#6875,
#6876,#6877,#6878,#6879),(#6880,#6881,#6882,#6883,#6884,#6885,#6886,#6887,
#6888,#6889,#6890,#6891,#6892,#6893,#6894,#6895,#6896,#6897,#6898,#6899,
#6900),(#6901,#6902,#6903,#6904,#6905,#6906,#6907,#6908,#6909,#6910,#6911,
#6912,#6913,#6914,#6915,#6916,#6917,#6918,#6919,#6920,#6921),(#6922,#6923,
#6924,#6925,#6926,#6927,#6928,#6929,#6930,#6931,#6932,#6933,#6934,#6935,
#6936,#6937,#6938,#6939,#6940,#6941,#6942),(#6943,#6944,#6945,#6946,#6947,
#6948,#6949,#6950,#6951,#6952,#6953,#6954,#6955,#6956,#6957,#6958,#6959,
#6960,#6961,#6962,#6963),(#6964,#6965,#6966,#6967,#6968,#6969,#6970,#6971,
#6972,#6973,#6974,#6975,#6976,#6977,#6978,#6979,#6980,#6981,#6982,#6983,
#6984),(#6985,#6986,#6987,#6988,#6989,#6990,#6991,#6992,#6993,#6994,#6995,
#6996,#6997,#6998,#6999,#7000,#7001,#7002,#7003,#7004,#7005),(#7006,#7007,
#7008,#7009,#7010,#7011,#7012,#7013,#7014,#7015,#7016,#7017,#7018,#7019,
#7020,#7021,#7022,#7023,#7024,#7025,#7026),(#7027,#7028,#7029,#7030,#7031,
#7032,#7033,#7034,#7035,#7036,#7037,#7038,#7039,#7040,#7041,#7042,#7043,
#7044,#7045,#7046,#7047),(#7048,#7049,#7050,#7051,#7052,#7053,#7054,#7055,
#7056,#7057,#7058,#7059,#7060,#7061,#7062,#7063,#7064,#7065,#7066,#7067,
#7068),(#7069,#7070,#7071,#7072,#7073,#7074,#7075,#7076,#7077,#7078,#7079,
#7080,#7081,#7082,#7083,#7084,#7085,#7086,#7087,#7088,#7089),(#7090,#7091,
#7092,#7093,#7094,#7095,#7096,#7097,#7098,#7099,#7100,#7101,#7102,#7103,
#7104,#7105,#7106,#7107,#7108,#7109,#7110),(#7111,#7112,#7113,#7114,#7115,
#7116,#7117,#7118,#7119,#7120,#7121,#7122,#7123,#7124,#7125,#7126,#7127,
#7128,#7129,#7130,#7131),(#7132,#7133,#7134,#7135,#7136,#7137,#7138,#7139,
#7140,#7141,#7142,#7143,#7144,#7145,#7146,#7147,#7148,#7149,#7150,#7151,
#7152),(#7153,#7154,#7155,#7156,#7157,#7158,#7159,#7160,#7161,#7162,#7163,
#7164,#7165,#7166,#7167,#7168,#7169,#7170,#7171,#7172,#7173),(#7174,#7175,
#7176,#7177,#7178,#7179,#7180,#7181,#7182,#7183,#7184,#7185,#7186,#7187,
#7188,#7189,#7190,#7191,#7192,#7193,#7194),(#7195,#7196,#7197,#7198,#7199,
#7200,#7201,#7202,#7203,#7204,#7205,#7206,#7207,#7208,#7209,#7210,#7211,
#7212,#7213,#7214,#7215),(#7216,#7217,#7218,#7219,#7220,#7221,#7222,#7223,
#7224,#7225,#7226,#7227,#7228,#7229,#7230,#7231,#7232,#7233,#7234,#7235,
#7236),(#7237,#7238,#7239,#7240,#7241,#7242,#7243,#7244,#7245,#7246,#7247,
#7248,#7249,#7250,#7251,#7252,#7253,#7254,#7255,#7256,#7257),(#7258,#7259,
#7260,#7261,#7262,#7263,#7264,#7265,#7266,#7267,#7268,#7269,#7270,#7271,
#7272,#7273,#7274,#7275,#7276,#7277,#7278),(#7279,#7280,#7281,#7282,#7283,
#7284,#7285,#7286,#7287,#7288,#7289,#7290,#7291,#7292,#7293,#7294,#7295,
#7296,#7297,#7298,#7299),(#7300,#7301,#7302,#7303,#7304,#7305,#7306,#7307,
#7308,#7309,#7310,#7311,#7312,#7313,#7314,#7315,#7316,#7317,#7318,#7319,
#7320),(#7321,#7322,#7323,#7324,#7325,#7326,#7327,#7328,#7329,#7330,#7331,
#7332,#7333,#7334,#7335,#7336,#7337,#7338,#7339,#7340,#7341),(#7342,#7343,
#7344,#7345,#7346,#7347,#7348,#7349,#7350,#7351,#7352,#7353,#7354,#7355,
#7356,#7357,#7358,#7359,#7360,#7361,#7362),(#7363,#7364,#7365,#7366,#7367,
#7368,#7369,#7370,#7371,#7372,#7373,#7374,#7375,#7376,#7377,#7378,#7379,
#7380,#7381,#7382,#7383),(#7384,#7385,#7386,#7387,#7388,#7389,#7390,#7391,
#7392,#7393,#7394,#7395,#7396,#7397,#7398,#7399,#7400,#7401,#7402,#7403,
#7404),(#7405,#7406,#7407,#7408,#7409,#7410,#7411,#7412,#7413,#7414,#7415,
#7416,#7417,#7418,#7419,#7420,#7421,#7422,#7423,#7424,#7425),(#7426,#7427,
#7428,#7429,#7430,#7431,#7432,#7433,#7434,#7435,#7436,#7437,#7438,#7439,
#7440,#7441,#7442,#7443,#7444,#7445,#7446),(#7447,#7448,#7449,#7450,#7451,
#7452,#7453,#7454,#7455,#7456,#7457,#7458,#7459,#7460,#7461,#7462,#7463,
#7464,#7465,#7466,#7467),(#7468,#7469,#7470,#7471,#7472,#7473,#7474,#7475,
#7476,#7477,#7478,#7479,#7480,#7481,#7482,#7483,#7484,#7485,#7486,#7487,
#7488),(#7489,#7490,#7491,#7492,#7493,#7494,#7495,#7496,#7497,#7498,#7499,
#7500,#7501,#7502,#7503,#7504,#7505,#7506,#7507,#7508,#7509),(#7510,#7511,
#7512,#7513,#7514,#7515,#7516,#7517,#7518,#7519,#7520,#7521,#7522,#7523,
#7524,#7525,#7526,#7527,#7528,#7529,#7530),(#7531,#7532,#7533,#7534,#7535,
#7536,#7537,#7538,#7539,#7540,#7541,#7542,#7543,#7544,#7545,#7546,#7547,
#7548,#7549,#7550,#7551),(#7552,#7553,#7554,#7555,#7556,#7557,#7558,#7559,
#7560,#7561,#7562,#7563,#7564,#7565,#7566,#7567,#7568,#7569,#7570,#7571,
#7572),(#7573,#7574,#7575,#7576,#7577,#7578,#7579,#7580,#7581,#7582,#7583,
#7584,#7585,#7586,#7587,#7588,#7589,#7590,#7591,#7592,#7593),(#7594,#7595,
#7596,#7597,#7598,#7599,#7600,#7601,#7602,#7603,#7604,#7605,#7606,#7607,
#7608,#7609,#7610,#7611,#7612,#7613,#7614),(#7615,#7616,#7617,#7618,#7619,
#7620,#7621,#7622,#7623,#7624,#7625,#7626,#7627,#7628,#7629,#7630,#7631,
#7632,#7633,#7634,#7635),(#7636,#7637,#7638,#7639,#7640,#7641,#7642,#7643,
#7644,#7645,#7646,#7647,#7648,#7649,#7650,#7651,#7652,#7653,#7654,#7655,
#7656),(#7657,#7658,#7659,#7660,#7661,#7662,#7663,#7664,#7665,#7666,#7667,
#7668,#7669,#7670,#7671,#7672,#7673,#7674,#7675,#7676,#7677),(#7678,#7679,
#7680,#7681,#7682,#7683,#7684,#7685,#7686,#7687,#7688,#7689,#7690,#7691,
#7692,#7693,#7694,#7695,#7696,#7697,#7698),(#7699,#7700,#7701,#7702,#7703,
#7704,#7705,#7706,#7707,#7708,#7709,#7710,#7711,#7712,#7713,#7714,#7715,
#7716,#7717,#7718,#7719),(#7720,#7721,#7722,#7723,#7724,#7725,#7726,#7727,
#7728,#7729,#7730,#7731,#7732,#7733,#7734,#7735,#7736,#7737,#7738,#7739,
#7740),(#7741,#7742,#7743,#7744,#7745,#7746,#7747,#7748,#7749,#7750,#7751,
#7752,#7753,#7754,#7755,#7756,#7757,#7758,#7759,#7760,#7761),(#7762,#7763,
#7764,#7765,#7766,#7767,#7768,#7769,#7770,#7771,#7772,#7773,#7774,#7775,
#7776,#7777,#7778,#7779,#7780,#7781,#7782),(#7783,#7784,#7785,#7786,#7787,
#7788,#7789,#7790,#7791,#7792,#7793,#7794,#7795,#7796,#7797,#7798,#7799,
#7800,#7801,#7802,#7803),(#7804,#7805,#7806,#7807,#7808,#7809,#7810,#7811,
#7812,#7813,#7814,#7815,#7816,#7817,#7818,#7819,#7820,#7821,#7822,#7823,
#7824),(#7825,#7826,#7827,#7828,#7829,#7830,#7831,#7832,#7833,#7834,#7835,
#7836,#7837,#7838,#7839,#7840,#7841,#7842,#7843,#7844,#7845),(#7846,#7847,
#7848,#7849,#7850,#7851,#7852,#7853,#7854,#7855,#7856,#7857,#7858,#7859,
#7860,#7861,#7862,#7863,#7864,#7865,#7866),(#7867,#7868,#7869,#7870,#7871,
#7872,#7873,#7874,#7875,#7876,#7877,#7878,#7879,#7880,#7881,#7882,#7883,
#7884,#7885,#7886,#7887),(#7888,#7889,#7890,#7891,#7892,#7893,#7894,#7895,
#7896,#7897,#7898,#7899,#7900,#7901,#7902,#7903,#7904,#7905,#7906,#7907,
#7908),(#7909,#7910,#7911,#7912,#7913,#7914,#7915,#7916,#7917,#7918,#7919,
#7920,#7921,#7922,#7923,#7924,#7925,#7926,#7927,#7928,#7929),(#7930,#7931,
#7932,#7933,#7934,#7935,#7936,#7937,#7938,#7939,#7940,#7941,#7942,#7943,
#7944,#7945,#7946,#7947,#7948,#7949,#7950),(#7951,#7952,#7953,#7954,#7955,
#7956,#7957,#7958,#7959,#7960,#7961,#7962,#7963,#7964,#7965,#7966,#7967,
#7968,#7969,#7970,#7971),(#7972,#7973,#7974,#7975,#7976,#7977,#7978,#7979,
#7980,#7981,#7982,#7983,#7984,#7985,#7986,#7987,#7988,#7989,#7990,#7991,
#7992),(#7993,#7994,#7995,#7996,#7997,#7998,#7999,#8000,#8001,#8002,#8003,
#8004,#8005,#8006,#8007,#8008,#8009,#8010,#8011,#8012,#8013),(#8014,#8015,
#8016,#8017,#8018,#8019,#8020,#8021,#8022,#8023,#8024,#8025,#8026,#8027,
#8028,#8029,#8030,#8031,#8032,#8033,#8034),(#8035,#8036,#8037,#8038,#8039,
#8040,#8041,#8042,#8043,#8044,#8045,#8046,#8047,#8048,#8049,#8050,#8051,
#8052,#8053,#8054,#8055),(#8056,#8057,#8058,#8059,#8060,#8061,#8062,#8063,
#8064,#8065,#8066,#8067,#8068,#8069,#8070,#8071,#8072,#8073,#8074,#8075,
#8076),(#8077,#8078,#8079,#8080,#8081,#8082,#8083,#8084,#8085,#8086,#8087,
#8088,#8089,#8090,#8091,#8092,#8093,#8094,#8095,#8096,#8097),(#8098,#8099,
#8100,#8101,#8102,#8103,#8104,#8105,#8106,#8107,#8108,#8109,#8110,#8111,
#8112,#8113,#8114,#8115,#8116,#8117,#8118),(#8119,#8120,#8121,#8122,#8123,
#8124,#8125,#8126,#8127,#8128,#8129,#8130,#8131,#8132,#8133,#8134,#8135,
#8136,#8137,#8138,#8139),(#8140,#8141,#8142,#8143,#8144,#8145,#8146,#8147,
#8148,#8149,#8150,#8151,#8152,#8153,#8154,#8155,#8156,#8157,#8158,#8159,
#8160),(#8161,#8162,#8163,#8164,#8165,#8166,#8167,#8168,#8169,#8170,#8171,
#8172,#8173,#8174,#8175,#8176,#8177,#8178,#8179,#8180,#8181),(#8182,#8183,
#8184,#8185,#8186,#8187,#8188,#8189,#8190,#8191,#8192,#8193,#8194,#8195,
#8196,#8197,#8198,#8199,#8200,#8201,#8202),(#8203,#8204,#8205,#8206,#8207,
#8208,#8209,#8210,#8211,#8212,#8213,#8214,#8215,#8216,#8217,#8218,#8219,
#8220,#8221,#8222,#8223),(#8224,#8225,#8226,#8227,#8228,#8229,#8230,#8231,
#8232,#8233,#8234,#8235,#8236,#8237,#8238,#8239,#8240,#8241,#8242,#8243,
#8244),(#8245,#8246,#8247,#8248,#8249,#8250,#8251,#8252,#8253,#8254,#8255,
#8256,#8257,#8258,#8259,#8260,#8261,#8262,#8263,#8264,#8265),(#8266,#8267,
#8268,#8269,#8270,#8271,#8272,#8273,#8274,#8275,#8276,#8277,#8278,#8279,
#8280,#8281,#8282,#8283,#8284,#8285,#8286)),.UNSPECIFIED.,.F.,.F.,.F.,(4,
1,1,1,1,1,1,1,1,1,1,1,1,1,1,1,1,1,1,1,1,1,1,1,1,1,1,1,1,1,1,1,1,1,1,1,1,
1,1,1,1,1,1,1,1,1,1,1,1,1,1,1,1,1,1,1,1,1,1,1,1,1,1,1,1,1,1,1,1,1,1,1,1,
1,1,1,1,1,1,1,1,1,2,1,1,1,1,1,1,1,1,1,1,1,1,1,1,1,1,1,1,1,1,1,1,1,1,1,1,
1,1,1,1,1,1,1,1,1,1,1,1,1,1,1,1,1,1,1,1,1,1,1,1,1,1,1,1,1,1,1,1,1,1,1,1,
1,1,1,1,1,1,1,1,1,1,1,1,1,1,1,4),(4,1,1,1,1,1,1,1,1,1,1,1,1,1,1,1,1,1,4),
(0.,0.0125065067261659,0.0250130134523319,0.0312662668154149,0.0375195201784978,
0.0437727735415808,0.0500260269046638,0.0625325336308297,0.0750390403569957,
0.0875455470831616,0.100052053809328,0.100833710479713,0.101615367150098,
0.103178680490869,0.103960337161254,0.10474199383164,0.104937407999236,
0.105132822166832,0.105523650502025,0.105914478837218,0.106305307172411,
0.112558560535493,0.118811813898576,0.125065067261659,0.12662838060243,
0.128191693943201,0.129755007283972,0.131318320624742,0.137571573987825,
0.150078080713991,0.156331334077074,0.162584587440157,0.165711214121699,
0.16883784080324,0.175091094166323,0.187597600892489,0.196977480937114,
0.200104107618655,0.206357360981738,0.218863867707904,0.225117121070987,
0.23137037443407,0.237623627797153,0.243876881160236,0.250130134523319,
0.262636641249485,0.275143147975651,0.287649654701817,0.300156161427983,
0.325169174880314,0.331422428243397,0.33767568160648,0.343928934969563,
0.350182188332646,0.356435441695729,0.359562068377271,0.362688695058812,
0.375195201784978,0.393954961874227,0.40020821523731,0.412714721963476,
0.414278035304247,0.415841348645018,0.418967975326559,0.422094602008101,
0.425221228689642,0.431474482052725,0.437727735415808,0.443980988778891,
0.450234242141974,0.456487495505057,0.46274074886814,0.465867375549681,
0.468994002231223,0.472120628912764,0.475247255594306,0.478373882275847,
0.481500508957389,0.48462713563893,0.487753762320472,0.494007015683555,
0.497133642365096,0.500260269046638,0.503383642365096,0.506507015683555,
0.512753762320472,0.513534605650086,0.514315448979701,0.51587713563893,
0.519000508957389,0.522123882275847,0.525247255594306,0.528370628912765,
0.531494002231223,0.534617375549681,0.53774074886814,0.543987495505057,
0.550234242141974,0.553357615460432,0.556480988778891,0.55960436209735,
0.562727735415808,0.565851108734267,0.568974482052725,0.572097855371184,
0.573659542030413,0.575221228689642,0.581467975326559,0.587714721963476,
0.588495565293091,0.589276408622705,0.59005725195232,0.590838095281935,
0.593961468600393,0.60020821523731,0.603331588555769,0.606454961874227,
0.612701708511144,0.618948455148061,0.625195201784978,0.637688695058812,
0.643935441695729,0.650182188332646,0.675169174880315,0.687662668154149,
0.700156161427983,0.7064029080649,0.712649654701817,0.718896401338734,0.722019774657192,
0.723581461316421,0.725143147975651,0.750130134523319,0.756376881160236,
0.762623627797153,0.775117121070987,0.781363867707904,0.787610614344821,
0.800104107618655,0.812597600892489,0.815720974210948,0.818844347529406,
0.821967720847865,0.825091094166323,0.850078080713991,0.875065067261659,
0.887558560535493,0.89380530717241,0.896928680490869,0.900052053809328,
0.906298800446245,0.909422173764703,0.912545547083162,0.925039040356996,
0.93753253363083,0.950026026904664,0.956272773541581,0.962519520178498,
0.975013013452332,0.987506506726166,1.),(0.,0.10385356001697,0.155780340025455,
0.207707120033939,0.259633900042424,0.311560680050909,0.311561115484678,
0.349195540213339,0.386829964942001,0.462098814399324,0.537367663856647,
0.606668755503506,0.675969847150364,0.710620392973793,0.745270938797222,
0.830180625864814,0.915090312932407,0.957545156466204,1.),.UNSPECIFIED.);
#28=B_SPLINE_SURFACE_WITH_KNOTS('',3,3,((#8656,#8657,#8658,#8659,#8660,
#8661,#8662,#8663,#8664,#8665,#8666,#8667,#8668),(#8669,#8670,#8671,#8672,
#8673,#8674,#8675,#8676,#8677,#8678,#8679,#8680,#8681),(#8682,#8683,#8684,
#8685,#8686,#8687,#8688,#8689,#8690,#8691,#8692,#8693,#8694),(#8695,#8696,
#8697,#8698,#8699,#8700,#8701,#8702,#8703,#8704,#8705,#8706,#8707),(#8708,
#8709,#8710,#8711,#8712,#8713,#8714,#8715,#8716,#8717,#8718,#8719,#8720),
(#8721,#8722,#8723,#8724,#8725,#8726,#8727,#8728,#8729,#8730,#8731,#8732,
#8733)),.UNSPECIFIED.,.F.,.F.,.F.,(4,2,4),(4,1,1,1,1,1,1,1,1,1,4),(0.,0.499296360197557,
1.),(0.,0.10385356001697,0.207707120033939,0.311560680050909,0.311561115484678,
0.386829964942001,0.537367663856647,0.675969847150364,0.745270938797222,
0.915090312932407,1.),.UNSPECIFIED.);
#29=FACE_OUTER_BOUND('',#37,.T.);
#30=FACE_OUTER_BOUND('',#38,.T.);
#31=FACE_OUTER_BOUND('',#39,.T.);
#32=FACE_OUTER_BOUND('',#40,.T.);
#33=FACE_OUTER_BOUND('',#41,.T.);
#34=FACE_OUTER_BOUND('',#42,.T.);
#35=FACE_OUTER_BOUND('',#43,.T.);
#36=FACE_OUTER_BOUND('',#44,.T.);
#37=EDGE_LOOP('',(#85,#86));
#38=EDGE_LOOP('',(#87,#88,#89,#90,#91,#92));
#39=EDGE_LOOP('',(#93,#94,#95,#96,#97,#98));
#40=EDGE_LOOP('',(#99,#100));
#41=EDGE_LOOP('',(#101,#102));
#42=EDGE_LOOP('',(#103,#104,#105,#106,#107,#108));
#43=EDGE_LOOP('',(#109,#110,#111,#112,#113,#114));
#44=EDGE_LOOP('',(#115,#116));
#45=LINE('',#329,#49);
#46=LINE('',#4662,#50);
#47=LINE('',#4842,#51);
#48=LINE('',#8734,#52);
#49=VECTOR('',#140,10.);
#50=VECTOR('',#141,10.);
#51=VECTOR('',#146,10.);
#52=VECTOR('',#147,10.);
#53=(
BOUNDED_CURVE()
B_SPLINE_CURVE(5,(#154,#155,#156,#157,#158,#159,#160,#161,#162,#163,#164,
#165,#166,#167,#168,#169,#170,#171,#172,#173,#174,#175,#176,#177,#178,#179,
#180,#181,#182,#183,#184,#185,#186,#187,#188,#189,#190,#191,#192,#193,#194,
#195,#196,#197,#198,#199,#200,#201,#202,#203,#204,#205,#206,#207,#208,#209,
#210,#211,#212,#213,#214,#215,#216,#217,#218,#219,#220,#221,#222,#223,#224,
#225,#226,#227,#228,#229,#230,#231,#232,#233,#234,#235,#236,#237,#238,#239,
#240,#241,#242,#243,#244,#245,#246,#247,#248,#249,#250,#251,#252,#253,#254,
#255,#256,#257,#258,#259,#260,#261,#262,#263,#264,#265,#266,#267,#268,#269,
#270,#271,#272,#273,#274,#275,#276,#277,#278,#279,#280,#281,#282,#283,#284,
#285,#286,#287,#288,#289,#290,#291,#292,#293,#294,#295,#296,#297,#298,#299,
#300,#301,#302,#303,#304,#305,#306,#307,#308,#309,#310,#311,#312,#313,#314,
#315,#316,#317,#318,#319,#320,#321,#322,#323,#324,#325,#326,#327,#328),
 .UNSPECIFIED.,.F.,.F.)
B_SPLINE_CURVE_WITH_KNOTS((6,1,1,1,1,1,1,1,1,1,1,1,1,1,1,1,1,1,1,1,1,1,
1,1,1,1,1,1,1,1,1,1,1,1,1,1,1,1,1,1,1,1,1,1,1,1,1,1,1,1,1,1,1,1,1,1,1,1,
1,1,1,1,1,1,1,1,1,1,1,1,1,1,1,1,1,1,1,1,1,1,1,1,1,1,1,1,1,1,1,1,1,1,1,1,
1,1,1,1,1,1,1,1,1,1,1,1,1,1,1,1,1,1,1,1,1,1,1,1,1,1,1,1,1,1,1,1,1,1,1,1,
1,1,1,1,1,1,1,1,1,1,1,1,1,1,1,1,1,1,1,1,1,1,1,1,1,1,1,1,1,1,1,1,1,1,1,1,
1,1,1,1,6),(-1.,-0.994117647058821,-0.988235294117645,-0.982352941176468,
-0.976470588235292,-0.970588235294115,-0.964705882352939,-0.958823529411762,
-0.952941176470586,-0.94705882352941,-0.941176470588233,-0.935294117647057,
-0.92941176470588,-0.923529411764704,-0.917647058823527,-0.911764705882351,
-0.905882352941174,-0.899999999999998,-0.894117647058821,-0.888235294117645,
-0.882352941176469,-0.876470588235292,-0.870588235294116,-0.864705882352939,
-0.858823529411763,-0.852941176470586,-0.84705882352941,-0.841176470588233,
-0.835294117647057,-0.829411764705881,-0.823529411764704,-0.817647058823528,
-0.811764705882351,-0.805882352941175,-0.799999999999998,-0.794117647058822,
-0.788235294117645,-0.782352941176469,-0.776470588235292,-0.770588235294116,
-0.76470588235294,-0.758823529411763,-0.752941176470587,-0.74705882352941,
-0.741176470588234,-0.735294117647057,-0.729411764705881,-0.723529411764704,
-0.717647058823528,-0.711764705882352,-0.705882352941175,-0.699999999999999,
-0.694117647058822,-0.688235294117646,-0.682352941176469,-0.676470588235293,
-0.670588235294116,-0.66470588235294,-0.658823529411763,-0.652941176470587,
-0.647058823529411,-0.641176470588234,-0.635294117647058,-0.629411764705881,
-0.623529411764705,-0.617647058823528,-0.611764705882352,-0.605882352941175,
-0.599999999999999,-0.594117647058823,-0.588235294117646,-0.58235294117647,
-0.576470588235293,-0.570588235294117,-0.56470588235294,-0.558823529411764,
-0.552941176470587,-0.547058823529411,-0.541176470588234,-0.535294117647058,
-0.529411764705882,-0.523529411764705,-0.517647058823529,-0.511764705882352,
-0.505882352941176,-0.499999999999999,-0.494117647058823,-0.488235294117646,
-0.48235294117647,-0.476470588235294,-0.470588235294117,-0.464705882352941,
-0.458823529411764,-0.452941176470588,-0.447058823529411,-0.441176470588235,
-0.435294117647058,-0.429411764705882,-0.423529411764705,-0.417647058823529,
-0.411764705882353,-0.405882352941176,-0.4,-0.394117647058823,-0.388235294117647,
-0.38235294117647,-0.376470588235294,-0.370588235294117,-0.364705882352941,
-0.358823529411765,-0.352941176470588,-0.347058823529412,-0.341176470588235,
-0.335294117647059,-0.329411764705882,-0.323529411764706,-0.317647058823529,
-0.311764705882353,-0.305882352941176,-0.3,-0.294117647058824,-0.288235294117647,
-0.282352941176471,-0.276470588235294,-0.270588235294118,-0.264705882352941,
-0.258823529411765,-0.252941176470588,-0.247058823529412,-0.241176470588235,
-0.235294117647059,-0.229411764705883,-0.223529411764706,-0.21764705882353,
-0.211764705882353,-0.205882352941177,-0.2,-0.194117647058824,-0.188235294117647,
-0.182352941176471,-0.176470588235294,-0.170588235294118,-0.164705882352941,
-0.158823529411765,-0.152941176470588,-0.147058823529412,-0.141176470588235,
-0.135294117647059,-0.129411764705882,-0.123529411764706,-0.117647058823529,
-0.111764705882353,-0.105882352941177,-0.1,-0.0941176470588236,-0.0882352941176471,
-0.0823529411764706,-0.0764705882352941,-0.0705882352941176,-0.0647058823529412,
-0.0588235294117647,-0.0529411764705882,-0.0470588235294118,-0.0411764705882353,
-0.0352941176470588,-0.0294117647058824,-0.0235294117647059,-0.0176470588235294,
-0.0117647058823529,-0.00588235294117647,0.),.UNSPECIFIED.)
CURVE()
GEOMETRIC_REPRESENTATION_ITEM()
RATIONAL_B_SPLINE_CURVE((1.,1.,1.,1.,1.,1.,1.,1.,1.,1.,1.,1.,1.,1.,1.,1.,
1.,1.,1.,1.,1.,1.,1.,1.,1.,1.,1.,1.,1.,1.,1.,1.,1.,1.,1.,1.,1.,1.,1.,1.,
1.,1.,1.,1.,1.,1.,1.,1.,1.,1.,1.,1.,1.,1.,1.,1.,1.,1.,1.,1.,1.,1.,1.,1.,
1.,1.,1.,1.,1.,1.,1.,1.,1.,1.,1.,1.,1.,1.,1.,1.,1.,1.,1.,1.,1.,1.,1.,1.,
1.,1.,1.,1.,1.,1.,1.,1.,1.,1.,1.,1.,1.,1.,1.,1.,1.,1.,1.,1.,1.,1.,1.,1.,
1.,1.,1.,1.,1.,1.,1.,1.,1.,1.,1.,1.,1.,1.,1.,1.,1.,1.,1.,1.,1.,1.,1.,1.,
1.,1.,1.,1.,1.,1.,1.,1.,1.,1.,1.,1.,1.,1.,1.,1.,1.,1.,1.,1.,1.,1.,1.,1.,
1.,1.,1.,1.,1.,1.,1.,1.,1.,1.,1.,1.,1.,1.,1.))
REPRESENTATION_ITEM('')
);
#54=(
BOUNDED_CURVE()
B_SPLINE_CURVE(5,(#4217,#4218,#4219,#4220,#4221,#4222,#4223,#4224,#4225,
#4226,#4227,#4228,#4229,#4230,#4231,#4232,#4233,#4234,#4235,#4236,#4237,
#4238,#4239,#4240,#4241,#4242,#4243,#4244,#4245,#4246,#4247,#4248,#4249,
#4250,#4251,#4252,#4253,#4254,#4255,#4256,#4257,#4258,#4259,#4260,#4261,
#4262,#4263,#4264,#4265,#4266,#4267,#4268,#4269,#4270,#4271,#4272,#4273,
#4274,#4275,#4276,#4277,#4278,#4279,#4280,#4281,#4282,#4283,#4284,#4285,
#4286,#4287,#4288,#4289,#4290,#4291,#4292,#4293,#4294,#4295,#4296,#4297,
#4298,#4299,#4300,#4301,#4302,#4303,#4304,#4305,#4306,#4307,#4308,#4309,
#4310,#4311,#4312,#4313,#4314,#4315,#4316,#4317,#4318,#4319,#4320,#4321,
#4322,#4323,#4324,#4325,#4326,#4327,#4328,#4329,#4330,#4331,#4332,#4333,
#4334,#4335,#4336,#4337,#4338,#4339,#4340,#4341,#4342,#4343,#4344,#4345,
#4346,#4347,#4348,#4349,#4350,#4351,#4352,#4353,#4354,#4355,#4356,#4357,
#4358,#4359,#4360,#4361,#4362,#4363,#4364,#4365,#4366,#4367,#4368,#4369,
#4370,#4371,#4372,#4373,#4374,#4375,#4376,#4377,#4378,#4379,#4380,#4381,
#4382,#4383,#4384,#4385,#4386,#4387,#4388,#4389,#4390,#4391,#4392,#4393,
#4394,#4395,#4396,#4397,#4398,#4399,#4400,#4401,#4402,#4403,#4404,#4405,
#4406,#4407,#4408,#4409,#4410,#4411,#4412,#4413,#4414,#4415,#4416,#4417,
#4418,#4419,#4420,#4421,#4422,#4423,#4424,#4425,#4426,#4427,#4428,#4429,
#4430,#4431,#4432,#4433,#4434,#4435,#4436,#4437,#4438,#4439,#4440,#4441,
#4442,#4443,#4444,#4445,#4446,#4447,#4448,#4449,#4450,#4451,#4452,#4453,
#4454,#4455,#4456,#4457,#4458,#4459,#4460,#4461,#4462,#4463,#4464,#4465,
#4466,#4467,#4468,#4469,#4470,#4471,#4472,#4473,#4474,#4475,#4476,#4477,
#4478,#4479,#4480,#4481,#4482,#4483,#4484,#4485,#4486,#4487,#4488,#4489,
#4490,#4491,#4492,#4493,#4494,#4495,#4496,#4497,#4498,#4499,#4500,#4501,
#4502,#4503,#4504,#4505,#4506,#4507,#4508,#4509,#4510,#4511,#4512,#4513,
#4514,#4515,#4516,#4517,#4518,#4519,#4520,#4521,#4522,#4523,#4524,#4525,
#4526,#4527,#4528,#4529,#4530,#4531,#4532,#4533,#4534,#4535,#4536,#4537,
#4538,#4539,#4540,#4541,#4542,#4543,#4544,#4545,#4546,#4547,#4548,#4549,
#4550,#4551,#4552,#4553,#4554,#4555,#4556,#4557,#4558,#4559),
 .UNSPECIFIED.,.F.,.F.)
B_SPLINE_CURVE_WITH_KNOTS((6,1,1,1,1,1,1,1,1,1,1,1,1,1,1,1,1,1,1,1,1,1,
1,1,1,1,1,1,1,1,1,1,1,1,1,1,1,1,1,1,1,1,1,1,1,1,1,1,1,1,1,1,1,1,1,1,1,1,
1,1,1,1,1,1,1,1,1,1,1,1,1,1,1,1,1,1,1,1,1,1,1,1,1,1,1,1,1,1,1,1,1,1,1,1,
1,1,1,1,1,1,1,1,1,1,1,1,1,1,1,1,1,1,1,1,1,1,1,1,1,1,1,1,1,1,1,1,1,1,1,1,
1,1,1,1,1,1,1,1,1,1,1,1,1,1,1,1,1,1,1,1,1,1,1,1,1,1,1,1,1,1,1,1,1,1,1,1,
1,1,1,1,1,1,1,1,1,1,1,1,1,1,1,1,1,1,1,1,1,1,1,1,1,1,1,1,1,1,1,1,1,1,1,1,
1,1,1,1,1,1,1,1,1,1,1,1,1,1,1,1,1,1,1,1,1,1,1,1,1,1,1,1,1,1,1,1,1,1,1,1,
1,1,1,1,1,1,1,1,1,1,1,1,1,1,1,1,1,1,1,1,1,1,1,1,1,1,1,1,1,1,1,1,1,1,1,1,
1,1,1,1,1,1,1,1,1,1,1,1,1,1,1,1,1,1,1,1,1,1,1,1,1,1,1,1,1,1,1,1,1,1,1,1,
1,1,1,1,1,1,1,1,1,1,1,1,1,1,1,1,1,1,1,1,1,1,1,1,1,1,1,1,6),(-0.944667030212178,
-0.942105263157897,-0.939473684210529,-0.93684210526316,-0.934210526315792,
-0.931578947368423,-0.928947368421055,-0.926315789473687,-0.923684210526318,
-0.92105263157895,-0.918421052631581,-0.915789473684213,-0.913157894736844,
-0.910526315789476,-0.907894736842108,-0.905263157894739,-0.902631578947371,
-0.900000000000002,-0.897368421052634,-0.894736842105265,-0.892105263157897,
-0.889473684210529,-0.88684210526316,-0.884210526315792,-0.881578947368423,
-0.878947368421055,-0.876315789473686,-0.873684210526318,-0.87105263157895,
-0.868421052631581,-0.865789473684213,-0.863157894736844,-0.860526315789476,
-0.857894736842107,-0.855263157894739,-0.852631578947371,-0.850000000000002,
-0.847368421052634,-0.844736842105265,-0.842105263157897,-0.839473684210528,
-0.83684210526316,-0.834210526315792,-0.831578947368423,-0.828947368421055,
-0.826315789473686,-0.823684210526318,-0.821052631578949,-0.818421052631581,
-0.815789473684213,-0.813157894736844,-0.810526315789476,-0.807894736842107,
-0.805263157894739,-0.80263157894737,-0.800000000000002,-0.797368421052634,
-0.794736842105265,-0.792105263157897,-0.789473684210528,-0.78684210526316,
-0.784210526315791,-0.781578947368423,-0.778947368421054,-0.776315789473686,
-0.773684210526318,-0.771052631578949,-0.768421052631581,-0.765789473684212,
-0.763157894736844,-0.760526315789475,-0.757894736842107,-0.755263157894739,
-0.75263157894737,-0.750000000000002,-0.747368421052633,-0.744736842105265,
-0.742105263157896,-0.739473684210528,-0.73684210526316,-0.734210526315791,
-0.731578947368423,-0.728947368421054,-0.726315789473686,-0.723684210526317,
-0.721052631578949,-0.718421052631581,-0.715789473684212,-0.713157894736844,
-0.710526315789475,-0.707894736842107,-0.705263157894738,-0.70263157894737,
-0.700000000000002,-0.697368421052633,-0.694736842105265,-0.692105263157896,
-0.689473684210528,-0.686842105263159,-0.684210526315791,-0.681578947368423,
-0.678947368421054,-0.676315789473686,-0.673684210526317,-0.671052631578949,
-0.66842105263158,-0.665789473684212,-0.663157894736844,-0.660526315789475,
-0.657894736842107,-0.655263157894738,-0.65263157894737,-0.650000000000001,
-0.647368421052633,-0.644736842105265,-0.642105263157896,-0.639473684210528,
-0.636842105263159,-0.634210526315791,-0.631578947368422,-0.628947368421054,
-0.626315789473686,-0.623684210526317,-0.621052631578949,-0.61842105263158,
-0.615789473684212,-0.613157894736843,-0.610526315789475,-0.607894736842107,
-0.605263157894738,-0.60263157894737,-0.600000000000001,-0.597368421052633,
-0.594736842105264,-0.592105263157896,-0.589473684210528,-0.586842105263159,
-0.584210526315791,-0.581578947368422,-0.578947368421054,-0.576315789473685,
-0.573684210526317,-0.571052631578949,-0.56842105263158,-0.565789473684212,
-0.563157894736843,-0.560526315789475,-0.557894736842106,-0.555263157894738,
-0.55263157894737,-0.550000000000001,-0.547368421052633,-0.544736842105264,
-0.542105263157896,-0.539473684210527,-0.536842105263159,-0.534210526315791,
-0.531578947368422,-0.528947368421054,-0.526315789473685,-0.523684210526317,
-0.521052631578948,-0.51842105263158,-0.515789473684212,-0.513157894736843,
-0.510526315789475,-0.507894736842106,-0.505263157894738,-0.502631578947369,
-0.500000000000001,-0.497368421052633,-0.494736842105264,-0.492105263157896,
-0.489473684210527,-0.486842105263159,-0.48421052631579,-0.481578947368422,
-0.478947368421054,-0.476315789473685,-0.473684210526317,-0.471052631578948,
-0.46842105263158,-0.465789473684211,-0.463157894736843,-0.460526315789475,
-0.457894736842106,-0.455263157894738,-0.452631578947369,-0.450000000000001,
-0.447368421052632,-0.444736842105264,-0.442105263157896,-0.439473684210527,
-0.436842105263159,-0.43421052631579,-0.431578947368422,-0.428947368421053,
-0.426315789473685,-0.423684210526317,-0.421052631578948,-0.41842105263158,
-0.415789473684211,-0.413157894736843,-0.410526315789474,-0.407894736842106,
-0.405263157894738,-0.402631578947369,-0.400000000000001,-0.397368421052632,
-0.394736842105264,-0.392105263157895,-0.389473684210527,-0.386842105263159,
-0.38421052631579,-0.381578947368422,-0.378947368421053,-0.376315789473685,
-0.373684210526316,-0.371052631578948,-0.36842105263158,-0.365789473684211,
-0.363157894736843,-0.360526315789474,-0.357894736842106,-0.355263157894737,
-0.352631578947369,-0.350000000000001,-0.347368421052632,-0.344736842105264,
-0.342105263157895,-0.339473684210527,-0.336842105263158,-0.33421052631579,
-0.331578947368422,-0.328947368421053,-0.326315789473685,-0.323684210526316,
-0.321052631578948,-0.318421052631579,-0.315789473684211,-0.313157894736843,
-0.310526315789474,-0.307894736842106,-0.305263157894737,-0.302631578947369,
-0.3,-0.297368421052632,-0.294736842105264,-0.292105263157895,-0.289473684210527,
-0.286842105263158,-0.28421052631579,-0.281578947368421,-0.278947368421053,
-0.276315789473685,-0.273684210526316,-0.271052631578948,-0.268421052631579,
-0.265789473684211,-0.263157894736842,-0.260526315789474,-0.257894736842106,
-0.255263157894737,-0.252631578947369,-0.25,-0.247368421052632,-0.244736842105263,
-0.242105263157895,-0.239473684210527,-0.236842105263158,-0.23421052631579,
-0.231578947368421,-0.228947368421053,-0.226315789473684,-0.223684210526316,
-0.221052631578948,-0.218421052631579,-0.215789473684211,-0.213157894736842,
-0.210526315789474,-0.207894736842105,-0.205263157894737,-0.202631578947369,
-0.2,-0.197368421052632,-0.194736842105263,-0.192105263157895,-0.189473684210526,
-0.186842105263158,-0.18421052631579,-0.181578947368421,-0.178947368421053,
-0.176315789473684,-0.173684210526316,-0.171052631578947,-0.168421052631579,
-0.165789473684211,-0.163157894736842,-0.160526315789474,-0.157894736842105,
-0.155263157894737,-0.152631578947368,-0.15,-0.147368421052632,-0.144736842105263,
-0.142105263157895,-0.139473684210526,-0.136842105263158,-0.134210526315789,
-0.131578947368421,-0.128947368421053,-0.126315789473684,-0.123684210526316,
-0.121052631578947,-0.118421052631579,-0.11578947368421,-0.113157894736842,
-0.110526315789474,-0.107894736842105,-0.105263157894737,-0.102631578947368,
-0.0999999999999999,-0.0973684210526315,-0.0947368421052631,-0.0921052631578947,
-0.0894736842105263,-0.0868421052631579,-0.0842105263157894,-0.081578947368421,
-0.0789473684210526,-0.0763157894736842,-0.0736842105263158,-0.0710526315789474,
-0.068421052631579,-0.0657894736842105,-0.0631578947368421,-0.0605263157894737,
-0.0578947368421053,-0.0559390246577379),.UNSPECIFIED.)
CURVE()
GEOMETRIC_REPRESENTATION_ITEM()
RATIONAL_B_SPLINE_CURVE((1.,1.,1.,1.,1.,1.,1.,1.,1.,1.,1.,1.,1.,1.,1.,1.,
1.,1.,1.,1.,1.,1.,1.,1.,1.,1.,1.,1.,1.,1.,1.,1.,1.,1.,1.,1.,1.,1.,1.,1.,
1.,1.,1.,1.,1.,1.,1.,1.,1.,1.,1.,1.,1.,1.,1.,1.,1.,1.,1.,1.,1.,1.,1.,1.,
1.,1.,1.,1.,1.,1.,1.,1.,1.,1.,1.,1.,1.,1.,1.,1.,1.,1.,1.,1.,1.,1.,1.,1.,
1.,1.,1.,1.,1.,1.,1.,1.,1.,1.,1.,1.,1.,1.,1.,1.,1.,1.,1.,1.,1.,1.,1.,1.,
1.,1.,1.,1.,1.,1.,1.,1.,1.,1.,1.,1.,1.,1.,1.,1.,1.,1.,1.,1.,1.,1.,1.,1.,
1.,1.,1.,1.,1.,1.,1.,1.,1.,1.,1.,1.,1.,1.,1.,1.,1.,1.,1.,1.,1.,1.,1.,1.,
1.,1.,1.,1.,1.,1.,1.,1.,1.,1.,1.,1.,1.,1.,1.,1.,1.,1.,1.,1.,1.,1.,1.,1.,
1.,1.,1.,1.,1.,1.,1.,1.,1.,1.,1.,1.,1.,1.,1.,1.,1.,1.,1.,1.,1.,1.,1.,1.,
1.,1.,1.,1.,1.,1.,1.,1.,1.,1.,1.,1.,1.,1.,1.,1.,1.,1.,1.,1.,1.,1.,1.,1.,
1.,1.,1.,1.,1.,1.,1.,1.,1.,1.,1.,1.,1.,1.,1.,1.,1.,1.,1.,1.,1.,1.,1.,1.,
1.,1.,1.,1.,1.,1.,1.,1.,1.,1.,1.,1.,1.,1.,1.,1.,1.,1.,1.,1.,1.,1.,1.,1.,
1.,1.,1.,1.,1.,1.,1.,1.,1.,1.,1.,1.,1.,1.,1.,1.,1.,1.,1.,1.,1.,1.,1.,1.,
1.,1.,1.,1.,1.,1.,1.,1.,1.,1.,1.,1.,1.,1.,1.,1.,1.,1.,1.,1.,1.,1.,1.,1.,
1.,1.,1.,1.,1.,1.,1.,1.,1.,1.,1.,1.,1.,1.,1.))
REPRESENTATION_ITEM('')
);
#55=(
BOUNDED_CURVE()
B_SPLINE_CURVE(5,(#4667,#4668,#4669,#4670,#4671,#4672,#4673,#4674,#4675,
#4676,#4677,#4678,#4679,#4680,#4681,#4682,#4683,#4684,#4685,#4686,#4687,
#4688,#4689,#4690,#4691,#4692,#4693,#4694,#4695,#4696,#4697,#4698,#4699,
#4700,#4701,#4702,#4703,#4704,#4705,#4706,#4707,#4708,#4709,#4710,#4711,
#4712,#4713,#4714,#4715,#4716,#4717,#4718,#4719,#4720,#4721,#4722,#4723,
#4724,#4725,#4726,#4727,#4728,#4729,#4730,#4731,#4732,#4733,#4734,#4735,
#4736,#4737,#4738,#4739,#4740,#4741,#4742,#4743,#4744,#4745,#4746,#4747,
#4748,#4749,#4750,#4751,#4752,#4753,#4754,#4755,#4756,#4757,#4758,#4759,
#4760,#4761,#4762,#4763,#4764,#4765,#4766,#4767,#4768,#4769,#4770,#4771,
#4772,#4773,#4774,#4775,#4776,#4777,#4778,#4779,#4780,#4781,#4782,#4783,
#4784,#4785,#4786,#4787,#4788,#4789,#4790,#4791,#4792,#4793,#4794,#4795,
#4796,#4797,#4798,#4799,#4800,#4801,#4802,#4803,#4804,#4805,#4806,#4807,
#4808,#4809,#4810,#4811,#4812,#4813,#4814,#4815,#4816,#4817,#4818,#4819,
#4820,#4821,#4822,#4823,#4824,#4825,#4826,#4827,#4828,#4829,#4830,#4831,
#4832,#4833,#4834,#4835,#4836,#4837,#4838,#4839,#4840,#4841),
 .UNSPECIFIED.,.F.,.F.)
B_SPLINE_CURVE_WITH_KNOTS((6,1,1,1,1,1,1,1,1,1,1,1,1,1,1,1,1,1,1,1,1,1,
1,1,1,1,1,1,1,1,1,1,1,1,1,1,1,1,1,1,1,1,1,1,1,1,1,1,1,1,1,1,1,1,1,1,1,1,
1,1,1,1,1,1,1,1,1,1,1,1,1,1,1,1,1,1,1,1,1,1,1,1,1,1,1,1,1,1,1,1,1,1,1,1,
1,1,1,1,1,1,1,1,1,1,1,1,1,1,1,1,1,1,1,1,1,1,1,1,1,1,1,1,1,1,1,1,1,1,1,1,
1,1,1,1,1,1,1,1,1,1,1,1,1,1,1,1,1,1,1,1,1,1,1,1,1,1,1,1,1,1,1,1,1,1,1,1,
1,1,1,1,6),(-1.,-0.994117647058821,-0.988235294117645,-0.982352941176468,
-0.976470588235292,-0.970588235294115,-0.964705882352939,-0.958823529411762,
-0.952941176470586,-0.94705882352941,-0.941176470588233,-0.935294117647057,
-0.92941176470588,-0.923529411764704,-0.917647058823527,-0.911764705882351,
-0.905882352941174,-0.899999999999998,-0.894117647058821,-0.888235294117645,
-0.882352941176469,-0.876470588235292,-0.870588235294116,-0.864705882352939,
-0.858823529411763,-0.852941176470586,-0.84705882352941,-0.841176470588233,
-0.835294117647057,-0.829411764705881,-0.823529411764704,-0.817647058823528,
-0.811764705882351,-0.805882352941175,-0.799999999999998,-0.794117647058822,
-0.788235294117645,-0.782352941176469,-0.776470588235292,-0.770588235294116,
-0.76470588235294,-0.758823529411763,-0.752941176470587,-0.74705882352941,
-0.741176470588234,-0.735294117647057,-0.729411764705881,-0.723529411764704,
-0.717647058823528,-0.711764705882352,-0.705882352941175,-0.699999999999999,
-0.694117647058822,-0.688235294117646,-0.682352941176469,-0.676470588235293,
-0.670588235294116,-0.66470588235294,-0.658823529411763,-0.652941176470587,
-0.647058823529411,-0.641176470588234,-0.635294117647058,-0.629411764705881,
-0.623529411764705,-0.617647058823528,-0.611764705882352,-0.605882352941175,
-0.599999999999999,-0.594117647058823,-0.588235294117646,-0.58235294117647,
-0.576470588235293,-0.570588235294117,-0.56470588235294,-0.558823529411764,
-0.552941176470587,-0.547058823529411,-0.541176470588234,-0.535294117647058,
-0.529411764705882,-0.523529411764705,-0.517647058823529,-0.511764705882352,
-0.505882352941176,-0.499999999999999,-0.494117647058823,-0.488235294117646,
-0.48235294117647,-0.476470588235294,-0.470588235294117,-0.464705882352941,
-0.458823529411764,-0.452941176470588,-0.447058823529411,-0.441176470588235,
-0.435294117647058,-0.429411764705882,-0.423529411764705,-0.417647058823529,
-0.411764705882353,-0.405882352941176,-0.4,-0.394117647058823,-0.388235294117647,
-0.38235294117647,-0.376470588235294,-0.370588235294117,-0.364705882352941,
-0.358823529411765,-0.352941176470588,-0.347058823529412,-0.341176470588235,
-0.335294117647059,-0.329411764705882,-0.323529411764706,-0.317647058823529,
-0.311764705882353,-0.305882352941176,-0.3,-0.294117647058824,-0.288235294117647,
-0.282352941176471,-0.276470588235294,-0.270588235294118,-0.264705882352941,
-0.258823529411765,-0.252941176470588,-0.247058823529412,-0.241176470588235,
-0.235294117647059,-0.229411764705883,-0.223529411764706,-0.21764705882353,
-0.211764705882353,-0.205882352941177,-0.2,-0.194117647058824,-0.188235294117647,
-0.182352941176471,-0.176470588235294,-0.170588235294118,-0.164705882352941,
-0.158823529411765,-0.152941176470588,-0.147058823529412,-0.141176470588235,
-0.135294117647059,-0.129411764705882,-0.123529411764706,-0.117647058823529,
-0.111764705882353,-0.105882352941177,-0.1,-0.0941176470588236,-0.0882352941176471,
-0.0823529411764706,-0.0764705882352941,-0.0705882352941176,-0.0647058823529412,
-0.0588235294117647,-0.0529411764705882,-0.0470588235294118,-0.0411764705882353,
-0.0352941176470588,-0.0294117647058824,-0.0235294117647059,-0.0176470588235294,
-0.0117647058823529,-0.00588235294117647,0.),.UNSPECIFIED.)
CURVE()
GEOMETRIC_REPRESENTATION_ITEM()
RATIONAL_B_SPLINE_CURVE((1.,1.,1.,1.,1.,1.,1.,1.,1.,1.,1.,1.,1.,1.,1.,1.,
1.,1.,1.,1.,1.,1.,1.,1.,1.,1.,1.,1.,1.,1.,1.,1.,1.,1.,1.,1.,1.,1.,1.,1.,
1.,1.,1.,1.,1.,1.,1.,1.,1.,1.,1.,1.,1.,1.,1.,1.,1.,1.,1.,1.,1.,1.,1.,1.,
1.,1.,1.,1.,1.,1.,1.,1.,1.,1.,1.,1.,1.,1.,1.,1.,1.,1.,1.,1.,1.,1.,1.,1.,
1.,1.,1.,1.,1.,1.,1.,1.,1.,1.,1.,1.,1.,1.,1.,1.,1.,1.,1.,1.,1.,1.,1.,1.,
1.,1.,1.,1.,1.,1.,1.,1.,1.,1.,1.,1.,1.,1.,1.,1.,1.,1.,1.,1.,1.,1.,1.,1.,
1.,1.,1.,1.,1.,1.,1.,1.,1.,1.,1.,1.,1.,1.,1.,1.,1.,1.,1.,1.,1.,1.,1.,1.,
1.,1.,1.,1.,1.,1.,1.,1.,1.,1.,1.,1.,1.,1.,1.))
REPRESENTATION_ITEM('')
);
#56=(
BOUNDED_CURVE()
B_SPLINE_CURVE(5,(#8289,#8290,#8291,#8292,#8293,#8294,#8295,#8296,#8297,
#8298,#8299,#8300,#8301,#8302,#8303,#8304,#8305,#8306,#8307,#8308,#8309,
#8310,#8311,#8312,#8313,#8314,#8315,#8316,#8317,#8318,#8319,#8320,#8321,
#8322,#8323,#8324,#8325,#8326,#8327,#8328,#8329,#8330,#8331,#8332,#8333,
#8334,#8335,#8336,#8337,#8338,#8339,#8340,#8341,#8342,#8343,#8344,#8345,
#8346,#8347,#8348,#8349,#8350,#8351,#8352,#8353,#8354,#8355,#8356,#8357,
#8358,#8359,#8360,#8361,#8362,#8363,#8364,#8365,#8366,#8367,#8368,#8369,
#8370,#8371,#8372,#8373,#8374,#8375,#8376,#8377,#8378,#8379,#8380,#8381,
#8382,#8383,#8384,#8385,#8386,#8387,#8388,#8389,#8390,#8391,#8392,#8393,
#8394,#8395,#8396,#8397,#8398,#8399,#8400,#8401,#8402,#8403,#8404,#8405,
#8406,#8407,#8408,#8409,#8410,#8411,#8412,#8413,#8414,#8415,#8416,#8417,
#8418,#8419,#8420,#8421,#8422,#8423,#8424,#8425,#8426,#8427,#8428,#8429,
#8430,#8431,#8432,#8433,#8434,#8435,#8436,#8437,#8438,#8439,#8440,#8441,
#8442,#8443,#8444,#8445,#8446,#8447,#8448,#8449,#8450,#8451,#8452,#8453,
#8454,#8455,#8456,#8457,#8458,#8459,#8460,#8461,#8462,#8463,#8464,#8465,
#8466,#8467,#8468,#8469,#8470,#8471,#8472,#8473,#8474,#8475,#8476,#8477,
#8478,#8479,#8480,#8481,#8482,#8483,#8484,#8485,#8486,#8487,#8488,#8489,
#8490,#8491,#8492,#8493,#8494,#8495,#8496,#8497,#8498,#8499,#8500,#8501,
#8502,#8503,#8504,#8505,#8506,#8507,#8508,#8509,#8510,#8511,#8512,#8513,
#8514,#8515,#8516,#8517,#8518,#8519,#8520,#8521,#8522,#8523,#8524,#8525,
#8526,#8527,#8528,#8529,#8530,#8531,#8532,#8533,#8534,#8535,#8536,#8537,
#8538,#8539,#8540,#8541,#8542,#8543,#8544,#8545,#8546,#8547,#8548,#8549,
#8550,#8551,#8552,#8553,#8554,#8555,#8556,#8557,#8558,#8559,#8560,#8561,
#8562,#8563,#8564,#8565,#8566,#8567,#8568,#8569,#8570,#8571,#8572,#8573,
#8574,#8575,#8576,#8577,#8578,#8579,#8580,#8581,#8582,#8583,#8584,#8585,
#8586,#8587,#8588,#8589,#8590,#8591,#8592,#8593,#8594,#8595,#8596,#8597,
#8598,#8599,#8600,#8601,#8602,#8603,#8604,#8605,#8606,#8607,#8608,#8609,
#8610,#8611,#8612,#8613,#8614,#8615,#8616,#8617,#8618,#8619,#8620,#8621,
#8622,#8623,#8624,#8625,#8626,#8627,#8628,#8629,#8630,#8631),
 .UNSPECIFIED.,.F.,.F.)
B_SPLINE_CURVE_WITH_KNOTS((6,1,1,1,1,1,1,1,1,1,1,1,1,1,1,1,1,1,1,1,1,1,
1,1,1,1,1,1,1,1,1,1,1,1,1,1,1,1,1,1,1,1,1,1,1,1,1,1,1,1,1,1,1,1,1,1,1,1,
1,1,1,1,1,1,1,1,1,1,1,1,1,1,1,1,1,1,1,1,1,1,1,1,1,1,1,1,1,1,1,1,1,1,1,1,
1,1,1,1,1,1,1,1,1,1,1,1,1,1,1,1,1,1,1,1,1,1,1,1,1,1,1,1,1,1,1,1,1,1,1,1,
1,1,1,1,1,1,1,1,1,1,1,1,1,1,1,1,1,1,1,1,1,1,1,1,1,1,1,1,1,1,1,1,1,1,1,1,
1,1,1,1,1,1,1,1,1,1,1,1,1,1,1,1,1,1,1,1,1,1,1,1,1,1,1,1,1,1,1,1,1,1,1,1,
1,1,1,1,1,1,1,1,1,1,1,1,1,1,1,1,1,1,1,1,1,1,1,1,1,1,1,1,1,1,1,1,1,1,1,1,
1,1,1,1,1,1,1,1,1,1,1,1,1,1,1,1,1,1,1,1,1,1,1,1,1,1,1,1,1,1,1,1,1,1,1,1,
1,1,1,1,1,1,1,1,1,1,1,1,1,1,1,1,1,1,1,1,1,1,1,1,1,1,1,1,1,1,1,1,1,1,1,1,
1,1,1,1,1,1,1,1,1,1,1,1,1,1,1,1,1,1,1,1,1,1,1,1,1,1,1,1,6),(-0.944667030212178,
-0.942105263157897,-0.939473684210529,-0.93684210526316,-0.934210526315792,
-0.931578947368423,-0.928947368421055,-0.926315789473687,-0.923684210526318,
-0.92105263157895,-0.918421052631581,-0.915789473684213,-0.913157894736844,
-0.910526315789476,-0.907894736842108,-0.905263157894739,-0.902631578947371,
-0.900000000000002,-0.897368421052634,-0.894736842105265,-0.892105263157897,
-0.889473684210529,-0.88684210526316,-0.884210526315792,-0.881578947368423,
-0.878947368421055,-0.876315789473686,-0.873684210526318,-0.87105263157895,
-0.868421052631581,-0.865789473684213,-0.863157894736844,-0.860526315789476,
-0.857894736842107,-0.855263157894739,-0.852631578947371,-0.850000000000002,
-0.847368421052634,-0.844736842105265,-0.842105263157897,-0.839473684210528,
-0.83684210526316,-0.834210526315792,-0.831578947368423,-0.828947368421055,
-0.826315789473686,-0.823684210526318,-0.821052631578949,-0.818421052631581,
-0.815789473684213,-0.813157894736844,-0.810526315789476,-0.807894736842107,
-0.805263157894739,-0.80263157894737,-0.800000000000002,-0.797368421052634,
-0.794736842105265,-0.792105263157897,-0.789473684210528,-0.78684210526316,
-0.784210526315791,-0.781578947368423,-0.778947368421054,-0.776315789473686,
-0.773684210526318,-0.771052631578949,-0.768421052631581,-0.765789473684212,
-0.763157894736844,-0.760526315789475,-0.757894736842107,-0.755263157894739,
-0.75263157894737,-0.750000000000002,-0.747368421052633,-0.744736842105265,
-0.742105263157896,-0.739473684210528,-0.73684210526316,-0.734210526315791,
-0.731578947368423,-0.728947368421054,-0.726315789473686,-0.723684210526317,
-0.721052631578949,-0.718421052631581,-0.715789473684212,-0.713157894736844,
-0.710526315789475,-0.707894736842107,-0.705263157894738,-0.70263157894737,
-0.700000000000002,-0.697368421052633,-0.694736842105265,-0.692105263157896,
-0.689473684210528,-0.686842105263159,-0.684210526315791,-0.681578947368423,
-0.678947368421054,-0.676315789473686,-0.673684210526317,-0.671052631578949,
-0.66842105263158,-0.665789473684212,-0.663157894736844,-0.660526315789475,
-0.657894736842107,-0.655263157894738,-0.65263157894737,-0.650000000000001,
-0.647368421052633,-0.644736842105265,-0.642105263157896,-0.639473684210528,
-0.636842105263159,-0.634210526315791,-0.631578947368422,-0.628947368421054,
-0.626315789473686,-0.623684210526317,-0.621052631578949,-0.61842105263158,
-0.615789473684212,-0.613157894736843,-0.610526315789475,-0.607894736842107,
-0.605263157894738,-0.60263157894737,-0.600000000000001,-0.597368421052633,
-0.594736842105264,-0.592105263157896,-0.589473684210528,-0.586842105263159,
-0.584210526315791,-0.581578947368422,-0.578947368421054,-0.576315789473685,
-0.573684210526317,-0.571052631578949,-0.56842105263158,-0.565789473684212,
-0.563157894736843,-0.560526315789475,-0.557894736842106,-0.555263157894738,
-0.55263157894737,-0.550000000000001,-0.547368421052633,-0.544736842105264,
-0.542105263157896,-0.539473684210527,-0.536842105263159,-0.534210526315791,
-0.531578947368422,-0.528947368421054,-0.526315789473685,-0.523684210526317,
-0.521052631578948,-0.51842105263158,-0.515789473684212,-0.513157894736843,
-0.510526315789475,-0.507894736842106,-0.505263157894738,-0.502631578947369,
-0.500000000000001,-0.497368421052633,-0.494736842105264,-0.492105263157896,
-0.489473684210527,-0.486842105263159,-0.48421052631579,-0.481578947368422,
-0.478947368421054,-0.476315789473685,-0.473684210526317,-0.471052631578948,
-0.46842105263158,-0.465789473684211,-0.463157894736843,-0.460526315789475,
-0.457894736842106,-0.455263157894738,-0.452631578947369,-0.450000000000001,
-0.447368421052632,-0.444736842105264,-0.442105263157896,-0.439473684210527,
-0.436842105263159,-0.43421052631579,-0.431578947368422,-0.428947368421053,
-0.426315789473685,-0.423684210526317,-0.421052631578948,-0.41842105263158,
-0.415789473684211,-0.413157894736843,-0.410526315789474,-0.407894736842106,
-0.405263157894738,-0.402631578947369,-0.400000000000001,-0.397368421052632,
-0.394736842105264,-0.392105263157895,-0.389473684210527,-0.386842105263159,
-0.38421052631579,-0.381578947368422,-0.378947368421053,-0.376315789473685,
-0.373684210526316,-0.371052631578948,-0.36842105263158,-0.365789473684211,
-0.363157894736843,-0.360526315789474,-0.357894736842106,-0.355263157894737,
-0.352631578947369,-0.350000000000001,-0.347368421052632,-0.344736842105264,
-0.342105263157895,-0.339473684210527,-0.336842105263158,-0.33421052631579,
-0.331578947368422,-0.328947368421053,-0.326315789473685,-0.323684210526316,
-0.321052631578948,-0.318421052631579,-0.315789473684211,-0.313157894736843,
-0.310526315789474,-0.307894736842106,-0.305263157894737,-0.302631578947369,
-0.3,-0.297368421052632,-0.294736842105264,-0.292105263157895,-0.289473684210527,
-0.286842105263158,-0.28421052631579,-0.281578947368421,-0.278947368421053,
-0.276315789473685,-0.273684210526316,-0.271052631578948,-0.268421052631579,
-0.265789473684211,-0.263157894736842,-0.260526315789474,-0.257894736842106,
-0.255263157894737,-0.252631578947369,-0.25,-0.247368421052632,-0.244736842105263,
-0.242105263157895,-0.239473684210527,-0.236842105263158,-0.23421052631579,
-0.231578947368421,-0.228947368421053,-0.226315789473684,-0.223684210526316,
-0.221052631578948,-0.218421052631579,-0.215789473684211,-0.213157894736842,
-0.210526315789474,-0.207894736842105,-0.205263157894737,-0.202631578947369,
-0.2,-0.197368421052632,-0.194736842105263,-0.192105263157895,-0.189473684210526,
-0.186842105263158,-0.18421052631579,-0.181578947368421,-0.178947368421053,
-0.176315789473684,-0.173684210526316,-0.171052631578947,-0.168421052631579,
-0.165789473684211,-0.163157894736842,-0.160526315789474,-0.157894736842105,
-0.155263157894737,-0.152631578947368,-0.15,-0.147368421052632,-0.144736842105263,
-0.142105263157895,-0.139473684210526,-0.136842105263158,-0.134210526315789,
-0.131578947368421,-0.128947368421053,-0.126315789473684,-0.123684210526316,
-0.121052631578947,-0.118421052631579,-0.11578947368421,-0.113157894736842,
-0.110526315789474,-0.107894736842105,-0.105263157894737,-0.102631578947368,
-0.0999999999999999,-0.0973684210526315,-0.0947368421052631,-0.0921052631578947,
-0.0894736842105263,-0.0868421052631579,-0.0842105263157894,-0.081578947368421,
-0.0789473684210526,-0.0763157894736842,-0.0736842105263158,-0.0710526315789474,
-0.068421052631579,-0.0657894736842105,-0.0631578947368421,-0.0605263157894737,
-0.0578947368421053,-0.0559390246577379),.UNSPECIFIED.)
CURVE()
GEOMETRIC_REPRESENTATION_ITEM()
RATIONAL_B_SPLINE_CURVE((1.,1.,1.,1.,1.,1.,1.,1.,1.,1.,1.,1.,1.,1.,1.,1.,
1.,1.,1.,1.,1.,1.,1.,1.,1.,1.,1.,1.,1.,1.,1.,1.,1.,1.,1.,1.,1.,1.,1.,1.,
1.,1.,1.,1.,1.,1.,1.,1.,1.,1.,1.,1.,1.,1.,1.,1.,1.,1.,1.,1.,1.,1.,1.,1.,
1.,1.,1.,1.,1.,1.,1.,1.,1.,1.,1.,1.,1.,1.,1.,1.,1.,1.,1.,1.,1.,1.,1.,1.,
1.,1.,1.,1.,1.,1.,1.,1.,1.,1.,1.,1.,1.,1.,1.,1.,1.,1.,1.,1.,1.,1.,1.,1.,
1.,1.,1.,1.,1.,1.,1.,1.,1.,1.,1.,1.,1.,1.,1.,1.,1.,1.,1.,1.,1.,1.,1.,1.,
1.,1.,1.,1.,1.,1.,1.,1.,1.,1.,1.,1.,1.,1.,1.,1.,1.,1.,1.,1.,1.,1.,1.,1.,
1.,1.,1.,1.,1.,1.,1.,1.,1.,1.,1.,1.,1.,1.,1.,1.,1.,1.,1.,1.,1.,1.,1.,1.,
1.,1.,1.,1.,1.,1.,1.,1.,1.,1.,1.,1.,1.,1.,1.,1.,1.,1.,1.,1.,1.,1.,1.,1.,
1.,1.,1.,1.,1.,1.,1.,1.,1.,1.,1.,1.,1.,1.,1.,1.,1.,1.,1.,1.,1.,1.,1.,1.,
1.,1.,1.,1.,1.,1.,1.,1.,1.,1.,1.,1.,1.,1.,1.,1.,1.,1.,1.,1.,1.,1.,1.,1.,
1.,1.,1.,1.,1.,1.,1.,1.,1.,1.,1.,1.,1.,1.,1.,1.,1.,1.,1.,1.,1.,1.,1.,1.,
1.,1.,1.,1.,1.,1.,1.,1.,1.,1.,1.,1.,1.,1.,1.,1.,1.,1.,1.,1.,1.,1.,1.,1.,
1.,1.,1.,1.,1.,1.,1.,1.,1.,1.,1.,1.,1.,1.,1.,1.,1.,1.,1.,1.,1.,1.,1.,1.,
1.,1.,1.,1.,1.,1.,1.,1.,1.,1.,1.,1.,1.,1.,1.))
REPRESENTATION_ITEM('')
);
#57=VERTEX_POINT('',#152);
#58=VERTEX_POINT('',#153);
#59=VERTEX_POINT('',#4215);
#60=VERTEX_POINT('',#4216);
#61=VERTEX_POINT('',#4560);
#62=VERTEX_POINT('',#4565);
#63=VERTEX_POINT('',#4665);
#64=VERTEX_POINT('',#4666);
#65=VERTEX_POINT('',#8287);
#66=VERTEX_POINT('',#8288);
#67=VERTEX_POINT('',#8639);
#68=VERTEX_POINT('',#8644);
#69=EDGE_CURVE('',#57,#58,#53,.T.);
#70=EDGE_CURVE('',#58,#57,#45,.T.);
#71=EDGE_CURVE('',#59,#60,#54,.T.);
#72=EDGE_CURVE('',#59,#61,#17,.T.);
#73=EDGE_CURVE('',#61,#62,#18,.T.);
#74=EDGE_CURVE('',#62,#57,#19,.T.);
#75=EDGE_CURVE('',#60,#58,#20,.T.);
#76=EDGE_CURVE('',#60,#59,#46,.T.);
#77=EDGE_CURVE('',#63,#64,#55,.T.);
#78=EDGE_CURVE('',#64,#63,#47,.T.);
#79=EDGE_CURVE('',#65,#66,#56,.T.);
#80=EDGE_CURVE('',#66,#64,#21,.T.);
#81=EDGE_CURVE('',#67,#63,#22,.T.);
#82=EDGE_CURVE('',#68,#67,#23,.T.);
#83=EDGE_CURVE('',#65,#68,#24,.T.);
#84=EDGE_CURVE('',#66,#65,#48,.T.);
#85=ORIENTED_EDGE('',*,*,#69,.F.);
#86=ORIENTED_EDGE('',*,*,#70,.F.);
#87=ORIENTED_EDGE('',*,*,#71,.F.);
#88=ORIENTED_EDGE('',*,*,#72,.T.);
#89=ORIENTED_EDGE('',*,*,#73,.T.);
#90=ORIENTED_EDGE('',*,*,#74,.T.);
#91=ORIENTED_EDGE('',*,*,#69,.T.);
#92=ORIENTED_EDGE('',*,*,#75,.F.);
#93=ORIENTED_EDGE('',*,*,#76,.F.);
#94=ORIENTED_EDGE('',*,*,#75,.T.);
#95=ORIENTED_EDGE('',*,*,#70,.T.);
#96=ORIENTED_EDGE('',*,*,#74,.F.);
#97=ORIENTED_EDGE('',*,*,#73,.F.);
#98=ORIENTED_EDGE('',*,*,#72,.F.);
#99=ORIENTED_EDGE('',*,*,#71,.T.);
#100=ORIENTED_EDGE('',*,*,#76,.T.);
#101=ORIENTED_EDGE('',*,*,#77,.T.);
#102=ORIENTED_EDGE('',*,*,#78,.T.);
#103=ORIENTED_EDGE('',*,*,#79,.T.);
#104=ORIENTED_EDGE('',*,*,#80,.T.);
#105=ORIENTED_EDGE('',*,*,#77,.F.);
#106=ORIENTED_EDGE('',*,*,#81,.F.);
#107=ORIENTED_EDGE('',*,*,#82,.F.);
#108=ORIENTED_EDGE('',*,*,#83,.F.);
#109=ORIENTED_EDGE('',*,*,#84,.T.);
#110=ORIENTED_EDGE('',*,*,#83,.T.);
#111=ORIENTED_EDGE('',*,*,#82,.T.);
#112=ORIENTED_EDGE('',*,*,#81,.T.);
#113=ORIENTED_EDGE('',*,*,#78,.F.);
#114=ORIENTED_EDGE('',*,*,#80,.F.);
#115=ORIENTED_EDGE('',*,*,#79,.F.);
#116=ORIENTED_EDGE('',*,*,#84,.F.);
#117=PLANE('',#132);
#118=PLANE('',#133);
#119=PLANE('',#134);
#120=PLANE('',#135);
#121=ADVANCED_FACE('',(#29),#117,.F.);
#122=ADVANCED_FACE('',(#30),#25,.F.);
#123=ADVANCED_FACE('',(#31),#26,.F.);
#124=ADVANCED_FACE('',(#32),#118,.T.);
#125=ADVANCED_FACE('',(#33),#119,.T.);
#126=ADVANCED_FACE('',(#34),#27,.T.);
#127=ADVANCED_FACE('',(#35),#28,.T.);
#128=ADVANCED_FACE('',(#36),#120,.F.);
#129=CLOSED_SHELL('',(#121,#122,#123,#124));
#130=CLOSED_SHELL('',(#125,#126,#127,#128));
#131=AXIS2_PLACEMENT_3D('',#150,#136,#137);
#132=AXIS2_PLACEMENT_3D('',#151,#138,#139);
#133=AXIS2_PLACEMENT_3D('',#4663,#142,#143);
#134=AXIS2_PLACEMENT_3D('',#4664,#144,#145);
#135=AXIS2_PLACEMENT_3D('',#8735,#148,#149);
#136=DIRECTION('axis',(0.,0.,1.));
#137=DIRECTION('refdir',(1.,0.,0.));
#138=DIRECTION('center_axis',(-8.20866495676392E-15,0.00349065141521991,
-0.99999390765779));
#139=DIRECTION('ref_axis',(-1.,0.,8.20871496706461E-15));
#140=DIRECTION('',(1.,4.33680868994202E-19,-6.12303176911189E-17));
#141=DIRECTION('',(0.,0.,-1.));
#142=DIRECTION('center_axis',(-1.,-5.61661073240691E-16,1.26973497420089E-14));
#143=DIRECTION('ref_axis',(1.26973497420089E-14,0.,1.));
#144=DIRECTION('center_axis',(1.71898009400946E-14,-0.00349065141521991,
0.99999390765779));
#145=DIRECTION('ref_axis',(1.,1.12332214648138E-15,-1.71859845169531E-14));
#146=DIRECTION('',(-1.,-1.12288846561239E-15,2.53334691663266E-14));
#147=DIRECTION('',(-2.53946994840177E-14,-1.42632141668182E-29,-1.));
#148=DIRECTION('center_axis',(-1.,-5.61661073240691E-16,1.26973497420089E-14));
#149=DIRECTION('ref_axis',(1.26973497420089E-14,0.,1.));
#150=CARTESIAN_POINT('',(0.,0.,0.));
#151=CARTESIAN_POINT('Origin',(1151.00000000164,334.584173649053,117.664090467739));
#152=CARTESIAN_POINT('',(1151.03315,342.280629208777,117.690956274907));
#153=CARTESIAN_POINT('',(1150.96685,342.280629208777,117.690956274907));
#154=CARTESIAN_POINT('Ctrl Pts',(1151.03315,342.280629208777,117.690956274907));
#155=CARTESIAN_POINT('Ctrl Pts',(1151.04163434006,342.245544670624,117.690833806268));
#156=CARTESIAN_POINT('Ctrl Pts',(1151.05839389929,342.176147284112,117.690591562707));
#157=CARTESIAN_POINT('Ctrl Pts',(1151.08290584832,342.074366399846,117.690236278955));
#158=CARTESIAN_POINT('Ctrl Pts',(1151.11433383219,341.943288112622,117.689778727558));
#159=CARTESIAN_POINT('Ctrl Pts',(1151.15159765498,341.78682554892,117.689232567961));
#160=CARTESIAN_POINT('Ctrl Pts',(1151.18705503056,341.636733335448,117.688708645172));
#161=CARTESIAN_POINT('Ctrl Pts',(1151.22112821123,341.491015363988,117.68819999143));
#162=CARTESIAN_POINT('Ctrl Pts',(1151.25453868783,341.346262873574,117.687694707866));
#163=CARTESIAN_POINT('Ctrl Pts',(1151.28831226613,341.197625209001,117.687175862431));
#164=CARTESIAN_POINT('Ctrl Pts',(1151.32354984378,341.039869625991,117.686625189327));
#165=CARTESIAN_POINT('Ctrl Pts',(1151.36123056791,340.868289580866,117.686026259551));
#166=CARTESIAN_POINT('Ctrl Pts',(1151.4020232432,340.679577168048,117.685367526286));
#167=CARTESIAN_POINT('Ctrl Pts',(1151.44604257526,340.47294573283,117.68464624358));
#168=CARTESIAN_POINT('Ctrl Pts',(1151.49284630368,340.250157215798,117.68386856179));
#169=CARTESIAN_POINT('Ctrl Pts',(1151.5416337418,340.014633374418,117.683046425151));
#170=CARTESIAN_POINT('Ctrl Pts',(1151.59138657006,339.770829676196,117.682195386242));
#171=CARTESIAN_POINT('Ctrl Pts',(1151.64103344461,339.523500916999,117.681332042499));
#172=CARTESIAN_POINT('Ctrl Pts',(1151.68960404205,339.277014779606,117.680471640073));
#173=CARTESIAN_POINT('Ctrl Pts',(1151.73638845228,339.034641372279,117.679625593841));
#174=CARTESIAN_POINT('Ctrl Pts',(1151.7810921467,338.797862133689,117.678799075021));
#175=CARTESIAN_POINT('Ctrl Pts',(1151.82374139737,338.56675032017,117.677992339328));
#176=CARTESIAN_POINT('Ctrl Pts',(1151.86459006119,338.340345087797,117.677202032768));
#177=CARTESIAN_POINT('Ctrl Pts',(1151.90402736358,338.117022694793,117.676422487392));
#178=CARTESIAN_POINT('Ctrl Pts',(1151.94248206763,337.894879835895,117.675647059383));
#179=CARTESIAN_POINT('Ctrl Pts',(1151.98033573768,337.672085819758,117.674869358397));
#180=CARTESIAN_POINT('Ctrl Pts',(1152.01781351689,337.447311928315,117.674084746315));
#181=CARTESIAN_POINT('Ctrl Pts',(1152.05495691024,337.219879076347,117.673290852671));
#182=CARTESIAN_POINT('Ctrl Pts',(1152.09168280114,336.989609150568,117.672487055732));
#183=CARTESIAN_POINT('Ctrl Pts',(1152.12781942448,336.756755655814,117.671674240399));
#184=CARTESIAN_POINT('Ctrl Pts',(1152.16315165325,336.521902099452,117.670854443506));
#185=CARTESIAN_POINT('Ctrl Pts',(1152.19746243677,336.2858742923,117.670030547687));
#186=CARTESIAN_POINT('Ctrl Pts',(1152.23057552911,336.049646688189,117.669205954443));
#187=CARTESIAN_POINT('Ctrl Pts',(1152.26239867194,335.814251525165,117.668384266978));
#188=CARTESIAN_POINT('Ctrl Pts',(1152.29290301886,335.580646855853,117.66756882954));
#189=CARTESIAN_POINT('Ctrl Pts',(1152.32210093721,335.349581067467,117.666762254505));
#190=CARTESIAN_POINT('Ctrl Pts',(1152.35002481268,335.12146475482,117.665965975124));
#191=CARTESIAN_POINT('Ctrl Pts',(1152.37670456451,334.896225564405,117.665179738836));
#192=CARTESIAN_POINT('Ctrl Pts',(1152.40214774496,334.673202495692,117.664401238302));
#193=CARTESIAN_POINT('Ctrl Pts',(1152.42631352122,334.450943589246,117.663625405209));
#194=CARTESIAN_POINT('Ctrl Pts',(1152.4491086083,334.227352213314,117.662844920902));
#195=CARTESIAN_POINT('Ctrl Pts',(1152.4704069412,334.000210816331,117.662052044632));
#196=CARTESIAN_POINT('Ctrl Pts',(1152.49006305121,333.767604625017,117.661240092555));
#197=CARTESIAN_POINT('Ctrl Pts',(1152.50792800193,333.528386144347,117.660405059139));
#198=CARTESIAN_POINT('Ctrl Pts',(1152.52386423215,333.282622426721,117.659547178444));
#199=CARTESIAN_POINT('Ctrl Pts',(1152.53776086047,333.032049796422,117.658672511409));
#200=CARTESIAN_POINT('Ctrl Pts',(1152.54954883018,332.780526747524,117.657794526773));
#201=CARTESIAN_POINT('Ctrl Pts',(1152.55919385119,332.533156663705,117.656931038779));
#202=CARTESIAN_POINT('Ctrl Pts',(1152.56668913039,332.295392851146,117.656101083134));
#203=CARTESIAN_POINT('Ctrl Pts',(1152.57204842156,332.07217689117,117.655321909281));
#204=CARTESIAN_POINT('Ctrl Pts',(1152.57529842208,331.867002687318,117.654605713292));
#205=CARTESIAN_POINT('Ctrl Pts',(1152.57647267454,331.681152295138,117.653956970405));
#206=CARTESIAN_POINT('Ctrl Pts',(1152.57560180527,331.512510068789,117.653368295593));
#207=CARTESIAN_POINT('Ctrl Pts',(1152.57271746002,331.355968194711,117.652821859149));
#208=CARTESIAN_POINT('Ctrl Pts',(1152.56786766847,331.205245080008,117.65229573409));
#209=CARTESIAN_POINT('Ctrl Pts',(1152.561130496,331.054355319142,117.651769027324));
#210=CARTESIAN_POINT('Ctrl Pts',(1152.55262517922,330.899123801729,117.651227164907));
#211=CARTESIAN_POINT('Ctrl Pts',(1152.54253289424,330.73894050374,117.650668017445));
#212=CARTESIAN_POINT('Ctrl Pts',(1152.53102132877,330.57572849956,117.65009829776));
#213=CARTESIAN_POINT('Ctrl Pts',(1152.5181491618,330.412408972747,117.64952820275));
#214=CARTESIAN_POINT('Ctrl Pts',(1152.50378589311,330.251614539202,117.648966922013));
#215=CARTESIAN_POINT('Ctrl Pts',(1152.48750602093,330.094135383613,117.648417213827));
#216=CARTESIAN_POINT('Ctrl Pts',(1152.46855074037,329.937961914119,117.647872063363));
#217=CARTESIAN_POINT('Ctrl Pts',(1152.44609667621,329.779984521528,117.647320615995));
#218=CARTESIAN_POINT('Ctrl Pts',(1152.41950022027,329.617447075097,117.646753250971));
#219=CARTESIAN_POINT('Ctrl Pts',(1152.38851922944,329.449295656487,117.646166289407));
#220=CARTESIAN_POINT('Ctrl Pts',(1152.35362219252,329.278056053892,117.645568548005));
#221=CARTESIAN_POINT('Ctrl Pts',(1152.31595801078,329.109616055177,117.644980579103));
#222=CARTESIAN_POINT('Ctrl Pts',(1152.27696449222,328.95083069561,117.644426311386));
#223=CARTESIAN_POINT('Ctrl Pts',(1152.23807221943,328.807612528269,117.643926383642));
#224=CARTESIAN_POINT('Ctrl Pts',(1152.20037255472,328.683038773006,117.643491537437));
#225=CARTESIAN_POINT('Ctrl Pts',(1152.16429203827,328.574901470947,117.643114065511));
#226=CARTESIAN_POINT('Ctrl Pts',(1152.12936674079,328.477150737937,117.642772849698));
#227=CARTESIAN_POINT('Ctrl Pts',(1152.09412347788,328.382431214302,117.642442214844));
#228=CARTESIAN_POINT('Ctrl Pts',(1152.0557928043,328.284432432388,117.642100133173));
#229=CARTESIAN_POINT('Ctrl Pts',(1152.01050876695,328.179782762702,117.64173483543));
#230=CARTESIAN_POINT('Ctrl Pts',(1151.95540476847,328.068155466997,117.641345181079));
#231=CARTESIAN_POINT('Ctrl Pts',(1151.89003930964,327.952464983369,117.640941343468));
#232=CARTESIAN_POINT('Ctrl Pts',(1151.81887941717,327.839561168654,117.640547233206));
#233=CARTESIAN_POINT('Ctrl Pts',(1151.74911089499,327.73786175908,117.640192233855));
#234=CARTESIAN_POINT('Ctrl Pts',(1151.68631942494,327.653486868477,117.63989770873));
#235=CARTESIAN_POINT('Ctrl Pts',(1151.63092544637,327.586963149554,117.639665496201));
#236=CARTESIAN_POINT('Ctrl Pts',(1151.57409894123,327.52945386537,117.639464750114));
#237=CARTESIAN_POINT('Ctrl Pts',(1151.50352136882,327.470164612025,117.639257790737));
#238=CARTESIAN_POINT('Ctrl Pts',(1151.40934043176,327.403982051144,117.63902676908));
#239=CARTESIAN_POINT('Ctrl Pts',(1151.2900904351,327.339089474693,117.638800250336));
#240=CARTESIAN_POINT('Ctrl Pts',(1151.15062511069,327.290167476785,117.638629479654));
#241=CARTESIAN_POINT('Ctrl Pts',(1151.00000000639,327.271508841318,117.638564348465));
#242=CARTESIAN_POINT('Ctrl Pts',(1150.84937487554,327.290167476787,117.638629479655));
#243=CARTESIAN_POINT('Ctrl Pts',(1150.70990950109,327.339089474695,117.638800250336));
#244=CARTESIAN_POINT('Ctrl Pts',(1150.59065948625,327.403982051146,117.63902676908));
#245=CARTESIAN_POINT('Ctrl Pts',(1150.49647861072,327.470164612025,117.639257790737));
#246=CARTESIAN_POINT('Ctrl Pts',(1150.42590118631,327.529453865368,117.639464750114));
#247=CARTESIAN_POINT('Ctrl Pts',(1150.36907484834,327.586963149552,117.639665496201));
#248=CARTESIAN_POINT('Ctrl Pts',(1150.31368096746,327.653486868477,117.63989770873));
#249=CARTESIAN_POINT('Ctrl Pts',(1150.2508894685,327.737861759081,117.640192233855));
#250=CARTESIAN_POINT('Ctrl Pts',(1150.18112081657,327.839561168656,117.640547233206));
#251=CARTESIAN_POINT('Ctrl Pts',(1150.10996076161,327.952464983371,117.640941343468));
#252=CARTESIAN_POINT('Ctrl Pts',(1150.04459518287,328.068155466996,117.641345181079));
#253=CARTESIAN_POINT('Ctrl Pts',(1149.98949114634,328.179782762698,117.64173483543));
#254=CARTESIAN_POINT('Ctrl Pts',(1149.94420713625,328.284432432382,117.642100133173));
#255=CARTESIAN_POINT('Ctrl Pts',(1149.9058765158,328.382431214301,117.642442214844));
#256=CARTESIAN_POINT('Ctrl Pts',(1149.87063328965,328.477150737941,117.642772849698));
#257=CARTESIAN_POINT('Ctrl Pts',(1149.83570799756,328.574901470954,117.643114065511));
#258=CARTESIAN_POINT('Ctrl Pts',(1149.7996274629,328.683038773013,117.643491537437));
#259=CARTESIAN_POINT('Ctrl Pts',(1149.76192777366,328.807612528268,117.643926383641));
#260=CARTESIAN_POINT('Ctrl Pts',(1149.72303548514,328.9508306956,117.644426311386));
#261=CARTESIAN_POINT('Ctrl Pts',(1149.68404196377,329.109616055162,117.644980579103));
#262=CARTESIAN_POINT('Ctrl Pts',(1149.64637778994,329.278056053878,117.645568548005));
#263=CARTESIAN_POINT('Ctrl Pts',(1149.61148076572,329.449295656482,117.646166289407));
#264=CARTESIAN_POINT('Ctrl Pts',(1149.58049978576,329.617447075103,117.646753250971));
#265=CARTESIAN_POINT('Ctrl Pts',(1149.55390333501,329.779984521544,117.647320615995));
#266=CARTESIAN_POINT('Ctrl Pts',(1149.53144927024,329.937961914137,117.647872063363));
#267=CARTESIAN_POINT('Ctrl Pts',(1149.51249398514,330.094135383625,117.648417213827));
#268=CARTESIAN_POINT('Ctrl Pts',(1149.49621410733,330.251614539203,117.648966922013));
#269=CARTESIAN_POINT('Ctrl Pts',(1149.48185083455,330.412408972739,117.64952820275));
#270=CARTESIAN_POINT('Ctrl Pts',(1149.46897866611,330.575728499547,117.65009829776));
#271=CARTESIAN_POINT('Ctrl Pts',(1149.45746710155,330.738940503729,117.650668017445));
#272=CARTESIAN_POINT('Ctrl Pts',(1149.44737481886,330.899123801723,117.651227164907));
#273=CARTESIAN_POINT('Ctrl Pts',(1149.4388695045,331.054355319143,117.651769027324));
#274=CARTESIAN_POINT('Ctrl Pts',(1149.4321323336,331.205245080016,117.65229573409));
#275=CARTESIAN_POINT('Ctrl Pts',(1149.42728254242,331.355968194724,117.65282185915));
#276=CARTESIAN_POINT('Ctrl Pts',(1149.42439819656,331.512510068802,117.653368295593));
#277=CARTESIAN_POINT('Ctrl Pts',(1149.42352732609,331.681152295144,117.653956970405));
#278=CARTESIAN_POINT('Ctrl Pts',(1149.42470157731,331.867002687313,117.654605713292));
#279=CARTESIAN_POINT('Ctrl Pts',(1149.42795157692,332.072176891152,117.65532190928));
#280=CARTESIAN_POINT('Ctrl Pts',(1149.43331086769,332.295392851118,117.656101083134));
#281=CARTESIAN_POINT('Ctrl Pts',(1149.44080614699,332.533156663671,117.656931038779));
#282=CARTESIAN_POINT('Ctrl Pts',(1149.45045116849,332.780526747494,117.657794526773));
#283=CARTESIAN_POINT('Ctrl Pts',(1149.46223913889,333.032049796405,117.658672511409));
#284=CARTESIAN_POINT('Ctrl Pts',(1149.4761357679,333.282622426721,117.659547178444));
#285=CARTESIAN_POINT('Ctrl Pts',(1149.49207199862,333.528386144364,117.660405059139));
#286=CARTESIAN_POINT('Ctrl Pts',(1149.5099369496,333.767604625043,117.661240092555));
#287=CARTESIAN_POINT('Ctrl Pts',(1149.52959305963,334.000210816354,117.662052044632));
#288=CARTESIAN_POINT('Ctrl Pts',(1149.55089139236,334.227352213329,117.662844920902));
#289=CARTESIAN_POINT('Ctrl Pts',(1149.57368647916,334.450943589251,117.663625405209));
#290=CARTESIAN_POINT('Ctrl Pts',(1149.59785225514,334.67320249569,117.664401238302));
#291=CARTESIAN_POINT('Ctrl Pts',(1149.62329543537,334.896225564406,117.665179738836));
#292=CARTESIAN_POINT('Ctrl Pts',(1149.6499751871,335.121464754834,117.665965975124));
#293=CARTESIAN_POINT('Ctrl Pts',(1149.67789906257,335.349581067497,117.666762254505));
#294=CARTESIAN_POINT('Ctrl Pts',(1149.70709698099,335.580646855892,117.66756882954));
#295=CARTESIAN_POINT('Ctrl Pts',(1149.73760132799,335.814251525202,117.668384266978));
#296=CARTESIAN_POINT('Ctrl Pts',(1149.76942447089,336.049646688211,117.669205954443));
#297=CARTESIAN_POINT('Ctrl Pts',(1149.80253756324,336.2858742923,117.670030547687));
#298=CARTESIAN_POINT('Ctrl Pts',(1149.83684834672,336.52190209943,117.670854443506));
#299=CARTESIAN_POINT('Ctrl Pts',(1149.87218057544,336.756755655776,117.671674240399));
#300=CARTESIAN_POINT('Ctrl Pts',(1149.90831719873,336.989609150526,117.672487055732));
#301=CARTESIAN_POINT('Ctrl Pts',(1149.94504308962,337.219879076311,117.673290852671));
#302=CARTESIAN_POINT('Ctrl Pts',(1149.98218648301,337.447311928293,117.674084746314));
#303=CARTESIAN_POINT('Ctrl Pts',(1150.01966426229,337.672085819752,117.674869358397));
#304=CARTESIAN_POINT('Ctrl Pts',(1150.05751793241,337.894879835902,117.675647059383));
#305=CARTESIAN_POINT('Ctrl Pts',(1150.09597263651,338.117022694807,117.676422487392));
#306=CARTESIAN_POINT('Ctrl Pts',(1150.13540993895,338.340345087813,117.677202032768));
#307=CARTESIAN_POINT('Ctrl Pts',(1150.17625860278,338.566750320185,117.677992339328));
#308=CARTESIAN_POINT('Ctrl Pts',(1150.21890785345,338.797862133703,117.678799075022));
#309=CARTESIAN_POINT('Ctrl Pts',(1150.26361154783,339.03464137229,117.679625593841));
#310=CARTESIAN_POINT('Ctrl Pts',(1150.31039595796,339.277014779608,117.680471640073));
#311=CARTESIAN_POINT('Ctrl Pts',(1150.35896655527,339.523500916986,117.681332042499));
#312=CARTESIAN_POINT('Ctrl Pts',(1150.40861342968,339.770829676172,117.682195386242));
#313=CARTESIAN_POINT('Ctrl Pts',(1150.45836625784,340.014633374386,117.683046425151));
#314=CARTESIAN_POINT('Ctrl Pts',(1150.50715369594,340.250157215764,117.68386856179));
#315=CARTESIAN_POINT('Ctrl Pts',(1150.55395742444,340.472945732803,117.68464624358));
#316=CARTESIAN_POINT('Ctrl Pts',(1150.59797675668,340.679577168036,117.685367526286));
#317=CARTESIAN_POINT('Ctrl Pts',(1150.63876943219,340.868289580876,117.686026259551));
#318=CARTESIAN_POINT('Ctrl Pts',(1150.67645015654,341.039869626021,117.686625189327));
#319=CARTESIAN_POINT('Ctrl Pts',(1150.71168773432,341.197625209044,117.687175862431));
#320=CARTESIAN_POINT('Ctrl Pts',(1150.74546131257,341.346262873615,117.687694707866));
#321=CARTESIAN_POINT('Ctrl Pts',(1150.77887178891,341.491015364003,117.68819999143));
#322=CARTESIAN_POINT('Ctrl Pts',(1150.81294496914,341.636733335418,117.688708645172));
#323=CARTESIAN_POINT('Ctrl Pts',(1150.84840234427,341.786825548841,117.689232567961));
#324=CARTESIAN_POINT('Ctrl Pts',(1150.88566616679,341.943288112515,117.689778727558));
#325=CARTESIAN_POINT('Ctrl Pts',(1150.91709415077,342.074366399752,117.690236278954));
#326=CARTESIAN_POINT('Ctrl Pts',(1150.94160610014,342.176147284052,117.690591562707));
#327=CARTESIAN_POINT('Ctrl Pts',(1150.95836565973,342.245544670601,117.690833806268));
#328=CARTESIAN_POINT('Ctrl Pts',(1150.96685,342.280629208777,117.690956274907));
#329=CARTESIAN_POINT('',(1151.03315,342.280629208777,117.690956274907));
#330=CARTESIAN_POINT('Ctrl Pts',(1071.,346.195654815548,57.8368064336779));
#331=CARTESIAN_POINT('Ctrl Pts',(1074.85823453498,346.078590649159,57.8610751758555));
#332=CARTESIAN_POINT('Ctrl Pts',(1080.65952393969,345.898461895508,58.0162779094831));
#333=CARTESIAN_POINT('Ctrl Pts',(1088.36986746606,345.645589560925,58.6319703924694));
#334=CARTESIAN_POINT('Ctrl Pts',(1094.12712455029,345.448676064695,59.3409065734181));
#335=CARTESIAN_POINT('Ctrl Pts',(1099.84573501966,345.243594409436,60.3397986391582));
#336=CARTESIAN_POINT('Ctrl Pts',(1103.62362939307,345.10082132546,61.2275603725));
#337=CARTESIAN_POINT('Ctrl Pts',(1106.86294356454,344.974826021095,62.101101010416));
#338=CARTESIAN_POINT('Ctrl Pts',(1109.57395357462,344.86718870143,62.9009952123811));
#339=CARTESIAN_POINT('Ctrl Pts',(1114.90765657152,344.646192540806,64.7868423173453));
#340=CARTESIAN_POINT('Ctrl Pts',(1121.32899118776,344.361600478444,67.723757802892));
#341=CARTESIAN_POINT('Ctrl Pts',(1128.19802749081,344.023538717959,72.1924528410442));
#342=CARTESIAN_POINT('Ctrl Pts',(1134.05566168417,343.696380696995,77.6350270026432));
#343=CARTESIAN_POINT('Ctrl Pts',(1138.12378943931,343.440469655969,82.7216698586896));
#344=CARTESIAN_POINT('Ctrl Pts',(1140.95026642653,343.245872105965,87.0939086147424));
#345=CARTESIAN_POINT('Ctrl Pts',(1143.76947185024,343.038604408638,92.144753860382));
#346=CARTESIAN_POINT('Ctrl Pts',(1146.74424042904,342.788888174715,99.1797494822879));
#347=CARTESIAN_POINT('Ctrl Pts',(1148.92073821882,342.561707313967,106.812941650554));
#348=CARTESIAN_POINT('Ctrl Pts',(1150.24304349003,342.396233290783,113.01605108024));
#349=CARTESIAN_POINT('Ctrl Pts',(1150.78593104048,342.318424940594,116.132915515521));
#350=CARTESIAN_POINT('Ctrl Pts',(1151.03315,342.280629208777,117.690956274907));
#351=CARTESIAN_POINT('Ctrl Pts',(1071.,345.679515138915,57.8304466022566));
#352=CARTESIAN_POINT('Ctrl Pts',(1074.89945639469,345.564059859439,57.8546274074767));
#353=CARTESIAN_POINT('Ctrl Pts',(1080.75093297557,345.388321831227,58.0146181831491));
#354=CARTESIAN_POINT('Ctrl Pts',(1088.50825770661,345.145187118732,58.6434973426093));
#355=CARTESIAN_POINT('Ctrl Pts',(1094.29162222837,344.957500632661,59.3649655224835));
#356=CARTESIAN_POINT('Ctrl Pts',(1100.02805071843,344.763551913995,60.3782722600821));
#357=CARTESIAN_POINT('Ctrl Pts',(1103.81285688947,344.629459530326,61.2763927209585));
#358=CARTESIAN_POINT('Ctrl Pts',(1107.05623114487,344.511487903309,62.1589711685187));
#359=CARTESIAN_POINT('Ctrl Pts',(1109.76949571732,344.410921294321,62.9665246552469));
#360=CARTESIAN_POINT('Ctrl Pts',(1115.10350335964,344.205367227168,64.8675597666486));
#361=CARTESIAN_POINT('Ctrl Pts',(1121.51813399565,343.942499690235,67.8224929411091));
#362=CARTESIAN_POINT('Ctrl Pts',(1128.37078992673,343.633538044379,72.3084795235802));
#363=CARTESIAN_POINT('Ctrl Pts',(1134.20682631028,343.338115921623,77.7622610287713));
#364=CARTESIAN_POINT('Ctrl Pts',(1138.25472276627,343.110538683212,82.8521179067675));
#365=CARTESIAN_POINT('Ctrl Pts',(1141.06437076059,342.940162043695,87.2225064987544));
#366=CARTESIAN_POINT('Ctrl Pts',(1143.86474420828,342.760987574105,92.2676789908381));
#367=CARTESIAN_POINT('Ctrl Pts',(1146.81514269344,342.55112096322,99.2861198338484));
#368=CARTESIAN_POINT('Ctrl Pts',(1148.97028121484,342.369080233874,106.886038606185));
#369=CARTESIAN_POINT('Ctrl Pts',(1150.2796979024,342.241940962909,113.051217333945));
#370=CARTESIAN_POINT('Ctrl Pts',(1150.81784647719,342.184034361333,116.145069100369));
#371=CARTESIAN_POINT('Ctrl Pts',(1151.06319870437,342.156371469483,117.690522531811));
#372=CARTESIAN_POINT('Ctrl Pts',(1071.00000000089,344.615985333626,57.8099576941701));
#373=CARTESIAN_POINT('Ctrl Pts',(1074.98390815332,344.504015129452,57.8345091632738));
#374=CARTESIAN_POINT('Ctrl Pts',(1080.93831166322,344.337855126452,58.0049859017152));
#375=CARTESIAN_POINT('Ctrl Pts',(1088.79138578403,344.115992668481,58.6621662185462));
#376=CARTESIAN_POINT('Ctrl Pts',(1094.62767403803,343.948419809603,59.4103320954253));
#377=CARTESIAN_POINT('Ctrl Pts',(1100.39980577776,343.778675763757,60.4542782495296));
#378=CARTESIAN_POINT('Ctrl Pts',(1104.19811601317,343.663394787602,61.3743662099708));
#379=CARTESIAN_POINT('Ctrl Pts',(1107.44919415904,343.562777644707,62.2760951178707));
#380=CARTESIAN_POINT('Ctrl Pts',(1110.16653194905,343.477486085487,63.0998666205723));
#381=CARTESIAN_POINT('Ctrl Pts',(1115.50002068951,343.305200150251,65.0330092108538));
#382=CARTESIAN_POINT('Ctrl Pts',(1121.89950450529,343.088942081341,68.0259100695926));
#383=CARTESIAN_POINT('Ctrl Pts',(1128.7173043339,342.842046057594,72.5480340085609));
#384=CARTESIAN_POINT('Ctrl Pts',(1134.50843956836,342.613925489726,78.0247656241753));
#385=CARTESIAN_POINT('Ctrl Pts',(1138.51483585601,342.446112038202,83.1208288929412));
#386=CARTESIAN_POINT('Ctrl Pts',(1141.2902355714,342.326618968487,87.4870136636229));
#387=CARTESIAN_POINT('Ctrl Pts',(1144.0524794963,342.206309023194,92.5200657492353));
#388=CARTESIAN_POINT('Ctrl Pts',(1146.95395080553,342.079585744816,99.5039484245017));
#389=CARTESIAN_POINT('Ctrl Pts',(1149.0664433518,341.991180475933,107.03533695553));
#390=CARTESIAN_POINT('Ctrl Pts',(1150.35004014561,341.943225806594,113.122915556663));
#391=CARTESIAN_POINT('Ctrl Pts',(1150.8786102865,341.926318546209,116.169844077991));
#392=CARTESIAN_POINT('Ctrl Pts',(1151.12014020218,341.919499333289,117.689695688813));
#393=CARTESIAN_POINT('Ctrl Pts',(1071.00000000175,343.336845717219,57.7786429627591));
#394=CARTESIAN_POINT('Ctrl Pts',(1075.09434454546,343.229834850673,57.8047187420983));
#395=CARTESIAN_POINT('Ctrl Pts',(1081.18299840283,343.075578115735,57.9904692708831));
#396=CARTESIAN_POINT('Ctrl Pts',(1089.15994777094,342.87873807427,58.6868542832322));
#397=CARTESIAN_POINT('Ctrl Pts',(1095.06394584829,342.734511744139,59.471671649477));
#398=CARTESIAN_POINT('Ctrl Pts',(1100.88081973651,342.592717548363,60.5574494735476));
#399=CARTESIAN_POINT('Ctrl Pts',(1104.69522074264,342.499147814664,61.5074081744443));
#400=CARTESIAN_POINT('Ctrl Pts',(1107.95492340401,342.418587120263,62.4351192079138));
#401=CARTESIAN_POINT('Ctrl Pts',(1110.67631078548,342.350963765799,63.2808598488996));
#402=CARTESIAN_POINT('Ctrl Pts',(1116.00646734168,342.217267197142,65.2573276711386));
#403=CARTESIAN_POINT('Ctrl Pts',(1122.38290070607,342.055358506502,68.3010713047575));
#404=CARTESIAN_POINT('Ctrl Pts',(1129.15220398928,341.881561188672,72.8706373033195));
#405=CARTESIAN_POINT('Ctrl Pts',(1134.88322807787,341.73364392347,78.375989590377));
#406=CARTESIAN_POINT('Ctrl Pts',(1138.83535031022,341.637962486972,83.4782749755115));
#407=CARTESIAN_POINT('Ctrl Pts',(1141.56659512492,341.580548929982,87.8372746370405));
#408=CARTESIAN_POINT('Ctrl Pts',(1144.2801158895,341.532585217095,92.8525889033295));
#409=CARTESIAN_POINT('Ctrl Pts',(1147.12005178475,341.50935938402,99.7890212466018));
#410=CARTESIAN_POINT('Ctrl Pts',(1149.17947614444,341.539944025699,107.229484818419));
#411=CARTESIAN_POINT('Ctrl Pts',(1150.43072906945,341.594325491034,113.215737984199));
#412=CARTESIAN_POINT('Ctrl Pts',(1150.94708236092,341.631000280427,116.201919208483));
#413=CARTESIAN_POINT('Ctrl Pts',(1151.18363165371,341.651580473364,117.688760471861));
#414=CARTESIAN_POINT('Ctrl Pts',(1071.00000000204,342.271074521729,57.7346901242814));
#415=CARTESIAN_POINT('Ctrl Pts',(1075.18539970474,342.168369340529,57.7625472253855));
#416=CARTESIAN_POINT('Ctrl Pts',(1081.38451888918,342.024635285797,57.9619990202255));
#417=CARTESIAN_POINT('Ctrl Pts',(1089.46293635479,341.849944470207,58.6926145661224));
#418=CARTESIAN_POINT('Ctrl Pts',(1095.42200190149,341.726356449319,59.5093213576563));
#419=CARTESIAN_POINT('Ctrl Pts',(1101.27478827981,341.609197606151,60.6314210727931));
#420=CARTESIAN_POINT('Ctrl Pts',(1105.10166688627,341.5346943155,61.6072972060542));
#421=CARTESIAN_POINT('Ctrl Pts',(1108.36775117104,341.471708002955,62.5575439909825));
#422=CARTESIAN_POINT('Ctrl Pts',(1111.09183546589,341.419543858325,63.4223359072379));
#423=CARTESIAN_POINT('Ctrl Pts',(1116.41791376133,341.319503557468,65.4363562365698));
#424=CARTESIAN_POINT('Ctrl Pts',(1122.77372972059,341.204765037384,68.5241251514548));
#425=CARTESIAN_POINT('Ctrl Pts',(1129.50164826514,341.093961969359,73.1346523388519));
#426=CARTESIAN_POINT('Ctrl Pts',(1135.1825326116,341.014693495838,78.6645070248675));
#427=CARTESIAN_POINT('Ctrl Pts',(1139.09004240685,340.980361046335,83.7721569080732));
#428=CARTESIAN_POINT('Ctrl Pts',(1141.7853280867,340.975499216249,88.1252455541683));
#429=CARTESIAN_POINT('Ctrl Pts',(1144.45940095438,340.98859698608,93.1258731890876));
#430=CARTESIAN_POINT('Ctrl Pts',(1147.25005107423,341.052298507462,100.023044136637));
#431=CARTESIAN_POINT('Ctrl Pts',(1149.26727105762,341.182183119238,107.388577009974));
#432=CARTESIAN_POINT('Ctrl Pts',(1150.49266052439,341.321582144396,113.291682581447));
#433=CARTESIAN_POINT('Ctrl Pts',(1150.99911059647,341.402642404656,116.228167765466));
#434=CARTESIAN_POINT('Ctrl Pts',(1151.23156175298,341.445887531416,117.68804246516));
#435=CARTESIAN_POINT('Ctrl Pts',(1071.0000000023,341.675243232968,57.7047621804655));
#436=CARTESIAN_POINT('Ctrl Pts',(1075.23756302155,341.575085975786,57.7338428158499));
#437=CARTESIAN_POINT('Ctrl Pts',(1081.49995775965,341.437263390148,57.9414829857042));
#438=CARTESIAN_POINT('Ctrl Pts',(1089.63632171664,341.274734585957,58.6923194591155));
#439=CARTESIAN_POINT('Ctrl Pts',(1095.62672074384,341.162410045877,59.5278123480001));
#440=CARTESIAN_POINT('Ctrl Pts',(1101.49978697736,341.058662695793,60.6712855841475));
#441=CARTESIAN_POINT('Ctrl Pts',(1105.33357191126,340.99453444978,61.6624008136392));
#442=CARTESIAN_POINT('Ctrl Pts',(1108.60308621915,340.941115799872,62.6258941258988));
#443=CARTESIAN_POINT('Ctrl Pts',(1111.32851518441,340.897370411716,63.5018816596408));
#444=CARTESIAN_POINT('Ctrl Pts',(1116.65184050502,340.815678739699,65.537956942412));
#445=CARTESIAN_POINT('Ctrl Pts',(1122.99534278213,340.726710777637,68.6515510909311));
#446=CARTESIAN_POINT('Ctrl Pts',(1129.69913406679,340.650467128876,73.2860245703734));
#447=CARTESIAN_POINT('Ctrl Pts',(1135.35115987789,340.609047681245,78.8300675937711));
#448=CARTESIAN_POINT('Ctrl Pts',(1139.23321170827,340.608722315384,83.9407412477376));
#449=CARTESIAN_POINT('Ctrl Pts',(1141.90809167891,340.633124430414,88.2903475694456));
#450=CARTESIAN_POINT('Ctrl Pts',(1144.55986101905,340.680330306067,93.2824319709307));
#451=CARTESIAN_POINT('Ctrl Pts',(1147.32283112847,340.792849653181,100.15693179863));
#452=CARTESIAN_POINT('Ctrl Pts',(1149.31644636583,340.978982091556,107.479448989748));
#453=CARTESIAN_POINT('Ctrl Pts',(1150.52731100324,341.166873275094,113.335001435714));
#454=CARTESIAN_POINT('Ctrl Pts',(1151.02814810836,341.273365562242,116.243128819619));
#455=CARTESIAN_POINT('Ctrl Pts',(1151.25825211857,341.329627404442,117.687636639139));
#456=CARTESIAN_POINT('Ctrl Pts',(1071.00000000234,341.291597474364,57.6841978183549));
#457=CARTESIAN_POINT('Ctrl Pts',(1075.27273110385,341.193187554102,57.7141671916398));
#458=CARTESIAN_POINT('Ctrl Pts',(1081.57774583165,341.059081157184,57.927453104063));
#459=CARTESIAN_POINT('Ctrl Pts',(1089.75311045463,340.903884872174,58.6920808234376));
#460=CARTESIAN_POINT('Ctrl Pts',(1095.76455374408,340.79828457154,59.540371580843));
#461=CARTESIAN_POINT('Ctrl Pts',(1101.65119130964,340.702521274914,60.6983882165667));
#462=CARTESIAN_POINT('Ctrl Pts',(1105.48954967394,340.644578626917,61.6998657468458));
#463=CARTESIAN_POINT('Ctrl Pts',(1108.76129995372,340.596877066443,62.672362212));
#464=CARTESIAN_POINT('Ctrl Pts',(1111.48756816902,340.55816946023,63.5559566914137));
#465=CARTESIAN_POINT('Ctrl Pts',(1116.80889925188,340.487501715821,65.6070057001733));
#466=CARTESIAN_POINT('Ctrl Pts',(1123.14393871725,340.414123001694,68.7381059249092));
#467=CARTESIAN_POINT('Ctrl Pts',(1129.83134715758,340.359031012796,73.3887437816666));
#468=CARTESIAN_POINT('Ctrl Pts',(1135.46391302313,340.341073437048,78.9422522797611));
#469=CARTESIAN_POINT('Ctrl Pts',(1139.32888028555,340.362103414267,84.0548247280775));
#470=CARTESIAN_POINT('Ctrl Pts',(1141.99011013376,340.405074283384,88.4019581787374));
#471=CARTESIAN_POINT('Ctrl Pts',(1144.62699008542,340.474071614724,93.3881430167783));
#472=CARTESIAN_POINT('Ctrl Pts',(1147.37155465397,340.618141534762,100.247191600633));
#473=CARTESIAN_POINT('Ctrl Pts',(1149.34951047176,340.841260579205,107.540611455781));
#474=CARTESIAN_POINT('Ctrl Pts',(1150.55071107893,341.061462777712,113.364117452149));
#475=CARTESIAN_POINT('Ctrl Pts',(1151.04778993333,341.18504463465,116.253176030527));
#476=CARTESIAN_POINT('Ctrl Pts',(1151.27631277639,341.250091190334,117.687359004253));
#477=CARTESIAN_POINT('Ctrl Pts',(1071.00000000235,341.038947558798,57.6703315381007));
#478=CARTESIAN_POINT('Ctrl Pts',(1075.29627692158,340.941715778756,57.7009151376034));
#479=CARTESIAN_POINT('Ctrl Pts',(1081.6298240116,340.810032200713,57.9180109247559));
#480=CARTESIAN_POINT('Ctrl Pts',(1089.83128663,340.659534601253,58.6919156090481));
#481=CARTESIAN_POINT('Ctrl Pts',(1095.85680221641,340.558224590689,59.5488098869099));
#482=CARTESIAN_POINT('Ctrl Pts',(1101.75250239755,340.467549045797,60.7165997168052));
#483=CARTESIAN_POINT('Ctrl Pts',(1105.59390295911,340.413550522344,61.7250387049041));
#484=CARTESIAN_POINT('Ctrl Pts',(1108.86713170735,340.369497858086,62.7035825245826));
#485=CARTESIAN_POINT('Ctrl Pts',(1111.59394533444,340.334007566445,63.5922859315126));
#486=CARTESIAN_POINT('Ctrl Pts',(1116.9139071839,340.270392149404,65.6533884748733));
#487=CARTESIAN_POINT('Ctrl Pts',(1123.2432408376,340.207015292776,68.796235323677));
#488=CARTESIAN_POINT('Ctrl Pts',(1129.91965234674,340.165560777562,73.4577016141836));
#489=CARTESIAN_POINT('Ctrl Pts',(1135.53919016895,340.162810040099,79.0175214692011));
#490=CARTESIAN_POINT('Ctrl Pts',(1139.3927407447,340.197754649364,84.1313283568363));
#491=CARTESIAN_POINT('Ctrl Pts',(1142.04486030052,340.252874927606,88.4767728937298));
#492=CARTESIAN_POINT('Ctrl Pts',(1144.67181095915,340.33616896144,93.4589703443388));
#493=CARTESIAN_POINT('Ctrl Pts',(1147.40412037596,340.501031677411,100.307628455511));
#494=CARTESIAN_POINT('Ctrl Pts',(1149.37165861726,340.748688220054,107.581539180988));
#495=CARTESIAN_POINT('Ctrl Pts',(1150.56642231981,340.99043282724,113.383590190969));
#496=CARTESIAN_POINT('Ctrl Pts',(1151.06099165348,341.125444458477,116.259892658006));
#497=CARTESIAN_POINT('Ctrl Pts',(1151.28845596427,341.196375643989,117.687171500864));
#498=CARTESIAN_POINT('Ctrl Pts',(1071.00000000243,340.730481507399,57.6528937136749));
#499=CARTESIAN_POINT('Ctrl Pts',(1075.32588820894,340.634747887216,57.6842912005217));
#500=CARTESIAN_POINT('Ctrl Pts',(1081.69533027315,340.505962024684,57.9062243352531));
#501=CARTESIAN_POINT('Ctrl Pts',(1089.9295947709,340.360903169975,58.6918725840398));
#502=CARTESIAN_POINT('Ctrl Pts',(1095.97278275081,340.26451672718,59.5596444992659));
#503=CARTESIAN_POINT('Ctrl Pts',(1101.87984066831,340.179666375055,60.7397848126919));
#504=CARTESIAN_POINT('Ctrl Pts',(1105.72503314443,340.130189873061,61.7570163487217));
#505=CARTESIAN_POINT('Ctrl Pts',(1109.00008883758,340.090329138464,62.7431962199084));
#506=CARTESIAN_POINT('Ctrl Pts',(1111.72755926298,340.058539757167,63.6383494166598));
#507=CARTESIAN_POINT('Ctrl Pts',(1117.04573848424,340.003065205766,65.7121377498043));
#508=CARTESIAN_POINT('Ctrl Pts',(1123.36782498308,339.951302244339,68.8697916117579));
#509=CARTESIAN_POINT('Ctrl Pts',(1130.03035555048,339.925839543402,73.5448695311377));
#510=CARTESIAN_POINT('Ctrl Pts',(1135.63351119824,339.94110585259,79.1125606293774));
#511=CARTESIAN_POINT('Ctrl Pts',(1139.47274429435,339.992704561756,84.2278371407985));
#512=CARTESIAN_POINT('Ctrl Pts',(1142.11345953084,340.062481241779,88.5710845540113));
#513=CARTESIAN_POINT('Ctrl Pts',(1144.72799611057,340.163109681425,93.5481852111814));
#514=CARTESIAN_POINT('Ctrl Pts',(1147.44501822682,340.353394473335,100.383675396144));
#515=CARTESIAN_POINT('Ctrl Pts',(1149.39957748564,340.631415003369,107.632985610567));
#516=CARTESIAN_POINT('Ctrl Pts',(1150.58630667118,340.900054578691,113.408046523733));
#517=CARTESIAN_POINT('Ctrl Pts',(1151.07773215046,341.049415247909,116.268321423346));
#518=CARTESIAN_POINT('Ctrl Pts',(1151.30386488161,341.127754333141,117.686931966338));
#519=CARTESIAN_POINT('Ctrl Pts',(1071.00000000248,340.362693475228,57.631231910482));
#520=CARTESIAN_POINT('Ctrl Pts',(1075.36171379961,340.268796175384,57.6636669758414));
#521=CARTESIAN_POINT('Ctrl Pts',(1081.77457483236,340.143417740955,57.8915451282593));
#522=CARTESIAN_POINT('Ctrl Pts',(1090.04849549471,340.004592033607,58.6915386212877));
#523=CARTESIAN_POINT('Ctrl Pts',(1096.11302454903,339.913808534404,59.5725853132107));
#524=CARTESIAN_POINT('Ctrl Pts',(1102.03376846533,339.835571286032,60.7677876238787));
#525=CARTESIAN_POINT('Ctrl Pts',(1105.88350153025,339.791231270093,61.7957372876478));
#526=CARTESIAN_POINT('Ctrl Pts',(1109.16072324127,339.756138248208,62.7912229769643));
#527=CARTESIAN_POINT('Ctrl Pts',(1111.88894884282,339.728561571205,63.6942348767036));
#528=CARTESIAN_POINT('Ctrl Pts',(1117.20489032675,339.682375606374,65.7834727475152));
#529=CARTESIAN_POINT('Ctrl Pts',(1123.5181171503,339.643917388993,68.9591419561421));
#530=CARTESIAN_POINT('Ctrl Pts',(1130.16380068894,339.636900062257,73.6507364578929));
#531=CARTESIAN_POINT('Ctrl Pts',(1135.74716650341,339.673097772376,79.2279047333557));
#532=CARTESIAN_POINT('Ctrl Pts',(1139.56916225583,339.744181245808,84.3448748365642));
#533=CARTESIAN_POINT('Ctrl Pts',(1142.19617932471,339.831199242718,88.6853840838968));
#534=CARTESIAN_POINT('Ctrl Pts',(1144.79582764149,339.952290804627,93.6562268129642));
#535=CARTESIAN_POINT('Ctrl Pts',(1147.49456973165,340.172757826512,100.4756732962));
#536=CARTESIAN_POINT('Ctrl Pts',(1149.43363314882,340.487126032839,107.695153240795));
#537=CARTESIAN_POINT('Ctrl Pts',(1150.61074408059,340.788154920167,113.437568274716));
#538=CARTESIAN_POINT('Ctrl Pts',(1151.09838618949,340.954860286406,116.278485233741));
#539=CARTESIAN_POINT('Ctrl Pts',(1151.32290816396,341.042170442039,117.686633220993));
#540=CARTESIAN_POINT('Ctrl Pts',(1071.00000000269,339.62465002952,57.5859754621118));
#541=CARTESIAN_POINT('Ctrl Pts',(1075.43391534323,339.53450340911,57.6206199485882));
#542=CARTESIAN_POINT('Ctrl Pts',(1081.93431180815,339.415901057402,57.8606503182076));
#543=CARTESIAN_POINT('Ctrl Pts',(1090.28811719461,339.289261014719,58.6898591865127));
#544=CARTESIAN_POINT('Ctrl Pts',(1096.39560025248,339.209373689876,59.5979095722499));
#545=CARTESIAN_POINT('Ctrl Pts',(1102.34383432824,339.143971283419,60.8237373326276));
#546=CARTESIAN_POINT('Ctrl Pts',(1106.20263668635,339.109599849036,61.8734709052734));
#547=CARTESIAN_POINT('Ctrl Pts',(1109.48414520929,339.083765921688,62.8878664614114));
#548=CARTESIAN_POINT('Ctrl Pts',(1112.2138218607,339.064374047398,63.8068452149669));
#549=CARTESIAN_POINT('Ctrl Pts',(1117.52510663732,339.036258591168,65.9274607221729));
#550=CARTESIAN_POINT('Ctrl Pts',(1123.82031140542,339.023744555576,69.1396899905515));
#551=CARTESIAN_POINT('Ctrl Pts',(1130.43194962613,339.052843417194,73.8647289888287));
#552=CARTESIAN_POINT('Ctrl Pts',(1135.97549983826,339.13020531454,79.460963913136));
#553=CARTESIAN_POINT('Ctrl Pts',(1139.76292719323,339.239774088882,84.5812222889637));
#554=CARTESIAN_POINT('Ctrl Pts',(1142.36253500369,339.360961154669,88.916084204939));
#555=CARTESIAN_POINT('Ctrl Pts',(1144.93243844373,339.522694191445,93.874161994263));
#556=CARTESIAN_POINT('Ctrl Pts',(1147.59476400973,339.803317128524,100.661078469107));
#557=CARTESIAN_POINT('Ctrl Pts',(1149.50300161591,340.190500887007,107.820316648375));
#558=CARTESIAN_POINT('Ctrl Pts',(1150.66092621906,340.556658618351,113.496947620948));
#559=CARTESIAN_POINT('Ctrl Pts',(1151.14098228786,340.75832159618,116.298904081025));
#560=CARTESIAN_POINT('Ctrl Pts',(1151.36225695487,340.863733017319,117.686010354372));
#561=CARTESIAN_POINT('Ctrl Pts',(1071.00000000302,338.32495363113,57.4964512393171));
#562=CARTESIAN_POINT('Ctrl Pts',(1075.54426225828,338.240716301916,57.5348690400252));
#563=CARTESIAN_POINT('Ctrl Pts',(1082.17848923272,338.13498452214,57.7943610195344));
#564=CARTESIAN_POINT('Ctrl Pts',(1090.65430200573,338.033884630975,58.6699905502686));
#565=CARTESIAN_POINT('Ctrl Pts',(1096.82727608642,337.977381648931,59.6208949901165));
#566=CARTESIAN_POINT('Ctrl Pts',(1102.81726671061,337.939631825796,60.8953142426187));
#567=CARTESIAN_POINT('Ctrl Pts',(1106.68969490575,337.926564525501,61.9796199298974));
#568=CARTESIAN_POINT('Ctrl Pts',(1109.97752789826,337.920353495824,63.0240342996733));
#569=CARTESIAN_POINT('Ctrl Pts',(1112.70921660284,337.918214509947,63.9683647085468));
#570=CARTESIAN_POINT('Ctrl Pts',(1118.01296342789,337.927662901641,66.1388240816979));
#571=CARTESIAN_POINT('Ctrl Pts',(1124.28017402567,337.967864523206,69.4091818608058));
#572=CARTESIAN_POINT('Ctrl Pts',(1130.83964033406,338.067707969927,74.1875043127867));
#573=CARTESIAN_POINT('Ctrl Pts',(1136.32278291156,338.222731120933,79.8142774678186));
#574=CARTESIAN_POINT('Ctrl Pts',(1140.05815651607,338.402319290378,84.9402649031377));
#575=CARTESIAN_POINT('Ctrl Pts',(1142.61671093974,338.583972682392,89.2668819943267));
#576=CARTESIAN_POINT('Ctrl Pts',(1145.14222387174,338.816363040596,94.2057837596785));
#577=CARTESIAN_POINT('Ctrl Pts',(1147.75058160648,339.198587025207,100.943283098177));
#578=CARTESIAN_POINT('Ctrl Pts',(1149.61328423128,339.703849649788,108.010717558493));
#579=CARTESIAN_POINT('Ctrl Pts',(1150.74265414148,340.172563661994,113.587161683662));
#580=CARTESIAN_POINT('Ctrl Pts',(1151.21126526491,340.428276449796,116.329840362738));
#581=CARTESIAN_POINT('Ctrl Pts',(1151.42757501448,340.561422414706,117.684955087045));
#582=CARTESIAN_POINT('Ctrl Pts',(1071.00000000457,335.89392157072,57.3040787056112));
#583=CARTESIAN_POINT('Ctrl Pts',(1075.69516781948,335.818138897183,57.3484862740738));
#584=CARTESIAN_POINT('Ctrl Pts',(1082.51278696281,335.739881047992,57.6366962402157));
#585=CARTESIAN_POINT('Ctrl Pts',(1091.15543548416,335.701709604086,58.5807639096135));
#586=CARTESIAN_POINT('Ctrl Pts',(1097.41781517695,335.704608393287,59.5948065329491));
#587=CARTESIAN_POINT('Ctrl Pts',(1103.46452415726,335.737547004924,60.9409285031527));
#588=CARTESIAN_POINT('Ctrl Pts',(1107.35520501498,335.778506352896,62.0763448017589));
#589=CARTESIAN_POINT('Ctrl Pts',(1110.65130581127,335.821599728092,63.1652028905803));
#590=CARTESIAN_POINT('Ctrl Pts',(1113.38539363279,335.862549658575,64.1471041637262));
#591=CARTESIAN_POINT('Ctrl Pts',(1118.67810378727,335.964300935365,66.3916163239048));
#592=CARTESIAN_POINT('Ctrl Pts',(1124.90626186003,336.13046887053,69.7487590690934));
#593=CARTESIAN_POINT('Ctrl Pts',(1131.39422815703,336.391333019029,74.6076109948894));
#594=CARTESIAN_POINT('Ctrl Pts',(1136.79574385619,336.713657327012,80.282096484463));
#595=CARTESIAN_POINT('Ctrl Pts',(1140.46154161958,337.035474659007,85.4197120087416));
#596=CARTESIAN_POINT('Ctrl Pts',(1142.96565525437,337.334053124365,89.7375687499502));
#597=CARTESIAN_POINT('Ctrl Pts',(1145.43262943678,337.698555641009,94.6527008731746));
#598=CARTESIAN_POINT('Ctrl Pts',(1147.97056952577,338.259864085722,101.325193361351));
#599=CARTESIAN_POINT('Ctrl Pts',(1149.77412698994,338.954682475979,108.268901699008));
#600=CARTESIAN_POINT('Ctrl Pts',(1150.86594706309,339.575906967194,113.709487000759));
#601=CARTESIAN_POINT('Ctrl Pts',(1151.3191877275,339.907923334588,116.371621786504));
#602=CARTESIAN_POINT('Ctrl Pts',(1151.52868885399,340.079167105835,117.683271691781));
#603=CARTESIAN_POINT('Ctrl Pts',(1071.00000000561,333.564928953943,57.1009168111811));
#604=CARTESIAN_POINT('Ctrl Pts',(1075.84951680394,333.498117075472,57.1520377156953));
#605=CARTESIAN_POINT('Ctrl Pts',(1082.85458244775,333.44530338347,57.4707024370616));
#606=CARTESIAN_POINT('Ctrl Pts',(1091.6674161112,333.462936628782,58.4864652270322));
#607=CARTESIAN_POINT('Ctrl Pts',(1098.02064745894,333.517993591968,59.5665334334823));
#608=CARTESIAN_POINT('Ctrl Pts',(1104.12455792648,333.612769635598,60.9875337261529));
#609=CARTESIAN_POINT('Ctrl Pts',(1108.03322384763,333.700982471183,62.1762729920016));
#610=CARTESIAN_POINT('Ctrl Pts',(1111.33713901207,333.787249199453,63.3114683135196));
#611=CARTESIAN_POINT('Ctrl Pts',(1114.0731100591,333.865958290048,64.3325238640503));
#612=CARTESIAN_POINT('Ctrl Pts',(1119.35335587254,334.048795763485,66.65411756681));
#613=CARTESIAN_POINT('Ctrl Pts',(1125.54021509013,334.326144898706,70.1013691110058));
#614=CARTESIAN_POINT('Ctrl Pts',(1131.95416221311,334.730463590517,75.0432493916826));
#615=CARTESIAN_POINT('Ctrl Pts',(1137.27239256089,335.203592505134,80.7659507747991));
#616=CARTESIAN_POINT('Ctrl Pts',(1140.86798205027,335.655364662093,85.9143499038671));
#617=CARTESIAN_POINT('Ctrl Pts',(1143.3175940959,336.062088717989,90.2221803951682));
#618=CARTESIAN_POINT('Ctrl Pts',(1145.72627894142,336.54985388691,95.1117669481115));
#619=CARTESIAN_POINT('Ctrl Pts',(1148.19485293028,337.280943960217,101.716215031356));
#620=CARTESIAN_POINT('Ctrl Pts',(1149.94047999369,338.160516371457,108.532339928154));
#621=CARTESIAN_POINT('Ctrl Pts',(1150.99513847414,338.934079066328,113.83389916352));
#622=CARTESIAN_POINT('Ctrl Pts',(1151.43288334917,339.343656797659,116.413978119912));
#623=CARTESIAN_POINT('Ctrl Pts',(1151.63540598872,339.553994914298,117.681438487673));
#624=CARTESIAN_POINT('Ctrl Pts',(1071.00000000701,332.143412156085,56.9661566221597));
#625=CARTESIAN_POINT('Ctrl Pts',(1075.95593599676,332.083007082461,57.0223182854997));
#626=CARTESIAN_POINT('Ctrl Pts',(1083.09027583946,332.045129630504,57.3623929542598));
#627=CARTESIAN_POINT('Ctrl Pts',(1092.01991925261,332.093151723255,58.4282623861631));
#628=CARTESIAN_POINT('Ctrl Pts',(1098.43518793592,332.176087852211,59.5543463319061));
#629=CARTESIAN_POINT('Ctrl Pts',(1104.57769878404,332.303701882887,61.0274687806654));
#630=CARTESIAN_POINT('Ctrl Pts',(1108.49807703912,332.417017279543,62.2532681789898));
#631=CARTESIAN_POINT('Ctrl Pts',(1111.80673713708,332.526280545802,63.4206404776321));
#632=CARTESIAN_POINT('Ctrl Pts',(1114.54343599853,332.625137901836,64.4688669333693));
#633=CARTESIAN_POINT('Ctrl Pts',(1119.81389505617,332.851476658283,66.8438573434075));
#634=CARTESIAN_POINT('Ctrl Pts',(1125.97081530455,333.189069080811,70.3533002992639));
#635=CARTESIAN_POINT('Ctrl Pts',(1132.33241567447,333.672602563732,75.3518965401112));
#636=CARTESIAN_POINT('Ctrl Pts',(1137.59261888242,334.23091095291,81.1065577752143));
#637=CARTESIAN_POINT('Ctrl Pts',(1141.13983310426,334.757949820451,86.260980824309));
#638=CARTESIAN_POINT('Ctrl Pts',(1143.55218415833,335.228677973424,90.5606886353537));
#639=CARTESIAN_POINT('Ctrl Pts',(1145.92123727356,335.790492052567,95.4313122792627));
#640=CARTESIAN_POINT('Ctrl Pts',(1148.34314574264,336.626317313763,101.987180616047));
#641=CARTESIAN_POINT('Ctrl Pts',(1150.05006572924,337.62486862075,108.714148339659));
#642=CARTESIAN_POINT('Ctrl Pts',(1151.07970559396,338.500083316681,113.919499338001));
#643=CARTESIAN_POINT('Ctrl Pts',(1151.50686880579,338.962678593363,116.443079896847));
#644=CARTESIAN_POINT('Ctrl Pts',(1151.70455869034,339.200076995788,117.680203076216));
#645=CARTESIAN_POINT('Ctrl Pts',(1071.00000000712,331.379483828512,56.8926788220663));
#646=CARTESIAN_POINT('Ctrl Pts',(1076.0121004798,331.322503540685,56.951530389035));
#647=CARTESIAN_POINT('Ctrl Pts',(1083.21448740214,331.292911645013,57.3031196041273));
#648=CARTESIAN_POINT('Ctrl Pts',(1092.20555518325,331.357999698099,58.3957166209474));
#649=CARTESIAN_POINT('Ctrl Pts',(1098.65331782239,331.456641358798,59.5463647431446));
#650=CARTESIAN_POINT('Ctrl Pts',(1104.81591657909,331.602759716923,61.0472954778694));
#651=CARTESIAN_POINT('Ctrl Pts',(1108.74225427361,331.73020489388,62.2928698714434));
#652=CARTESIAN_POINT('Ctrl Pts',(1112.05321757591,331.852398010237,63.4774088048612));
#653=CARTESIAN_POINT('Ctrl Pts',(1114.7901261858,331.962575052184,64.5401306084011));
#654=CARTESIAN_POINT('Ctrl Pts',(1120.05506118392,332.213306889977,66.9436020928422));
#655=CARTESIAN_POINT('Ctrl Pts',(1126.19574395654,332.584570015987,70.4862027030124));
#656=CARTESIAN_POINT('Ctrl Pts',(1132.52931746168,333.112129562938,75.5149946319519));
#657=CARTESIAN_POINT('Ctrl Pts',(1137.75868081737,333.717487063498,81.2865925078579));
#658=CARTESIAN_POINT('Ctrl Pts',(1141.28032640694,334.285831596314,86.4441489362923));
#659=CARTESIAN_POINT('Ctrl Pts',(1143.6730594636,334.791499227482,90.7395002884102));
#660=CARTESIAN_POINT('Ctrl Pts',(1146.02129718982,335.393594291463,95.6000271665713));
#661=CARTESIAN_POINT('Ctrl Pts',(1148.41882675308,336.28604529721,102.130138409663));
#662=CARTESIAN_POINT('Ctrl Pts',(1150.10560401676,337.348335406993,108.809978561496));
#663=CARTESIAN_POINT('Ctrl Pts',(1151.12218366067,338.277619093887,113.964586637243));
#664=CARTESIAN_POINT('Ctrl Pts',(1151.54378483326,338.768280973828,116.458420619411));
#665=CARTESIAN_POINT('Ctrl Pts',(1151.73892245498,339.019971372301,117.679574386448));
#666=CARTESIAN_POINT('Ctrl Pts',(1071.00000000712,331.289574882272,56.8840211895216));
#667=CARTESIAN_POINT('Ctrl Pts',(1076.01871250676,331.232997923232,56.9431888256147));
#668=CARTESIAN_POINT('Ctrl Pts',(1083.22910690187,331.20438240824,57.2961357603362));
#669=CARTESIAN_POINT('Ctrl Pts',(1092.22740382977,331.271480998181,58.3918801672002));
#670=CARTESIAN_POINT('Ctrl Pts',(1098.67898951582,331.371972946646,59.545421461161));
#671=CARTESIAN_POINT('Ctrl Pts',(1104.84395095745,331.520271196366,61.049627128536));
#672=CARTESIAN_POINT('Ctrl Pts',(1108.77098861395,331.649380853847,62.2975304511258));
#673=CARTESIAN_POINT('Ctrl Pts',(1112.08222165907,331.773097062843,63.4840910663912));
#674=CARTESIAN_POINT('Ctrl Pts',(1114.81915378553,331.884607495347,64.5485199513972));
#675=CARTESIAN_POINT('Ctrl Pts',(1120.08343611617,332.138212592746,66.9553454993772));
#676=CARTESIAN_POINT('Ctrl Pts',(1126.22220460915,332.513441567697,70.5018507198122));
#677=CARTESIAN_POINT('Ctrl Pts',(1132.55247641506,333.046186193473,75.5341979734025));
#678=CARTESIAN_POINT('Ctrl Pts',(1137.77820825034,333.657084355004,81.3077891232821));
#679=CARTESIAN_POINT('Ctrl Pts',(1141.2968440241,334.230292801747,86.4657134140668));
#680=CARTESIAN_POINT('Ctrl Pts',(1143.68726829346,334.740074459546,90.7605509983102));
#681=CARTESIAN_POINT('Ctrl Pts',(1146.0330566032,335.346912349374,95.6198882848925));
#682=CARTESIAN_POINT('Ctrl Pts',(1148.42771838378,336.246030233166,102.146966320961));
#683=CARTESIAN_POINT('Ctrl Pts',(1150.11212677881,337.315824132591,108.821258084308));
#684=CARTESIAN_POINT('Ctrl Pts',(1151.12717016869,338.251472885454,113.969893186601));
#685=CARTESIAN_POINT('Ctrl Pts',(1151.54811675378,338.745438654923,116.460226300808));
#686=CARTESIAN_POINT('Ctrl Pts',(1151.74295396177,338.99881144884,117.679500524081));
#687=CARTESIAN_POINT('Ctrl Pts',(1071.00000000713,331.131931830441,56.8688204678691));
#688=CARTESIAN_POINT('Ctrl Pts',(1076.03029077578,331.076062309688,56.9285439071953));
#689=CARTESIAN_POINT('Ctrl Pts',(1083.25470862545,331.049162609665,57.2838704795163));
#690=CARTESIAN_POINT('Ctrl Pts',(1092.26566174894,331.119797565462,58.3851328950771));
#691=CARTESIAN_POINT('Ctrl Pts',(1098.72393895568,331.223544471707,59.5437458619881));
#692=CARTESIAN_POINT('Ctrl Pts',(1104.89303313856,331.37567755584,61.0536925576723));
#693=CARTESIAN_POINT('Ctrl Pts',(1108.82129274337,331.507715084159,62.3056784305456));
#694=CARTESIAN_POINT('Ctrl Pts',(1112.13299459699,331.634110243943,63.4957829989801));
#695=CARTESIAN_POINT('Ctrl Pts',(1114.86996474221,331.747965845993,64.5632043305074));
#696=CARTESIAN_POINT('Ctrl Pts',(1120.1330975143,332.006623755385,66.9759093131982));
#697=CARTESIAN_POINT('Ctrl Pts',(1126.26850551992,332.38882536383,70.5292587180454));
#698=CARTESIAN_POINT('Ctrl Pts',(1132.59298757604,332.930682819693,75.5678369330036));
#699=CARTESIAN_POINT('Ctrl Pts',(1137.81235541914,333.551314714147,81.3449197370227));
#700=CARTESIAN_POINT('Ctrl Pts',(1141.32571923873,334.133064302734,86.5034869965868));
#701=CARTESIAN_POINT('Ctrl Pts',(1143.71210083146,334.650067736969,90.7974231521087));
#702=CARTESIAN_POINT('Ctrl Pts',(1146.05360131338,335.265229205443,95.6546749589798));
#703=CARTESIAN_POINT('Ctrl Pts',(1148.4432452226,336.176042586628,102.176437936947));
#704=CARTESIAN_POINT('Ctrl Pts',(1150.12351004851,337.258992021634,108.841010832052));
#705=CARTESIAN_POINT('Ctrl Pts',(1151.13586548966,338.20579455596,113.979185539933));
#706=CARTESIAN_POINT('Ctrl Pts',(1151.55566615103,338.705548067324,116.463388240119));
#707=CARTESIAN_POINT('Ctrl Pts',(1151.74997712501,338.961867576827,117.679371565117));
#708=CARTESIAN_POINT('Ctrl Pts',(1071.00000000715,330.973740120703,56.8535256775855));
#709=CARTESIAN_POINT('Ctrl Pts',(1076.04188389885,330.918581171381,56.9138097155487));
#710=CARTESIAN_POINT('Ctrl Pts',(1083.28034496348,330.893410724341,57.271523664556));
#711=CARTESIAN_POINT('Ctrl Pts',(1092.30396475404,330.967615133827,58.3783236203664));
#712=CARTESIAN_POINT('Ctrl Pts',(1098.76893569653,331.074648229544,59.5420252272831));
#713=CARTESIAN_POINT('Ctrl Pts',(1104.94215874005,331.230652961811,61.0577322865164));
#714=CARTESIAN_POINT('Ctrl Pts',(1108.87163434011,331.365645969024,62.3138142688781));
#715=CARTESIAN_POINT('Ctrl Pts',(1112.18379855563,331.494744942841,63.5074745350012));
#716=CARTESIAN_POINT('Ctrl Pts',(1114.92080049653,331.610967260803,64.5778981866515));
#717=CARTESIAN_POINT('Ctrl Pts',(1120.18276903767,331.874723153046,66.9965017654575));
#718=CARTESIAN_POINT('Ctrl Pts',(1126.3147957182,332.263956858847,70.5567169731683));
#719=CARTESIAN_POINT('Ctrl Pts',(1132.63346469585,332.81499863477,75.6015437723198));
#720=CARTESIAN_POINT('Ctrl Pts',(1137.84645108722,333.445433312164,81.3821245140495));
#721=CARTESIAN_POINT('Ctrl Pts',(1141.35453355428,334.035777961767,86.5413327687265));
#722=CARTESIAN_POINT('Ctrl Pts',(1143.73686798885,334.560044176206,90.8343625610329));
#723=CARTESIAN_POINT('Ctrl Pts',(1146.07407801179,335.18357290597,95.6895212600494));
#724=CARTESIAN_POINT('Ctrl Pts',(1148.4587056308,336.106134602869,102.205955089063));
#725=CARTESIAN_POINT('Ctrl Pts',(1150.13483087234,337.202284455287,108.860790599494));
#726=CARTESIAN_POINT('Ctrl Pts',(1151.14449939935,338.160269265622,113.98848952549));
#727=CARTESIAN_POINT('Ctrl Pts',(1151.56315332812,338.665822071564,116.46655417463));
#728=CARTESIAN_POINT('Ctrl Pts',(1151.75693707185,338.925093297572,117.679243198148));
#729=CARTESIAN_POINT('Ctrl Pts',(1071.00000000716,330.837683397981,56.8403456171792));
#730=CARTESIAN_POINT('Ctrl Pts',(1076.05183356958,330.783135431373,56.9011114982053));
#731=CARTESIAN_POINT('Ctrl Pts',(1083.30234248701,330.759458349175,57.2608797717998));
#732=CARTESIAN_POINT('Ctrl Pts',(1092.33682761933,330.836749356126,58.3724392316488));
#733=CARTESIAN_POINT('Ctrl Pts',(1098.8075370918,330.946625052201,59.5405149937445));
#734=CARTESIAN_POINT('Ctrl Pts',(1104.98429644832,331.105978854371,61.0611732134963));
#735=CARTESIAN_POINT('Ctrl Pts',(1108.91481000382,331.243528066126,62.3207759483382));
#736=CARTESIAN_POINT('Ctrl Pts',(1112.22736590898,331.374965266717,63.5174923852336));
#737=CARTESIAN_POINT('Ctrl Pts',(1114.96439068947,331.493234103882,64.5904965537765));
#738=CARTESIAN_POINT('Ctrl Pts',(1120.22535088601,331.761397268335,67.0141698532377));
#739=CARTESIAN_POINT('Ctrl Pts',(1126.35446445624,332.156707971786,70.5802856346441));
#740=CARTESIAN_POINT('Ctrl Pts',(1132.66813429225,332.715681414074,75.6304812778356));
#741=CARTESIAN_POINT('Ctrl Pts',(1137.87563853506,333.354575705584,81.4140651400056));
#742=CARTESIAN_POINT('Ctrl Pts',(1141.37918754761,333.95233205372,86.5738217443291));
#743=CARTESIAN_POINT('Ctrl Pts',(1143.75804991583,334.482857175349,90.8660714067678));
#744=CARTESIAN_POINT('Ctrl Pts',(1146.09158046521,335.113593607449,95.7194309377742));
#745=CARTESIAN_POINT('Ctrl Pts',(1148.47190955117,336.046268059509,102.231287439238));
#746=CARTESIAN_POINT('Ctrl Pts',(1150.14448955236,337.15376802463,108.87776357534));
#747=CARTESIAN_POINT('Ctrl Pts',(1151.15185581754,338.121359331917,113.996472349304));
#748=CARTESIAN_POINT('Ctrl Pts',(1151.56952615115,338.631891301072,116.469270835045));
#749=CARTESIAN_POINT('Ctrl Pts',(1151.76285734844,338.893696091983,117.67913360078));
#750=CARTESIAN_POINT('Ctrl Pts',(1071.00000000716,330.746859068905,56.8315405680475));
#751=CARTESIAN_POINT('Ctrl Pts',(1076.05846974095,330.692718972767,56.8926282923517));
#752=CARTESIAN_POINT('Ctrl Pts',(1083.31701380457,330.670040328785,57.2537679049607));
#753=CARTESIAN_POINT('Ctrl Pts',(1092.35874453443,330.749396113151,58.3685039278431));
#754=CARTESIAN_POINT('Ctrl Pts',(1098.8332800161,330.861173583646,59.5394990432748));
#755=CARTESIAN_POINT('Ctrl Pts',(1105.01239617337,331.022768016442,61.0634616753122));
#756=CARTESIAN_POINT('Ctrl Pts',(1108.94360055721,331.162027312629,62.3254141572878));
#757=CARTESIAN_POINT('Ctrl Pts',(1112.2564163639,331.295028690588,63.5241702675045));
#758=CARTESIAN_POINT('Ctrl Pts',(1114.99345519615,331.414666517585,64.5988966542207));
#759=CARTESIAN_POINT('Ctrl Pts',(1120.25374039428,331.685777604361,67.0259534053131));
#760=CARTESIAN_POINT('Ctrl Pts',(1126.38090796274,332.085152465858,70.5960070168414));
#761=CARTESIAN_POINT('Ctrl Pts',(1132.6912406604,332.649429085452,75.6497852765197));
#762=CARTESIAN_POINT('Ctrl Pts',(1137.89508687046,333.293977961748,81.4353724760715));
#763=CARTESIAN_POINT('Ctrl Pts',(1141.39561183496,333.896686989757,86.5954943342304));
#764=CARTESIAN_POINT('Ctrl Pts',(1143.77215867352,334.431393458345,90.8872230286094));
#765=CARTESIAN_POINT('Ctrl Pts',(1146.10323574754,335.066944310975,95.7393817392721));
#766=CARTESIAN_POINT('Ctrl Pts',(1148.48069946091,336.006371724628,102.248184128238));
#767=CARTESIAN_POINT('Ctrl Pts',(1150.15091675125,337.121447681732,108.889083901211));
#768=CARTESIAN_POINT('Ctrl Pts',(1151.15674838606,338.095449002547,114.001796367572));
#769=CARTESIAN_POINT('Ctrl Pts',(1151.57376282418,338.609302619859,116.471082711995));
#770=CARTESIAN_POINT('Ctrl Pts',(1151.7667921463,338.872797384947,117.679060650235));
#771=CARTESIAN_POINT('Ctrl Pts',(1071.00000000717,330.667226883797,56.8238119524555));
#772=CARTESIAN_POINT('Ctrl Pts',(1076.06427977608,330.613444465538,56.8851826011423));
#773=CARTESIAN_POINT('Ctrl Pts',(1083.32985956123,330.591643182852,57.2475238371265));
#774=CARTESIAN_POINT('Ctrl Pts',(1092.37793257804,330.672815105635,58.3650442344285));
#775=CARTESIAN_POINT('Ctrl Pts',(1098.85581632704,330.786265599265,59.5385979538722));
#776=CARTESIAN_POINT('Ctrl Pts',(1105.03699367167,330.949831193535,61.0654567462079));
#777=CARTESIAN_POINT('Ctrl Pts',(1108.96880104844,331.090594783021,62.3294686156243));
#778=CARTESIAN_POINT('Ctrl Pts',(1112.28184266952,331.224971995954,63.5300123568084));
#779=CARTESIAN_POINT('Ctrl Pts',(1115.01889225448,331.345813913451,64.6062481376303));
#780=CARTESIAN_POINT('Ctrl Pts',(1120.27858320808,331.619517484046,67.036270178663));
#781=CARTESIAN_POINT('Ctrl Pts',(1126.40404290267,332.022465665366,70.6097747898699));
#782=CARTESIAN_POINT('Ctrl Pts',(1132.71144988166,332.591403200516,75.6666922748452));
#783=CARTESIAN_POINT('Ctrl Pts',(1137.91209104576,333.240919718956,81.4540340460472));
#784=CARTESIAN_POINT('Ctrl Pts',(1141.40996768134,333.847977801761,86.6144751074278));
#785=CARTESIAN_POINT('Ctrl Pts',(1143.78448734764,334.386354647907,90.9057468151983));
#786=CARTESIAN_POINT('Ctrl Pts',(1146.11341701836,335.026130525918,95.756853009806));
#787=CARTESIAN_POINT('Ctrl Pts',(1148.48837395565,335.971481640004,102.262979680208));
#788=CARTESIAN_POINT('Ctrl Pts',(1150.1565248737,337.093198888692,108.898995703027));
#789=CARTESIAN_POINT('Ctrl Pts',(1151.16101397166,338.072816477396,114.006457708156));
#790=CARTESIAN_POINT('Ctrl Pts',(1151.57745431464,338.589579445028,116.472669060082));
#791=CARTESIAN_POINT('Ctrl Pts',(1151.7702192467,338.85455414634,117.678996969061));
#792=CARTESIAN_POINT('Ctrl Pts',(1071.00000000717,330.598854311422,56.8171703150297));
#793=CARTESIAN_POINT('Ctrl Pts',(1076.06926301058,330.545378935984,56.8787837006357));
#794=CARTESIAN_POINT('Ctrl Pts',(1083.34087590656,330.524332481533,57.2421569713238));
#795=CARTESIAN_POINT('Ctrl Pts',(1092.39438719504,330.607067876446,58.3620671314831));
#796=CARTESIAN_POINT('Ctrl Pts',(1098.87514110311,330.721958881325,59.5378170125976));
#797=CARTESIAN_POINT('Ctrl Pts',(1105.05808449974,330.887221699359,61.0671615854638));
#798=CARTESIAN_POINT('Ctrl Pts',(1108.99040764967,331.02928043956,62.3329410534759));
#799=CARTESIAN_POINT('Ctrl Pts',(1112.30364167975,331.164842127861,63.5350191189163));
#800=CARTESIAN_POINT('Ctrl Pts',(1115.04069938959,331.286720616336,64.6125504090698));
#801=CARTESIAN_POINT('Ctrl Pts',(1120.29987841284,331.562655745338,67.0451175089338));
#802=CARTESIAN_POINT('Ctrl Pts',(1126.42387055535,331.968679190962,70.6215839455499));
#803=CARTESIAN_POINT('Ctrl Pts',(1132.7287657153,332.541626695756,75.6811953573828));
#804=CARTESIAN_POINT('Ctrl Pts',(1137.92665667305,333.195415543451,81.4700422299912));
#805=CARTESIAN_POINT('Ctrl Pts',(1141.42226170997,333.806212539492,86.6307566109634));
#806=CARTESIAN_POINT('Ctrl Pts',(1143.79504306182,334.347743853517,90.9216358027601));
#807=CARTESIAN_POINT('Ctrl Pts',(1146.12213163794,334.991150133392,95.771838580114));
#808=CARTESIAN_POINT('Ctrl Pts',(1148.49494021778,335.941589393065,102.275669436351));
#809=CARTESIAN_POINT('Ctrl Pts',(1150.1613207204,337.069008011445,108.907496164176));
#810=CARTESIAN_POINT('Ctrl Pts',(1151.16465928415,338.053444917779,114.010455087361));
#811=CARTESIAN_POINT('Ctrl Pts',(1151.58060737419,338.572703663953,116.474029530323));
#812=CARTESIAN_POINT('Ctrl Pts',(1151.7731455326,338.83894774481,117.678942492221));
#813=CARTESIAN_POINT('Ctrl Pts',(1071.00000000717,330.564644851522,56.8138460878706));
#814=CARTESIAN_POINT('Ctrl Pts',(1076.07175515897,330.511323102831,56.8755809791074));
#815=CARTESIAN_POINT('Ctrl Pts',(1083.34638523956,330.490654605672,57.2394705661026));
#816=CARTESIAN_POINT('Ctrl Pts',(1092.40261602113,330.574173093383,58.3605762764048));
#817=CARTESIAN_POINT('Ctrl Pts',(1098.88480506875,330.689785645093,59.5374248354612));
#818=CARTESIAN_POINT('Ctrl Pts',(1105.06863134894,330.855898600913,61.0680129738144));
#819=CARTESIAN_POINT('Ctrl Pts',(1109.00121217305,330.998606063065,62.334676717783));
#820=CARTESIAN_POINT('Ctrl Pts',(1112.31454217982,331.134761022189,63.5375223577176));
#821=CARTESIAN_POINT('Ctrl Pts',(1115.05160373347,331.25715869151,64.6157017495464));
#822=CARTESIAN_POINT('Ctrl Pts',(1120.31052627773,331.53421147765,67.0495420530022));
#823=CARTESIAN_POINT('Ctrl Pts',(1126.43378391708,331.94177502786,70.6274901650834));
#824=CARTESIAN_POINT('Ctrl Pts',(1132.73742235799,332.516730485435,75.688449167841));
#825=CARTESIAN_POINT('Ctrl Pts',(1137.93393761013,333.172658356247,81.4780488240058));
#826=CARTESIAN_POINT('Ctrl Pts',(1141.428406527,333.785327030564,86.6388998074042));
#827=CARTESIAN_POINT('Ctrl Pts',(1143.80031857182,334.328437258487,90.9295825786275));
#828=CARTESIAN_POINT('Ctrl Pts',(1146.12648651378,334.973660521201,95.779333392924));
#829=CARTESIAN_POINT('Ctrl Pts',(1148.49822097801,335.926645983956,102.282015867673));
#830=CARTESIAN_POINT('Ctrl Pts',(1150.1637164201,337.056917046335,108.9117473154));
#831=CARTESIAN_POINT('Ctrl Pts',(1151.1664797568,338.043764680904,114.012454171409));
#832=CARTESIAN_POINT('Ctrl Pts',(1151.58218169146,338.564271727038,116.474709904723));
#833=CARTESIAN_POINT('Ctrl Pts',(1151.77460642931,338.831150668604,117.678915275181));
#834=CARTESIAN_POINT('Ctrl Pts',(1071.00000000717,330.53041222764,56.8105184657806));
#835=CARTESIAN_POINT('Ctrl Pts',(1076.07424785697,330.4772442084,56.8723749821651));
#836=CARTESIAN_POINT('Ctrl Pts',(1083.3518957242,330.456954214328,57.2367812050567));
#837=CARTESIAN_POINT('Ctrl Pts',(1092.4108463632,330.541257149847,58.359083125031));
#838=CARTESIAN_POINT('Ctrl Pts',(1098.89447060641,330.657592539364,59.5370309605571));
#839=CARTESIAN_POINT('Ctrl Pts',(1105.07917962875,330.824557158051,61.0688633368629));
#840=CARTESIAN_POINT('Ctrl Pts',(1109.01201791425,330.967914488238,62.3364118329843));
#841=CARTESIAN_POINT('Ctrl Pts',(1112.32544366998,331.104663750909,63.5400254588009));
#842=CARTESIAN_POINT('Ctrl Pts',(1115.06250884922,331.227581495961,64.6188532985537));
#843=CARTESIAN_POINT('Ctrl Pts',(1120.32117440136,331.505753816354,67.053967478098));
#844=CARTESIAN_POINT('Ctrl Pts',(1126.44369681108,331.91485994262,70.6333980263881));
#845=CARTESIAN_POINT('Ctrl Pts',(1132.74607772504,332.491826319359,75.6957052461491));
#846=CARTESIAN_POINT('Ctrl Pts',(1137.94121667056,333.149896070158,81.4860579179074));
#847=CARTESIAN_POINT('Ctrl Pts',(1141.43454914803,333.764438642973,86.6470454458494));
#848=CARTESIAN_POINT('Ctrl Pts',(1143.80559173729,334.309129463453,90.9375316337092));
#849=CARTESIAN_POINT('Ctrl Pts',(1146.13083895797,334.956171489819,95.7868302309675));
#850=CARTESIAN_POINT('Ctrl Pts',(1148.50149937015,335.911705283884,102.288363851519));
#851=CARTESIAN_POINT('Ctrl Pts',(1150.16610990024,337.044830547525,108.915999385565));
#852=CARTESIAN_POINT('Ctrl Pts',(1151.16829805065,338.034089978283,114.014453647539));
#853=CARTESIAN_POINT('Ctrl Pts',(1151.5837538001,338.555845733761,116.475390419689));
#854=CARTESIAN_POINT('Ctrl Pts',(1151.7760650843,338.823359706718,117.678888079483));
#855=CARTESIAN_POINT('Ctrl Pts',(1071.00000000717,330.496156501523,56.8071874640225));
#856=CARTESIAN_POINT('Ctrl Pts',(1076.07674109449,330.443142315288,56.8691657316669));
#857=CARTESIAN_POINT('Ctrl Pts',(1083.35740735843,330.423231367637,57.2340889003194));
#858=CARTESIAN_POINT('Ctrl Pts',(1092.41907821405,330.508320103075,58.3575876906285));
#859=CARTESIAN_POINT('Ctrl Pts',(1098.9041377096,330.625379618002,59.5366353982955));
#860=CARTESIAN_POINT('Ctrl Pts',(1105.0897293321,330.793197420844,61.0697126836126));
#861=CARTESIAN_POINT('Ctrl Pts',(1109.02282486668,330.937205762233,62.3381464064866));
#862=CARTESIAN_POINT('Ctrl Pts',(1112.33634614405,331.074550358521,63.5425284284186));
#863=CARTESIAN_POINT('Ctrl Pts',(1115.07341473097,331.197989071927,64.6220050613418));
#864=CARTESIAN_POINT('Ctrl Pts',(1120.3318227788,331.477282798849,67.058393787558));
#865=CARTESIAN_POINT('Ctrl Pts',(1126.45360923416,331.887933966171,70.6393075305405));
#866=CARTESIAN_POINT('Ctrl Pts',(1132.75473181518,332.46691422076,75.7029635909795));
#867=CARTESIAN_POINT('Ctrl Pts',(1137.94849385482,333.127128700938,81.4940695087205));
#868=CARTESIAN_POINT('Ctrl Pts',(1141.44068957461,333.743547386633,86.6551935226188));
#869=CARTESIAN_POINT('Ctrl Pts',(1143.81086256036,334.28982047393,90.9454829640732));
#870=CARTESIAN_POINT('Ctrl Pts',(1146.13518897381,334.938683039924,95.7943290900404));
#871=CARTESIAN_POINT('Ctrl Pts',(1148.50477539825,335.896767287901,102.294713383498));
#872=CARTESIAN_POINT('Ctrl Pts',(1150.16850116485,337.032748505234,108.920252372131));
#873=CARTESIAN_POINT('Ctrl Pts',(1151.17011416973,338.0244207971,114.016453515143));
#874=CARTESIAN_POINT('Ctrl Pts',(1151.58532370468,338.547425670336,116.476071074111));
#875=CARTESIAN_POINT('Ctrl Pts',(1151.77752150196,338.815574844809,117.678860905078));
#876=CARTESIAN_POINT('Ctrl Pts',(1071.00000000717,330.467590794155,56.8044088216643));
#877=CARTESIAN_POINT('Ctrl Pts',(1076.07881924375,330.414704887856,56.8664886506747));
#878=CARTESIAN_POINT('Ctrl Pts',(1083.36200134087,330.395110265659,57.2318428684057));
#879=CARTESIAN_POINT('Ctrl Pts',(1092.425939343,330.480854961766,58.3563395986502));
#880=CARTESIAN_POINT('Ctrl Pts',(1098.91219492834,330.59851898845,59.5363043621186));
#881=CARTESIAN_POINT('Ctrl Pts',(1105.09852193264,330.76704904686,61.0704196293602));
#882=CARTESIAN_POINT('Ctrl Pts',(1109.03183166457,330.911600851029,62.3395914359062));
#883=CARTESIAN_POINT('Ctrl Pts',(1112.34543235403,331.04944241779,63.5446141290228));
#884=CARTESIAN_POINT('Ctrl Pts',(1115.08250359934,331.173316015964,64.6246317099865));
#885=CARTESIAN_POINT('Ctrl Pts',(1120.34069663406,331.453545809878,67.0620831159684));
#886=CARTESIAN_POINT('Ctrl Pts',(1126.46186919112,331.865486567321,70.6442334851045));
#887=CARTESIAN_POINT('Ctrl Pts',(1132.76194249104,332.446147520976,75.7090140978811));
#888=CARTESIAN_POINT('Ctrl Pts',(1137.95455661096,333.10815165187,81.5007479118666));
#889=CARTESIAN_POINT('Ctrl Pts',(1141.44580476835,333.726135611468,86.6619856149838));
#890=CARTESIAN_POINT('Ctrl Pts',(1143.81525296188,334.273728650404,90.9521109652334));
#891=CARTESIAN_POINT('Ctrl Pts',(1146.1388119647,334.924109813457,95.8005798201445));
#892=CARTESIAN_POINT('Ctrl Pts',(1148.5075034534,335.884321208978,102.300005947684));
#893=CARTESIAN_POINT('Ctrl Pts',(1150.17049204127,337.022683847782,108.923797289389));
#894=CARTESIAN_POINT('Ctrl Pts',(1151.17162579242,338.01636774384,114.018120396588));
#895=CARTESIAN_POINT('Ctrl Pts',(1151.58663012411,338.540413888164,116.476638402291));
#896=CARTESIAN_POINT('Ctrl Pts',(1151.77873332137,338.809092538645,117.678838277469));
#897=CARTESIAN_POINT('Ctrl Pts',(1071.00000000717,330.444726789081,56.8021842372988));
#898=CARTESIAN_POINT('Ctrl Pts',(1076.08048203673,330.391943557662,56.8643453732506));
#899=CARTESIAN_POINT('Ctrl Pts',(1083.36567709637,330.372602266174,57.2300445901478));
#900=CARTESIAN_POINT('Ctrl Pts',(1092.43142899618,330.458872400653,58.3553399985487));
#901=CARTESIAN_POINT('Ctrl Pts',(1098.91864148022,330.577020674865,59.5360387034884));
#902=CARTESIAN_POINT('Ctrl Pts',(1105.10555671924,330.74612129141,61.0709846894569));
#903=CARTESIAN_POINT('Ctrl Pts',(1109.03903770302,330.891108432138,62.3407471989848));
#904=CARTESIAN_POINT('Ctrl Pts',(1112.3527018088,331.02934808558,63.5462826329064));
#905=CARTESIAN_POINT('Ctrl Pts',(1115.08977507227,331.153570033741,64.6267331438751));
#906=CARTESIAN_POINT('Ctrl Pts',(1120.34779584134,331.434549608724,67.0650350268135));
#907=CARTESIAN_POINT('Ctrl Pts',(1126.46847691873,331.847523259353,70.6481750735133));
#908=CARTESIAN_POINT('Ctrl Pts',(1132.76771039271,332.429530237775,75.7138556375245));
#909=CARTESIAN_POINT('Ctrl Pts',(1137.95940587897,333.092967500636,81.5060918819342));
#910=CARTESIAN_POINT('Ctrl Pts',(1141.44989582865,333.712204776248,86.6674205061237));
#911=CARTESIAN_POINT('Ctrl Pts',(1143.81876411543,334.260854605872,90.957414501367));
#912=CARTESIAN_POINT('Ctrl Pts',(1146.14170914732,334.9124515265,95.8055814120821));
#913=CARTESIAN_POINT('Ctrl Pts',(1148.50968472029,335.874365691772,102.304240770827));
#914=CARTESIAN_POINT('Ctrl Pts',(1150.17208364015,337.014634336614,108.926633679356));
#915=CARTESIAN_POINT('Ctrl Pts',(1151.17283400908,338.009928044531,114.019454096012));
#916=CARTESIAN_POINT('Ctrl Pts',(1151.58767416334,338.534807408504,116.477092334596));
#917=CARTESIAN_POINT('Ctrl Pts',(1151.77970166416,338.803909724442,117.678820185961));
#918=CARTESIAN_POINT('Ctrl Pts',(1071.00000000717,330.410418979777,56.7988456712094));
#919=CARTESIAN_POINT('Ctrl Pts',(1076.08297655275,330.357789805061,56.8611287799845));
#920=CARTESIAN_POINT('Ctrl Pts',(1083.37119128567,330.338828794176,57.2273457123701));
#921=CARTESIAN_POINT('Ctrl Pts',(1092.43966423463,330.425887772002,58.3538394453846));
#922=CARTESIAN_POINT('Ctrl Pts',(1098.92831208439,330.544763075059,59.535639367865));
#923=CARTESIAN_POINT('Ctrl Pts',(1105.11610960743,330.714720304379,61.0718317632366));
#924=CARTESIAN_POINT('Ctrl Pts',(1109.04984736122,330.86036103318,62.3424805659177));
#925=CARTESIAN_POINT('Ctrl Pts',(1112.36360647731,330.99919834235,63.5487853157091));
#926=CARTESIAN_POINT('Ctrl Pts',(1115.10068265959,331.123943270742,64.6298853941301));
#927=CARTESIAN_POINT('Ctrl Pts',(1120.35844477425,331.406048472769,67.0694633269961));
#928=CARTESIAN_POINT('Ctrl Pts',(1126.47838826904,331.820572721526,70.6540882684004));
#929=CARTESIAN_POINT('Ctrl Pts',(1132.77636160227,332.404600246274,75.7211190721075));
#930=CARTESIAN_POINT('Ctrl Pts',(1137.96667883939,333.070188660063,81.5141090788475));
#931=CARTESIAN_POINT('Ctrl Pts',(1141.45603132003,333.691307038092,86.6755740561066));
#932=CARTESIAN_POINT('Ctrl Pts',(1143.8240296749,334.241542906031,90.9653709379847));
#933=CARTESIAN_POINT('Ctrl Pts',(1146.14605370517,334.894964367663,95.813084807586));
#934=CARTESIAN_POINT('Ctrl Pts',(1148.51295543661,335.85943376586,102.31059378203));
#935=CARTESIAN_POINT('Ctrl Pts',(1150.17446993179,337.002562307748,108.930888721074));
#936=CARTESIAN_POINT('Ctrl Pts',(1151.17464524927,338.000271270462,114.021454835882));
#937=CARTESIAN_POINT('Ctrl Pts',(1151.58923911997,338.526400666897,116.477773307287));
#938=CARTESIAN_POINT('Ctrl Pts',(1151.78115306124,338.796138566123,117.678793059391));
#939=CARTESIAN_POINT('Ctrl Pts',(1071.00000000713,330.015566262405,56.7604052307508));
#940=CARTESIAN_POINT('Ctrl Pts',(1076.11166777554,329.964710634008,56.8240956952739));
#941=CARTESIAN_POINT('Ctrl Pts',(1083.43462160544,329.950129820573,57.196267158723));
#942=CARTESIAN_POINT('Ctrl Pts',(1092.53439027734,330.046279116389,58.3365522264281));
#943=CARTESIAN_POINT('Ctrl Pts',(1099.03954618736,330.173532723526,59.5310240988611));
#944=CARTESIAN_POINT('Ctrl Pts',(1105.23748775143,330.353361717024,61.0815598857022));
#945=CARTESIAN_POINT('Ctrl Pts',(1109.17417542521,330.506534250191,62.362407658347));
#946=CARTESIAN_POINT('Ctrl Pts',(1112.48902395403,330.652258593528,63.5775653381418));
#947=CARTESIAN_POINT('Ctrl Pts',(1115.22613057668,330.783029937961,64.6661403091977));
#948=CARTESIAN_POINT('Ctrl Pts',(1120.48091089344,331.078105288053,67.1204022916341));
#949=CARTESIAN_POINT('Ctrl Pts',(1126.59236197239,331.510494875753,70.7221142269414));
#950=CARTESIAN_POINT('Ctrl Pts',(1132.87583223953,332.117798905388,75.8046814543932));
#951=CARTESIAN_POINT('Ctrl Pts',(1138.05029112781,332.808164306999,81.6063427949364));
#952=CARTESIAN_POINT('Ctrl Pts',(1141.52655817343,333.450945513767,86.7693748745946));
#953=CARTESIAN_POINT('Ctrl Pts',(1143.88455014604,334.019443662503,91.0569025451006));
#954=CARTESIAN_POINT('Ctrl Pts',(1146.19598163343,334.693871534565,95.8994026490496));
#955=CARTESIAN_POINT('Ctrl Pts',(1148.55053519236,335.687755172766,102.383675142951));
#956=CARTESIAN_POINT('Ctrl Pts',(1150.20188080327,336.863796625079,108.979834692337));
#957=CARTESIAN_POINT('Ctrl Pts',(1151.19544355386,337.889295784167,114.044469131333));
#958=CARTESIAN_POINT('Ctrl Pts',(1151.60720491284,338.429806375007,116.485606192634));
#959=CARTESIAN_POINT('Ctrl Pts',(1151.79781234737,338.706855871213,117.678481402723));
#960=CARTESIAN_POINT('Ctrl Pts',(1071.0000000066,329.436614298644,56.7037422853155));
#961=CARTESIAN_POINT('Ctrl Pts',(1076.15336166098,329.388362752709,56.7695396467221));
#962=CARTESIAN_POINT('Ctrl Pts',(1083.52687837618,329.38028101317,57.1503874090931));
#963=CARTESIAN_POINT('Ctrl Pts',(1092.67208622138,329.489997646745,58.3108589943327));
#964=CARTESIAN_POINT('Ctrl Pts',(1099.20118796887,329.629765742926,59.5238576599482));
#965=CARTESIAN_POINT('Ctrl Pts',(1105.4137881734,329.824342439385,61.0953713471396));
#966=CARTESIAN_POINT('Ctrl Pts',(1109.35469210223,329.988761756124,62.3911321676686));
#967=CARTESIAN_POINT('Ctrl Pts',(1112.67105574216,330.144765597123,63.6192353060007));
#968=CARTESIAN_POINT('Ctrl Pts',(1115.40814484419,330.284529582499,64.7187402303044));
#969=CARTESIAN_POINT('Ctrl Pts',(1120.65845985112,330.598944562478,67.1944717747173));
#970=CARTESIAN_POINT('Ctrl Pts',(1126.75740055358,331.057939643196,70.8211606042458));
#971=CARTESIAN_POINT('Ctrl Pts',(1133.01962585614,331.699834777107,75.9264187671404));
#972=CARTESIAN_POINT('Ctrl Pts',(1138.17093397323,332.426933784591,81.740711322866));
#973=CARTESIAN_POINT('Ctrl Pts',(1141.62814724243,333.101751056476,86.9059982280843));
#974=CARTESIAN_POINT('Ctrl Pts',(1143.97159509769,333.697200409162,91.1901916470833));
#975=CARTESIAN_POINT('Ctrl Pts',(1146.26765326367,334.402584770881,96.0250635803758));
#976=CARTESIAN_POINT('Ctrl Pts',(1148.60433009525,335.439709953618,102.490018041036));
#977=CARTESIAN_POINT('Ctrl Pts',(1150.2409787122,336.663953545317,109.051025837182));
#978=CARTESIAN_POINT('Ctrl Pts',(1151.2249689343,337.730030854178,114.0779348796));
#979=CARTESIAN_POINT('Ctrl Pts',(1151.63261887185,338.291499552743,116.496994048982));
#980=CARTESIAN_POINT('Ctrl Pts',(1151.82132239687,338.579192698043,117.678035772314));
#981=CARTESIAN_POINT('Ctrl Pts',(1071.00000000652,328.688826358935,56.6300449820967));
#982=CARTESIAN_POINT('Ctrl Pts',(1076.20702162419,328.643951937508,56.6985531502749));
#983=CARTESIAN_POINT('Ctrl Pts',(1083.64546998811,328.644382088751,57.0906961181473));
#984=CARTESIAN_POINT('Ctrl Pts',(1092.84901853382,328.771891146246,58.2772779680107));
#985=CARTESIAN_POINT('Ctrl Pts',(1099.40878313406,328.928079357279,59.5142594366276));
#986=CARTESIAN_POINT('Ctrl Pts',(1105.64007848189,329.142001122872,61.1129159598367));
#987=CARTESIAN_POINT('Ctrl Pts',(1109.58627655288,329.321165981023,62.4279742651086));
#988=CARTESIAN_POINT('Ctrl Pts',(1112.90447132448,329.490642142775,63.672826035662));
#989=CARTESIAN_POINT('Ctrl Pts',(1115.64143543579,329.642188657149,64.7864712713801));
#990=CARTESIAN_POINT('Ctrl Pts',(1120.88579413339,329.98192811517,67.2899725598076));
#991=CARTESIAN_POINT('Ctrl Pts',(1126.96838256447,330.475727367241,70.9489526198713));
#992=CARTESIAN_POINT('Ctrl Pts',(1133.20304408723,331.16279817878,76.0835044453289));
#993=CARTESIAN_POINT('Ctrl Pts',(1138.32445123606,331.937786238388,81.9140275808016));
#994=CARTESIAN_POINT('Ctrl Pts',(1141.75714128378,332.654291922337,87.0821357619919));
#995=CARTESIAN_POINT('Ctrl Pts',(1144.08191738361,333.284760529143,91.3619565353379));
#996=CARTESIAN_POINT('Ctrl Pts',(1146.35826987405,334.030329333244,96.1869167836224));
#997=CARTESIAN_POINT('Ctrl Pts',(1148.67211482373,335.123488139496,102.626892346512));
#998=CARTESIAN_POINT('Ctrl Pts',(1150.2900405122,336.410034366448,109.142583265352));
#999=CARTESIAN_POINT('Ctrl Pts',(1151.26180558135,337.528455872527,114.120947074982));
#1000=CARTESIAN_POINT('Ctrl Pts',(1151.66417766126,338.116922502296,116.511637029782));
#1001=CARTESIAN_POINT('Ctrl Pts',(1151.85042963387,338.418318235712,117.677474212215));
#1002=CARTESIAN_POINT('Ctrl Pts',(1071.00000000636,328.126755328168,56.5743713291062));
#1003=CARTESIAN_POINT('Ctrl Pts',(1076.24737118274,328.084439166445,56.6449465419824));
#1004=CARTESIAN_POINT('Ctrl Pts',(1083.73465738565,328.091306199527,57.045613959866));
#1005=CARTESIAN_POINT('Ctrl Pts',(1092.98203161955,328.232263067609,58.2519131342797));
#1006=CARTESIAN_POINT('Ctrl Pts',(1099.56480423427,328.400856982124,59.5069985995618));
#1007=CARTESIAN_POINT('Ctrl Pts',(1105.81008682263,328.629390072835,61.1261452216701));
#1008=CARTESIAN_POINT('Ctrl Pts',(1109.76020777042,328.819688941269,62.4557693149845));
#1009=CARTESIAN_POINT('Ctrl Pts',(1113.07972499285,328.9993361989,63.7132623745725));
#1010=CARTESIAN_POINT('Ctrl Pts',(1115.81654661912,329.159777257629,64.8375796593699));
#1011=CARTESIAN_POINT('Ctrl Pts',(1121.05632452534,329.518629935074,67.3620362283035));
#1012=CARTESIAN_POINT('Ctrl Pts',(1127.12648997352,330.038688924852,71.045374590404));
#1013=CARTESIAN_POINT('Ctrl Pts',(1133.34030581224,330.759830631124,76.2019979829488));
#1014=CARTESIAN_POINT('Ctrl Pts',(1138.43916460617,331.570921992017,82.044705794996));
#1015=CARTESIAN_POINT('Ctrl Pts',(1141.85340267546,332.318845308105,87.2148848366778));
#1016=CARTESIAN_POINT('Ctrl Pts',(1144.16415201784,332.975698985133,91.4913655004283));
#1017=CARTESIAN_POINT('Ctrl Pts',(1146.42571847971,333.75153971415,96.3088096057358));
#1018=CARTESIAN_POINT('Ctrl Pts',(1148.72247056018,334.886899814315,102.729915916131));
#1019=CARTESIAN_POINT('Ctrl Pts',(1150.32640051178,336.220355887461,109.21145958196));
#1020=CARTESIAN_POINT('Ctrl Pts',(1151.28901152011,337.378182951648,114.153291529352));
#1021=CARTESIAN_POINT('Ctrl Pts',(1151.68741980179,337.98697236825,116.522647333624));
#1022=CARTESIAN_POINT('Ctrl Pts',(1151.87182510686,338.298682112957,117.677056601652));
#1023=CARTESIAN_POINT('Ctrl Pts',(1071.00000000626,327.565231633047,56.5184533850937));
#1024=CARTESIAN_POINT('Ctrl Pts',(1076.28783229789,327.525496736326,56.5911155848197));
#1025=CARTESIAN_POINT('Ctrl Pts',(1083.82406952524,327.538822780893,57.0003704316636));
#1026=CARTESIAN_POINT('Ctrl Pts',(1093.11534118185,327.693235429288,58.2265041444266));
#1027=CARTESIAN_POINT('Ctrl Pts',(1099.72112961666,327.874232733781,59.4998014964278));
#1028=CARTESIAN_POINT('Ctrl Pts',(1105.98036797673,328.117367574519,61.1395576827255));
#1029=CARTESIAN_POINT('Ctrl Pts',(1109.9343663433,328.318790301867,62.4838314705724));
#1030=CARTESIAN_POINT('Ctrl Pts',(1113.25515781198,328.508598729104,63.7540374569756));
#1031=CARTESIAN_POINT('Ctrl Pts',(1115.99179101445,328.677925234331,64.8890866556645));
#1032=CARTESIAN_POINT('Ctrl Pts',(1121.22688094892,329.055870750653,67.4346121971133));
#1033=CARTESIAN_POINT('Ctrl Pts',(1127.28447376947,329.602161150976,71.1424308756731));
#1034=CARTESIAN_POINT('Ctrl Pts',(1133.47728299676,330.357341190717,76.3212081965183));
#1035=CARTESIAN_POINT('Ctrl Pts',(1138.5534818151,331.204510749394,82.176096820638));
#1036=CARTESIAN_POINT('Ctrl Pts',(1141.94921657344,331.98384120505,87.3482912506201));
#1037=CARTESIAN_POINT('Ctrl Pts',(1144.24592221896,332.667080731421,91.6213644726359));
#1038=CARTESIAN_POINT('Ctrl Pts',(1146.49270074397,333.473202523424,96.4312041958262));
#1039=CARTESIAN_POINT('Ctrl Pts',(1148.77239646023,334.650797601298,102.83330185464));
#1040=CARTESIAN_POINT('Ctrl Pts',(1150.36238136498,336.031244587147,109.280536784342));
#1041=CARTESIAN_POINT('Ctrl Pts',(1151.31585518187,337.228577826213,114.185715481316));
#1042=CARTESIAN_POINT('Ctrl Pts',(1151.71029412464,337.857753293048,116.533684511447));
#1043=CARTESIAN_POINT('Ctrl Pts',(1151.89284539894,338.179812344442,117.676641666188));
#1044=CARTESIAN_POINT('Ctrl Pts',(1071.00000000614,327.098934956864,56.4717541852818));
#1045=CARTESIAN_POINT('Ctrl Pts',(1076.32162753204,327.061370849263,56.5461784196038));
#1046=CARTESIAN_POINT('Ctrl Pts',(1083.8987560873,327.080073470476,56.9626282428268));
#1047=CARTESIAN_POINT('Ctrl Pts',(1093.22666114565,327.245640263158,58.2053828962926));
#1048=CARTESIAN_POINT('Ctrl Pts',(1099.85163699687,327.436906654804,59.4939374069893));
#1049=CARTESIAN_POINT('Ctrl Pts',(1106.12248013902,327.692123617783,61.15095914318));
#1050=CARTESIAN_POINT('Ctrl Pts',(1110.07967444759,327.902748505782,62.5075040143122));
#1051=CARTESIAN_POINT('Ctrl Pts',(1113.40149023685,328.100962725732,63.7883579697434));
#1052=CARTESIAN_POINT('Ctrl Pts',(1116.13793048805,328.277639719354,64.9323953093895));
#1053=CARTESIAN_POINT('Ctrl Pts',(1121.36903023457,328.671381139564,67.4955630230757));
#1054=CARTESIAN_POINT('Ctrl Pts',(1127.41602982607,329.239378299178,71.223871246762));
#1055=CARTESIAN_POINT('Ctrl Pts',(1133.59120995285,330.022741925453,76.4211654720618));
#1056=CARTESIAN_POINT('Ctrl Pts',(1138.64844217931,330.899808100658,82.2861909701437));
#1057=CARTESIAN_POINT('Ctrl Pts',(1142.02872164333,331.705189492958,87.4600121892822));
#1058=CARTESIAN_POINT('Ctrl Pts',(1144.31371475425,332.410334248205,91.7301858459281));
#1059=CARTESIAN_POINT('Ctrl Pts',(1146.54817369631,333.241610604562,96.5336114008052));
#1060=CARTESIAN_POINT('Ctrl Pts',(1148.81369119988,334.454329977283,102.919749358155));
#1061=CARTESIAN_POINT('Ctrl Pts',(1150.39210014311,335.87393165856,109.338261006649));
#1062=CARTESIAN_POINT('Ctrl Pts',(1151.33797500939,337.104236813511,114.21279796547));
#1063=CARTESIAN_POINT('Ctrl Pts',(1151.72910248211,337.750445523831,116.542901712241));
#1064=CARTESIAN_POINT('Ctrl Pts',(1151.91010252877,338.081156706443,117.676297291634));
#1065=CARTESIAN_POINT('Ctrl Pts',(1071.00000000611,326.727223132186,56.4343686730903));
#1066=CARTESIAN_POINT('Ctrl Pts',(1076.34871610642,326.691406009016,56.5102072968965));
#1067=CARTESIAN_POINT('Ctrl Pts',(1083.95860119961,326.71439992592,56.9324445070928));
#1068=CARTESIAN_POINT('Ctrl Pts',(1093.31584610223,326.888832054562,58.1885437242359));
#1069=CARTESIAN_POINT('Ctrl Pts',(1099.95617452794,327.088251999307,59.4893501885295));
#1070=CARTESIAN_POINT('Ctrl Pts',(1106.23628795418,327.353057013923,61.1602344922553));
#1071=CARTESIAN_POINT('Ctrl Pts',(1110.19601895643,327.570983287998,62.5266315952172));
#1072=CARTESIAN_POINT('Ctrl Pts',(1113.51863300446,327.775867244043,63.816033845304));
#1073=CARTESIAN_POINT('Ctrl Pts',(1116.25489875968,327.958376699381,64.9672866244807));
#1074=CARTESIAN_POINT('Ctrl Pts',(1121.48275941863,328.364653444179,67.5446148305203));
#1075=CARTESIAN_POINT('Ctrl Pts',(1127.52121932137,328.949881487803,71.2893633797438));
#1076=CARTESIAN_POINT('Ctrl Pts',(1133.68222798957,329.755631368026,76.501499729027));
#1077=CARTESIAN_POINT('Ctrl Pts',(1138.72424249258,330.656464303666,82.3746232986945));
#1078=CARTESIAN_POINT('Ctrl Pts',(1142.09214036682,331.482575470616,87.5497126507158));
#1079=CARTESIAN_POINT('Ctrl Pts',(1144.36776085793,332.205166319947,91.8175298617398));
#1080=CARTESIAN_POINT('Ctrl Pts',(1146.59236869242,333.056489123763,96.6157775686946));
#1081=CARTESIAN_POINT('Ctrl Pts',(1148.84656761177,334.297230848595,102.989077276741));
#1082=CARTESIAN_POINT('Ctrl Pts',(1150.41574497583,335.748128469648,109.384531617591));
#1083=CARTESIAN_POINT('Ctrl Pts',(1151.35555099861,337.004828794523,114.234498222926));
#1084=CARTESIAN_POINT('Ctrl Pts',(1151.74402690306,337.66468737204,116.550286762052));
#1085=CARTESIAN_POINT('Ctrl Pts',(1151.92378263218,338.002336022281,117.676022154422));
#1086=CARTESIAN_POINT('Ctrl Pts',(1071.00000000607,326.356448256295,56.3969725891065));
#1087=CARTESIAN_POINT('Ctrl Pts',(1076.3758327686,326.322385591624,56.4742332280319));
#1088=CARTESIAN_POINT('Ctrl Pts',(1084.01850891147,326.349661707519,56.9022722429328));
#1089=CARTESIAN_POINT('Ctrl Pts',(1093.40511257327,326.532916259297,58.1717488115753));
#1090=CARTESIAN_POINT('Ctrl Pts',(1100.06079612259,326.740444068469,59.4848362655868));
#1091=CARTESIAN_POINT('Ctrl Pts',(1106.35017077984,327.014780080249,61.169615783548));
#1092=CARTESIAN_POINT('Ctrl Pts',(1110.31242570026,327.239963471138,62.5458877531152));
#1093=CARTESIAN_POINT('Ctrl Pts',(1113.63582440816,327.451476898442,63.8438575881661));
#1094=CARTESIAN_POINT('Ctrl Pts',(1116.37190266668,327.639783709989,65.0023418549703));
#1095=CARTESIAN_POINT('Ctrl Pts',(1121.59649407687,328.058521495822,67.5938606576416));
#1096=CARTESIAN_POINT('Ctrl Pts',(1127.62637266869,328.660881864583,71.3550807660923));
#1097=CARTESIAN_POINT('Ctrl Pts',(1133.77316646637,329.488900336262,76.5820770456455));
#1098=CARTESIAN_POINT('Ctrl Pts',(1138.79993550275,330.413389496442,82.4632903052249));
#1099=CARTESIAN_POINT('Ctrl Pts',(1142.15544148771,331.260148605044,87.639625385052));
#1100=CARTESIAN_POINT('Ctrl Pts',(1144.42168841406,332.000127639449,91.9050616517446));
#1101=CARTESIAN_POINT('Ctrl Pts',(1146.63644936608,332.871439168176,96.6981005270688));
#1102=CARTESIAN_POINT('Ctrl Pts',(1148.8793466689,334.140144681369,103.058515108391));
#1103=CARTESIAN_POINT('Ctrl Pts',(1150.43931222269,335.622314085684,109.430861106506));
#1104=CARTESIAN_POINT('Ctrl Pts',(1151.37305644078,336.905418284229,114.256220767056));
#1105=CARTESIAN_POINT('Ctrl Pts',(1151.75887954872,337.578941406686,116.557678456539));
#1106=CARTESIAN_POINT('Ctrl Pts',(1151.93738861651,337.923537652094,117.6757470951));
#1107=CARTESIAN_POINT('Ctrl Pts',(1071.00000000596,325.710081946821,56.3315147168636));
#1108=CARTESIAN_POINT('Ctrl Pts',(1076.42335481639,325.6791092316,56.4112853165912));
#1109=CARTESIAN_POINT('Ctrl Pts',(1084.12350542988,325.713852655325,56.8495111460988));
#1110=CARTESIAN_POINT('Ctrl Pts',(1093.56153325192,325.912427855872,58.1424823801591));
#1111=CARTESIAN_POINT('Ctrl Pts',(1100.2440948677,326.13401856528,59.4771351202977));
#1112=CARTESIAN_POINT('Ctrl Pts',(1106.54965332211,326.424877044907,61.1863146043095));
#1113=CARTESIAN_POINT('Ctrl Pts',(1110.51629262459,326.662638861424,62.5799251968157));
#1114=CARTESIAN_POINT('Ctrl Pts',(1113.84102990224,326.885643350439,63.8929374600531));
#1115=CARTESIAN_POINT('Ctrl Pts',(1116.57674695301,327.083999213021,65.0641177065525));
#1116=CARTESIAN_POINT('Ctrl Pts',(1121.79554057897,327.524340018201,67.6805466803924));
#1117=CARTESIAN_POINT('Ctrl Pts',(1127.81029651888,328.156411550542,71.4706712880558));
#1118=CARTESIAN_POINT('Ctrl Pts',(1133.93210515279,329.023077092235,76.7237167703516));
#1119=CARTESIAN_POINT('Ctrl Pts',(1138.93212623731,329.988660806012,82.6190637862033));
#1120=CARTESIAN_POINT('Ctrl Pts',(1142.26592253485,330.871328299148,87.7975199602932));
#1121=CARTESIAN_POINT('Ctrl Pts',(1144.51576538149,331.641576527045,92.058725618493));
#1122=CARTESIAN_POINT('Ctrl Pts',(1146.71330767109,332.5477081135,96.8425683405529));
#1123=CARTESIAN_POINT('Ctrl Pts',(1148.93647386225,333.86518613998,103.180312289884));
#1124=CARTESIAN_POINT('Ctrl Pts',(1150.48037185263,335.402009081768,109.512087457255));
#1125=CARTESIAN_POINT('Ctrl Pts',(1151.40352700448,336.731337599638,114.294291536826));
#1126=CARTESIAN_POINT('Ctrl Pts',(1151.78470485267,337.428810228146,116.570630109126));
#1127=CARTESIAN_POINT('Ctrl Pts',(1151.96102613857,337.785590478818,117.675265566658));
#1128=CARTESIAN_POINT('Ctrl Pts',(1071.00000000555,324.793461566599,56.238000255373));
#1129=CARTESIAN_POINT('Ctrl Pts',(1076.49140048829,324.766959790307,56.3214288678743));
#1130=CARTESIAN_POINT('Ctrl Pts',(1084.27391675822,324.812287627664,56.7742763095562));
#1131=CARTESIAN_POINT('Ctrl Pts',(1093.78551952728,325.032401323943,58.1010450799467));
#1132=CARTESIAN_POINT('Ctrl Pts',(1100.50649727515,325.273712469645,59.4667014264673));
#1133=CARTESIAN_POINT('Ctrl Pts',(1106.8351108013,325.587715548562,61.2109648277959));
#1134=CARTESIAN_POINT('Ctrl Pts',(1110.80792686408,325.84309095436,62.6295005087115));
#1135=CARTESIAN_POINT('Ctrl Pts',(1114.13448394651,326.082187876507,63.9641352770984));
#1136=CARTESIAN_POINT('Ctrl Pts',(1116.86959634713,326.294617796546,65.1535634477081));
#1137=CARTESIAN_POINT('Ctrl Pts',(1122.07990328055,326.765223789885,67.8057860989721));
#1138=CARTESIAN_POINT('Ctrl Pts',(1128.07277677452,327.438948376657,71.6374170822768));
#1139=CARTESIAN_POINT('Ctrl Pts',(1134.15860798499,328.359878016923,76.927792374825));
#1140=CARTESIAN_POINT('Ctrl Pts',(1139.12024767926,329.38327651123,82.8432609901788));
#1141=CARTESIAN_POINT('Ctrl Pts',(1142.42297985543,330.316577780051,88.0245811080342));
#1142=CARTESIAN_POINT('Ctrl Pts',(1144.64939942993,331.129594437612,92.2795644321967));
#1143=CARTESIAN_POINT('Ctrl Pts',(1146.82239509719,332.08499324866,97.0500449499502));
#1144=CARTESIAN_POINT('Ctrl Pts',(1149.01751990487,333.471653919297,103.355064880172));
#1145=CARTESIAN_POINT('Ctrl Pts',(1150.53862268609,335.086322668308,109.628524474327));
#1146=CARTESIAN_POINT('Ctrl Pts',(1151.44670857331,336.481716246869,114.348826837216));
#1147=CARTESIAN_POINT('Ctrl Pts',(1151.8212443669,337.213497531471,116.589171224811));
#1148=CARTESIAN_POINT('Ctrl Pts',(1151.99442280976,337.587751956363,117.674574977088));
#1149=CARTESIAN_POINT('Ctrl Pts',(1071.00000000527,323.698726960749,56.1257785213632));
#1150=CARTESIAN_POINT('Ctrl Pts',(1076.57332392093,323.677666457391,56.2136330956699));
#1151=CARTESIAN_POINT('Ctrl Pts',(1084.45492919626,323.735642487092,56.6841959117368));
#1152=CARTESIAN_POINT('Ctrl Pts',(1094.05498374893,323.981252616711,58.0518295008554));
#1153=CARTESIAN_POINT('Ctrl Pts',(1100.82205970892,324.245848904997,59.4549845031162));
#1154=CARTESIAN_POINT('Ctrl Pts',(1107.17823912979,324.587144737596,61.2416755705212));
#1155=CARTESIAN_POINT('Ctrl Pts',(1111.15833597144,324.863280636748,62.6903520618546));
#1156=CARTESIAN_POINT('Ctrl Pts',(1114.48694008772,325.121345744504,64.0511297226644));
#1157=CARTESIAN_POINT('Ctrl Pts',(1117.22119793698,325.35036494934,65.2626186362035));
#1158=CARTESIAN_POINT('Ctrl Pts',(1122.42102588401,325.856653351495,67.9580995176746));
#1159=CARTESIAN_POINT('Ctrl Pts',(1128.38724296222,326.5795144092,71.8398537483771));
#1160=CARTESIAN_POINT('Ctrl Pts',(1134.42951094252,327.564544064908,77.175197226407));
#1161=CARTESIAN_POINT('Ctrl Pts',(1139.3448797203,328.656361764189,83.1147067049158));
#1162=CARTESIAN_POINT('Ctrl Pts',(1142.61029736681,329.649712350611,88.2992149540262));
#1163=CARTESIAN_POINT('Ctrl Pts',(1144.80865722424,330.513547589405,92.5464660743778));
#1164=CARTESIAN_POINT('Ctrl Pts',(1146.95230283577,331.527566150188,97.3005811318689));
#1165=CARTESIAN_POINT('Ctrl Pts',(1149.1140360801,332.996738920521,103.565842068493));
#1166=CARTESIAN_POINT('Ctrl Pts',(1150.60805662131,334.704623541394,109.768800263258));
#1167=CARTESIAN_POINT('Ctrl Pts',(1151.49816206538,336.179387834523,114.414460630163));
#1168=CARTESIAN_POINT('Ctrl Pts',(1151.8647176135,336.952477777385,116.611472302946));
#1169=CARTESIAN_POINT('Ctrl Pts',(1152.03410077169,337.347796128313,117.673737369803));
#1170=CARTESIAN_POINT('Ctrl Pts',(1071.0000000049,322.875657580698,56.04180557631));
#1171=CARTESIAN_POINT('Ctrl Pts',(1076.63488041161,322.858736426811,56.1330326268541));
#1172=CARTESIAN_POINT('Ctrl Pts',(1084.59098798458,322.926240925218,56.6169434630137));
#1173=CARTESIAN_POINT('Ctrl Pts',(1094.25743951553,323.190979298685,58.0154342865313));
#1174=CARTESIAN_POINT('Ctrl Pts',(1101.05907391207,323.473017931457,59.4468957109697));
#1175=CARTESIAN_POINT('Ctrl Pts',(1107.43584053133,323.834741154945,61.2656200109089));
#1176=CARTESIAN_POINT('Ctrl Pts',(1111.42130112941,324.126407269372,62.7370494329886));
#1177=CARTESIAN_POINT('Ctrl Pts',(1114.75134148212,324.398659732165,64.1175602680478));
#1178=CARTESIAN_POINT('Ctrl Pts',(1117.48486562513,324.640085924746,65.3456994980557));
#1179=CARTESIAN_POINT('Ctrl Pts',(1122.67662690488,325.173057513007,68.0738195151129));
#1180=CARTESIAN_POINT('Ctrl Pts',(1128.62257884251,325.932659563637,71.9933642619291));
#1181=CARTESIAN_POINT('Ctrl Pts',(1134.63191374509,326.965626350481,77.3625282584165));
#1182=CARTESIAN_POINT('Ctrl Pts',(1139.51244797526,328.108630767465,83.3199714730393));
#1183=CARTESIAN_POINT('Ctrl Pts',(1142.7498700589,329.146931203339,88.5066816191444));
#1184=CARTESIAN_POINT('Ctrl Pts',(1144.92723226024,330.048828313552,92.7479385487203));
#1185=CARTESIAN_POINT('Ctrl Pts',(1147.04895769608,331.106769509286,97.4895390644391));
#1186=CARTESIAN_POINT('Ctrl Pts',(1149.18584949369,332.637815249897,103.724630786527));
#1187=CARTESIAN_POINT('Ctrl Pts',(1150.65976385343,334.415698350218,109.874358494838));
#1188=CARTESIAN_POINT('Ctrl Pts',(1151.53646295725,335.950138292001,114.463803798068));
#1189=CARTESIAN_POINT('Ctrl Pts',(1151.89703015299,336.754313142918,116.628222787765));
#1190=CARTESIAN_POINT('Ctrl Pts',(1152.06354911407,337.165488600859,117.673100993857));
#1191=CARTESIAN_POINT('Ctrl Pts',(1071.00000000485,322.324001353994,55.9861306934576));
#1192=CARTESIAN_POINT('Ctrl Pts',(1076.67598491317,322.309857832605,56.0795914992723));
#1193=CARTESIAN_POINT('Ctrl Pts',(1084.6817676255,322.383771912391,56.5724562346387));
#1194=CARTESIAN_POINT('Ctrl Pts',(1094.39250353297,322.661365751869,57.9915691029988));
#1195=CARTESIAN_POINT('Ctrl Pts',(1101.21715341847,322.955126325817,59.4419630230787));
#1196=CARTESIAN_POINT('Ctrl Pts',(1107.60760423572,323.330573011655,61.2821068170666));
#1197=CARTESIAN_POINT('Ctrl Pts',(1111.59659760675,323.632669364114,62.7687514851675));
#1198=CARTESIAN_POINT('Ctrl Pts',(1114.92755335564,323.914448462547,64.1624562417912));
#1199=CARTESIAN_POINT('Ctrl Pts',(1117.66055016898,324.164204602936,65.4017275293776));
#1200=CARTESIAN_POINT('Ctrl Pts',(1122.84684940786,324.715086347936,68.1516644113805));
#1201=CARTESIAN_POINT('Ctrl Pts',(1128.77918219555,325.499339185315,72.0964561296309));
#1202=CARTESIAN_POINT('Ctrl Pts',(1134.76646120016,326.564447920248,77.4881775491791));
#1203=CARTESIAN_POINT('Ctrl Pts',(1139.62372451623,327.741751904918,83.457514780526));
#1204=CARTESIAN_POINT('Ctrl Pts',(1142.84248373629,328.810154685936,88.6456014460215));
#1205=CARTESIAN_POINT('Ctrl Pts',(1145.00587060874,329.737529855127,92.8827740527645));
#1206=CARTESIAN_POINT('Ctrl Pts',(1147.11302114017,330.824864370757,97.6159269452407));
#1207=CARTESIAN_POINT('Ctrl Pts',(1149.23343630791,332.397295560775,103.830760880218));
#1208=CARTESIAN_POINT('Ctrl Pts',(1150.69403343179,334.221970993124,109.944856990922));
#1209=CARTESIAN_POINT('Ctrl Pts',(1151.56182909212,335.796286101248,114.496735362057));
#1210=CARTESIAN_POINT('Ctrl Pts',(1151.91840159116,336.621225533062,116.639399508822));
#1211=CARTESIAN_POINT('Ctrl Pts',(1152.08300535385,337.042992630432,117.672673400515));
#1212=CARTESIAN_POINT('Ctrl Pts',(1071.00000000484,322.047543122404,55.9583700739956));
#1213=CARTESIAN_POINT('Ctrl Pts',(1076.69654407309,322.034792621582,56.0529493125577));
#1214=CARTESIAN_POINT('Ctrl Pts',(1084.72717134876,322.111922924826,56.5502955757443));
#1215=CARTESIAN_POINT('Ctrl Pts',(1094.46004991895,322.395967906275,57.979730270107));
#1216=CARTESIAN_POINT('Ctrl Pts',(1101.29620314571,322.695610552536,59.4396007454204));
#1217=CARTESIAN_POINT('Ctrl Pts',(1107.69348722301,323.077943019113,61.2904660101319));
#1218=CARTESIAN_POINT('Ctrl Pts',(1111.68423838009,323.385272102464,62.7847264406954));
#1219=CARTESIAN_POINT('Ctrl Pts',(1115.015643395,323.671830226035,64.1850349671358));
#1220=CARTESIAN_POINT('Ctrl Pts',(1117.74836884408,323.925764855066,65.429877879813));
#1221=CARTESIAN_POINT('Ctrl Pts',(1122.93192028988,324.485629661826,68.1907331694349));
#1222=CARTESIAN_POINT('Ctrl Pts',(1128.85742204345,325.282244086176,72.1481571742734));
#1223=CARTESIAN_POINT('Ctrl Pts',(1134.83365330762,326.363466388163,77.5511572877356));
#1224=CARTESIAN_POINT('Ctrl Pts',(1139.67927184809,327.557960636487,83.5264274996698));
#1225=CARTESIAN_POINT('Ctrl Pts',(1142.88869985103,328.641445833665,88.7151831756623));
#1226=CARTESIAN_POINT('Ctrl Pts',(1145.04510357627,329.581583696229,92.9502954104145));
#1227=CARTESIAN_POINT('Ctrl Pts',(1147.14497463712,330.683640092556,97.6792029440988));
#1228=CARTESIAN_POINT('Ctrl Pts',(1149.257168333,332.276794602674,103.88387829559));
#1229=CARTESIAN_POINT('Ctrl Pts',(1150.71112384902,334.124893283086,109.980130402108));
#1230=CARTESIAN_POINT('Ctrl Pts',(1151.57447447438,335.719164483334,114.513208216579));
#1231=CARTESIAN_POINT('Ctrl Pts',(1151.92904943239,336.554494312979,116.644989193849));
#1232=CARTESIAN_POINT('Ctrl Pts',(1152.09269432128,336.981560977179,117.672458962719));
#1233=CARTESIAN_POINT('Ctrl Pts',(1071.00000000481,321.770394003025,55.9307006688902));
#1234=CARTESIAN_POINT('Ctrl Pts',(1076.71710840228,321.759040743614,56.0264003602967));
#1235=CARTESIAN_POINT('Ctrl Pts',(1084.77258703826,321.839399640552,56.5282312865477));
#1236=CARTESIAN_POINT('Ctrl Pts',(1094.52760732143,322.129922462453,57.967997633439));
#1237=CARTESIAN_POINT('Ctrl Pts',(1101.37525903263,322.435471501739,59.4373537085973));
#1238=CARTESIAN_POINT('Ctrl Pts',(1107.77936711501,322.824717709542,61.2989509075511));
#1239=CARTESIAN_POINT('Ctrl Pts',(1111.77186736171,323.137300104628,62.8008342719466));
#1240=CARTESIAN_POINT('Ctrl Pts',(1115.10371316667,323.428655640724,64.2077525482604));
#1241=CARTESIAN_POINT('Ctrl Pts',(1117.83615953369,323.686784603943,65.4581719730311));
#1242=CARTESIAN_POINT('Ctrl Pts',(1123.01694648834,324.255665344134,68.2299542208939));
#1243=CARTESIAN_POINT('Ctrl Pts',(1128.93559599307,325.064683972835,72.2000175613913));
#1244=CARTESIAN_POINT('Ctrl Pts',(1134.90076005913,326.162070078384,77.6142944930857));
#1245=CARTESIAN_POINT('Ctrl Pts',(1139.73472478208,327.373802272273,83.5954822040051));
#1246=CARTESIAN_POINT('Ctrl Pts',(1142.93482192731,328.472406531917,88.7848867631631));
#1247=CARTESIAN_POINT('Ctrl Pts',(1145.08424707507,329.425334665166,93.0179198939926));
#1248=CARTESIAN_POINT('Ctrl Pts',(1147.17684672783,330.542142138763,97.7425600563947));
#1249=CARTESIAN_POINT('Ctrl Pts',(1149.28083576559,332.156054895703,103.937046799308));
#1250=CARTESIAN_POINT('Ctrl Pts',(1150.72816657407,334.027606490895,110.015426979622));
#1251=CARTESIAN_POINT('Ctrl Pts',(1151.58707883287,335.641852929437,114.529687688039));
#1252=CARTESIAN_POINT('Ctrl Pts',(1151.93965612897,336.487581081494,116.650579965192));
#1253=CARTESIAN_POINT('Ctrl Pts',(1152.10234087542,336.919950810008,117.672243901789));
#1254=CARTESIAN_POINT('Ctrl Pts',(1071.00000000479,321.214682352148,55.8755740570018));
#1255=CARTESIAN_POINT('Ctrl Pts',(1076.75824967253,321.206131349876,55.9735147447576));
#1256=CARTESIAN_POINT('Ctrl Pts',(1084.86343712364,321.292973620416,56.4843244696487));
#1257=CARTESIAN_POINT('Ctrl Pts',(1094.66273848348,321.596508097205,57.9447696827635));
#1258=CARTESIAN_POINT('Ctrl Pts',(1101.53337554118,321.91392145352,59.4331133215395));
#1259=CARTESIAN_POINT('Ctrl Pts',(1107.95111254718,322.317054455619,61.316192451408));
#1260=CARTESIAN_POINT('Ctrl Pts',(1111.94709316979,322.640187239657,62.8333342630542));
#1261=CARTESIAN_POINT('Ctrl Pts',(1115.27980339962,322.941176737107,64.2534823266949));
#1262=CARTESIAN_POINT('Ctrl Pts',(1118.01167611446,323.207728086368,65.5150631363863));
#1263=CARTESIAN_POINT('Ctrl Pts',(1123.18690069101,323.794710723913,68.3087135087908));
#1264=CARTESIAN_POINT('Ctrl Pts',(1129.09180343874,324.628628648269,72.3040660439582));
#1265=CARTESIAN_POINT('Ctrl Pts',(1135.03479466401,325.758449426524,77.7408891995088));
#1266=CARTESIAN_POINT('Ctrl Pts',(1139.84543403074,327.004759009107,83.7338780683192));
#1267=CARTESIAN_POINT('Ctrl Pts',(1143.02687042714,328.133679182384,88.9245383171945));
#1268=CARTESIAN_POINT('Ctrl Pts',(1145.16234773596,329.112246161589,93.1533746666294));
#1269=CARTESIAN_POINT('Ctrl Pts',(1147.24042050168,330.258617395195,97.8694351965946));
#1270=CARTESIAN_POINT('Ctrl Pts',(1149.32803364497,331.914119672971,104.043484289941));
#1271=CARTESIAN_POINT('Ctrl Pts',(1150.76214883589,333.832637887324,110.086064709174));
#1272=CARTESIAN_POINT('Ctrl Pts',(1151.61219776433,335.486872852061,114.562658641702));
#1273=CARTESIAN_POINT('Ctrl Pts',(1151.96077935342,336.353412741868,116.661763723025));
#1274=CARTESIAN_POINT('Ctrl Pts',(1152.12154145271,336.796395155919,117.67181260944));
#1275=CARTESIAN_POINT('Ctrl Pts',(1071.00000000448,320.562129824436,55.8119768434643));
#1276=CARTESIAN_POINT('Ctrl Pts',(1076.80622227906,320.556877246161,55.9125792580162));
#1277=CARTESIAN_POINT('Ctrl Pts',(1084.96948418974,320.651353614901,56.4338278747363));
#1278=CARTESIAN_POINT('Ctrl Pts',(1094.82040920494,320.97024165095,57.9184564283882));
#1279=CARTESIAN_POINT('Ctrl Pts',(1101.71783436297,321.301653160587,59.4289842643468));
#1280=CARTESIAN_POINT('Ctrl Pts',(1108.15141055346,321.721169502805,61.3371728201005));
#1281=CARTESIAN_POINT('Ctrl Pts',(1112.15140049238,322.056745347241,62.8721446558845));
#1282=CARTESIAN_POINT('Ctrl Pts',(1115.48506941462,322.369094455365,64.3077518951922));
#1283=CARTESIAN_POINT('Ctrl Pts',(1118.2162272458,322.645575646443,65.5823737577803));
#1284=CARTESIAN_POINT('Ctrl Pts',(1123.38486574195,323.253892204668,68.4015688699338));
#1285=CARTESIAN_POINT('Ctrl Pts',(1129.27361032396,324.11713809995,72.4264444718602));
#1286=CARTESIAN_POINT('Ctrl Pts',(1135.19062322941,325.28512862403,77.8895360720004));
#1287=CARTESIAN_POINT('Ctrl Pts',(1139.97399980752,326.572090241229,83.8961830930806));
#1288=CARTESIAN_POINT('Ctrl Pts',(1143.13366820828,327.736617466944,89.0881792317681));
#1289=CARTESIAN_POINT('Ctrl Pts',(1145.2528990092,328.745274906701,93.3120030470295));
#1290=CARTESIAN_POINT('Ctrl Pts',(1147.31407302616,329.926324159566,98.0179183681569));
#1291=CARTESIAN_POINT('Ctrl Pts',(1149.38267859662,331.630569047603,104.167941128126));
#1292=CARTESIAN_POINT('Ctrl Pts',(1150.80147084452,333.604061544422,110.168598375538));
#1293=CARTESIAN_POINT('Ctrl Pts',(1151.64121697725,335.305058600799,114.601160414273));
#1294=CARTESIAN_POINT('Ctrl Pts',(1151.9851387427,336.195921878334,116.674812180645));
#1295=CARTESIAN_POINT('Ctrl Pts',(1152.14364941875,336.651302871895,117.671306139735));
#1296=CARTESIAN_POINT('Ctrl Pts',(1071.00000000444,319.812610198243,55.7407633169985));
#1297=CARTESIAN_POINT('Ctrl Pts',(1076.86110208768,319.811150103519,55.8443646501067));
#1298=CARTESIAN_POINT('Ctrl Pts',(1085.0906607761,319.914438801942,56.3776004675385));
#1299=CARTESIAN_POINT('Ctrl Pts',(1095.0005477107,320.251034980873,57.8898616323425));
#1300=CARTESIAN_POINT('Ctrl Pts',(1101.92850982274,320.598592786789,59.4257664883854));
#1301=CARTESIAN_POINT('Ctrl Pts',(1108.38009741011,321.037000208744,61.3626672372907));
#1302=CARTESIAN_POINT('Ctrl Pts',(1112.38459099572,321.38691898455,62.9180287005845));
#1303=CARTESIAN_POINT('Ctrl Pts',(1115.71928318152,321.712359437695,64.3713101671214));
#1304=CARTESIAN_POINT('Ctrl Pts',(1118.44956064659,322.000282308867,65.6608401800092));
#1305=CARTESIAN_POINT('Ctrl Pts',(1123.61053871584,322.633173349729,68.5092263656757));
#1306=CARTESIAN_POINT('Ctrl Pts',(1129.48065220958,323.530185085891,72.5678108243727));
#1307=CARTESIAN_POINT('Ctrl Pts',(1135.36783112328,324.742085897458,78.0608167528384));
#1308=CARTESIAN_POINT('Ctrl Pts',(1140.11998650614,326.075776298316,84.0828766598448));
#1309=CARTESIAN_POINT('Ctrl Pts',(1143.25478519592,327.281200995922,89.2761927438753));
#1310=CARTESIAN_POINT('Ctrl Pts',(1145.35548800227,328.324398548877,93.4941100930043));
#1311=CARTESIAN_POINT('Ctrl Pts',(1147.39741070962,329.545239227948,98.1882316296694));
#1312=CARTESIAN_POINT('Ctrl Pts',(1149.44442301202,331.305375607477,104.310542075181));
#1313=CARTESIAN_POINT('Ctrl Pts',(1150.84583620006,333.341849554606,110.2630652939));
#1314=CARTESIAN_POINT('Ctrl Pts',(1151.67386160349,335.096385425564,114.645188962712));
#1315=CARTESIAN_POINT('Ctrl Pts',(1152.01245552171,336.015084005436,116.689731186515));
#1316=CARTESIAN_POINT('Ctrl Pts',(1152.16838600534,336.48465182447,117.670724415472));
#1317=CARTESIAN_POINT('Ctrl Pts',(1071.00000000437,319.063679362697,55.6706937348194));
#1318=CARTESIAN_POINT('Ctrl Pts',(1076.91596661085,319.066031147428,55.7772979846516));
#1319=CARTESIAN_POINT('Ctrl Pts',(1085.21181081592,319.17813739775,56.3225087652644));
#1320=CARTESIAN_POINT('Ctrl Pts',(1095.18060586909,319.532415483186,57.8623998547373));
#1321=CARTESIAN_POINT('Ctrl Pts',(1102.13905317869,319.896084171006,59.4236787325355));
#1322=CARTESIAN_POINT('Ctrl Pts',(1108.60858519832,320.353333850278,61.3892897627769));
#1323=CARTESIAN_POINT('Ctrl Pts',(1112.61752981451,320.717555176703,62.9650371666333));
#1324=CARTESIAN_POINT('Ctrl Pts',(1115.95319669971,321.056049331178,64.435987883359));
#1325=CARTESIAN_POINT('Ctrl Pts',(1118.68255102421,321.355380564149,65.740420642077));
#1326=CARTESIAN_POINT('Ctrl Pts',(1123.8357804176,322.012773436706,68.6179798895072));
#1327=CARTESIAN_POINT('Ctrl Pts',(1129.68715630798,322.943450651663,72.7102322470419));
#1328=CARTESIAN_POINT('Ctrl Pts',(1135.54440815963,324.199135970307,78.2330594323589));
#1329=CARTESIAN_POINT('Ctrl Pts',(1140.26530254262,325.579431538648,84.2703839014221));
#1330=CARTESIAN_POINT('Ctrl Pts',(1143.37523760123,326.825657887564,89.464871795429));
#1331=CARTESIAN_POINT('Ctrl Pts',(1145.45743809963,327.90332504443,93.6767579810782));
#1332=CARTESIAN_POINT('Ctrl Pts',(1147.48015263459,329.163884547482,98.3589465750909));
#1333=CARTESIAN_POINT('Ctrl Pts',(1149.50565774768,330.979833129349,104.453369286417));
#1334=CARTESIAN_POINT('Ctrl Pts',(1150.88977744032,333.079245099525,110.357616431388));
#1335=CARTESIAN_POINT('Ctrl Pts',(1151.70611700097,334.887316692908,114.689232818159));
#1336=CARTESIAN_POINT('Ctrl Pts',(1152.03938385601,335.833860981754,116.70464967721));
#1337=CARTESIAN_POINT('Ctrl Pts',(1152.19272852494,336.317623962438,117.670141375869));
#1338=CARTESIAN_POINT('Ctrl Pts',(1071.00000000413,317.756430926923,55.5513322270017));
#1339=CARTESIAN_POINT('Ctrl Pts',(1077.01190223159,317.765503472015,55.6632053029629));
#1340=CARTESIAN_POINT('Ctrl Pts',(1085.42369683919,317.893030040734,56.2293143645969));
#1341=CARTESIAN_POINT('Ctrl Pts',(1095.4954050331,318.27812224891,57.8175261368901));
#1342=CARTESIAN_POINT('Ctrl Pts',(1102.50705108868,318.669832640756,59.4231748458318));
#1343=CARTESIAN_POINT('Ctrl Pts',(1109.0077992133,319.159857404842,61.4389961952456));
#1344=CARTESIAN_POINT('Ctrl Pts',(1113.0243920917,319.548948559266,63.0503888757628));
#1345=CARTESIAN_POINT('Ctrl Pts',(1116.3616359419,319.910139363434,64.5522301839141));
#1346=CARTESIAN_POINT('Ctrl Pts',(1119.08926210036,320.229305697013,65.8827136679718));
#1347=CARTESIAN_POINT('Ctrl Pts',(1124.22870178075,320.929297375058,68.8112489382579));
#1348=CARTESIAN_POINT('Ctrl Pts',(1130.04701390793,321.918508259163,72.9622771515111));
#1349=CARTESIAN_POINT('Ctrl Pts',(1135.85165856805,323.250344685472,78.5370117337337));
#1350=CARTESIAN_POINT('Ctrl Pts',(1140.51774957861,324.711737939368,84.6006348273032));
#1351=CARTESIAN_POINT('Ctrl Pts',(1143.58419359296,326.029009149285,89.7967717194339));
#1352=CARTESIAN_POINT('Ctrl Pts',(1145.63408437416,327.166732637692,93.9977700770237));
#1353=CARTESIAN_POINT('Ctrl Pts',(1147.62329968085,328.496524171649,98.6587069239301));
#1354=CARTESIAN_POINT('Ctrl Pts',(1149.61139238143,330.409834787747,104.703867087708));
#1355=CARTESIAN_POINT('Ctrl Pts',(1150.96547065365,332.619192527466,110.523272027518));
#1356=CARTESIAN_POINT('Ctrl Pts',(1151.76145135548,334.520895892733,114.766336863967));
#1357=CARTESIAN_POINT('Ctrl Pts',(1152.08539936389,335.516180559206,116.730751091997));
#1358=CARTESIAN_POINT('Ctrl Pts',(1152.2342045927,336.024800088423,117.669119223545));
#1359=CARTESIAN_POINT('Ctrl Pts',(1071.00000000313,316.140013647248,55.408095656842));
#1360=CARTESIAN_POINT('Ctrl Pts',(1077.13482393746,316.157854978546,55.5268237995727));
#1361=CARTESIAN_POINT('Ctrl Pts',(1085.69551329356,316.304311829325,56.1194759411995));
#1362=CARTESIAN_POINT('Ctrl Pts',(1095.89889620747,316.72622168994,57.7695940609661));
#1363=CARTESIAN_POINT('Ctrl Pts',(1102.97848940499,317.151158691761,59.4320332488184));
#1364=CARTESIAN_POINT('Ctrl Pts',(1109.51883987783,317.679886091253,61.5121571308829));
#1365=CARTESIAN_POINT('Ctrl Pts',(1113.54489341302,318.098321193118,63.1691735307126));
#1366=CARTESIAN_POINT('Ctrl Pts',(1116.88383105609,318.486307283783,64.7105423930928));
#1367=CARTESIAN_POINT('Ctrl Pts',(1119.6089464858,318.828900505658,66.0743507554836));
#1368=CARTESIAN_POINT('Ctrl Pts',(1124.73008404578,319.579279015262,69.0680405053082));
#1369=CARTESIAN_POINT('Ctrl Pts',(1130.5052276138,320.637932998763,73.2940396000785));
#1370=CARTESIAN_POINT('Ctrl Pts',(1136.24168984907,322.060679522355,78.9345518997652));
#1371=CARTESIAN_POINT('Ctrl Pts',(1140.83712139613,323.619636896834,85.0307379776106));
#1372=CARTESIAN_POINT('Ctrl Pts',(1143.84772997561,325.023117764337,90.2278545777333));
#1373=CARTESIAN_POINT('Ctrl Pts',(1145.8562722547,326.234260300105,94.4139360170572));
#1374=CARTESIAN_POINT('Ctrl Pts',(1147.80272977644,327.649117175517,99.0465479999517));
#1375=CARTESIAN_POINT('Ctrl Pts',(1149.74330247214,329.683130108668,105.027159821108));
#1376=CARTESIAN_POINT('Ctrl Pts',(1151.05931779703,332.030728743509,110.736608098006));
#1377=CARTESIAN_POINT('Ctrl Pts',(1151.82935779369,334.051493558699,114.865480143482));
#1378=CARTESIAN_POINT('Ctrl Pts',(1152.1413429486,335.109219786161,116.764269888821));
#1379=CARTESIAN_POINT('Ctrl Pts',(1152.28427664655,335.64980066794,117.667810223204));
#1380=CARTESIAN_POINT('Ctrl Pts',(1071.00000000299,314.711505645335,55.2911361503316));
#1381=CARTESIAN_POINT('Ctrl Pts',(1077.24369036429,314.737210493336,55.4157036455061));
#1382=CARTESIAN_POINT('Ctrl Pts',(1085.93580248412,314.90063618896,56.0318505050086));
#1383=CARTESIAN_POINT('Ctrl Pts',(1096.2554196682,315.355390376853,57.7364868323168));
#1384=CARTESIAN_POINT('Ctrl Pts',(1103.39475539907,315.809941256111,59.4490578945336));
#1385=CARTESIAN_POINT('Ctrl Pts',(1109.96971208614,316.37312509965,61.5859269051638));
#1386=CARTESIAN_POINT('Ctrl Pts',(1114.00378079782,316.817664619416,63.2832095910389));
#1387=CARTESIAN_POINT('Ctrl Pts',(1117.34389182335,317.229479657375,64.8594477215016));
#1388=CARTESIAN_POINT('Ctrl Pts',(1120.06650220537,317.592900468744,66.2526467636961));
#1389=CARTESIAN_POINT('Ctrl Pts',(1125.17085512377,318.388055939458,69.3037474113705));
#1390=CARTESIAN_POINT('Ctrl Pts',(1130.90707823994,319.508383449817,73.5956667521585));
#1391=CARTESIAN_POINT('Ctrl Pts',(1136.5825596864,321.011805541404,79.2936164693659));
#1392=CARTESIAN_POINT('Ctrl Pts',(1141.11514633623,322.657294348432,85.4175095653771));
#1393=CARTESIAN_POINT('Ctrl Pts',(1144.07632703672,324.137204138476,90.6144181026747));
#1394=CARTESIAN_POINT('Ctrl Pts',(1146.0483962638,325.413421883382,94.7863998944659));
#1395=CARTESIAN_POINT('Ctrl Pts',(1147.95722125481,326.903672592547,99.3929477559585));
#1396=CARTESIAN_POINT('Ctrl Pts',(1149.85620288694,329.044648817272,105.315176983625));
#1397=CARTESIAN_POINT('Ctrl Pts',(1151.13900315271,331.514772560986,110.926225649734));
#1398=CARTESIAN_POINT('Ctrl Pts',(1151.88625329345,333.641091092604,114.953442577064));
#1399=CARTESIAN_POINT('Ctrl Pts',(1152.18762119048,334.75418078967,116.794010807252));
#1400=CARTESIAN_POINT('Ctrl Pts',(1152.32531706115,335.323106228216,117.666669839833));
#1401=CARTESIAN_POINT('Ctrl Pts',(1071.00000000289,313.585522165564,55.2075259876536));
#1402=CARTESIAN_POINT('Ctrl Pts',(1077.32501187192,313.617154731568,55.3364011342077));
#1403=CARTESIAN_POINT('Ctrl Pts',(1086.1152695411,313.79430631643,55.9700252774958));
#1404=CARTESIAN_POINT('Ctrl Pts',(1096.52160052249,314.27653127177,57.7153156386451));
#1405=CARTESIAN_POINT('Ctrl Pts',(1103.70543528673,314.756072708645,59.4652960524485));
#1406=CARTESIAN_POINT('Ctrl Pts',(1110.30607329054,315.348429736303,61.6445215510222));
#1407=CARTESIAN_POINT('Ctrl Pts',(1114.34599121994,315.815067905011,63.3718607043242));
#1408=CARTESIAN_POINT('Ctrl Pts',(1117.68685030908,316.247028379626,64.9741229128335));
#1409=CARTESIAN_POINT('Ctrl Pts',(1120.40747584091,316.628041796025,66.3892548878856));
#1410=CARTESIAN_POINT('Ctrl Pts',(1125.49905303397,317.460916553468,69.483181048024));
#1411=CARTESIAN_POINT('Ctrl Pts',(1131.2059093675,318.632934930712,73.8242220398066));
#1412=CARTESIAN_POINT('Ctrl Pts',(1136.8355691644,320.203328397705,79.5648189254052));
#1413=CARTESIAN_POINT('Ctrl Pts',(1141.32107329525,321.919834786135,85.709002684239));
#1414=CARTESIAN_POINT('Ctrl Pts',(1144.24531504214,323.461693680862,90.9053457569287));
#1415=CARTESIAN_POINT('Ctrl Pts',(1146.19017786811,324.790104402744,95.0664437955544));
#1416=CARTESIAN_POINT('Ctrl Pts',(1148.07096968008,326.340391139077,99.6531239714303));
#1417=CARTESIAN_POINT('Ctrl Pts',(1149.93905970479,328.565484196175,105.531221771359));
#1418=CARTESIAN_POINT('Ctrl Pts',(1151.19722209354,331.130108302251,111.068296152568));
#1419=CARTESIAN_POINT('Ctrl Pts',(1151.92750119071,333.336602402537,115.019293365338));
#1420=CARTESIAN_POINT('Ctrl Pts',(1152.2209210054,334.491325677682,116.816271534904));
#1421=CARTESIAN_POINT('Ctrl Pts',(1152.35468132257,335.081457578753,117.665826323483));
#1422=CARTESIAN_POINT('Ctrl Pts',(1071.00000000264,312.222482851168,55.1139167236739));
#1423=CARTESIAN_POINT('Ctrl Pts',(1077.41952996127,312.261060429652,55.2477854249992));
#1424=CARTESIAN_POINT('Ctrl Pts',(1086.32394376463,312.455114547916,55.9016122443569));
#1425=CARTESIAN_POINT('Ctrl Pts',(1096.83099205777,312.971939860265,57.6941101992813));
#1426=CARTESIAN_POINT('Ctrl Pts',(1104.06646790012,313.483134783727,59.4875334079665));
#1427=CARTESIAN_POINT('Ctrl Pts',(1110.69682045312,314.112521792085,61.7159669577171));
#1428=CARTESIAN_POINT('Ctrl Pts',(1114.74342230831,314.607207709436,63.4782213702065));
#1429=CARTESIAN_POINT('Ctrl Pts',(1118.08504112717,315.064715423592,65.1107121789156));
#1430=CARTESIAN_POINT('Ctrl Pts',(1120.80326057871,315.46802670386,66.5513183083079));
#1431=CARTESIAN_POINT('Ctrl Pts',(1125.8797775258,316.348626625536,69.6949683199998));
#1432=CARTESIAN_POINT('Ctrl Pts',(1131.55223411111,317.585838144235,74.0929957474103));
#1433=CARTESIAN_POINT('Ctrl Pts',(1137.12837949644,319.240177285903,79.8829247990872));
#1434=CARTESIAN_POINT('Ctrl Pts',(1141.55901618833,321.045037857794,86.0503178657862));
#1435=CARTESIAN_POINT('Ctrl Pts',(1144.44028898158,322.663328794337,91.2456232771668));
#1436=CARTESIAN_POINT('Ctrl Pts',(1146.35354708226,324.055673180838,95.3937422751027));
#1437=CARTESIAN_POINT('Ctrl Pts',(1148.20180961723,325.679135107258,99.9569541092768));
#1438=CARTESIAN_POINT('Ctrl Pts',(1150.03412901488,328.005857099658,105.783257383395));
#1439=CARTESIAN_POINT('Ctrl Pts',(1151.26378667625,330.6830592432,111.233888691934));
#1440=CARTESIAN_POINT('Ctrl Pts',(1151.9743732512,332.983982276978,115.096000159732));
#1441=CARTESIAN_POINT('Ctrl Pts',(1152.25853666578,334.187368537654,116.842193086301));
#1442=CARTESIAN_POINT('Ctrl Pts',(1152.38769878948,334.802188637794,117.664851486992));
#1443=CARTESIAN_POINT('Ctrl Pts',(1071.00000000242,310.59084767539,55.0197016450333));
#1444=CARTESIAN_POINT('Ctrl Pts',(1077.52672629925,310.637405492947,55.1590817303634));
#1445=CARTESIAN_POINT('Ctrl Pts',(1086.56052963052,310.852176193975,55.8355802098616));
#1446=CARTESIAN_POINT('Ctrl Pts',(1097.18158950926,311.412498538688,57.6812276525355));
#1447=CARTESIAN_POINT('Ctrl Pts',(1104.47538545858,311.963738936135,59.5236191189274));
#1448=CARTESIAN_POINT('Ctrl Pts',(1111.13911864335,312.640076521966,61.8075348833411));
#1449=CARTESIAN_POINT('Ctrl Pts',(1115.19304080872,313.170316339045,63.6091499701162));
#1450=CARTESIAN_POINT('Ctrl Pts',(1118.535279842,313.660175480785,65.2757045446088));
#1451=CARTESIAN_POINT('Ctrl Pts',(1121.2505573963,314.091704406129,66.7450088786815));
#1452=CARTESIAN_POINT('Ctrl Pts',(1126.30954866067,315.032576839049,69.9446221476166));
#1453=CARTESIAN_POINT('Ctrl Pts',(1131.94244266175,316.35180931767,74.4066380950221));
#1454=CARTESIAN_POINT('Ctrl Pts',(1137.45739459577,318.110993329569,80.2515345264536));
#1455=CARTESIAN_POINT('Ctrl Pts',(1141.82555132907,320.025224907872,86.4440091659417));
#1456=CARTESIAN_POINT('Ctrl Pts',(1144.65806493724,321.73717946332,91.6369977960566));
#1457=CARTESIAN_POINT('Ctrl Pts',(1146.53555477976,323.207182883852,95.7694592532115));
#1458=CARTESIAN_POINT('Ctrl Pts',(1148.34707267442,324.918982250294,100.305015426273));
#1459=CARTESIAN_POINT('Ctrl Pts',(1150.13915461941,327.367037746726,106.07125786529));
#1460=CARTESIAN_POINT('Ctrl Pts',(1151.3368019976,330.1762300693,111.422699376094));
#1461=CARTESIAN_POINT('Ctrl Pts',(1152.02513966488,332.586203947492,115.183322422029));
#1462=CARTESIAN_POINT('Ctrl Pts',(1152.29876219926,333.845209774423,116.871686619239));
#1463=CARTESIAN_POINT('Ctrl Pts',(1152.42266073894,334.488094889718,117.663755088502));
#1464=CARTESIAN_POINT('Ctrl Pts',(1071.00000000217,309.22466760176,54.9515643500532));
#1465=CARTESIAN_POINT('Ctrl Pts',(1077.63282530732,309.2792319803,55.0962330856971));
#1466=CARTESIAN_POINT('Ctrl Pts',(1086.79468865978,309.510479773232,55.7946433140207));
#1467=CARTESIAN_POINT('Ctrl Pts',(1097.52839809048,310.101858521255,57.6918692501344));
#1468=CARTESIAN_POINT('Ctrl Pts',(1104.879693993,310.680856338454,59.5818006737711));
#1469=CARTESIAN_POINT('Ctrl Pts',(1111.57615928818,311.389338480638,61.919570708041));
#1470=CARTESIAN_POINT('Ctrl Pts',(1115.63707433097,311.943874923977,63.7593517541178));
#1471=CARTESIAN_POINT('Ctrl Pts',(1118.97969084976,312.455905698248,65.4589041249781));
#1472=CARTESIAN_POINT('Ctrl Pts',(1121.69184662113,312.90680971589,66.95598879785));
#1473=CARTESIAN_POINT('Ctrl Pts',(1126.73304940067,313.88934274713,70.2096597434614));
#1474=CARTESIAN_POINT('Ctrl Pts',(1132.32623343367,315.266010671301,74.7331839865265));
#1475=CARTESIAN_POINT('Ctrl Pts',(1137.78009493341,317.100561793413,80.6300966704447));
#1476=CARTESIAN_POINT('Ctrl Pts',(1142.08611732984,319.096000053642,86.8448245730204));
#1477=CARTESIAN_POINT('Ctrl Pts',(1144.87029749396,320.880073826537,92.0333669384814));
#1478=CARTESIAN_POINT('Ctrl Pts',(1146.71241684348,322.411787610654,96.1486424118079));
#1479=CARTESIAN_POINT('Ctrl Pts',(1148.48766363471,324.195328582551,100.655001788024));
#1480=CARTESIAN_POINT('Ctrl Pts',(1150.24017548223,326.745787100387,106.359573314382));
#1481=CARTESIAN_POINT('Ctrl Pts',(1151.40638249922,329.673463359322,111.611019015872));
#1482=CARTESIAN_POINT('Ctrl Pts',(1152.07273709719,332.18633939704,115.270174512766));
#1483=CARTESIAN_POINT('Ctrl Pts',(1152.33586833261,333.49960395572,116.900967358952));
#1484=CARTESIAN_POINT('Ctrl Pts',(1152.45450119585,334.17034194548,117.662645916954));
#1485=CARTESIAN_POINT('Ctrl Pts',(1071.00000000212,308.585780446762,54.9235602399161));
#1486=CARTESIAN_POINT('Ctrl Pts',(1077.69207852422,308.644850957302,55.0710853532215));
#1487=CARTESIAN_POINT('Ctrl Pts',(1086.92538481425,308.883260770148,55.7815406023641));
#1488=CARTESIAN_POINT('Ctrl Pts',(1097.7219104089,309.4859306169,57.707125392468));
#1489=CARTESIAN_POINT('Ctrl Pts',(1105.10521067988,310.07444584841,59.6232181796689));
#1490=CARTESIAN_POINT('Ctrl Pts',(1111.81982970626,310.793666464756,61.9906146174278));
#1491=CARTESIAN_POINT('Ctrl Pts',(1115.88454986494,311.356289104132,63.851377927638));
#1492=CARTESIAN_POINT('Ctrl Pts',(1119.2272856637,311.875745877058,65.5690576116434));
#1493=CARTESIAN_POINT('Ctrl Pts',(1121.93761815048,312.333165982611,67.0813955365973));
#1494=CARTESIAN_POINT('Ctrl Pts',(1126.96872080028,313.329911510518,70.364700939112));
#1495=CARTESIAN_POINT('Ctrl Pts',(1132.53952414019,314.726710374427,74.9218224395243));
#1496=CARTESIAN_POINT('Ctrl Pts',(1137.9590787284,316.589063780493,80.8468156031729));
#1497=CARTESIAN_POINT('Ctrl Pts',(1142.23029512702,318.616248116359,87.072946685571));
#1498=CARTESIAN_POINT('Ctrl Pts',(1144.98745682244,320.430239051596,92.2581585474018));
#1499=CARTESIAN_POINT('Ctrl Pts',(1146.809834989,321.988786717181,96.3631767664044));
#1500=CARTESIAN_POINT('Ctrl Pts',(1148.56485882247,323.804489919409,100.852522615345));
#1501=CARTESIAN_POINT('Ctrl Pts',(1150.29536218695,326.403217201411,106.521798118657));
#1502=CARTESIAN_POINT('Ctrl Pts',(1151.4440967786,329.390906920679,111.716707293106));
#1503=CARTESIAN_POINT('Ctrl Pts',(1152.0981866729,331.958670573172,115.318817728583));
#1504=CARTESIAN_POINT('Ctrl Pts',(1152.35543538002,333.301807998033,116.917343935554));
#1505=CARTESIAN_POINT('Ctrl Pts',(1152.47110771663,333.988122413157,117.662009848204));
#1506=CARTESIAN_POINT('Ctrl Pts',(1071.00000000211,308.195419111619,54.9082068955701));
#1507=CARTESIAN_POINT('Ctrl Pts',(1077.73138066157,308.25749348683,55.057585244886));
#1508=CARTESIAN_POINT('Ctrl Pts',(1087.01204979589,308.500088274701,55.775959088638));
#1509=CARTESIAN_POINT('Ctrl Pts',(1097.85020167818,309.108556395344,57.7202130090171));
#1510=CARTESIAN_POINT('Ctrl Pts',(1105.25468625333,309.701710128197,59.6535408743022));
#1511=CARTESIAN_POINT('Ctrl Pts',(1111.98129341857,310.426033611646,62.0404557888958));
#1512=CARTESIAN_POINT('Ctrl Pts',(1116.04849512842,310.992483673058,63.9150398823233));
#1513=CARTESIAN_POINT('Ctrl Pts',(1119.39127117675,311.515477232577,65.6446559187147));
#1514=CARTESIAN_POINT('Ctrl Pts',(1122.10036025922,311.976013104378,67.1670354649464));
#1515=CARTESIAN_POINT('Ctrl Pts',(1127.12469260342,312.979647818538,70.469835765776));
#1516=CARTESIAN_POINT('Ctrl Pts',(1132.6805629298,314.38645023192,75.0490207888415));
#1517=CARTESIAN_POINT('Ctrl Pts',(1138.07727784231,316.26323785243,80.9923468206884));
#1518=CARTESIAN_POINT('Ctrl Pts',(1142.32535733611,318.307663622981,87.2257206672738));
#1519=CARTESIAN_POINT('Ctrl Pts',(1145.06458131029,320.138593688989,92.4084508448848));
#1520=CARTESIAN_POINT('Ctrl Pts',(1146.87386534791,321.71280146047,96.5064495545277));
#1521=CARTESIAN_POINT('Ctrl Pts',(1148.61548385111,323.547623008639,100.984275781936));
#1522=CARTESIAN_POINT('Ctrl Pts',(1150.33141916797,326.175869207233,106.629849961559));
#1523=CARTESIAN_POINT('Ctrl Pts',(1151.46859322248,329.20164789889,111.787013031297));
#1524=CARTESIAN_POINT('Ctrl Pts',(1152.11454883911,331.805105505508,115.351141674151));
#1525=CARTESIAN_POINT('Ctrl Pts',(1152.36788456221,333.16794397425,116.928216440698));
#1526=CARTESIAN_POINT('Ctrl Pts',(1152.48158428958,333.864599977411,117.661578671811));
#1527=CARTESIAN_POINT('Ctrl Pts',(1071.00000000211,308.005377377395,54.9010977914848));
#1528=CARTESIAN_POINT('Ctrl Pts',(1077.75099100243,308.068953533411,55.0513921610358));
#1529=CARTESIAN_POINT('Ctrl Pts',(1087.05528695831,308.313554505675,55.7737044292803));
#1530=CARTESIAN_POINT('Ctrl Pts',(1097.91420076376,308.924668324608,57.7272494049977));
#1531=CARTESIAN_POINT('Ctrl Pts',(1105.32924648449,309.519891152539,59.6691576465406));
#1532=CARTESIAN_POINT('Ctrl Pts',(1112.06182449265,310.246464506794,62.0657901536356));
#1533=CARTESIAN_POINT('Ctrl Pts',(1116.13025581584,310.814598869485,63.9472549045861));
#1534=CARTESIAN_POINT('Ctrl Pts',(1119.4730440804,311.339153285048,65.6828128117682));
#1535=CARTESIAN_POINT('Ctrl Pts',(1122.18150587179,311.801066702487,67.2101906907546));
#1536=CARTESIAN_POINT('Ctrl Pts',(1127.20244575223,312.807766177775,70.5226924497971));
#1537=CARTESIAN_POINT('Ctrl Pts',(1132.75084727331,314.219068015517,75.1128507228483));
#1538=CARTESIAN_POINT('Ctrl Pts',(1138.13614899489,316.102469010646,81.0652760227143));
#1539=CARTESIAN_POINT('Ctrl Pts',(1142.37267372483,318.154936900243,87.3022095195947));
#1540=CARTESIAN_POINT('Ctrl Pts',(1145.10294391439,319.993892110396,92.4836545185791));
#1541=CARTESIAN_POINT('Ctrl Pts',(1146.90569429957,321.575599481735,96.5781131723539));
#1542=CARTESIAN_POINT('Ctrl Pts',(1148.64062549938,323.419635084072,101.050150417443));
#1543=CARTESIAN_POINT('Ctrl Pts',(1150.34929760962,326.062243535399,106.683847133541));
#1544=CARTESIAN_POINT('Ctrl Pts',(1151.4807088854,329.106775860038,111.822131585949));
#1545=CARTESIAN_POINT('Ctrl Pts',(1152.12260580638,331.7279400715,115.367281673847));
#1546=CARTESIAN_POINT('Ctrl Pts',(1152.37398680028,333.100592827967,116.933643411388));
#1547=CARTESIAN_POINT('Ctrl Pts',(1152.48670047276,333.80241084719,117.661361589913));
#1548=CARTESIAN_POINT('Ctrl Pts',(1071.0000000021,307.819061442083,54.8944902529397));
#1549=CARTESIAN_POINT('Ctrl Pts',(1077.77055644499,307.884139539821,55.0456925714389));
#1550=CARTESIAN_POINT('Ctrl Pts',(1087.09842743171,308.130682440963,55.7719196690923));
#1551=CARTESIAN_POINT('Ctrl Pts',(1097.97804951452,308.744254568412,57.7347158886147));
#1552=CARTESIAN_POINT('Ctrl Pts',(1105.40362535618,309.341361263595,59.6851694618095));
#1553=CARTESIAN_POINT('Ctrl Pts',(1112.14215047162,310.06996115318,62.0914812755684));
#1554=CARTESIAN_POINT('Ctrl Pts',(1116.21180025349,310.639609788886,63.9797993063195));
#1555=CARTESIAN_POINT('Ctrl Pts',(1119.55459284076,311.16557117185,65.7212750260985));
#1556=CARTESIAN_POINT('Ctrl Pts',(1122.26242174926,311.628728392812,67.2536307138225));
#1557=CARTESIAN_POINT('Ctrl Pts',(1127.27996201092,312.638210727744,70.5757921381371));
#1558=CARTESIAN_POINT('Ctrl Pts',(1132.82089283181,314.053638727614,75.176870817202));
#1559=CARTESIAN_POINT('Ctrl Pts',(1138.19478845547,315.943203682228,81.1383351707784));
#1560=CARTESIAN_POINT('Ctrl Pts',(1142.41977249512,318.003281918342,87.3787735279222));
#1561=CARTESIAN_POINT('Ctrl Pts',(1145.14110415964,319.84992956841,92.5588945636667));
#1562=CARTESIAN_POINT('Ctrl Pts',(1146.9373343423,321.438888335165,96.649787083968));
#1563=CARTESIAN_POINT('Ctrl Pts',(1148.66559384859,323.291877985795,101.116010570174));
#1564=CARTESIAN_POINT('Ctrl Pts',(1150.36702362042,325.948547547143,106.737808087129));
#1565=CARTESIAN_POINT('Ctrl Pts',(1151.49268941888,329.011608835513,111.857212738904));
#1566=CARTESIAN_POINT('Ctrl Pts',(1152.13053603105,331.65036695386,115.383399016176));
#1567=CARTESIAN_POINT('Ctrl Pts',(1152.37996425178,333.032802409383,116.939060570364));
#1568=CARTESIAN_POINT('Ctrl Pts',(1152.49169205612,333.739773391223,117.661142943056));
#1569=CARTESIAN_POINT('Ctrl Pts',(1071.0000000021,307.450889442765,54.8821348931725));
#1570=CARTESIAN_POINT('Ctrl Pts',(1077.80960087003,307.51897094897,55.0351321157495));
#1571=CARTESIAN_POINT('Ctrl Pts',(1087.18450956542,307.769318216759,55.7691488121099));
#1572=CARTESIAN_POINT('Ctrl Pts',(1098.10544102488,308.387573068179,57.7503715881722));
#1573=CARTESIAN_POINT('Ctrl Pts',(1105.55201308366,308.988216369355,59.7178522219566));
#1574=CARTESIAN_POINT('Ctrl Pts',(1112.30238455538,309.720590181551,62.1434528516395));
#1575=CARTESIAN_POINT('Ctrl Pts',(1116.37444860251,310.293054534559,64.0454283220557));
#1576=CARTESIAN_POINT('Ctrl Pts',(1119.7172339213,310.821637049791,65.7986965319757));
#1577=CARTESIAN_POINT('Ctrl Pts',(1122.42378590981,311.287114185799,67.3409711561226));
#1578=CARTESIAN_POINT('Ctrl Pts',(1127.43451277516,312.301808280047,70.6823775743275));
#1579=CARTESIAN_POINT('Ctrl Pts',(1132.9604987521,313.725018778995,75.3052038108721));
#1580=CARTESIAN_POINT('Ctrl Pts',(1138.31159708152,315.626343411176,81.284641344285));
#1581=CARTESIAN_POINT('Ctrl Pts',(1142.51352848277,317.701093358428,87.53199520258));
#1582=CARTESIAN_POINT('Ctrl Pts',(1145.21701406018,319.562699811111,92.7094027902347));
#1583=CARTESIAN_POINT('Ctrl Pts',(1147.00023107746,321.165841110528,96.7931199931452));
#1584=CARTESIAN_POINT('Ctrl Pts',(1148.71517831012,323.036401367148,101.24767615427));
#1585=CARTESIAN_POINT('Ctrl Pts',(1150.40216508447,325.720796608878,106.845643447762));
#1586=CARTESIAN_POINT('Ctrl Pts',(1151.51637468986,328.82060849557,111.927294258128));
#1587=CARTESIAN_POINT('Ctrl Pts',(1152.14613759489,331.494388610718,115.415586371873));
#1588=CARTESIAN_POINT('Ctrl Pts',(1152.39166399635,332.896336076658,116.9498752944));
#1589=CARTESIAN_POINT('Ctrl Pts',(1152.50142064313,333.613594450096,117.660702493672));
#1590=CARTESIAN_POINT('Ctrl Pts',(1071.00000000204,306.901437311837,54.8662153814716));
#1591=CARTESIAN_POINT('Ctrl Pts',(1077.86780276608,306.974025617619,55.0218530169988));
#1592=CARTESIAN_POINT('Ctrl Pts',(1087.31287911684,307.229999160473,55.7673755361555));
#1593=CARTESIAN_POINT('Ctrl Pts',(1098.29535048506,307.855053853912,57.7759899518424));
#1594=CARTESIAN_POINT('Ctrl Pts',(1105.77317805332,308.460776925795,59.7687925686947));
#1595=CARTESIAN_POINT('Ctrl Pts',(1112.54113512699,309.198537838117,62.2230968136098));
#1596=CARTESIAN_POINT('Ctrl Pts',(1116.61673585576,309.77501443452,64.145396481427));
#1597=CARTESIAN_POINT('Ctrl Pts',(1119.9594507314,310.307335762728,65.9162129235025));
#1598=CARTESIAN_POINT('Ctrl Pts',(1122.66404537503,310.776124363961,67.4732468429853));
#1599=CARTESIAN_POINT('Ctrl Pts',(1127.66450016446,311.798276457715,70.8432815330673));
#1600=CARTESIAN_POINT('Ctrl Pts',(1133.16805911273,313.23267448475,75.498432553029));
#1601=CARTESIAN_POINT('Ctrl Pts',(1138.48502057882,315.151032803685,81.5045010182194));
#1602=CARTESIAN_POINT('Ctrl Pts',(1142.65248355731,317.247182845721,87.7619388047603));
#1603=CARTESIAN_POINT('Ctrl Pts',(1145.32931722243,319.130734112043,92.9350813845991));
#1604=CARTESIAN_POINT('Ctrl Pts',(1147.09311656149,320.754761503232,97.0079126796284));
#1605=CARTESIAN_POINT('Ctrl Pts',(1148.78821423714,322.651253787967,101.444858399861));
#1606=CARTESIAN_POINT('Ctrl Pts',(1150.45369314096,325.37670098697,107.007006418845));
#1607=CARTESIAN_POINT('Ctrl Pts',(1151.55084685058,328.531142070785,112.032087404305));
#1608=CARTESIAN_POINT('Ctrl Pts',(1152.16854693595,331.257108655228,115.463684964557));
#1609=CARTESIAN_POINT('Ctrl Pts',(1152.40823647674,332.688170937194,116.966019180879));
#1610=CARTESIAN_POINT('Ctrl Pts',(1152.51503782304,333.42078873245,117.660029472015));
#1611=CARTESIAN_POINT('Ctrl Pts',(1071.00000000202,305.857368953811,54.8420891558359));
#1612=CARTESIAN_POINT('Ctrl Pts',(1077.97027179771,305.937953038861,55.0021559216365));
#1613=CARTESIAN_POINT('Ctrl Pts',(1087.53874104365,306.204953935564,55.7677710018538));
#1614=CARTESIAN_POINT('Ctrl Pts',(1098.62937119328,306.845075662624,57.824436974627));
#1615=CARTESIAN_POINT('Ctrl Pts',(1106.1620192401,307.462765159315,59.8617629874166));
#1616=CARTESIAN_POINT('Ctrl Pts',(1112.96069554879,308.213625197689,62.366577306653));
#1617=CARTESIAN_POINT('Ctrl Pts',(1117.04233239549,308.799899909332,64.324663336679));
#1618=CARTESIAN_POINT('Ctrl Pts',(1120.38474962373,309.341271082387,66.1263794432055));
#1619=CARTESIAN_POINT('Ctrl Pts',(1123.08574692526,309.81802972813,67.7094037346418));
#1620=CARTESIAN_POINT('Ctrl Pts',(1128.06780200443,310.857804603436,71.1298467131119));
#1621=CARTESIAN_POINT('Ctrl Pts',(1133.53148411444,312.317811302337,75.8418867051036));
#1622=CARTESIAN_POINT('Ctrl Pts',(1138.78796069061,314.273213195797,81.8947065729856));
#1623=CARTESIAN_POINT('Ctrl Pts',(1142.89449041889,316.413750827379,88.1696009744015));
#1624=CARTESIAN_POINT('Ctrl Pts',(1145.52429651796,318.341049535124,93.3348922444044));
#1625=CARTESIAN_POINT('Ctrl Pts',(1147.25387941616,320.005620159212,97.3882413156095));
#1626=CARTESIAN_POINT('Ctrl Pts',(1148.91402947737,321.951684099042,101.793807172349));
#1627=CARTESIAN_POINT('Ctrl Pts',(1150.54171836947,324.753851570182,107.292359253022));
#1628=CARTESIAN_POINT('Ctrl Pts',(1151.60891877952,328.007618373538,112.21726562482));
#1629=CARTESIAN_POINT('Ctrl Pts',(1152.20535638736,330.826878196368,115.548610943198));
#1630=CARTESIAN_POINT('Ctrl Pts',(1152.43471179913,332.30950076157,116.994494857932));
#1631=CARTESIAN_POINT('Ctrl Pts',(1152.53626911517,333.069201012668,117.658802194364));
#1632=CARTESIAN_POINT('Ctrl Pts',(1071.00000000183,304.911138201867,54.8301030154808));
#1633=CARTESIAN_POINT('Ctrl Pts',(1078.05835123761,304.998707839061,54.9938109196381));
#1634=CARTESIAN_POINT('Ctrl Pts',(1087.7330875789,305.275867569326,55.7762606655853));
#1635=CARTESIAN_POINT('Ctrl Pts',(1098.91653935022,305.930740731736,57.8739473250817));
#1636=CARTESIAN_POINT('Ctrl Pts',(1106.49614640906,306.560437803504,59.9493378019473));
#1637=CARTESIAN_POINT('Ctrl Pts',(1113.32094653988,307.324601715346,62.4974174698671));
#1638=CARTESIAN_POINT('Ctrl Pts',(1117.40753348702,307.920836312684,64.4861662493176));
#1639=CARTESIAN_POINT('Ctrl Pts',(1120.74946625538,308.471371605603,66.3143589512449));
#1640=CARTESIAN_POINT('Ctrl Pts',(1123.44716463491,308.956181823837,67.9196516984272));
#1641=CARTESIAN_POINT('Ctrl Pts',(1128.41295922813,310.013620591231,71.3832623502758));
#1642=CARTESIAN_POINT('Ctrl Pts',(1133.84178569339,311.498945241451,76.1439397135505));
#1643=CARTESIAN_POINT('Ctrl Pts',(1139.04566062797,313.490136805531,82.2364565570668));
#1644=CARTESIAN_POINT('Ctrl Pts',(1143.09937429985,315.672596648104,88.5256316054391));
#1645=CARTESIAN_POINT('Ctrl Pts',(1145.68852410626,317.640388094537,93.6834398754016));
#1646=CARTESIAN_POINT('Ctrl Pts',(1147.38858025814,319.341958686739,97.7193948270079));
#1647=CARTESIAN_POINT('Ctrl Pts',(1149.01862074027,321.332880745993,102.097231313968));
#1648=CARTESIAN_POINT('Ctrl Pts',(1150.613837902,324.203598813648,107.540064319078));
#1649=CARTESIAN_POINT('Ctrl Pts',(1151.65530471925,327.544705048678,112.377777447459));
#1650=CARTESIAN_POINT('Ctrl Pts',(1152.2333769391,330.44517281226,115.622134409901));
#1651=CARTESIAN_POINT('Ctrl Pts',(1152.4537579489,331.972422592617,117.019100875619));
#1652=CARTESIAN_POINT('Ctrl Pts',(1152.55073826679,332.755498337399,117.657707160985));
#1653=CARTESIAN_POINT('Ctrl Pts',(1071.00000000178,304.135009194148,54.8262179040075));
#1654=CARTESIAN_POINT('Ctrl Pts',(1078.13270533892,304.22852913713,54.9927289613815));
#1655=CARTESIAN_POINT('Ctrl Pts',(1087.89696086531,304.514069372776,55.7891657718171));
#1656=CARTESIAN_POINT('Ctrl Pts',(1099.15858042437,305.180651324824,57.9211455342597));
#1657=CARTESIAN_POINT('Ctrl Pts',(1106.77762022006,305.819726616069,60.0284767022701));
#1658=CARTESIAN_POINT('Ctrl Pts',(1113.62424365597,306.594187657784,62.6128997451466));
#1659=CARTESIAN_POINT('Ctrl Pts',(1117.71483099474,307.198112077204,64.6274266973372));
#1660=CARTESIAN_POINT('Ctrl Pts',(1121.05619392375,307.755731731035,66.4778767908613));
#1661=CARTESIAN_POINT('Ctrl Pts',(1123.7509683853,308.246770882072,68.1018897399442));
#1662=CARTESIAN_POINT('Ctrl Pts',(1128.70274811658,309.317921083946,71.6017770670204));
#1663=CARTESIAN_POINT('Ctrl Pts',(1134.10179163735,310.823026432383,76.4032786609427));
#1664=CARTESIAN_POINT('Ctrl Pts',(1139.26090536807,312.842515955817,82.5289409099542));
#1665=CARTESIAN_POINT('Ctrl Pts',(1143.26978980877,315.058539216948,88.8296808305988));
#1666=CARTESIAN_POINT('Ctrl Pts',(1145.82450167617,317.059125259536,93.9806957422803));
#1667=CARTESIAN_POINT('Ctrl Pts',(1147.49958292729,318.790912533788,98.0015558546157));
#1668=CARTESIAN_POINT('Ctrl Pts',(1149.10417537153,320.818655197429,102.355512912706));
#1669=CARTESIAN_POINT('Ctrl Pts',(1150.67200478288,323.746075939521,107.750668822699));
#1670=CARTESIAN_POINT('Ctrl Pts',(1151.69176849474,327.160158910491,112.514110329313));
#1671=CARTESIAN_POINT('Ctrl Pts',(1152.25428109719,330.128926828208,115.684541795684));
#1672=CARTESIAN_POINT('Ctrl Pts',(1152.46701832722,331.693849620581,117.040001582266));
#1673=CARTESIAN_POINT('Ctrl Pts',(1152.56009220819,332.496694628274,117.656803761942));
#1674=CARTESIAN_POINT('Ctrl Pts',(1071.00000000178,303.618994416047,54.8244304064492));
#1675=CARTESIAN_POINT('Ctrl Pts',(1078.18195965604,303.716470463206,54.9927235205603));
#1676=CARTESIAN_POINT('Ctrl Pts',(1088.00546533089,304.007665953706,55.7983774190529));
#1677=CARTESIAN_POINT('Ctrl Pts',(1099.31881538864,304.682260009473,57.9530245882829));
#1678=CARTESIAN_POINT('Ctrl Pts',(1106.96392135394,305.327793269429,60.0815037001201));
#1679=CARTESIAN_POINT('Ctrl Pts',(1113.82494041446,306.109365157032,62.6900035311236));
#1680=CARTESIAN_POINT('Ctrl Pts',(1117.9181305202,306.718601052984,64.7216165453995));
#1681=CARTESIAN_POINT('Ctrl Pts',(1121.25907337568,307.281109361666,66.5868203398891));
#1682=CARTESIAN_POINT('Ctrl Pts',(1123.95187412226,307.776444134639,68.2232434020695));
#1683=CARTESIAN_POINT('Ctrl Pts',(1128.89429363984,308.857031796174,71.7471812644897));
#1684=CARTESIAN_POINT('Ctrl Pts',(1134.27351293658,310.37570543526,76.5757477531665));
#1685=CARTESIAN_POINT('Ctrl Pts',(1139.40288087595,312.41449320248,82.7233697434368));
#1686=CARTESIAN_POINT('Ctrl Pts',(1143.38200421013,314.653275346265,89.031735659166));
#1687=CARTESIAN_POINT('Ctrl Pts',(1145.91387184552,316.675986319793,94.1781961111521));
#1688=CARTESIAN_POINT('Ctrl Pts',(1147.57239539437,318.428086775375,98.1890005201097));
#1689=CARTESIAN_POINT('Ctrl Pts',(1149.16012154836,320.480530081656,102.527068331305));
#1690=CARTESIAN_POINT('Ctrl Pts',(1150.70981366057,323.445867106897,107.890531625218));
#1691=CARTESIAN_POINT('Ctrl Pts',(1151.7152043313,326.908553661621,112.604635873505));
#1692=CARTESIAN_POINT('Ctrl Pts',(1152.2673932663,329.922695458381,115.725979923887));
#1693=CARTESIAN_POINT('Ctrl Pts',(1152.47504811265,331.512609267288,117.053888598981));
#1694=CARTESIAN_POINT('Ctrl Pts',(1152.56552245166,332.328560041111,117.656216859132));
#1695=CARTESIAN_POINT('Ctrl Pts',(1071.00000000168,302.196947146088,54.8208671651055));
#1696=CARTESIAN_POINT('Ctrl Pts',(1078.31593282969,302.305270961298,54.9938084573769));
#1697=CARTESIAN_POINT('Ctrl Pts',(1088.30072227705,302.612393463303,55.8242377270549));
#1698=CARTESIAN_POINT('Ctrl Pts',(1099.75465957647,303.310216593867,58.0405326593817));
#1699=CARTESIAN_POINT('Ctrl Pts',(1107.47053359501,303.974690496464,60.2266170505166));
#1700=CARTESIAN_POINT('Ctrl Pts',(1114.37049263295,304.777236530251,62.9007948681367));
#1701=CARTESIAN_POINT('Ctrl Pts',(1118.47058048736,305.402148157377,64.9790481786331));
#1702=CARTESIAN_POINT('Ctrl Pts',(1121.81020719566,305.979060421899,66.8845382875114));
#1703=CARTESIAN_POINT('Ctrl Pts',(1124.49748299451,306.487038766116,68.5548546853106));
#1704=CARTESIAN_POINT('Ctrl Pts',(1129.41410640534,307.595307238791,72.1444973144858));
#1705=CARTESIAN_POINT('Ctrl Pts',(1134.73896492848,309.15352976461,77.0470299588609));
#1706=CARTESIAN_POINT('Ctrl Pts',(1139.78695556281,311.247967145037,83.2546764854508));
#1707=CARTESIAN_POINT('Ctrl Pts',(1143.68478010453,313.551669280776,89.5838734632562));
#1708=CARTESIAN_POINT('Ctrl Pts',(1146.15431492799,315.636873293915,94.7178720089575));
#1709=CARTESIAN_POINT('Ctrl Pts',(1147.7676935783,317.445947948934,98.7011840790531));
#1710=CARTESIAN_POINT('Ctrl Pts',(1149.30946338602,319.567378238732,102.995817231556));
#1711=CARTESIAN_POINT('Ctrl Pts',(1150.80978764353,322.637934755424,108.272663554794));
#1712=CARTESIAN_POINT('Ctrl Pts',(1151.77604451018,326.234395987374,112.851967690411));
#1713=CARTESIAN_POINT('Ctrl Pts',(1152.30004709759,329.372768697359,115.839216594386));
#1714=CARTESIAN_POINT('Ctrl Pts',(1152.49378950552,331.030903690208,117.091859138961));
#1715=CARTESIAN_POINT('Ctrl Pts',(1152.5771321233,331.882579086359,117.654660085586));
#1716=CARTESIAN_POINT('Ctrl Pts',(1071.00000000118,300.623122357516,54.819743455079));
#1717=CARTESIAN_POINT('Ctrl Pts',(1078.45633957134,300.743148991837,54.9968344089921));
#1718=CARTESIAN_POINT('Ctrl Pts',(1088.61079597656,301.070176824405,55.8520535604824));
#1719=CARTESIAN_POINT('Ctrl Pts',(1100.21169981036,301.801184769592,58.133051421374));
#1720=CARTESIAN_POINT('Ctrl Pts',(1108.00133332897,302.494067674069,60.3799187480309));
#1721=CARTESIAN_POINT('Ctrl Pts',(1114.94136014967,303.32881521761,63.1237843709773));
#1722=CARTESIAN_POINT('Ctrl Pts',(1119.04804298737,303.97787443513,65.2516516064272));
#1723=CARTESIAN_POINT('Ctrl Pts',(1122.38567856131,304.576845545363,67.2000522421822));
#1724=CARTESIAN_POINT('Ctrl Pts',(1125.0666084959,305.104115392685,68.9064971725103));
#1725=CARTESIAN_POINT('Ctrl Pts',(1129.95499485344,306.254071798433,72.5662723576071));
#1726=CARTESIAN_POINT('Ctrl Pts',(1135.22130017996,307.870430980647,77.5478985782776));
#1727=CARTESIAN_POINT('Ctrl Pts',(1140.18229352349,310.043144504946,83.8198807526219));
#1728=CARTESIAN_POINT('Ctrl Pts',(1143.99362041655,312.433923058403,90.1715640338489));
#1729=CARTESIAN_POINT('Ctrl Pts',(1146.39707755416,314.599189741242,95.29247400191));
#1730=CARTESIAN_POINT('Ctrl Pts',(1147.96271306601,316.478782371881,99.2466234801401));
#1731=CARTESIAN_POINT('Ctrl Pts',(1149.45598807126,318.683778446678,103.495102856694));
#1732=CARTESIAN_POINT('Ctrl Pts',(1150.90438159347,321.877547843295,108.679798695976));
#1733=CARTESIAN_POINT('Ctrl Pts',(1151.82940367251,325.623682177061,113.115645119059));
#1734=CARTESIAN_POINT('Ctrl Pts',(1152.32342095471,328.896855996549,115.960162811341));
#1735=CARTESIAN_POINT('Ctrl Pts',(1152.50223788361,330.627706379515,117.132633584453));
#1736=CARTESIAN_POINT('Ctrl Pts',(1152.57786930905,331.517126169101,117.653384409017));
#1737=CARTESIAN_POINT('Ctrl Pts',(1071.0000000012,299.064055079902,54.8267021513127));
#1738=CARTESIAN_POINT('Ctrl Pts',(1078.59050099378,299.195464254484,55.0061516540487));
#1739=CARTESIAN_POINT('Ctrl Pts',(1088.90604501993,299.543200192653,55.8841159563222));
#1740=CARTESIAN_POINT('Ctrl Pts',(1100.64665989864,300.310079395538,58.2259935404695));
#1741=CARTESIAN_POINT('Ctrl Pts',(1108.505974669,301.034121008379,60.530818378231));
#1742=CARTESIAN_POINT('Ctrl Pts',(1115.4834962006,301.904378484424,63.3414282495529));
#1743=CARTESIAN_POINT('Ctrl Pts',(1119.59587961325,302.580075770986,65.5170129244862));
#1744=CARTESIAN_POINT('Ctrl Pts',(1122.93108018932,303.203334856307,67.5067238412009));
#1745=CARTESIAN_POINT('Ctrl Pts',(1125.60549304514,303.75181648064,69.2479820428077));
#1746=CARTESIAN_POINT('Ctrl Pts',(1130.46596661581,304.947428165365,72.9754266555584));
#1747=CARTESIAN_POINT('Ctrl Pts',(1135.67517235126,306.626981410668,78.0334976108953));
#1748=CARTESIAN_POINT('Ctrl Pts',(1140.5518966535,308.883588638176,84.367756307022));
#1749=CARTESIAN_POINT('Ctrl Pts',(1144.27976888704,311.366229475153,90.741214529852));
#1750=CARTESIAN_POINT('Ctrl Pts',(1146.61966478279,313.614607715597,95.8494482199088));
#1751=CARTESIAN_POINT('Ctrl Pts',(1148.13946254179,315.56647625467,99.7753501135102));
#1752=CARTESIAN_POINT('Ctrl Pts',(1149.58620044336,317.85642896715,103.979130851774));
#1753=CARTESIAN_POINT('Ctrl Pts',(1150.9848706251,321.173778382212,109.074580081092));
#1754=CARTESIAN_POINT('Ctrl Pts',(1151.87029156889,325.067221232636,113.371367142028));
#1755=CARTESIAN_POINT('Ctrl Pts',(1152.33520176626,328.471302876336,116.077503757728));
#1756=CARTESIAN_POINT('Ctrl Pts',(1152.49937023948,330.272186039585,117.172314491023));
#1757=CARTESIAN_POINT('Ctrl Pts',(1152.56741595058,331.197821152169,117.652269819719));
#1758=CARTESIAN_POINT('Ctrl Pts',(1071.00000000112,298.019957275272,54.832847831241));
#1759=CARTESIAN_POINT('Ctrl Pts',(1078.67801403354,298.158884694565,55.0135284551368));
#1760=CARTESIAN_POINT('Ctrl Pts',(1089.0987942999,298.520530634577,55.9058964019644));
#1761=CARTESIAN_POINT('Ctrl Pts',(1100.93047011084,299.311822730643,58.2873853274707));
#1762=CARTESIAN_POINT('Ctrl Pts',(1108.83515642723,300.057145522957,60.6300556256258));
#1763=CARTESIAN_POINT('Ctrl Pts',(1115.83697631397,300.951694787791,63.484377294571));
#1764=CARTESIAN_POINT('Ctrl Pts',(1119.95293945339,301.645614030578,65.6912587354238));
#1765=CARTESIAN_POINT('Ctrl Pts',(1123.28641649565,302.285477504004,67.7080821507291));
#1766=CARTESIAN_POINT('Ctrl Pts',(1125.95645475274,302.848455310894,69.4721981662001));
#1767=CARTESIAN_POINT('Ctrl Pts',(1130.7984513939,304.075229530024,73.2441050629884));
#1768=CARTESIAN_POINT('Ctrl Pts',(1135.97005276311,305.797819959665,78.3524520025775));
#1769=CARTESIAN_POINT('Ctrl Pts',(1140.79141406486,308.111326167146,84.7277195838081));
#1770=CARTESIAN_POINT('Ctrl Pts',(1144.46454244479,310.655975516151,91.1155704073756));
#1771=CARTESIAN_POINT('Ctrl Pts',(1146.76278932555,312.960180098606,96.2155344837213));
#1772=CARTESIAN_POINT('Ctrl Pts',(1148.25256988816,314.960405666103,100.122912261735));
#1773=CARTESIAN_POINT('Ctrl Pts',(1149.66885033396,317.30705164542,104.297351582285));
#1774=CARTESIAN_POINT('Ctrl Pts',(1151.0349959631,320.706518226003,109.334168146942));
#1775=CARTESIAN_POINT('Ctrl Pts',(1151.8944626264,324.697243562469,113.539545285797));
#1776=CARTESIAN_POINT('Ctrl Pts',(1152.34020910955,328.187393627693,116.154681828318));
#1777=CARTESIAN_POINT('Ctrl Pts',(1152.4946994379,330.034197977964,117.1983976032));
#1778=CARTESIAN_POINT('Ctrl Pts',(1152.55771874125,330.98354637225,117.65152185659));
#1779=CARTESIAN_POINT('Ctrl Pts',(1071.00000000103,296.196577632552,54.8518163272311));
#1780=CARTESIAN_POINT('Ctrl Pts',(1078.82612767713,296.348430943317,55.0335067021528));
#1781=CARTESIAN_POINT('Ctrl Pts',(1089.42486312496,296.734161297318,55.9491871437373));
#1782=CARTESIAN_POINT('Ctrl Pts',(1101.4103148082,297.567855976574,58.3970137095151));
#1783=CARTESIAN_POINT('Ctrl Pts',(1109.39140909766,298.350173295693,60.8035590820431));
#1784=CARTESIAN_POINT('Ctrl Pts',(1116.43387239532,299.286949001022,63.7319522254814));
#1785=CARTESIAN_POINT('Ctrl Pts',(1120.55550519626,300.012526288516,65.9920031199979));
#1786=CARTESIAN_POINT('Ctrl Pts',(1123.88570442601,300.68122345662,68.0549241775197));
#1787=CARTESIAN_POINT('Ctrl Pts',(1126.54802045736,301.269365697213,69.8579268505199));
#1788=CARTESIAN_POINT('Ctrl Pts',(1131.35806960667,302.55019235919,73.7055398025194));
#1789=CARTESIAN_POINT('Ctrl Pts',(1136.46515499209,304.347331788569,78.899572536608));
#1790=CARTESIAN_POINT('Ctrl Pts',(1141.19189088132,306.759177909912,85.3447433261342));
#1791=CARTESIAN_POINT('Ctrl Pts',(1144.77166238561,309.41074179217,91.7570231865457));
#1792=CARTESIAN_POINT('Ctrl Pts',(1146.99899725593,311.810970907358,96.8427067317367));
#1793=CARTESIAN_POINT('Ctrl Pts',(1148.43771568796,313.894217534464,100.718291997579));
#1794=CARTESIAN_POINT('Ctrl Pts',(1149.80220812782,316.33807943029,104.842422387048));
#1795=CARTESIAN_POINT('Ctrl Pts',(1151.11309271654,319.878076507366,109.778776780483));
#1796=CARTESIAN_POINT('Ctrl Pts',(1151.92832691095,324.034824000979,113.827557504706));
#1797=CARTESIAN_POINT('Ctrl Pts',(1152.34118326376,327.671570181882,116.286796091837));
#1798=CARTESIAN_POINT('Ctrl Pts',(1152.47896379924,329.596494588496,117.242981580693));
#1799=CARTESIAN_POINT('Ctrl Pts',(1152.53328070857,330.586160286766,117.650134711828));
#1800=CARTESIAN_POINT('Ctrl Pts',(1071.00000000053,294.370683753184,54.8902650575951));
#1801=CARTESIAN_POINT('Ctrl Pts',(1078.9627895636,294.534994321047,55.0709435146749));
#1802=CARTESIAN_POINT('Ctrl Pts',(1089.72681768097,294.944966170452,56.0052030589602));
#1803=CARTESIAN_POINT('Ctrl Pts',(1101.8541096833,295.822800543832,58.5129335304193));
#1804=CARTESIAN_POINT('Ctrl Pts',(1109.90561336211,296.643951328933,60.9780026767253));
#1805=CARTESIAN_POINT('Ctrl Pts',(1116.98510647046,297.62522235991,63.9750384731062));
#1806=CARTESIAN_POINT('Ctrl Pts',(1121.11151283115,298.38415168341,66.2846214599025));
#1807=CARTESIAN_POINT('Ctrl Pts',(1124.43821719408,299.083179627632,68.3905821017232));
#1808=CARTESIAN_POINT('Ctrl Pts',(1127.092963759,299.697769812833,70.2299400829557));
#1809=CARTESIAN_POINT('Ctrl Pts',(1131.87253911691,301.035231452425,74.1484757125532));
#1810=CARTESIAN_POINT('Ctrl Pts',(1136.91874126074,302.910045885243,79.4229513951582));
#1811=CARTESIAN_POINT('Ctrl Pts',(1141.5566687614,305.42329901622,85.9337412791667));
#1812=CARTESIAN_POINT('Ctrl Pts',(1145.04917123613,308.183778280804,92.368683143067));
#1813=CARTESIAN_POINT('Ctrl Pts',(1147.21039798485,310.680576363477,97.4404799209014));
#1814=CARTESIAN_POINT('Ctrl Pts',(1148.60157570549,312.846439839305,101.285642238235));
#1815=CARTESIAN_POINT('Ctrl Pts',(1149.91792255118,315.386359951904,105.361736660554));
#1816=CARTESIAN_POINT('Ctrl Pts',(1151.17745711442,319.063595562218,110.202317465122));
#1817=CARTESIAN_POINT('Ctrl Pts',(1151.95117780831,323.379668100922,114.101957072647));
#1818=CARTESIAN_POINT('Ctrl Pts',(1152.33260882581,327.155294067,116.412674016316));
#1819=CARTESIAN_POINT('Ctrl Pts',(1152.45422188781,329.153644549932,117.28535714112));
#1820=CARTESIAN_POINT('Ctrl Pts',(1152.50003435313,330.18104387245,117.648720582972));
#1821=CARTESIAN_POINT('Ctrl Pts',(1071.00000000049,292.93960768012,54.9334049635616));
#1822=CARTESIAN_POINT('Ctrl Pts',(1079.06224464411,293.113221711597,55.1111383119188));
#1823=CARTESIAN_POINT('Ctrl Pts',(1089.94555925431,293.542666181756,56.0571905082576));
#1824=CARTESIAN_POINT('Ctrl Pts',(1102.17529096283,294.457138293704,58.6068320526257));
#1825=CARTESIAN_POINT('Ctrl Pts',(1110.27718296068,295.310896025815,61.1139160981388));
#1826=CARTESIAN_POINT('Ctrl Pts',(1117.38275768343,296.32968412702,64.1607088854702));
#1827=CARTESIAN_POINT('Ctrl Pts',(1121.51197859097,297.116748816991,66.5064650222128));
#1828=CARTESIAN_POINT('Ctrl Pts',(1124.8355524985,297.841331012718,68.6439175534767));
#1829=CARTESIAN_POINT('Ctrl Pts',(1127.48428814895,298.478182679278,70.5099201697102));
#1830=CARTESIAN_POINT('Ctrl Pts',(1132.24064127271,299.863180940222,74.4805589697929));
#1831=CARTESIAN_POINT('Ctrl Pts',(1137.24120109528,301.802834839631,79.8143059635661));
#1832=CARTESIAN_POINT('Ctrl Pts',(1141.81303990366,304.399811931858,86.3735660110719));
#1833=CARTESIAN_POINT('Ctrl Pts',(1145.24079710064,307.249033258806,92.8252512211536));
#1834=CARTESIAN_POINT('Ctrl Pts',(1147.35305493291,309.823377875772,97.886710130954));
#1835=CARTESIAN_POINT('Ctrl Pts',(1148.70902328916,312.054771814413,101.709239873935));
#1836=CARTESIAN_POINT('Ctrl Pts',(1149.98966852313,314.670258717111,105.749594028821));
#1837=CARTESIAN_POINT('Ctrl Pts',(1151.21105669666,318.453903667699,110.518858591748));
#1838=CARTESIAN_POINT('Ctrl Pts',(1151.95367428572,322.890818329046,114.307168709023));
#1839=CARTESIAN_POINT('Ctrl Pts',(1152.31129625632,326.77000498797,116.50684832942));
#1840=CARTESIAN_POINT('Ctrl Pts',(1152.42055063594,328.822503371725,117.317109844948));
#1841=CARTESIAN_POINT('Ctrl Pts',(1152.45986350405,329.87758315499,117.647661300931));
#1842=CARTESIAN_POINT('Ctrl Pts',(1071.00000000048,292.482977514166,54.9492613939921));
#1843=CARTESIAN_POINT('Ctrl Pts',(1079.09307308236,292.659507357997,55.1258751558396));
#1844=CARTESIAN_POINT('Ctrl Pts',(1090.01333083333,293.095143460396,56.0753510362326));
#1845=CARTESIAN_POINT('Ctrl Pts',(1102.27472416038,294.021349940162,58.6377885752466));
#1846=CARTESIAN_POINT('Ctrl Pts',(1110.39213909091,294.885572800593,61.157801565862));
#1847=CARTESIAN_POINT('Ctrl Pts',(1117.50567892082,295.916411469359,64.2199643243751));
#1848=CARTESIAN_POINT('Ctrl Pts',(1121.63567809078,296.712513254785,66.5769189722267));
#1849=CARTESIAN_POINT('Ctrl Pts',(1124.95819505138,297.445300967227,68.7241269692732));
#1850=CARTESIAN_POINT('Ctrl Pts',(1127.6049914603,298.089299367718,70.598387262379));
#1851=CARTESIAN_POINT('Ctrl Pts',(1132.35398460782,299.489548811324,74.585183099937));
#1852=CARTESIAN_POINT('Ctrl Pts',(1137.34018300825,301.449980016554,79.9373176225395));
#1853=CARTESIAN_POINT('Ctrl Pts',(1141.89128876755,304.073722605725,86.5115968082046));
#1854=CARTESIAN_POINT('Ctrl Pts',(1145.298754744,306.951232387972,92.9684136455643));
#1855=CARTESIAN_POINT('Ctrl Pts',(1147.3956711316,309.550217932935,98.0265726684517));
#1856=CARTESIAN_POINT('Ctrl Pts',(1148.74060686372,311.802377784224,101.841977939983));
#1857=CARTESIAN_POINT('Ctrl Pts',(1150.01006158171,314.441766217501,105.871106993347));
#1858=CARTESIAN_POINT('Ctrl Pts',(1151.21948002105,318.258957890548,110.61801041451));
#1859=CARTESIAN_POINT('Ctrl Pts',(1151.95231329963,322.733774396514,114.371440950796));
#1860=CARTESIAN_POINT('Ctrl Pts',(1152.30243084709,326.645311663533,116.536336467471));
#1861=CARTESIAN_POINT('Ctrl Pts',(1152.40778618855,328.714680260695,117.327043411433));
#1862=CARTESIAN_POINT('Ctrl Pts',(1152.44504826238,329.778372555887,117.647314989202));
#1863=CARTESIAN_POINT('Ctrl Pts',(1071.00000000048,292.221840907114,54.9588904464782));
#1864=CARTESIAN_POINT('Ctrl Pts',(1079.11045565112,292.400023521133,55.1348086268455));
#1865=CARTESIAN_POINT('Ctrl Pts',(1090.05152649252,292.839199524186,56.0861497845155));
#1866=CARTESIAN_POINT('Ctrl Pts',(1102.33074445896,293.772141256662,58.6557436126495));
#1867=CARTESIAN_POINT('Ctrl Pts',(1110.45688281562,294.642378127809,61.1830195333127));
#1868=CARTESIAN_POINT('Ctrl Pts',(1117.57487956955,295.680145008438,64.2538333623945));
#1869=CARTESIAN_POINT('Ctrl Pts',(1121.70529093121,296.481442585738,66.6170988441846));
#1870=CARTESIAN_POINT('Ctrl Pts',(1125.02718767182,297.218947240172,68.7698062818997));
#1871=CARTESIAN_POINT('Ctrl Pts',(1127.67286949169,297.867053486884,70.6487228507296));
#1872=CARTESIAN_POINT('Ctrl Pts',(1132.41766798433,299.276066160133,74.644632194813));
#1873=CARTESIAN_POINT('Ctrl Pts',(1137.39571001248,301.248428165478,80.0071413202125));
#1874=CARTESIAN_POINT('Ctrl Pts',(1141.93505794571,303.887520431376,86.5898913652017));
#1875=CARTESIAN_POINT('Ctrl Pts',(1145.33102225507,306.781227885396,93.0495893668211));
#1876=CARTESIAN_POINT('Ctrl Pts',(1147.41924411685,309.394297820478,98.1058641514273));
#1877=CARTESIAN_POINT('Ctrl Pts',(1148.75792669058,311.658309194081,101.917223984792));
#1878=CARTESIAN_POINT('Ctrl Pts',(1150.02103737216,314.311324576072,105.939984971999));
#1879=CARTESIAN_POINT('Ctrl Pts',(1151.22366622492,318.147607092295,110.674210896854));
#1880=CARTESIAN_POINT('Ctrl Pts',(1151.95094212786,322.643930670005,114.407870727671));
#1881=CARTESIAN_POINT('Ctrl Pts',(1152.29679258671,326.573782950025,116.553049186237));
#1882=CARTESIAN_POINT('Ctrl Pts',(1152.39992951245,328.652687966561,117.332671933043));
#1883=CARTESIAN_POINT('Ctrl Pts',(1152.43602484391,329.72124508019,117.647115575883));
#1884=CARTESIAN_POINT('Ctrl Pts',(1071.00000000047,291.829917527949,54.9739509056383));
#1885=CARTESIAN_POINT('Ctrl Pts',(1079.13629022412,292.010566179955,55.1487726229734));
#1886=CARTESIAN_POINT('Ctrl Pts',(1090.1082850315,292.455048354296,56.1028151094687));
#1887=CARTESIAN_POINT('Ctrl Pts',(1102.41396670895,293.398108923775,58.6829854884544));
#1888=CARTESIAN_POINT('Ctrl Pts',(1110.55304106853,294.277386807871,61.2210269512759));
#1889=CARTESIAN_POINT('Ctrl Pts',(1117.67762557869,295.325571541476,64.30468202654));
#1890=CARTESIAN_POINT('Ctrl Pts',(1121.80862096351,296.134681899394,66.6773225360336));
#1891=CARTESIAN_POINT('Ctrl Pts',(1125.12956961179,296.879278605884,68.8382015504358));
#1892=CARTESIAN_POINT('Ctrl Pts',(1127.77357179269,297.533560710738,70.7240380031337));
#1893=CARTESIAN_POINT('Ctrl Pts',(1132.51208687543,298.955745619694,74.7334941901533));
#1894=CARTESIAN_POINT('Ctrl Pts',(1137.47794157597,300.946034292341,80.1114272109566));
#1895=CARTESIAN_POINT('Ctrl Pts',(1141.9997389205,303.6081731658,86.7067659424573));
#1896=CARTESIAN_POINT('Ctrl Pts',(1145.37854065151,306.526178388892,93.1707293299346));
#1897=CARTESIAN_POINT('Ctrl Pts',(1147.45378998469,309.160354567612,98.2241757252936));
#1898=CARTESIAN_POINT('Ctrl Pts',(1148.78314184427,311.442110558663,102.029490811122));
#1899=CARTESIAN_POINT('Ctrl Pts',(1150.03678497351,314.115516490588,106.04274371538));
#1900=CARTESIAN_POINT('Ctrl Pts',(1151.22927706467,317.980335040081,110.758051442238));
#1901=CARTESIAN_POINT('Ctrl Pts',(1151.94824843341,322.508752295943,114.4622154737));
#1902=CARTESIAN_POINT('Ctrl Pts',(1152.28771855899,326.465898372992,116.577978765977));
#1903=CARTESIAN_POINT('Ctrl Pts',(1152.38753757825,328.559002414714,117.341065112652));
#1904=CARTESIAN_POINT('Ctrl Pts',(1152.42188788802,329.634799617247,117.646813823067));
#1905=CARTESIAN_POINT('Ctrl Pts',(1071.00000000045,291.372364346691,54.9932868356649));
#1906=CARTESIAN_POINT('Ctrl Pts',(1079.16569766514,291.555854905433,55.1666982822569));
#1907=CARTESIAN_POINT('Ctrl Pts',(1090.17293756064,292.00650733311,56.1235777372585));
#1908=CARTESIAN_POINT('Ctrl Pts',(1102.5086778029,292.961407004336,58.7156358310349));
#1909=CARTESIAN_POINT('Ctrl Pts',(1110.66241074158,293.851276630938,61.2658557387924));
#1910=CARTESIAN_POINT('Ctrl Pts',(1117.79439253605,294.911673559926,64.3640979684226));
#1911=CARTESIAN_POINT('Ctrl Pts',(1121.92596961504,295.729941898124,66.7474083801402));
#1912=CARTESIAN_POINT('Ctrl Pts',(1125.24576048996,296.482849717732,68.9175942064526));
#1913=CARTESIAN_POINT('Ctrl Pts',(1127.88778034485,297.14436827696,70.811315275401));
#1914=CARTESIAN_POINT('Ctrl Pts',(1132.61899067802,298.581979780044,74.8362159972732));
#1915=CARTESIAN_POINT('Ctrl Pts',(1137.57076714502,300.593243883693,80.2317416342142));
#1916=CARTESIAN_POINT('Ctrl Pts',(1142.0723425794,303.282301772195,86.8414256457463));
#1917=CARTESIAN_POINT('Ctrl Pts',(1145.43138573517,306.228626074201,93.3102042767144));
#1918=CARTESIAN_POINT('Ctrl Pts',(1147.49170327365,308.887342092208,98.3603492248064));
#1919=CARTESIAN_POINT('Ctrl Pts',(1148.81031212639,311.18968633794,102.158684339372));
#1920=CARTESIAN_POINT('Ctrl Pts',(1150.05305309755,313.88671565483,106.160976814413));
#1921=CARTESIAN_POINT('Ctrl Pts',(1151.23385813453,317.784510801196,110.854503934522));
#1922=CARTESIAN_POINT('Ctrl Pts',(1151.94323113967,322.349864917427,114.524733450338));
#1923=CARTESIAN_POINT('Ctrl Pts',(1152.27531614594,326.338321476553,116.606654782881));
#1924=CARTESIAN_POINT('Ctrl Pts',(1152.37129425644,328.447679898112,117.350708948205));
#1925=CARTESIAN_POINT('Ctrl Pts',(1152.40362288906,329.531755495853,117.646454129765));
#1926=CARTESIAN_POINT('Ctrl Pts',(1071.00000000044,290.851511416666,55.0174746735431));
#1927=CARTESIAN_POINT('Ctrl Pts',(1079.19833859789,291.038190860017,55.1890304547997));
#1928=CARTESIAN_POINT('Ctrl Pts',(1090.24459890668,291.495849001864,56.1487862968812));
#1929=CARTESIAN_POINT('Ctrl Pts',(1102.61357790841,292.464245513996,58.7537833304176));
#1930=CARTESIAN_POINT('Ctrl Pts',(1110.78344977872,293.366207067645,61.317408694636));
#1931=CARTESIAN_POINT('Ctrl Pts',(1117.92349462079,294.440550996689,64.4317806325893));
#1932=CARTESIAN_POINT('Ctrl Pts',(1122.05560363115,295.269277273916,66.8269244260132));
#1933=CARTESIAN_POINT('Ctrl Pts',(1125.3740066351,296.031673571128,69.0074400511122));
#1934=CARTESIAN_POINT('Ctrl Pts',(1128.01373712291,296.701452139892,70.9099178745186));
#1935=CARTESIAN_POINT('Ctrl Pts',(1132.73665187321,298.156663658384,74.9519860909223));
#1936=CARTESIAN_POINT('Ctrl Pts',(1137.67255671537,300.191836597807,80.3670840024322));
#1937=CARTESIAN_POINT('Ctrl Pts',(1142.15140405665,302.911523969152,86.9927251619856));
#1938=CARTESIAN_POINT('Ctrl Pts',(1145.48826022587,305.890002339443,93.4668252326657));
#1939=CARTESIAN_POINT('Ctrl Pts',(1147.53181463286,308.576514971302,98.513230515389));
#1940=CARTESIAN_POINT('Ctrl Pts',(1148.83835896698,310.90213158207,102.303717597116));
#1941=CARTESIAN_POINT('Ctrl Pts',(1150.06884868989,313.625826473184,106.293701047887));
#1942=CARTESIAN_POINT('Ctrl Pts',(1151.23650159564,317.56075004777,110.962784508922));
#1943=CARTESIAN_POINT('Ctrl Pts',(1151.93504058922,322.167524424738,114.594923889014));
#1944=CARTESIAN_POINT('Ctrl Pts',(1152.25877191304,326.19097820615,116.638846097999));
#1945=CARTESIAN_POINT('Ctrl Pts',(1152.35040009524,328.318464975193,117.361529498862));
#1946=CARTESIAN_POINT('Ctrl Pts',(1152.38044052262,329.411763685011,117.646035277628));
#1947=CARTESIAN_POINT('Ctrl Pts',(1071.00000000044,290.072809117235,55.0558065668508));
#1948=CARTESIAN_POINT('Ctrl Pts',(1079.24628726277,290.264215252433,55.2243570566927));
#1949=CARTESIAN_POINT('Ctrl Pts',(1090.34984208031,290.732344970365,56.1880245860458));
#1950=CARTESIAN_POINT('Ctrl Pts',(1102.76755085724,291.720996615134,58.8117866243357));
#1951=CARTESIAN_POINT('Ctrl Pts',(1110.96102846809,292.641124374453,61.3949974221441));
#1952=CARTESIAN_POINT('Ctrl Pts',(1118.11278789089,293.736429716802,64.5330186676874));
#1953=CARTESIAN_POINT('Ctrl Pts',(1122.24557504907,294.580872981226,66.9455472691674));
#1954=CARTESIAN_POINT('Ctrl Pts',(1125.56184383233,295.357526672613,69.1412482408871));
#1955=CARTESIAN_POINT('Ctrl Pts',(1128.19812714703,296.039715243244,71.0566046473928));
#1956=CARTESIAN_POINT('Ctrl Pts',(1132.90867594232,297.521359578984,75.1239370745642));
#1957=CARTESIAN_POINT('Ctrl Pts',(1137.82102643051,299.592415506557,80.5678571045248));
#1958=CARTESIAN_POINT('Ctrl Pts',(1142.26620659876,302.358010711092,87.2169966311226));
#1959=CARTESIAN_POINT('Ctrl Pts',(1145.57021615617,305.384602357211,93.698902367452));
#1960=CARTESIAN_POINT('Ctrl Pts',(1147.58895644799,308.112630367181,98.7397394592638));
#1961=CARTESIAN_POINT('Ctrl Pts',(1148.87763725428,310.472948582684,102.518591446694));
#1962=CARTESIAN_POINT('Ctrl Pts',(1150.08998096507,313.236359601704,106.490337498504));
#1963=CARTESIAN_POINT('Ctrl Pts',(1151.2381328914,317.226471422846,111.123216459742));
#1964=CARTESIAN_POINT('Ctrl Pts',(1151.92056978519,321.894613847025,114.698932251302));
#1965=CARTESIAN_POINT('Ctrl Pts',(1152.23186315004,325.969782854619,116.68654902204));
#1966=CARTESIAN_POINT('Ctrl Pts',(1152.31700931523,328.124010686941,117.37755853094));
#1967=CARTESIAN_POINT('Ctrl Pts',(1152.34363932158,329.230901975454,117.645403948598));
#1968=CARTESIAN_POINT('Ctrl Pts',(1071.00000000034,289.172812676245,55.1065982664796));
#1969=CARTESIAN_POINT('Ctrl Pts',(1079.29911230509,289.369578618666,55.2710852914566));
#1970=CARTESIAN_POINT('Ctrl Pts',(1090.46601105486,289.849862078936,56.2379987183363));
#1971=CARTESIAN_POINT('Ctrl Pts',(1102.93722685875,290.862368366801,58.8817883388366));
#1972=CARTESIAN_POINT('Ctrl Pts',(1111.15652539755,291.803958079281,61.4862811823412));
#1973=CARTESIAN_POINT('Ctrl Pts',(1118.32087575333,292.924064894815,64.6502815879648));
#1974=CARTESIAN_POINT('Ctrl Pts',(1122.45414528633,293.787104408135,67.0820043121405));
#1975=CARTESIAN_POINT('Ctrl Pts',(1125.76780869806,294.580618831128,69.2945031605833));
#1976=CARTESIAN_POINT('Ctrl Pts',(1128.40006427674,295.277479342313,71.2241225844395));
#1977=CARTESIAN_POINT('Ctrl Pts',(1133.09648660569,296.790340822182,75.3194844361426));
#1978=CARTESIAN_POINT('Ctrl Pts',(1137.98220216433,298.903689613386,80.7954392282877));
#1979=CARTESIAN_POINT('Ctrl Pts',(1142.38947071925,301.723181926555,87.4706948645474));
#1980=CARTESIAN_POINT('Ctrl Pts',(1145.65654396301,304.8059812923,93.9611855072672));
#1981=CARTESIAN_POINT('Ctrl Pts',(1147.64738496086,307.58223583401,98.9956534972571));
#1982=CARTESIAN_POINT('Ctrl Pts',(1148.91596493127,309.982665452176,102.761341671948));
#1983=CARTESIAN_POINT('Ctrl Pts',(1150.10788068334,312.791821682294,106.712483356433));
#1984=CARTESIAN_POINT('Ctrl Pts',(1151.23401298599,316.845106154111,111.304488927403));
#1985=CARTESIAN_POINT('Ctrl Pts',(1151.8981375717,321.582778855094,114.816502705926));
#1986=CARTESIAN_POINT('Ctrl Pts',(1152.19520779031,325.716050173763,116.740496539991));
#1987=CARTESIAN_POINT('Ctrl Pts',(1152.27292752787,327.900154971137,117.39566876933));
#1988=CARTESIAN_POINT('Ctrl Pts',(1152.29564055345,329.022185672779,117.644675388293));
#1989=CARTESIAN_POINT('Ctrl Pts',(1071.00000000034,288.114954713923,55.1823153099691));
#1990=CARTESIAN_POINT('Ctrl Pts',(1079.35527792506,288.317575975437,55.3410791737831));
#1991=CARTESIAN_POINT('Ctrl Pts',(1090.58921187473,288.812861557383,56.3099785012279));
#1992=CARTESIAN_POINT('Ctrl Pts',(1103.11720251182,289.856331924137,58.973400586089));
#1993=CARTESIAN_POINT('Ctrl Pts',(1111.36380457255,290.826193466539,61.5995590644678));
#1994=CARTESIAN_POINT('Ctrl Pts',(1118.54141421236,291.979177672003,64.7903799178513));
#1995=CARTESIAN_POINT('Ctrl Pts',(1122.67509339492,292.866909665895,67.2420813257847));
#1996=CARTESIAN_POINT('Ctrl Pts',(1125.9858938603,293.682791669267,69.4720945073604));
#1997=CARTESIAN_POINT('Ctrl Pts',(1128.61378758384,294.399103270087,71.416605844323));
#1998=CARTESIAN_POINT('Ctrl Pts',(1133.29502081318,295.953245413103,75.5412665403624));
#1999=CARTESIAN_POINT('Ctrl Pts',(1138.15219844739,298.122220063557,81.0506896346324));
#2000=CARTESIAN_POINT('Ctrl Pts',(1142.51892900164,301.011767215538,87.7529355089136));
#2001=CARTESIAN_POINT('Ctrl Pts',(1145.746548739,304.166499680575,94.2515766669426));
#2002=CARTESIAN_POINT('Ctrl Pts',(1147.70759293048,307.003343673935,99.2782708998094));
#2003=CARTESIAN_POINT('Ctrl Pts',(1148.95468749288,309.453325154967,103.029015183402));
#2004=CARTESIAN_POINT('Ctrl Pts',(1150.1247328733,312.318317633198,106.957083391934));
#2005=CARTESIAN_POINT('Ctrl Pts',(1151.22721225262,316.447014400286,111.503810348602));
#2006=CARTESIAN_POINT('Ctrl Pts',(1151.87141646493,321.264603176022,114.945690783683));
#2007=CARTESIAN_POINT('Ctrl Pts',(1152.15278717752,325.46250138974,116.799785278967));
#2008=CARTESIAN_POINT('Ctrl Pts',(1152.22222663831,327.679080288757,117.415640392982));
#2009=CARTESIAN_POINT('Ctrl Pts',(1152.24056396253,328.817369212377,117.643960441069));
#2010=CARTESIAN_POINT('Ctrl Pts',(1071.00000000032,287.320573915057,55.2450570335265));
#2011=CARTESIAN_POINT('Ctrl Pts',(1079.39513684112,287.527458847654,55.3990619560521));
#2012=CARTESIAN_POINT('Ctrl Pts',(1090.67674371051,288.034373476703,56.3685040789263));
#2013=CARTESIAN_POINT('Ctrl Pts',(1103.24508803521,289.102456394239,59.045158454265));
#2014=CARTESIAN_POINT('Ctrl Pts',(1111.51111651966,290.094933839258,61.6863269810973));
#2015=CARTESIAN_POINT('Ctrl Pts',(1118.69816316763,291.274292999859,64.8959636363146));
#2016=CARTESIAN_POINT('Ctrl Pts',(1122.83214032521,292.181846651171,67.3617686161669));
#2017=CARTESIAN_POINT('Ctrl Pts',(1126.14090852785,293.015675860135,69.6041691861086));
#2018=CARTESIAN_POINT('Ctrl Pts',(1128.76570205028,293.747590085254,71.5592265941444));
#2019=CARTESIAN_POINT('Ctrl Pts',(1133.43613572953,295.334805396279,75.7046700906498));
#2020=CARTESIAN_POINT('Ctrl Pts',(1138.27302241017,297.548234370436,81.2378633428634));
#2021=CARTESIAN_POINT('Ctrl Pts',(1142.61093831529,300.493461667023,87.9592247180205));
#2022=CARTESIAN_POINT('Ctrl Pts',(1145.81052978412,303.704949331145,94.4634554292793));
#2023=CARTESIAN_POINT('Ctrl Pts',(1147.75040397565,306.589173308642,99.4843211887496));
#2024=CARTESIAN_POINT('Ctrl Pts',(1148.98222198784,309.077581299442,103.224099604413));
#2025=CARTESIAN_POINT('Ctrl Pts',(1150.13670548217,311.985608849152,107.135302282083));
#2026=CARTESIAN_POINT('Ctrl Pts',(1151.22230767324,316.171762564616,111.649026171661));
#2027=CARTESIAN_POINT('Ctrl Pts',(1151.85214081617,321.048994709373,115.039847257845));
#2028=CARTESIAN_POINT('Ctrl Pts',(1152.12204413048,325.294223718347,116.84304067332));
#2029=CARTESIAN_POINT('Ctrl Pts',(1152.18538961802,327.534260443561,117.43024810093));
#2030=CARTESIAN_POINT('Ctrl Pts',(1152.20049452431,328.68420453231,117.643495606756));
#2031=CARTESIAN_POINT('Ctrl Pts',(1071.0000000003,286.554578114482,55.3075616851247));
#2032=CARTESIAN_POINT('Ctrl Pts',(1079.43270932633,286.765588973527,55.456294334352));
#2033=CARTESIAN_POINT('Ctrl Pts',(1090.75927360565,287.284004705825,56.4254509051641));
#2034=CARTESIAN_POINT('Ctrl Pts',(1103.36572564959,288.376607289989,59.1140854871959));
#2035=CARTESIAN_POINT('Ctrl Pts',(1111.65011911427,289.391655819331,61.7692879199524));
#2036=CARTESIAN_POINT('Ctrl Pts',(1118.84611421971,290.597353854117,64.9967534183987));
#2037=CARTESIAN_POINT('Ctrl Pts',(1122.98040204638,291.52470093139,67.4760249444566));
#2038=CARTESIAN_POINT('Ctrl Pts',(1126.28727680098,292.37644664572,69.7302847418757));
#2039=CARTESIAN_POINT('Ctrl Pts',(1128.90916462366,293.123933783931,71.6954574859752));
#2040=CARTESIAN_POINT('Ctrl Pts',(1133.56944546744,294.744139966145,75.8608997926271));
#2041=CARTESIAN_POINT('Ctrl Pts',(1138.38723289477,297.001863260723,81.4170771367976));
#2042=CARTESIAN_POINT('Ctrl Pts',(1142.69802324271,300.002445339169,88.1570956421924));
#2043=CARTESIAN_POINT('Ctrl Pts',(1145.87124104646,303.270191015265,94.6670490648732));
#2044=CARTESIAN_POINT('Ctrl Pts',(1147.79119086137,306.201212937391,99.682601292488));
#2045=CARTESIAN_POINT('Ctrl Pts',(1149.0086180787,308.727448855424,103.412041641111));
#2046=CARTESIAN_POINT('Ctrl Pts',(1150.14842550637,311.677737092884,107.307225054502));
#2047=CARTESIAN_POINT('Ctrl Pts',(1151.21806007904,315.920049861048,111.7893768314));
#2048=CARTESIAN_POINT('Ctrl Pts',(1151.83412328683,320.855083052794,115.131028785028));
#2049=CARTESIAN_POINT('Ctrl Pts',(1152.0928819986,325.14581586248,116.885015842779));
#2050=CARTESIAN_POINT('Ctrl Pts',(1152.15025254524,327.408270357477,117.444468337288));
#2051=CARTESIAN_POINT('Ctrl Pts',(1152.16217733125,328.569316093456,117.64309456882));
#2052=CARTESIAN_POINT('Ctrl Pts',(1071.00000000029,285.812427861346,55.3717954303813));
#2053=CARTESIAN_POINT('Ctrl Pts',(1079.46792071696,286.027423493233,55.514741115868));
#2054=CARTESIAN_POINT('Ctrl Pts',(1090.83666277988,286.55716706608,56.482713028156));
#2055=CARTESIAN_POINT('Ctrl Pts',(1103.47888259248,287.674082121152,59.181949284736));
#2056=CARTESIAN_POINT('Ctrl Pts',(1111.78052630327,288.711545193323,61.850084188678));
#2057=CARTESIAN_POINT('Ctrl Pts',(1118.98493481369,289.943412987429,65.0942490742333));
#2058=CARTESIAN_POINT('Ctrl Pts',(1123.11952213805,290.890424416818,67.5862439766343));
#2059=CARTESIAN_POINT('Ctrl Pts',(1126.42462395925,291.759964732216,69.8517407687578));
#2060=CARTESIAN_POINT('Ctrl Pts',(1129.04378649788,292.522915939717,71.8265172219484));
#2061=CARTESIAN_POINT('Ctrl Pts',(1133.69453811297,294.175863872775,76.0110081961006));
#2062=CARTESIAN_POINT('Ctrl Pts',(1138.49439608735,296.477500397867,81.589172498296));
#2063=CARTESIAN_POINT('Ctrl Pts',(1142.77972762542,299.532844735131,88.3471534503381));
#2064=CARTESIAN_POINT('Ctrl Pts',(1145.92820244653,302.856092208251,94.8627578049153));
#2065=CARTESIAN_POINT('Ctrl Pts',(1147.82945173734,305.833127553809,99.8733694784708));
#2066=CARTESIAN_POINT('Ctrl Pts',(1149.03335506341,308.396439185857,103.593002892756));
#2067=CARTESIAN_POINT('Ctrl Pts',(1150.15935164814,311.388050088233,107.472918787672));
#2068=CARTESIAN_POINT('Ctrl Pts',(1151.21389881349,315.685027971279,111.924836171045));
#2069=CARTESIAN_POINT('Ctrl Pts',(1151.81676916276,320.675857592978,115.219172241443));
#2070=CARTESIAN_POINT('Ctrl Pts',(1152.06469771116,325.010168938814,116.92565707623));
#2071=CARTESIAN_POINT('Ctrl Pts',(1152.11621374294,327.293964100049,117.458262763685));
#2072=CARTESIAN_POINT('Ctrl Pts',(1152.12501212771,328.465542379314,117.642732328749));
#2073=CARTESIAN_POINT('Ctrl Pts',(1071.00000000027,285.031963133974,55.4533259596983));
#2074=CARTESIAN_POINT('Ctrl Pts',(1079.50072109775,285.25079596303,55.5899476420585));
#2075=CARTESIAN_POINT('Ctrl Pts',(1090.90874538072,285.792561485947,56.5555711543344));
#2076=CARTESIAN_POINT('Ctrl Pts',(1103.58424733704,286.936118834797,59.2632527765554));
#2077=CARTESIAN_POINT('Ctrl Pts',(1111.90190782214,287.998343933616,61.9424637668779));
#2078=CARTESIAN_POINT('Ctrl Pts',(1119.11407572019,289.259225915613,65.201292857498));
#2079=CARTESIAN_POINT('Ctrl Pts',(1123.24887071281,290.228060972213,67.7045842041346));
#2080=CARTESIAN_POINT('Ctrl Pts',(1126.55225085002,291.117341721392,69.9800790136459));
#2081=CARTESIAN_POINT('Ctrl Pts',(1129.16881055,291.897443291747,71.963412946746));
#2082=CARTESIAN_POINT('Ctrl Pts',(1133.81054067272,293.586657790851,76.1648821564364));
#2083=CARTESIAN_POINT('Ctrl Pts',(1138.59349425305,295.936801709429,81.7625670652521));
#2084=CARTESIAN_POINT('Ctrl Pts',(1142.85486533094,299.052259999037,88.5360760600842));
#2085=CARTESIAN_POINT('Ctrl Pts',(1145.98006488101,302.435906973232,95.0556233683733));
#2086=CARTESIAN_POINT('Ctrl Pts',(1147.86371030209,305.462470790179,100.060435359916));
#2087=CARTESIAN_POINT('Ctrl Pts',(1149.0548605594,308.065268887032,103.769893102895));
#2088=CARTESIAN_POINT('Ctrl Pts',(1150.16780903519,311.100538400925,107.634366889665));
#2089=CARTESIAN_POINT('Ctrl Pts',(1151.20802822133,315.454374914586,112.056355435399));
#2090=CARTESIAN_POINT('Ctrl Pts',(1151.79819667398,320.501528662743,115.304536941642));
#2091=CARTESIAN_POINT('Ctrl Pts',(1152.03557478017,324.878541926358,116.964953193018));
#2092=CARTESIAN_POINT('Ctrl Pts',(1152.08135215504,327.182765698227,117.471590111758));
#2093=CARTESIAN_POINT('Ctrl Pts',(1152.08707998088,328.364292094075,117.642378897142));
#2094=CARTESIAN_POINT('Ctrl Pts',(1071.00000000025,284.1732987121,55.5634727114179));
#2095=CARTESIAN_POINT('Ctrl Pts',(1079.53103555429,284.3958177842,55.6932322054452));
#2096=CARTESIAN_POINT('Ctrl Pts',(1090.97533457492,284.950829249094,56.6551212427389));
#2097=CARTESIAN_POINT('Ctrl Pts',(1103.6813985765,286.124922913487,59.3685240583487));
#2098=CARTESIAN_POINT('Ctrl Pts',(1112.01365070487,287.215800684517,62.0563941248312));
#2099=CARTESIAN_POINT('Ctrl Pts',(1119.23271092249,288.510399415983,65.327186004396));
#2100=CARTESIAN_POINT('Ctrl Pts',(1123.36747145296,289.504628339194,67.839843049275));
#2101=CARTESIAN_POINT('Ctrl Pts',(1126.66904860447,290.416870223142,70.1236434988876));
#2102=CARTESIAN_POINT('Ctrl Pts',(1129.28301462833,291.216915351178,72.1140958190861));
#2103=CARTESIAN_POINT('Ctrl Pts',(1133.91599933601,292.948247971581,76.3296507805549));
#2104=CARTESIAN_POINT('Ctrl Pts',(1138.682776698,295.354560289169,81.9433140296881));
#2105=CARTESIAN_POINT('Ctrl Pts',(1142.92133459382,298.539147504868,88.7286464942659));
#2106=CARTESIAN_POINT('Ctrl Pts',(1146.02438973195,301.991574238908,95.2492396618629));
#2107=CARTESIAN_POINT('Ctrl Pts',(1147.89126789712,305.073827925986,100.246501532439));
#2108=CARTESIAN_POINT('Ctrl Pts',(1149.07024151557,307.720468380175,103.944766146119));
#2109=CARTESIAN_POINT('Ctrl Pts',(1150.17070211819,310.803743866735,107.792956589591));
#2110=CARTESIAN_POINT('Ctrl Pts',(1151.19711785583,315.218894031983,112.184582178895));
#2111=CARTESIAN_POINT('Ctrl Pts',(1151.77490870856,320.324442243652,115.387285037643));
#2112=CARTESIAN_POINT('Ctrl Pts',(1152.00194705233,324.74390804074,117.002884945791));
#2113=CARTESIAN_POINT('Ctrl Pts',(1152.04209231414,327.067739498601,117.484412756263));
#2114=CARTESIAN_POINT('Ctrl Pts',(1152.04480683764,328.258613995614,117.642010009489));
#2115=CARTESIAN_POINT('Ctrl Pts',(1071.00000000025,283.33405168567,55.6831568239395));
#2116=CARTESIAN_POINT('Ctrl Pts',(1079.55883174779,283.560097484713,55.8054786879589));
#2117=CARTESIAN_POINT('Ctrl Pts',(1091.03622055011,284.12795020354,56.7625620115973));
#2118=CARTESIAN_POINT('Ctrl Pts',(1103.76987194309,285.331719544906,59.4798141188687));
#2119=CARTESIAN_POINT('Ctrl Pts',(1112.1150542112,286.450456751269,62.1747873063207));
#2120=CARTESIAN_POINT('Ctrl Pts',(1119.33988363926,287.777839343033,65.455875218758));
#2121=CARTESIAN_POINT('Ctrl Pts',(1123.47418158275,288.796754001282,67.9767580329633));
#2122=CARTESIAN_POINT('Ctrl Pts',(1126.77371024997,289.731311793774,70.2678869128603));
#2123=CARTESIAN_POINT('Ctrl Pts',(1129.38495162791,290.550737070998,72.2646403543881));
#2124=CARTESIAN_POINT('Ctrl Pts',(1134.00917803313,292.322982229125,76.4926994492517));
#2125=CARTESIAN_POINT('Ctrl Pts',(1138.7601339997,294.783817835894,82.1205351560323));
#2126=CARTESIAN_POINT('Ctrl Pts',(1142.97658487235,298.035420736833,88.9160792450875));
#2127=CARTESIAN_POINT('Ctrl Pts',(1146.05820385905,301.5544093267,95.4368332122286));
#2128=CARTESIAN_POINT('Ctrl Pts',(1147.90882681996,304.690439518514,100.426339900901));
#2129=CARTESIAN_POINT('Ctrl Pts',(1149.07595906045,307.3793247699,104.113540208458));
#2130=CARTESIAN_POINT('Ctrl Pts',(1150.16423785524,310.508780109251,107.945800675065));
#2131=CARTESIAN_POINT('Ctrl Pts',(1151.17708329712,314.982711540856,112.307994075485));
#2132=CARTESIAN_POINT('Ctrl Pts',(1151.74261735276,320.14385140198,115.466862702625));
#2133=CARTESIAN_POINT('Ctrl Pts',(1151.95944197977,324.603417914933,117.039333728831));
#2134=CARTESIAN_POINT('Ctrl Pts',(1151.99404735926,326.945644115253,117.496709514438));
#2135=CARTESIAN_POINT('Ctrl Pts',(1151.99380845874,328.145251562246,117.641614298339));
#2136=CARTESIAN_POINT('Ctrl Pts',(1071.00000000023,282.669599409328,55.7818899147665));
#2137=CARTESIAN_POINT('Ctrl Pts',(1079.58402393027,282.899010359732,55.8962067498093));
#2138=CARTESIAN_POINT('Ctrl Pts',(1091.09123383177,283.476792927547,56.8478561088134));
#2139=CARTESIAN_POINT('Ctrl Pts',(1103.84930218856,284.70208613305,59.5684965731752));
#2140=CARTESIAN_POINT('Ctrl Pts',(1112.20560592856,285.840701128825,62.2704018232423));
#2141=CARTESIAN_POINT('Ctrl Pts',(1119.43491919327,287.191287290743,65.5617960950376));
#2142=CARTESIAN_POINT('Ctrl Pts',(1123.56821546043,288.227614056789,68.0910392980078));
#2143=CARTESIAN_POINT('Ctrl Pts',(1126.86535298369,289.177909820613,70.389673253612));
#2144=CARTESIAN_POINT('Ctrl Pts',(1129.4736560298,290.011001134361,72.3929130821077));
#2145=CARTESIAN_POINT('Ctrl Pts',(1134.08894406874,291.812123647407,76.6340064797062));
#2146=CARTESIAN_POINT('Ctrl Pts',(1138.82422183529,294.31155667865,82.2770013354096));
#2147=CARTESIAN_POINT('Ctrl Pts',(1143.01902234057,297.610987918989,89.0844992164688));
#2148=CARTESIAN_POINT('Ctrl Pts',(1146.07967327842,301.178062049967,95.6077418376098));
#2149=CARTESIAN_POINT('Ctrl Pts',(1147.9143664744,304.353571031463,100.591748835632));
#2150=CARTESIAN_POINT('Ctrl Pts',(1149.06985210805,307.07397540724,104.269834334557));
#2151=CARTESIAN_POINT('Ctrl Pts',(1150.14610933726,310.23831994783,108.088410443314));
#2152=CARTESIAN_POINT('Ctrl Pts',(1151.14544629056,314.757795618782,112.424253583385));
#2153=CARTESIAN_POINT('Ctrl Pts',(1151.6987211769,319.964271427395,115.542454093934));
#2154=CARTESIAN_POINT('Ctrl Pts',(1151.90540757791,324.458386057486,117.074156913576));
#2155=CARTESIAN_POINT('Ctrl Pts',(1151.93455982872,326.817209133941,117.508468615332));
#2156=CARTESIAN_POINT('Ctrl Pts',(1151.93142848954,328.02491867576,117.641194255618));
#2157=CARTESIAN_POINT('Ctrl Pts',(1071.00000000023,282.173051375804,55.8681143042005));
#2158=CARTESIAN_POINT('Ctrl Pts',(1079.6065677089,282.405658807575,55.9738316784918));
#2159=CARTESIAN_POINT('Ctrl Pts',(1091.14026139595,282.990655386557,56.9192760954688));
#2160=CARTESIAN_POINT('Ctrl Pts',(1103.91959085635,284.229894749615,59.6424028210404));
#2161=CARTESIAN_POINT('Ctrl Pts',(1112.2852434191,285.380974991564,62.350648797695));
#2162=CARTESIAN_POINT('Ctrl Pts',(1119.51782378687,286.745869720258,65.6518554529198));
#2163=CARTESIAN_POINT('Ctrl Pts',(1123.64964067488,287.792855598843,68.189215102563));
#2164=CARTESIAN_POINT('Ctrl Pts',(1126.94410355992,288.752781833131,70.4951896509286));
#2165=CARTESIAN_POINT('Ctrl Pts',(1129.54930820335,289.594233391407,72.5048058387922));
#2166=CARTESIAN_POINT('Ctrl Pts',(1134.15559643235,291.4130563609,76.7588464988498));
#2167=CARTESIAN_POINT('Ctrl Pts',(1138.87550352666,293.936291763935,82.4171813092356));
#2168=CARTESIAN_POINT('Ctrl Pts',(1143.04931157098,297.265712426833,89.237428520239));
#2169=CARTESIAN_POINT('Ctrl Pts',(1146.08965147505,300.863674749223,95.7646064132369));
#2170=CARTESIAN_POINT('Ctrl Pts',(1147.90888116971,304.06533328333,100.744711846855));
#2171=CARTESIAN_POINT('Ctrl Pts',(1149.0530164403,306.807239989847,104.41515556591));
#2172=CARTESIAN_POINT('Ctrl Pts',(1150.11751417639,309.995913867174,108.221805520815));
#2173=CARTESIAN_POINT('Ctrl Pts',(1151.10351476836,314.54851059388,112.533844296795));
#2174=CARTESIAN_POINT('Ctrl Pts',(1151.64460263323,319.790605466597,115.614194271789));
#2175=CARTESIAN_POINT('Ctrl Pts',(1151.84125994665,324.313916023217,117.107364923984));
#2176=CARTESIAN_POINT('Ctrl Pts',(1151.86505304119,326.687553183928,117.519697054027));
#2177=CARTESIAN_POINT('Ctrl Pts',(1151.85909252862,327.902718701411,117.640767695506));
#2178=CARTESIAN_POINT('Ctrl Pts',(1071.00000000022,281.61000622618,56.0023306772491));
#2179=CARTESIAN_POINT('Ctrl Pts',(1079.62637268736,281.845639975771,56.0988661442187));
#2180=CARTESIAN_POINT('Ctrl Pts',(1091.18328998369,282.439070255995,57.0363011239322));
#2181=CARTESIAN_POINT('Ctrl Pts',(1103.98097961006,283.69618706654,59.7581307385072));
#2182=CARTESIAN_POINT('Ctrl Pts',(1112.35450825947,284.86366702823,62.4692767797653));
#2183=CARTESIAN_POINT('Ctrl Pts',(1119.58951347603,286.247629900154,65.7763853584437));
#2184=CARTESIAN_POINT('Ctrl Pts',(1123.71967017761,287.308889317567,68.3190243824466));
#2185=CARTESIAN_POINT('Ctrl Pts',(1127.01144624639,288.281706432765,70.6298341882707));
#2186=CARTESIAN_POINT('Ctrl Pts',(1129.61362954619,289.134345860077,72.6436850979441));
#2187=CARTESIAN_POINT('Ctrl Pts',(1134.21136189583,290.976791822623,76.906318710591));
#2188=CARTESIAN_POINT('Ctrl Pts',(1138.91688112053,293.531580062643,82.5745556503358));
#2189=CARTESIAN_POINT('Ctrl Pts',(1143.07116517363,296.900099842308,89.4016467569003));
#2190=CARTESIAN_POINT('Ctrl Pts',(1146.09262003412,300.537402014967,95.9278476281547));
#2191=CARTESIAN_POINT('Ctrl Pts',(1147.89743414658,303.771404732864,100.900822282814));
#2192=CARTESIAN_POINT('Ctrl Pts',(1149.03094071815,306.539176077568,104.561548856547));
#2193=CARTESIAN_POINT('Ctrl Pts',(1150.08438203904,309.756516459619,108.354358782145));
#2194=CARTESIAN_POINT('Ctrl Pts',(1151.0577098873,314.346632078552,112.641003071799));
#2195=CARTESIAN_POINT('Ctrl Pts',(1151.58701929319,319.626272276763,115.683480690794));
#2196=CARTESIAN_POINT('Ctrl Pts',(1151.77390166456,324.178351734793,117.13917286054));
#2197=CARTESIAN_POINT('Ctrl Pts',(1151.79245889261,326.565870952126,117.530412221219));
#2198=CARTESIAN_POINT('Ctrl Pts',(1151.78373344708,327.787830572693,117.640366658652));
#2199=CARTESIAN_POINT('Ctrl Pts',(1071.00000000022,281.022361232197,56.1579971558275));
#2200=CARTESIAN_POINT('Ctrl Pts',(1079.64342071183,281.260840847086,56.2447189814234));
#2201=CARTESIAN_POINT('Ctrl Pts',(1091.22030623913,281.863398440087,57.1727913473979));
#2202=CARTESIAN_POINT('Ctrl Pts',(1104.03378943147,283.140779849719,59.8907419233361));
#2203=CARTESIAN_POINT('Ctrl Pts',(1112.41405736861,284.327076468053,62.6025598552455));
#2204=CARTESIAN_POINT('Ctrl Pts',(1119.65108134359,285.733040962273,65.9131141790895));
#2205=CARTESIAN_POINT('Ctrl Pts',(1123.77973560165,286.810802327391,68.4593059940798));
#2206=CARTESIAN_POINT('Ctrl Pts',(1127.06912266155,287.798518380735,70.7734493244924));
#2207=CARTESIAN_POINT('Ctrl Pts',(1129.66863344075,288.66408574144,72.7902656109124));
#2208=CARTESIAN_POINT('Ctrl Pts',(1134.25883057934,290.533790748172,77.0589751837498));
#2209=CARTESIAN_POINT('Ctrl Pts',(1138.9517125685,293.124866707335,82.7341069417158));
#2210=CARTESIAN_POINT('Ctrl Pts',(1143.08886462332,296.537986644318,89.5650593557924));
#2211=CARTESIAN_POINT('Ctrl Pts',(1146.09373689463,300.219640424613,96.0881731247648));
#2212=CARTESIAN_POINT('Ctrl Pts',(1147.88584814028,303.489557446066,101.052934584128));
#2213=CARTESIAN_POINT('Ctrl Pts',(1149.00993563309,306.285617483551,104.703457956241));
#2214=CARTESIAN_POINT('Ctrl Pts',(1150.05352400904,309.533949466278,108.482168043157));
#2215=CARTESIAN_POINT('Ctrl Pts',(1151.01540454964,314.163695954504,112.743712275654));
#2216=CARTESIAN_POINT('Ctrl Pts',(1151.53373326046,319.481196551312,115.749622689059));
#2217=CARTESIAN_POINT('Ctrl Pts',(1151.71126243915,324.06090368116,117.169477136721));
#2218=CARTESIAN_POINT('Ctrl Pts',(1151.72473659175,326.461225860782,117.54063706795));
#2219=CARTESIAN_POINT('Ctrl Pts',(1151.71331347777,327.689302726991,117.640022730192));
#2220=CARTESIAN_POINT('Ctrl Pts',(1071.00000000021,280.709683035191,56.2476098652071));
#2221=CARTESIAN_POINT('Ctrl Pts',(1079.65524999744,280.950383143969,56.3256411085174));
#2222=CARTESIAN_POINT('Ctrl Pts',(1091.24608791881,281.557977324452,57.2456710074435));
#2223=CARTESIAN_POINT('Ctrl Pts',(1104.0706729129,282.845074402525,59.9609546675471));
#2224=CARTESIAN_POINT('Ctrl Pts',(1112.45573098234,284.040033331279,62.6741452262126));
#2225=CARTESIAN_POINT('Ctrl Pts',(1119.69425508866,285.455910996675,65.9887470755427));
#2226=CARTESIAN_POINT('Ctrl Pts',(1123.82191819522,286.541030886244,68.5389080990099));
#2227=CARTESIAN_POINT('Ctrl Pts',(1127.10968201067,287.535381170023,70.8567914322195));
#2228=CARTESIAN_POINT('Ctrl Pts',(1129.70736130131,288.406699583886,72.8769434572481));
#2229=CARTESIAN_POINT('Ctrl Pts',(1134.29235603338,290.28854238994,77.152663959921));
#2230=CARTESIAN_POINT('Ctrl Pts',(1138.97647186985,292.89585957481,82.8363757929668));
#2231=CARTESIAN_POINT('Ctrl Pts',(1143.10170902921,296.329277567074,89.6744574672733));
#2232=CARTESIAN_POINT('Ctrl Pts',(1146.0950297291,300.03164141635,96.1993466187616));
#2233=CARTESIAN_POINT('Ctrl Pts',(1147.8782446103,303.318905420157,101.161023113082));
#2234=CARTESIAN_POINT('Ctrl Pts',(1148.99568131718,306.12909496388,104.806079522769));
#2235=CARTESIAN_POINT('Ctrl Pts',(1150.03225959642,309.393305683971,108.57639335398));
#2236=CARTESIAN_POINT('Ctrl Pts',(1150.98583953361,314.044400219539,112.821310664));
#2237=CARTESIAN_POINT('Ctrl Pts',(1151.49582939081,319.384369045765,115.800667540764));
#2238=CARTESIAN_POINT('Ctrl Pts',(1151.66597975473,323.982147211608,117.193251233229));
#2239=CARTESIAN_POINT('Ctrl Pts',(1151.67535997915,326.391516408546,117.548748044389));
#2240=CARTESIAN_POINT('Ctrl Pts',(1151.66174554381,327.6241137547,117.639795176827));
#2241=CARTESIAN_POINT('Ctrl Pts',(1071.00000000021,280.478926144395,56.3350687976193));
#2242=CARTESIAN_POINT('Ctrl Pts',(1079.66326974655,280.721307861143,56.405822324962));
#2243=CARTESIAN_POINT('Ctrl Pts',(1091.26355685237,281.332748093166,57.3186314996396));
#2244=CARTESIAN_POINT('Ctrl Pts',(1104.09562299301,282.627278117123,60.0302165087831));
#2245=CARTESIAN_POINT('Ctrl Pts',(1112.48386325276,283.828865395936,62.7431249434736));
#2246=CARTESIAN_POINT('Ctrl Pts',(1119.72330635827,285.252324669662,66.0594226104475));
#2247=CARTESIAN_POINT('Ctrl Pts',(1123.85020690992,286.343067238052,68.6116599784747));
#2248=CARTESIAN_POINT('Ctrl Pts',(1127.13678060378,287.34248339869,70.9315729998805));
#2249=CARTESIAN_POINT('Ctrl Pts',(1129.73313595536,288.218191304414,72.9535761745553));
#2250=CARTESIAN_POINT('Ctrl Pts',(1134.31441569609,290.109288463554,77.2332664917353));
#2251=CARTESIAN_POINT('Ctrl Pts',(1138.99231869751,292.728966716221,82.9218450963065));
#2252=CARTESIAN_POINT('Ctrl Pts',(1143.10913414423,296.177785180329,89.7635650198639));
#2253=CARTESIAN_POINT('Ctrl Pts',(1146.09428048813,299.89580220351,96.288293131487));
#2254=CARTESIAN_POINT('Ctrl Pts',(1147.87116704245,303.196119016054,101.24657364656));
#2255=CARTESIAN_POINT('Ctrl Pts',(1148.98383548951,306.01689698482,104.886736386115));
#2256=CARTESIAN_POINT('Ctrl Pts',(1150.01535131031,309.292971738252,108.649922048423));
#2257=CARTESIAN_POINT('Ctrl Pts',(1150.96283441304,313.959927877078,112.881381159575));
#2258=CARTESIAN_POINT('Ctrl Pts',(1151.46650098532,319.316425903785,115.839963315167));
#2259=CARTESIAN_POINT('Ctrl Pts',(1151.63093933246,323.927379083348,117.211496971687));
#2260=CARTESIAN_POINT('Ctrl Pts',(1151.63711967612,326.343300813573,117.554975685182));
#2261=CARTESIAN_POINT('Ctrl Pts',(1151.62178750566,327.579160629571,117.639638260181));
#2262=CARTESIAN_POINT('Ctrl Pts',(1071.00000000021,280.219441016539,56.4475935944565));
#2263=CARTESIAN_POINT('Ctrl Pts',(1079.67031389424,280.463440667446,56.5108529435597));
#2264=CARTESIAN_POINT('Ctrl Pts',(1091.27886332997,281.079243972498,57.4156741537358));
#2265=CARTESIAN_POINT('Ctrl Pts',(1104.11735836605,282.382848911967,60.1218245785147));
#2266=CARTESIAN_POINT('Ctrl Pts',(1112.50823746161,283.592705740502,62.8328474982093));
#2267=CARTESIAN_POINT('Ctrl Pts',(1119.7482824744,285.025730791025,66.1489923072101));
#2268=CARTESIAN_POINT('Ctrl Pts',(1123.87434420618,286.12360308026,68.7019506251462));
#2269=CARTESIAN_POINT('Ctrl Pts',(1127.15971342259,287.129444983764,71.0226894342577));
#2270=CARTESIAN_POINT('Ctrl Pts',(1129.75476404398,288.010721922965,73.045510683318));
#2271=CARTESIAN_POINT('Ctrl Pts',(1134.33247025109,289.91354558047,77.3270526236507));
#2272=CARTESIAN_POINT('Ctrl Pts',(1139.00448889875,292.548823868182,83.017815526204));
#2273=CARTESIAN_POINT('Ctrl Pts',(1143.11337843274,296.016859193825,89.8601846340769));
#2274=CARTESIAN_POINT('Ctrl Pts',(1146.09082865129,299.75408350254,96.3821659929528));
#2275=CARTESIAN_POINT('Ctrl Pts',(1147.86173468264,303.070072881769,101.335268147176));
#2276=CARTESIAN_POINT('Ctrl Pts',(1148.96987147071,305.903296840758,104.96933448508));
#2277=CARTESIAN_POINT('Ctrl Pts',(1149.99655202532,309.193094773153,108.724231684099));
#2278=CARTESIAN_POINT('Ctrl Pts',(1150.93814539078,313.877831999495,112.941129110663));
#2279=CARTESIAN_POINT('Ctrl Pts',(1151.43561212485,319.251785690996,115.87856024408));
#2280=CARTESIAN_POINT('Ctrl Pts',(1151.59441998832,323.875858745637,117.229266209166));
#2281=CARTESIAN_POINT('Ctrl Pts',(1151.5974430457,326.298014251351,117.561019591331));
#2282=CARTESIAN_POINT('Ctrl Pts',(1151.58041690501,327.536897989281,117.639490735137));
#2283=CARTESIAN_POINT('Ctrl Pts',(1071.0000000002,279.973915625924,56.5660203184134));
#2284=CARTESIAN_POINT('Ctrl Pts',(1079.67587384309,280.219437107448,56.6214622634839));
#2285=CARTESIAN_POINT('Ctrl Pts',(1091.29083790232,280.839403024547,57.5176453734948));
#2286=CARTESIAN_POINT('Ctrl Pts',(1104.13400142569,282.151703464417,60.2172457642543));
#2287=CARTESIAN_POINT('Ctrl Pts',(1112.52653594339,283.36948934845,62.9254443652242));
#2288=CARTESIAN_POINT('Ctrl Pts',(1119.76650849169,284.811685112484,66.240430084057));
#2289=CARTESIAN_POINT('Ctrl Pts',(1123.89146912912,285.916388019346,68.793418052588));
#2290=CARTESIAN_POINT('Ctrl Pts',(1127.17547949796,286.928382516901,71.1143897698563));
#2291=CARTESIAN_POINT('Ctrl Pts',(1129.76913929255,287.814989710915,73.1375327782758));
#2292=CARTESIAN_POINT('Ctrl Pts',(1134.34324423067,289.729026060662,77.4199645511034));
#2293=CARTESIAN_POINT('Ctrl Pts',(1139.0095570811,292.379195516562,83.1118113305947));
#2294=CARTESIAN_POINT('Ctrl Pts',(1143.11088973495,295.865516355763,89.9538445145031));
#2295=CARTESIAN_POINT('Ctrl Pts',(1146.08100384835,299.620941824095,96.4725359510586));
#2296=CARTESIAN_POINT('Ctrl Pts',(1147.84617806793,302.951706896938,101.420329289209));
#2297=CARTESIAN_POINT('Ctrl Pts',(1148.9499362385,305.796606338203,105.048370661506));
#2298=CARTESIAN_POINT('Ctrl Pts',(1149.97191301357,309.099228882225,108.795184025794));
#2299=CARTESIAN_POINT('Ctrl Pts',(1150.90768918526,313.80045750783,112.998065539049));
#2300=CARTESIAN_POINT('Ctrl Pts',(1151.39897502587,319.190357741112,115.915315393675));
#2301=CARTESIAN_POINT('Ctrl Pts',(1151.55220443711,323.826227093389,117.24618642416));
#2302=CARTESIAN_POINT('Ctrl Pts',(1151.55212251571,326.253914140887,117.566773174508));
#2303=CARTESIAN_POINT('Ctrl Pts',(1151.53343834704,327.495460059702,117.639346088887));
#2304=CARTESIAN_POINT('Ctrl Pts',(1071.0000000002,279.806548095008,56.6621771068397));
#2305=CARTESIAN_POINT('Ctrl Pts',(1079.67992689944,280.05349181694,56.7094653274224));
#2306=CARTESIAN_POINT('Ctrl Pts',(1091.29931145766,280.676318720651,57.5968120114766));
#2307=CARTESIAN_POINT('Ctrl Pts',(1104.14506123824,281.993724103291,60.2900546347795));
#2308=CARTESIAN_POINT('Ctrl Pts',(1112.53796158796,283.215934071978,62.9957865245396));
#2309=CARTESIAN_POINT('Ctrl Pts',(1119.77683143307,284.663098268319,66.3101675659333));
#2310=CARTESIAN_POINT('Ctrl Pts',(1123.90016317824,285.771442190527,68.8636809461357));
#2311=CARTESIAN_POINT('Ctrl Pts',(1127.18242224274,286.786704264535,71.1853658084821));
#2312=CARTESIAN_POINT('Ctrl Pts',(1129.77439952193,287.676135239223,73.2092663843507));
#2313=CARTESIAN_POINT('Ctrl Pts',(1134.34444616962,289.596102682767,77.4935877506772));
#2314=CARTESIAN_POINT('Ctrl Pts',(1139.00466970927,292.254167335189,83.1880083982466));
#2315=CARTESIAN_POINT('Ctrl Pts',(1143.09814499591,295.750324975342,90.0318255213504));
#2316=CARTESIAN_POINT('Ctrl Pts',(1146.06064434136,299.51578698564,96.5496495991278));
#2317=CARTESIAN_POINT('Ctrl Pts',(1147.81984765315,302.854977760284,101.494268578933));
#2318=CARTESIAN_POINT('Ctrl Pts',(1148.91901972788,305.706762490866,105.118028923668));
#2319=CARTESIAN_POINT('Ctrl Pts',(1149.93604895805,309.017143348679,108.858699550224));
#2320=CARTESIAN_POINT('Ctrl Pts',(1150.86565410115,313.728858749272,113.050080240625));
#2321=CARTESIAN_POINT('Ctrl Pts',(1151.35048115513,319.129912479865,115.949496530836));
#2322=CARTESIAN_POINT('Ctrl Pts',(1151.49805879875,323.774842690468,117.262123618453));
#2323=CARTESIAN_POINT('Ctrl Pts',(1151.49490272473,326.207099461458,117.572217339907));
#2324=CARTESIAN_POINT('Ctrl Pts',(1151.47459759618,327.450938182816,117.639190677588));
#2325=CARTESIAN_POINT('Ctrl Pts',(1071.0000000002,279.628526542166,56.7768418186936));
#2326=CARTESIAN_POINT('Ctrl Pts',(1079.6829624311,279.87682560201,56.8157522867327));
#2327=CARTESIAN_POINT('Ctrl Pts',(1091.30541506214,280.502671635438,57.693583805591));
#2328=CARTESIAN_POINT('Ctrl Pts',(1104.15230936993,281.825784949365,60.3790171491615));
#2329=CARTESIAN_POINT('Ctrl Pts',(1112.54466984774,283.053037030551,63.0809629117767));
#2330=CARTESIAN_POINT('Ctrl Pts',(1119.781697657,284.505923453144,66.3932359979645));
#2331=CARTESIAN_POINT('Ctrl Pts',(1123.90301072012,285.618481412714,68.9461835993419));
#2332=CARTESIAN_POINT('Ctrl Pts',(1127.18322311094,286.637526910183,71.2676174355001));
#2333=CARTESIAN_POINT('Ctrl Pts',(1129.77329442309,287.530228415691,73.2914511837174));
#2334=CARTESIAN_POINT('Ctrl Pts',(1134.33891823835,289.457058215535,77.5759852264686));
#2335=CARTESIAN_POINT('Ctrl Pts',(1138.99271929935,292.124224586962,83.2708844439753));
#2336=CARTESIAN_POINT('Ctrl Pts',(1143.07804488237,295.631603764479,90.1142092171659));
#2337=CARTESIAN_POINT('Ctrl Pts',(1146.0326556528,299.408338488114,96.629272067853));
#2338=CARTESIAN_POINT('Ctrl Pts',(1147.78566103053,302.756806326004,101.56947033842));
#2339=CARTESIAN_POINT('Ctrl Pts',(1148.88005838996,305.616028098434,105.188147078241));
#2340=CARTESIAN_POINT('Ctrl Pts',(1149.89192529614,308.934670336785,108.921933330127));
#2341=CARTESIAN_POINT('Ctrl Pts',(1150.81506342703,313.657252178829,113.101192075929));
#2342=CARTESIAN_POINT('Ctrl Pts',(1151.29320410001,319.069300215384,115.982750486378));
#2343=CARTESIAN_POINT('Ctrl Pts',(1151.43506339782,323.722754776854,117.277522138983));
#2344=CARTESIAN_POINT('Ctrl Pts',(1151.4288510987,326.15916418011,117.577455359406));
#2345=CARTESIAN_POINT('Ctrl Pts',(1151.40694994545,327.405046848942,117.639030485962));
#2346=CARTESIAN_POINT('Ctrl Pts',(1071.0000000002,279.397144393922,56.9482274647269));
#2347=CARTESIAN_POINT('Ctrl Pts',(1079.68482772,279.647010867194,56.9762435130676));
#2348=CARTESIAN_POINT('Ctrl Pts',(1091.30854456812,280.276784922165,57.8410062654501));
#2349=CARTESIAN_POINT('Ctrl Pts',(1104.15410134658,281.607752830346,60.5142597334228));
#2350=CARTESIAN_POINT('Ctrl Pts',(1112.54403585281,282.842061659746,63.2092988253619));
#2351=CARTESIAN_POINT('Ctrl Pts',(1119.77731720473,284.30302767655,66.5164812637046));
#2352=CARTESIAN_POINT('Ctrl Pts',(1123.89533570514,285.421558243,69.0669520216989));
#2353=CARTESIAN_POINT('Ctrl Pts',(1127.17240052179,286.445966460939,71.3865144895487));
#2354=CARTESIAN_POINT('Ctrl Pts',(1129.7596402498,287.34330400827,73.4089364692039));
#2355=CARTESIAN_POINT('Ctrl Pts',(1134.31899060402,289.2798485061,77.6910506377648));
#2356=CARTESIAN_POINT('Ctrl Pts',(1138.96406054518,291.959850433613,83.383226446456));
#2357=CARTESIAN_POINT('Ctrl Pts',(1143.03855849368,295.482891082834,90.2223984819434));
#2358=CARTESIAN_POINT('Ctrl Pts',(1145.98270639204,299.275117436701,96.7311606739674));
#2359=CARTESIAN_POINT('Ctrl Pts',(1147.72747001788,302.636077994071,101.664034925045));
#2360=CARTESIAN_POINT('Ctrl Pts',(1148.81549389673,305.505113566503,105.275251716411));
#2361=CARTESIAN_POINT('Ctrl Pts',(1149.82045140703,308.834488605159,108.999457655494));
#2362=CARTESIAN_POINT('Ctrl Pts',(1150.73488822825,313.570754899187,113.162873399625));
#2363=CARTESIAN_POINT('Ctrl Pts',(1151.20419973487,318.995815632324,116.022401094819));
#2364=CARTESIAN_POINT('Ctrl Pts',(1151.33876794261,323.658726872346,117.295733163865));
#2365=CARTESIAN_POINT('Ctrl Pts',(1151.32876652701,326.099504761038,117.583620587415));
#2366=CARTESIAN_POINT('Ctrl Pts',(1151.30491759912,327.347470912293,117.638829507213));
#2367=CARTESIAN_POINT('Ctrl Pts',(1071.0000000002,279.254338054428,57.0789786114955));
#2368=CARTESIAN_POINT('Ctrl Pts',(1079.68407827872,279.505597695134,57.0955194637856));
#2369=CARTESIAN_POINT('Ctrl Pts',(1091.30562269463,280.138101069591,57.9468991062672));
#2370=CARTESIAN_POINT('Ctrl Pts',(1104.14628192842,281.473791400742,60.6084004520664));
#2371=CARTESIAN_POINT('Ctrl Pts',(1112.53160598753,282.712130435381,63.2972443628678));
#2372=CARTESIAN_POINT('Ctrl Pts',(1119.75941625857,284.177561070818,66.6004080575402));
#2373=CARTESIAN_POINT('Ctrl Pts',(1123.87327234292,285.29932161677,69.1493455358473));
#2374=CARTESIAN_POINT('Ctrl Pts',(1127.14655190574,286.326609417406,71.4679454559764));
#2375=CARTESIAN_POINT('Ctrl Pts',(1129.73049146923,287.226424293361,73.4897775191022));
#2376=CARTESIAN_POINT('Ctrl Pts',(1134.2828540119,289.168124547149,77.7713452022899));
#2377=CARTESIAN_POINT('Ctrl Pts',(1138.91862991083,291.854896003756,83.4635673335902));
#2378=CARTESIAN_POINT('Ctrl Pts',(1142.98189765444,295.386198867699,90.3024893020526));
#2379=CARTESIAN_POINT('Ctrl Pts',(1145.91520733435,299.186662201452,96.8093735373315));
#2380=CARTESIAN_POINT('Ctrl Pts',(1147.65139300112,302.554360543054,101.738797540187));
#2381=CARTESIAN_POINT('Ctrl Pts',(1148.73273917805,305.428775854016,105.345707128169));
#2382=CARTESIAN_POINT('Ctrl Pts',(1149.73042074851,308.764111499385,109.063832979115));
#2383=CARTESIAN_POINT('Ctrl Pts',(1150.63560222739,313.508183955287,113.215920417656));
#2384=CARTESIAN_POINT('Ctrl Pts',(1151.0956411969,318.941090321319,116.057597384086));
#2385=CARTESIAN_POINT('Ctrl Pts',(1151.22280771513,323.610051301651,117.312296073309));
#2386=CARTESIAN_POINT('Ctrl Pts',(1151.20907427408,326.053764926595,117.589313942782));
#2387=CARTESIAN_POINT('Ctrl Pts',(1151.18334232186,327.303173178463,117.638674878323));
#2388=CARTESIAN_POINT('Ctrl Pts',(1071.0000000002,279.104779457425,57.2689751495426));
#2389=CARTESIAN_POINT('Ctrl Pts',(1079.68187624299,279.357046931077,57.2759835726074));
#2390=CARTESIAN_POINT('Ctrl Pts',(1091.29967234687,279.992579187696,58.1146772305099));
#2391=CARTESIAN_POINT('Ctrl Pts',(1104.13448954761,281.334740870427,60.7618351115133));
#2392=CARTESIAN_POINT('Ctrl Pts',(1112.51504112088,282.578997289262,63.4410260202603));
#2393=CARTESIAN_POINT('Ctrl Pts',(1119.73772209186,284.051256637041,66.7354562476428));
#2394=CARTESIAN_POINT('Ctrl Pts',(1123.84794735543,285.178075423934,69.2790562918518));
#2395=CARTESIAN_POINT('Ctrl Pts',(1127.11801642605,286.209899669713,71.593206172333));
#2396=CARTESIAN_POINT('Ctrl Pts',(1129.69920958305,287.113633223963,73.6113913895638));
#2397=CARTESIAN_POINT('Ctrl Pts',(1134.24592410606,289.063517702994,77.8859360389922));
#2398=CARTESIAN_POINT('Ctrl Pts',(1138.87442020114,291.761024279755,83.5696950734686));
#2399=CARTESIAN_POINT('Ctrl Pts',(1142.92905383253,295.305205715494,90.3986188914151));
#2400=CARTESIAN_POINT('Ctrl Pts',(1145.85402957053,299.118097312347,96.895107992206));
#2401=CARTESIAN_POINT('Ctrl Pts',(1147.58357721737,302.495490043325,101.815311646098));
#2402=CARTESIAN_POINT('Ctrl Pts',(1148.65971125154,305.377261231328,105.414199476668));
#2403=CARTESIAN_POINT('Ctrl Pts',(1149.65167524978,308.720420063891,109.122861582207));
#2404=CARTESIAN_POINT('Ctrl Pts',(1150.54948222571,313.473891442359,113.261032155714));
#2405=CARTESIAN_POINT('Ctrl Pts',(1151.00208677424,318.914595957488,116.085702948431));
#2406=CARTESIAN_POINT('Ctrl Pts',(1151.12337275471,323.588304767579,117.324963985466));
#2407=CARTESIAN_POINT('Ctrl Pts',(1151.10670812266,326.033842300145,117.59360814719));
#2408=CARTESIAN_POINT('Ctrl Pts',(1151.07950941642,327.284011649623,117.638607991698));
#2409=CARTESIAN_POINT('Ctrl Pts',(1071.0000000002,279.064212946527,57.398717162693));
#2410=CARTESIAN_POINT('Ctrl Pts',(1079.6802370913,279.316948211751,57.4008399262693));
#2411=CARTESIAN_POINT('Ctrl Pts',(1091.29549936436,279.953546117627,58.2324284034508));
#2412=CARTESIAN_POINT('Ctrl Pts',(1104.12680150289,281.297709865693,60.8704675173291));
#2413=CARTESIAN_POINT('Ctrl Pts',(1112.50465404358,282.543721517111,63.5429718283168));
#2414=CARTESIAN_POINT('Ctrl Pts',(1119.72458005106,284.017952780158,66.8308416921383));
#2415=CARTESIAN_POINT('Ctrl Pts',(1123.83293633423,285.146205976936,69.3701342069697));
#2416=CARTESIAN_POINT('Ctrl Pts',(1127.10138192158,286.179308271156,71.6805898314601));
#2417=CARTESIAN_POINT('Ctrl Pts',(1129.68120355486,287.084140915432,73.6956827938112));
#2418=CARTESIAN_POINT('Ctrl Pts',(1134.22515331817,289.036304726848,77.9640783273518));
#2419=CARTESIAN_POINT('Ctrl Pts',(1138.8501655041,291.736777386266,83.6401898664149));
#2420=CARTESIAN_POINT('Ctrl Pts',(1142.90072369654,295.284497005755,90.4601535621376));
#2421=CARTESIAN_POINT('Ctrl Pts',(1145.82176338254,299.100797672044,96.9478208800864));
#2422=CARTESIAN_POINT('Ctrl Pts',(1147.54815692987,302.480854255758,101.860759622767));
#2423=CARTESIAN_POINT('Ctrl Pts',(1148.62179443628,305.364654888663,105.453742542282));
#2424=CARTESIAN_POINT('Ctrl Pts',(1149.61100239502,308.709980468237,109.155757972518));
#2425=CARTESIAN_POINT('Ctrl Pts',(1150.50520886714,313.46607971827,113.284922118142));
#2426=CARTESIAN_POINT('Ctrl Pts',(1150.95414385552,318.909021821639,116.09988501735));
#2427=CARTESIAN_POINT('Ctrl Pts',(1151.07252593448,323.584148628759,117.331126156343));
#2428=CARTESIAN_POINT('Ctrl Pts',(1151.05441799206,326.0302580692,117.595670358628));
#2429=CARTESIAN_POINT('Ctrl Pts',(1151.02649931286,327.280675831611,117.638596347449));
#2430=CARTESIAN_POINT('Ctrl Pts',(1071.00000000019,279.051361603572,57.5421046397326));
#2431=CARTESIAN_POINT('Ctrl Pts',(1079.67832679002,279.304546217843,57.5392845089623));
#2432=CARTESIAN_POINT('Ctrl Pts',(1091.2907332959,279.941816816865,58.3634480976491));
#2433=CARTESIAN_POINT('Ctrl Pts',(1104.11824805371,281.286875266706,60.9915711486136));
#2434=CARTESIAN_POINT('Ctrl Pts',(1112.49327067373,282.533556915921,63.6566313335809));
#2435=CARTESIAN_POINT('Ctrl Pts',(1119.7103776884,284.008457248243,66.9370511472259));
#2436=CARTESIAN_POINT('Ctrl Pts',(1123.81686217439,285.137155935751,69.471373720727));
#2437=CARTESIAN_POINT('Ctrl Pts',(1127.08369691222,286.170642199256,71.7775423011691));
#2438=CARTESIAN_POINT('Ctrl Pts',(1129.66216679832,287.075797409164,73.7890317013724));
#2439=CARTESIAN_POINT('Ctrl Pts',(1134.20342143441,289.028605876679,78.0502181201122));
#2440=CARTESIAN_POINT('Ctrl Pts',(1138.82508071187,291.729883562885,83.7173155141971));
#2441=CARTESIAN_POINT('Ctrl Pts',(1142.871747736,295.278542730227,90.5267471283433));
#2442=CARTESIAN_POINT('Ctrl Pts',(1145.78902716097,299.095756809669,97.0041704358027));
#2443=CARTESIAN_POINT('Ctrl Pts',(1147.5123949373,302.476553030066,101.908814596236));
#2444=CARTESIAN_POINT('Ctrl Pts',(1148.58362445974,305.360945304171,105.495165507133));
#2445=CARTESIAN_POINT('Ctrl Pts',(1149.57016279574,308.706929141889,109.189805271215));
#2446=CARTESIAN_POINT('Ctrl Pts',(1150.4608517414,313.463901260629,113.30919838142));
#2447=CARTESIAN_POINT('Ctrl Pts',(1150.90616893107,318.907750002235,116.114033830456));
#2448=CARTESIAN_POINT('Ctrl Pts',(1151.02167795257,323.583602599191,117.337185356423));
#2449=CARTESIAN_POINT('Ctrl Pts',(1151.00214067666,326.030075130669,117.597689260818));
#2450=CARTESIAN_POINT('Ctrl Pts',(1150.97350915776,327.28067449449,117.638596342782));
#2451=CARTESIAN_POINT('Ctrl Pts',(1071.00000000019,279.065588281786,57.6971551969633));
#2452=CARTESIAN_POINT('Ctrl Pts',(1079.67618471704,279.319193080451,57.6894415478736));
#2453=CARTESIAN_POINT('Ctrl Pts',(1091.28545373848,279.956742583831,58.5060032718708));
#2454=CARTESIAN_POINT('Ctrl Pts',(1104.1089338787,281.301611275689,61.1235748177648));
#2455=CARTESIAN_POINT('Ctrl Pts',(1112.48100183998,282.54790533188,63.7805425709153));
#2456=CARTESIAN_POINT('Ctrl Pts',(1119.6952213747,284.022208404616,67.0527213789312));
#2457=CARTESIAN_POINT('Ctrl Pts',(1123.7998224358,285.15039287701,69.5814716658098));
#2458=CARTESIAN_POINT('Ctrl Pts',(1127.0650494,286.183395869709,71.8828102387119));
#2459=CARTESIAN_POINT('Ctrl Pts',(1129.64217809054,287.088120678161,73.8902254436703));
#2460=CARTESIAN_POINT('Ctrl Pts',(1134.18078499888,289.039989448839,78.1432202421206));
#2461=CARTESIAN_POINT('Ctrl Pts',(1138.79918936349,291.739978521801,83.800028260664));
#2462=CARTESIAN_POINT('Ctrl Pts',(1142.84210866974,295.287059699997,90.5974596903222));
#2463=CARTESIAN_POINT('Ctrl Pts',(1145.75576725765,299.102768244627,97.0633202080582));
#2464=CARTESIAN_POINT('Ctrl Pts',(1147.47621428113,302.482437204758,101.958729565922));
#2465=CARTESIAN_POINT('Ctrl Pts',(1148.54511153493,305.366024406409,105.537798589415));
#2466=CARTESIAN_POINT('Ctrl Pts',(1149.52905748042,308.711199506444,109.224424654362));
#2467=CARTESIAN_POINT('Ctrl Pts',(1150.41631319085,313.467333241956,113.333416179139));
#2468=CARTESIAN_POINT('Ctrl Pts',(1150.85809204607,318.910780763935,116.127870152988));
#2469=CARTESIAN_POINT('Ctrl Pts',(1150.97080067854,323.58666858187,117.343014543748));
#2470=CARTESIAN_POINT('Ctrl Pts',(1150.94987614613,326.033290016353,117.599621191925));
#2471=CARTESIAN_POINT('Ctrl Pts',(1150.92055494258,327.283999798931,117.638607950331));
#2472=CARTESIAN_POINT('Ctrl Pts',(1071.00000000019,279.188037254015,58.0189590002483));
#2473=CARTESIAN_POINT('Ctrl Pts',(1079.67097880525,279.442367883667,58.0016439150817));
#2474=CARTESIAN_POINT('Ctrl Pts',(1091.27288484784,280.079119827185,58.8028495497143));
#2475=CARTESIAN_POINT('Ctrl Pts',(1104.08740931531,281.41990728027,61.3984233791322));
#2476=CARTESIAN_POINT('Ctrl Pts',(1112.45316709682,282.66182203778,64.0382425706134));
#2477=CARTESIAN_POINT('Ctrl Pts',(1119.66145391196,284.130618201424,67.2927394526994));
#2478=CARTESIAN_POINT('Ctrl Pts',(1123.76232878818,285.254506863553,69.8094283247472));
#2479=CARTESIAN_POINT('Ctrl Pts',(1127.02443092662,286.283590666704,72.1002840117321));
#2480=CARTESIAN_POINT('Ctrl Pts',(1129.59898731316,287.184891039885,74.098839684052));
#2481=CARTESIAN_POINT('Ctrl Pts',(1134.13263042593,289.129485354935,78.3339843905524));
#2482=CARTESIAN_POINT('Ctrl Pts',(1138.74510340764,291.819765233313,83.9683606356471));
#2483=CARTESIAN_POINT('Ctrl Pts',(1142.78132355223,295.355106140943,90.739799842787));
#2484=CARTESIAN_POINT('Ctrl Pts',(1145.68851017867,299.159543124022,97.1809498315606));
#2485=CARTESIAN_POINT('Ctrl Pts',(1147.40369727245,302.530568593329,102.056934694294));
#2486=CARTESIAN_POINT('Ctrl Pts',(1148.46835175486,305.407754317723,105.620904870009));
#2487=CARTESIAN_POINT('Ctrl Pts',(1149.44754490153,308.746269231517,109.291088493801));
#2488=CARTESIAN_POINT('Ctrl Pts',(1150.32840985678,313.494815932696,113.37916294982));
#2489=CARTESIAN_POINT('Ctrl Pts',(1150.76352323723,318.932883302885,116.153494975096));
#2490=CARTESIAN_POINT('Ctrl Pts',(1150.87095745093,323.606363314648,117.353645534182));
#2491=CARTESIAN_POINT('Ctrl Pts',(1150.84743007474,326.052479994829,117.603141964422));
#2492=CARTESIAN_POINT('Ctrl Pts',(1150.81681984634,327.30312899622,117.638674724097));
#2493=CARTESIAN_POINT('Ctrl Pts',(1071.00000000019,279.311699489495,58.2538241936201));
#2494=CARTESIAN_POINT('Ctrl Pts',(1079.66440398977,279.566585945899,58.2271838276098));
#2495=CARTESIAN_POINT('Ctrl Pts',(1091.25738400091,280.20272920685,59.0144961859113));
#2496=CARTESIAN_POINT('Ctrl Pts',(1104.06179303737,281.540361877544,61.5916685177906));
#2497=CARTESIAN_POINT('Ctrl Pts',(1112.42079968142,282.778878351071,64.2177634780688));
#2498=CARTESIAN_POINT('Ctrl Pts',(1119.62310542257,284.243383652631,67.4586382361332));
#2499=CARTESIAN_POINT('Ctrl Pts',(1123.72045568164,285.363909910101,69.966339414688));
#2500=CARTESIAN_POINT('Ctrl Pts',(1126.97969531064,286.389917590506,72.2494978736731));
#2501=CARTESIAN_POINT('Ctrl Pts',(1129.55195366836,287.288525286904,74.2416173794003));
#2502=CARTESIAN_POINT('Ctrl Pts',(1134.08135851126,289.227375902697,78.4640488447494));
#2503=CARTESIAN_POINT('Ctrl Pts',(1138.68906654506,291.909937866541,84.0828868099984));
#2504=CARTESIAN_POINT('Ctrl Pts',(1142.72013808492,295.435831690845,90.8369054803112));
#2505=CARTESIAN_POINT('Ctrl Pts',(1145.62234687809,299.231048299316,97.2619663362881));
#2506=CARTESIAN_POINT('Ctrl Pts',(1147.33340556209,302.594844248925,102.125464852912));
#2507=CARTESIAN_POINT('Ctrl Pts',(1148.39464128466,305.466544633328,105.679697691254));
#2508=CARTESIAN_POINT('Ctrl Pts',(1149.36992822346,308.799234069387,109.339202460265));
#2509=CARTESIAN_POINT('Ctrl Pts',(1150.24534123903,313.540820938493,113.413399526664));
#2510=CARTESIAN_POINT('Ctrl Pts',(1150.67456169097,318.973234056503,116.173563433739));
#2511=CARTESIAN_POINT('Ctrl Pts',(1150.77727541997,323.643401912772,117.362365099801));
#2512=CARTESIAN_POINT('Ctrl Pts',(1150.75141255492,326.088312258002,117.606144601686));
#2513=CARTESIAN_POINT('Ctrl Pts',(1150.71964762545,327.338482148685,117.638798130381));
#2514=CARTESIAN_POINT('Ctrl Pts',(1071.00000000019,279.407731536755,58.4360891426649));
#2515=CARTESIAN_POINT('Ctrl Pts',(1079.65648495987,279.663007761609,58.4003975353664));
#2516=CARTESIAN_POINT('Ctrl Pts',(1091.2390928638,280.299066206021,59.1747224091058));
#2517=CARTESIAN_POINT('Ctrl Pts',(1104.03249412038,281.635440615668,61.7354799029029));
#2518=CARTESIAN_POINT('Ctrl Pts',(1112.38455961126,282.872494588672,64.3496887373208));
#2519=CARTESIAN_POINT('Ctrl Pts',(1119.58112788434,284.335073060097,67.5790937222814));
#2520=CARTESIAN_POINT('Ctrl Pts',(1123.67537219495,285.45404164553,70.0794324383484));
#2521=CARTESIAN_POINT('Ctrl Pts',(1126.93220619243,286.478603575484,72.3563702490766));
#2522=CARTESIAN_POINT('Ctrl Pts',(1129.5026087695,287.375933893195,74.3433402387793));
#2523=CARTESIAN_POINT('Ctrl Pts',(1134.02885121009,289.312008729354,78.5558043502529));
#2524=CARTESIAN_POINT('Ctrl Pts',(1138.63341892017,291.990739433902,84.1628419525455));
#2525=CARTESIAN_POINT('Ctrl Pts',(1142.66143803021,295.511746645796,90.9042318715944));
#2526=CARTESIAN_POINT('Ctrl Pts',(1145.56068357352,299.301954803849,97.318216299182));
#2527=CARTESIAN_POINT('Ctrl Pts',(1147.26914282343,302.661583150568,102.173411030147));
#2528=CARTESIAN_POINT('Ctrl Pts',(1148.32807743712,305.529930791919,105.721232928508));
#2529=CARTESIAN_POINT('Ctrl Pts',(1149.30060988028,308.858892296287,109.373709234851));
#2530=CARTESIAN_POINT('Ctrl Pts',(1150.17185605429,313.595579506262,113.438670769969));
#2531=CARTESIAN_POINT('Ctrl Pts',(1150.59619518808,319.023072181971,116.1889372455));
#2532=CARTESIAN_POINT('Ctrl Pts',(1150.69484032344,323.689467818472,117.369298617238));
#2533=CARTESIAN_POINT('Ctrl Pts',(1150.66692372692,326.132559380449,117.608610589372));
#2534=CARTESIAN_POINT('Ctrl Pts',(1150.63413595494,327.381839998164,117.638949478441));
#2535=CARTESIAN_POINT('Ctrl Pts',(1071.00000000019,279.547025094002,58.6450307160165));
#2536=CARTESIAN_POINT('Ctrl Pts',(1079.64767892428,279.8025815866,58.6004690855557));
#2537=CARTESIAN_POINT('Ctrl Pts',(1091.21897441664,280.43786204312,59.3614118947499));
#2538=CARTESIAN_POINT('Ctrl Pts',(1104.00082129272,281.771197953498,61.9041677414264));
#2539=CARTESIAN_POINT('Ctrl Pts',(1112.34586180611,283.005077696438,64.5048462421857));
#2540=CARTESIAN_POINT('Ctrl Pts',(1119.53690348159,284.463692755206,67.7207637938436));
#2541=CARTESIAN_POINT('Ctrl Pts',(1123.62835616564,285.579563836334,70.2122021398633));
#2542=CARTESIAN_POINT('Ctrl Pts',(1126.88312040805,286.601288352118,72.4815348890942));
#2543=CARTESIAN_POINT('Ctrl Pts',(1129.45198890158,287.496132899627,74.4621564707644));
#2544=CARTESIAN_POINT('Ctrl Pts',(1133.97584171149,289.426886306231,78.6621594454464));
#2545=CARTESIAN_POINT('Ctrl Pts',(1138.57842412359,292.098411443428,84.2541856722414));
#2546=CARTESIAN_POINT('Ctrl Pts',(1142.60487358179,295.610441714465,90.9793214312849));
#2547=CARTESIAN_POINT('Ctrl Pts',(1145.50258050976,299.391662156408,97.3790755234271));
#2548=CARTESIAN_POINT('Ctrl Pts',(1147.20952216712,302.743997328773,102.223806363926));
#2549=CARTESIAN_POINT('Ctrl Pts',(1148.26694712748,305.606608269144,105.763787631995));
#2550=CARTESIAN_POINT('Ctrl Pts',(1149.23754112445,308.92929692559,109.407887862154));
#2551=CARTESIAN_POINT('Ctrl Pts',(1150.10553224732,313.658004525242,113.462432783571));
#2552=CARTESIAN_POINT('Ctrl Pts',(1150.52570232654,319.077980997191,116.202676010684));
#2553=CARTESIAN_POINT('Ctrl Pts',(1150.62072831564,323.738990086325,117.375264322344));
#2554=CARTESIAN_POINT('Ctrl Pts',(1150.59094743444,326.179627080908,117.610712551286));
#2555=CARTESIAN_POINT('Ctrl Pts',(1150.55722392964,327.427747716225,117.639109727259));
#2556=CARTESIAN_POINT('Ctrl Pts',(1071.00000000019,279.696516002674,58.8339464466938));
#2557=CARTESIAN_POINT('Ctrl Pts',(1079.63882499404,279.9521751586,58.7818564452444));
#2558=CARTESIAN_POINT('Ctrl Pts',(1091.19901272508,280.586280950859,59.5310443460157));
#2559=CARTESIAN_POINT('Ctrl Pts',(1103.97009105605,281.915829557705,62.0573346449458));
#2560=CARTESIAN_POINT('Ctrl Pts',(1112.3089244815,283.145875765384,64.6453681148876));
#2561=CARTESIAN_POINT('Ctrl Pts',(1119.49546389614,284.599781827594,67.8484621545672));
#2562=CARTESIAN_POINT('Ctrl Pts',(1123.5849271978,285.712008720562,70.3313291067405));
#2563=CARTESIAN_POINT('Ctrl Pts',(1126.83835742071,286.73040629878,72.5933060381627));
#2564=CARTESIAN_POINT('Ctrl Pts',(1129.40633688451,287.622342645416,74.5677677764543));
#2565=CARTESIAN_POINT('Ctrl Pts',(1133.92917701901,289.546891795962,78.7556299842283));
#2566=CARTESIAN_POINT('Ctrl Pts',(1138.5316208939,292.210047885779,84.3329898729813));
#2567=CARTESIAN_POINT('Ctrl Pts',(1142.5587410566,295.711682048198,91.0423490273271));
#2568=CARTESIAN_POINT('Ctrl Pts',(1145.45706528207,299.48250792628,97.4285576739077));
#2569=CARTESIAN_POINT('Ctrl Pts',(1147.16417094881,302.826410501563,102.263612838974));
#2570=CARTESIAN_POINT('Ctrl Pts',(1148.2213672278,305.682385085708,105.796560628495));
#2571=CARTESIAN_POINT('Ctrl Pts',(1149.1913915708,308.99781299954,109.43332682436));
#2572=CARTESIAN_POINT('Ctrl Pts',(1150.05779475114,313.71727044549,113.479195611659));
#2573=CARTESIAN_POINT('Ctrl Pts',(1150.47529555854,319.128500438358,116.211873669832));
#2574=CARTESIAN_POINT('Ctrl Pts',(1150.56776169288,323.783210719282,117.379110384136));
#2575=CARTESIAN_POINT('Ctrl Pts',(1150.53659969444,326.220964258858,117.612066455414));
#2576=CARTESIAN_POINT('Ctrl Pts',(1150.50217081087,327.467718227099,117.639249251229));
#2577=CARTESIAN_POINT('Ctrl Pts',(1071.00000000019,279.849476773598,59.0053955625387));
#2578=CARTESIAN_POINT('Ctrl Pts',(1079.62762569441,280.105121635372,58.9449278144361));
#2579=CARTESIAN_POINT('Ctrl Pts',(1091.17397748752,280.738088706552,59.681442596753));
#2580=CARTESIAN_POINT('Ctrl Pts',(1103.93206198501,282.064198473151,62.1906203412692));
#2581=CARTESIAN_POINT('Ctrl Pts',(1112.26367884709,283.29079258379,64.7657834737933));
#2582=CARTESIAN_POINT('Ctrl Pts',(1119.4453016559,284.740462610478,67.9560772692714));
#2583=CARTESIAN_POINT('Ctrl Pts',(1123.5328523669,285.849402276374,70.4305489313311));
#2584=CARTESIAN_POINT('Ctrl Pts',(1126.7851469531,286.86479023038,72.6853911509278));
#2585=CARTESIAN_POINT('Ctrl Pts',(1129.3524844648,287.75409088456,74.653920986733));
#2586=CARTESIAN_POINT('Ctrl Pts',(1133.87507080769,289.672989569799,78.8302695526225));
#2587=CARTESIAN_POINT('Ctrl Pts',(1138.478713197,292.328458251827,84.3940745873974));
#2588=CARTESIAN_POINT('Ctrl Pts',(1142.50834670394,295.820386357378,91.0894933278817));
#2589=CARTESIAN_POINT('Ctrl Pts',(1145.40905700148,299.5812995711,97.4644735485921));
#2590=CARTESIAN_POINT('Ctrl Pts',(1147.11762754518,302.916946190005,102.292000031906));
#2591=CARTESIAN_POINT('Ctrl Pts',(1148.17549762915,305.766255358909,105.819705412907));
#2592=CARTESIAN_POINT('Ctrl Pts',(1149.1458360758,309.074247446903,109.45114968679));
#2593=CARTESIAN_POINT('Ctrl Pts',(1150.01150394349,313.783859502668,113.490974252429));
#2594=CARTESIAN_POINT('Ctrl Pts',(1150.42680106874,319.185040732431,116.218534973271));
#2595=CARTESIAN_POINT('Ctrl Pts',(1150.51688026857,323.831911935268,117.382033061603));
#2596=CARTESIAN_POINT('Ctrl Pts',(1150.48436907037,326.26583207931,117.613150683166));
#2597=CARTESIAN_POINT('Ctrl Pts',(1150.44923977072,327.510695936665,117.639399272346));
#2598=CARTESIAN_POINT('Ctrl Pts',(1071.00000000019,280.005987654548,59.1609492583392));
#2599=CARTESIAN_POINT('Ctrl Pts',(1079.61557749175,280.261512192973,59.0922746268712));
#2600=CARTESIAN_POINT('Ctrl Pts',(1091.14715377557,280.893228504175,59.8164189070071));
#2601=CARTESIAN_POINT('Ctrl Pts',(1103.89165112876,282.215801806347,62.3089178976298));
#2602=CARTESIAN_POINT('Ctrl Pts',(1112.21590128472,283.438889753082,64.8715641866957));
#2603=CARTESIAN_POINT('Ctrl Pts',(1119.39272928872,284.884280476157,68.049442882825));
#2604=CARTESIAN_POINT('Ctrl Pts',(1123.4786081036,285.989906232816,70.5158061114671));
#2605=CARTESIAN_POINT('Ctrl Pts',(1126.73003465209,287.002260175758,72.7637775378527));
#2606=CARTESIAN_POINT('Ctrl Pts',(1129.29699166225,287.888903768546,74.7266075066481));
#2607=CARTESIAN_POINT('Ctrl Pts',(1133.81996685311,289.802102136965,78.8919557310719));
#2608=CARTESIAN_POINT('Ctrl Pts',(1138.42578660993,292.449800492186,84.4429565001153));
#2609=CARTESIAN_POINT('Ctrl Pts',(1142.45920347887,295.93186841456,91.125536437491));
#2610=CARTESIAN_POINT('Ctrl Pts',(1145.36352317036,299.682639571845,97.4906220249177));
#2611=CARTESIAN_POINT('Ctrl Pts',(1147.07448870001,303.009763014353,102.311867238761));
#2612=CARTESIAN_POINT('Ctrl Pts',(1148.1337133935,305.852131344198,105.835404977307));
#2613=CARTESIAN_POINT('Ctrl Pts',(1149.10506756602,309.15233056131,109.462770627774));
#2614=CARTESIAN_POINT('Ctrl Pts',(1149.97078482718,313.851496223373,113.498285777093));
#2615=CARTESIAN_POINT('Ctrl Pts',(1150.38450151567,319.241768941737,116.222602003439));
#2616=CARTESIAN_POINT('Ctrl Pts',(1150.47260096357,323.879943521913,117.383855288296));
#2617=CARTESIAN_POINT('Ctrl Pts',(1150.43891866852,326.309540402231,117.613869672426));
#2618=CARTESIAN_POINT('Ctrl Pts',(1150.40317345002,327.552253066667,117.639544334684));
#2619=CARTESIAN_POINT('Ctrl Pts',(1071.00000000019,280.341986096297,59.4600354506439));
#2620=CARTESIAN_POINT('Ctrl Pts',(1079.59697993902,280.597097033475,59.3805004747197));
#2621=CARTESIAN_POINT('Ctrl Pts',(1091.1059223793,281.225082286172,60.086345914826));
#2622=CARTESIAN_POINT('Ctrl Pts',(1103.82998183988,282.537475829483,62.551150659997));
#2623=CARTESIAN_POINT('Ctrl Pts',(1112.14341361542,283.750598719411,65.0917053215285));
#2624=CARTESIAN_POINT('Ctrl Pts',(1119.31353069618,285.183968013281,68.246549266045));
#2625=CARTESIAN_POINT('Ctrl Pts',(1123.39737346793,286.280391690929,70.6972201235243));
#2626=CARTESIAN_POINT('Ctrl Pts',(1126.64796231376,287.284375478146,72.9316505169284));
#2627=CARTESIAN_POINT('Ctrl Pts',(1129.21477374549,288.163720166877,74.8830957206046));
#2628=CARTESIAN_POINT('Ctrl Pts',(1133.73929816711,290.061404332223,79.0259203069516));
#2629=CARTESIAN_POINT('Ctrl Pts',(1138.34976183939,292.688255778823,84.5497342464596));
#2630=CARTESIAN_POINT('Ctrl Pts',(1142.39059052698,296.144487083382,91.2036896364504));
#2631=CARTESIAN_POINT('Ctrl Pts',(1145.30201241218,299.869427981942,97.5453996687756));
#2632=CARTESIAN_POINT('Ctrl Pts',(1147.01789779258,303.175563539233,102.35111761056));
#2633=CARTESIAN_POINT('Ctrl Pts',(1148.08017355697,306.001373922122,105.864217351507));
#2634=CARTESIAN_POINT('Ctrl Pts',(1149.05414892891,309.283418640997,109.481402454806));
#2635=CARTESIAN_POINT('Ctrl Pts',(1149.92129940608,313.959347369276,113.506607084544));
#2636=CARTESIAN_POINT('Ctrl Pts',(1150.33397749097,319.327415874695,116.225009501861));
#2637=CARTESIAN_POINT('Ctrl Pts',(1150.42017459111,323.949401801577,117.384211569344));
#2638=CARTESIAN_POINT('Ctrl Pts',(1150.38527980775,326.371505746261,117.61400643434));
#2639=CARTESIAN_POINT('Ctrl Pts',(1150.34888753729,327.610641923278,117.639748151071));
#2640=CARTESIAN_POINT('Ctrl Pts',(1071.0000000002,280.661099895831,59.7260190886333));
#2641=CARTESIAN_POINT('Ctrl Pts',(1079.57421923137,280.915456836715,59.6351519726764));
#2642=CARTESIAN_POINT('Ctrl Pts',(1091.05541209268,281.540279637291,60.3221314062521));
#2643=CARTESIAN_POINT('Ctrl Pts',(1103.75438952816,282.844884645742,62.7586730705863));
#2644=CARTESIAN_POINT('Ctrl Pts',(1112.0545395987,284.050526501689,65.2768228558286));
#2645=CARTESIAN_POINT('Ctrl Pts',(1119.21642449424,285.474923204087,68.4084635716412));
#2646=CARTESIAN_POINT('Ctrl Pts',(1123.29778382861,286.564470295586,70.8434590219982));
#2647=CARTESIAN_POINT('Ctrl Pts',(1126.54736630914,287.562179278676,73.0644355099102));
#2648=CARTESIAN_POINT('Ctrl Pts',(1129.11402247848,288.436040827034,75.0046134600113));
#2649=CARTESIAN_POINT('Ctrl Pts',(1133.64051370536,290.321998324631,79.1253625394433));
#2650=CARTESIAN_POINT('Ctrl Pts',(1138.25678992983,292.932911168653,84.623019984579));
#2651=CARTESIAN_POINT('Ctrl Pts',(1142.3068884513,296.368930571882,91.2505206404104));
#2652=CARTESIAN_POINT('Ctrl Pts',(1145.22723217861,300.073043739807,97.5720917478413));
#2653=CARTESIAN_POINT('Ctrl Pts',(1146.94937848911,303.361612274012,102.365621216361));
#2654=CARTESIAN_POINT('Ctrl Pts',(1148.01563061123,306.173058047284,105.871283466769));
#2655=CARTESIAN_POINT('Ctrl Pts',(1148.99312890024,309.438923410135,109.481829220368));
#2656=CARTESIAN_POINT('Ctrl Pts',(1149.86257317819,314.093028125337,113.5017868694));
#2657=CARTESIAN_POINT('Ctrl Pts',(1150.27485666256,319.438039227084,116.219841944188));
#2658=CARTESIAN_POINT('Ctrl Pts',(1150.35970538295,324.041439348005,117.381424625948));
#2659=CARTESIAN_POINT('Ctrl Pts',(1150.32392528722,326.45422808413,117.61315955125));
#2660=CARTESIAN_POINT('Ctrl Pts',(1150.28707166015,327.688707848332,117.640020653663));
#2661=CARTESIAN_POINT('Ctrl Pts',(1071.0000000002,281.012055890848,59.9642370889338));
#2662=CARTESIAN_POINT('Ctrl Pts',(1079.54904060909,281.265363302309,59.8625447207676));
#2663=CARTESIAN_POINT('Ctrl Pts',(1090.99939317336,281.88674722255,60.5312320689835));
#2664=CARTESIAN_POINT('Ctrl Pts',(1103.67028027407,283.183407606011,62.9399486931225));
#2665=CARTESIAN_POINT('Ctrl Pts',(1111.95542132059,284.38153151529,65.4359031572976));
#2666=CARTESIAN_POINT('Ctrl Pts',(1119.10784644732,285.796972397073,68.5444798677131));
#2667=CARTESIAN_POINT('Ctrl Pts',(1123.18621029648,286.879672518476,70.9638870434522));
#2668=CARTESIAN_POINT('Ctrl Pts',(1126.43446508129,287.871132456238,73.1715015098978));
#2669=CARTESIAN_POINT('Ctrl Pts',(1129.00076905643,288.73953265681,75.1004997464756));
#2670=CARTESIAN_POINT('Ctrl Pts',(1133.52907659481,290.613794808864,79.1994278363396));
#2671=CARTESIAN_POINT('Ctrl Pts',(1138.15134087355,293.208760823442,84.6714695833178));
#2672=CARTESIAN_POINT('Ctrl Pts',(1142.2112068585,296.624401984016,91.2737326132228));
#2673=CARTESIAN_POINT('Ctrl Pts',(1145.14099493413,300.307294231612,97.5771215035558));
#2674=CARTESIAN_POINT('Ctrl Pts',(1146.86980241112,303.577733910126,102.360604370777));
#2675=CARTESIAN_POINT('Ctrl Pts',(1147.9403169277,306.374178705229,105.860846745472));
#2676=CARTESIAN_POINT('Ctrl Pts',(1148.92162775607,309.623002143338,109.467209736057));
#2677=CARTESIAN_POINT('Ctrl Pts',(1149.79367707223,314.253749314924,113.485629928958));
#2678=CARTESIAN_POINT('Ctrl Pts',(1150.20601159824,319.573386382147,116.207812091187));
#2679=CARTESIAN_POINT('Ctrl Pts',(1150.29010672413,324.155824359174,117.375659757129));
#2680=CARTESIAN_POINT('Ctrl Pts',(1150.25384929707,326.55792163998,117.611357842716));
#2681=CARTESIAN_POINT('Ctrl Pts',(1150.21677404794,327.787006590772,117.640363782398));
#2682=CARTESIAN_POINT('Ctrl Pts',(1071.0000000002,281.56505714101,60.3145386127528));
#2683=CARTESIAN_POINT('Ctrl Pts',(1079.52149318702,281.817027413895,60.2025238725206));
#2684=CARTESIAN_POINT('Ctrl Pts',(1090.93804049722,282.431883112576,60.8512279944801));
#2685=CARTESIAN_POINT('Ctrl Pts',(1103.57804701448,283.712220244282,63.2259808305019));
#2686=CARTESIAN_POINT('Ctrl Pts',(1111.84664145358,284.894679084584,65.6934665011929));
#2687=CARTESIAN_POINT('Ctrl Pts',(1118.98858750437,286.291421120133,68.7713202961592));
#2688=CARTESIAN_POINT('Ctrl Pts',(1123.06359283068,287.359893111634,71.1693050316663));
#2689=CARTESIAN_POINT('Ctrl Pts',(1126.31033000876,288.338433307078,73.3582984301281));
#2690=CARTESIAN_POINT('Ctrl Pts',(1128.87619705999,289.195580041667,75.2715584498238));
#2691=CARTESIAN_POINT('Ctrl Pts',(1133.40640069666,291.045954889359,79.3391498664322));
#2692=CARTESIAN_POINT('Ctrl Pts',(1138.03512465787,293.608849386616,84.773228184171));
#2693=CARTESIAN_POINT('Ctrl Pts',(1142.1056055051,296.984683176247,91.3360482050318));
#2694=CARTESIAN_POINT('Ctrl Pts',(1145.04569550669,300.627628896723,97.6085093147869));
#2695=CARTESIAN_POINT('Ctrl Pts',(1146.78182186906,303.865425160415,102.372877304138));
#2696=CARTESIAN_POINT('Ctrl Pts',(1147.85707616019,306.635958252945,105.861448688133));
#2697=CARTESIAN_POINT('Ctrl Pts',(1148.84268908576,309.856233710074,109.457507996975));
#2698=CARTESIAN_POINT('Ctrl Pts',(1149.71788363485,314.450076230543,113.468388383329));
#2699=CARTESIAN_POINT('Ctrl Pts',(1150.13087132715,319.733715684693,116.192395144243));
#2700=CARTESIAN_POINT('Ctrl Pts',(1150.21486668618,324.289311065689,117.367468159981));
#2701=CARTESIAN_POINT('Ctrl Pts',(1150.17854454708,326.67874287162,117.60860828005));
#2702=CARTESIAN_POINT('Ctrl Pts',(1150.14148247247,327.901710940124,117.640764177737));
#2703=CARTESIAN_POINT('Ctrl Pts',(1071.00000000021,282.102766433537,60.6347823429455));
#2704=CARTESIAN_POINT('Ctrl Pts',(1079.49163064652,282.353119326703,60.5129402300153));
#2705=CARTESIAN_POINT('Ctrl Pts',(1090.87159959555,282.961731220325,61.142271613489));
#2706=CARTESIAN_POINT('Ctrl Pts',(1103.47836454632,284.227193958987,63.4836545618431));
#2707=CARTESIAN_POINT('Ctrl Pts',(1111.7292700921,285.395526862804,65.9230394872879));
#2708=CARTESIAN_POINT('Ctrl Pts',(1118.86017452787,286.775479832665,68.9705037606747));
#2709=CARTESIAN_POINT('Ctrl Pts',(1122.93179564555,287.831189457177,71.3472999416493));
#2710=CARTESIAN_POINT('Ctrl Pts',(1126.17712697646,288.798133272918,73.5178957707631));
#2711=CARTESIAN_POINT('Ctrl Pts',(1128.7427324564,289.645174883968,75.4156187318211));
#2712=CARTESIAN_POINT('Ctrl Pts',(1133.27545307626,291.474062536451,79.4523624830372));
#2713=CARTESIAN_POINT('Ctrl Pts',(1137.91181421066,294.008002239916,84.8493156266981));
#2714=CARTESIAN_POINT('Ctrl Pts',(1141.99459703922,297.347603964179,91.3742347128998));
#2715=CARTESIAN_POINT('Ctrl Pts',(1144.94664802193,300.953781419183,97.6179924229027));
#2716=CARTESIAN_POINT('Ctrl Pts',(1146.69136367373,304.16110278352,102.365559391967));
#2717=CARTESIAN_POINT('Ctrl Pts',(1147.7722882264,306.907108855346,105.844583948162));
#2718=CARTESIAN_POINT('Ctrl Pts',(1148.76316367795,310.100076998157,109.432890240415));
#2719=CARTESIAN_POINT('Ctrl Pts',(1149.64257893941,314.657882120618,113.440006101405));
#2720=CARTESIAN_POINT('Ctrl Pts',(1150.05719117447,319.90492806654,116.170278367352));
#2721=CARTESIAN_POINT('Ctrl Pts',(1150.14189018554,324.432098330803,117.356366216425));
#2722=CARTESIAN_POINT('Ctrl Pts',(1150.10593634827,326.807671137513,117.604900143443));
#2723=CARTESIAN_POINT('Ctrl Pts',(1150.06911743632,328.023816635152,117.641190408752));
#2724=CARTESIAN_POINT('Ctrl Pts',(1071.00000000021,282.578106986443,60.8788316712917));
#2725=CARTESIAN_POINT('Ctrl Pts',(1079.45950415089,282.826569933327,60.7476514399559));
#2726=CARTESIAN_POINT('Ctrl Pts',(1090.80030108491,283.429838513834,61.3589663232461));
#2727=CARTESIAN_POINT('Ctrl Pts',(1103.37184645381,284.683657713354,63.6697747170903));
#2728=CARTESIAN_POINT('Ctrl Pts',(1111.60427194458,285.841157563386,66.083599709139));
#2729=CARTESIAN_POINT('Ctrl Pts',(1118.72397520575,287.208339724366,69.1036239161589));
#2730=CARTESIAN_POINT('Ctrl Pts',(1122.79248312202,288.254353052278,71.4614513381033));
#2731=CARTESIAN_POINT('Ctrl Pts',(1126.03678526053,289.212469841531,73.6156670814172));
#2732=CARTESIAN_POINT('Ctrl Pts',(1128.60253263853,290.051810071869,75.4996113649397));
#2733=CARTESIAN_POINT('Ctrl Pts',(1133.13886506946,291.864250182388,79.5092682370506));
#2734=CARTESIAN_POINT('Ctrl Pts',(1137.7846582355,294.375833002862,84.8742426555984));
#2735=CARTESIAN_POINT('Ctrl Pts',(1141.88216401602,297.686942449792,91.3679376406476));
#2736=CARTESIAN_POINT('Ctrl Pts',(1144.84853573243,301.263499075067,97.5900835272666));
#2737=CARTESIAN_POINT('Ctrl Pts',(1146.60364698379,304.445541702422,102.32685329823));
#2738=CARTESIAN_POINT('Ctrl Pts',(1147.69156878296,307.170640726734,105.801163556269));
#2739=CARTESIAN_POINT('Ctrl Pts',(1148.68907958265,310.339863118948,109.387066130467));
#2740=CARTESIAN_POINT('Ctrl Pts',(1149.57426013582,314.865132622455,113.397334577841));
#2741=CARTESIAN_POINT('Ctrl Pts',(1149.99179148642,320.07684446897,116.14045338339));
#2742=CARTESIAN_POINT('Ctrl Pts',(1150.07812755686,324.574827380282,117.342215946016));
#2743=CARTESIAN_POINT('Ctrl Pts',(1150.04299209946,326.935513826253,117.600221903017));
#2744=CARTESIAN_POINT('Ctrl Pts',(1150.00664145843,328.144147417962,117.641610444128));
#2745=CARTESIAN_POINT('Ctrl Pts',(1071.00000000021,283.193899969682,61.1568859532321));
#2746=CARTESIAN_POINT('Ctrl Pts',(1079.42517513654,283.440206827562,61.0168423995261));
#2747=CARTESIAN_POINT('Ctrl Pts',(1090.72428574744,284.035670699836,61.6097246346042));
#2748=CARTESIAN_POINT('Ctrl Pts',(1103.2587656905,285.271246926531,63.8875719818082));
#2749=CARTESIAN_POINT('Ctrl Pts',(1111.47201780849,286.411512108868,66.2732763959955));
#2750=CARTESIAN_POINT('Ctrl Pts',(1118.58046117571,287.758275358996,69.2626713674608));
#2751=CARTESIAN_POINT('Ctrl Pts',(1122.64619345287,288.788800177989,71.5990894523145));
#2752=CARTESIAN_POINT('Ctrl Pts',(1125.88990014203,289.732854897009,73.7347306719945));
#2753=CARTESIAN_POINT('Ctrl Pts',(1128.45624073593,290.559947948311,75.6029975488976));
#2754=CARTESIAN_POINT('Ctrl Pts',(1132.99737453873,292.346369402034,79.5816371822954));
#2755=CARTESIAN_POINT('Ctrl Pts',(1137.65451172965,294.822928818918,84.9096321432236));
#2756=CARTESIAN_POINT('Ctrl Pts',(1141.76929762828,298.090259662668,91.3666347121338));
#2757=CARTESIAN_POINT('Ctrl Pts',(1144.75248158364,301.62242799111,97.5626779009886));
#2758=CARTESIAN_POINT('Ctrl Pts',(1146.51989764215,304.767707595113,102.285819380474));
#2759=CARTESIAN_POINT('Ctrl Pts',(1147.61622135066,307.46323558004,105.753728964925));
#2760=CARTESIAN_POINT('Ctrl Pts',(1148.62182153446,310.599547873987,109.33581333063));
#2761=CARTESIAN_POINT('Ctrl Pts',(1149.51440732564,315.081416792179,113.348489334377));
#2762=CARTESIAN_POINT('Ctrl Pts',(1149.9362168495,320.249114677343,116.105679030973));
#2763=CARTESIAN_POINT('Ctrl Pts',(1150.02514330371,324.712949412218,117.325455943499));
#2764=CARTESIAN_POINT('Ctrl Pts',(1149.99127338096,327.057001409972,117.594576578972));
#2765=CARTESIAN_POINT('Ctrl Pts',(1149.95561153054,328.257450223491,117.642005947137));
#2766=CARTESIAN_POINT('Ctrl Pts',(1071.00000000022,283.990911407185,61.4954799148293));
#2767=CARTESIAN_POINT('Ctrl Pts',(1079.38868163894,284.234805306215,61.347053224122));
#2768=CARTESIAN_POINT('Ctrl Pts',(1090.64363004504,284.819335657849,61.9206432720733));
#2769=CARTESIAN_POINT('Ctrl Pts',(1103.13911739256,286.028112619712,64.161920108572));
#2770=CARTESIAN_POINT('Ctrl Pts',(1111.33240386304,287.142808097345,66.5157331878584));
#2771=CARTESIAN_POINT('Ctrl Pts',(1118.42938672542,288.459176767455,69.4698585173361));
#2772=CARTESIAN_POINT('Ctrl Pts',(1122.49256486267,289.466653005634,71.7813234796007));
#2773=CARTESIAN_POINT('Ctrl Pts',(1125.73600158605,290.389813083397,73.8951987772038));
#2774=CARTESIAN_POINT('Ctrl Pts',(1128.30329066224,291.19872622881,75.7450235841749));
#2775=CARTESIAN_POINT('Ctrl Pts',(1132.8502080606,292.946641999813,79.6868929796451));
#2776=CARTESIAN_POINT('Ctrl Pts',(1137.5203206036,295.371667341419,84.9704986418489));
#2777=CARTESIAN_POINT('Ctrl Pts',(1141.65460369504,298.575341138959,91.3824449622678));
#2778=CARTESIAN_POINT('Ctrl Pts',(1144.65676975963,302.043987018431,97.5451174018623));
#2779=CARTESIAN_POINT('Ctrl Pts',(1146.43815710182,305.137700084479,102.249669257514));
#2780=CARTESIAN_POINT('Ctrl Pts',(1147.54411001492,307.792552571248,105.707912383775));
#2781=CARTESIAN_POINT('Ctrl Pts',(1148.55907227313,310.884265358766,109.2831187483));
#2782=CARTESIAN_POINT('Ctrl Pts',(1149.46050091014,315.309028224637,113.295577523442));
#2783=CARTESIAN_POINT('Ctrl Pts',(1149.88780432033,320.422089038368,116.066720729554));
#2784=CARTESIAN_POINT('Ctrl Pts',(1149.98020591831,324.846018503917,117.30624101337));
#2785=CARTESIAN_POINT('Ctrl Pts',(1149.94803136315,327.171568816556,117.587981663627));
#2786=CARTESIAN_POINT('Ctrl Pts',(1149.91327357093,328.363176193471,117.642375001892));
#2787=CARTESIAN_POINT('Ctrl Pts',(1071.00000000022,284.836724599598,61.8261238585167));
#2788=CARTESIAN_POINT('Ctrl Pts',(1079.35009139003,285.077954327301,61.6697744183539));
#2789=CARTESIAN_POINT('Ctrl Pts',(1090.55837894323,285.650617932065,62.2243383895291));
#2790=CARTESIAN_POINT('Ctrl Pts',(1103.01280605694,286.830422297841,64.4286878809334));
#2791=CARTESIAN_POINT('Ctrl Pts',(1111.18515995986,287.917504181383,66.750056418734));
#2792=CARTESIAN_POINT('Ctrl Pts',(1118.27025628558,289.201070016239,69.6681410855586));
#2793=CARTESIAN_POINT('Ctrl Pts',(1122.33092016965,290.183682734127,71.9540478961722));
#2794=CARTESIAN_POINT('Ctrl Pts',(1125.57424534393,291.084306906898,74.0456203610784));
#2795=CARTESIAN_POINT('Ctrl Pts',(1128.14269149687,291.873614436026,75.8765428032613));
#2796=CARTESIAN_POINT('Ctrl Pts',(1132.69606035307,293.580013518018,79.7807314102884));
#2797=CARTESIAN_POINT('Ctrl Pts',(1137.38035715763,295.949489775237,85.0189171230368));
#2798=CARTESIAN_POINT('Ctrl Pts',(1141.53584592533,299.084568327935,91.3850542230451));
#2799=CARTESIAN_POINT('Ctrl Pts',(1144.55868191364,302.484784784774,97.514312120217));
#2800=CARTESIAN_POINT('Ctrl Pts',(1146.3553426743,305.522965829748,102.200797389575));
#2801=CARTESIAN_POINT('Ctrl Pts',(1147.47188565608,308.134027578004,105.650138547714));
#2802=CARTESIAN_POINT('Ctrl Pts',(1148.49720680364,311.17773572789,109.21957609722));
#2803=CARTESIAN_POINT('Ctrl Pts',(1149.40860807601,315.541059095807,113.233883626122));
#2804=CARTESIAN_POINT('Ctrl Pts',(1149.84240620639,320.59538948689,116.022075279538));
#2805=CARTESIAN_POINT('Ctrl Pts',(1149.939068758,324.976466191995,117.284393802798));
#2806=CARTESIAN_POINT('Ctrl Pts',(1149.90899514847,327.282164839429,117.580469389151));
#2807=CARTESIAN_POINT('Ctrl Pts',(1149.87535227199,328.464290651108,117.642727959368));
#2808=CARTESIAN_POINT('Ctrl Pts',(1071.00000000023,285.623561430656,62.0944648067634));
#2809=CARTESIAN_POINT('Ctrl Pts',(1079.30945203691,285.861883877228,61.9306502418894));
#2810=CARTESIAN_POINT('Ctrl Pts',(1090.46859158439,286.423612993207,62.4673301292615));
#2811=CARTESIAN_POINT('Ctrl Pts',(1102.87976956692,287.577700781397,64.636988752575));
#2812=CARTESIAN_POINT('Ctrl Pts',(1111.03008002918,288.640474743449,66.9279168955131));
#2813=CARTESIAN_POINT('Ctrl Pts',(1118.10267019558,289.895264548564,69.8122694780116));
#2814=CARTESIAN_POINT('Ctrl Pts',(1122.16070370792,290.856084086574,72.0743506965936));
#2815=CARTESIAN_POINT('Ctrl Pts',(1125.40393153539,291.736945383303,74.1451952855836));
#2816=CARTESIAN_POINT('Ctrl Pts',(1127.97361623311,292.509054103735,75.9585882675851));
#2817=CARTESIAN_POINT('Ctrl Pts',(1132.53383154553,294.178983240371,79.8280375722109));
#2818=CARTESIAN_POINT('Ctrl Pts',(1137.23315424872,296.499520833494,85.0248459959127));
#2819=CARTESIAN_POINT('Ctrl Pts',(1141.41111386243,299.573770808849,91.3504702091328));
#2820=CARTESIAN_POINT('Ctrl Pts',(1144.45588768592,302.912750057883,97.4520075818449));
#2821=CARTESIAN_POINT('Ctrl Pts',(1146.26880662032,305.900651426415,102.125302206118));
#2822=CARTESIAN_POINT('Ctrl Pts',(1147.39666834391,308.471602889751,105.569702659896));
#2823=CARTESIAN_POINT('Ctrl Pts',(1148.43310631258,311.470948265697,109.1377852909));
#2824=CARTESIAN_POINT('Ctrl Pts',(1149.35534309066,315.776473203763,113.159721060124));
#2825=CARTESIAN_POINT('Ctrl Pts',(1149.79644915879,320.773539718731,115.970593337269));
#2826=CARTESIAN_POINT('Ctrl Pts',(1149.89807108812,325.111212846251,117.259804518906));
#2827=CARTESIAN_POINT('Ctrl Pts',(1149.87048284879,327.396154582413,117.572085730281));
#2828=CARTESIAN_POINT('Ctrl Pts',(1149.83816076601,328.568175016329,117.643090585685));
#2829=CARTESIAN_POINT('Ctrl Pts',(1071.00000000024,286.607558059464,62.3825713769997));
#2830=CARTESIAN_POINT('Ctrl Pts',(1079.25262087973,286.841687956908,62.2093900700516));
#2831=CARTESIAN_POINT('Ctrl Pts',(1090.34294210171,287.390029594137,62.7235506195181));
#2832=CARTESIAN_POINT('Ctrl Pts',(1102.69350647524,288.513990898136,64.8493328273238));
#2833=CARTESIAN_POINT('Ctrl Pts',(1110.81286922257,289.548582348952,67.1017630166172));
#2834=CARTESIAN_POINT('Ctrl Pts',(1117.86784647168,290.770154492505,69.9435143442661));
#2835=CARTESIAN_POINT('Ctrl Pts',(1121.92211936131,291.705843537265,72.1756051711029));
#2836=CARTESIAN_POINT('Ctrl Pts',(1125.16514320324,292.563901043701,74.2204296969543));
#2837=CARTESIAN_POINT('Ctrl Pts',(1127.73650484902,293.316156165743,76.0118610255067));
#2838=CARTESIAN_POINT('Ctrl Pts',(1132.30619286758,294.943912776127,79.8380280024842));
#2839=CARTESIAN_POINT('Ctrl Pts',(1137.02642108566,297.207651371336,84.983881810835));
#2840=CARTESIAN_POINT('Ctrl Pts',(1141.23572348382,300.210723913269,91.2611259068101));
#2841=CARTESIAN_POINT('Ctrl Pts',(1144.31115053184,303.477241940772,97.3319104948426));
#2842=CARTESIAN_POINT('Ctrl Pts',(1146.14684445939,306.404808700918,101.993043493676));
#2843=CARTESIAN_POINT('Ctrl Pts',(1147.29061316581,308.926973680842,105.435332303952));
#2844=CARTESIAN_POINT('Ctrl Pts',(1148.34272280682,311.871809536427,109.006648096939));
#2845=CARTESIAN_POINT('Ctrl Pts',(1149.28038015987,316.104897598731,113.045479204474));
#2846=CARTESIAN_POINT('Ctrl Pts',(1149.73218949408,321.027447234795,115.893365469453));
#2847=CARTESIAN_POINT('Ctrl Pts',(1149.84129197032,325.306504509241,117.223524754253));
#2848=CARTESIAN_POINT('Ctrl Pts',(1149.81751011469,327.562589535071,117.559809271196));
#2849=CARTESIAN_POINT('Ctrl Pts',(1149.78721761416,328.72032638416,117.643621696309));
#2850=CARTESIAN_POINT('Ctrl Pts',(1071.00000000026,287.64165457456,62.6556169321787));
#2851=CARTESIAN_POINT('Ctrl Pts',(1079.1919056475,287.871135247385,62.4739531116813));
#2852=CARTESIAN_POINT('Ctrl Pts',(1090.20860289719,288.405794052708,62.96611743539));
#2853=CARTESIAN_POINT('Ctrl Pts',(1102.49414347107,289.499771402089,65.0474268710281));
#2854=CARTESIAN_POINT('Ctrl Pts',(1110.58019344138,290.506499696073,67.2603833569104));
#2855=CARTESIAN_POINT('Ctrl Pts',(1117.61607052202,291.695330436999,70.0581587813435));
#2856=CARTESIAN_POINT('Ctrl Pts',(1121.66612448351,292.606274285112,72.2591743144125));
#2857=CARTESIAN_POINT('Ctrl Pts',(1124.90875581374,293.441873292639,74.2770150404347));
#2858=CARTESIAN_POINT('Ctrl Pts',(1127.48176167465,294.174572971154,76.0456577538554));
#2859=CARTESIAN_POINT('Ctrl Pts',(1132.06127818728,295.760757695921,79.8269049846218));
#2860=CARTESIAN_POINT('Ctrl Pts',(1136.80349222703,297.968404332941,84.9199498738067));
#2861=CARTESIAN_POINT('Ctrl Pts',(1141.04593062379,300.900885541133,91.1474635205595));
#2862=CARTESIAN_POINT('Ctrl Pts',(1144.15385343672,304.095116946595,97.1874308329293));
#2863=CARTESIAN_POINT('Ctrl Pts',(1146.01377376175,306.96205654627,101.837370390096));
#2864=CARTESIAN_POINT('Ctrl Pts',(1147.17453202711,309.434860578539,105.278958682415));
#2865=CARTESIAN_POINT('Ctrl Pts',(1148.24344603444,312.32426444364,108.855554868502));
#2866=CARTESIAN_POINT('Ctrl Pts',(1149.19782977795,316.482974355187,112.915098328077));
#2867=CARTESIAN_POINT('Ctrl Pts',(1149.66166903273,321.327651896309,115.805732378895));
#2868=CARTESIAN_POINT('Ctrl Pts',(1149.77949118553,325.54443906584,117.18251351378));
#2869=CARTESIAN_POINT('Ctrl Pts',(1149.76023259723,327.769490705421,117.5459906288));
#2870=CARTESIAN_POINT('Ctrl Pts',(1149.73236218424,328.91176185953,117.644289934895));
#2871=CARTESIAN_POINT('Ctrl Pts',(1071.00000000028,288.708594557786,62.9112701927933));
#2872=CARTESIAN_POINT('Ctrl Pts',(1079.12751407727,288.932999653369,62.7219824913876));
#2873=CARTESIAN_POINT('Ctrl Pts',(1090.06610618283,289.453916254381,63.1927139158219));
#2874=CARTESIAN_POINT('Ctrl Pts',(1102.28260930897,290.518676625113,65.2291624686392));
#2875=CARTESIAN_POINT('Ctrl Pts',(1110.33326477271,291.498464268165,67.4018855531596));
#2876=CARTESIAN_POINT('Ctrl Pts',(1117.34881814792,292.655748937757,70.1545768356704));
#2877=CARTESIAN_POINT('Ctrl Pts',(1121.39435779334,293.542876588883,72.3236332638954));
#2878=CARTESIAN_POINT('Ctrl Pts',(1124.63654255256,294.356853480418,74.313706112065));
#2879=CARTESIAN_POINT('Ctrl Pts',(1127.21126921822,295.070722151555,76.0588879352542));
#2880=CARTESIAN_POINT('Ctrl Pts',(1131.80117715936,296.616832446796,79.7938944300802));
#2881=CARTESIAN_POINT('Ctrl Pts',(1136.56670016664,298.770279784163,84.8326698589589));
#2882=CARTESIAN_POINT('Ctrl Pts',(1140.84434153449,301.634185104005,91.009512245224));
#2883=CARTESIAN_POINT('Ctrl Pts',(1143.9868716847,304.757684336067,97.0189042691888));
#2884=CARTESIAN_POINT('Ctrl Pts',(1145.87268429445,307.564776939697,101.658788247068));
#2885=CARTESIAN_POINT('Ctrl Pts',(1147.05167951858,309.988454969719,105.101171832657));
#2886=CARTESIAN_POINT('Ctrl Pts',(1148.13870710363,312.822360692413,108.685150772296));
#2887=CARTESIAN_POINT('Ctrl Pts',(1149.11133521921,316.905767437617,112.76920488588));
#2888=CARTESIAN_POINT('Ctrl Pts',(1149.58866943202,321.670033092206,115.708148943844));
#2889=CARTESIAN_POINT('Ctrl Pts',(1149.71647911394,325.821366092517,117.136991318309));
#2890=CARTESIAN_POINT('Ctrl Pts',(1149.70244198626,328.013375652875,117.530700138022));
#2891=CARTESIAN_POINT('Ctrl Pts',(1149.67736673408,329.139064448705,117.645083373836));
#2892=CARTESIAN_POINT('Ctrl Pts',(1071.0000000003,289.753634423966,63.1328436160543));
#2893=CARTESIAN_POINT('Ctrl Pts',(1079.06074994063,289.972688709376,62.9364882223653));
#2894=CARTESIAN_POINT('Ctrl Pts',(1089.91836578252,290.480353248829,63.3865359548678));
#2895=CARTESIAN_POINT('Ctrl Pts',(1102.06334822726,291.517927935832,65.3789540740106));
#2896=CARTESIAN_POINT('Ctrl Pts',(1110.07736999767,292.472884987457,67.5120193299129));
#2897=CARTESIAN_POINT('Ctrl Pts',(1117.07193938602,293.601216857785,70.2201896432674));
#2898=CARTESIAN_POINT('Ctrl Pts',(1121.11287269868,294.466510857988,72.3576866025279));
#2899=CARTESIAN_POINT('Ctrl Pts',(1124.35466552381,295.260654980963,74.3203614235871));
#2900=CARTESIAN_POINT('Ctrl Pts',(1126.93124043917,295.957244943735,76.0424087043576));
#2901=CARTESIAN_POINT('Ctrl Pts',(1131.53206794515,297.46652761537,79.7319191920084));
#2902=CARTESIAN_POINT('Ctrl Pts',(1136.32197326315,299.570003329465,84.7175868065232));
#2903=CARTESIAN_POINT('Ctrl Pts',(1140.63641898135,302.370225741047,90.8456631647649));
#2904=CARTESIAN_POINT('Ctrl Pts',(1143.81517965099,305.42741430664,96.8270241591611));
#2905=CARTESIAN_POINT('Ctrl Pts',(1145.72816257045,308.177764861193,101.459404127839));
#2906=CARTESIAN_POINT('Ctrl Pts',(1146.92635213573,310.55438413176,104.904887667771));
#2907=CARTESIAN_POINT('Ctrl Pts',(1148.03249767997,313.334733669162,108.498995246364));
#2908=CARTESIAN_POINT('Ctrl Pts',(1149.0245354643,317.344480601587,112.611584458433));
#2909=CARTESIAN_POINT('Ctrl Pts',(1149.51644525199,322.028246031945,115.603527747552));
#2910=CARTESIAN_POINT('Ctrl Pts',(1149.65512188383,326.112726238486,117.088420879996));
#2911=CARTESIAN_POINT('Ctrl Pts',(1149.64676931838,328.270510624936,117.51441685445));
#2912=CARTESIAN_POINT('Ctrl Pts',(1149.62473172267,329.378894532506,117.64592054216));
#2913=CARTESIAN_POINT('Ctrl Pts',(1071.00000000034,290.796073874077,63.3256772423638));
#2914=CARTESIAN_POINT('Ctrl Pts',(1078.99054870929,291.009377483707,63.123060471019));
#2915=CARTESIAN_POINT('Ctrl Pts',(1089.76305303088,291.503750841022,63.5532055476553));
#2916=CARTESIAN_POINT('Ctrl Pts',(1101.83308694003,292.514886728701,65.5018222939655));
#2917=CARTESIAN_POINT('Ctrl Pts',(1109.80884477316,293.445905549711,67.5951051745053));
#2918=CARTESIAN_POINT('Ctrl Pts',(1116.78168067247,294.546436156416,70.2584097920851));
#2919=CARTESIAN_POINT('Ctrl Pts',(1120.8180326104,295.390790160212,72.3640443696059));
#2920=CARTESIAN_POINT('Ctrl Pts',(1124.05965661081,296.165905836803,74.299059003469));
#2921=CARTESIAN_POINT('Ctrl Pts',(1126.63839004575,296.845913431392,75.9977514031211));
#2922=CARTESIAN_POINT('Ctrl Pts',(1131.25116801807,298.319807726911,79.6413859704438));
#2923=CARTESIAN_POINT('Ctrl Pts',(1136.06736486956,300.375131066019,84.5737025605114));
#2924=CARTESIAN_POINT('Ctrl Pts',(1140.42136699045,303.113609790316,90.6534668718049));
#2925=CARTESIAN_POINT('Ctrl Pts',(1143.63913032283,306.105988793723,96.6082831138654));
#2926=CARTESIAN_POINT('Ctrl Pts',(1145.58146260485,308.800358883065,101.235180173913));
#2927=CARTESIAN_POINT('Ctrl Pts',(1146.80047933894,311.130159619509,104.685869752152));
#2928=CARTESIAN_POINT('Ctrl Pts',(1147.92745482918,313.856910368808,108.292808890226));
#2929=CARTESIAN_POINT('Ctrl Pts',(1148.9408894813,317.792147072081,112.438330231481));
#2930=CARTESIAN_POINT('Ctrl Pts',(1149.44915833831,322.393035147291,115.489087197442));
#2931=CARTESIAN_POINT('Ctrl Pts',(1149.60007518095,326.407671255096,117.035414934607));
#2932=CARTESIAN_POINT('Ctrl Pts',(1149.59809856812,328.529340073751,117.496623654956));
#2933=CARTESIAN_POINT('Ctrl Pts',(1149.57945316351,329.61936821181,117.646759957067));
#2934=CARTESIAN_POINT('Ctrl Pts',(1071.00000000036,291.853254989084,63.5051231648503));
#2935=CARTESIAN_POINT('Ctrl Pts',(1078.91706209041,292.060445201758,63.2970732564745));
#2936=CARTESIAN_POINT('Ctrl Pts',(1089.60069429431,292.540993172344,63.7077908303929));
#2937=CARTESIAN_POINT('Ctrl Pts',(1101.59266948699,293.524955183091,65.6122274539519));
#2938=CARTESIAN_POINT('Ctrl Pts',(1109.52877149834,294.431450634286,67.6649865639176));
#2939=CARTESIAN_POINT('Ctrl Pts',(1116.4793197847,295.503548715843,70.282357752533));
#2940=CARTESIAN_POINT('Ctrl Pts',(1120.51123035602,296.326500224875,72.3552726747613));
#2941=CARTESIAN_POINT('Ctrl Pts',(1123.75299905627,297.082166015788,74.2618636557659));
#2942=CARTESIAN_POINT('Ctrl Pts',(1126.33427153379,297.745223589275,75.9365441301697));
#2943=CARTESIAN_POINT('Ctrl Pts',(1130.96015700704,299.182931865282,79.5329964639475));
#2944=CARTESIAN_POINT('Ctrl Pts',(1135.8046918265,301.188975277607,84.4104739561501));
#2945=CARTESIAN_POINT('Ctrl Pts',(1140.20114809602,303.864139835569,90.4408295227711));
#2946=CARTESIAN_POINT('Ctrl Pts',(1143.46083338809,306.789888445255,96.3690279651685));
#2947=CARTESIAN_POINT('Ctrl Pts',(1145.43481476406,309.426532561161,100.991213145879));
#2948=CARTESIAN_POINT('Ctrl Pts',(1146.67638621436,311.707927387551,104.448253764524));
#2949=CARTESIAN_POINT('Ctrl Pts',(1147.82601170794,314.379159155949,108.069697417495));
#2950=CARTESIAN_POINT('Ctrl Pts',(1148.86296275271,318.236963800664,112.25130110151));
#2951=CARTESIAN_POINT('Ctrl Pts',(1149.38945406721,322.751269797841,115.365670702842));
#2952=CARTESIAN_POINT('Ctrl Pts',(1149.55398811225,326.69262815202,116.978226137254));
#2953=CARTESIAN_POINT('Ctrl Pts',(1149.5590586895,328.776298970517,117.477351011468));
#2954=CARTESIAN_POINT('Ctrl Pts',(1149.54413898986,329.846985308567,117.64755449385));
#2955=CARTESIAN_POINT('Ctrl Pts',(1071.00000000038,293.43868927669,63.7529761793925));
#2956=CARTESIAN_POINT('Ctrl Pts',(1078.80368987525,293.636357057718,63.5375587332766));
#2957=CARTESIAN_POINT('Ctrl Pts',(1089.35032068073,294.095937501743,63.9197816075886));
#2958=CARTESIAN_POINT('Ctrl Pts',(1101.22217684689,295.039242064872,65.7579791663043));
#2959=CARTESIAN_POINT('Ctrl Pts',(1109.09740458203,295.909190428326,67.749640527621));
#2960=CARTESIAN_POINT('Ctrl Pts',(1116.01394030245,296.938994401354,70.2975546908363));
#2961=CARTESIAN_POINT('Ctrl Pts',(1120.03928684731,297.730127328961,72.3209230948466));
#2962=CARTESIAN_POINT('Ctrl Pts',(1123.28154237056,298.456872435283,74.1844655622633));
#2963=CARTESIAN_POINT('Ctrl Pts',(1125.86696281523,299.094723610336,75.8227748265272));
#2964=CARTESIAN_POINT('Ctrl Pts',(1130.51356798424,300.478588482792,79.3477812822057));
#2965=CARTESIAN_POINT('Ctrl Pts',(1135.40251020726,302.41121244673,84.1423359186734));
#2966=CARTESIAN_POINT('Ctrl Pts',(1139.86536392612,304.99178678856,90.0984368897584));
#2967=CARTESIAN_POINT('Ctrl Pts',(1143.19068284798,307.817636352419,95.9875030773225));
#2968=CARTESIAN_POINT('Ctrl Pts',(1145.21431474551,310.367378783681,100.604019530354));
#2969=CARTESIAN_POINT('Ctrl Pts',(1146.49135941575,312.575642286116,104.072174127425));
#2970=CARTESIAN_POINT('Ctrl Pts',(1147.67669033626,315.162788492494,107.717490608593));
#2971=CARTESIAN_POINT('Ctrl Pts',(1148.75094233265,318.902804336381,111.956829626896));
#2972=CARTESIAN_POINT('Ctrl Pts',(1149.30656385562,323.284477116975,115.171652416124));
#2973=CARTESIAN_POINT('Ctrl Pts',(1149.49285723249,327.112949182133,116.888360032732));
#2974=CARTESIAN_POINT('Ctrl Pts',(1149.50914820392,329.137864163031,117.447017579207));
#2975=CARTESIAN_POINT('Ctrl Pts',(1149.50014197205,330.178584911387,117.648711999528));
#2976=CARTESIAN_POINT('Ctrl Pts',(1071.00000000071,295.289720372885,63.9816966532294));
#2977=CARTESIAN_POINT('Ctrl Pts',(1078.66303012784,295.475238015344,63.7595292029852));
#2978=CARTESIAN_POINT('Ctrl Pts',(1089.03872875151,295.910468952317,64.110871033117));
#2979=CARTESIAN_POINT('Ctrl Pts',(1100.76174355874,296.808604519953,65.8717793119105));
#2980=CARTESIAN_POINT('Ctrl Pts',(1108.56159946781,297.638558482377,67.7914031525431));
#2981=CARTESIAN_POINT('Ctrl Pts',(1115.43640932015,298.622376930951,70.2567471705474));
#2982=CARTESIAN_POINT('Ctrl Pts',(1119.45403025267,299.378982912252,72.2210491448607));
#2983=CARTESIAN_POINT('Ctrl Pts',(1122.69730927545,300.074322399144,74.0332371058117));
#2984=CARTESIAN_POINT('Ctrl Pts',(1125.28826738712,300.684784935379,75.6281461091365));
#2985=CARTESIAN_POINT('Ctrl Pts',(1129.9614771302,302.010011841545,79.067953342014));
#2986=CARTESIAN_POINT('Ctrl Pts',(1134.90685240984,303.862282829164,83.7639448200218));
#2987=CARTESIAN_POINT('Ctrl Pts',(1139.45398503334,306.338217714705,89.6330653824881));
#2988=CARTESIAN_POINT('Ctrl Pts',(1142.86285746752,309.052065834588,95.4787306660372));
#2989=CARTESIAN_POINT('Ctrl Pts',(1144.94999340952,311.502901136031,100.09256562224));
#2990=CARTESIAN_POINT('Ctrl Pts',(1146.27266061599,313.626844132255,103.57814666301));
#2991=CARTESIAN_POINT('Ctrl Pts',(1147.50409844467,316.116185713996,107.257274040856));
#2992=CARTESIAN_POINT('Ctrl Pts',(1148.62714403727,319.717049268555,111.574164592778));
#2993=CARTESIAN_POINT('Ctrl Pts',(1149.22156368536,323.938220041978,114.920330319519));
#2994=CARTESIAN_POINT('Ctrl Pts',(1149.43690759075,327.627487942981,116.772093841459));
#2995=CARTESIAN_POINT('Ctrl Pts',(1149.46808457775,329.579042909687,117.407791219081));
#2996=CARTESIAN_POINT('Ctrl Pts',(1149.46691003235,330.582124984283,117.650120625872));
#2997=CARTESIAN_POINT('Ctrl Pts',(1071.00000000077,297.149248240209,64.1547974578383));
#2998=CARTESIAN_POINT('Ctrl Pts',(1078.51279982278,297.321695405196,63.9287246207509));
#2999=CARTESIAN_POINT('Ctrl Pts',(1088.70705873372,297.732132476191,64.2507523571957));
#3000=CARTESIAN_POINT('Ctrl Pts',(1100.2712976217,298.586132919363,65.9345948607519));
#3001=CARTESIAN_POINT('Ctrl Pts',(1107.99086567404,299.377451562851,67.7810985003183));
#3002=CARTESIAN_POINT('Ctrl Pts',(1114.82108203227,300.317111840712,70.1620800481901));
#3003=CARTESIAN_POINT('Ctrl Pts',(1118.83038902974,301.040612046318,72.0657601807973));
#3004=CARTESIAN_POINT('Ctrl Pts',(1122.07467705008,301.705815029496,73.8252132646073));
#3005=CARTESIAN_POINT('Ctrl Pts',(1124.67145770194,302.289985105148,75.3755294883634));
#3006=CARTESIAN_POINT('Ctrl Pts',(1129.37288724012,303.558796242874,78.7278032167854));
#3007=CARTESIAN_POINT('Ctrl Pts',(1134.37833544442,305.3334097993,83.3227281279844));
#3008=CARTESIAN_POINT('Ctrl Pts',(1139.01549633004,307.707278975621,89.103614618794));
#3009=CARTESIAN_POINT('Ctrl Pts',(1142.51404677409,310.310636535135,94.9072095245545));
#3010=CARTESIAN_POINT('Ctrl Pts',(1144.66971609154,312.662690745855,99.5216046585856));
#3011=CARTESIAN_POINT('Ctrl Pts',(1146.04189459635,314.701553140968,103.028597206116));
#3012=CARTESIAN_POINT('Ctrl Pts',(1147.32365231647,317.091518355889,106.747018963645));
#3013=CARTESIAN_POINT('Ctrl Pts',(1148.50059474453,320.549338389635,111.151206725614));
#3014=CARTESIAN_POINT('Ctrl Pts',(1149.13862177889,324.602590596249,114.64299498354));
#3015=CARTESIAN_POINT('Ctrl Pts',(1149.38678973217,328.144289044022,116.643837395134));
#3016=CARTESIAN_POINT('Ctrl Pts',(1149.43478108066,330.017437771278,117.364367196437));
#3017=CARTESIAN_POINT('Ctrl Pts',(1149.44239431185,330.980114566328,117.65150987724));
#3018=CARTESIAN_POINT('Ctrl Pts',(1071.00000000081,298.213132609632,64.2419474992475));
#3019=CARTESIAN_POINT('Ctrl Pts',(1078.42456082221,298.377862034097,64.0143168545776));
#3020=CARTESIAN_POINT('Ctrl Pts',(1088.5122656116,298.773858778614,64.3201183551136));
#3021=CARTESIAN_POINT('Ctrl Pts',(1099.98329701617,299.602382171924,65.9598404850516));
#3022=CARTESIAN_POINT('Ctrl Pts',(1107.65575089923,300.371463912761,67.7641854950511));
#3023=CARTESIAN_POINT('Ctrl Pts',(1114.45982622833,301.285743441579,70.0963441290671));
#3024=CARTESIAN_POINT('Ctrl Pts',(1118.46428912637,301.990222145103,71.9648689784261));
#3025=CARTESIAN_POINT('Ctrl Pts',(1121.70920633249,302.638106195863,73.6937243431613));
#3026=CARTESIAN_POINT('Ctrl Pts',(1124.30943936234,303.207164417038,75.2181573778151));
#3027=CARTESIAN_POINT('Ctrl Pts',(1129.02752273142,304.443532019245,78.5196069514635));
#3028=CARTESIAN_POINT('Ctrl Pts',(1134.06839314223,306.173435417388,83.0558584487748));
#3029=CARTESIAN_POINT('Ctrl Pts',(1138.75869474987,308.488406067904,88.7856632894471));
#3030=CARTESIAN_POINT('Ctrl Pts',(1142.31029874146,311.027829528503,94.5652248816784));
#3031=CARTESIAN_POINT('Ctrl Pts',(1144.50662399107,313.322559993956,99.1805163774449));
#3032=CARTESIAN_POINT('Ctrl Pts',(1145.90825696094,315.31193326429,102.700584112684));
#3033=CARTESIAN_POINT('Ctrl Pts',(1147.22002137163,317.64400464363,106.442687612978));
#3034=CARTESIAN_POINT('Ctrl Pts',(1148.42929384252,321.018275590113,110.899085026487));
#3035=CARTESIAN_POINT('Ctrl Pts',(1149.09366322701,324.973083554653,114.477669746938));
#3036=CARTESIAN_POINT('Ctrl Pts',(1149.36165718801,328.428032980563,116.567327651968));
#3037=CARTESIAN_POINT('Ctrl Pts',(1149.41977534993,330.255012508133,117.338405377252));
#3038=CARTESIAN_POINT('Ctrl Pts',(1149.43266769253,331.193876981388,117.652256051868));
#3039=CARTESIAN_POINT('Ctrl Pts',(1071.00000000083,299.278300491861,64.322677350624));
#3040=CARTESIAN_POINT('Ctrl Pts',(1078.33476055066,299.435160627028,64.0939593719746));
#3041=CARTESIAN_POINT('Ctrl Pts',(1088.3141237824,299.81668125741,64.3838255867835));
#3042=CARTESIAN_POINT('Ctrl Pts',(1099.69034654794,300.619977160991,65.979352235941));
#3043=CARTESIAN_POINT('Ctrl Pts',(1107.31489771604,301.367123978329,67.7412543747308));
#3044=CARTESIAN_POINT('Ctrl Pts',(1114.09240018997,302.256414535737,70.0241490263416));
#3045=CARTESIAN_POINT('Ctrl Pts',(1118.09195259943,302.942173648188,71.8571495368851));
#3046=CARTESIAN_POINT('Ctrl Pts',(1121.33752552178,303.573008638341,73.5550748343524));
#3047=CARTESIAN_POINT('Ctrl Pts',(1123.94128399391,304.127187844246,75.0533361362345));
#3048=CARTESIAN_POINT('Ctrl Pts',(1128.67634460309,305.33158679543,78.3033785375751));
#3049=CARTESIAN_POINT('Ctrl Pts',(1133.75331984587,307.017365030639,82.7802737089553));
#3050=CARTESIAN_POINT('Ctrl Pts',(1138.49782971597,309.274024102943,88.4584518886906));
#3051=CARTESIAN_POINT('Ctrl Pts',(1142.10363597179,311.749912556795,94.2138585305206));
#3052=CARTESIAN_POINT('Ctrl Pts',(1144.34157213892,313.987450019616,98.8303137632112));
#3053=CARTESIAN_POINT('Ctrl Pts',(1145.77340586493,315.927286874766,102.363917340158));
#3054=CARTESIAN_POINT('Ctrl Pts',(1147.11598686953,318.201284569158,106.130406436425));
#3055=CARTESIAN_POINT('Ctrl Pts',(1148.3585849584,321.491447764177,110.640405967289));
#3056=CARTESIAN_POINT('Ctrl Pts',(1149.05022324267,325.346636711895,114.308018880169));
#3057=CARTESIAN_POINT('Ctrl Pts',(1149.33873638067,328.713468750582,116.488791620539));
#3058=CARTESIAN_POINT('Ctrl Pts',(1149.40731752983,330.493441413342,117.311735822043));
#3059=CARTESIAN_POINT('Ctrl Pts',(1149.42565319417,331.408032613153,117.653003599083));
#3060=CARTESIAN_POINT('Ctrl Pts',(1071.00000000096,300.341039868627,64.3924639811356));
#3061=CARTESIAN_POINT('Ctrl Pts',(1078.24289894259,300.489797039599,64.1632017111737));
#3062=CARTESIAN_POINT('Ctrl Pts',(1088.11116030356,300.857090920862,64.437779809379));
#3063=CARTESIAN_POINT('Ctrl Pts',(1099.39037713004,301.63630142262,65.9890474300198));
#3064=CARTESIAN_POINT('Ctrl Pts',(1106.96588710653,302.362729182301,67.7082234417829));
#3065=CARTESIAN_POINT('Ctrl Pts',(1113.71622860164,303.228528071795,69.941327773807));
#3066=CARTESIAN_POINT('Ctrl Pts',(1117.71078487846,303.896710904121,71.7383658132822));
#3067=CARTESIAN_POINT('Ctrl Pts',(1120.95706205402,304.511525862919,73.4049605709976));
#3068=CARTESIAN_POINT('Ctrl Pts',(1123.56446204004,305.051716250218,74.8767023557873));
#3069=CARTESIAN_POINT('Ctrl Pts',(1128.31698371141,306.225998013472,78.0746357403165));
#3070=CARTESIAN_POINT('Ctrl Pts',(1133.43106710598,307.870033474212,82.4913657737444));
#3071=CARTESIAN_POINT('Ctrl Pts',(1138.2313592996,310.071063527133,88.1173311595148));
#3072=CARTESIAN_POINT('Ctrl Pts',(1141.89306906434,312.48574093947,93.84857831887));
#3073=CARTESIAN_POINT('Ctrl Pts',(1144.17404000086,314.667605849038,98.4666992479901));
#3074=CARTESIAN_POINT('Ctrl Pts',(1145.637194115,316.55881968901,102.014583251525));
#3075=CARTESIAN_POINT('Ctrl Pts',(1147.01179636048,318.775506086239,105.80655710733));
#3076=CARTESIAN_POINT('Ctrl Pts',(1148.28921615369,321.981909994129,110.372262540707));
#3077=CARTESIAN_POINT('Ctrl Pts',(1149.00952042247,325.736598983558,114.132156878072));
#3078=CARTESIAN_POINT('Ctrl Pts',(1149.31958082416,329.013699606475,116.40736407633));
#3079=CARTESIAN_POINT('Ctrl Pts',(1149.39910596565,330.74552507137,117.284103821553));
#3080=CARTESIAN_POINT('Ctrl Pts',(1149.42312656168,331.6351861736,117.653796517825));
#3081=CARTESIAN_POINT('Ctrl Pts',(1071.00000000099,301.407190680511,64.4505468419093));
#3082=CARTESIAN_POINT('Ctrl Pts',(1078.14894106933,301.547671079482,64.2214635449667));
#3083=CARTESIAN_POINT('Ctrl Pts',(1087.90390469941,301.901314779186,64.4811598091043));
#3084=CARTESIAN_POINT('Ctrl Pts',(1099.08403927838,302.658588573069,65.9883323356905));
#3085=CARTESIAN_POINT('Ctrl Pts',(1106.60952324371,303.366476317421,67.664611322185));
#3086=CARTESIAN_POINT('Ctrl Pts',(1113.33216171949,304.211439911298,69.8475957781851));
#3087=CARTESIAN_POINT('Ctrl Pts',(1117.32165129758,304.864066277958,71.608363117786));
#3088=CARTESIAN_POINT('Ctrl Pts',(1120.56867868351,305.464681449659,73.2433494042392));
#3089=CARTESIAN_POINT('Ctrl Pts',(1123.17982302622,305.992461399449,74.6883282277948));
#3090=CARTESIAN_POINT('Ctrl Pts',(1127.95024395553,307.139922754392,77.8336636586155));
#3091=CARTESIAN_POINT('Ctrl Pts',(1133.1023535353,308.746504878973,82.1896775564312));
#3092=CARTESIAN_POINT('Ctrl Pts',(1137.95987584591,310.896884147686,87.7630851178055));
#3093=CARTESIAN_POINT('Ctrl Pts',(1141.67907873425,313.254878774716,93.4703153208919));
#3094=CARTESIAN_POINT('Ctrl Pts',(1144.00442858073,315.384292540931,98.0906559613396));
#3095=CARTESIAN_POINT('Ctrl Pts',(1145.49996648355,317.229070222042,101.653563788461));
#3096=CARTESIAN_POINT('Ctrl Pts',(1146.90776025694,319.390540405006,105.472082004326));
#3097=CARTESIAN_POINT('Ctrl Pts',(1148.22146089811,322.515093650984,110.095462402088));
#3098=CARTESIAN_POINT('Ctrl Pts',(1148.97178037412,326.169590501435,113.950674398126));
#3099=CARTESIAN_POINT('Ctrl Pts',(1149.30436514908,329.355972081199,116.323393750651));
#3100=CARTESIAN_POINT('Ctrl Pts',(1149.39529530561,331.03871076711,117.255667459199));
#3101=CARTESIAN_POINT('Ctrl Pts',(1149.42521613035,331.902847812775,117.654730836999));
#3102=CARTESIAN_POINT('Ctrl Pts',(1071.00000000106,303.020736538858,64.5273236842187));
#3103=CARTESIAN_POINT('Ctrl Pts',(1078.00618136081,303.148622497296,64.2990755529887));
#3104=CARTESIAN_POINT('Ctrl Pts',(1087.58892643835,303.482246848936,64.5370146530207));
#3105=CARTESIAN_POINT('Ctrl Pts',(1098.61854574244,304.208299173014,65.9781324091363));
#3106=CARTESIAN_POINT('Ctrl Pts',(1106.06803468171,304.890102826666,67.5899110087881));
#3107=CARTESIAN_POINT('Ctrl Pts',(1112.74861568694,305.705916587229,69.697370121069));
#3108=CARTESIAN_POINT('Ctrl Pts',(1116.73043352975,306.336807759676,71.4034232600694));
#3109=CARTESIAN_POINT('Ctrl Pts',(1119.97862721805,306.917564017702,72.9907129204156));
#3110=CARTESIAN_POINT('Ctrl Pts',(1122.59548540333,307.427976252242,74.3952985407041));
#3111=CARTESIAN_POINT('Ctrl Pts',(1127.3931670175,308.537810826934,77.461230902714));
#3112=CARTESIAN_POINT('Ctrl Pts',(1132.60318033946,310.091591501999,81.72558479819));
#3113=CARTESIAN_POINT('Ctrl Pts',(1137.54792874883,312.169887227435,87.219742519849));
#3114=CARTESIAN_POINT('Ctrl Pts',(1141.35490139437,314.446362268248,92.8909826978511));
#3115=CARTESIAN_POINT('Ctrl Pts',(1143.74812627651,316.499552004618,97.5150908996253));
#3116=CARTESIAN_POINT('Ctrl Pts',(1145.2932820806,318.276304691259,101.101171680455));
#3117=CARTESIAN_POINT('Ctrl Pts',(1146.75200161074,320.356479668236,104.960443661255));
#3118=CARTESIAN_POINT('Ctrl Pts',(1148.12156064801,323.359546486637,109.672133098471));
#3119=CARTESIAN_POINT('Ctrl Pts',(1148.9182418536,326.863691458084,113.673134376906));
#3120=CARTESIAN_POINT('Ctrl Pts',(1149.28557114348,329.912912216458,116.195015689419));
#3121=CARTESIAN_POINT('Ctrl Pts',(1149.39404564648,331.521103281025,117.21226919825));
#3122=CARTESIAN_POINT('Ctrl Pts',(1149.43302720149,332.346394809561,117.656279114393));
#3123=CARTESIAN_POINT('Ctrl Pts',(1071.00000000146,304.580928454314,64.5722140504493));
#3124=CARTESIAN_POINT('Ctrl Pts',(1077.85931063364,304.695786956449,64.3460276270821));
#3125=CARTESIAN_POINT('Ctrl Pts',(1087.26426396537,305.011953251333,64.5639219439328));
#3126=CARTESIAN_POINT('Ctrl Pts',(1098.13901192398,305.714971528547,65.9395436173633));
#3127=CARTESIAN_POINT('Ctrl Pts',(1105.51024053873,306.37892565282,67.4868766678617));
#3128=CARTESIAN_POINT('Ctrl Pts',(1112.14760766005,307.17555004183,69.5184440613402));
#3129=CARTESIAN_POINT('Ctrl Pts',(1116.12159117687,307.79227348383,71.1694029214904));
#3130=CARTESIAN_POINT('Ctrl Pts',(1119.37105538558,308.359997644174,72.7086307321168));
#3131=CARTESIAN_POINT('Ctrl Pts',(1121.99386566635,308.858960758028,74.072499371086));
#3132=CARTESIAN_POINT('Ctrl Pts',(1126.81979478767,309.943564693569,77.0583773310509));
#3133=CARTESIAN_POINT('Ctrl Pts',(1132.08977489789,311.460757402846,81.2303865820969));
#3134=CARTESIAN_POINT('Ctrl Pts',(1137.12506973885,313.485998099194,86.6451220087693));
#3135=CARTESIAN_POINT('Ctrl Pts',(1141.02352211202,315.698589427654,92.2811747474718));
#3136=CARTESIAN_POINT('Ctrl Pts',(1143.48781639118,317.688471021413,96.9106067007237));
#3137=CARTESIAN_POINT('Ctrl Pts',(1145.0851542008,319.406292786676,100.521742257374));
#3138=CARTESIAN_POINT('Ctrl Pts',(1146.59759582909,321.414224159244,104.424373924962));
#3139=CARTESIAN_POINT('Ctrl Pts',(1148.02657402176,324.304992935278,109.229066566476));
#3140=CARTESIAN_POINT('Ctrl Pts',(1148.87294132749,327.662905802142,113.382804526168));
#3141=CARTESIAN_POINT('Ctrl Pts',(1149.27736290263,330.57423696994,116.060835402776));
#3142=CARTESIAN_POINT('Ctrl Pts',(1149.40442595043,332.106038199257,117.167116363387));
#3143=CARTESIAN_POINT('Ctrl Pts',(1149.4529752037,332.891169423286,117.658180744298));
#3144=CARTESIAN_POINT('Ctrl Pts',(1071.00000000146,306.235925112599,64.585668785227));
#3145=CARTESIAN_POINT('Ctrl Pts',(1077.7087196557,306.337553640041,64.3631921650646));
#3146=CARTESIAN_POINT('Ctrl Pts',(1086.93241920036,306.634475897305,64.5620661999534));
#3147=CARTESIAN_POINT('Ctrl Pts',(1097.64874331654,307.309951601785,65.8734391933681));
#3148=CARTESIAN_POINT('Ctrl Pts',(1104.94007955616,307.95166606887,67.3567867327153));
#3149=CARTESIAN_POINT('Ctrl Pts',(1111.53328785901,308.723856495698,69.3127630624044));
#3150=CARTESIAN_POINT('Ctrl Pts',(1115.49929493262,309.322420443707,70.9086991825508));
#3151=CARTESIAN_POINT('Ctrl Pts',(1118.75007941611,309.873491778595,72.399917008038));
#3152=CARTESIAN_POINT('Ctrl Pts',(1121.37898612496,310.357856868946,73.7230985154295));
#3153=CARTESIAN_POINT('Ctrl Pts',(1126.23385166589,311.410559653405,76.6289764877763));
#3154=CARTESIAN_POINT('Ctrl Pts',(1131.56533111921,312.882247937305,80.7087711501018));
#3155=CARTESIAN_POINT('Ctrl Pts',(1136.69375512092,314.84349210703,86.0445640215535));
#3156=CARTESIAN_POINT('Ctrl Pts',(1140.6867375499,316.981400863529,91.6464383569255));
#3157=CARTESIAN_POINT('Ctrl Pts',(1143.2248299115,318.899351955551,96.2825991124429));
#3158=CARTESIAN_POINT('Ctrl Pts',(1144.87659328823,320.551568234906,99.9203604124137));
#3159=CARTESIAN_POINT('Ctrl Pts',(1146.44529830391,322.480041138269,103.868457150278));
#3160=CARTESIAN_POINT('Ctrl Pts',(1147.93700289774,325.249579889023,108.769852523475));
#3161=CARTESIAN_POINT('Ctrl Pts',(1148.83612491209,328.453350562802,113.081885167581));
#3162=CARTESIAN_POINT('Ctrl Pts',(1149.2797256968,331.221553165712,115.921686646883));
#3163=CARTESIAN_POINT('Ctrl Pts',(1149.42629072604,332.674763928929,117.120152907083));
#3164=CARTESIAN_POINT('Ctrl Pts',(1149.48479911336,333.418740402208,117.660022321901));
#3165=CARTESIAN_POINT('Ctrl Pts',(1071.0000000015,306.894743942918,64.5880602745785));
#3166=CARTESIAN_POINT('Ctrl Pts',(1077.64548883718,306.990821321641,64.3673205684525));
#3167=CARTESIAN_POINT('Ctrl Pts',(1086.79302824031,307.280154301806,64.5585056894564));
#3168=CARTESIAN_POINT('Ctrl Pts',(1097.44282920703,307.945465648758,65.8432073239159));
#3169=CARTESIAN_POINT('Ctrl Pts',(1104.70060633961,308.579219781592,67.2999122965904));
#3170=CARTESIAN_POINT('Ctrl Pts',(1111.27526664086,309.342803297607,69.2243523386677));
#3171=CARTESIAN_POINT('Ctrl Pts',(1115.23791895765,309.934994173746,70.7973125295067));
#3172=CARTESIAN_POINT('Ctrl Pts',(1118.4892536819,310.480203068239,72.2684759119148));
#3173=CARTESIAN_POINT('Ctrl Pts',(1121.12071734322,310.959418625226,73.574658280002));
#3174=CARTESIAN_POINT('Ctrl Pts',(1125.98773265178,312.000783368548,76.4471017524378));
#3175=CARTESIAN_POINT('Ctrl Pts',(1131.34505511336,313.456069270004,80.4883448864743));
#3176=CARTESIAN_POINT('Ctrl Pts',(1136.51266849546,315.393659756276,85.7911346175528));
#3177=CARTESIAN_POINT('Ctrl Pts',(1140.54550580287,317.503257851878,91.3787371938535));
#3178=CARTESIAN_POINT('Ctrl Pts',(1143.1147745689,319.393312923297,96.0177696338768));
#3179=CARTESIAN_POINT('Ctrl Pts',(1144.78957193512,321.019672075752,99.6667557141741));
#3180=CARTESIAN_POINT('Ctrl Pts',(1146.38211996206,322.916525267102,103.634006621354));
#3181=CARTESIAN_POINT('Ctrl Pts',(1147.90049185193,325.637110734654,108.576139183215));
#3182=CARTESIAN_POINT('Ctrl Pts',(1148.82209587997,328.77747615772,112.954888451455));
#3183=CARTESIAN_POINT('Ctrl Pts',(1149.28235855239,331.48610559074,115.862922541899));
#3184=CARTESIAN_POINT('Ctrl Pts',(1149.43718996424,332.906384799534,117.100298657274));
#3185=CARTESIAN_POINT('Ctrl Pts',(1149.49991179568,333.633062334475,117.660770449619));
#3186=CARTESIAN_POINT('Ctrl Pts',(1071.00000000151,307.400093604404,64.5880862483716));
#3187=CARTESIAN_POINT('Ctrl Pts',(1077.59460594684,307.491714732175,64.3688759474148));
#3188=CARTESIAN_POINT('Ctrl Pts',(1086.68090768112,307.775275615347,64.554015805545));
#3189=CARTESIAN_POINT('Ctrl Pts',(1097.27719213633,308.433372686365,65.8174621877035));
#3190=CARTESIAN_POINT('Ctrl Pts',(1104.50797553347,309.061666741334,67.2528705397578));
#3191=CARTESIAN_POINT('Ctrl Pts',(1111.06770935038,309.819458951573,69.1520738886873));
#3192=CARTESIAN_POINT('Ctrl Pts',(1115.02765762279,310.407380739844,70.706633198721));
#3193=CARTESIAN_POINT('Ctrl Pts',(1118.2794291939,310.948647730643,72.1617323916144));
#3194=CARTESIAN_POINT('Ctrl Pts',(1120.91294409157,311.424392442925,73.4542957594219));
#3195=CARTESIAN_POINT('Ctrl Pts',(1125.78972357615,312.458046104238,76.2999469956321));
#3196=CARTESIAN_POINT('Ctrl Pts',(1131.16783331602,313.901991340395,80.3102899645901));
#3197=CARTESIAN_POINT('Ctrl Pts',(1136.36700476699,315.822762593035,85.586624384206));
#3198=CARTESIAN_POINT('Ctrl Pts',(1140.43198388026,317.911681298953,91.1627936030395));
#3199=CARTESIAN_POINT('Ctrl Pts',(1143.02643355717,319.780884317459,95.8041586667163));
#3200=CARTESIAN_POINT('Ctrl Pts',(1144.71986019162,321.38760931444,99.4621939944432));
#3201=CARTESIAN_POINT('Ctrl Pts',(1146.33171345254,323.260231514952,103.444880269609));
#3202=CARTESIAN_POINT('Ctrl Pts',(1147.87172773062,325.942791088574,108.419841797931));
#3203=CARTESIAN_POINT('Ctrl Pts',(1148.81160785453,329.033077537275,112.852386659316));
#3204=CARTESIAN_POINT('Ctrl Pts',(1149.28539426034,331.694166741066,115.815470735528));
#3205=CARTESIAN_POINT('Ctrl Pts',(1149.44692047276,333.088014862947,117.084249497928));
#3206=CARTESIAN_POINT('Ctrl Pts',(1149.51304796479,333.800770396822,117.661355863572));
#3207=CARTESIAN_POINT('Ctrl Pts',(1071.00000000151,307.775874124619,64.5870343892412));
#3208=CARTESIAN_POINT('Ctrl Pts',(1077.55631002755,307.864145265326,64.3690327523762));
#3209=CARTESIAN_POINT('Ctrl Pts',(1086.59652563254,308.143406674895,64.5497031680612));
#3210=CARTESIAN_POINT('Ctrl Pts',(1097.152533153,308.796195063822,65.7972549313991));
#3211=CARTESIAN_POINT('Ctrl Pts',(1104.36299877912,309.420496812173,67.216710175511));
#3212=CARTESIAN_POINT('Ctrl Pts',(1110.91149444091,310.174069461446,69.0969931618922));
#3213=CARTESIAN_POINT('Ctrl Pts',(1114.86940332757,310.758882782092,70.6377507190664));
#3214=CARTESIAN_POINT('Ctrl Pts',(1118.12149947498,311.297277024331,72.0807992358458));
#3215=CARTESIAN_POINT('Ctrl Pts',(1120.75655433226,311.770490863146,73.3631452539716));
#3216=CARTESIAN_POINT('Ctrl Pts',(1125.64067549857,312.79851089441,76.188693815831));
#3217=CARTESIAN_POINT('Ctrl Pts',(1131.03442620899,314.234142582345,80.1758496600289));
#3218=CARTESIAN_POINT('Ctrl Pts',(1136.25736218007,316.142516299794,85.4323353844264));
#3219=CARTESIAN_POINT('Ctrl Pts',(1140.34656989507,318.21611579563,90.9999372377561));
#3220=CARTESIAN_POINT('Ctrl Pts',(1142.96002050495,320.069808097685,95.6430791788446));
#3221=CARTESIAN_POINT('Ctrl Pts',(1144.66751707848,321.661888786834,99.3079420641035));
#3222=CARTESIAN_POINT('Ctrl Pts',(1146.29396102825,323.516410226448,103.302266195265));
#3223=CARTESIAN_POINT('Ctrl Pts',(1147.85035804431,326.17050042364,108.301972858682));
#3224=CARTESIAN_POINT('Ctrl Pts',(1148.80408838878,329.22319426102,112.775071961476));
#3225=CARTESIAN_POINT('Ctrl Pts',(1149.288112889,331.84853990604,115.779668471256));
#3226=CARTESIAN_POINT('Ctrl Pts',(1149.45469951771,333.222498190058,117.072133394324));
#3227=CARTESIAN_POINT('Ctrl Pts',(1149.52339835223,333.924772937566,117.661788715854));
#3228=CARTESIAN_POINT('Ctrl Pts',(1071.00000000152,308.096398629495,64.5850067159069));
#3229=CARTESIAN_POINT('Ctrl Pts',(1077.52429362379,308.181872050387,64.3680605044982));
#3230=CARTESIAN_POINT('Ctrl Pts',(1086.52597555605,308.457414864715,64.5450674838523));
#3231=CARTESIAN_POINT('Ctrl Pts',(1097.04830880502,309.105393374273,65.7794264742679));
#3232=CARTESIAN_POINT('Ctrl Pts',(1104.24178410423,309.725989328453,67.1856188772617));
#3233=CARTESIAN_POINT('Ctrl Pts',(1110.78087914241,310.475589802315,69.0501587557494));
#3234=CARTESIAN_POINT('Ctrl Pts',(1114.7370783422,311.057465948891,70.5794277190881));
#3235=CARTESIAN_POINT('Ctrl Pts',(1117.98944146322,311.593152321749,72.0124442033266));
#3236=CARTESIAN_POINT('Ctrl Pts',(1120.62577991526,312.063984214869,73.2862838427927));
#3237=CARTESIAN_POINT('Ctrl Pts',(1125.51603189373,313.086734004333,76.0950952550266));
#3238=CARTESIAN_POINT('Ctrl Pts',(1130.92285440976,314.514674424628,80.0629470960799));
#3239=CARTESIAN_POINT('Ctrl Pts',(1136.16566848873,316.411794181374,85.3029188996043));
#3240=CARTESIAN_POINT('Ctrl Pts',(1140.27516343374,318.471736378086,90.8634165754681));
#3241=CARTESIAN_POINT('Ctrl Pts',(1142.9045405826,320.311811196529,95.5080824029104));
#3242=CARTESIAN_POINT('Ctrl Pts',(1144.62384132918,321.891168033878,99.1786826771638));
#3243=CARTESIAN_POINT('Ctrl Pts',(1146.2625347312,323.730057025298,103.182769760053));
#3244=CARTESIAN_POINT('Ctrl Pts',(1147.83270735155,326.359777684476,108.203213610385));
#3245=CARTESIAN_POINT('Ctrl Pts',(1148.79809705772,329.380643006332,112.710285614694));
#3246=CARTESIAN_POINT('Ctrl Pts',(1149.29073117791,331.975930437272,115.749660948922));
#3247=CARTESIAN_POINT('Ctrl Pts',(1149.46156653949,333.333225544219,117.061973378152));
#3248=CARTESIAN_POINT('Ctrl Pts',(1149.53242198348,334.026735300441,117.66214463309));
#3249=CARTESIAN_POINT('Ctrl Pts',(1071.00000000153,308.347144632912,64.5826763415205));
#3250=CARTESIAN_POINT('Ctrl Pts',(1077.50022261564,308.430517251702,64.3665516062837));
#3251=CARTESIAN_POINT('Ctrl Pts',(1086.4729402592,308.703095849896,64.540844084416));
#3252=CARTESIAN_POINT('Ctrl Pts',(1096.96995693836,309.346961989081,65.7653486391987));
#3253=CARTESIAN_POINT('Ctrl Pts',(1104.15065807957,309.964281241155,67.1616201816117));
#3254=CARTESIAN_POINT('Ctrl Pts',(1110.68268264042,310.710304162409,69.0143774401437));
#3255=CARTESIAN_POINT('Ctrl Pts',(1114.63759352598,311.289522649999,70.5350454679474));
#3256=CARTESIAN_POINT('Ctrl Pts',(1117.89015438262,311.822766856358,71.9605512196001));
#3257=CARTESIAN_POINT('Ctrl Pts',(1120.52745507982,312.291455053643,73.2280221490438));
#3258=CARTESIAN_POINT('Ctrl Pts',(1125.42231078162,313.309500041291,76.0243028155402));
#3259=CARTESIAN_POINT('Ctrl Pts',(1130.83895592385,314.730677827017,79.977704759942));
#3260=CARTESIAN_POINT('Ctrl Pts',(1136.09671715334,316.618163146137,85.205326221442));
#3261=CARTESIAN_POINT('Ctrl Pts',(1140.22147896509,318.666718767409,90.7605335470054));
#3262=CARTESIAN_POINT('Ctrl Pts',(1142.86285082521,320.495702611004,95.4063793410082));
#3263=CARTESIAN_POINT('Ctrl Pts',(1144.59104768945,322.064864197167,99.0813183551182));
#3264=CARTESIAN_POINT('Ctrl Pts',(1146.23897784312,323.891347728509,103.092772656957));
#3265=CARTESIAN_POINT('Ctrl Pts',(1147.81955012137,326.502008194144,108.128843163131));
#3266=CARTESIAN_POINT('Ctrl Pts',(1148.79374913212,329.498430168297,112.661498830026));
#3267=CARTESIAN_POINT('Ctrl Pts',(1149.29288326274,332.070899363635,115.727061950462));
#3268=CARTESIAN_POINT('Ctrl Pts',(1149.46692268643,333.415627248867,117.054319065672));
#3269=CARTESIAN_POINT('Ctrl Pts',(1149.53940297305,334.102546741609,117.662409266017));
#3270=CARTESIAN_POINT('Ctrl Pts',(1071.00000000153,308.485443471493,64.5811469200689));
#3271=CARTESIAN_POINT('Ctrl Pts',(1077.48736657478,308.567694996188,64.3654698732887));
#3272=CARTESIAN_POINT('Ctrl Pts',(1086.44461771868,308.838616620241,64.538325073429));
#3273=CARTESIAN_POINT('Ctrl Pts',(1096.92811355451,309.480069607171,65.7575884212701));
#3274=CARTESIAN_POINT('Ctrl Pts',(1104.10199227498,310.095424590956,67.1485788183603));
#3275=CARTESIAN_POINT('Ctrl Pts',(1110.63023970163,310.839278753025,68.9950619762776));
#3276=CARTESIAN_POINT('Ctrl Pts',(1114.58446155582,311.416881721784,70.511149360107));
#3277=CARTESIAN_POINT('Ctrl Pts',(1117.83712701707,311.94864433236,71.9326550623839));
#3278=CARTESIAN_POINT('Ctrl Pts',(1120.47494068094,312.416033671098,73.1967341241354));
#3279=CARTESIAN_POINT('Ctrl Pts',(1125.37225321422,313.431242058611,75.9863413918603));
#3280=CARTESIAN_POINT('Ctrl Pts',(1130.79414256076,314.848380681424,79.9320490882231));
#3281=CARTESIAN_POINT('Ctrl Pts',(1136.05988711132,316.730209028187,85.1530987983751));
#3282=CARTESIAN_POINT('Ctrl Pts',(1140.19280680796,318.772195986847,90.7055001472804));
#3283=CARTESIAN_POINT('Ctrl Pts',(1142.84059101631,320.594884959768,95.3519895296184));
#3284=CARTESIAN_POINT('Ctrl Pts',(1144.57354561878,322.158327654411,99.0292555764729));
#3285=CARTESIAN_POINT('Ctrl Pts',(1146.2264172917,323.977901748751,103.044654982388));
#3286=CARTESIAN_POINT('Ctrl Pts',(1147.81255698302,326.578061441665,108.089084623923));
#3287=CARTESIAN_POINT('Ctrl Pts',(1148.79147425579,329.561205631623,112.635418322051));
#3288=CARTESIAN_POINT('Ctrl Pts',(1149.29408822311,332.121392980557,115.714980615758));
#3289=CARTESIAN_POINT('Ctrl Pts',(1149.46984186765,333.459392104903,117.050226312182));
#3290=CARTESIAN_POINT('Ctrl Pts',(1149.54319097969,334.142791795991,117.662549748329));
#3291=CARTESIAN_POINT('Ctrl Pts',(1071.00000000155,309.116962199558,64.5735546337918));
#3292=CARTESIAN_POINT('Ctrl Pts',(1077.42948110287,309.194165696235,64.3599060553936));
#3293=CARTESIAN_POINT('Ctrl Pts',(1086.31707014081,309.457479679481,64.5263332535741));
#3294=CARTESIAN_POINT('Ctrl Pts',(1096.73968033888,310.087631118619,65.7220430492721));
#3295=CARTESIAN_POINT('Ctrl Pts',(1103.88283192952,310.6937118251,67.0892950220632));
#3296=CARTESIAN_POINT('Ctrl Pts',(1110.39406705323,311.427282700865,68.9075688132109));
#3297=CARTESIAN_POINT('Ctrl Pts',(1114.34518283054,311.997217781762,70.4030598445214));
#3298=CARTESIAN_POINT('Ctrl Pts',(1117.59831651183,312.521953295382,71.8065793327771));
#3299=CARTESIAN_POINT('Ctrl Pts',(1120.23843782011,312.983185085667,73.0554068017639));
#3300=CARTESIAN_POINT('Ctrl Pts',(1125.14680939614,313.98497063708,75.8150074750579));
#3301=CARTESIAN_POINT('Ctrl Pts',(1130.59231055339,315.383063378663,79.7261211933638));
#3302=CARTESIAN_POINT('Ctrl Pts',(1135.89400856338,317.238391292481,84.9176349039922));
#3303=CARTESIAN_POINT('Ctrl Pts',(1140.06367774845,319.249819984862,90.4574470659384));
#3304=CARTESIAN_POINT('Ctrl Pts',(1142.74035603947,321.0434156874,95.1068671020741));
#3305=CARTESIAN_POINT('Ctrl Pts',(1144.49475414982,322.580554423047,98.7946364881808));
#3306=CARTESIAN_POINT('Ctrl Pts',(1146.16990085118,324.368442779204,102.82782805033));
#3307=CARTESIAN_POINT('Ctrl Pts',(1147.78114717348,326.920668138456,107.909936009417));
#3308=CARTESIAN_POINT('Ctrl Pts',(1148.78134824316,329.843568295589,112.517902959916));
#3309=CARTESIAN_POINT('Ctrl Pts',(1149.29965533506,332.348253560825,115.660541795255));
#3310=CARTESIAN_POINT('Ctrl Pts',(1149.48313606464,333.655915521101,117.031783626233));
#3311=CARTESIAN_POINT('Ctrl Pts',(1149.56040092763,334.323463682657,117.663180414751));
#3312=CARTESIAN_POINT('Ctrl Pts',(1071.00000000171,310.513729318908,64.5470882580034));
#3313=CARTESIAN_POINT('Ctrl Pts',(1077.32437559436,310.581784759816,64.3373920013847));
#3314=CARTESIAN_POINT('Ctrl Pts',(1086.08537642426,310.827154615457,64.4927357972918));
#3315=CARTESIAN_POINT('Ctrl Pts',(1096.39739214379,311.424652367281,65.6465343659943));
#3316=CARTESIAN_POINT('Ctrl Pts',(1103.48469057043,312.001920862725,66.9714129418538));
#3317=CARTESIAN_POINT('Ctrl Pts',(1109.96497656262,312.7024024488,68.7392421839943));
#3318=CARTESIAN_POINT('Ctrl Pts',(1113.91040483327,313.247461561535,70.1978832243348));
#3319=CARTESIAN_POINT('Ctrl Pts',(1117.16434647279,313.749537731037,71.5692217547728));
#3320=CARTESIAN_POINT('Ctrl Pts',(1119.80862207315,314.190991887366,72.7907614577108));
#3321=CARTESIAN_POINT('Ctrl Pts',(1124.73700829386,315.150323179189,75.4966926837434));
#3322=CARTESIAN_POINT('Ctrl Pts',(1130.22533239987,316.489976840815,79.3459995180314));
#3323=CARTESIAN_POINT('Ctrl Pts',(1135.59236578895,318.268641534711,84.4849756811546));
#3324=CARTESIAN_POINT('Ctrl Pts',(1139.82896441046,320.197384896773,90.0028479413615));
#3325=CARTESIAN_POINT('Ctrl Pts',(1142.5583810478,321.917423287923,94.6582478466309));
#3326=CARTESIAN_POINT('Ctrl Pts',(1144.35199290633,323.391513200351,98.3655816014189));
#3327=CARTESIAN_POINT('Ctrl Pts',(1146.06792916951,325.106014467706,102.431611174463));
#3328=CARTESIAN_POINT('Ctrl Pts',(1147.72529841136,327.553260492212,107.582817010273));
#3329=CARTESIAN_POINT('Ctrl Pts',(1148.76469038425,330.354278119495,112.303397928716));
#3330=CARTESIAN_POINT('Ctrl Pts',(1149.31183280278,332.752823817536,115.56116800278));
#3331=CARTESIAN_POINT('Ctrl Pts',(1149.50946422464,334.004422226779,116.998100781845));
#3332=CARTESIAN_POINT('Ctrl Pts',(1149.59388588893,334.643164911212,117.664296387113));
#3333=CARTESIAN_POINT('Ctrl Pts',(1071.00000000218,313.069432373657,64.4653558928117));
#3334=CARTESIAN_POINT('Ctrl Pts',(1077.16782829581,313.123946208593,64.2623096334398));
#3335=CARTESIAN_POINT('Ctrl Pts',(1085.74010730048,313.335038870649,64.4028443173357));
#3336=CARTESIAN_POINT('Ctrl Pts',(1095.88725343432,313.861601573093,65.4970112121208));
#3337=CARTESIAN_POINT('Ctrl Pts',(1102.8911601152,314.3739255663,66.7612020642306));
#3338=CARTESIAN_POINT('Ctrl Pts',(1109.32510989824,314.998574426911,68.4565501813076));
#3339=CARTESIAN_POINT('Ctrl Pts',(1113.26186895246,315.486403067133,69.8622003953577));
#3340=CARTESIAN_POINT('Ctrl Pts',(1116.51683260842,315.936486591319,71.1872708488231));
#3341=CARTESIAN_POINT('Ctrl Pts',(1119.16713755281,316.332638750379,72.3695845730479));
#3342=CARTESIAN_POINT('Ctrl Pts',(1124.125024357,317.19540304427,74.9984488776434));
#3343=CARTESIAN_POINT('Ctrl Pts',(1129.67682490613,318.404017957339,78.7592757454645));
#3344=CARTESIAN_POINT('Ctrl Pts',(1135.14114351586,320.015827054431,83.8239123741886));
#3345=CARTESIAN_POINT('Ctrl Pts',(1139.47786738524,321.771206611601,89.3124192345285));
#3346=CARTESIAN_POINT('Ctrl Pts',(1142.28653600885,323.343401131942,93.9790851323407));
#3347=CARTESIAN_POINT('Ctrl Pts',(1144.13930149731,324.695344470965,97.7172926807271));
#3348=CARTESIAN_POINT('Ctrl Pts',(1145.91693973787,326.271249761732,101.834067912328));
#3349=CARTESIAN_POINT('Ctrl Pts',(1147.64452101336,328.528975690523,107.090450191722));
#3350=CARTESIAN_POINT('Ctrl Pts',(1148.74383576108,331.125364240808,111.980902286195));
#3351=CARTESIAN_POINT('Ctrl Pts',(1149.3348788637,333.355919552502,115.411839106369));
#3352=CARTESIAN_POINT('Ctrl Pts',(1149.5539130812,334.52221295273,116.947490846409));
#3353=CARTESIAN_POINT('Ctrl Pts',(1149.64911312119,335.118013704986,117.665953928877));
#3354=CARTESIAN_POINT('Ctrl Pts',(1071.0000000027,314.960244824973,64.3670661551408));
#3355=CARTESIAN_POINT('Ctrl Pts',(1077.03659570631,315.003502321526,64.1702193057955));
#3356=CARTESIAN_POINT('Ctrl Pts',(1085.45060944988,315.190227479143,64.2996026523946));
#3357=CARTESIAN_POINT('Ctrl Pts',(1095.45943457706,315.669812326428,65.3458896425141));
#3358=CARTESIAN_POINT('Ctrl Pts',(1102.39327444337,316.13995517044,66.5610145144617));
#3359=CARTESIAN_POINT('Ctrl Pts',(1108.78816592556,316.715747297644,68.1975771072301));
#3360=CARTESIAN_POINT('Ctrl Pts',(1112.71747489128,317.166749606986,69.5602065049819));
#3361=CARTESIAN_POINT('Ctrl Pts',(1115.97312459842,317.583314508077,70.8477170762172));
#3362=CARTESIAN_POINT('Ctrl Pts',(1118.62833282169,317.950224962331,71.9981902010985));
#3363=CARTESIAN_POINT('Ctrl Pts',(1123.61064792482,318.750381722056,74.5645471194981));
#3364=CARTESIAN_POINT('Ctrl Pts',(1129.21534778612,319.873296291436,78.253783768587));
#3365=CARTESIAN_POINT('Ctrl Pts',(1134.76114058244,321.374036321809,83.2588486705059));
#3366=CARTESIAN_POINT('Ctrl Pts',(1139.18213641887,323.011451830787,88.724959267625));
#3367=CARTESIAN_POINT('Ctrl Pts',(1142.05782435968,324.480504487403,93.4025884093391));
#3368=CARTESIAN_POINT('Ctrl Pts',(1143.96081018644,325.745349481452,97.1677717955218));
#3369=CARTESIAN_POINT('Ctrl Pts',(1145.79098424819,327.220906643304,101.328236233095));
#3370=CARTESIAN_POINT('Ctrl Pts',(1147.57872786284,329.337612469476,106.67420099454));
#3371=CARTESIAN_POINT('Ctrl Pts',(1148.72959958976,331.774809369738,111.708446061026));
#3372=CARTESIAN_POINT('Ctrl Pts',(1149.35823677552,333.869771238132,115.285718529403));
#3373=CARTESIAN_POINT('Ctrl Pts',(1149.59547305604,334.965463474499,116.904764079553));
#3374=CARTESIAN_POINT('Ctrl Pts',(1149.69979552447,335.52525602258,117.667375478566));
#3375=CARTESIAN_POINT('Ctrl Pts',(1071.00000000286,316.4225983231,64.2681758377474));
#3376=CARTESIAN_POINT('Ctrl Pts',(1076.93124574793,316.456910942934,64.0767472339077));
#3377=CARTESIAN_POINT('Ctrl Pts',(1085.21844543847,316.625130498225,64.1978485269737));
#3378=CARTESIAN_POINT('Ctrl Pts',(1095.11623725356,317.06993675487,65.2071580335854));
#3379=CARTESIAN_POINT('Ctrl Pts',(1101.99381243741,317.509064280042,66.3841268831762));
#3380=CARTESIAN_POINT('Ctrl Pts',(1108.35724638004,318.049034723185,67.9748923825699));
#3381=CARTESIAN_POINT('Ctrl Pts',(1112.28047260136,318.473039208187,69.3039778710438));
#3382=CARTESIAN_POINT('Ctrl Pts',(1115.53656905954,318.865008707963,70.56221126025));
#3383=CARTESIAN_POINT('Ctrl Pts',(1118.19561587013,319.210449726426,71.6878687767001));
#3384=CARTESIAN_POINT('Ctrl Pts',(1123.19733590714,319.96454902521,74.2055527079034));
#3385=CARTESIAN_POINT('Ctrl Pts',(1128.84427000483,321.024183051369,77.8391805071802));
#3386=CARTESIAN_POINT('Ctrl Pts',(1134.45536062991,322.442325058365,82.7984022348283));
#3387=CARTESIAN_POINT('Ctrl Pts',(1138.94416559444,323.991268668159,88.2481266507606));
#3388=CARTESIAN_POINT('Ctrl Pts',(1141.87397933594,325.382249854818,92.9356269759856));
#3389=CARTESIAN_POINT('Ctrl Pts',(1143.81764631358,326.580654922985,96.7232143205771));
#3390=CARTESIAN_POINT('Ctrl Pts',(1145.69048082996,327.979260016081,100.919513097375));
#3391=CARTESIAN_POINT('Ctrl Pts',(1147.52730996832,329.986837824077,106.338267952175));
#3392=CARTESIAN_POINT('Ctrl Pts',(1148.72036063091,332.299107984729,111.488718491633));
#3393=CARTESIAN_POINT('Ctrl Pts',(1149.37963204638,334.286495423551,115.184049314097));
#3394=CARTESIAN_POINT('Ctrl Pts',(1149.63162329506,335.32577851487,116.870320578283));
#3395=CARTESIAN_POINT('Ctrl Pts',(1149.74330554569,335.856694865312,117.668532423097));
#3396=CARTESIAN_POINT('Ctrl Pts',(1071.00000000301,317.535649739031,64.1833451931451));
#3397=CARTESIAN_POINT('Ctrl Pts',(1076.85215685506,317.563284855142,63.9961577850047));
#3398=CARTESIAN_POINT('Ctrl Pts',(1085.04414493389,317.71744349277,64.1114331413613));
#3399=CARTESIAN_POINT('Ctrl Pts',(1094.85855098333,318.135553740969,65.0937029730007));
#3400=CARTESIAN_POINT('Ctrl Pts',(1101.69384015778,318.550799563477,66.2426627484431));
#3401=CARTESIAN_POINT('Ctrl Pts',(1108.03359160138,319.063144058823,67.7997571945039));
#3402=CARTESIAN_POINT('Ctrl Pts',(1111.95219348623,319.466315720526,69.1041712663321));
#3403=CARTESIAN_POINT('Ctrl Pts',(1115.20857068932,319.839307488556,70.3408753371577));
#3404=CARTESIAN_POINT('Ctrl Pts',(1117.87045051244,320.168183412733,71.4482869382603));
#3405=CARTESIAN_POINT('Ctrl Pts',(1122.88664042371,320.886758577532,73.9302084156025));
#3406=CARTESIAN_POINT('Ctrl Pts',(1128.56517913186,321.897623704934,77.5230552320962));
#3407=CARTESIAN_POINT('Ctrl Pts',(1134.22526593086,323.252228032108,82.4489000484197));
#3408=CARTESIAN_POINT('Ctrl Pts',(1138.76509090754,324.733281152788,87.8871728412361));
#3409=CARTESIAN_POINT('Ctrl Pts',(1141.73573271618,326.064519351155,92.5826653759922));
#3410=CARTESIAN_POINT('Ctrl Pts',(1143.71014984607,327.212205881495,96.3874854651795));
#3411=CARTESIAN_POINT('Ctrl Pts',(1145.61527937716,328.552166386299,100.61111337388));
#3412=CARTESIAN_POINT('Ctrl Pts',(1147.48938772744,330.476822524424,106.085018028754));
#3413=CARTESIAN_POINT('Ctrl Pts',(1148.71453117972,332.694613847622,111.323157482818));
#3414=CARTESIAN_POINT('Ctrl Pts',(1149.397046865,334.600952191041,115.107462464827));
#3415=CARTESIAN_POINT('Ctrl Pts',(1149.6601903107,335.597839813037,116.844378392085));
#3416=CARTESIAN_POINT('Ctrl Pts',(1149.77741997914,336.107081129899,117.669406439607));
#3417=CARTESIAN_POINT('Ctrl Pts',(1071.00000000317,318.674878009264,64.0877874097967));
#3418=CARTESIAN_POINT('Ctrl Pts',(1076.77303962496,318.6958748246,63.9050155731308));
#3419=CARTESIAN_POINT('Ctrl Pts',(1084.86978486813,318.835614763842,64.0148481619768));
#3420=CARTESIAN_POINT('Ctrl Pts',(1094.60074514798,319.225889002543,64.9708006888228));
#3421=CARTESIAN_POINT('Ctrl Pts',(1101.39368622215,319.616109004934,66.0923885972809));
#3422=CARTESIAN_POINT('Ctrl Pts',(1107.70967611695,320.099435953741,67.6165264559688));
#3423=CARTESIAN_POINT('Ctrl Pts',(1111.6235901519,320.480709967188,68.8967836637925));
#3424=CARTESIAN_POINT('Ctrl Pts',(1114.88018942405,320.833758699568,70.1124119213401));
#3425=CARTESIAN_POINT('Ctrl Pts',(1117.54485063645,321.145229602908,71.2019647129539));
#3426=CARTESIAN_POINT('Ctrl Pts',(1122.57540902472,321.826507278647,73.6489086755468));
#3427=CARTESIAN_POINT('Ctrl Pts',(1128.28545061546,322.786251041292,77.2019505453599));
#3428=CARTESIAN_POINT('Ctrl Pts',(1133.99451548106,324.074483616754,82.0954687557444));
#3429=CARTESIAN_POINT('Ctrl Pts',(1138.58548680119,325.484929383633,87.5231497929651));
#3430=CARTESIAN_POINT('Ctrl Pts',(1141.5971646892,326.754342064194,92.2272241405995));
#3431=CARTESIAN_POINT('Ctrl Pts',(1143.60255395804,327.849768273596,96.049697258581));
#3432=CARTESIAN_POINT('Ctrl Pts',(1145.54026196079,329.129481021758,100.301089591121));
#3433=CARTESIAN_POINT('Ctrl Pts',(1147.45209927799,330.969392114347,105.830660448407));
#3434=CARTESIAN_POINT('Ctrl Pts',(1148.70978106865,333.091429615612,111.156956209531));
#3435=CARTESIAN_POINT('Ctrl Pts',(1149.41579652462,334.916172324973,115.030596906695));
#3436=CARTESIAN_POINT('Ctrl Pts',(1149.69017008608,335.870565684509,116.818342897121));
#3437=CARTESIAN_POINT('Ctrl Pts',(1149.8129697864,336.358130403221,117.670282770465));
#3438=CARTESIAN_POINT('Ctrl Pts',(1071.00000000324,319.830260549376,63.9818069319759));
#3439=CARTESIAN_POINT('Ctrl Pts',(1076.69391536935,319.844669575844,63.8036446161024));
#3440=CARTESIAN_POINT('Ctrl Pts',(1084.69548784588,319.969773876449,63.908380798396));
#3441=CARTESIAN_POINT('Ctrl Pts',(1094.34297721809,320.331481670091,64.8387596469427));
#3442=CARTESIAN_POINT('Ctrl Pts',(1101.09353348767,320.695930296923,65.9336210579343));
#3443=CARTESIAN_POINT('Ctrl Pts',(1107.38568625704,321.149326850589,67.4255351878571));
#3444=CARTESIAN_POINT('Ctrl Pts',(1111.29484443382,321.508001160619,68.6821614414391));
#3445=CARTESIAN_POINT('Ctrl Pts',(1114.55159941472,321.84046922805,69.877178050755));
#3446=CARTESIAN_POINT('Ctrl Pts',(1117.21898141577,322.133979819617,70.9492679747517));
#3447=CARTESIAN_POINT('Ctrl Pts',(1122.26378295136,322.776784957413,73.3620360352051));
#3448=CARTESIAN_POINT('Ctrl Pts',(1128.00518721863,323.68384434534,76.8762651816325));
#3449=CARTESIAN_POINT('Ctrl Pts',(1133.76316093063,324.903818328992,81.7385103996953));
#3450=CARTESIAN_POINT('Ctrl Pts',(1138.40535839355,326.241846357544,87.1564419711489));
#3451=CARTESIAN_POINT('Ctrl Pts',(1141.45824680441,327.448046773384,91.8696589074265));
#3452=CARTESIAN_POINT('Ctrl Pts',(1143.4948066263,328.490188404927,95.7101741196392));
#3453=CARTESIAN_POINT('Ctrl Pts',(1145.46535585217,329.708590364808,99.9897249368453));
#3454=CARTESIAN_POINT('Ctrl Pts',(1147.41535030911,331.462556218853,105.575410424203));
#3455=CARTESIAN_POINT('Ctrl Pts',(1148.70599711788,333.488024343096,110.990247502752));
#3456=CARTESIAN_POINT('Ctrl Pts',(1149.43575221878,335.23085084673,114.953511561849));
#3457=CARTESIAN_POINT('Ctrl Pts',(1149.72142672663,336.142712953235,116.792227825381));
#3458=CARTESIAN_POINT('Ctrl Pts',(1149.84981334657,336.608615545152,117.671157132114));
#3459=CARTESIAN_POINT('Ctrl Pts',(1071.00000000346,320.791695090126,63.8852080334281));
#3460=CARTESIAN_POINT('Ctrl Pts',(1076.62808230785,320.800654619672,63.7109869645747));
#3461=CARTESIAN_POINT('Ctrl Pts',(1084.55037253984,320.913619003583,63.8118291864071));
#3462=CARTESIAN_POINT('Ctrl Pts',(1094.12834668956,321.251559862307,64.7214935288624));
#3463=CARTESIAN_POINT('Ctrl Pts',(1100.84355433062,321.594551055801,65.7946339874428));
#3464=CARTESIAN_POINT('Ctrl Pts',(1107.11578378514,322.023011718555,67.2603080128202));
#3465=CARTESIAN_POINT('Ctrl Pts',(1111.02091252923,322.362849981299,68.4976865656739));
#3466=CARTESIAN_POINT('Ctrl Pts',(1114.27773163406,322.678162231815,69.6759170831811));
#3467=CARTESIAN_POINT('Ctrl Pts',(1116.94732091665,322.956699530142,70.733787525622));
#3468=CARTESIAN_POINT('Ctrl Pts',(1122.00386117427,323.567425220841,73.1187474254875));
#3469=CARTESIAN_POINT('Ctrl Pts',(1127.77124199083,324.430545695463,76.6014593892326));
#3470=CARTESIAN_POINT('Ctrl Pts',(1133.56986365736,325.593581465012,81.4385105406426));
#3471=CARTESIAN_POINT('Ctrl Pts',(1138.25476854061,326.871200246329,86.8489911395297));
#3472=CARTESIAN_POINT('Ctrl Pts',(1141.34211143459,328.024674755639,91.5702583518471));
#3473=CARTESIAN_POINT('Ctrl Pts',(1143.40479035979,329.02237792663,95.4260978311228));
#3474=CARTESIAN_POINT('Ctrl Pts',(1145.40289994469,330.189655255027,99.7294008902435));
#3475=CARTESIAN_POINT('Ctrl Pts',(1147.3850247458,331.871972928142,105.362160910092));
#3476=CARTESIAN_POINT('Ctrl Pts',(1148.70348309946,333.816986067368,110.85101806666));
#3477=CARTESIAN_POINT('Ctrl Pts',(1149.45320864342,335.491605816239,114.889134881848));
#3478=CARTESIAN_POINT('Ctrl Pts',(1149.7483489757,336.368067883718,116.770418344566));
#3479=CARTESIAN_POINT('Ctrl Pts',(1149.88140326941,336.815945103888,117.671880851765));
#3480=CARTESIAN_POINT('Ctrl Pts',(1071.0000000035,321.554925179052,63.8031255872983));
#3481=CARTESIAN_POINT('Ctrl Pts',(1076.57544648205,321.559560114617,63.6321631871887));
#3482=CARTESIAN_POINT('Ctrl Pts',(1084.43442976922,321.662914905,63.7300385555831));
#3483=CARTESIAN_POINT('Ctrl Pts',(1093.95681461084,321.982084599356,64.6235148463279));
#3484=CARTESIAN_POINT('Ctrl Pts',(1100.64374344405,322.30813176668,65.6796064898864));
#3485=CARTESIAN_POINT('Ctrl Pts',(1106.89999483763,322.716901673796,67.1246668502044));
#3486=CARTESIAN_POINT('Ctrl Pts',(1110.80185674958,323.041861812794,68.3469176609151));
#3487=CARTESIAN_POINT('Ctrl Pts',(1114.05868214616,323.343620020737,69.5119581482989));
#3488=CARTESIAN_POINT('Ctrl Pts',(1116.72999456801,323.610326037341,70.5586564671649));
#3489=CARTESIAN_POINT('Ctrl Pts',(1121.79583178207,324.195694169215,72.9217801620153));
#3490=CARTESIAN_POINT('Ctrl Pts',(1127.58387519459,325.024060823188,76.3797812131962));
#3491=CARTESIAN_POINT('Ctrl Pts',(1133.4149178844,326.142015071046,81.1971962234184));
#3492=CARTESIAN_POINT('Ctrl Pts',(1138.13397100491,327.371750639468,86.6021090893964));
#3493=CARTESIAN_POINT('Ctrl Pts',(1141.24892294258,328.483384026129,91.3300598727168));
#3494=CARTESIAN_POINT('Ctrl Pts',(1143.33256697511,329.445790177094,95.1983159898162));
#3495=CARTESIAN_POINT('Ctrl Pts',(1145.3528285341,330.572434038664,99.5207706317424));
#3496=CARTESIAN_POINT('Ctrl Pts',(1147.36084279745,332.197747030224,105.191340202884));
#3497=CARTESIAN_POINT('Ctrl Pts',(1148.70174049094,334.078649773105,110.739517311688));
#3498=CARTESIAN_POINT('Ctrl Pts',(1149.46754486512,335.698855871655,114.837582972377));
#3499=CARTESIAN_POINT('Ctrl Pts',(1149.77028518418,336.547056148065,116.752946598532));
#3500=CARTESIAN_POINT('Ctrl Pts',(1149.9070766981,336.980536478877,117.672455386386));
#3501=CARTESIAN_POINT('Ctrl Pts',(1071.00000000357,322.314057577785,63.7178891539404));
#3502=CARTESIAN_POINT('Ctrl Pts',(1076.52286699357,322.314389198936,63.55023167785));
#3503=CARTESIAN_POINT('Ctrl Pts',(1084.31859930923,322.408208008893,63.6452673212271));
#3504=CARTESIAN_POINT('Ctrl Pts',(1093.78542892931,322.708768141796,64.5228031641512));
#3505=CARTESIAN_POINT('Ctrl Pts',(1100.44407715316,323.018020605395,65.5620708689826));
#3506=CARTESIAN_POINT('Ctrl Pts',(1106.68432567499,323.407272340918,66.9867714312095));
#3507=CARTESIAN_POINT('Ctrl Pts',(1110.58288949799,323.717482012674,68.1940779936793));
#3508=CARTESIAN_POINT('Ctrl Pts',(1113.83968887071,324.005800441566,69.3460896896881));
#3509=CARTESIAN_POINT('Ctrl Pts',(1116.51269405983,324.260773712125,70.3817533021506));
#3510=CARTESIAN_POINT('Ctrl Pts',(1121.58776002955,324.820989180252,72.7233174470258));
#3511=CARTESIAN_POINT('Ctrl Pts',(1127.39637782035,325.614868400359,76.1569458637349));
#3512=CARTESIAN_POINT('Ctrl Pts',(1133.25976592046,326.688055696479,80.9550725741612));
#3513=CARTESIAN_POINT('Ctrl Pts',(1138.0129456097,327.870206784335,86.3546778437732));
#3514=CARTESIAN_POINT('Ctrl Pts',(1141.155530273,328.940228299573,91.0894699144133));
#3515=CARTESIAN_POINT('Ctrl Pts',(1143.26018185257,329.867509356193,94.9702423899187));
#3516=CARTESIAN_POINT('Ctrl Pts',(1145.30265844198,330.95370134201,99.3119424738335));
#3517=CARTESIAN_POINT('Ctrl Pts',(1147.33668051767,332.522224920218,105.020412405362));
#3518=CARTESIAN_POINT('Ctrl Pts',(1148.70014188463,334.339195557303,110.627961836817));
#3519=CARTESIAN_POINT('Ctrl Pts',(1149.48209117731,335.905098533315,114.786005539029));
#3520=CARTESIAN_POINT('Ctrl Pts',(1149.79244688043,336.72508045596,116.735464103971));
#3521=CARTESIAN_POINT('Ctrl Pts',(1149.93297763217,337.144182519805,117.673026621158));
#3522=CARTESIAN_POINT('Ctrl Pts',(1071.00000000376,323.25527588925,63.6055036143937));
#3523=CARTESIAN_POINT('Ctrl Pts',(1076.45727863229,323.250268914346,63.4420500316529));
#3524=CARTESIAN_POINT('Ctrl Pts',(1084.17405417903,323.332306525582,63.5337883911479));
#3525=CARTESIAN_POINT('Ctrl Pts',(1093.57152336698,323.609898140323,64.3918619974898));
#3526=CARTESIAN_POINT('Ctrl Pts',(1100.19482017542,323.898427765551,65.4105284856483));
#3527=CARTESIAN_POINT('Ctrl Pts',(1106.41501942342,324.263593109742,66.8102610920664));
#3528=CARTESIAN_POINT('Ctrl Pts',(1110.30939873509,324.555594633443,67.9992367673288));
#3529=CARTESIAN_POINT('Ctrl Pts',(1113.56610121586,324.827319089817,69.1352690710713));
#3530=CARTESIAN_POINT('Ctrl Pts',(1116.24116177101,325.067803724151,70.1574006116648));
#3531=CARTESIAN_POINT('Ctrl Pts',(1121.3276260865,325.596947030753,72.4725409070017));
#3532=CARTESIAN_POINT('Ctrl Pts',(1127.161780954,326.348196330516,75.8763449813513));
#3533=CARTESIAN_POINT('Ctrl Pts',(1133.06543968966,327.365991436111,80.6510176654568));
#3534=CARTESIAN_POINT('Ctrl Pts',(1137.86121918826,328.489201361322,86.0444735765851));
#3535=CARTESIAN_POINT('Ctrl Pts',(1141.03837663721,329.507623830485,90.7881057868861));
#3536=CARTESIAN_POINT('Ctrl Pts',(1143.16935878141,330.391311950552,94.684702195905));
#3537=CARTESIAN_POINT('Ctrl Pts',(1145.23971302342,331.427271951683,99.0506240514384));
#3538=CARTESIAN_POINT('Ctrl Pts',(1147.30645781419,332.92520725502,104.806621450168));
#3539=CARTESIAN_POINT('Ctrl Pts',(1148.69835077864,334.662602348481,110.488457385224));
#3540=CARTESIAN_POINT('Ctrl Pts',(1149.50060020026,336.160845692991,114.721503562144));
#3541=CARTESIAN_POINT('Ctrl Pts',(1149.82050052988,336.945644576863,116.713597900235));
#3542=CARTESIAN_POINT('Ctrl Pts',(1149.96570799465,337.346813987422,117.673733941307));
#3543=CARTESIAN_POINT('Ctrl Pts',(1071.00000000397,324.191119856816,63.4854146819591));
#3544=CARTESIAN_POINT('Ctrl Pts',(1076.39188730952,324.180838022634,63.3262800301006));
#3545=CARTESIAN_POINT('Ctrl Pts',(1084.02993544069,324.251198265323,63.4150275630081));
#3546=CARTESIAN_POINT('Ctrl Pts',(1093.3581833061,324.505975474004,64.2542833657998));
#3547=CARTESIAN_POINT('Ctrl Pts',(1099.9461487995,324.773904674115,65.2529348393931));
#3548=CARTESIAN_POINT('Ctrl Pts',(1106.14624001355,325.115111382254,66.6283670472351));
#3549=CARTESIAN_POINT('Ctrl Pts',(1110.03634811841,325.388992557818,67.7994945137806));
#3550=CARTESIAN_POINT('Ctrl Pts',(1113.29286108193,325.644199575795,68.9199717769263));
#3551=CARTESIAN_POINT('Ctrl Pts',(1115.96988834908,325.870260370379,69.9289328104988));
#3552=CARTESIAN_POINT('Ctrl Pts',(1121.0675468394,326.368462176245,72.2183761206017));
#3553=CARTESIAN_POINT('Ctrl Pts',(1126.92696456246,327.077245294052,75.59324068204));
#3554=CARTESIAN_POINT('Ctrl Pts',(1132.87063528834,328.039838166553,80.3453563912224));
#3555=CARTESIAN_POINT('Ctrl Pts',(1137.70889679571,329.104291938203,85.7333133952622));
#3556=CARTESIAN_POINT('Ctrl Pts',(1140.92064064464,330.07126764527,90.4861603570359));
#3557=CARTESIAN_POINT('Ctrl Pts',(1143.07802783898,330.911488622127,94.398802931747));
#3558=CARTESIAN_POINT('Ctrl Pts',(1145.17638704832,331.897360846875,98.7891427505912));
#3559=CARTESIAN_POINT('Ctrl Pts',(1147.27611975089,333.324911474827,104.592825551346));
#3560=CARTESIAN_POINT('Ctrl Pts',(1148.6967306283,334.98297899263,110.348982685131));
#3561=CARTESIAN_POINT('Ctrl Pts',(1149.51942552385,336.413793276093,114.657013379477));
#3562=CARTESIAN_POINT('Ctrl Pts',(1149.84889849501,337.163536354303,116.691728960781));
#3563=CARTESIAN_POINT('Ctrl Pts',(1149.99878139697,337.546840026899,117.674432166761));
#3564=CARTESIAN_POINT('Ctrl Pts',(1071.00000000404,324.94080708296,63.3847247672603));
#3565=CARTESIAN_POINT('Ctrl Pts',(1076.33969874391,324.926349791928,63.2291277896617));
#3566=CARTESIAN_POINT('Ctrl Pts',(1083.91495968241,324.987365296654,63.3156459394145));
#3567=CARTESIAN_POINT('Ctrl Pts',(1093.18793266254,325.223794769535,64.140253564651));
#3568=CARTESIAN_POINT('Ctrl Pts',(1099.74766168026,325.475128128635,65.1232552657458));
#3569=CARTESIAN_POINT('Ctrl Pts',(1105.93163643373,325.797016960602,66.4796656266673));
#3570=CARTESIAN_POINT('Ctrl Pts',(1109.81827626978,326.056281329759,67.6368161176054));
#3571=CARTESIAN_POINT('Ctrl Pts',(1113.07458081543,326.298163732972,68.7451151173875));
#3572=CARTESIAN_POINT('Ctrl Pts',(1115.75312597557,326.512588483357,69.7437661486112));
#3573=CARTESIAN_POINT('Ctrl Pts',(1120.85961006,326.985829767704,72.0131069776182));
#3574=CARTESIAN_POINT('Ctrl Pts',(1126.73906061686,327.660361687355,75.3653729750172));
#3575=CARTESIAN_POINT('Ctrl Pts',(1132.71456760702,328.578458503108,80.0999996840771));
#3576=CARTESIAN_POINT('Ctrl Pts',(1137.58672783707,329.595594027493,85.4839549534808));
#3577=CARTESIAN_POINT('Ctrl Pts',(1140.82613748842,330.521183416255,90.2443962507775));
#3578=CARTESIAN_POINT('Ctrl Pts',(1143.00468545304,331.326472689956,94.1700024760212));
#3579=CARTESIAN_POINT('Ctrl Pts',(1145.12551896578,332.272121085811,98.5799829767345));
#3580=CARTESIAN_POINT('Ctrl Pts',(1147.25179497976,333.643221362532,104.421885117762));
#3581=CARTESIAN_POINT('Ctrl Pts',(1148.69554552915,335.237805388108,110.23748657794));
#3582=CARTESIAN_POINT('Ctrl Pts',(1149.53467746046,336.614757518211,114.605460664212));
#3583=CARTESIAN_POINT('Ctrl Pts',(1149.87182226407,337.336533212413,116.674241839376));
#3584=CARTESIAN_POINT('Ctrl Pts',(1150.02544176275,337.705592415126,117.674986319394));
#3585=CARTESIAN_POINT('Ctrl Pts',(1071.00000000411,325.692379870625,63.280967991083));
#3586=CARTESIAN_POINT('Ctrl Pts',(1076.28761496884,325.673776406839,63.128951496485));
#3587=CARTESIAN_POINT('Ctrl Pts',(1083.80021377954,325.725431397909,63.2133629789254));
#3588=CARTESIAN_POINT('Ctrl Pts',(1093.01799600463,325.943399540799,64.0235919229791));
#3589=CARTESIAN_POINT('Ctrl Pts',(1099.54951121378,326.178011686431,64.9911912365848));
#3590=CARTESIAN_POINT('Ctrl Pts',(1105.71735395485,326.480423150634,66.3288631049483));
#3591=CARTESIAN_POINT('Ctrl Pts',(1109.60049221745,326.724945656354,67.4722419442501));
#3592=CARTESIAN_POINT('Ctrl Pts',(1112.85655094313,326.953389297047,68.5685432365991));
#3593=CARTESIAN_POINT('Ctrl Pts',(1115.53657730135,327.156078228101,69.5570381195423));
#3594=CARTESIAN_POINT('Ctrl Pts',(1120.65179988126,327.604147064774,71.8065855158781));
#3595=CARTESIAN_POINT('Ctrl Pts',(1126.55116263592,328.244145317229,75.1366280805918));
#3596=CARTESIAN_POINT('Ctrl Pts',(1132.55838727882,329.117407602634,79.8541423039641));
#3597=CARTESIAN_POINT('Ctrl Pts',(1137.46438573947,330.0869067394,85.2343624423204));
#3598=CARTESIAN_POINT('Ctrl Pts',(1140.73145766315,330.970874908784,90.0025448510726));
#3599=CARTESIAN_POINT('Ctrl Pts',(1142.93119043123,331.741067256909,93.9411963190378));
#3600=CARTESIAN_POINT('Ctrl Pts',(1145.07454391507,332.646328319203,98.3708843331265));
#3601=CARTESIAN_POINT('Ctrl Pts',(1147.22746496879,333.960815859959,104.251045705917));
#3602=CARTESIAN_POINT('Ctrl Pts',(1148.69446559763,335.491860224227,110.126069392624));
#3603=CARTESIAN_POINT('Ctrl Pts',(1149.5500871796,336.814991719642,114.553944209492));
#3604=CARTESIAN_POINT('Ctrl Pts',(1149.89491107492,337.508852578732,116.656765302132));
#3605=CARTESIAN_POINT('Ctrl Pts',(1150.05226423121,337.863702258633,117.675538229113));
#3606=CARTESIAN_POINT('Ctrl Pts',(1071.00000000435,326.637433016405,63.1455675732615));
#3607=CARTESIAN_POINT('Ctrl Pts',(1076.22274842033,326.613701013787,62.9980833564252));
#3608=CARTESIAN_POINT('Ctrl Pts',(1083.65724436931,326.653604257636,63.0801180967933));
#3609=CARTESIAN_POINT('Ctrl Pts',(1092.80622697849,326.848202760856,63.8728753514644));
#3610=CARTESIAN_POINT('Ctrl Pts',(1099.302524768,327.061600234032,64.8216956423767));
#3611=CARTESIAN_POINT('Ctrl Pts',(1105.45018259826,327.339270759467,66.1364825745082));
#3612=CARTESIAN_POINT('Ctrl Pts',(1109.3288837417,327.565059142929,67.2630388927534));
#3613=CARTESIAN_POINT('Ctrl Pts',(1112.58456650328,327.776425009864,68.3446870574214));
#3614=CARTESIAN_POINT('Ctrl Pts',(1115.26637660056,327.964200253315,69.3207799537417));
#3615=CARTESIAN_POINT('Ctrl Pts',(1120.39235889992,328.380286946097,71.5461740223662));
#3616=CARTESIAN_POINT('Ctrl Pts',(1126.31638268112,328.976431713984,74.8491506396709));
#3617=CARTESIAN_POINT('Ctrl Pts',(1132.36302789771,329.792829321257,79.5459879803528));
#3618=CARTESIAN_POINT('Ctrl Pts',(1137.31120746863,330.702010088755,84.9220398657152));
#3619=CARTESIAN_POINT('Ctrl Pts',(1140.61284934585,331.533378678143,89.7001690930486));
#3620=CARTESIAN_POINT('Ctrl Pts',(1142.83910823154,332.259293744295,93.6552733496746));
#3621=CARTESIAN_POINT('Ctrl Pts',(1145.01069589395,333.113666076154,98.1097121172873));
#3622=CARTESIAN_POINT('Ctrl Pts',(1147.19711452395,334.35697571996,104.037756835192));
#3623=CARTESIAN_POINT('Ctrl Pts',(1148.69338585808,335.808424651414,109.986990052008));
#3624=CARTESIAN_POINT('Ctrl Pts',(1149.56971631133,337.064340215045,114.48963554226));
#3625=CARTESIAN_POINT('Ctrl Pts',(1149.92414915813,337.723408973472,116.634949533717));
#3626=CARTESIAN_POINT('Ctrl Pts',(1150.08616307937,338.060567659501,117.676225421816));
#3627=CARTESIAN_POINT('Ctrl Pts',(1071.0000000046,327.592374473997,63.002908982089));
#3628=CARTESIAN_POINT('Ctrl Pts',(1076.15820808746,327.563596701288,62.8600566416307));
#3629=CARTESIAN_POINT('Ctrl Pts',(1083.51500385445,327.591665348421,62.9400150619123));
#3630=CARTESIAN_POINT('Ctrl Pts',(1092.59548515607,327.762463843662,63.7159865425752));
#3631=CARTESIAN_POINT('Ctrl Pts',(1099.05667570083,327.9541849324,64.6466612881832));
#3632=CARTESIAN_POINT('Ctrl Pts',(1105.18414982589,328.206535322306,65.9392919075024));
#3633=CARTESIAN_POINT('Ctrl Pts',(1109.05834941289,328.41313921032,67.0495539593292));
#3634=CARTESIAN_POINT('Ctrl Pts',(1112.31357572209,328.607017416107,68.1170132704734));
#3635=CARTESIAN_POINT('Ctrl Pts',(1114.99708679315,328.779521403242,69.0810995950487));
#3636=CARTESIAN_POINT('Ctrl Pts',(1120.13362284902,329.162868974605,71.2831328801931));
#3637=CARTESIAN_POINT('Ctrl Pts',(1126.08201215078,329.714155522817,74.5600003156784));
#3638=CARTESIAN_POINT('Ctrl Pts',(1132.16778349619,330.472489135757,79.2371055595829));
#3639=CARTESIAN_POINT('Ctrl Pts',(1137.15799756513,331.320226013026,84.6096329835518));
#3640=CARTESIAN_POINT('Ctrl Pts',(1140.49420708787,332.098163287566,89.3980387849855));
#3641=CARTESIAN_POINT('Ctrl Pts',(1142.74705909194,332.779213882747,93.3697598191758));
#3642=CARTESIAN_POINT('Ctrl Pts',(1144.94700410446,333.582113712577,97.8490647596911));
#3643=CARTESIAN_POINT('Ctrl Pts',(1147.16718874873,334.753657000652,103.825008844656));
#3644=CARTESIAN_POINT('Ctrl Pts',(1148.69301381045,336.125277953133,109.848288806804));
#3645=CARTESIAN_POINT('Ctrl Pts',(1149.59017822514,337.314080671794,114.425502169648));
#3646=CARTESIAN_POINT('Ctrl Pts',(1149.95422964181,337.938515127179,116.613193778894));
#3647=CARTESIAN_POINT('Ctrl Pts',(1150.1208908885,338.258090631934,117.676914909886));
#3648=CARTESIAN_POINT('Ctrl Pts',(1071.0000000047,328.359245894688,62.8850418072334));
#3649=CARTESIAN_POINT('Ctrl Pts',(1076.1067843127,328.326486565186,62.7459627273333));
#3650=CARTESIAN_POINT('Ctrl Pts',(1083.40171483345,328.345104620738,62.8244167936281));
#3651=CARTESIAN_POINT('Ctrl Pts',(1092.42760769471,328.49679808792,63.5873595274501));
#3652=CARTESIAN_POINT('Ctrl Pts',(1098.86080596941,328.671089047882,64.5038810778091));
#3653=CARTESIAN_POINT('Ctrl Pts',(1104.97215384511,328.903061561086,65.7792073597418));
#3654=CARTESIAN_POINT('Ctrl Pts',(1108.84272498633,329.094218679647,66.876737308152));
#3655=CARTESIAN_POINT('Ctrl Pts',(1112.09754641607,329.274015328655,67.9331119093043));
#3656=CARTESIAN_POINT('Ctrl Pts',(1114.78237493036,329.434221973005,68.8878194375875));
#3657=CARTESIAN_POINT('Ctrl Pts',(1119.92724113669,329.791206172477,71.0716159696647));
#3658=CARTESIAN_POINT('Ctrl Pts',(1125.89495618466,330.306375577425,74.3281360274618));
#3659=CARTESIAN_POINT('Ctrl Pts',(1132.0118619872,331.017985144632,78.9899737420946));
#3660=CARTESIAN_POINT('Ctrl Pts',(1137.03562647831,331.816319254463,84.3600111183282));
#3661=CARTESIAN_POINT('Ctrl Pts',(1140.39949791711,332.551340844384,89.1567850657033));
#3662=CARTESIAN_POINT('Ctrl Pts',(1142.67367199904,333.196391948503,93.14185537017));
#3663=CARTESIAN_POINT('Ctrl Pts',(1144.89638614957,333.958018735406,97.6410740197398));
#3664=CARTESIAN_POINT('Ctrl Pts',(1147.14375623838,335.072090630936,103.655281818099));
#3665=CARTESIAN_POINT('Ctrl Pts',(1148.69340029096,336.379927750175,109.737638222079));
#3666=CARTESIAN_POINT('Ctrl Pts',(1149.60730577049,337.515210099514,114.374337744932));
#3667=CARTESIAN_POINT('Ctrl Pts',(1149.97905533474,338.112061776658,116.595838345418));
#3668=CARTESIAN_POINT('Ctrl Pts',(1150.14942357465,338.417643464323,117.677471856611));
#3669=CARTESIAN_POINT('Ctrl Pts',(1071.00000000475,329.12555713735,62.7650183457645));
#3670=CARTESIAN_POINT('Ctrl Pts',(1076.05551043746,329.088853946827,62.6297547250106));
#3671=CARTESIAN_POINT('Ctrl Pts',(1083.28878179822,329.098079611893,62.7068059667556));
#3672=CARTESIAN_POINT('Ctrl Pts',(1092.26024175595,329.230757545621,63.4569739666439));
#3673=CARTESIAN_POINT('Ctrl Pts',(1098.66551791567,329.387689637311,64.35957367484));
#3674=CARTESIAN_POINT('Ctrl Pts',(1104.76076009713,329.599359902829,65.6178628488281));
#3675=CARTESIAN_POINT('Ctrl Pts',(1108.62768806434,329.775123111753,66.7028529638921));
#3676=CARTESIAN_POINT('Ctrl Pts',(1111.88208071447,329.940884755611,67.7483113062357));
#3677=CARTESIAN_POINT('Ctrl Pts',(1114.56819974367,330.088833817914,68.6937830380529));
#3678=CARTESIAN_POINT('Ctrl Pts',(1119.72132399844,330.419536171263,70.8596269129715));
#3679=CARTESIAN_POINT('Ctrl Pts',(1125.70825650174,330.898693626081,74.0961359708713));
#3680=CARTESIAN_POINT('Ctrl Pts',(1131.85618855488,331.563707211141,78.743020880898));
#3681=CARTESIAN_POINT('Ctrl Pts',(1136.91345499208,332.312769321776,84.1107551764371));
#3682=CARTESIAN_POINT('Ctrl Pts',(1140.30499625382,333.004987664111,88.9159675980333));
#3683=CARTESIAN_POINT('Ctrl Pts',(1142.60052645398,333.614134758658,92.9144023872968));
#3684=CARTESIAN_POINT('Ctrl Pts',(1144.84606771905,334.334599422361,97.4335244681974));
#3685=CARTESIAN_POINT('Ctrl Pts',(1147.12074176402,335.391359946715,103.485928243562));
#3686=CARTESIAN_POINT('Ctrl Pts',(1148.69432427872,336.635608219461,109.627225659306));
#3687=CARTESIAN_POINT('Ctrl Pts',(1149.62501974148,337.717549318008,114.323280449352));
#3688=CARTESIAN_POINT('Ctrl Pts',(1150.00446847801,338.28691644969,116.578520481006));
#3689=CARTESIAN_POINT('Ctrl Pts',(1150.17853572048,338.578555556437,117.67803354806));
#3690=CARTESIAN_POINT('Ctrl Pts',(1071.00000000506,329.720093768939,62.6691781954814));
#3691=CARTESIAN_POINT('Ctrl Pts',(1076.01568370633,329.680349592135,62.5369052871464));
#3692=CARTESIAN_POINT('Ctrl Pts',(1083.20098403885,329.682375353934,62.6130202686195));
#3693=CARTESIAN_POINT('Ctrl Pts',(1092.13013479437,329.800480926671,63.3534726434263));
#3694=CARTESIAN_POINT('Ctrl Pts',(1098.51368107582,329.94411355544,64.2454578179498));
#3695=CARTESIAN_POINT('Ctrl Pts',(1104.5963749514,330.140224670269,65.4907288783297));
#3696=CARTESIAN_POINT('Ctrl Pts',(1108.4604420975,330.30418544807,66.5661349490806));
#3697=CARTESIAN_POINT('Ctrl Pts',(1111.71447418811,330.459183386237,67.6032495262946));
#3698=CARTESIAN_POINT('Ctrl Pts',(1114.40157228896,330.597729824368,68.5416622984814));
#3699=CARTESIAN_POINT('Ctrl Pts',(1119.56106670618,330.908262495492,70.6937894447227));
#3700=CARTESIAN_POINT('Ctrl Pts',(1125.56288753123,331.359762054995,73.9150260226257));
#3701=CARTESIAN_POINT('Ctrl Pts',(1131.7349345776,331.988944642684,78.5505564402036));
#3702=CARTESIAN_POINT('Ctrl Pts',(1136.81832040467,332.700068993557,83.9166668757705));
#3703=CARTESIAN_POINT('Ctrl Pts',(1140.2314913976,333.359286693551,88.7285172045151));
#3704=CARTESIAN_POINT('Ctrl Pts',(1142.54374960941,333.940723018279,92.7373814053703));
#3705=CARTESIAN_POINT('Ctrl Pts',(1144.80719317287,334.629397064634,97.2720099739379));
#3706=CARTESIAN_POINT('Ctrl Pts',(1147.10334071577,335.641840059732,103.35413764889));
#3707=CARTESIAN_POINT('Ctrl Pts',(1148.69576958813,336.836831116543,109.54128385437));
#3708=CARTESIAN_POINT('Ctrl Pts',(1149.63964004639,337.877397934742,114.283529396365));
#3709=CARTESIAN_POINT('Ctrl Pts',(1150.02510150831,338.425426730015,116.565044016689));
#3710=CARTESIAN_POINT('Ctrl Pts',(1150.2020495647,338.706236914085,117.67847924192));
#3711=CARTESIAN_POINT('Ctrl Pts',(1071.00000000508,330.131628283291,62.6013330302804));
#3712=CARTESIAN_POINT('Ctrl Pts',(1075.98788670334,330.089782015114,62.4711936507316));
#3713=CARTESIAN_POINT('Ctrl Pts',(1083.13977315636,330.086876317201,62.5466827160192));
#3714=CARTESIAN_POINT('Ctrl Pts',(1092.03941002612,330.195056204858,63.280473035144));
#3715=CARTESIAN_POINT('Ctrl Pts',(1098.40780233201,330.329638123008,64.1651443020299));
#3716=CARTESIAN_POINT('Ctrl Pts',(1104.4817329936,330.515163574624,65.4014412262057));
#3717=CARTESIAN_POINT('Ctrl Pts',(1108.34379433797,330.671091865702,66.4702358497054));
#3718=CARTESIAN_POINT('Ctrl Pts',(1111.59756374906,330.818761559836,67.5015951764756));
#3719=CARTESIAN_POINT('Ctrl Pts',(1114.2853338382,330.950905040605,68.43513876225));
#3720=CARTESIAN_POINT('Ctrl Pts',(1119.4492490415,331.247693678012,70.5778056935991));
#3721=CARTESIAN_POINT('Ctrl Pts',(1125.46143170893,331.680325570341,73.7885142393337));
#3722=CARTESIAN_POINT('Ctrl Pts',(1131.6502980337,332.285018181256,78.4162352920864));
#3723=CARTESIAN_POINT('Ctrl Pts',(1136.75194146803,332.970155907767,83.7812697115107));
#3724=CARTESIAN_POINT('Ctrl Pts',(1140.1802598759,333.606716135474,88.5977666216296));
#3725=CARTESIAN_POINT('Ctrl Pts',(1142.50424908533,334.169090108751,92.613907317269));
#3726=CARTESIAN_POINT('Ctrl Pts',(1144.78026156511,334.835865934941,97.1593474732722));
#3727=CARTESIAN_POINT('Ctrl Pts',(1147.09151351735,335.817712181547,103.262194089749));
#3728=CARTESIAN_POINT('Ctrl Pts',(1148.69720533047,336.978574867744,109.481313597337));
#3729=CARTESIAN_POINT('Ctrl Pts',(1149.65032493707,337.990393931199,114.255787943564));
#3730=CARTESIAN_POINT('Ctrl Pts',(1150.03999494215,338.523569035968,116.555638090438));
#3731=CARTESIAN_POINT('Ctrl Pts',(1150.21895293319,338.79683328083,117.678795484185));
#3732=CARTESIAN_POINT('Ctrl Pts',(1071.00000000508,330.17274327912,62.5945413678042));
#3733=CARTESIAN_POINT('Ctrl Pts',(1075.98510761371,330.130687051416,62.4646157919124));
#3734=CARTESIAN_POINT('Ctrl Pts',(1083.13365429109,330.127289104074,62.5400424102772));
#3735=CARTESIAN_POINT('Ctrl Pts',(1092.03034063149,330.234478726329,63.2731678160103));
#3736=CARTESIAN_POINT('Ctrl Pts',(1098.39721806208,330.368157728263,64.1571087255479));
#3737=CARTESIAN_POINT('Ctrl Pts',(1104.47027257647,330.552627158325,65.3925094941097));
#3738=CARTESIAN_POINT('Ctrl Pts',(1108.33213331376,330.707754106414,66.4606438503782));
#3739=CARTESIAN_POINT('Ctrl Pts',(1111.58587636554,330.854692691047,67.491428425357));
#3740=CARTESIAN_POINT('Ctrl Pts',(1114.27371353321,330.986197363179,68.4244857453794));
#3741=CARTESIAN_POINT('Ctrl Pts',(1119.43807047361,331.281614710927,70.5662079400129));
#3742=CARTESIAN_POINT('Ctrl Pts',(1125.45128879328,331.712363930233,73.7758651656359));
#3743=CARTESIAN_POINT('Ctrl Pts',(1131.64183649833,332.314612461827,78.4028065587443));
#3744=CARTESIAN_POINT('Ctrl Pts',(1136.74530545751,332.997156265831,83.7677339600202));
#3745=CARTESIAN_POINT('Ctrl Pts',(1140.17513865816,333.631454436653,88.5846955653288));
#3746=CARTESIAN_POINT('Ctrl Pts',(1142.50030114907,334.1919249726,92.6015637241502));
#3747=CARTESIAN_POINT('Ctrl Pts',(1144.77757085123,334.856513943772,97.1480846835476));
#3748=CARTESIAN_POINT('Ctrl Pts',(1147.09033388512,335.835304085191,103.253002439834));
#3749=CARTESIAN_POINT('Ctrl Pts',(1148.69735260552,336.992756910123,109.475318237861));
#3750=CARTESIAN_POINT('Ctrl Pts',(1149.65139735736,338.001703036336,114.2530145531));
#3751=CARTESIAN_POINT('Ctrl Pts',(1150.04148821817,338.533393501213,116.554697733107));
#3752=CARTESIAN_POINT('Ctrl Pts',(1150.22064714033,338.805903455375,117.678827145196));
#3753=CARTESIAN_POINT('Ctrl Pts',(1071.00000000508,330.193289989096,62.591143924292));
#3754=CARTESIAN_POINT('Ctrl Pts',(1075.98371835991,330.151128827372,62.4613252460742));
#3755=CARTESIAN_POINT('Ctrl Pts',(1083.13059538404,330.147485019217,62.5367208203916));
#3756=CARTESIAN_POINT('Ctrl Pts',(1092.02580673459,330.254180134568,63.2695140344966));
#3757=CARTESIAN_POINT('Ctrl Pts',(1098.39192683637,330.387408275891,64.1530900361757));
#3758=CARTESIAN_POINT('Ctrl Pts',(1104.46454332925,330.571350398208,65.3880430251682));
#3759=CARTESIAN_POINT('Ctrl Pts',(1108.32630375275,330.726077202686,66.4558474652358));
#3760=CARTESIAN_POINT('Ctrl Pts',(1111.58003360079,330.872650708132,67.4863448517666));
#3761=CARTESIAN_POINT('Ctrl Pts',(1114.26790427855,331.003836387629,68.4191591974676));
#3762=CARTESIAN_POINT('Ctrl Pts',(1119.43248200119,331.298568954094,70.5604093337726));
#3763=CARTESIAN_POINT('Ctrl Pts',(1125.44621800972,331.728377973582,73.7695412550042));
#3764=CARTESIAN_POINT('Ctrl Pts',(1131.63760626727,332.329405828323,78.39609312258));
#3765=CARTESIAN_POINT('Ctrl Pts',(1136.74198792914,333.010653983087,83.7609671456529));
#3766=CARTESIAN_POINT('Ctrl Pts',(1140.17257854093,333.643822144554,88.5781610940574));
#3767=CARTESIAN_POINT('Ctrl Pts',(1142.4983277219,334.203341731759,92.5953929271791));
#3768=CARTESIAN_POINT('Ctrl Pts',(1144.77622611166,334.866838092835,97.1424541914538));
#3769=CARTESIAN_POINT('Ctrl Pts',(1147.08974484565,335.844101156523,103.248407324887));
#3770=CARTESIAN_POINT('Ctrl Pts',(1148.69742717995,336.999849854606,109.472320984876));
#3771=CARTESIAN_POINT('Ctrl Pts',(1149.65193456514,338.007359999135,114.251628039636));
#3772=CARTESIAN_POINT('Ctrl Pts',(1150.04223584738,338.538308328541,116.554227625136));
#3773=CARTESIAN_POINT('Ctrl Pts',(1150.22149522335,338.810441214842,117.678842985029));
#3774=CARTESIAN_POINT('Ctrl Pts',(1071.00000000508,330.205028128571,62.5892020276534));
#3775=CARTESIAN_POINT('Ctrl Pts',(1075.98292454842,330.162807021948,62.4594444626717));
#3776=CARTESIAN_POINT('Ctrl Pts',(1083.12884759574,330.159022788108,62.5348223118512));
#3777=CARTESIAN_POINT('Ctrl Pts',(1092.02321615839,330.265435496966,63.2674257927134));
#3778=CARTESIAN_POINT('Ctrl Pts',(1098.38890353775,330.398406162135,64.1507933496911));
#3779=CARTESIAN_POINT('Ctrl Pts',(1104.46126974546,330.582047152882,65.3854905539361));
#3780=CARTESIAN_POINT('Ctrl Pts',(1108.32297284485,330.736545444084,66.4531065330023));
#3781=CARTESIAN_POINT('Ctrl Pts',(1111.57669514138,330.882910459056,67.4834398668388));
#3782=CARTESIAN_POINT('Ctrl Pts',(1114.26458495923,331.013913966468,68.4161154165056));
#3783=CARTESIAN_POINT('Ctrl Pts',(1119.42928881875,331.308255458514,70.5570958964937));
#3784=CARTESIAN_POINT('Ctrl Pts',(1125.44332061138,331.737527522319,73.765927749061));
#3785=CARTESIAN_POINT('Ctrl Pts',(1131.63518914549,332.337858209394,78.3922571210365));
#3786=CARTESIAN_POINT('Ctrl Pts',(1136.74009233489,333.018366341903,83.7571006830749));
#3787=CARTESIAN_POINT('Ctrl Pts',(1140.17111575677,333.650889055104,88.5744274007872));
#3788=CARTESIAN_POINT('Ctrl Pts',(1142.4972002023,334.209865448604,92.5918670338122));
#3789=CARTESIAN_POINT('Ctrl Pts',(1144.77545786559,334.87273767902,97.1392370176935));
#3790=CARTESIAN_POINT('Ctrl Pts',(1147.08940847399,335.849128388638,103.245781740618));
#3791=CARTESIAN_POINT('Ctrl Pts',(1148.69747006026,337.003903517447,109.470608389031));
#3792=CARTESIAN_POINT('Ctrl Pts',(1149.65224182386,338.010593234637,114.250835800308));
#3793=CARTESIAN_POINT('Ctrl Pts',(1150.0426633468,338.541117539163,116.553959009283));
#3794=CARTESIAN_POINT('Ctrl Pts',(1150.22198012057,338.813034979908,117.678852039014));
#3795=CARTESIAN_POINT('Ctrl Pts',(1071.00000000508,330.257840421549,62.5804621212594));
#3796=CARTESIAN_POINT('Ctrl Pts',(1075.97935266924,330.215349599397,62.4509795430372));
#3797=CARTESIAN_POINT('Ctrl Pts',(1083.12098299462,330.210933680651,62.526277806715));
#3798=CARTESIAN_POINT('Ctrl Pts',(1092.01155925724,330.316076098799,63.2580277066714));
#3799=CARTESIAN_POINT('Ctrl Pts',(1098.37529947539,330.447888637029,64.1404574976842));
#3800=CARTESIAN_POINT('Ctrl Pts',(1104.44653944572,330.630175142008,65.3740039247577));
#3801=CARTESIAN_POINT('Ctrl Pts',(1108.30798457704,330.783645578863,66.4407720162853));
#3802=CARTESIAN_POINT('Ctrl Pts',(1111.5616728707,330.929072797024,67.4703672735437));
#3803=CARTESIAN_POINT('Ctrl Pts',(1114.24964879392,331.059256885144,68.4024183769211));
#3804=CARTESIAN_POINT('Ctrl Pts',(1119.41492019488,331.351839287344,70.5421856689042));
#3805=CARTESIAN_POINT('Ctrl Pts',(1125.43028289692,331.778696031471,73.749667516816));
#3806=CARTESIAN_POINT('Ctrl Pts',(1131.62431255672,332.3758906397,78.3749959192055));
#3807=CARTESIAN_POINT('Ctrl Pts',(1136.73156256792,333.053069803878,83.7397025183058));
#3808=CARTESIAN_POINT('Ctrl Pts',(1140.16453364764,333.682688878889,88.5576266932117));
#3809=CARTESIAN_POINT('Ctrl Pts',(1142.49212682625,334.239221564637,92.5760013759201));
#3810=CARTESIAN_POINT('Ctrl Pts',(1144.7720012845,334.899285912315,97.1247605147008));
#3811=CARTESIAN_POINT('Ctrl Pts',(1147.08789546371,335.871751868975,103.233967225395));
#3812=CARTESIAN_POINT('Ctrl Pts',(1148.69766382201,337.022146628926,109.462902075511));
#3813=CARTESIAN_POINT('Ctrl Pts',(1149.6536253409,338.025144842641,114.247270878228));
#3814=CARTESIAN_POINT('Ctrl Pts',(1150.04458794025,338.553761193413,116.552750300541));
#3815=CARTESIAN_POINT('Ctrl Pts',(1150.22416299468,338.824709195957,117.678892789881));
#3816=CARTESIAN_POINT('Ctrl Pts',(1071.00000000507,330.354521915128,62.5644168181818));
#3817=CARTESIAN_POINT('Ctrl Pts',(1075.97280786207,330.311537258331,62.4354385450038));
#3818=CARTESIAN_POINT('Ctrl Pts',(1083.10657165999,330.305966686079,62.5105930340196));
#3819=CARTESIAN_POINT('Ctrl Pts',(1091.99019894128,330.408788456405,63.2407817032435));
#3820=CARTESIAN_POINT('Ctrl Pts',(1098.35037086325,330.53848558592,64.1214958690304));
#3821=CARTESIAN_POINT('Ctrl Pts',(1104.41954674671,330.71829807577,65.3529365746376));
#3822=CARTESIAN_POINT('Ctrl Pts',(1108.280518806,330.869891024569,66.4181531304474));
#3823=CARTESIAN_POINT('Ctrl Pts',(1111.5341444406,331.013605174123,67.4463977773955));
#3824=CARTESIAN_POINT('Ctrl Pts',(1114.22227783112,331.142292383927,68.3773062023984));
#3825=CARTESIAN_POINT('Ctrl Pts',(1119.38858856977,331.431661092174,70.5148535057893));
#3826=CARTESIAN_POINT('Ctrl Pts',(1125.40638944043,331.854104627581,73.7198651590712));
#3827=CARTESIAN_POINT('Ctrl Pts',(1131.6043793183,332.445567600523,78.3433625815783));
#3828=CARTESIAN_POINT('Ctrl Pts',(1136.71593103195,333.11666083812,83.7078198906601));
#3829=CARTESIAN_POINT('Ctrl Pts',(1140.15247300561,333.740969929137,88.5268393909918));
#3830=CARTESIAN_POINT('Ctrl Pts',(1142.48283284265,334.293032579028,92.5469276001198));
#3831=CARTESIAN_POINT('Ctrl Pts',(1144.76567245388,334.947959860108,97.0982322572577));
#3832=CARTESIAN_POINT('Ctrl Pts',(1147.08513197208,335.91324324006,103.212316722147));
#3833=CARTESIAN_POINT('Ctrl Pts',(1148.69803153727,337.055617909685,109.448779534621));
#3834=CARTESIAN_POINT('Ctrl Pts',(1149.65617507663,338.051854809801,114.240737639553));
#3835=CARTESIAN_POINT('Ctrl Pts',(1150.04812957456,338.576975707894,116.55053526031));
#3836=CARTESIAN_POINT('Ctrl Pts',(1150.22817797841,338.84614744226,117.678967623781));
#3837=CARTESIAN_POINT('Ctrl Pts',(1071.00000000506,330.494755323806,62.5410176320747));
#3838=CARTESIAN_POINT('Ctrl Pts',(1075.96329684397,330.451054305325,62.4127744804906));
#3839=CARTESIAN_POINT('Ctrl Pts',(1083.08562971031,330.443813595121,62.4877242371337));
#3840=CARTESIAN_POINT('Ctrl Pts',(1091.95915869213,330.543282858082,63.2156526077337));
#3841=CARTESIAN_POINT('Ctrl Pts',(1098.31414475932,330.669924822967,64.0938810597085));
#3842=CARTESIAN_POINT('Ctrl Pts',(1104.3803201655,330.846164440792,65.3222700824788));
#3843=CARTESIAN_POINT('Ctrl Pts',(1108.24060381486,330.995045779373,66.3852378642332));
#3844=CARTESIAN_POINT('Ctrl Pts',(1111.49413745329,331.136285558007,67.4115249513072));
#3845=CARTESIAN_POINT('Ctrl Pts',(1114.18249880763,331.262810534132,68.3407771846262));
#3846=CARTESIAN_POINT('Ctrl Pts',(1119.35031815434,331.547536316551,70.4751069501189));
#3847=CARTESIAN_POINT('Ctrl Pts',(1125.37166045864,331.963602139517,73.6765388519088));
#3848=CARTESIAN_POINT('Ctrl Pts',(1131.57540557553,332.546777985047,78.2973843724954));
#3849=CARTESIAN_POINT('Ctrl Pts',(1136.69321209036,333.209066916345,83.6614840238984));
#3850=CARTESIAN_POINT('Ctrl Pts',(1140.1349485721,333.825689657562,88.482096675186));
#3851=CARTESIAN_POINT('Ctrl Pts',(1142.46933436729,334.371278611783,92.5046752578604));
#3852=CARTESIAN_POINT('Ctrl Pts',(1144.75648980266,335.018763680046,97.059678946927));
#3853=CARTESIAN_POINT('Ctrl Pts',(1147.08114109914,335.973635394493,103.180851151939));
#3854=CARTESIAN_POINT('Ctrl Pts',(1148.69860089227,337.104373953277,109.428253483619));
#3855=CARTESIAN_POINT('Ctrl Pts',(1149.65992042858,338.090794109822,114.231241664843));
#3856=CARTESIAN_POINT('Ctrl Pts',(1150.0533175348,338.610837570845,116.547315848415));
#3857=CARTESIAN_POINT('Ctrl Pts',(1150.23405394672,338.877428494204,117.679076815694));
#3858=CARTESIAN_POINT('Ctrl Pts',(1071.00000000506,330.68120875157,62.5097358814029));
#3859=CARTESIAN_POINT('Ctrl Pts',(1075.95062711893,330.636555207671,62.3824750800595));
#3860=CARTESIAN_POINT('Ctrl Pts',(1083.05773410196,330.627100109471,62.4571576438633));
#3861=CARTESIAN_POINT('Ctrl Pts',(1091.9178112089,330.722129968209,63.1820865938));
#3862=CARTESIAN_POINT('Ctrl Pts',(1098.26588876303,330.844727388469,64.057013900929));
#3863=CARTESIAN_POINT('Ctrl Pts',(1104.32806601875,331.016237376222,65.2813491373146));
#3864=CARTESIAN_POINT('Ctrl Pts',(1108.18743139854,331.161528894627,66.3413293787999));
#3865=CARTESIAN_POINT('Ctrl Pts',(1111.44084124021,331.299492621421,67.3650158104019));
#3866=CARTESIAN_POINT('Ctrl Pts',(1114.12950510555,331.423154639895,68.2920677553659));
#3867=CARTESIAN_POINT('Ctrl Pts',(1119.29933170625,331.701731825114,70.4221230982955));
#3868=CARTESIAN_POINT('Ctrl Pts',(1125.3253892261,332.109349260596,73.6187999860293));
#3869=CARTESIAN_POINT('Ctrl Pts',(1131.53680116449,332.681541882975,78.236125086959));
#3870=CARTESIAN_POINT('Ctrl Pts',(1136.66294440226,333.332155575742,83.5997547139931));
#3871=CARTESIAN_POINT('Ctrl Pts',(1140.11160750091,333.93857947529,88.4224916568626));
#3872=CARTESIAN_POINT('Ctrl Pts',(1142.45136352097,334.475574370536,92.4483881223094));
#3873=CARTESIAN_POINT('Ctrl Pts',(1144.74427720886,335.113176311116,97.0083192025909));
#3874=CARTESIAN_POINT('Ctrl Pts',(1147.07585864047,336.054213438503,103.13893218228));
#3875=CARTESIAN_POINT('Ctrl Pts',(1148.69940637917,337.169476559028,109.400906807241));
#3876=CARTESIAN_POINT('Ctrl Pts',(1149.66496341571,338.142831694766,114.218589747331));
#3877=CARTESIAN_POINT('Ctrl Pts',(1150.06028378038,338.656114460547,116.543026632972));
#3878=CARTESIAN_POINT('Ctrl Pts',(1150.24193685389,338.919268146453,117.679222864224));
#3879=CARTESIAN_POINT('Ctrl Pts',(1071.00000000503,330.866835440722,62.4783346271871));
#3880=CARTESIAN_POINT('Ctrl Pts',(1075.93797761388,330.821233023547,62.3520572547866));
#3881=CARTESIAN_POINT('Ctrl Pts',(1083.02987884472,330.809583248296,62.4264839517772));
#3882=CARTESIAN_POINT('Ctrl Pts',(1091.87652417157,330.900221288601,63.1484338848129));
#3883=CARTESIAN_POINT('Ctrl Pts',(1098.2177018343,331.018819495533,64.0200800186813));
#3884=CARTESIAN_POINT('Ctrl Pts',(1104.27588486216,331.185653262142,65.2403838918067));
#3885=CARTESIAN_POINT('Ctrl Pts',(1108.13433131435,331.327395063805,66.2973928238327));
#3886=CARTESIAN_POINT('Ctrl Pts',(1111.38761561416,331.462118866701,67.3184926519825));
#3887=CARTESIAN_POINT('Ctrl Pts',(1114.07657982316,331.582949215132,68.2433561927894));
#3888=CARTESIAN_POINT('Ctrl Pts',(1119.24840725582,331.855443424364,70.3691603817675));
#3889=CARTESIAN_POINT('Ctrl Pts',(1125.27916974836,332.254698852606,73.5611089800293));
#3890=CARTESIAN_POINT('Ctrl Pts',(1131.49823809087,332.816011869868,78.1749365307921));
#3891=CARTESIAN_POINT('Ctrl Pts',(1136.63271337702,333.455050096629,83.5381060310474));
#3892=CARTESIAN_POINT('Ctrl Pts',(1140.08830393805,334.051352666813,88.3629670087387));
#3893=CARTESIAN_POINT('Ctrl Pts',(1142.43343360947,334.579812077367,92.3921770974283));
#3894=CARTESIAN_POINT('Ctrl Pts',(1144.73211109879,335.207593043433,96.9570282714972));
#3895=CARTESIAN_POINT('Ctrl Pts',(1147.07063423367,336.13486975516,103.097067362006));
#3896=CARTESIAN_POINT('Ctrl Pts',(1148.70028145985,337.234718539534,109.373592915977));
#3897=CARTESIAN_POINT('Ctrl Pts',(1149.6700802621,338.195045625957,114.205951992756));
#3898=CARTESIAN_POINT('Ctrl Pts',(1150.06732339939,338.701581735377,116.538742708427));
#3899=CARTESIAN_POINT('Ctrl Pts',(1150.24989216456,338.961304040905,117.67936959777));
#3900=CARTESIAN_POINT('Ctrl Pts',(1071.00000000503,331.051725360012,62.4467940863653));
#3901=CARTESIAN_POINT('Ctrl Pts',(1075.92534432562,331.005178317714,62.3215049111038));
#3902=CARTESIAN_POINT('Ctrl Pts',(1083.00206588727,330.991351503732,62.3956827153015));
#3903=CARTESIAN_POINT('Ctrl Pts',(1091.83529809219,331.077641245655,63.1146767661471));
#3904=CARTESIAN_POINT('Ctrl Pts',(1098.16958543855,331.192281233057,63.9830621832447));
#3905=CARTESIAN_POINT('Ctrl Pts',(1104.22377803812,331.354487079399,65.1993587140467));
#3906=CARTESIAN_POINT('Ctrl Pts',(1108.08130505451,331.492715361943,66.2534134453865));
#3907=CARTESIAN_POINT('Ctrl Pts',(1111.33446211504,331.624231828358,67.2719416423886));
#3908=CARTESIAN_POINT('Ctrl Pts',(1114.02372446246,331.742258744519,68.19462944596));
#3909=CARTESIAN_POINT('Ctrl Pts',(1119.19754626975,332.008729149236,70.3162074203798));
#3910=CARTESIAN_POINT('Ctrl Pts',(1125.23300348037,332.399700419349,73.5034566209677));
#3911=CARTESIAN_POINT('Ctrl Pts',(1131.45971762195,332.950227346066,78.1138118549991));
#3912=CARTESIAN_POINT('Ctrl Pts',(1136.60252012231,333.57778029407,83.4765332300565));
#3913=CARTESIAN_POINT('Ctrl Pts',(1140.06503880932,334.164031801533,88.3035195317141));
#3914=CARTESIAN_POINT('Ctrl Pts',(1142.41554535939,334.68400902307,92.3360400584484));
#3915=CARTESIAN_POINT('Ctrl Pts',(1144.71999233469,335.302025649042,96.9058049749991));
#3916=CARTESIAN_POINT('Ctrl Pts',(1147.06546872211,336.215610078909,103.05525625937));
#3917=CARTESIAN_POINT('Ctrl Pts',(1148.70122670346,337.300101583565,109.346312223536));
#3918=CARTESIAN_POINT('Ctrl Pts',(1149.67527135317,338.247436063,114.193329073127));
#3919=CARTESIAN_POINT('Ctrl Pts',(1150.07443693072,338.747239544596,116.5344638691));
#3920=CARTESIAN_POINT('Ctrl Pts',(1150.25792025465,339.00353640774,117.679517017139));
#3921=CARTESIAN_POINT('Ctrl Pts',(1071.000000005,331.512564615264,62.3677394412673));
#3922=CARTESIAN_POINT('Ctrl Pts',(1075.89379556081,331.463662276591,62.2449226509414));
#3923=CARTESIAN_POINT('Ctrl Pts',(1082.93260307487,331.444425658505,62.3184969047451));
#3924=CARTESIAN_POINT('Ctrl Pts',(1091.73233683165,331.519923602825,63.0301360250775));
#3925=CARTESIAN_POINT('Ctrl Pts',(1098.04941323538,331.624743158399,63.8904036158648));
#3926=CARTESIAN_POINT('Ctrl Pts',(1104.09363643548,331.775467670202,65.0967200707304));
#3927=CARTESIAN_POINT('Ctrl Pts',(1107.94886370349,331.90497856498,66.1434170158192));
#3928=CARTESIAN_POINT('Ctrl Pts',(1111.20169963521,332.028536514151,67.1555401527596));
#3929=CARTESIAN_POINT('Ctrl Pts',(1113.89170357039,332.13960665867,68.0728089321056));
#3930=CARTESIAN_POINT('Ctrl Pts',(1119.07050019817,332.391126212885,70.1838611868769));
#3931=CARTESIAN_POINT('Ctrl Pts',(1125.11767644593,332.761530134585,73.3594076859179));
#3932=CARTESIAN_POINT('Ctrl Pts',(1131.3634868131,333.285263494651,77.9611214351333));
#3933=CARTESIAN_POINT('Ctrl Pts',(1136.52709873328,333.884268639517,83.3227397210472));
#3934=CARTESIAN_POINT('Ctrl Pts',(1140.0069385588,334.445521105295,88.1550391519831));
#3935=CARTESIAN_POINT('Ctrl Pts',(1142.37089261358,334.944390151329,92.1958286607631));
#3936=CARTESIAN_POINT('Ctrl Pts',(1144.68977218188,335.538099257604,96.7778655913681));
#3937=CARTESIAN_POINT('Ctrl Pts',(1147.05265061327,336.417576554157,102.950822312393));
#3938=CARTESIAN_POINT('Ctrl Pts',(1148.70370440672,337.463777198051,109.278167535916));
#3939=CARTESIAN_POINT('Ctrl Pts',(1149.68837050355,338.378692591371,114.161796512075));
#3940=CARTESIAN_POINT('Ctrl Pts',(1150.09234122001,338.861688465171,116.523775925131));
#3941=CARTESIAN_POINT('Ctrl Pts',(1150.27810922212,339.10943180096,117.679886663291));
#3942=CARTESIAN_POINT('Ctrl Pts',(1071.00000000473,332.287961811893,62.2312697724133));
#3943=CARTESIAN_POINT('Ctrl Pts',(1075.84042835839,332.23510384311,62.1126705959828));
#3944=CARTESIAN_POINT('Ctrl Pts',(1082.81505493036,332.206881260437,62.1853696997508));
#3945=CARTESIAN_POINT('Ctrl Pts',(1091.55810772977,332.264519343442,62.8847975053633));
#3946=CARTESIAN_POINT('Ctrl Pts',(1097.84604158467,332.353102517278,63.7315501939061));
#3947=CARTESIAN_POINT('Ctrl Pts',(1103.87336972371,332.48484553343,64.9212243096998));
#3948=CARTESIAN_POINT('Ctrl Pts',(1107.72467955298,332.599938584593,65.9556484890561));
#3949=CARTESIAN_POINT('Ctrl Pts',(1110.976947119,332.710328631936,66.957087936073));
#3950=CARTESIAN_POINT('Ctrl Pts',(1113.66818354321,332.809885191711,67.8653181810342));
#3951=CARTESIAN_POINT('Ctrl Pts',(1118.85535319159,333.036644189288,69.9588198222042));
#3952=CARTESIAN_POINT('Ctrl Pts',(1124.92231672536,333.372946731097,73.1148725313932));
#3953=CARTESIAN_POINT('Ctrl Pts',(1131.2004515962,333.85216800682,77.7022560369854));
#3954=CARTESIAN_POINT('Ctrl Pts',(1136.39937439299,334.403644441327,83.0621865166109));
#3955=CARTESIAN_POINT('Ctrl Pts',(1139.90866715465,334.923182693461,87.9035584967569));
#3956=CARTESIAN_POINT('Ctrl Pts',(1142.29552316626,335.386765246799,91.9583810151587));
#3957=CARTESIAN_POINT('Ctrl Pts',(1144.63900678036,335.939790000207,96.5612167858667));
#3958=CARTESIAN_POINT('Ctrl Pts',(1147.03161431943,336.762059313266,102.77397494396));
#3959=CARTESIAN_POINT('Ctrl Pts',(1148.70881628726,337.743830994646,109.162752198825));
#3960=CARTESIAN_POINT('Ctrl Pts',(1149.71159092836,338.604063117258,114.108381838341));
#3961=CARTESIAN_POINT('Ctrl Pts',(1150.12372272576,339.058661877793,116.505677723473));
#3962=CARTESIAN_POINT('Ctrl Pts',(1150.31336127691,339.291942128241,117.680523747075));
#3963=CARTESIAN_POINT('Ctrl Pts',(1071.0000000043,333.742973912097,61.9642451459236));
#3964=CARTESIAN_POINT('Ctrl Pts',(1075.74084739563,333.682852194681,61.8536959598359));
#3965=CARTESIAN_POINT('Ctrl Pts',(1082.59575793003,333.638007841858,61.9252165067619));
#3966=CARTESIAN_POINT('Ctrl Pts',(1091.23302018672,333.662470366654,62.6028491485069));
#3967=CARTESIAN_POINT('Ctrl Pts',(1097.46651014998,333.720847492518,63.4252889627193));
#3968=CARTESIAN_POINT('Ctrl Pts',(1103.46219524283,333.817240519205,64.5849477569775));
#3969=CARTESIAN_POINT('Ctrl Pts',(1107.30608487947,333.905461820472,65.5972245835195));
#3970=CARTESIAN_POINT('Ctrl Pts',(1110.55718407623,333.991302138955,66.579391377934));
#3971=CARTESIAN_POINT('Ctrl Pts',(1113.25062207085,334.069388849188,67.4713209046606));
#3972=CARTESIAN_POINT('Ctrl Pts',(1118.45321465935,334.249958770903,69.5332083401044));
#3973=CARTESIAN_POINT('Ctrl Pts',(1124.55689019268,334.522617654519,72.6542618364954));
#3974=CARTESIAN_POINT('Ctrl Pts',(1130.8952988028,334.918728348421,77.2162768400532));
#3975=CARTESIAN_POINT('Ctrl Pts',(1136.16037218732,335.381441171353,82.5740112521732));
#3976=CARTESIAN_POINT('Ctrl Pts',(1139.72505555715,335.823070399188,87.4328449792622));
#3977=CARTESIAN_POINT('Ctrl Pts',(1142.1551055369,336.220754815219,91.5141719440823));
#3978=CARTESIAN_POINT('Ctrl Pts',(1144.54508509201,336.697808671786,96.1561096104605));
#3979=CARTESIAN_POINT('Ctrl Pts',(1146.99408778153,337.413278052742,102.443415142215));
#3980=CARTESIAN_POINT('Ctrl Pts',(1148.72095182405,338.274851348945,108.947026861223));
#3981=CARTESIAN_POINT('Ctrl Pts',(1149.75795840195,339.033138359794,114.008539339386));
#3982=CARTESIAN_POINT('Ctrl Pts',(1150.18541796327,339.43482301575,116.471860327563));
#3983=CARTESIAN_POINT('Ctrl Pts',(1150.38228855597,339.641160285282,117.681742753309));
#3984=CARTESIAN_POINT('Ctrl Pts',(1071.00000000367,335.704148887376,61.5887439197768));
#3985=CARTESIAN_POINT('Ctrl Pts',(1075.61816422136,335.635305195069,61.4884300350301));
#3986=CARTESIAN_POINT('Ctrl Pts',(1082.32558661999,335.567647428926,61.5597489073143));
#3987=CARTESIAN_POINT('Ctrl Pts',(1090.83235314148,335.543875798549,62.2134942531454));
#3988=CARTESIAN_POINT('Ctrl Pts',(1096.99853004373,335.557669134497,63.0087821833297));
#3989=CARTESIAN_POINT('Ctrl Pts',(1102.95487930655,335.601564457674,64.1347346871624));
#3990=CARTESIAN_POINT('Ctrl Pts',(1106.78932069929,335.649846355565,65.1221456273842));
#3991=CARTESIAN_POINT('Ctrl Pts',(1110.03868902763,335.699252440713,66.0827203302149));
#3992=CARTESIAN_POINT('Ctrl Pts',(1112.7345782477,335.745506567149,66.9564156115436));
#3993=CARTESIAN_POINT('Ctrl Pts',(1117.95563553873,335.857824752276,68.9831383067074));
#3994=CARTESIAN_POINT('Ctrl Pts',(1124.10394163439,336.037055900555,72.0658296677356));
#3995=CARTESIAN_POINT('Ctrl Pts',(1130.5163024195,336.312744049298,76.6017481638567));
#3996=CARTESIAN_POINT('Ctrl Pts',(1135.86317346578,336.648882994511,81.9610023104188));
#3997=CARTESIAN_POINT('Ctrl Pts',(1139.49678177729,336.981391908629,86.8441898441178));
#3998=CARTESIAN_POINT('Ctrl Pts',(1141.98082566717,337.288207268128,90.9601206146972));
#3999=CARTESIAN_POINT('Ctrl Pts',(1144.42910658832,337.66163281674,95.6521773083852));
#4000=CARTESIAN_POINT('Ctrl Pts',(1146.94924532106,338.234207548569,102.033424374522));
#4001=CARTESIAN_POINT('Ctrl Pts',(1148.73889172078,338.939956844712,108.679983024534));
#4002=CARTESIAN_POINT('Ctrl Pts',(1149.81888903576,339.569508189823,113.885088017528));
#4003=CARTESIAN_POINT('Ctrl Pts',(1150.26541535511,339.905556231194,116.430077010522));
#4004=CARTESIAN_POINT('Ctrl Pts',(1150.47121381406,340.078784014362,117.683270354438));
#4005=CARTESIAN_POINT('Ctrl Pts',(1071.00000000307,338.193174311755,61.103325330431));
#4006=CARTESIAN_POINT('Ctrl Pts',(1075.47421289947,338.114499160493,61.0155325464743));
#4007=CARTESIAN_POINT('Ctrl Pts',(1082.00848573621,338.017003066827,61.0881132552014));
#4008=CARTESIAN_POINT('Ctrl Pts',(1090.3614049331,337.926727990943,61.7172528690169));
#4009=CARTESIAN_POINT('Ctrl Pts',(1096.44774726393,337.87824280789,62.4838615555205));
#4010=CARTESIAN_POINT('Ctrl Pts',(1102.35678816414,337.848411364007,63.5739438411092));
#4011=CARTESIAN_POINT('Ctrl Pts',(1106.17919657333,337.840550713335,64.5348649074987));
#4012=CARTESIAN_POINT('Ctrl Pts',(1109.42565152681,337.838796821799,65.4724751662467));
#4013=CARTESIAN_POINT('Ctrl Pts',(1112.12363548076,337.84038425869,66.3268000992929));
#4014=CARTESIAN_POINT('Ctrl Pts',(1117.36473442107,337.857182660708,68.31634688366));
#4015=CARTESIAN_POINT('Ctrl Pts',(1123.56344899879,337.906338112933,71.3590137460357));
#4016=CARTESIAN_POINT('Ctrl Pts',(1130.06094030246,338.0161507912,75.8693574932307));
#4017=CARTESIAN_POINT('Ctrl Pts',(1135.50323909588,338.180290538231,81.2340065838063));
#4018=CARTESIAN_POINT('Ctrl Pts',(1139.21808176222,338.366840814028,86.1478577753774));
#4019=CARTESIAN_POINT('Ctrl Pts',(1141.76621625153,338.553827601314,90.3056716862083));
#4020=CARTESIAN_POINT('Ctrl Pts',(1144.28403169283,338.791980956662,95.0577209555305));
#4021=CARTESIAN_POINT('Ctrl Pts',(1146.88977518563,339.18147615238,101.550332536493));
#4022=CARTESIAN_POINT('Ctrl Pts',(1148.75532434733,339.693912077898,108.365370927852));
#4023=CARTESIAN_POINT('Ctrl Pts',(1149.88693162767,340.168245139046,113.739552576066));
#4024=CARTESIAN_POINT('Ctrl Pts',(1150.35608960682,340.426747778978,116.380726705789));
#4025=CARTESIAN_POINT('Ctrl Pts',(1150.57238269515,340.561285687404,117.684954609781));
#4026=CARTESIAN_POINT('Ctrl Pts',(1071.0000000026,339.545960032979,60.8288009503043));
#4027=CARTESIAN_POINT('Ctrl Pts',(1075.36903076026,339.460430717078,60.7505240622947));
#4028=CARTESIAN_POINT('Ctrl Pts',(1081.77658767672,339.348245392491,60.8233299501805));
#4029=CARTESIAN_POINT('Ctrl Pts',(1090.01621580138,339.229346739255,61.4317368267587));
#4030=CARTESIAN_POINT('Ctrl Pts',(1096.04324910308,339.154882648235,62.1745408949184));
#4031=CARTESIAN_POINT('Ctrl Pts',(1101.91645142806,339.094562103009,63.2348753645372));
#4032=CARTESIAN_POINT('Ctrl Pts',(1105.72904521446,339.063373769871,64.1736738007054));
#4033=CARTESIAN_POINT('Ctrl Pts',(1108.97242635244,339.040206937516,65.0919590771836));
#4034=CARTESIAN_POINT('Ctrl Pts',(1111.67110837479,339.023009514173,65.929894415364));
#4035=CARTESIAN_POINT('Ctrl Pts',(1116.92511690758,338.999091878106,67.887438821704));
#4036=CARTESIAN_POINT('Ctrl Pts',(1123.15852589338,338.991465540054,70.8941603646289));
#4037=CARTESIAN_POINT('Ctrl Pts',(1129.71623427701,339.025710439778,75.3770639702181));
#4038=CARTESIAN_POINT('Ctrl Pts',(1135.22719197558,339.107545040891,80.7363514671214));
#4039=CARTESIAN_POINT('Ctrl Pts',(1139.00121004881,339.220435738321,85.6649814844294));
#4040=CARTESIAN_POINT('Ctrl Pts',(1141.5964222568,339.34416755486,89.8475660149751));
#4041=CARTESIAN_POINT('Ctrl Pts',(1144.16559490898,339.508671889997,94.637286649519));
#4042=CARTESIAN_POINT('Ctrl Pts',(1146.83520819361,339.79289415858,101.204129973282));
#4043=CARTESIAN_POINT('Ctrl Pts',(1148.75773795894,340.184031983778,108.137259454285));
#4044=CARTESIAN_POINT('Ctrl Pts',(1149.92786611268,340.553682777552,113.633036804543));
#4045=CARTESIAN_POINT('Ctrl Pts',(1150.41373912404,340.757237264442,116.344335026884));
#4046=CARTESIAN_POINT('Ctrl Pts',(1150.63771045003,340.863637264324,117.686010020119));
#4047=CARTESIAN_POINT('Ctrl Pts',(1071.00000000248,340.297356664833,60.6719111358584));
#4048=CARTESIAN_POINT('Ctrl Pts',(1075.3001760592,340.207495966009,60.6000329594551));
#4049=CARTESIAN_POINT('Ctrl Pts',(1081.62476169331,340.087723437952,60.6728478012544));
#4050=CARTESIAN_POINT('Ctrl Pts',(1089.78987188023,339.955655578773,61.2670813733465));
#4051=CARTESIAN_POINT('Ctrl Pts',(1095.77768248956,339.869599099182,61.9936444143151));
#4052=CARTESIAN_POINT('Ctrl Pts',(1101.62688652302,339.795782728034,63.0336744895284));
#4053=CARTESIAN_POINT('Ctrl Pts',(1105.43261899223,339.754204121147,63.9573237502527));
#4054=CARTESIAN_POINT('Ctrl Pts',(1108.6735821476,339.721420806846,64.8623363631501));
#4055=CARTESIAN_POINT('Ctrl Pts',(1111.37236219358,339.695742080854,65.6889909110829));
#4056=CARTESIAN_POINT('Ctrl Pts',(1116.634071764,339.653172714397,67.6243641700098));
#4057=CARTESIAN_POINT('Ctrl Pts',(1122.88926710438,339.618891237464,70.6057991482637));
#4058=CARTESIAN_POINT('Ctrl Pts',(1129.48554062059,339.616193337895,75.0682998570898));
#4059=CARTESIAN_POINT('Ctrl Pts',(1135.04099936602,339.656044163603,80.4213088404415));
#4060=CARTESIAN_POINT('Ctrl Pts',(1138.85369966435,339.729760829557,85.3572531112417));
#4061=CARTESIAN_POINT('Ctrl Pts',(1141.47985975467,339.81875002791,89.5542117832846));
#4062=CARTESIAN_POINT('Ctrl Pts',(1144.08291949983,339.941955038837,94.3666250737656));
#4063=CARTESIAN_POINT('Ctrl Pts',(1146.7949575494,340.165097872115,100.979744736219));
#4064=CARTESIAN_POINT('Ctrl Pts',(1148.75547885063,340.482362706762,107.988518268541));
#4065=CARTESIAN_POINT('Ctrl Pts',(1149.95118335282,340.785965861971,113.563242091212));
#4066=CARTESIAN_POINT('Ctrl Pts',(1150.44807355012,340.954076925997,116.320388272111));
#4067=CARTESIAN_POINT('Ctrl Pts',(1150.67707062617,341.042125447627,117.686633063931));
#4068=CARTESIAN_POINT('Ctrl Pts',(1071.00000000242,340.670519568376,60.5937528093055));
#4069=CARTESIAN_POINT('Ctrl Pts',(1075.26601292776,340.578541204172,60.5250804281443));
#4070=CARTESIAN_POINT('Ctrl Pts',(1081.54942024646,340.454986989432,60.5979562014883));
#4071=CARTESIAN_POINT('Ctrl Pts',(1089.6774916556,340.316260669274,61.1852676179669));
#4072=CARTESIAN_POINT('Ctrl Pts',(1095.6457663678,340.224314462491,61.9038699298172));
#4073=CARTESIAN_POINT('Ctrl Pts',(1101.48296335338,340.1436252384,62.9339341086637));
#4074=CARTESIAN_POINT('Ctrl Pts',(1105.28521011936,340.096751706183,63.8501421271965));
#4075=CARTESIAN_POINT('Ctrl Pts',(1108.52489796628,340.05906895672,64.7486332618819));
#4076=CARTESIAN_POINT('Ctrl Pts',(1111.22365984259,340.029069802839,65.5697438316039));
#4077=CARTESIAN_POINT('Ctrl Pts',(1116.48905128634,339.977005774773,67.4942156834776));
#4078=CARTESIAN_POINT('Ctrl Pts',(1122.75488649814,339.929174634029,70.463205393177));
#4079=CARTESIAN_POINT('Ctrl Pts',(1129.37014462971,339.907749708517,74.9156339736526));
#4080=CARTESIAN_POINT('Ctrl Pts',(1134.9476169513,339.92638514499,80.265484983171));
#4081=CARTESIAN_POINT('Ctrl Pts',(1138.77951835395,339.980369451006,85.2049741942785));
#4082=CARTESIAN_POINT('Ctrl Pts',(1141.42107524362,340.051902853253,89.4089820919768));
#4083=CARTESIAN_POINT('Ctrl Pts',(1144.04101886071,340.154391810864,94.2325570955295));
#4084=CARTESIAN_POINT('Ctrl Pts',(1146.77425077011,340.346979224318,100.868508887856));
#4085=CARTESIAN_POINT('Ctrl Pts',(1148.75377736944,340.627435687865,107.914715469727));
#4086=CARTESIAN_POINT('Ctrl Pts',(1149.96225193978,340.898226450059,113.528580699019));
#4087=CARTESIAN_POINT('Ctrl Pts',(1150.46462500687,341.048761284701,116.308484068105));
#4088=CARTESIAN_POINT('Ctrl Pts',(1150.69611585995,341.12771758453,117.686931838059));
#4089=CARTESIAN_POINT('Ctrl Pts',(1071.00000000237,341.044644035777,60.5153010941029));
#4090=CARTESIAN_POINT('Ctrl Pts',(1075.2321213583,340.95059687624,60.4498394258758));
#4091=CARTESIAN_POINT('Ctrl Pts',(1081.47466629053,340.823223911687,60.5228429800764));
#4092=CARTESIAN_POINT('Ctrl Pts',(1089.56593044347,340.677619947434,61.1034269649724));
#4093=CARTESIAN_POINT('Ctrl Pts',(1095.51475201718,340.57954686722,61.8142589001092));
#4094=CARTESIAN_POINT('Ctrl Pts',(1101.33994065145,340.491686823028,62.83458027116));
#4095=CARTESIAN_POINT('Ctrl Pts',(1105.13865045272,340.439287138775,63.7435083516933));
#4096=CARTESIAN_POINT('Ctrl Pts',(1108.37699970637,340.396494987809,64.6356180360034));
#4097=CARTESIAN_POINT('Ctrl Pts',(1111.07567864477,340.361992503346,65.4513028630845));
#4098=CARTESIAN_POINT('Ctrl Pts',(1116.34458766358,340.300048226439,67.365103064117));
#4099=CARTESIAN_POINT('Ctrl Pts',(1122.62081420811,340.238159577697,70.3219048965658));
#4100=CARTESIAN_POINT('Ctrl Pts',(1129.25476421344,340.197410773129,74.7644597580024));
#4101=CARTESIAN_POINT('Ctrl Pts',(1134.85401838582,340.194283088373,80.1111972378372));
#4102=CARTESIAN_POINT('Ctrl Pts',(1138.70498517709,340.228143510858,85.0541652906339));
#4103=CARTESIAN_POINT('Ctrl Pts',(1141.36186511469,340.281955859921,89.2651172596799));
#4104=CARTESIAN_POINT('Ctrl Pts',(1143.99863655709,340.363475594754,94.0997022405892));
#4105=CARTESIAN_POINT('Ctrl Pts',(1146.75304833846,340.525282352745,100.758214773079));
#4106=CARTESIAN_POINT('Ctrl Pts',(1148.75159268386,340.768916667785,107.841484387809));
#4107=CARTESIAN_POINT('Ctrl Pts',(1149.97281951685,341.007049938608,113.494162178702));
#4108=CARTESIAN_POINT('Ctrl Pts',(1150.48064899616,341.140146675362,116.296653209924));
#4109=CARTESIAN_POINT('Ctrl Pts',(1150.71461394515,341.210096324987,117.687219395272));
#4110=CARTESIAN_POINT('Ctrl Pts',(1071.00000000227,341.815155401752,60.3541909836713));
#4111=CARTESIAN_POINT('Ctrl Pts',(1075.16489255109,341.717070503033,60.2951604831346));
#4112=CARTESIAN_POINT('Ctrl Pts',(1081.32636859323,341.581682879857,60.3686102350764));
#4113=CARTESIAN_POINT('Ctrl Pts',(1089.34450984845,341.42099787704,60.9363067683429));
#4114=CARTESIAN_POINT('Ctrl Pts',(1095.25461314425,341.309320949721,61.6321538885788));
#4115=CARTESIAN_POINT('Ctrl Pts',(1101.0558042439,341.205469192729,62.6336474696104));
#4116=CARTESIAN_POINT('Ctrl Pts',(1104.84735192097,341.140754238407,63.5284987701574));
#4117=CARTESIAN_POINT('Ctrl Pts',(1108.08290954345,341.086599989356,64.4082705512476));
#4118=CARTESIAN_POINT('Ctrl Pts',(1110.78130310657,341.042097014929,65.213466117183));
#4119=CARTESIAN_POINT('Ctrl Pts',(1116.05693839843,340.958300704821,67.1066463848037));
#4120=CARTESIAN_POINT('Ctrl Pts',(1122.35347467663,340.865540547994,70.0399336941735));
#4121=CARTESIAN_POINT('Ctrl Pts',(1129.02425071996,340.782870079241,74.4635482184101));
#4122=CARTESIAN_POINT('Ctrl Pts',(1134.6666321101,340.733141638857,79.804532891683));
#4123=CARTESIAN_POINT('Ctrl Pts',(1138.55547935055,340.72446578901,84.7546158941602));
#4124=CARTESIAN_POINT('Ctrl Pts',(1141.24287382232,340.74119763163,88.9794564345588));
#4125=CARTESIAN_POINT('Ctrl Pts',(1143.91320583245,340.779125486573,93.8359742145246));
#4126=CARTESIAN_POINT('Ctrl Pts',(1146.70996931741,340.877627473201,100.5393047294));
#4127=CARTESIAN_POINT('Ctrl Pts',(1148.74658723243,341.046699786645,107.69611672396));
#4128=CARTESIAN_POINT('Ctrl Pts',(1149.99328670045,341.219456770072,113.425818481009));
#4129=CARTESIAN_POINT('Ctrl Pts',(1150.51197535463,341.317893356566,116.273148686696));
#4130=CARTESIAN_POINT('Ctrl Pts',(1150.75084786839,341.370004920507,117.687777583827));
#4131=CARTESIAN_POINT('Ctrl Pts',(1071.00000000136,343.049397246293,60.0989682529092));
#4132=CARTESIAN_POINT('Ctrl Pts',(1075.06628493521,342.945624120004,60.0495232974865));
#4133=CARTESIAN_POINT('Ctrl Pts',(1081.10856683303,342.797000741851,60.1244370858269));
#4134=CARTESIAN_POINT('Ctrl Pts',(1089.01902629543,342.609241164833,60.6748103741709));
#4135=CARTESIAN_POINT('Ctrl Pts',(1094.87182541305,342.472611382891,61.3502040558836));
#4136=CARTESIAN_POINT('Ctrl Pts',(1100.63718356739,342.339200292559,62.3258263569628));
#4137=CARTESIAN_POINT('Ctrl Pts',(1104.41771028264,342.25174405619,63.2013087633862));
#4138=CARTESIAN_POINT('Ctrl Pts',(1107.6486976955,342.17668217847,64.0641047016406));
#4139=CARTESIAN_POINT('Ctrl Pts',(1110.34625521143,342.113818138652,64.8548702887704));
#4140=CARTESIAN_POINT('Ctrl Pts',(1115.63089851632,341.990172211466,66.7197157579876));
#4141=CARTESIAN_POINT('Ctrl Pts',(1121.95621788238,341.841787006091,69.6208001838029));
#4142=CARTESIAN_POINT('Ctrl Pts',(1128.68025112039,341.685176164395,74.018826997797));
#4143=CARTESIAN_POINT('Ctrl Pts',(1134.38579271901,341.55518246406,79.3527469283223));
#4144=CARTESIAN_POINT('Ctrl Pts',(1138.33060696353,341.475012516284,84.3139125805918));
#4145=CARTESIAN_POINT('Ctrl Pts',(1141.06334606678,341.430640840655,88.5594455304921));
#4146=CARTESIAN_POINT('Ctrl Pts',(1143.78372417846,341.39767189447,93.4483833478383));
#4147=CARTESIAN_POINT('Ctrl Pts',(1146.6440627215,341.395468840735,100.217615643994));
#4148=CARTESIAN_POINT('Ctrl Pts',(1148.73799157343,341.449832546603,107.482369802447));
#4149=CARTESIAN_POINT('Ctrl Pts',(1150.02279812724,341.524570280099,113.325232417371));
#4150=CARTESIAN_POINT('Ctrl Pts',(1150.55756621878,341.571893005644,116.238531433194));
#4151=CARTESIAN_POINT('Ctrl Pts',(1150.80364624082,341.597920986129,117.688573164112));
#4152=CARTESIAN_POINT('Ctrl Pts',(1071.00000000085,344.600329102383,59.7776372688085));
#4153=CARTESIAN_POINT('Ctrl Pts',(1074.93969615951,344.489854321182,59.7410429219659));
#4154=CARTESIAN_POINT('Ctrl Pts',(1080.82923230496,344.325914992772,59.8185225064941));
#4155=CARTESIAN_POINT('Ctrl Pts',(1088.60112971368,344.106929120711,60.3481336179856));
#4156=CARTESIAN_POINT('Ctrl Pts',(1094.37986231568,343.941453655431,60.9985242443926));
#4157=CARTESIAN_POINT('Ctrl Pts',(1100.09839157935,343.773734243712,61.9423230830753));
#4158=CARTESIAN_POINT('Ctrl Pts',(1103.86403320471,343.659744559971,62.7938698735966));
#4159=CARTESIAN_POINT('Ctrl Pts',(1107.08844407466,343.560211664023,63.6356433854617));
#4160=CARTESIAN_POINT('Ctrl Pts',(1109.78428694937,343.475813598294,64.4085110439929));
#4161=CARTESIAN_POINT('Ctrl Pts',(1115.07916315029,343.305215895616,66.2380715130245));
#4162=CARTESIAN_POINT('Ctrl Pts',(1121.43991624335,343.090832066503,69.0987090802007));
#4163=CARTESIAN_POINT('Ctrl Pts',(1128.23145777225,342.845599442427,73.463661916069));
#4164=CARTESIAN_POINT('Ctrl Pts',(1134.01865644777,342.618456481645,78.786594342478));
#4165=CARTESIAN_POINT('Ctrl Pts',(1138.03682582429,342.450951661345,83.7595543155879));
#4166=CARTESIAN_POINT('Ctrl Pts',(1140.82952934385,342.331424109269,88.029455829586));
#4167=CARTESIAN_POINT('Ctrl Pts',(1143.6164717957,342.210869762864,92.9574980263519));
#4168=CARTESIAN_POINT('Ctrl Pts',(1146.56221600819,342.08335988535,99.8080964963098));
#4169=CARTESIAN_POINT('Ctrl Pts',(1148.73332627556,341.993608936831,107.208890115958));
#4170=CARTESIAN_POINT('Ctrl Pts',(1150.06880831117,341.944352807849,113.196056812665));
#4171=CARTESIAN_POINT('Ctrl Pts',(1150.62455192432,341.926735822938,116.194030140442));
#4172=CARTESIAN_POINT('Ctrl Pts',(1150.87986649063,341.919550325438,117.689695866805));
#4173=CARTESIAN_POINT('Ctrl Pts',(1071.,345.675034826557,59.5491772921449));
#4174=CARTESIAN_POINT('Ctrl Pts',(1074.85897421812,345.560704714695,59.5210480643033));
#4175=CARTESIAN_POINT('Ctrl Pts',(1080.65102103222,345.386635194193,59.6012295651805));
#4176=CARTESIAN_POINT('Ctrl Pts',(1088.33434075466,345.145629443216,60.1199096347207));
#4177=CARTESIAN_POINT('Ctrl Pts',(1094.06548077808,344.95947751354,60.7565605723813));
#4178=CARTESIAN_POINT('Ctrl Pts',(1099.75362594834,344.76698687952,61.6826075757877));
#4179=CARTESIAN_POINT('Ctrl Pts',(1103.50931184883,344.633806036923,62.5207432583061));
#4180=CARTESIAN_POINT('Ctrl Pts',(1106.72908685855,344.516590296628,63.3507320303114));
#4181=CARTESIAN_POINT('Ctrl Pts',(1109.42343995367,344.416640553903,64.1135643598732));
#4182=CARTESIAN_POINT('Ctrl Pts',(1114.72403188159,344.212219379829,65.9233581280805));
#4183=CARTESIAN_POINT('Ctrl Pts',(1121.10650585628,343.950527796601,68.7614201281663));
#4184=CARTESIAN_POINT('Ctrl Pts',(1127.94077376556,343.642406700067,73.1082026912845));
#4185=CARTESIAN_POINT('Ctrl Pts',(1133.78076970277,343.34715530576,78.4256839817639));
#4186=CARTESIAN_POINT('Ctrl Pts',(1137.84706115344,343.119228145354,83.4066540790211));
#4187=CARTESIAN_POINT('Ctrl Pts',(1140.6794692851,342.948287211533,87.6921728955448));
#4188=CARTESIAN_POINT('Ctrl Pts',(1143.51073676486,342.76827713257,92.645070462509));
#4189=CARTESIAN_POINT('Ctrl Pts',(1146.51393256323,342.55683473754,99.5472080562102));
#4190=CARTESIAN_POINT('Ctrl Pts',(1148.7370654602,342.372622674353,107.034339081292));
#4191=CARTESIAN_POINT('Ctrl Pts',(1150.10622618084,342.243517711993,113.113485126408));
#4192=CARTESIAN_POINT('Ctrl Pts',(1150.67560276116,342.184567499073,116.165623802959));
#4193=CARTESIAN_POINT('Ctrl Pts',(1150.93680129489,342.156371469405,117.69052253181));
#4194=CARTESIAN_POINT('Ctrl Pts',(1071.,346.195654815548,59.4368064336779));
#4195=CARTESIAN_POINT('Ctrl Pts',(1074.81952938517,346.079568869818,59.4129357539317));
#4196=CARTESIAN_POINT('Ctrl Pts',(1080.56409262351,345.900887573948,59.4945542416742));
#4197=CARTESIAN_POINT('Ctrl Pts',(1088.20411779889,345.649847809603,60.0082992805833));
#4198=CARTESIAN_POINT('Ctrl Pts',(1093.91195774064,345.454245647527,60.6385861030709));
#4199=CARTESIAN_POINT('Ctrl Pts',(1099.58513604283,345.250397826129,61.5563688134641));
#4200=CARTESIAN_POINT('Ctrl Pts',(1103.33584107612,345.108386029866,62.3882365987066));
#4201=CARTESIAN_POINT('Ctrl Pts',(1106.55323461279,344.983016683664,63.2127123040319));
#4202=CARTESIAN_POINT('Ctrl Pts',(1109.24675205247,344.87588682083,63.9708457156531));
#4203=CARTESIAN_POINT('Ctrl Pts',(1114.54991054308,344.655803824951,65.7713663017134));
#4204=CARTESIAN_POINT('Ctrl Pts',(1120.94274151807,344.372111253291,68.5987963117123));
#4205=CARTESIAN_POINT('Ctrl Pts',(1127.79776153168,344.034563950661,72.936913657527));
#4206=CARTESIAN_POINT('Ctrl Pts',(1133.6637094385,343.707256242656,78.2515868999739));
#4207=CARTESIAN_POINT('Ctrl Pts',(1137.75384076915,343.450733053005,83.2361592521831));
#4208=CARTESIAN_POINT('Ctrl Pts',(1140.60601527974,343.255359710228,87.5289925342192));
#4209=CARTESIAN_POINT('Ctrl Pts',(1143.45942101939,343.047019769624,92.493652356558));
#4210=CARTESIAN_POINT('Ctrl Pts',(1146.49145936643,342.795410881062,99.4204447588412));
#4211=CARTESIAN_POINT('Ctrl Pts',(1148.74073058649,342.565724765076,106.949308736418));
#4212=CARTESIAN_POINT('Ctrl Pts',(1150.12668780549,342.398014721422,113.073190659584));
#4213=CARTESIAN_POINT('Ctrl Pts',(1150.70278606501,342.319026495018,116.151758322354));
#4214=CARTESIAN_POINT('Ctrl Pts',(1150.96685,342.280629208777,117.690956274907));
#4215=CARTESIAN_POINT('',(1071.,346.195654815548,57.8368064336779));
#4216=CARTESIAN_POINT('',(1071.,346.195654815548,59.4368064336779));
#4217=CARTESIAN_POINT('Ctrl Pts',(1071.,346.195654815548,57.8368064336779));
#4218=CARTESIAN_POINT('Ctrl Pts',(1071.,346.123524536684,57.8359176502057));
#4219=CARTESIAN_POINT('Ctrl Pts',(1071.,345.976843335332,57.8339733788267));
#4220=CARTESIAN_POINT('Ctrl Pts',(1071.,345.754471483144,57.8306399759156));
#4221=CARTESIAN_POINT('Ctrl Pts',(1071.,345.45510996413,57.8255152926767));
#4222=CARTESIAN_POINT('Ctrl Pts',(1071.,345.079221847364,57.818329257925));
#4223=CARTESIAN_POINT('Ctrl Pts',(1071.,344.702720016201,57.8105733680708));
#4224=CARTESIAN_POINT('Ctrl Pts',(1071.,344.32912444646,57.8023361081053));
#4225=CARTESIAN_POINT('Ctrl Pts',(1071.,343.957656042015,57.7933648139637));
#4226=CARTESIAN_POINT('Ctrl Pts',(1071.,343.586193338103,57.7832331586783));
#4227=CARTESIAN_POINT('Ctrl Pts',(1071.,343.212340645094,57.771482495198));
#4228=CARTESIAN_POINT('Ctrl Pts',(1071.,342.834476121331,57.7577614020641));
#4229=CARTESIAN_POINT('Ctrl Pts',(1071.,342.452757151343,57.7419599594354));
#4230=CARTESIAN_POINT('Ctrl Pts',(1071.,342.070281716837,57.7243625170968));
#4231=CARTESIAN_POINT('Ctrl Pts',(1071.,341.691547739424,57.7054808297301));
#4232=CARTESIAN_POINT('Ctrl Pts',(1071.,341.320738458321,57.685866207048));
#4233=CARTESIAN_POINT('Ctrl Pts',(1071.,340.960032837106,57.6659255956251));
#4234=CARTESIAN_POINT('Ctrl Pts',(1071.,340.607992187599,57.6457443915378));
#4235=CARTESIAN_POINT('Ctrl Pts',(1071.,340.257681213596,57.6248838515003));
#4236=CARTESIAN_POINT('Ctrl Pts',(1071.,339.898708427567,57.6025578808803));
#4237=CARTESIAN_POINT('Ctrl Pts',(1071.,339.519587077812,57.5778411750841));
#4238=CARTESIAN_POINT('Ctrl Pts',(1071.,339.110020655842,57.5498694269173));
#4239=CARTESIAN_POINT('Ctrl Pts',(1071.,338.663128677267,57.518035183736));
#4240=CARTESIAN_POINT('Ctrl Pts',(1071.,338.177942849577,57.482206146442));
#4241=CARTESIAN_POINT('Ctrl Pts',(1071.,337.658328081399,57.4426429743613));
#4242=CARTESIAN_POINT('Ctrl Pts',(1071.,337.111528277322,57.3998854575508));
#4243=CARTESIAN_POINT('Ctrl Pts',(1071.,336.546840161894,57.35464954154));
#4244=CARTESIAN_POINT('Ctrl Pts',(1071.,335.974247946814,57.3077209014394));
#4245=CARTESIAN_POINT('Ctrl Pts',(1071.,335.403040742632,57.2598474143422));
#4246=CARTESIAN_POINT('Ctrl Pts',(1071.,334.840517692895,57.2116381977744));
#4247=CARTESIAN_POINT('Ctrl Pts',(1071.,334.290444021672,57.1634437913398));
#4248=CARTESIAN_POINT('Ctrl Pts',(1071.,333.753494218073,57.1153870727692));
#4249=CARTESIAN_POINT('Ctrl Pts',(1071.,333.22808010667,57.067423388242));
#4250=CARTESIAN_POINT('Ctrl Pts',(1071.,332.711049472637,57.0193908417293));
#4251=CARTESIAN_POINT('Ctrl Pts',(1071.,332.198429716962,56.9710640430681));
#4252=CARTESIAN_POINT('Ctrl Pts',(1071.,331.686173589523,56.9222079173705));
#4253=CARTESIAN_POINT('Ctrl Pts',(1071.,331.170853605789,56.8726278458155));
#4254=CARTESIAN_POINT('Ctrl Pts',(1071.,330.650508880734,56.822230798906));
#4255=CARTESIAN_POINT('Ctrl Pts',(1071.,330.12456349413,56.7710194207412));
#4256=CARTESIAN_POINT('Ctrl Pts',(1071.,329.593457274398,56.7190653522727));
#4257=CARTESIAN_POINT('Ctrl Pts',(1071.,329.058370875145,56.6664893408632));
#4258=CARTESIAN_POINT('Ctrl Pts',(1071.,328.520915349619,56.6134388420032));
#4259=CARTESIAN_POINT('Ctrl Pts',(1071.,327.982827984108,56.5600659412603));
#4260=CARTESIAN_POINT('Ctrl Pts',(1071.,327.445686558061,56.5065069154067));
#4261=CARTESIAN_POINT('Ctrl Pts',(1071.,326.910561935465,56.452856566269));
#4262=CARTESIAN_POINT('Ctrl Pts',(1071.,326.377986159076,56.3991691006537));
#4263=CARTESIAN_POINT('Ctrl Pts',(1071.,325.848065973969,56.3454711869947));
#4264=CARTESIAN_POINT('Ctrl Pts',(1071.,325.320550025691,56.29177120984));
#4265=CARTESIAN_POINT('Ctrl Pts',(1071.,324.794915312664,56.2380699381798));
#4266=CARTESIAN_POINT('Ctrl Pts',(1071.,324.270445351832,56.1843709709577));
#4267=CARTESIAN_POINT('Ctrl Pts',(1071.,323.746311926277,56.1306903792471));
#4268=CARTESIAN_POINT('Ctrl Pts',(1071.,323.221655230751,56.0770689522445));
#4269=CARTESIAN_POINT('Ctrl Pts',(1071.,322.695664634168,56.0235729325536));
#4270=CARTESIAN_POINT('Ctrl Pts',(1071.,322.167657962677,55.9702872297771));
#4271=CARTESIAN_POINT('Ctrl Pts',(1071.,321.637163118259,55.9173108779547));
#4272=CARTESIAN_POINT('Ctrl Pts',(1071.,321.103994682996,55.8647515969822));
#4273=CARTESIAN_POINT('Ctrl Pts',(1071.,320.568342035922,55.8127206691188));
#4274=CARTESIAN_POINT('Ctrl Pts',(1071.,320.030830687522,55.7613278427144));
#4275=CARTESIAN_POINT('Ctrl Pts',(1071.,319.492649337417,55.7106758203442));
#4276=CARTESIAN_POINT('Ctrl Pts',(1071.,318.955427765372,55.6608565896676));
#4277=CARTESIAN_POINT('Ctrl Pts',(1071.,318.420893666507,55.6119495207587));
#4278=CARTESIAN_POINT('Ctrl Pts',(1071.,317.890586347356,55.5640188721398));
#4279=CARTESIAN_POINT('Ctrl Pts',(1071.,317.365557380128,55.517111748541));
#4280=CARTESIAN_POINT('Ctrl Pts',(1071.,316.846053203159,55.4712553811141));
#4281=CARTESIAN_POINT('Ctrl Pts',(1071.,316.331260577374,55.4264558258689));
#4282=CARTESIAN_POINT('Ctrl Pts',(1071.,315.81888956556,55.3826932818338));
#4283=CARTESIAN_POINT('Ctrl Pts',(1071.,315.305330995644,55.339929172626));
#4284=CARTESIAN_POINT('Ctrl Pts',(1071.,314.786514126811,55.2981274448683));
#4285=CARTESIAN_POINT('Ctrl Pts',(1071.,314.258594143298,55.2572725236761));
#4286=CARTESIAN_POINT('Ctrl Pts',(1071.,313.718690328607,55.2173880155019));
#4287=CARTESIAN_POINT('Ctrl Pts',(1071.,313.165644983543,55.1785564972146));
#4288=CARTESIAN_POINT('Ctrl Pts',(1071.,312.600674656045,55.1409355664014));
#4289=CARTESIAN_POINT('Ctrl Pts',(1071.,312.028308590237,55.1047834792265));
#4290=CARTESIAN_POINT('Ctrl Pts',(1071.,311.456366938973,55.0704529596478));
#4291=CARTESIAN_POINT('Ctrl Pts',(1071.,310.894349909165,55.0383325002537));
#4292=CARTESIAN_POINT('Ctrl Pts',(1071.,310.352179186297,55.0087991801183));
#4293=CARTESIAN_POINT('Ctrl Pts',(1071.,309.838825090746,54.9821680112617));
#4294=CARTESIAN_POINT('Ctrl Pts',(1071.,309.360919570398,54.9586400991923));
#4295=CARTESIAN_POINT('Ctrl Pts',(1071.,308.921521898192,54.9382575218858));
#4296=CARTESIAN_POINT('Ctrl Pts',(1071.,308.5184636528,54.9208402844913));
#4297=CARTESIAN_POINT('Ctrl Pts',(1071.,308.14403834913,54.9059802159507));
#4298=CARTESIAN_POINT('Ctrl Pts',(1071.,307.787654196349,54.8931596318899));
#4299=CARTESIAN_POINT('Ctrl Pts',(1071.,307.43795719169,54.8818483527024));
#4300=CARTESIAN_POINT('Ctrl Pts',(1071.,307.085015406987,54.8716016561087));
#4301=CARTESIAN_POINT('Ctrl Pts',(1071.,306.722833786785,54.8621761333657));
#4302=CARTESIAN_POINT('Ctrl Pts',(1071.,306.350568432642,54.8535784587132));
#4303=CARTESIAN_POINT('Ctrl Pts',(1071.,305.970548570034,54.8459514613074));
#4304=CARTESIAN_POINT('Ctrl Pts',(1071.,305.586890663484,54.8394894697924));
#4305=CARTESIAN_POINT('Ctrl Pts',(1071.,305.203961666297,54.8343481576464));
#4306=CARTESIAN_POINT('Ctrl Pts',(1071.,304.82470532615,54.8305421264741));
#4307=CARTESIAN_POINT('Ctrl Pts',(1071.,304.44967630789,54.8278947886849));
#4308=CARTESIAN_POINT('Ctrl Pts',(1071.,304.077987925536,54.8261258378077));
#4309=CARTESIAN_POINT('Ctrl Pts',(1071.,303.707906383233,54.8249141074738));
#4310=CARTESIAN_POINT('Ctrl Pts',(1071.,303.337549400489,54.8239661268481));
#4311=CARTESIAN_POINT('Ctrl Pts',(1071.,302.965625981504,54.8230919309185));
#4312=CARTESIAN_POINT('Ctrl Pts',(1071.,302.591884522883,54.8222468130556));
#4313=CARTESIAN_POINT('Ctrl Pts',(1071.,302.216700354333,54.8214766145601));
#4314=CARTESIAN_POINT('Ctrl Pts',(1071.,301.840818802388,54.8208800834133));
#4315=CARTESIAN_POINT('Ctrl Pts',(1071.,301.465051622387,54.8205666810978));
#4316=CARTESIAN_POINT('Ctrl Pts',(1071.,301.089957534751,54.8206110787593));
#4317=CARTESIAN_POINT('Ctrl Pts',(1071.,300.715643117297,54.8210257298877));
#4318=CARTESIAN_POINT('Ctrl Pts',(1071.,300.341942646556,54.8217887720599));
#4319=CARTESIAN_POINT('Ctrl Pts',(1071.,299.968531487467,54.8228623512557));
#4320=CARTESIAN_POINT('Ctrl Pts',(1071.,299.595059285827,54.8242136173366));
#4321=CARTESIAN_POINT('Ctrl Pts',(1071.,299.221290156429,54.8258372342409));
#4322=CARTESIAN_POINT('Ctrl Pts',(1071.,298.847191279645,54.8277688885308));
#4323=CARTESIAN_POINT('Ctrl Pts',(1071.,298.472849195939,54.8300691824602));
#4324=CARTESIAN_POINT('Ctrl Pts',(1071.,298.098415130165,54.832812557612));
#4325=CARTESIAN_POINT('Ctrl Pts',(1071.,297.724042168286,54.8360746868195));
#4326=CARTESIAN_POINT('Ctrl Pts',(1071.,297.349818038192,54.8399194404522));
#4327=CARTESIAN_POINT('Ctrl Pts',(1071.,296.975724318877,54.8443894189388));
#4328=CARTESIAN_POINT('Ctrl Pts',(1071.,296.601687747101,54.8495095817025));
#4329=CARTESIAN_POINT('Ctrl Pts',(1071.,296.227617084638,54.855288469783));
#4330=CARTESIAN_POINT('Ctrl Pts',(1071.,295.853442889653,54.8617207008357));
#4331=CARTESIAN_POINT('Ctrl Pts',(1071.,295.479162638338,54.8687881576574));
#4332=CARTESIAN_POINT('Ctrl Pts',(1071.,295.10486321973,54.8764640749641));
#4333=CARTESIAN_POINT('Ctrl Pts',(1071.,294.730663127877,54.8847258860955));
#4334=CARTESIAN_POINT('Ctrl Pts',(1071.,294.356665772021,54.8935672108012));
#4335=CARTESIAN_POINT('Ctrl Pts',(1071.,293.982912694339,54.9030090456635));
#4336=CARTESIAN_POINT('Ctrl Pts',(1071.,293.609326737843,54.9131139680836));
#4337=CARTESIAN_POINT('Ctrl Pts',(1071.,293.235690365116,54.9239908718488));
#4338=CARTESIAN_POINT('Ctrl Pts',(1071.,292.86175356456,54.9357652889795));
#4339=CARTESIAN_POINT('Ctrl Pts',(1071.,292.48732558826,54.9485540967187));
#4340=CARTESIAN_POINT('Ctrl Pts',(1071.,292.112364432978,54.9624405631662));
#4341=CARTESIAN_POINT('Ctrl Pts',(1071.,291.737087519975,54.9774444067347));
#4342=CARTESIAN_POINT('Ctrl Pts',(1071.,291.362011930002,54.9935086827517));
#4343=CARTESIAN_POINT('Ctrl Pts',(1071.,290.987715830154,55.010553658097));
#4344=CARTESIAN_POINT('Ctrl Pts',(1071.,290.614632739655,55.0285226019247));
#4345=CARTESIAN_POINT('Ctrl Pts',(1071.,290.242851182946,55.0474267492589));
#4346=CARTESIAN_POINT('Ctrl Pts',(1071.,289.87186919939,55.0673999905039));
#4347=CARTESIAN_POINT('Ctrl Pts',(1071.,289.500497046589,55.0887212108212));
#4348=CARTESIAN_POINT('Ctrl Pts',(1071.,289.12740330542,55.1116960383817));
#4349=CARTESIAN_POINT('Ctrl Pts',(1071.,288.75158871533,55.136554261213));
#4350=CARTESIAN_POINT('Ctrl Pts',(1071.,288.372849872921,55.163349777102));
#4351=CARTESIAN_POINT('Ctrl Pts',(1071.,287.992337163602,55.1918391819078));
#4352=CARTESIAN_POINT('Ctrl Pts',(1071.,287.612804360402,55.2214299541628));
#4353=CARTESIAN_POINT('Ctrl Pts',(1071.,287.237354005558,55.2514678803032));
#4354=CARTESIAN_POINT('Ctrl Pts',(1071.,286.868342875386,55.2814884185597));
#4355=CARTESIAN_POINT('Ctrl Pts',(1071.,286.506302529718,55.3114645728475));
#4356=CARTESIAN_POINT('Ctrl Pts',(1071.,286.148672390947,55.3420972541179));
#4357=CARTESIAN_POINT('Ctrl Pts',(1071.,285.789147479441,55.3749664406781));
#4358=CARTESIAN_POINT('Ctrl Pts',(1071.,285.420524544121,55.4118904124523));
#4359=CARTESIAN_POINT('Ctrl Pts',(1071.,285.037195433476,55.4543646573464));
#4360=CARTESIAN_POINT('Ctrl Pts',(1071.,284.637644642896,55.5030002747273));
#4361=CARTESIAN_POINT('Ctrl Pts',(1071.,284.227254393979,55.5568917130502));
#4362=CARTESIAN_POINT('Ctrl Pts',(1071.,283.820075232344,55.6132216202344));
#4363=CARTESIAN_POINT('Ctrl Pts',(1071.,283.433234699286,55.6685508723571));
#4364=CARTESIAN_POINT('Ctrl Pts',(1071.,283.082032920697,55.7199522843379));
#4365=CARTESIAN_POINT('Ctrl Pts',(1071.,282.774923563184,55.7661683572783));
#4366=CARTESIAN_POINT('Ctrl Pts',(1071.,282.508191739207,55.8088438751539));
#4367=CARTESIAN_POINT('Ctrl Pts',(1071.,282.261840360431,55.8534614918477));
#4368=CARTESIAN_POINT('Ctrl Pts',(1071.,282.012650918525,55.905820966702));
#4369=CARTESIAN_POINT('Ctrl Pts',(1071.,281.74412698759,55.9694050955373));
#4370=CARTESIAN_POINT('Ctrl Pts',(1071.,281.461431627384,56.041252956756));
#4371=CARTESIAN_POINT('Ctrl Pts',(1071.,281.189474043491,56.1129421733662));
#4372=CARTESIAN_POINT('Ctrl Pts',(1071.,280.953246255286,56.1770015315705));
#4373=CARTESIAN_POINT('Ctrl Pts',(1071.,280.764008806478,56.2314853471922));
#4374=CARTESIAN_POINT('Ctrl Pts',(1071.,280.600266640568,56.2862998764913));
#4375=CARTESIAN_POINT('Ctrl Pts',(1071.,280.429295286768,56.3544210468067));
#4376=CARTESIAN_POINT('Ctrl Pts',(1071.,280.240424260171,56.4381818394619));
#4377=CARTESIAN_POINT('Ctrl Pts',(1071.,280.059016235532,56.5241614572547));
#4378=CARTESIAN_POINT('Ctrl Pts',(1071.,279.912502326745,56.5992565598696));
#4379=CARTESIAN_POINT('Ctrl Pts',(1071.,279.794065127848,56.6684437940768));
#4380=CARTESIAN_POINT('Ctrl Pts',(1071.,279.668231567583,56.7508362792407));
#4381=CARTESIAN_POINT('Ctrl Pts',(1071.,279.529234820525,56.8478968134388));
#4382=CARTESIAN_POINT('Ctrl Pts',(1071.,279.40885089596,56.9398344083895));
#4383=CARTESIAN_POINT('Ctrl Pts',(1071.,279.320006888261,57.0194444449111));
#4384=CARTESIAN_POINT('Ctrl Pts',(1071.,279.226708062491,57.110406854926));
#4385=CARTESIAN_POINT('Ctrl Pts',(1071.,279.118075218714,57.2395130747266));
#4386=CARTESIAN_POINT('Ctrl Pts',(1071.,279.042395237423,57.4176671314372));
#4387=CARTESIAN_POINT('Ctrl Pts',(1071.,279.047704846214,57.6387507767025));
#4388=CARTESIAN_POINT('Ctrl Pts',(1071.,279.123963090683,57.8725122553761));
#4389=CARTESIAN_POINT('Ctrl Pts',(1071.,279.224505546572,58.0822571905246));
#4390=CARTESIAN_POINT('Ctrl Pts',(1071.,279.306588586602,58.2452348261433));
#4391=CARTESIAN_POINT('Ctrl Pts',(1071.,279.37358343314,58.3779507060768));
#4392=CARTESIAN_POINT('Ctrl Pts',(1071.,279.457455841398,58.5166951266147));
#4393=CARTESIAN_POINT('Ctrl Pts',(1071.,279.569561087893,58.673122110998));
#4394=CARTESIAN_POINT('Ctrl Pts',(1071.,279.68976986417,58.825376003089));
#4395=CARTESIAN_POINT('Ctrl Pts',(1071.,279.799069157724,58.9526460443305));
#4396=CARTESIAN_POINT('Ctrl Pts',(1071.,279.907623453241,59.0653369616786));
#4397=CARTESIAN_POINT('Ctrl Pts',(1071.,280.04021810858,59.190234099132));
#4398=CARTESIAN_POINT('Ctrl Pts',(1071.,280.202143123686,59.3358693404122));
#4399=CARTESIAN_POINT('Ctrl Pts',(1071.,280.373928479333,59.4860001768995));
#4400=CARTESIAN_POINT('Ctrl Pts',(1071.,280.534610531374,59.6209902976485));
#4401=CARTESIAN_POINT('Ctrl Pts',(1071.,280.68453190933,59.7378431661423));
#4402=CARTESIAN_POINT('Ctrl Pts',(1071.,280.846939361978,59.8529974923648));
#4403=CARTESIAN_POINT('Ctrl Pts',(1071.,281.045415918368,59.9845724662197));
#4404=CARTESIAN_POINT('Ctrl Pts',(1071.,281.283256711038,60.136854620785));
#4405=CARTESIAN_POINT('Ctrl Pts',(1071.,281.543795317004,60.2997057828983));
#4406=CARTESIAN_POINT('Ctrl Pts',(1071.,281.805639393989,60.4589188076023));
#4407=CARTESIAN_POINT('Ctrl Pts',(1071.,282.052138210894,60.6024254897054));
#4408=CARTESIAN_POINT('Ctrl Pts',(1071.,282.28572435342,60.7297908680087));
#4409=CARTESIAN_POINT('Ctrl Pts',(1071.,282.522686068346,60.8492810112598));
#4410=CARTESIAN_POINT('Ctrl Pts',(1071.,282.783127571698,60.9719382664674));
#4411=CARTESIAN_POINT('Ctrl Pts',(1071.,283.082547915988,61.1066576844223));
#4412=CARTESIAN_POINT('Ctrl Pts',(1071.,283.422671471516,61.2548041999577));
#4413=CARTESIAN_POINT('Ctrl Pts',(1071.,283.795585765332,61.412483172938));
#4414=CARTESIAN_POINT('Ctrl Pts',(1071.,284.187768594215,61.5727433147013));
#4415=CARTESIAN_POINT('Ctrl Pts',(1071.,284.58428700157,61.7278772855414));
#4416=CARTESIAN_POINT('Ctrl Pts',(1071.,284.972639970262,61.8715246436153));
#4417=CARTESIAN_POINT('Ctrl Pts',(1071.,285.347487738578,62.001264025768));
#4418=CARTESIAN_POINT('Ctrl Pts',(1071.,285.709640339889,62.1180413230981));
#4419=CARTESIAN_POINT('Ctrl Pts',(1071.,286.063596687174,62.2247997294712));
#4420=CARTESIAN_POINT('Ctrl Pts',(1071.,286.415496613831,62.3253361086515));
#4421=CARTESIAN_POINT('Ctrl Pts',(1071.,286.771076532373,62.4231621862205));
#4422=CARTESIAN_POINT('Ctrl Pts',(1071.,287.133179024876,62.5201128990197));
#4423=CARTESIAN_POINT('Ctrl Pts',(1071.,287.501701561313,62.6163311059501));
#4424=CARTESIAN_POINT('Ctrl Pts',(1071.,287.874821281845,62.7109714080849));
#4425=CARTESIAN_POINT('Ctrl Pts',(1071.,288.249855683938,62.802699596164));
#4426=CARTESIAN_POINT('Ctrl Pts',(1071.,288.624194286191,62.8902300176069));
#4427=CARTESIAN_POINT('Ctrl Pts',(1071.,288.996398303802,62.9729628258102));
#4428=CARTESIAN_POINT('Ctrl Pts',(1071.,289.366372638012,63.051077680207));
#4429=CARTESIAN_POINT('Ctrl Pts',(1071.,289.734801450148,63.1251969957162));
#4430=CARTESIAN_POINT('Ctrl Pts',(1071.,290.102783430358,63.1961655413292));
#4431=CARTESIAN_POINT('Ctrl Pts',(1071.,290.471418770062,63.2648027055117));
#4432=CARTESIAN_POINT('Ctrl Pts',(1071.,290.841333648008,63.3316160366271));
#4433=CARTESIAN_POINT('Ctrl Pts',(1071.,291.212560182298,63.3967306821073));
#4434=CARTESIAN_POINT('Ctrl Pts',(1071.,291.58478880686,63.4600445443179));
#4435=CARTESIAN_POINT('Ctrl Pts',(1071.,291.95752500048,63.5213254195986));
#4436=CARTESIAN_POINT('Ctrl Pts',(1071.,292.330270842874,63.5803233559901));
#4437=CARTESIAN_POINT('Ctrl Pts',(1071.,292.702730757876,63.6368972203786));
#4438=CARTESIAN_POINT('Ctrl Pts',(1071.,293.074876724588,63.6910576786537));
#4439=CARTESIAN_POINT('Ctrl Pts',(1071.,293.446833187077,63.7429027239291));
#4440=CARTESIAN_POINT('Ctrl Pts',(1071.,293.818805768281,63.7925794165038));
#4441=CARTESIAN_POINT('Ctrl Pts',(1071.,294.190998684674,63.840238628141));
#4442=CARTESIAN_POINT('Ctrl Pts',(1071.,294.563521195421,63.8859838920698));
#4443=CARTESIAN_POINT('Ctrl Pts',(1071.,294.93635561007,63.9298547508511));
#4444=CARTESIAN_POINT('Ctrl Pts',(1071.,295.309416698453,63.97186145066));
#4445=CARTESIAN_POINT('Ctrl Pts',(1071.,295.68259037788,64.0120081197452));
#4446=CARTESIAN_POINT('Ctrl Pts',(1071.,296.055776751963,64.0503180515038));
#4447=CARTESIAN_POINT('Ctrl Pts',(1071.,296.428941035306,64.0868642640044));
#4448=CARTESIAN_POINT('Ctrl Pts',(1071.,296.802127018783,64.1217761711444));
#4449=CARTESIAN_POINT('Ctrl Pts',(1071.,297.175409884948,64.1552075151943));
#4450=CARTESIAN_POINT('Ctrl Pts',(1071.,297.548861172525,64.1873124448786));
#4451=CARTESIAN_POINT('Ctrl Pts',(1071.,297.922513558714,64.218220472696));
#4452=CARTESIAN_POINT('Ctrl Pts',(1071.,298.296314381435,64.248006704998));
#4453=CARTESIAN_POINT('Ctrl Pts',(1071.,298.670122742807,64.276681992404));
#4454=CARTESIAN_POINT('Ctrl Pts',(1071.,299.043780844256,64.3042184346931));
#4455=CARTESIAN_POINT('Ctrl Pts',(1071.,299.417172590436,64.3305675142821));
#4456=CARTESIAN_POINT('Ctrl Pts',(1071.,299.790278456514,64.3556797349634));
#4457=CARTESIAN_POINT('Ctrl Pts',(1071.,300.163253166972,64.3795271145185));
#4458=CARTESIAN_POINT('Ctrl Pts',(1071.,300.536422282146,64.4021126138393));
#4459=CARTESIAN_POINT('Ctrl Pts',(1071.,300.910131696294,64.4234540951003));
#4460=CARTESIAN_POINT('Ctrl Pts',(1071.,301.284620445949,64.4435734698159));
#4461=CARTESIAN_POINT('Ctrl Pts',(1071.,301.659903349322,64.462484703187));
#4462=CARTESIAN_POINT('Ctrl Pts',(1071.,302.035603601063,64.4801800596866));
#4463=CARTESIAN_POINT('Ctrl Pts',(1071.,302.410958965557,64.4966246295489));
#4464=CARTESIAN_POINT('Ctrl Pts',(1071.,302.785164867267,64.5117684458453));
#4465=CARTESIAN_POINT('Ctrl Pts',(1071.,303.157665713386,64.5255548933378));
#4466=CARTESIAN_POINT('Ctrl Pts',(1071.,303.528424285941,64.5379304521321));
#4467=CARTESIAN_POINT('Ctrl Pts',(1071.,303.898302258184,64.5488542318589));
#4468=CARTESIAN_POINT('Ctrl Pts',(1071.,304.269058840128,64.5583063419176));
#4469=CARTESIAN_POINT('Ctrl Pts',(1071.,304.642558875666,64.5662923163896));
#4470=CARTESIAN_POINT('Ctrl Pts',(1071.,305.020101352471,64.5728492003155));
#4471=CARTESIAN_POINT('Ctrl Pts',(1071.,305.401792333398,64.5780492397831));
#4472=CARTESIAN_POINT('Ctrl Pts',(1071.,305.785678450785,64.5820087250538));
#4473=CARTESIAN_POINT('Ctrl Pts',(1071.,306.167702183358,64.5848811734756));
#4474=CARTESIAN_POINT('Ctrl Pts',(1071.,306.543483803849,64.5868166939765));
#4475=CARTESIAN_POINT('Ctrl Pts',(1071.,306.909805022977,64.587926585584));
#4476=CARTESIAN_POINT('Ctrl Pts',(1071.,307.266060994002,64.5882491883053));
#4477=CARTESIAN_POINT('Ctrl Pts',(1071.,307.616084249141,64.5877072513261));
#4478=CARTESIAN_POINT('Ctrl Pts',(1071.,307.968646835656,64.5860947232054));
#4479=CARTESIAN_POINT('Ctrl Pts',(1071.,308.334782913197,64.5831342243339));
#4480=CARTESIAN_POINT('Ctrl Pts',(1071.,308.72567399115,64.5785218124331));
#4481=CARTESIAN_POINT('Ctrl Pts',(1071.,309.150446967764,64.5719742048816));
#4482=CARTESIAN_POINT('Ctrl Pts',(1071.,309.613684542693,64.5632811244624));
#4483=CARTESIAN_POINT('Ctrl Pts',(1071.,310.1141069234,64.5523355316314));
#4484=CARTESIAN_POINT('Ctrl Pts',(1071.,310.646355884589,64.539104809954));
#4485=CARTESIAN_POINT('Ctrl Pts',(1071.,311.202186769521,64.523613259764));
#4486=CARTESIAN_POINT('Ctrl Pts',(1071.,311.771883958801,64.5059202700385));
#4487=CARTESIAN_POINT('Ctrl Pts',(1071.,312.34560730171,64.4860999526434));
#4488=CARTESIAN_POINT('Ctrl Pts',(1071.,312.914706651308,64.4642210439895));
#4489=CARTESIAN_POINT('Ctrl Pts',(1071.,313.473198030998,64.4403245410664));
#4490=CARTESIAN_POINT('Ctrl Pts',(1071.,314.01871216895,64.4144089754855));
#4491=CARTESIAN_POINT('Ctrl Pts',(1071.,314.551540790861,64.3864433716746));
#4492=CARTESIAN_POINT('Ctrl Pts',(1071.,315.073986356087,64.3563757842158));
#4493=CARTESIAN_POINT('Ctrl Pts',(1071.,315.589596827697,64.3241435126214));
#4494=CARTESIAN_POINT('Ctrl Pts',(1071.,316.102440337479,64.2896827300382));
#4495=CARTESIAN_POINT('Ctrl Pts',(1071.,316.616384105789,64.2529380620498));
#4496=CARTESIAN_POINT('Ctrl Pts',(1071.,317.134320439839,64.2138729085094));
#4497=CARTESIAN_POINT('Ctrl Pts',(1071.,317.657567808205,64.1724772958159));
#4498=CARTESIAN_POINT('Ctrl Pts',(1071.,318.186259124766,64.1287617922038));
#4499=CARTESIAN_POINT('Ctrl Pts',(1071.,318.719609568213,64.0827531239428));
#4500=CARTESIAN_POINT('Ctrl Pts',(1071.,319.25623021755,64.0344891451207));
#4501=CARTESIAN_POINT('Ctrl Pts',(1071.,319.794423932748,63.9840140573222));
#4502=CARTESIAN_POINT('Ctrl Pts',(1071.,320.332484705985,63.931373582494));
#4503=CARTESIAN_POINT('Ctrl Pts',(1071.,320.869005376065,63.8766100127747));
#4504=CARTESIAN_POINT('Ctrl Pts',(1071.,321.403153398983,63.8197577253609));
#4505=CARTESIAN_POINT('Ctrl Pts',(1071.,321.934570716268,63.7608441617426));
#4506=CARTESIAN_POINT('Ctrl Pts',(1071.,322.463300935755,63.6998904098113));
#4507=CARTESIAN_POINT('Ctrl Pts',(1071.,322.989706136608,63.636911937246));
#4508=CARTESIAN_POINT('Ctrl Pts',(1071.,323.514388095216,63.5719192594736));
#4509=CARTESIAN_POINT('Ctrl Pts',(1071.,324.038107633593,63.5049186375726));
#4510=CARTESIAN_POINT('Ctrl Pts',(1071.,324.561704760003,63.4359127581955));
#4511=CARTESIAN_POINT('Ctrl Pts',(1071.,325.086018532155,63.364901435912));
#4512=CARTESIAN_POINT('Ctrl Pts',(1071.,325.611808342453,63.2918892861998));
#4513=CARTESIAN_POINT('Ctrl Pts',(1071.,326.139675489733,63.2168933321104));
#4514=CARTESIAN_POINT('Ctrl Pts',(1071.,326.669983940569,63.1399507187539));
#4515=CARTESIAN_POINT('Ctrl Pts',(1071.,327.202783009352,63.0611261959106));
#4516=CARTESIAN_POINT('Ctrl Pts',(1071.,327.737725522379,62.9805201352917));
#4517=CARTESIAN_POINT('Ctrl Pts',(1071.,328.273996580307,62.8982752963786));
#4518=CARTESIAN_POINT('Ctrl Pts',(1071.,328.81021445882,62.8145868771906));
#4519=CARTESIAN_POINT('Ctrl Pts',(1071.,329.344698770304,62.729669377777));
#4520=CARTESIAN_POINT('Ctrl Pts',(1071.,329.875771353771,62.6437196733245));
#4521=CARTESIAN_POINT('Ctrl Pts',(1071.,330.402048953424,62.5568809206));
#4522=CARTESIAN_POINT('Ctrl Pts',(1071.,330.922731432112,62.4692072930099));
#4523=CARTESIAN_POINT('Ctrl Pts',(1071.,331.437910315529,62.3806256177368));
#4524=CARTESIAN_POINT('Ctrl Pts',(1071.,331.948825399334,62.2909047770582));
#4525=CARTESIAN_POINT('Ctrl Pts',(1071.,332.458256582334,62.1996049633265));
#4526=CARTESIAN_POINT('Ctrl Pts',(1071.,332.96998079825,62.106166049094));
#4527=CARTESIAN_POINT('Ctrl Pts',(1071.,333.488012559001,62.0100280391008));
#4528=CARTESIAN_POINT('Ctrl Pts',(1071.,334.015909185503,61.910742143721));
#4529=CARTESIAN_POINT('Ctrl Pts',(1071.,334.556069585127,61.8080822528731));
#4530=CARTESIAN_POINT('Ctrl Pts',(1071.,335.108987904408,61.7021644267579));
#4531=CARTESIAN_POINT('Ctrl Pts',(1071.,335.672638663301,61.5935437813105));
#4532=CARTESIAN_POINT('Ctrl Pts',(1071.,336.241519954663,61.4833698798103));
#4533=CARTESIAN_POINT('Ctrl Pts',(1071.,336.807367836237,61.3732564687453));
#4534=CARTESIAN_POINT('Ctrl Pts',(1071.,337.36063126859,61.2650213362304));
#4535=CARTESIAN_POINT('Ctrl Pts',(1071.,337.891722598458,61.1604643268669));
#4536=CARTESIAN_POINT('Ctrl Pts',(1071.,338.392323368794,61.0611363586919));
#4537=CARTESIAN_POINT('Ctrl Pts',(1071.,338.856754091918,60.9680964478528));
#4538=CARTESIAN_POINT('Ctrl Pts',(1071.,339.283111712335,60.8817109076171));
#4539=CARTESIAN_POINT('Ctrl Pts',(1071.,339.675016756247,60.8013422707417));
#4540=CARTESIAN_POINT('Ctrl Pts',(1071.,340.040960940583,60.7254718652978));
#4541=CARTESIAN_POINT('Ctrl Pts',(1071.,340.391751069564,60.652166022016));
#4542=CARTESIAN_POINT('Ctrl Pts',(1071.,340.738398627054,60.5794624141766));
#4543=CARTESIAN_POINT('Ctrl Pts',(1071.,341.090039741268,60.5057494016306));
#4544=CARTESIAN_POINT('Ctrl Pts',(1071.,341.451320789525,60.4302455877364));
#4545=CARTESIAN_POINT('Ctrl Pts',(1071.,341.822021942878,60.3530618982224));
#4546=CARTESIAN_POINT('Ctrl Pts',(1071.,342.199112401342,60.2748108825633));
#4547=CARTESIAN_POINT('Ctrl Pts',(1071.,342.578219167033,60.1963245153948));
#4548=CARTESIAN_POINT('Ctrl Pts',(1071.,342.95520058808,60.1183542538607));
#4549=CARTESIAN_POINT('Ctrl Pts',(1071.,343.32800031607,60.0412145455967));
#4550=CARTESIAN_POINT('Ctrl Pts',(1071.,343.697215484108,59.9646804429276));
#4551=CARTESIAN_POINT('Ctrl Pts',(1071.,344.064774995988,59.8882577710612));
#4552=CARTESIAN_POINT('Ctrl Pts',(1071.,344.433036295732,59.8113707434231));
#4553=CARTESIAN_POINT('Ctrl Pts',(1071.,344.803808297719,59.7335643699267));
#4554=CARTESIAN_POINT('Ctrl Pts',(1071.,345.177176748399,59.6547451996526));
#4555=CARTESIAN_POINT('Ctrl Pts',(1071.,345.531974033262,59.5793382761332));
#4556=CARTESIAN_POINT('Ctrl Pts',(1071.,345.81056159644,59.519726625063));
#4557=CARTESIAN_POINT('Ctrl Pts',(1071.,346.013174367625,59.4761628283003));
#4558=CARTESIAN_POINT('Ctrl Pts',(1071.,346.141204211381,59.4485590771869));
#4559=CARTESIAN_POINT('Ctrl Pts',(1071.,346.195654815548,59.4368064336779));
#4560=CARTESIAN_POINT('',(1085.38216687854,345.743268061297,58.4028047492633));
#4561=CARTESIAN_POINT('Ctrl Pts',(1071.,346.195654815548,57.8368064336779));
#4562=CARTESIAN_POINT('Ctrl Pts',(1075.7909152974,346.05029182622,57.8669418458965));
#4563=CARTESIAN_POINT('Ctrl Pts',(1080.59615763683,345.900269687047,58.0191963399466));
#4564=CARTESIAN_POINT('Ctrl Pts',(1085.38216687854,345.743268061297,58.4028047492633));
#4565=CARTESIAN_POINT('',(1150.55736707315,342.350374099417,114.867547312519));
#4566=CARTESIAN_POINT('Ctrl Pts',(1085.38216687854,345.743268061297,58.4028047492633));
#4567=CARTESIAN_POINT('Ctrl Pts',(1092.15902452264,345.520958071102,58.9459837214982));
#4568=CARTESIAN_POINT('Ctrl Pts',(1107.22991977401,344.992440386492,61.198329557009));
#4569=CARTESIAN_POINT('Ctrl Pts',(1128.9623856763,344.039513748539,70.4399032874294));
#4570=CARTESIAN_POINT('Ctrl Pts',(1144.66434124848,343.030776434988,90.560393417961));
#4571=CARTESIAN_POINT('Ctrl Pts',(1149.05494316529,342.561785378408,106.46632737802));
#4572=CARTESIAN_POINT('Ctrl Pts',(1150.55736707315,342.350374099417,114.867547312519));
#4573=CARTESIAN_POINT('Ctrl Pts',(1150.55736707315,342.350374099417,114.867547312519));
#4574=CARTESIAN_POINT('Ctrl Pts',(1150.72558889466,342.326703023462,115.808206278951));
#4575=CARTESIAN_POINT('Ctrl Pts',(1150.88379056621,342.303463821117,116.749652719193));
#4576=CARTESIAN_POINT('Ctrl Pts',(1151.03315,342.280629208777,117.690956274907));
#4577=CARTESIAN_POINT('Ctrl Pts',(1071.,346.195654815548,59.4368064336779));
#4578=CARTESIAN_POINT('Ctrl Pts',(1082.45858815552,345.847396978358,59.3651943944394));
#4579=CARTESIAN_POINT('Ctrl Pts',(1102.37993898302,345.199624511166,60.4568565711535));
#4580=CARTESIAN_POINT('Ctrl Pts',(1128.53265436253,344.051406016652,71.1926594331195));
#4581=CARTESIAN_POINT('Ctrl Pts',(1144.93674663202,343.001142552583,91.6774568084893));
#4582=CARTESIAN_POINT('Ctrl Pts',(1149.38246639003,342.511012926222,108.45576855959));
#4583=CARTESIAN_POINT('Ctrl Pts',(1150.96685,342.280629208777,117.690956274907));
#4584=CARTESIAN_POINT('Ctrl Pts',(1071.,346.195654815548,59.4368064336779));
#4585=CARTESIAN_POINT('Ctrl Pts',(1074.81952938517,346.079568869818,59.4129357539317));
#4586=CARTESIAN_POINT('Ctrl Pts',(1082.4789470412,345.841327142108,59.5217603940947));
#4587=CARTESIAN_POINT('Ctrl Pts',(1093.92928856803,345.458368477368,60.494838143344));
#4588=CARTESIAN_POINT('Ctrl Pts',(1101.470434356,345.181073694696,61.9102153114776));
#4589=CARTESIAN_POINT('Ctrl Pts',(1107.90520579006,344.930335611888,63.5591627071286));
#4590=CARTESIAN_POINT('Ctrl Pts',(1115.95440574463,344.603646015143,66.0292369669771));
#4591=CARTESIAN_POINT('Ctrl Pts',(1128.02974075801,344.043166555749,72.249405054371));
#4592=CARTESIAN_POINT('Ctrl Pts',(1137.21576830091,343.495474220523,82.0357943171766));
#4593=CARTESIAN_POINT('Ctrl Pts',(1144.60712704774,342.971980655614,94.0119714477243));
#4594=CARTESIAN_POINT('Ctrl Pts',(1148.56651620046,342.600969422647,105.376342072107));
#4595=CARTESIAN_POINT('Ctrl Pts',(1150.43872213001,342.357423781259,114.612560369801));
#4596=CARTESIAN_POINT('Ctrl Pts',(1150.96685,342.280629208777,117.690956274907));
#4597=CARTESIAN_POINT('Ctrl Pts',(1071.,346.195654815548,59.1701397670112));
#4598=CARTESIAN_POINT('Ctrl Pts',(1075.44994603701,346.068686202642,59.1557535914655));
#4599=CARTESIAN_POINT('Ctrl Pts',(1084.10230527136,345.816042707441,59.2338321106735));
#4600=CARTESIAN_POINT('Ctrl Pts',(1096.36646267683,345.428802260603,60.0580639966271));
#4601=CARTESIAN_POINT('Ctrl Pts',(1104.08514088829,345.157020326553,61.33667165207));
#4602=CARTESIAN_POINT('Ctrl Pts',(1110.55244000814,344.913273213885,62.8648289659167));
#4603=CARTESIAN_POINT('Ctrl Pts',(1118.53248380689,344.597440270523,65.1800347938435));
#4604=CARTESIAN_POINT('Ctrl Pts',(1130.08091233012,344.059979763229,71.1804786164303));
#4605=CARTESIAN_POINT('Ctrl Pts',(1138.52291264684,343.530781871712,80.8965410493963));
#4606=CARTESIAN_POINT('Ctrl Pts',(1145.16659286469,343.015910068098,92.9842596279302));
#4607=CARTESIAN_POINT('Ctrl Pts',(1148.6228017182,342.637761519354,104.664578071765));
#4608=CARTESIAN_POINT('Ctrl Pts',(1150.42518608533,342.368613609833,114.409734681805));
#4609=CARTESIAN_POINT('Ctrl Pts',(1150.9779,342.280629208777,117.690956274907));
#4610=CARTESIAN_POINT('Ctrl Pts',(1071.,346.195654815547,58.9027236059701));
#4611=CARTESIAN_POINT('Ctrl Pts',(1076.70554960014,346.047075466219,58.8988078177024));
#4612=CARTESIAN_POINT('Ctrl Pts',(1087.27425374263,345.754969775509,59.3172769219665));
#4613=CARTESIAN_POINT('Ctrl Pts',(1100.73599093061,345.330919724189,61.1826766869427));
#4614=CARTESIAN_POINT('Ctrl Pts',(1108.28860245609,345.05615938695,63.2161837657798));
#4615=CARTESIAN_POINT('Ctrl Pts',(1114.27834905533,344.821824981422,65.2980938053497));
#4616=CARTESIAN_POINT('Ctrl Pts',(1121.34621735413,344.528799479094,68.2289857148967));
#4617=CARTESIAN_POINT('Ctrl Pts',(1130.70794609204,344.064672899456,74.416435049354));
#4618=CARTESIAN_POINT('Ctrl Pts',(1137.88485912255,343.612195519962,82.5174026716491));
#4619=CARTESIAN_POINT('Ctrl Pts',(1144.11917505745,343.134202033727,92.8382375683276));
#4620=CARTESIAN_POINT('Ctrl Pts',(1148.20502929574,342.721120930811,103.620974937714));
#4621=CARTESIAN_POINT('Ctrl Pts',(1150.38266769428,342.391176879668,114.010918745771));
#4622=CARTESIAN_POINT('Ctrl Pts',(1150.98898105717,342.280629208777,117.690956274907));
#4623=CARTESIAN_POINT('Ctrl Pts',(1071.,346.195654815548,58.3701397670112));
#4624=CARTESIAN_POINT('Ctrl Pts',(1076.71845022086,346.046749392792,58.3822445125828));
#4625=CARTESIAN_POINT('Ctrl Pts',(1087.31092578227,345.754025128285,58.8344020143456));
#4626=CARTESIAN_POINT('Ctrl Pts',(1100.80177149592,345.329179859394,60.7542058019618));
#4627=CARTESIAN_POINT('Ctrl Pts',(1108.36911708276,345.053999087926,62.8258495017682));
#4628=CARTESIAN_POINT('Ctrl Pts',(1114.36942374858,344.819358591281,64.9411451478953));
#4629=CARTESIAN_POINT('Ctrl Pts',(1121.44864336768,344.525998829185,67.9145782367865));
#4630=CARTESIAN_POINT('Ctrl Pts',(1130.81877409136,344.061612086363,74.1718941387382));
#4631=CARTESIAN_POINT('Ctrl Pts',(1137.99039604565,343.609304646489,82.3406268976725));
#4632=CARTESIAN_POINT('Ctrl Pts',(1144.20812150479,343.131864623575,92.7304129926627));
#4633=CARTESIAN_POINT('Ctrl Pts',(1148.26850953183,342.719653183905,103.569018541091));
#4634=CARTESIAN_POINT('Ctrl Pts',(1150.41596743033,342.390775846418,113.998378063697));
#4635=CARTESIAN_POINT('Ctrl Pts',(1151.01105,342.280629208777,117.690956274907));
#4636=CARTESIAN_POINT('Ctrl Pts',(1071.,346.195654815548,58.1034731003445));
#4637=CARTESIAN_POINT('Ctrl Pts',(1075.47574947022,346.068034055536,58.121179872748));
#4638=CARTESIAN_POINT('Ctrl Pts',(1084.17997002604,345.814079191158,58.2636304272029));
#4639=CARTESIAN_POINT('Ctrl Pts',(1096.51783491845,345.424933793677,59.1882191756185));
#4640=CARTESIAN_POINT('Ctrl Pts',(1104.2796965939,345.15197884662,60.5384243541786));
#4641=CARTESIAN_POINT('Ctrl Pts',(1110.7802749566,344.907285911666,62.1312809372992));
#4642=CARTESIAN_POINT('Ctrl Pts',(1118.79865298517,344.590320691018,64.5307479624644));
#4643=CARTESIAN_POINT('Ctrl Pts',(1130.3813807676,344.051690813541,70.6769118480404));
#4644=CARTESIAN_POINT('Ctrl Pts',(1138.79710152192,343.523096176876,80.5401744843197));
#4645=CARTESIAN_POINT('Ctrl Pts',(1145.37998232143,343.010045083446,92.7731998059044));
#4646=CARTESIAN_POINT('Ctrl Pts',(1148.75747817847,342.634556235224,104.562209884878));
#4647=CARTESIAN_POINT('Ctrl Pts',(1150.49184605262,342.367811537268,114.38461093936));
#4648=CARTESIAN_POINT('Ctrl Pts',(1151.0221,342.280629208777,117.690956274907));
#4649=CARTESIAN_POINT('Ctrl Pts',(1071.,346.195654815548,57.8368064336779));
#4650=CARTESIAN_POINT('Ctrl Pts',(1074.85823453498,346.078590649159,57.8610751758555));
#4651=CARTESIAN_POINT('Ctrl Pts',(1082.59328706398,345.838418978356,58.0680121483757));
#4652=CARTESIAN_POINT('Ctrl Pts',(1094.1464478409,345.452760145368,59.1959286220726));
#4653=CARTESIAN_POINT('Ctrl Pts',(1101.74551331046,345.173871915049,60.7210918248093));
#4654=CARTESIAN_POINT('Ctrl Pts',(1108.22412590145,344.921881919089,62.4681688520662));
#4655=CARTESIAN_POINT('Ctrl Pts',(1116.32301373584,344.59372578521,65.0651019125901));
#4656=CARTESIAN_POINT('Ctrl Pts',(1128.44105381861,344.031816791333,71.5009476497699));
#4657=CARTESIAN_POINT('Ctrl Pts',(1137.59551435416,343.48489765359,81.5023918108393));
#4658=CARTESIAN_POINT('Ctrl Pts',(1144.90948723027,342.963778256893,93.6929212683077));
#4659=CARTESIAN_POINT('Ctrl Pts',(1148.7647003528,342.596296395174,105.22193260367));
#4660=CARTESIAN_POINT('Ctrl Pts',(1150.53871208095,342.356220672411,114.574874756134));
#4661=CARTESIAN_POINT('Ctrl Pts',(1151.03315,342.280629208777,117.690956274907));
#4662=CARTESIAN_POINT('',(1071.,346.195654815548,59.4368064336779));
#4663=CARTESIAN_POINT('Origin',(1071.,312.579820709473,59.1708719171716));
#4664=CARTESIAN_POINT('Origin',(940.999999998358,334.584173649053,117.664090467741));
#4665=CARTESIAN_POINT('',(940.966850000002,342.280629208777,117.690956274909));
#4666=CARTESIAN_POINT('',(941.033150000002,342.280629208777,117.690956274909));
#4667=CARTESIAN_POINT('Ctrl Pts',(940.966850000002,342.280629208777,117.690956274909));
#4668=CARTESIAN_POINT('Ctrl Pts',(940.958365659943,342.245544670623,117.69083380627));
#4669=CARTESIAN_POINT('Ctrl Pts',(940.941606100712,342.176147284112,117.690591562709));
#4670=CARTESIAN_POINT('Ctrl Pts',(940.917094151686,342.074366399846,117.690236278957));
#4671=CARTESIAN_POINT('Ctrl Pts',(940.88566616781,341.943288112622,117.68977872756));
#4672=CARTESIAN_POINT('Ctrl Pts',(940.848402345023,341.78682554892,117.689232567963));
#4673=CARTESIAN_POINT('Ctrl Pts',(940.812944969439,341.636733335448,117.688708645174));
#4674=CARTESIAN_POINT('Ctrl Pts',(940.778871788772,341.491015363988,117.688199991432));
#4675=CARTESIAN_POINT('Ctrl Pts',(940.745461312173,341.346262873574,117.687694707868));
#4676=CARTESIAN_POINT('Ctrl Pts',(940.711687733874,341.197625209001,117.687175862433));
#4677=CARTESIAN_POINT('Ctrl Pts',(940.676450156218,341.039869625991,117.686625189329));
#4678=CARTESIAN_POINT('Ctrl Pts',(940.638769432088,340.868289580866,117.686026259553));
#4679=CARTESIAN_POINT('Ctrl Pts',(940.597976756806,340.679577168048,117.685367526289));
#4680=CARTESIAN_POINT('Ctrl Pts',(940.553957424746,340.47294573283,117.684646243583));
#4681=CARTESIAN_POINT('Ctrl Pts',(940.50715369632,340.250157215798,117.683868561792));
#4682=CARTESIAN_POINT('Ctrl Pts',(940.458366258201,340.014633374418,117.683046425153));
#4683=CARTESIAN_POINT('Ctrl Pts',(940.408613429946,339.770829676196,117.682195386244));
#4684=CARTESIAN_POINT('Ctrl Pts',(940.358966555395,339.523500916999,117.681332042501));
#4685=CARTESIAN_POINT('Ctrl Pts',(940.310395957955,339.277014779606,117.680471640075));
#4686=CARTESIAN_POINT('Ctrl Pts',(940.263611547724,339.034641372279,117.679625593843));
#4687=CARTESIAN_POINT('Ctrl Pts',(940.218907853301,338.797862133689,117.678799075024));
#4688=CARTESIAN_POINT('Ctrl Pts',(940.176258602629,338.56675032017,117.67799233933));
#4689=CARTESIAN_POINT('Ctrl Pts',(940.135409938816,338.340345087797,117.67720203277));
#4690=CARTESIAN_POINT('Ctrl Pts',(940.095972636421,338.117022694793,117.676422487394));
#4691=CARTESIAN_POINT('Ctrl Pts',(940.057517932374,337.894879835895,117.675647059385));
#4692=CARTESIAN_POINT('Ctrl Pts',(940.019664262324,337.672085819758,117.674869358399));
#4693=CARTESIAN_POINT('Ctrl Pts',(939.982186483114,337.447311928315,117.674084746317));
#4694=CARTESIAN_POINT('Ctrl Pts',(939.945043089758,337.219879076347,117.673290852673));
#4695=CARTESIAN_POINT('Ctrl Pts',(939.90831719886,336.989609150568,117.672487055734));
#4696=CARTESIAN_POINT('Ctrl Pts',(939.872180575523,336.756755655813,117.671674240401));
#4697=CARTESIAN_POINT('Ctrl Pts',(939.836848346748,336.521902099452,117.670854443508));
#4698=CARTESIAN_POINT('Ctrl Pts',(939.802537563227,336.2858742923,117.670030547689));
#4699=CARTESIAN_POINT('Ctrl Pts',(939.769424470892,336.049646688189,117.669205954445));
#4700=CARTESIAN_POINT('Ctrl Pts',(939.737601328058,335.814251525165,117.66838426698));
#4701=CARTESIAN_POINT('Ctrl Pts',(939.707096981143,335.580646855853,117.667568829542));
#4702=CARTESIAN_POINT('Ctrl Pts',(939.677899062795,335.349581067467,117.666762254507));
#4703=CARTESIAN_POINT('Ctrl Pts',(939.649975187326,335.12146475482,117.665965975127));
#4704=CARTESIAN_POINT('Ctrl Pts',(939.623295435494,334.896225564405,117.665179738838));
#4705=CARTESIAN_POINT('Ctrl Pts',(939.597852255044,334.673202495692,117.664401238304));
#4706=CARTESIAN_POINT('Ctrl Pts',(939.57368647878,334.450943589246,117.663625405211));
#4707=CARTESIAN_POINT('Ctrl Pts',(939.550891391706,334.227352213314,117.662844920904));
#4708=CARTESIAN_POINT('Ctrl Pts',(939.529593058801,334.000210816331,117.662052044634));
#4709=CARTESIAN_POINT('Ctrl Pts',(939.509936948789,333.767604625017,117.661240092557));
#4710=CARTESIAN_POINT('Ctrl Pts',(939.492071998075,333.528386144347,117.660405059141));
#4711=CARTESIAN_POINT('Ctrl Pts',(939.476135767855,333.282622426721,117.659547178446));
#4712=CARTESIAN_POINT('Ctrl Pts',(939.462239139532,333.032049796422,117.658672511411));
#4713=CARTESIAN_POINT('Ctrl Pts',(939.450451169818,332.780526747524,117.657794526775));
#4714=CARTESIAN_POINT('Ctrl Pts',(939.440806148815,332.533156663705,117.656931038781));
#4715=CARTESIAN_POINT('Ctrl Pts',(939.433310869613,332.295392851146,117.656101083136));
#4716=CARTESIAN_POINT('Ctrl Pts',(939.427951578444,332.07217689117,117.655321909283));
#4717=CARTESIAN_POINT('Ctrl Pts',(939.424701577921,331.867002687318,117.654605713294));
#4718=CARTESIAN_POINT('Ctrl Pts',(939.423527325459,331.681152295138,117.653956970407));
#4719=CARTESIAN_POINT('Ctrl Pts',(939.424398194733,331.512510068789,117.653368295595));
#4720=CARTESIAN_POINT('Ctrl Pts',(939.427282539978,331.355968194711,117.652821859151));
#4721=CARTESIAN_POINT('Ctrl Pts',(939.432132331536,331.205245080008,117.652295734093));
#4722=CARTESIAN_POINT('Ctrl Pts',(939.438869504002,331.054355319141,117.651769027326));
#4723=CARTESIAN_POINT('Ctrl Pts',(939.447374820784,330.899123801729,117.651227164909));
#4724=CARTESIAN_POINT('Ctrl Pts',(939.457467105762,330.73894050374,117.650668017447));
#4725=CARTESIAN_POINT('Ctrl Pts',(939.46897867123,330.57572849956,117.650098297762));
#4726=CARTESIAN_POINT('Ctrl Pts',(939.481850838201,330.412408972747,117.649528202752));
#4727=CARTESIAN_POINT('Ctrl Pts',(939.496214106893,330.251614539202,117.648966922015));
#4728=CARTESIAN_POINT('Ctrl Pts',(939.512493979075,330.094135383613,117.648417213829));
#4729=CARTESIAN_POINT('Ctrl Pts',(939.531449259634,329.937961914119,117.647872063365));
#4730=CARTESIAN_POINT('Ctrl Pts',(939.553903323788,329.779984521528,117.647320615997));
#4731=CARTESIAN_POINT('Ctrl Pts',(939.580499779733,329.617447075097,117.646753250973));
#4732=CARTESIAN_POINT('Ctrl Pts',(939.611480770558,329.449295656487,117.646166289409));
#4733=CARTESIAN_POINT('Ctrl Pts',(939.646377807482,329.278056053892,117.645568548007));
#4734=CARTESIAN_POINT('Ctrl Pts',(939.684041989226,329.109616055177,117.644980579105));
#4735=CARTESIAN_POINT('Ctrl Pts',(939.723035507779,328.95083069561,117.644426311388));
#4736=CARTESIAN_POINT('Ctrl Pts',(939.761927780574,328.807612528269,117.643926383644));
#4737=CARTESIAN_POINT('Ctrl Pts',(939.79962744528,328.683038773006,117.643491537439));
#4738=CARTESIAN_POINT('Ctrl Pts',(939.835707961732,328.574901470947,117.643114065513));
#4739=CARTESIAN_POINT('Ctrl Pts',(939.870633259216,328.477150737936,117.6427728497));
#4740=CARTESIAN_POINT('Ctrl Pts',(939.905876522124,328.382431214302,117.642442214846));
#4741=CARTESIAN_POINT('Ctrl Pts',(939.944207195704,328.284432432388,117.642100133175));
#4742=CARTESIAN_POINT('Ctrl Pts',(939.989491233054,328.179782762702,117.641734835432));
#4743=CARTESIAN_POINT('Ctrl Pts',(940.044595231534,328.068155466997,117.641345181081));
#4744=CARTESIAN_POINT('Ctrl Pts',(940.109960690359,327.952464983369,117.64094134347));
#4745=CARTESIAN_POINT('Ctrl Pts',(940.18112058283,327.839561168654,117.640547233208));
#4746=CARTESIAN_POINT('Ctrl Pts',(940.250889105007,327.737861759079,117.640192233858));
#4747=CARTESIAN_POINT('Ctrl Pts',(940.313680575064,327.653486868477,117.639897708732));
#4748=CARTESIAN_POINT('Ctrl Pts',(940.369074553629,327.586963149553,117.639665496203));
#4749=CARTESIAN_POINT('Ctrl Pts',(940.42590105877,327.52945386537,117.639464750116));
#4750=CARTESIAN_POINT('Ctrl Pts',(940.496478631181,327.470164612025,117.639257790739));
#4751=CARTESIAN_POINT('Ctrl Pts',(940.590659568239,327.403982051144,117.639026769082));
#4752=CARTESIAN_POINT('Ctrl Pts',(940.709909564906,327.339089474692,117.638800250338));
#4753=CARTESIAN_POINT('Ctrl Pts',(940.849374889307,327.290167476785,117.638629479657));
#4754=CARTESIAN_POINT('Ctrl Pts',(940.99999999361,327.271508841318,117.638564348467));
#4755=CARTESIAN_POINT('Ctrl Pts',(941.150625124463,327.290167476787,117.638629479657));
#4756=CARTESIAN_POINT('Ctrl Pts',(941.290090498913,327.339089474695,117.638800250338));
#4757=CARTESIAN_POINT('Ctrl Pts',(941.409340513755,327.403982051146,117.639026769082));
#4758=CARTESIAN_POINT('Ctrl Pts',(941.50352138928,327.470164612025,117.639257790739));
#4759=CARTESIAN_POINT('Ctrl Pts',(941.574098813689,327.529453865368,117.639464750116));
#4760=CARTESIAN_POINT('Ctrl Pts',(941.630925151662,327.586963149552,117.639665496203));
#4761=CARTESIAN_POINT('Ctrl Pts',(941.686319032546,327.653486868477,117.639897708732));
#4762=CARTESIAN_POINT('Ctrl Pts',(941.749110531502,327.737861759081,117.640192233857));
#4763=CARTESIAN_POINT('Ctrl Pts',(941.818879183427,327.839561168656,117.640547233208));
#4764=CARTESIAN_POINT('Ctrl Pts',(941.890039238394,327.952464983371,117.64094134347));
#4765=CARTESIAN_POINT('Ctrl Pts',(941.955404817131,328.068155466996,117.641345181081));
#4766=CARTESIAN_POINT('Ctrl Pts',(942.010508853661,328.179782762698,117.641734835432));
#4767=CARTESIAN_POINT('Ctrl Pts',(942.055792863747,328.284432432382,117.642100133175));
#4768=CARTESIAN_POINT('Ctrl Pts',(942.094123484199,328.382431214301,117.642442214846));
#4769=CARTESIAN_POINT('Ctrl Pts',(942.129366710347,328.477150737941,117.6427728497));
#4770=CARTESIAN_POINT('Ctrl Pts',(942.164292002446,328.574901470954,117.643114065513));
#4771=CARTESIAN_POINT('Ctrl Pts',(942.2003725371,328.683038773013,117.643491537439));
#4772=CARTESIAN_POINT('Ctrl Pts',(942.238072226339,328.807612528268,117.643926383643));
#4773=CARTESIAN_POINT('Ctrl Pts',(942.276964514859,328.9508306956,117.644426311388));
#4774=CARTESIAN_POINT('Ctrl Pts',(942.315958036236,329.109616055161,117.644980579105));
#4775=CARTESIAN_POINT('Ctrl Pts',(942.353622210061,329.278056053878,117.645568548007));
#4776=CARTESIAN_POINT('Ctrl Pts',(942.388519234282,329.449295656481,117.646166289409));
#4777=CARTESIAN_POINT('Ctrl Pts',(942.419500214243,329.617447075103,117.646753250973));
#4778=CARTESIAN_POINT('Ctrl Pts',(942.446096664994,329.779984521544,117.647320615997));
#4779=CARTESIAN_POINT('Ctrl Pts',(942.468550729757,329.937961914137,117.647872063365));
#4780=CARTESIAN_POINT('Ctrl Pts',(942.487506014863,330.094135383625,117.648417213829));
#4781=CARTESIAN_POINT('Ctrl Pts',(942.50378589267,330.251614539203,117.648966922015));
#4782=CARTESIAN_POINT('Ctrl Pts',(942.518149165448,330.412408972739,117.649528202752));
#4783=CARTESIAN_POINT('Ctrl Pts',(942.53102133389,330.575728499547,117.650098297762));
#4784=CARTESIAN_POINT('Ctrl Pts',(942.542532898456,330.738940503728,117.650668017447));
#4785=CARTESIAN_POINT('Ctrl Pts',(942.552625181139,330.899123801723,117.651227164909));
#4786=CARTESIAN_POINT('Ctrl Pts',(942.561130495498,331.054355319143,117.651769027326));
#4787=CARTESIAN_POINT('Ctrl Pts',(942.567867666405,331.205245080016,117.652295734092));
#4788=CARTESIAN_POINT('Ctrl Pts',(942.572717457577,331.355968194724,117.652821859152));
#4789=CARTESIAN_POINT('Ctrl Pts',(942.575601803443,331.512510068802,117.653368295595));
#4790=CARTESIAN_POINT('Ctrl Pts',(942.576472673913,331.681152295144,117.653956970407));
#4791=CARTESIAN_POINT('Ctrl Pts',(942.575298422695,331.867002687313,117.654605713294));
#4792=CARTESIAN_POINT('Ctrl Pts',(942.572048423079,332.072176891152,117.655321909282));
#4793=CARTESIAN_POINT('Ctrl Pts',(942.566689132311,332.295392851118,117.656101083136));
#4794=CARTESIAN_POINT('Ctrl Pts',(942.559193853008,332.533156663671,117.656931038781));
#4795=CARTESIAN_POINT('Ctrl Pts',(942.54954883151,332.780526747494,117.657794526775));
#4796=CARTESIAN_POINT('Ctrl Pts',(942.53776086111,333.032049796405,117.658672511411));
#4797=CARTESIAN_POINT('Ctrl Pts',(942.523864232103,333.282622426721,117.659547178446));
#4798=CARTESIAN_POINT('Ctrl Pts',(942.507928001378,333.528386144364,117.660405059141));
#4799=CARTESIAN_POINT('Ctrl Pts',(942.490063050404,333.767604625042,117.661240092557));
#4800=CARTESIAN_POINT('Ctrl Pts',(942.470406940373,334.000210816354,117.662052044634));
#4801=CARTESIAN_POINT('Ctrl Pts',(942.449108607638,334.227352213329,117.662844920903));
#4802=CARTESIAN_POINT('Ctrl Pts',(942.426313520839,334.450943589251,117.663625405211));
#4803=CARTESIAN_POINT('Ctrl Pts',(942.402147744866,334.673202495689,117.664401238304));
#4804=CARTESIAN_POINT('Ctrl Pts',(942.376704564633,334.896225564405,117.665179738838));
#4805=CARTESIAN_POINT('Ctrl Pts',(942.350024812905,335.121464754834,117.665965975126));
#4806=CARTESIAN_POINT('Ctrl Pts',(942.322100937436,335.349581067497,117.666762254507));
#4807=CARTESIAN_POINT('Ctrl Pts',(942.292903019015,335.580646855892,117.667568829542));
#4808=CARTESIAN_POINT('Ctrl Pts',(942.262398672008,335.814251525202,117.66838426698));
#4809=CARTESIAN_POINT('Ctrl Pts',(942.230575529111,336.049646688211,117.669205954445));
#4810=CARTESIAN_POINT('Ctrl Pts',(942.197462436765,336.2858742923,117.670030547689));
#4811=CARTESIAN_POINT('Ctrl Pts',(942.163151653282,336.52190209943,117.670854443508));
#4812=CARTESIAN_POINT('Ctrl Pts',(942.127819424562,336.756755655776,117.671674240401));
#4813=CARTESIAN_POINT('Ctrl Pts',(942.09168280127,336.989609150526,117.672487055734));
#4814=CARTESIAN_POINT('Ctrl Pts',(942.054956910379,337.219879076311,117.673290852673));
#4815=CARTESIAN_POINT('Ctrl Pts',(942.017813516989,337.447311928292,117.674084746316));
#4816=CARTESIAN_POINT('Ctrl Pts',(941.980335737714,337.672085819752,117.674869358399));
#4817=CARTESIAN_POINT('Ctrl Pts',(941.942482067593,337.894879835902,117.675647059385));
#4818=CARTESIAN_POINT('Ctrl Pts',(941.904027363489,338.117022694806,117.676422487394));
#4819=CARTESIAN_POINT('Ctrl Pts',(941.864590061053,338.340345087813,117.67720203277));
#4820=CARTESIAN_POINT('Ctrl Pts',(941.82374139722,338.566750320185,117.67799233933));
#4821=CARTESIAN_POINT('Ctrl Pts',(941.78109214655,338.797862133703,117.678799075024));
#4822=CARTESIAN_POINT('Ctrl Pts',(941.736388452172,339.03464137229,117.679625593843));
#4823=CARTESIAN_POINT('Ctrl Pts',(941.689604042037,339.277014779607,117.680471640075));
#4824=CARTESIAN_POINT('Ctrl Pts',(941.641033444734,339.523500916986,117.681332042501));
#4825=CARTESIAN_POINT('Ctrl Pts',(941.59138657032,339.770829676172,117.682195386244));
#4826=CARTESIAN_POINT('Ctrl Pts',(941.541633742162,340.014633374386,117.683046425153));
#4827=CARTESIAN_POINT('Ctrl Pts',(941.492846304064,340.250157215764,117.683868561792));
#4828=CARTESIAN_POINT('Ctrl Pts',(941.446042575558,340.472945732803,117.684646243582));
#4829=CARTESIAN_POINT('Ctrl Pts',(941.402023243327,340.679577168036,117.685367526289));
#4830=CARTESIAN_POINT('Ctrl Pts',(941.361230567813,340.868289580876,117.686026259553));
#4831=CARTESIAN_POINT('Ctrl Pts',(941.32354984346,341.039869626021,117.686625189329));
#4832=CARTESIAN_POINT('Ctrl Pts',(941.288312265678,341.197625209044,117.687175862433));
#4833=CARTESIAN_POINT('Ctrl Pts',(941.25453868743,341.346262873615,117.687694707868));
#4834=CARTESIAN_POINT('Ctrl Pts',(941.221128211094,341.491015364003,117.688199991432));
#4835=CARTESIAN_POINT('Ctrl Pts',(941.187055030857,341.636733335417,117.688708645174));
#4836=CARTESIAN_POINT('Ctrl Pts',(941.151597655731,341.786825548841,117.689232567963));
#4837=CARTESIAN_POINT('Ctrl Pts',(941.114333833215,341.943288112515,117.68977872756));
#4838=CARTESIAN_POINT('Ctrl Pts',(941.08290584923,342.074366399752,117.690236278956));
#4839=CARTESIAN_POINT('Ctrl Pts',(941.058393899858,342.176147284052,117.690591562709));
#4840=CARTESIAN_POINT('Ctrl Pts',(941.04163434027,342.245544670601,117.69083380627));
#4841=CARTESIAN_POINT('Ctrl Pts',(941.033150000002,342.280629208777,117.690956274909));
#4842=CARTESIAN_POINT('',(940.966850000002,342.280629208777,117.690956274909));
#4843=CARTESIAN_POINT('Ctrl Pts',(1021.,346.195654815548,57.8368064336779));
#4844=CARTESIAN_POINT('Ctrl Pts',(1017.14176546502,346.078590649159,57.8610751758556));
#4845=CARTESIAN_POINT('Ctrl Pts',(1011.34047606034,345.898461895512,58.0162779094633));
#4846=CARTESIAN_POINT('Ctrl Pts',(1003.63013253398,345.64558956093,58.6319703924472));
#4847=CARTESIAN_POINT('Ctrl Pts',(997.872875449756,345.448676064702,59.3409065733894));
#4848=CARTESIAN_POINT('Ctrl Pts',(992.154264980392,345.243594409444,60.3397986391261));
#4849=CARTESIAN_POINT('Ctrl Pts',(988.376370606985,345.100821325469,61.227560372463));
#4850=CARTESIAN_POINT('Ctrl Pts',(985.137056435515,344.974826021104,62.1011010103785));
#4851=CARTESIAN_POINT('Ctrl Pts',(982.426046425443,344.867188701439,62.9009952123415));
#4852=CARTESIAN_POINT('Ctrl Pts',(977.092343428555,344.646192540816,64.7868423173017));
#4853=CARTESIAN_POINT('Ctrl Pts',(970.671008812321,344.361600478454,67.7237578028436));
#4854=CARTESIAN_POINT('Ctrl Pts',(963.80197250929,344.023538717968,72.1924528409895));
#4855=CARTESIAN_POINT('Ctrl Pts',(957.944338315946,343.696380697004,77.6350270025824));
#4856=CARTESIAN_POINT('Ctrl Pts',(953.876210560804,343.440469655978,82.7216698586306));
#4857=CARTESIAN_POINT('Ctrl Pts',(951.049733573564,343.245872105973,87.0939086146932));
#4858=CARTESIAN_POINT('Ctrl Pts',(948.230528149839,343.038604408644,92.1447538603411));
#4859=CARTESIAN_POINT('Ctrl Pts',(945.255759570908,342.788888174712,99.1797494823186));
#4860=CARTESIAN_POINT('Ctrl Pts',(943.079261781162,342.561707313966,106.812941650566));
#4861=CARTESIAN_POINT('Ctrl Pts',(941.756956509964,342.396233290783,113.016051080246));
#4862=CARTESIAN_POINT('Ctrl Pts',(941.214068959524,342.318424940594,116.132915515523));
#4863=CARTESIAN_POINT('Ctrl Pts',(940.966850000002,342.280629208777,117.690956274909));
#4864=CARTESIAN_POINT('Ctrl Pts',(1021.,345.679515138915,57.8304466022566));
#4865=CARTESIAN_POINT('Ctrl Pts',(1017.10054360531,345.564059859439,57.8546274074768));
#4866=CARTESIAN_POINT('Ctrl Pts',(1011.24906702446,345.388321831232,58.0146181831293));
#4867=CARTESIAN_POINT('Ctrl Pts',(1003.49174229343,345.145187118737,58.6434973425871));
#4868=CARTESIAN_POINT('Ctrl Pts',(997.708377771677,344.957500632668,59.3649655224548));
#4869=CARTESIAN_POINT('Ctrl Pts',(991.971949281625,344.763551914003,60.37827226005));
#4870=CARTESIAN_POINT('Ctrl Pts',(988.187143110587,344.629459530335,61.2763927209215));
#4871=CARTESIAN_POINT('Ctrl Pts',(984.943768855186,344.511487903318,62.1589711684812));
#4872=CARTESIAN_POINT('Ctrl Pts',(982.230504282743,344.41092129433,62.9665246552074));
#4873=CARTESIAN_POINT('Ctrl Pts',(976.89649664043,344.205367227177,64.8675597666051));
#4874=CARTESIAN_POINT('Ctrl Pts',(970.481866004433,343.942499690244,67.8224929410607));
#4875=CARTESIAN_POINT('Ctrl Pts',(963.629210073369,343.633538044388,72.3084795235255));
#4876=CARTESIAN_POINT('Ctrl Pts',(957.793173689827,343.338115921632,77.7622610287105));
#4877=CARTESIAN_POINT('Ctrl Pts',(953.745277233836,343.110538683221,82.8521179067084));
#4878=CARTESIAN_POINT('Ctrl Pts',(950.935629239497,342.940162043703,87.2225064987051));
#4879=CARTESIAN_POINT('Ctrl Pts',(948.1352557918,342.760987574111,92.2676789907972));
#4880=CARTESIAN_POINT('Ctrl Pts',(945.184857306504,342.551120963216,99.2861198338791));
#4881=CARTESIAN_POINT('Ctrl Pts',(943.029718785144,342.369080233873,106.886038606197));
#4882=CARTESIAN_POINT('Ctrl Pts',(941.720302097592,342.241940962909,113.051217333952));
#4883=CARTESIAN_POINT('Ctrl Pts',(941.182153522813,342.184034361333,116.145069100371));
#4884=CARTESIAN_POINT('Ctrl Pts',(940.936801295628,342.156371469483,117.690522531813));
#4885=CARTESIAN_POINT('Ctrl Pts',(1021.00000000005,344.615708240322,57.809940964807));
#4886=CARTESIAN_POINT('Ctrl Pts',(1017.01609407506,344.503738307336,57.8344943231162));
#4887=CARTESIAN_POINT('Ctrl Pts',(1011.06168752612,344.337582210877,58.0049688577179));
#4888=CARTESIAN_POINT('Ctrl Pts',(1003.20861419681,344.115732360476,58.662150799433));
#4889=CARTESIAN_POINT('Ctrl Pts',(997.372325367067,343.948171767738,59.4103171239788));
#4890=CARTESIAN_POINT('Ctrl Pts',(991.60019354659,343.778442553216,60.4542643434183));
#4891=CARTESIAN_POINT('Ctrl Pts',(987.80188308875,343.663172824542,61.3743529495772));
#4892=CARTESIAN_POINT('Ctrl Pts',(984.550804771953,343.562565842297,62.2760824927651));
#4893=CARTESIAN_POINT('Ctrl Pts',(981.833466873469,343.477283116965,63.0998545494267));
#4894=CARTESIAN_POINT('Ctrl Pts',(976.499977866515,343.305015736982,65.0329983255399));
#4895=CARTESIAN_POINT('Ctrl Pts',(970.100493652161,343.088782118386,68.0259007511103));
#4896=CARTESIAN_POINT('Ctrl Pts',(963.282693441983,342.841915360228,72.548026535177));
#4897=CARTESIAN_POINT('Ctrl Pts',(957.491557831751,342.613822647695,78.0247599071811));
#4898=CARTESIAN_POINT('Ctrl Pts',(953.485161273629,342.446030409176,83.1208245176273));
#4899=CARTESIAN_POINT('Ctrl Pts',(950.709761402148,342.326552979243,87.4870102855228));
#4900=CARTESIAN_POINT('Ctrl Pts',(947.947517142548,342.20625920171,92.5200633395981));
#4901=CARTESIAN_POINT('Ctrl Pts',(945.046045582678,342.079554254803,99.5039470141532));
#4902=CARTESIAN_POINT('Ctrl Pts',(942.933552948812,341.991161667719,107.035336505952));
#4903=CARTESIAN_POINT('Ctrl Pts',(941.649956128747,341.943212375451,113.122915612658));
#4904=CARTESIAN_POINT('Ctrl Pts',(941.121385865286,341.926306115934,116.169843848944));
#4905=CARTESIAN_POINT('Ctrl Pts',(940.879856012778,341.919486879317,117.689695645252));
#4906=CARTESIAN_POINT('Ctrl Pts',(1021.0000000001,343.336926394317,57.7786516578469));
#4907=CARTESIAN_POINT('Ctrl Pts',(1016.90565625586,343.229915625105,57.804728115256));
#4908=CARTESIAN_POINT('Ctrl Pts',(1010.81700097588,343.075657590721,57.9904774425633));
#4909=CARTESIAN_POINT('Ctrl Pts',(1002.8400520249,342.87881441716,58.6868623891306));
#4910=CARTESIAN_POINT('Ctrl Pts',(996.936053789493,342.73458492398,59.471679231575));
#4911=CARTESIAN_POINT('Ctrl Pts',(991.119180003657,342.592786964417,60.5574566467452));
#4912=CARTESIAN_POINT('Ctrl Pts',(987.304779015231,342.499214365663,61.5074149865226));
#4913=CARTESIAN_POINT('Ctrl Pts',(984.045076377972,342.418651085951,62.4351256897672));
#4914=CARTESIAN_POINT('Ctrl Pts',(981.323689043064,342.351025491494,63.2808660595906));
#4915=CARTESIAN_POINT('Ctrl Pts',(975.993532580932,342.217324210442,65.2573333189138));
#4916=CARTESIAN_POINT('Ctrl Pts',(969.617099324157,342.055409301273,68.3010762086319));
#4917=CARTESIAN_POINT('Ctrl Pts',(962.847796240458,341.881604565233,72.8706413491184));
#4918=CARTESIAN_POINT('Ctrl Pts',(957.11677231971,341.733680234244,78.3759928061979));
#4919=CARTESIAN_POINT('Ctrl Pts',(953.164650182522,341.637993418189,83.4782775137025));
#4920=CARTESIAN_POINT('Ctrl Pts',(950.433405458999,341.580575903497,87.8372766816446));
#4921=CARTESIAN_POINT('Ctrl Pts',(947.71988471779,341.532608076315,92.852590393213));
#4922=CARTESIAN_POINT('Ctrl Pts',(944.879948938739,341.509377636359,99.7890220564889));
#4923=CARTESIAN_POINT('Ctrl Pts',(942.820524632602,341.539959070583,107.22948516746));
#4924=CARTESIAN_POINT('Ctrl Pts',(941.569271745156,341.594339171737,113.215738154286));
#4925=CARTESIAN_POINT('Ctrl Pts',(941.052918417162,341.631013743811,116.2019191887));
#4926=CARTESIAN_POINT('Ctrl Pts',(940.816369147048,341.651593928241,117.688760518651));
#4927=CARTESIAN_POINT('Ctrl Pts',(1021.00000000012,342.270540739983,57.7346585083317));
#4928=CARTESIAN_POINT('Ctrl Pts',(1016.81460481719,342.167836109057,57.7625194428795));
#4929=CARTESIAN_POINT('Ctrl Pts',(1010.61547941114,342.024109553912,57.961966699763));
#4930=CARTESIAN_POINT('Ctrl Pts',(1002.53706357232,341.849443111066,58.6925854401421));
#4931=CARTESIAN_POINT('Ctrl Pts',(996.577996864255,341.725878784476,59.5092930315398));
#4932=CARTESIAN_POINT('Ctrl Pts',(990.725210342356,341.608748600437,60.6313947831274));
#4933=CARTESIAN_POINT('Ctrl Pts',(986.89833129959,341.534267041999,61.6072721328359));
#4934=CARTESIAN_POINT('Ctrl Pts',(983.63224668112,341.4713003622,62.5575201183829));
#4935=CARTESIAN_POINT('Ctrl Pts',(980.908162179424,341.419153287924,63.4223130843072));
#4936=CARTESIAN_POINT('Ctrl Pts',(975.58208337276,341.319148841564,65.4363356633817));
#4937=CARTESIAN_POINT('Ctrl Pts',(969.22626664376,341.204457565651,68.5241075507993));
#4938=CARTESIAN_POINT('Ctrl Pts',(962.498347377654,341.093711050084,73.1346382417411));
#4939=CARTESIAN_POINT('Ctrl Pts',(956.817462315973,341.01449640305,78.6644962606942));
#4940=CARTESIAN_POINT('Ctrl Pts',(952.909952001619,340.980204944875,83.7721486826773));
#4941=CARTESIAN_POINT('Ctrl Pts',(950.214666027874,340.975373337956,88.1252392173378));
#4942=CARTESIAN_POINT('Ctrl Pts',(947.540592503196,340.988502347625,93.1258686743142));
#4943=CARTESIAN_POINT('Ctrl Pts',(944.749941907195,341.052239298933,100.023041484668));
#4944=CARTESIAN_POINT('Ctrl Pts',(942.732721758846,341.182148418076,107.388576179224));
#4945=CARTESIAN_POINT('Ctrl Pts',(941.507332246044,341.32155783372,113.291682719078));
#4946=CARTESIAN_POINT('Ctrl Pts',(941.00088192638,341.402620033845,116.228167310628));
#4947=CARTESIAN_POINT('Ctrl Pts',(940.768430898052,341.44586511252,117.688042386696));
#4948=CARTESIAN_POINT('Ctrl Pts',(1021.00000000014,341.477289514156,57.6948341045788));
#4949=CARTESIAN_POINT('Ctrl Pts',(1016.74504641084,341.377981224342,57.7243202116965));
#4950=CARTESIAN_POINT('Ctrl Pts',(1010.46156280121,341.242119633587,57.9346917498809));
#4951=CARTESIAN_POINT('Ctrl Pts',(1002.30588260535,341.083616162809,58.6922653308387));
#4952=CARTESIAN_POINT('Ctrl Pts',(996.305039854505,340.9750180159,59.5340184363136));
#4953=CARTESIAN_POINT('Ctrl Pts',(990.42521400535,340.875707300676,60.684613412105));
#4954=CARTESIAN_POINT('Ctrl Pts',(986.589127414456,340.815011702642,61.6808064634638));
#4955=CARTESIAN_POINT('Ctrl Pts',(983.318470129807,340.764759065081,62.6487134686754));
#4956=CARTESIAN_POINT('Ctrl Pts',(980.592593234863,340.723799764173,63.5284313310414));
#4957=CARTESIAN_POINT('Ctrl Pts',(975.270186262881,340.648181936338,65.5718549914762));
#4958=CARTESIAN_POINT('Ctrl Pts',(968.930789517261,340.567748320799,68.6940532239374));
#4959=CARTESIAN_POINT('Ctrl Pts',(962.235041783988,340.502957685403,73.3365037638212));
#4960=CARTESIAN_POINT('Ctrl Pts',(956.592636534402,340.474090994869,78.8852714060839));
#4961=CARTESIAN_POINT('Ctrl Pts',(952.719071378286,340.485052902384,83.996949187238));
#4962=CARTESIAN_POINT('Ctrl Pts',(950.050993775498,340.519173981335,88.3453919323432));
#4963=CARTESIAN_POINT('Ctrl Pts',(947.40665962129,340.577712299358,93.3346257187086));
#4964=CARTESIAN_POINT('Ctrl Pts',(944.652916894165,340.706462498788,100.201565335415));
#4965=CARTESIAN_POINT('Ctrl Pts',(942.667170149153,340.911315292496,107.509741221414));
#4966=CARTESIAN_POINT('Ctrl Pts',(941.461147237877,341.115358265564,113.349441293204));
#4967=CARTESIAN_POINT('Ctrl Pts',(940.962181288393,341.230325677787,116.248116253423));
#4968=CARTESIAN_POINT('Ctrl Pts',(940.732859580943,341.290926454898,117.687501546558));
#4969=CARTESIAN_POINT('Ctrl Pts',(1021.00000000015,340.72376901838,57.6528108827149));
#4970=CARTESIAN_POINT('Ctrl Pts',(1016.67427356368,340.628018051131,57.6841912686587));
#4971=CARTESIAN_POINT('Ctrl Pts',(1010.30498341723,340.499351933295,57.9060445713866));
#4972=CARTESIAN_POINT('Ctrl Pts',(1002.07087114059,340.354695213977,58.6915934127381));
#4973=CARTESIAN_POINT('Ctrl Pts',(996.027746089312,340.258712192359,59.5592731763983));
#4974=CARTESIAN_POINT('Ctrl Pts',(990.120715639345,340.174352580634,60.7393188629323));
#4975=CARTESIAN_POINT('Ctrl Pts',(986.275516500037,340.125250391155,61.7564854918854));
#4976=CARTESIAN_POINT('Ctrl Pts',(983.00044623403,340.085728162202,62.7426113441428));
#4977=CARTESIAN_POINT('Ctrl Pts',(980.272958341236,340.0542329578,63.637720025328));
#4978=CARTESIAN_POINT('Ctrl Pts',(974.954727476624,339.999376903244,65.7114266710173));
#4979=CARTESIAN_POINT('Ctrl Pts',(968.632555997399,339.948428566719,68.8689987745846));
#4980=CARTESIAN_POINT('Ctrl Pts',(961.969926945455,339.923934630471,73.5440349290614));
#4981=CARTESIAN_POINT('Ctrl Pts',(956.366702279053,339.940113153497,79.11175738768));
#4982=CARTESIAN_POINT('Ctrl Pts',(952.527438618575,339.992394206908,84.2271049758003));
#4983=CARTESIAN_POINT('Ctrl Pts',(949.886715426578,340.062662606549,88.5704298472046));
#4984=CARTESIAN_POINT('Ctrl Pts',(947.272180447899,340.163789952558,93.547628604429));
#4985=CARTESIAN_POINT('Ctrl Pts',(944.555188415227,340.354609936515,100.38327001077));
#4986=CARTESIAN_POINT('Ctrl Pts',(942.600667806308,340.632933577815,107.632758074251));
#4987=CARTESIAN_POINT('Ctrl Pts',(941.413949904517,340.901625344403,113.40795839618));
#4988=CARTESIAN_POINT('Ctrl Pts',(940.922518168222,341.050942843079,116.268295003181));
#4989=CARTESIAN_POINT('Ctrl Pts',(940.696379453098,341.129240965415,117.686937155439));
#4990=CARTESIAN_POINT('Ctrl Pts',(1021.00000000018,339.767846757423,57.5958247751446));
#4991=CARTESIAN_POINT('Ctrl Pts',(1016.57838501975,339.677048369354,57.630083584393));
#4992=CARTESIAN_POINT('Ctrl Pts',(1010.09280894178,339.557029292137,57.8679107653509));
#4993=CARTESIAN_POINT('Ctrl Pts',(1001.7525765326,339.42760977465,58.6919808902342));
#4994=CARTESIAN_POINT('Ctrl Pts',(995.652363279988,339.345178920586,59.5952684467511));
#4995=CARTESIAN_POINT('Ctrl Pts',(989.70877063379,339.276771002753,60.8157046912971));
#4996=CARTESIAN_POINT('Ctrl Pts',(985.851480790744,339.240083098291,61.8615996691483));
#4997=CARTESIAN_POINT('Ctrl Pts',(982.570674219987,339.212114534093,62.8726634161724));
#4998=CARTESIAN_POINT('Ctrl Pts',(979.841221069997,339.190845554301,63.7888283646711));
#4999=CARTESIAN_POINT('Ctrl Pts',(974.529097841752,339.158639845682,65.9039124475479));
#5000=CARTESIAN_POINT('Ctrl Pts',(968.230780578409,339.140378333764,69.1096920198012));
#5001=CARTESIAN_POINT('Ctrl Pts',(961.613344396908,339.161748609321,73.8288205494963));
#5002=CARTESIAN_POINT('Ctrl Pts',(956.063081135013,339.230607014824,79.4216718958076));
#5003=CARTESIAN_POINT('Ctrl Pts',(952.269869830523,339.332491521268,84.5413015008207));
#5004=CARTESIAN_POINT('Ctrl Pts',(949.665701101873,339.447030784084,88.8770853815425));
#5005=CARTESIAN_POINT('Ctrl Pts',(947.090862982434,339.600985517686,93.8372989546561));
#5006=CARTESIAN_POINT('Ctrl Pts',(944.422540140529,339.870402339535,100.629710489263));
#5007=CARTESIAN_POINT('Ctrl Pts',(942.509244569464,340.244523080142,107.799157582269));
#5008=CARTESIAN_POINT('Ctrl Pts',(941.348147947581,340.599309446705,113.486925925377));
#5009=CARTESIAN_POINT('Ctrl Pts',(940.866818257642,340.794971945924,116.295463343231));
#5010=CARTESIAN_POINT('Ctrl Pts',(940.644993055935,340.897301329883,117.686127530092));
#5011=CARTESIAN_POINT('Ctrl Pts',(1021.0000000002,338.327577892607,57.49665961837));
#5012=CARTESIAN_POINT('Ctrl Pts',(1016.45576938706,338.24334441578,57.5351042564404));
#5013=CARTESIAN_POINT('Ctrl Pts',(1009.82150289341,338.137567000231,57.7945589034523));
#5014=CARTESIAN_POINT('Ctrl Pts',(1001.34570457295,338.036349589512,58.6701902226269));
#5015=CARTESIAN_POINT('Ctrl Pts',(995.172726035903,337.979728518487,59.6210803291272));
#5016=CARTESIAN_POINT('Ctrl Pts',(989.182738250319,337.941837535552,60.8954895994057));
#5017=CARTESIAN_POINT('Ctrl Pts',(985.310309936588,337.928662887083,61.9797853366281));
#5018=CARTESIAN_POINT('Ctrl Pts',(982.022477281869,337.92235478989,63.0241916038107));
#5019=CARTESIAN_POINT('Ctrl Pts',(979.290789361397,337.920131703718,63.9685149127728));
#5020=CARTESIAN_POINT('Ctrl Pts',(973.987043571366,337.929403008818,66.1389596621876));
#5021=CARTESIAN_POINT('Ctrl Pts',(967.719833664705,337.969370896441,69.4092982239025));
#5022=CARTESIAN_POINT('Ctrl Pts',(961.160369281576,338.068935450572,74.1875970278757));
#5023=CARTESIAN_POINT('Ctrl Pts',(955.677228477649,338.223693069753,79.8143477591504));
#5024=CARTESIAN_POINT('Ctrl Pts',(951.941856704441,338.403079128617,84.9403185026901));
#5025=CARTESIAN_POINT('Ctrl Pts',(949.383304205676,338.584583783913,89.266923404722));
#5026=CARTESIAN_POINT('Ctrl Pts',(946.857790872906,338.816819411697,94.2058117488974));
#5027=CARTESIAN_POINT('Ctrl Pts',(944.249434200436,339.198869350621,100.943294703205));
#5028=CARTESIAN_POINT('Ctrl Pts',(942.386733929616,339.704010711738,108.010722173211));
#5029=CARTESIAN_POINT('Ctrl Pts',(941.257365104566,340.172672793979,113.587164816707));
#5030=CARTESIAN_POINT('Ctrl Pts',(940.788752503091,340.428377094162,116.329838077621));
#5031=CARTESIAN_POINT('Ctrl Pts',(940.572443650883,340.561522722441,117.684955436882));
#5032=CARTESIAN_POINT('Ctrl Pts',(1021.00000000028,335.893756136835,57.3040659423429));
#5033=CARTESIAN_POINT('Ctrl Pts',(1016.30486369594,335.817977299668,57.3485002365884));
#5034=CARTESIAN_POINT('Ctrl Pts',(1009.48720451345,335.739717567196,57.6366764121816));
#5035=CARTESIAN_POINT('Ctrl Pts',(1000.8445694811,335.701556429051,58.5807562894379));
#5036=CARTESIAN_POINT('Ctrl Pts',(994.582184377751,335.704463149983,59.594794874932));
#5037=CARTESIAN_POINT('Ctrl Pts',(988.53547712623,335.737412242058,60.9409192523306));
#5038=CARTESIAN_POINT('Ctrl Pts',(984.644795314538,335.778379373953,62.0763350253341));
#5039=CARTESIAN_POINT('Ctrl Pts',(981.348694096702,335.821479720074,63.1651935014846));
#5040=CARTESIAN_POINT('Ctrl Pts',(978.614606409189,335.862435876517,64.1470950605645));
#5041=CARTESIAN_POINT('Ctrl Pts',(973.321895935387,335.964199976726,66.3916081236411));
#5042=CARTESIAN_POINT('Ctrl Pts',(967.093736771258,336.130384588858,69.7487521212784));
#5043=CARTESIAN_POINT('Ctrl Pts',(960.60577030066,336.391269189403,74.6076049127145));
#5044=CARTESIAN_POINT('Ctrl Pts',(955.204254359871,336.713612924301,80.2820913009153));
#5045=CARTESIAN_POINT('Ctrl Pts',(951.53845685346,337.035445111227,85.4197078425285));
#5046=CARTESIAN_POINT('Ctrl Pts',(949.034343986892,337.334034681664,89.7375654431174));
#5047=CARTESIAN_POINT('Ctrl Pts',(946.567368205972,337.698548123821,94.652697651555));
#5048=CARTESIAN_POINT('Ctrl Pts',(944.029427863423,338.259869709001,101.325189002115));
#5049=CARTESIAN_POINT('Ctrl Pts',(942.225871775958,338.954696701001,108.268900824249));
#5050=CARTESIAN_POINT('Ctrl Pts',(941.134052382495,339.575924533207,113.709489078053));
#5051=CARTESIAN_POINT('Ctrl Pts',(940.68081017452,339.907942180063,116.371619226657));
#5052=CARTESIAN_POINT('Ctrl Pts',(940.471309941656,340.079185616078,117.683271755931));
#5053=CARTESIAN_POINT('Ctrl Pts',(1021.00000000034,333.566049466361,57.1010064990397));
#5054=CARTESIAN_POINT('Ctrl Pts',(1016.1505104294,333.499240902788,57.1521504965362));
#5055=CARTESIAN_POINT('Ctrl Pts',(1009.14540990932,333.446405737813,57.4707842067929));
#5056=CARTESIAN_POINT('Ctrl Pts',(1000.33258826906,333.463990222565,58.4865528427279));
#5057=CARTESIAN_POINT('Ctrl Pts',(993.979352520007,333.518997167619,59.5666128758941));
#5058=CARTESIAN_POINT('Ctrl Pts',(987.875443954047,333.613713856065,60.9876096470941));
#5059=CARTESIAN_POINT('Ctrl Pts',(983.966777515829,333.701881473153,62.1763442143232));
#5060=CARTESIAN_POINT('Ctrl Pts',(980.662862261904,333.78810729255,63.3115360110193));
#5061=CARTESIAN_POINT('Ctrl Pts',(977.926891581341,333.866781016122,64.3325884735489));
#5062=CARTESIAN_POINT('Ctrl Pts',(972.646646029737,334.049543905973,66.6541759442534));
#5063=CARTESIAN_POINT('Ctrl Pts',(966.459786578736,334.326794498527,70.1014193215374));
#5064=CARTESIAN_POINT('Ctrl Pts',(960.045840193597,334.730995839323,75.0432893379502));
#5065=CARTESIAN_POINT('Ctrl Pts',(954.727610463302,335.204013002234,80.7659810003519));
#5066=CARTESIAN_POINT('Ctrl Pts',(951.132021784013,335.65570012522,85.914372965152));
#5067=CARTESIAN_POINT('Ctrl Pts',(948.682410841402,336.062361676156,90.2221982760647));
#5068=CARTESIAN_POINT('Ctrl Pts',(946.273725060105,336.550061566188,95.1117787430534));
#5069=CARTESIAN_POINT('Ctrl Pts',(943.805151402818,337.281078590452,101.716218863136));
#5070=CARTESIAN_POINT('Ctrl Pts',(942.059525848587,338.160599880379,108.532341836811));
#5071=CARTESIAN_POINT('Ctrl Pts',(941.00486810307,338.934140553755,113.83390150452));
#5072=CARTESIAN_POINT('Ctrl Pts',(940.567121919479,339.343714995959,116.413976054163));
#5073=CARTESIAN_POINT('Ctrl Pts',(940.364600052082,339.554052822933,117.681438689243));
#5074=CARTESIAN_POINT('Ctrl Pts',(1021.00000000041,332.121969299662,56.9641192902392));
#5075=CARTESIAN_POINT('Ctrl Pts',(1016.042451265,332.06166577178,57.0203792602623));
#5076=CARTESIAN_POINT('Ctrl Pts',(1008.90609073774,332.024008061731,57.3607559472714));
#5077=CARTESIAN_POINT('Ctrl Pts',(999.974660955201,332.072481130377,58.4274036674162));
#5078=CARTESIAN_POINT('Ctrl Pts',(993.558433691393,332.155828090719,59.5541902778791));
#5079=CARTESIAN_POINT('Ctrl Pts',(987.415330545428,332.283926331468,61.0281139793878));
#5080=CARTESIAN_POINT('Ctrl Pts',(983.49477151539,332.397611844354,62.2544812476068));
#5081=CARTESIAN_POINT('Ctrl Pts',(980.186038225883,332.507214337518,63.4223471310672));
#5082=CARTESIAN_POINT('Ctrl Pts',(977.449328413303,332.606369155892,64.4709903389222));
#5083=CARTESIAN_POINT('Ctrl Pts',(972.179019993582,332.833350659783,66.8467998173301));
#5084=CARTESIAN_POINT('Ctrl Pts',(966.022559920767,333.171834778037,70.3571964158193));
#5085=CARTESIAN_POINT('Ctrl Pts',(959.661765338276,333.656545367757,75.3566610467409));
#5086=CARTESIAN_POINT('Ctrl Pts',(954.402455188455,334.216124587515,81.1118100377599));
#5087=CARTESIAN_POINT('Ctrl Pts',(950.855985713144,334.744291282387,86.2663229216324));
#5088=CARTESIAN_POINT('Ctrl Pts',(948.444208743953,335.2159820504,90.565903766237));
#5089=CARTESIAN_POINT('Ctrl Pts',(946.075764337216,335.778912029223,95.4362329288666));
#5090=CARTESIAN_POINT('Ctrl Pts',(943.654573960548,336.616322918427,101.991349783704));
#5091=CARTESIAN_POINT('Ctrl Pts',(941.948250657088,337.616686456058,108.716946144824));
#5092=CARTESIAN_POINT('Ctrl Pts',(940.918996297153,338.49345704723,113.920818240665));
#5093=CARTESIAN_POINT('Ctrl Pts',(940.491994692755,338.956867115567,116.443525750523));
#5094=CARTESIAN_POINT('Ctrl Pts',(940.294379852309,339.194681569722,117.680184241835));
#5095=CARTESIAN_POINT('Ctrl Pts',(1021.00000000042,331.312572059037,56.8862321176342));
#5096=CARTESIAN_POINT('Ctrl Pts',(1015.98296878197,331.255897354153,56.9453434592758));
#5097=CARTESIAN_POINT('Ctrl Pts',(1008.77454244009,331.227025422717,57.2979200728313));
#5098=CARTESIAN_POINT('Ctrl Pts',(999.778065401876,331.293599954345,58.3928844550179));
#5099=CARTESIAN_POINT('Ctrl Pts',(993.327431002472,331.393606351808,59.5456953848112));
#5100=CARTESIAN_POINT('Ctrl Pts',(987.163061631456,331.541332875449,61.0490802248492));
#5101=CARTESIAN_POINT('Ctrl Pts',(983.236197849811,331.670005969953,62.2963977904792));
#5102=CARTESIAN_POINT('Ctrl Pts',(979.925031530098,331.793322894393,63.482450536405));
#5103=CARTESIAN_POINT('Ctrl Pts',(977.188105074936,331.904484060706,64.5464505339568));
#5104=CARTESIAN_POINT('Ctrl Pts',(971.923658526502,332.157337161305,66.9524334896489));
#5105=CARTESIAN_POINT('Ctrl Pts',(965.784409391786,332.531530070629,70.4979574927977));
#5106=CARTESIAN_POINT('Ctrl Pts',(959.453310845801,333.062925527144,75.5294099888407));
#5107=CARTESIAN_POINT('Ctrl Pts',(954.226670117202,333.67238805175,81.302497971212));
#5108=CARTESIAN_POINT('Ctrl Pts',(950.707281701597,334.244342046074,86.460327283939));
#5109=CARTESIAN_POINT('Ctrl Pts',(948.316280782868,334.753066902002,90.7552914411387));
#5110=CARTESIAN_POINT('Ctrl Pts',(945.969878745689,335.358689175948,95.6149236349921));
#5111=CARTESIAN_POINT('Ctrl Pts',(943.574500222245,336.256107020723,102.142756449774));
#5112=CARTESIAN_POINT('Ctrl Pts',(941.889501182218,337.324000820992,108.818437016273));
#5113=CARTESIAN_POINT('Ctrl Pts',(940.874074452729,338.25804709142,113.968567863427));
#5114=CARTESIAN_POINT('Ctrl Pts',(940.452962839637,338.751185042198,116.459772491476));
#5115=CARTESIAN_POINT('Ctrl Pts',(940.258051227954,339.004136586919,117.67951911167));
#5116=CARTESIAN_POINT('Ctrl Pts',(1021.00000000042,331.132467897085,56.8688642132274));
#5117=CARTESIAN_POINT('Ctrl Pts',(1015.96973547596,331.076601571527,56.9286099116302));
#5118=CARTESIAN_POINT('Ctrl Pts',(1008.74528354689,331.049689704121,57.2839071000767));
#5119=CARTESIAN_POINT('Ctrl Pts',(999.734341822188,331.120302788227,58.3851772086966));
#5120=CARTESIAN_POINT('Ctrl Pts',(993.276060098579,331.224026240241,59.5437842797453));
#5121=CARTESIAN_POINT('Ctrl Pts',(987.106967495089,331.376131917807,61.0537300001946));
#5122=CARTESIAN_POINT('Ctrl Pts',(983.178707197075,331.50814848763,62.3057131891324));
#5123=CARTESIAN_POINT('Ctrl Pts',(979.867005078351,331.634524666462,63.4958160034857));
#5124=CARTESIAN_POINT('Ctrl Pts',(977.13003514298,331.748363934187,64.5632358008356));
#5125=CARTESIAN_POINT('Ctrl Pts',(971.86690233233,332.006987286791,66.975937808464));
#5126=CARTESIAN_POINT('Ctrl Pts',(965.731493718623,332.389143138662,70.5292833361722));
#5127=CARTESIAN_POINT('Ctrl Pts',(959.407011954474,332.930946330771,75.5678564764122));
#5128=CARTESIAN_POINT('Ctrl Pts',(954.187644288959,333.551526528152,81.3449344842808));
#5129=CARTESIAN_POINT('Ctrl Pts',(950.674280892011,334.133236805102,86.5034982708187));
#5130=CARTESIAN_POINT('Ctrl Pts',(948.287900104451,334.650211414808,90.7974319644173));
#5131=CARTESIAN_POINT('Ctrl Pts',(945.946398443628,335.265342529055,95.6546805076007));
#5132=CARTESIAN_POINT('Ctrl Pts',(943.556754587537,336.176122316,102.176438730264));
#5133=CARTESIAN_POINT('Ctrl Pts',(941.876490970269,337.259048019234,108.841011708123));
#5134=CARTESIAN_POINT('Ctrl Pts',(940.864136144217,338.205840204978,113.979187638253));
#5135=CARTESIAN_POINT('Ctrl Pts',(940.444334204159,338.705592473417,116.463386207984));
#5136=CARTESIAN_POINT('Ctrl Pts',(940.250023974457,338.961911703714,117.679371718424));
#5137=CARTESIAN_POINT('Ctrl Pts',(1021.00000000042,330.951635438169,56.8513813936977));
#5138=CARTESIAN_POINT('Ctrl Pts',(1015.9564865966,330.896581243447,56.9117681190129));
#5139=CARTESIAN_POINT('Ctrl Pts',(1008.71598478268,330.871646321459,57.2697933556828));
#5140=CARTESIAN_POINT('Ctrl Pts',(999.690567063991,330.946340893511,58.37739237434));
#5141=CARTESIAN_POINT('Ctrl Pts',(993.224635312848,331.053822045022,59.5418151173713));
#5142=CARTESIAN_POINT('Ctrl Pts',(987.050824062706,331.210354946793,61.0583443032143));
#5143=CARTESIAN_POINT('Ctrl Pts',(983.1211740657,331.345751090217,62.31500887613));
#5144=CARTESIAN_POINT('Ctrl Pts',(979.808943548011,331.4752190432,63.5091754613873));
#5145=CARTESIAN_POINT('Ctrl Pts',(977.071937293576,331.591764608127,64.5800265818023));
#5146=CARTESIAN_POINT('Ctrl Pts',(971.810135064246,331.856217332898,66.999470056399));
#5147=CARTESIAN_POINT('Ctrl Pts',(965.678590855247,332.24641396001,70.5606624993356));
#5148=CARTESIAN_POINT('Ctrl Pts',(959.360752662635,332.79871841676,75.6063772083379));
#5149=CARTESIAN_POINT('Ctrl Pts',(954.148678134963,333.430506457629,81.3874531744145));
#5150=CARTESIAN_POINT('Ctrl Pts',(950.641350614221,334.022043212679,86.5467497721135));
#5151=CARTESIAN_POINT('Ctrl Pts',(948.259595190542,334.54732076089,90.8396478041165));
#5152=CARTESIAN_POINT('Ctrl Pts',(945.922996922633,335.172017165388,95.6945044028769));
#5153=CARTESIAN_POINT('Ctrl Pts',(943.539086001199,336.096226665976,102.210172356289));
#5154=CARTESIAN_POINT('Ctrl Pts',(941.863553380666,337.194240681737,108.863617080872));
#5155=CARTESIAN_POINT('Ctrl Pts',(940.854269332954,338.153813509853,113.989820787407));
#5156=CARTESIAN_POINT('Ctrl Pts',(940.435777926549,338.660193710946,116.467004393475));
#5157=CARTESIAN_POINT('Ctrl Pts',(940.242070257156,338.919886327237,117.67922502159));
#5158=CARTESIAN_POINT('Ctrl Pts',(1021.00000000042,330.770118036278,56.8337903356822));
#5159=CARTESIAN_POINT('Ctrl Pts',(1015.94321723574,330.71587902869,56.8948200898574));
#5160=CARTESIAN_POINT('Ctrl Pts',(1008.68664841687,330.692937936238,57.2555862707065));
#5161=CARTESIAN_POINT('Ctrl Pts',(999.646741490739,330.771754446802,58.3695348139858));
#5162=CARTESIAN_POINT('Ctrl Pts',(993.173158038454,330.883031880321,59.539792999377));
#5163=CARTESIAN_POINT('Ctrl Pts',(986.99463243201,331.044037451146,61.062927339517));
#5164=CARTESIAN_POINT('Ctrl Pts',(983.063599633482,331.182847303195,62.3242888070672));
#5165=CARTESIAN_POINT('Ctrl Pts',(979.750848085553,331.31543778876,63.5225324918536));
#5166=CARTESIAN_POINT('Ctrl Pts',(977.01381255083,331.434716287693,64.5968261567571));
#5167=CARTESIAN_POINT('Ctrl Pts',(971.753357548335,331.705054271762,67.0230328565527));
#5168=CARTESIAN_POINT('Ctrl Pts',(965.625701416782,332.103365275908,70.592096789669));
#5169=CARTESIAN_POINT('Ctrl Pts',(959.314533125841,332.666259357417,75.6449732739939));
#5170=CARTESIAN_POINT('Ctrl Pts',(954.109771397893,333.309340461188,81.4300545838809));
#5171=CARTESIAN_POINT('Ctrl Pts',(950.60849022703,333.910770067183,86.5900819401521));
#5172=CARTESIAN_POINT('Ctrl Pts',(948.231365041211,334.444400860153,90.8819388693266));
#5173=CARTESIAN_POINT('Ctrl Pts',(945.899673231756,335.078716089783,95.7343951517933));
#5174=CARTESIAN_POINT('Ctrl Pts',(943.521493368194,336.016419566067,102.243957381289));
#5175=CARTESIAN_POINT('Ctrl Pts',(941.850686945588,337.129575754284,108.886252768512));
#5176=CARTESIAN_POINT('Ctrl Pts',(940.844472367226,338.101962698449,114.000466697369));
#5177=CARTESIAN_POINT('Ctrl Pts',(940.427292589666,338.614983954744,116.470627384049));
#5178=CARTESIAN_POINT('Ctrl Pts',(940.234188492071,338.878055594101,117.679079004193));
#5179=CARTESIAN_POINT('Ctrl Pts',(1021.00000000042,330.667730842455,56.8238533343582));
#5180=CARTESIAN_POINT('Ctrl Pts',(1015.93574708853,330.613951694001,56.8852467618882));
#5181=CARTESIAN_POINT('Ctrl Pts',(1008.67013246652,330.592138703165,57.2475579979665));
#5182=CARTESIAN_POINT('Ctrl Pts',(999.62207112949,330.673290392692,58.3650864242113));
#5183=CARTESIAN_POINT('Ctrl Pts',(993.144182780046,330.786719004763,59.5386342680956));
#5184=CARTESIAN_POINT('Ctrl Pts',(986.963007071621,330.950259102306,61.0654922496576));
#5185=CARTESIAN_POINT('Ctrl Pts',(983.031199000776,331.091003180083,62.3295015139296));
#5186=CARTESIAN_POINT('Ctrl Pts',(979.718157122492,331.225362717991,63.5300435898823));
#5187=CARTESIAN_POINT('Ctrl Pts',(976.98110776351,331.346189438351,64.6062779121108));
#5188=CARTESIAN_POINT('Ctrl Pts',(971.721416793173,331.619860837715,67.0362971428764));
#5189=CARTESIAN_POINT('Ctrl Pts',(965.595956506241,332.022766403445,70.6097980955529));
#5190=CARTESIAN_POINT('Ctrl Pts',(959.288549858581,332.59165343957,75.6667107532365));
#5191=CARTESIAN_POINT('Ctrl Pts',(954.087908908739,333.241121844048,81.4540479657911));
#5192=CARTESIAN_POINT('Ctrl Pts',(950.590032733794,333.848143344666,86.6144857433146));
#5193=CARTESIAN_POINT('Ctrl Pts',(948.215513911708,334.38649338019,90.9057551305651));
#5194=CARTESIAN_POINT('Ctrl Pts',(945.886583056318,335.02624097967,95.7568581931446));
#5195=CARTESIAN_POINT('Ctrl Pts',(943.51162619412,335.971560859535,102.262980233757));
#5196=CARTESIAN_POINT('Ctrl Pts',(941.843476532416,337.093256003668,108.898996512865));
#5197=CARTESIAN_POINT('Ctrl Pts',(940.838988071252,338.072863929712,114.006459843354));
#5198=CARTESIAN_POINT('Ctrl Pts',(940.422546421105,338.58962578879,116.472666983653));
#5199=CARTESIAN_POINT('Ctrl Pts',(940.229782250695,338.854600204378,117.678997129105));
#5200=CARTESIAN_POINT('Ctrl Pts',(1021.00000000042,330.59935868386,56.8172117259372));
#5201=CARTESIAN_POINT('Ctrl Pts',(1015.93076386841,330.545886579978,56.8788479025879));
#5202=CARTESIAN_POINT('Ctrl Pts',(1008.65911611759,330.524828408224,57.2421911575588));
#5203=CARTESIAN_POINT('Ctrl Pts',(999.60561651481,330.607543550152,58.3621093505416));
#5204=CARTESIAN_POINT('Ctrl Pts',(993.124858003658,330.722412653019,59.537853352631));
#5205=CARTESIAN_POINT('Ctrl Pts',(986.941916243752,330.887649950128,61.0671971138366));
#5206=CARTESIAN_POINT('Ctrl Pts',(983.009592399104,331.029689160172,62.3329739749486));
#5207=CARTESIAN_POINT('Ctrl Pts',(979.696358111442,331.165233156745,63.5350503739881));
#5208=CARTESIAN_POINT('Ctrl Pts',(976.959300627482,331.287096433659,64.6125802044945));
#5209=CARTESIAN_POINT('Ctrl Pts',(971.700121586984,331.562999360982,67.0451444920145));
#5210=CARTESIAN_POINT('Ctrl Pts',(965.576128851135,331.968980150761,70.6216072673928));
#5211=CARTESIAN_POINT('Ctrl Pts',(959.271234021819,332.541877108643,75.6812138483663));
#5212=CARTESIAN_POINT('Ctrl Pts',(954.073343277648,333.195617796773,81.4700561589787));
#5213=CARTESIAN_POINT('Ctrl Pts',(950.577738701086,333.806378175933,86.6307672537455));
#5214=CARTESIAN_POINT('Ctrl Pts',(948.2049581935,334.347882653851,90.9216441233397));
#5215=CARTESIAN_POINT('Ctrl Pts',(945.877868431692,334.991260628515,95.7718437665747));
#5216=CARTESIAN_POINT('Ctrl Pts',(943.505059926439,335.941668624166,102.275669990117));
#5217=CARTESIAN_POINT('Ctrl Pts',(941.838680680587,337.069065117079,108.907496974255));
#5218=CARTESIAN_POINT('Ctrl Pts',(940.835342753854,338.053492351701,114.010457223498));
#5219=CARTESIAN_POINT('Ctrl Pts',(940.419393355916,338.572749988031,116.474027452627));
#5220=CARTESIAN_POINT('Ctrl Pts',(940.226855959574,338.83899378301,117.678942652196));
#5221=CARTESIAN_POINT('Ctrl Pts',(1021.00000000042,330.553745848545,56.8127794088381));
#5222=CARTESIAN_POINT('Ctrl Pts',(1015.92744097131,330.500478576358,56.8745775653597));
#5223=CARTESIAN_POINT('Ctrl Pts',(1008.65177034779,330.479924356243,57.2386092768445));
#5224=CARTESIAN_POINT('Ctrl Pts',(999.594644740401,330.56368363141,58.3601215255097));
#5225=CARTESIAN_POINT('Ctrl Pts',(993.111972715278,330.679514808342,59.5373304369673));
#5226=CARTESIAN_POINT('Ctrl Pts',(986.927853775561,330.84588563557,61.0683322846427));
#5227=CARTESIAN_POINT('Ctrl Pts',(982.995186366381,330.988789818311,62.3352881821823));
#5228=CARTESIAN_POINT('Ctrl Pts',(979.68182411025,331.125124851849,63.5383880145529));
#5229=CARTESIAN_POINT('Ctrl Pts',(976.944761501138,331.247680377701,64.616781981314));
#5230=CARTESIAN_POINT('Ctrl Pts',(971.685924433116,331.525073531251,67.0510438747554));
#5231=CARTESIAN_POINT('Ctrl Pts',(965.562911036184,331.933107816084,70.6294822188396));
#5232=CARTESIAN_POINT('Ctrl Pts',(959.259691832828,332.50868207044,75.6908855902083));
#5233=CARTESIAN_POINT('Ctrl Pts',(954.063635363376,333.165274814273,81.4807316144812));
#5234=CARTESIAN_POINT('Ctrl Pts',(950.569545613381,333.778530783343,86.6416248470189));
#5235=CARTESIAN_POINT('Ctrl Pts',(948.197924181138,334.322140493534,90.9322398232962));
#5236=CARTESIAN_POINT('Ctrl Pts',(945.872061933263,334.967941126835,95.7818368506932));
#5237=CARTESIAN_POINT('Ctrl Pts',(943.500685582656,335.921744075952,102.284131901902));
#5238=CARTESIAN_POINT('Ctrl Pts',(941.835486416043,337.052943839184,108.913165176591));
#5239=CARTESIAN_POINT('Ctrl Pts',(940.832915458012,338.040585383437,114.01312266689));
#5240=CARTESIAN_POINT('Ctrl Pts',(940.417294268856,338.561507419958,116.474934621258));
#5241=CARTESIAN_POINT('Ctrl Pts',(940.224908098999,338.82859769623,117.67890636286));
#5242=CARTESIAN_POINT('Ctrl Pts',(1021.00000000042,330.496672844268,56.8072305815423));
#5243=CARTESIAN_POINT('Ctrl Pts',(1015.92328619285,330.443661894876,56.8692316957037));
#5244=CARTESIAN_POINT('Ctrl Pts',(1008.64258520553,330.423738930943,57.2341245454907));
#5245=CARTESIAN_POINT('Ctrl Pts',(999.580926273903,330.508806724548,58.3576310889046));
#5246=CARTESIAN_POINT('Ctrl Pts',(993.09586218022,330.625843671356,59.5366725989166));
#5247=CARTESIAN_POINT('Ctrl Pts',(986.910272131127,330.793635169721,61.0697487437021));
#5248=CARTESIAN_POINT('Ctrl Pts',(982.977175791664,330.937623391238,62.338179616864));
#5249=CARTESIAN_POINT('Ctrl Pts',(979.663654141452,331.074949764046,63.5425597663812));
#5250=CARTESIAN_POINT('Ctrl Pts',(976.926585672163,331.198372805832,64.6220347658322));
#5251=CARTESIAN_POINT('Ctrl Pts',(971.668177349811,331.477633364819,67.0584203431689));
#5252=CARTESIAN_POINT('Ctrl Pts',(965.546389934349,331.888240603062,70.6393300442204));
#5253=CARTESIAN_POINT('Ctrl Pts',(959.245267280295,332.467168785009,75.7029809566556));
#5254=CARTESIAN_POINT('Ctrl Pts',(954.051505153814,333.127333636683,81.4940821923471));
#5255=CARTESIAN_POINT('Ctrl Pts',(950.559309737031,333.743714564996,86.6552029475009));
#5256=CARTESIAN_POINT('Ctrl Pts',(948.189137525331,334.289959955283,90.9454901472583));
#5257=CARTESIAN_POINT('Ctrl Pts',(945.864809876599,334.938793300901,95.7943332617772));
#5258=CARTESIAN_POINT('Ctrl Pts',(943.495223557665,335.896845196305,102.29471314852));
#5259=CARTESIAN_POINT('Ctrl Pts',(941.831499128796,337.032803391152,108.920252721686));
#5260=CARTESIAN_POINT('Ctrl Pts',(940.829886784475,338.024465468926,114.016455464834));
#5261=CARTESIAN_POINT('Ctrl Pts',(940.414675920218,338.547469029645,116.47606891525));
#5262=CARTESIAN_POINT('Ctrl Pts',(940.222478872351,338.81561783193,117.678861054402));
#5263=CARTESIAN_POINT('Ctrl Pts',(1021.00000000042,330.428091088579,56.8005584114968));
#5264=CARTESIAN_POINT('Ctrl Pts',(1015.91829795733,330.37538809743,56.862803280216));
#5265=CARTESIAN_POINT('Ctrl Pts',(1008.63155853473,330.356224894669,57.2287311059211));
#5266=CARTESIAN_POINT('Ctrl Pts',(999.564458034816,330.442868386737,58.3546333161871));
#5267=CARTESIAN_POINT('Ctrl Pts',(993.076523293024,330.561357499248,59.53587637763));
#5268=CARTESIAN_POINT('Ctrl Pts',(986.889168462498,330.730859988386,61.0714443447826));
#5269=CARTESIAN_POINT('Ctrl Pts',(982.955558266011,330.876153707094,62.3416470999599));
#5270=CARTESIAN_POINT('Ctrl Pts',(979.641846255898,331.014673878617,63.5475652724238));
#5271=CARTESIAN_POINT('Ctrl Pts',(976.904771623832,331.139141570006,64.6283388944981));
#5272=CARTESIAN_POINT('Ctrl Pts',(971.646879846565,331.420650633776,67.067275577001));
#5273=CARTESIAN_POINT('Ctrl Pts',(965.526566516388,331.83435544889,70.6511539433812));
#5274=CARTESIAN_POINT('Ctrl Pts',(959.227962943871,332.417320379187,75.7175044138548));
#5275=CARTESIAN_POINT('Ctrl Pts',(954.036956425022,333.081783348508,81.5101128393481));
#5276=CARTESIAN_POINT('Ctrl Pts',(950.547035474661,333.70192322923,86.6715063947339));
#5277=CARTESIAN_POINT('Ctrl Pts',(948.178602908664,334.251338236299,90.9613996158043));
#5278=CARTESIAN_POINT('Ctrl Pts',(945.856117138221,334.903818054031,95.8093370323706));
#5279=CARTESIAN_POINT('Ctrl Pts',(943.488678602373,335.866977293941,102.307416861365));
#5280=CARTESIAN_POINT('Ctrl Pts',(941.826723247466,337.008652701287,108.928761440074));
#5281=CARTESIAN_POINT('Ctrl Pts',(940.826261068239,338.005143715332,114.020456362033));
#5282=CARTESIAN_POINT('Ctrl Pts',(940.411542727853,338.530646735252,116.477430653783));
#5283=CARTESIAN_POINT('Ctrl Pts',(940.219572749296,338.800066451093,117.678806769622));
#5284=CARTESIAN_POINT('Ctrl Pts',(1021.00000000042,330.01607107302,56.7604466895779));
#5285=CARTESIAN_POINT('Ctrl Pts',(1015.88835910772,329.965218716703,56.8241599488025));
#5286=CARTESIAN_POINT('Ctrl Pts',(1008.56537041008,329.950626185167,57.1963013872901));
#5287=CARTESIAN_POINT('Ctrl Pts',(999.465613428444,330.046755232828,58.3365944881629));
#5288=CARTESIAN_POINT('Ctrl Pts',(992.960452915451,330.173986942056,59.5310604787221));
#5289=CARTESIAN_POINT('Ctrl Pts',(986.762512990981,330.353790420045,61.0815954521848));
#5290=CARTESIAN_POINT('Ctrl Pts',(982.825824624311,330.506943427086,62.3624406164781));
#5291=CARTESIAN_POINT('Ctrl Pts',(979.510975839559,330.652650082427,63.5775966281799));
#5292=CARTESIAN_POINT('Ctrl Pts',(976.773869444537,330.783406218567,64.6661701384378));
#5293=CARTESIAN_POINT('Ctrl Pts',(971.519089114355,331.078449373891,67.1204293061427));
#5294=CARTESIAN_POINT('Ctrl Pts',(965.407637447028,331.510796314843,70.7221375770104));
#5295=CARTESIAN_POINT('Ctrl Pts',(959.124167517426,332.118049808558,75.8046999706019));
#5296=CARTESIAN_POINT('Ctrl Pts',(953.949708848889,332.808367061005,81.606356746012));
#5297=CARTESIAN_POINT('Ctrl Pts',(950.473442267541,333.451111658795,86.7693855360749));
#5298=CARTESIAN_POINT('Ctrl Pts',(948.115451142282,334.019582977295,91.0569108819509));
#5299=CARTESIAN_POINT('Ctrl Pts',(945.804018471861,334.693982550191,95.8994078487151));
#5300=CARTESIAN_POINT('Ctrl Pts',(943.449464991722,335.687834931726,102.383675705863));
#5301=CARTESIAN_POINT('Ctrl Pts',(941.798120639421,336.863854263636,108.979835507447));
#5302=CARTESIAN_POINT('Ctrl Pts',(940.804558526876,337.889343753294,114.044471270563));
#5303=CARTESIAN_POINT('Ctrl Pts',(940.392795859948,338.429853234908,116.485604116452));
#5304=CARTESIAN_POINT('Ctrl Pts',(940.202189187601,338.70690244519,117.678481564572));
#5305=CARTESIAN_POINT('Ctrl Pts',(1021.00000000039,329.251831782598,56.6856499224118));
#5306=CARTESIAN_POINT('Ctrl Pts',(1015.83330777434,329.204414939732,56.7521312206901));
#5307=CARTESIAN_POINT('Ctrl Pts',(1008.44359493004,329.198403843911,57.1357416930776));
#5308=CARTESIAN_POINT('Ctrl Pts',(999.283851650335,329.312442235829,58.3026754845323));
#5309=CARTESIAN_POINT('Ctrl Pts',(992.747085125561,329.456194581833,59.5215991805402));
#5310=CARTESIAN_POINT('Ctrl Pts',(986.529794906253,329.655466418057,61.0998243053297));
#5311=CARTESIAN_POINT('Ctrl Pts',(982.587541511446,329.82346631491,62.4003553440203));
#5312=CARTESIAN_POINT('Ctrl Pts',(979.270692946896,329.982742972319,63.6325994853769));
#5313=CARTESIAN_POINT('Ctrl Pts',(976.533609600864,330.125370234637,64.7356006942476));
#5314=CARTESIAN_POINT('Ctrl Pts',(971.284723627865,330.445943604196,67.21819987256));
#5315=CARTESIAN_POINT('Ctrl Pts',(965.189786181574,330.913412419663,70.8528778571524));
#5316=CARTESIAN_POINT('Ctrl Pts',(958.934359748268,331.566329059112,75.9653929271298));
#5317=CARTESIAN_POINT('Ctrl Pts',(953.790460238021,332.305137436506,81.7837234561316));
#5318=CARTESIAN_POINT('Ctrl Pts',(950.339344460625,332.990171712582,86.9497287822805));
#5319=CARTESIAN_POINT('Ctrl Pts',(948.000551164517,333.594220070475,91.2328529896711));
#5320=CARTESIAN_POINT('Ctrl Pts',(945.709412011395,334.309484001103,96.0652812035569));
#5321=CARTESIAN_POINT('Ctrl Pts',(943.378455963855,335.360416891907,102.524050312356));
#5322=CARTESIAN_POINT('Ctrl Pts',(941.746510880701,336.600064460962,109.073808282097));
#5323=CARTESIAN_POINT('Ctrl Pts',(940.765584155703,337.679117880277,114.088645124523));
#5324=CARTESIAN_POINT('Ctrl Pts',(940.35924931488,338.247291873765,116.500637382934));
#5325=CARTESIAN_POINT('Ctrl Pts',(940.171155366251,338.538390864728,117.677893345798));
#5326=CARTESIAN_POINT('Ctrl Pts',(1021.00000000037,328.126879661795,56.5745262724607));
#5327=CARTESIAN_POINT('Ctrl Pts',(1015.75271324049,328.084555484087,56.6451158038427));
#5328=CARTESIAN_POINT('Ctrl Pts',(1008.26544642824,328.091401282321,57.0457198965908));
#5329=CARTESIAN_POINT('Ctrl Pts',(999.018120544202,328.232339382815,58.2519695682464));
#5330=CARTESIAN_POINT('Ctrl Pts',(992.435346940441,328.40091781545,59.5069953507193));
#5331=CARTESIAN_POINT('Ctrl Pts',(986.190050391333,328.629436563119,61.1260820157827));
#5332=CARTESIAN_POINT('Ctrl Pts',(982.239905996045,328.819725818468,62.4556618653131));
#5333=CARTESIAN_POINT('Ctrl Pts',(978.920364416117,328.99936472007,63.713117766897));
#5334=CARTESIAN_POINT('Ctrl Pts',(976.183520079907,329.159798922244,64.8374039454864));
#5335=CARTESIAN_POINT('Ctrl Pts',(970.943688606223,329.51863757643,67.3618014738375));
#5336=CARTESIAN_POINT('Ctrl Pts',(964.873447757607,330.038678594122,71.0450759846598));
#5337=CARTESIAN_POINT('Ctrl Pts',(958.659551878801,330.75979863967,76.2016543198622));
#5338=CARTESIAN_POINT('Ctrl Pts',(953.560637566917,331.570866389438,82.0443604105917));
#5339=CARTESIAN_POINT('Ctrl Pts',(950.146374364728,332.318767472388,87.2145645979803));
#5340=CARTESIAN_POINT('Ctrl Pts',(947.83561748484,332.975600664846,91.4910771251385));
#5341=CARTESIAN_POINT('Ctrl Pts',(945.574048837226,333.75141547359,96.3085627030531));
#5342=CARTESIAN_POINT('Ctrl Pts',(943.277315132593,334.886735375388,102.729734555633));
#5343=CARTESIAN_POINT('Ctrl Pts',(941.67341188575,336.220134247323,109.211359762571));
#5344=CARTESIAN_POINT('Ctrl Pts',(940.710810001542,337.377903638222,114.153254038261));
#5345=CARTESIAN_POINT('Ctrl Pts',(940.312397557349,337.986660761127,116.522631698349));
#5346=CARTESIAN_POINT('Ctrl Pts',(940.127989382848,338.298352553463,117.67705545062));
#5347=CARTESIAN_POINT('Ctrl Pts',(1021.00000000035,327.285301640139,56.4904872320801));
#5348=CARTESIAN_POINT('Ctrl Pts',(1015.6919736205,327.246870962813,56.5642524966616));
#5349=CARTESIAN_POINT('Ctrl Pts',(1008.13115126464,327.26341184981,56.9777466774175));
#5350=CARTESIAN_POINT('Ctrl Pts',(998.817940691502,327.424527486613,58.2138480806976));
#5351=CARTESIAN_POINT('Ctrl Pts',(992.20063160674,327.611694855966,59.4962663861337));
#5352=CARTESIAN_POINT('Ctrl Pts',(985.934426997854,327.862092713414,61.1463576331064));
#5353=CARTESIAN_POINT('Ctrl Pts',(981.97849952164,328.069047554184,62.4979727431025));
#5354=CARTESIAN_POINT('Ctrl Pts',(978.657082288793,328.263909303317,63.7745508193711));
#5355=CARTESIAN_POINT('Ctrl Pts',(975.920555191283,328.437655096743,64.9149788408387));
#5356=CARTESIAN_POINT('Ctrl Pts',(970.687835658234,328.825096901107,67.471063492361));
#5357=CARTESIAN_POINT('Ctrl Pts',(964.636564692592,329.384436067725,71.1911479526974));
#5358=CARTESIAN_POINT('Ctrl Pts',(958.454299038756,330.156556631803,76.3810156610617));
#5359=CARTESIAN_POINT('Ctrl Pts',(953.389458010032,331.021691815121,82.241987068646));
#5360=CARTESIAN_POINT('Ctrl Pts',(950.002988602426,331.816672183257,87.4151709865937));
#5361=CARTESIAN_POINT('Ctrl Pts',(947.71331085189,332.513067559653,91.686520680597));
#5362=CARTESIAN_POINT('Ctrl Pts',(945.473923768465,333.334292350508,96.4925314466227));
#5363=CARTESIAN_POINT('Ctrl Pts',(943.202746838772,334.532969955697,102.885082112264));
#5364=CARTESIAN_POINT('Ctrl Pts',(941.619724830237,335.936901515193,109.315125697914));
#5365=CARTESIAN_POINT('Ctrl Pts',(940.670816867904,337.153999080514,114.201951886649));
#5366=CARTESIAN_POINT('Ctrl Pts',(940.27836084353,337.793382331924,116.539204651279));
#5367=CARTESIAN_POINT('Ctrl Pts',(940.096740250591,338.120624175818,117.676435059024));
#5368=CARTESIAN_POINT('Ctrl Pts',(1021.00000000034,326.727766624744,56.4344114513743));
#5369=CARTESIAN_POINT('Ctrl Pts',(1015.65134078224,326.691956426908,56.5102983199897));
#5370=CARTESIAN_POINT('Ctrl Pts',(1008.04138357546,326.714933723725,56.9324735105494));
#5371=CARTESIAN_POINT('Ctrl Pts',(998.684163237178,326.889345825625,58.1885916517915));
#5372=CARTESIAN_POINT('Ctrl Pts',(992.043825275574,327.08874200529,59.4893877683273));
#5373=CARTESIAN_POINT('Ctrl Pts',(985.763715230667,327.353520113298,61.1602727294217));
#5374=CARTESIAN_POINT('Ctrl Pts',(981.803982704688,327.571425645891,62.5266660814999));
#5375=CARTESIAN_POINT('Ctrl Pts',(978.481368075567,327.776290745695,63.8160665042373));
#5376=CARTESIAN_POINT('Ctrl Pts',(975.745102715706,327.958784143559,64.9673176024782));
#5377=CARTESIAN_POINT('Ctrl Pts',(970.517241800551,328.365026646965,67.5446428192434));
#5378=CARTESIAN_POINT('Ctrl Pts',(964.478780349823,328.950209122778,71.289387539356));
#5379=CARTESIAN_POINT('Ctrl Pts',(958.317771864028,329.755905461876,76.5015181612786));
#5380=CARTESIAN_POINT('Ctrl Pts',(953.275757400985,330.656687353102,82.3746364165754));
#5381=CARTESIAN_POINT('Ctrl Pts',(949.907860362415,331.482759769541,87.5497223349647));
#5382=CARTESIAN_POINT('Ctrl Pts',(947.63224153065,332.205322361692,91.8175372141718));
#5383=CARTESIAN_POINT('Ctrl Pts',(945.407631095199,333.056614828005,96.6157810554367));
#5384=CARTESIAN_POINT('Ctrl Pts',(943.153432029215,334.297323707588,102.989074172899));
#5385=CARTESIAN_POINT('Ctrl Pts',(941.584257380058,335.748197612841,109.384531676825));
#5386=CARTESIAN_POINT('Ctrl Pts',(940.644452679386,337.004887267547,114.234502284719));
#5387=CARTESIAN_POINT('Ctrl Pts',(940.255974005526,337.664745202854,116.550282224399));
#5388=CARTESIAN_POINT('Ctrl Pts',(940.076219889563,338.002393247941,117.676022353554));
#5389=CARTESIAN_POINT('Ctrl Pts',(1021.00000000034,326.449676905262,56.4063635592181));
#5390=CARTESIAN_POINT('Ctrl Pts',(1015.63100307507,326.415182525673,56.4833167606385));
#5391=CARTESIAN_POINT('Ctrl Pts',(1007.9964528347,326.441371649405,56.9098435379778));
#5392=CARTESIAN_POINT('Ctrl Pts',(998.617213343007,326.622400991046,58.1759946563506));
#5393=CARTESIAN_POINT('Ctrl Pts',(991.96535907736,326.82787849969,59.4860015846936));
#5394=CARTESIAN_POINT('Ctrl Pts',(985.678303103746,327.099805368153,61.1673079929337));
#5395=CARTESIAN_POINT('Ctrl Pts',(981.716677650048,327.323154128587,62.5411075387086));
#5396=CARTESIAN_POINT('Ctrl Pts',(978.393474532839,327.532991685058,63.8369336829867));
#5397=CARTESIAN_POINT('Ctrl Pts',(975.657349798546,327.719833405591,64.9936084263954));
#5398=CARTESIAN_POINT('Ctrl Pts',(970.431940830795,328.13542233402,67.5815766505122));
#5399=CARTESIAN_POINT('Ctrl Pts',(964.399915382048,328.733454904749,71.3386751184658));
#5400=CARTESIAN_POINT('Ctrl Pts',(958.249568065592,329.555853701452,76.5619507877905));
#5401=CARTESIAN_POINT('Ctrl Pts',(953.218987717959,330.474378726548,82.4411364043797));
#5402=CARTESIAN_POINT('Ctrl Pts',(949.860384603539,331.315937833859,87.6171566858718));
#5403=CARTESIAN_POINT('Ctrl Pts',(947.591795947019,332.051542105003,91.8831859057432));
#5404=CARTESIAN_POINT('Ctrl Pts',(945.374570690761,332.917826678792,96.6775231785198));
#5405=CARTESIAN_POINT('Ctrl Pts',(943.128847848254,334.179509032138,103.041152520783));
#5406=CARTESIAN_POINT('Ctrl Pts',(941.566582051677,335.653837217131,109.41927878398));
#5407=CARTESIAN_POINT('Ctrl Pts',(940.63132370216,336.930329967757,114.250794179675));
#5408=CARTESIAN_POINT('Ctrl Pts',(940.244834636348,337.600436341078,116.555826014941));
#5409=CARTESIAN_POINT('Ctrl Pts',(940.066015510411,337.94329508478,117.67581606121));
#5410=CARTESIAN_POINT('Ctrl Pts',(1021.00000000034,326.172314934198,56.3783134570753));
#5411=CARTESIAN_POINT('Ctrl Pts',(1015.61064354924,326.139141691454,56.4563370613344));
#5412=CARTESIAN_POINT('Ctrl Pts',(1007.95147750497,326.16853514876,56.8872275795197));
#5413=CARTESIAN_POINT('Ctrl Pts',(998.55020457893,326.356146949453,58.1634347851543));
#5414=CARTESIAN_POINT('Ctrl Pts',(991.886832512515,326.567669109,59.4826738032462));
#5415=CARTESIAN_POINT('Ctrl Pts',(985.592837136462,326.846699013208,61.1744252357376));
#5416=CARTESIAN_POINT('Ctrl Pts',(981.629328095444,327.075455584619,62.5556474388253));
#5417=CARTESIAN_POINT('Ctrl Pts',(978.305546392999,327.290233401118,63.8579132811795));
#5418=CARTESIAN_POINT('Ctrl Pts',(975.56957172109,327.481395370755,65.0200232974958));
#5419=CARTESIAN_POINT('Ctrl Pts',(970.346636598954,327.906271353771,67.6186562914401));
#5420=CARTESIAN_POINT('Ctrl Pts',(964.321077322939,328.517075274036,71.3881309778217));
#5421=CARTESIAN_POINT('Ctrl Pts',(958.181422362829,329.356082436255,76.6225642044879));
#5422=CARTESIAN_POINT('Ctrl Pts',(953.162295674643,330.292262057516,82.5078103976661));
#5423=CARTESIAN_POINT('Ctrl Pts',(949.812993268383,331.149242103643,87.6847480494173));
#5424=CARTESIAN_POINT('Ctrl Pts',(947.551434812648,331.897841317929,91.9489732141646));
#5425=CARTESIAN_POINT('Ctrl Pts',(945.341591019397,332.77907124984,96.7393807917923));
#5426=CARTESIAN_POINT('Ctrl Pts',(943.104331065227,334.061679028589,103.093311609688));
#5427=CARTESIAN_POINT('Ctrl Pts',(941.548958823652,335.55944013466,109.454068795763));
#5428=CARTESIAN_POINT('Ctrl Pts',(940.618241312776,336.855740694308,114.26710202295));
#5429=CARTESIAN_POINT('Ctrl Pts',(940.233742791294,337.536105844822,116.561374632189));
#5430=CARTESIAN_POINT('Ctrl Pts',(940.055860336576,337.884182659681,117.675609719083));
#5431=CARTESIAN_POINT('Ctrl Pts',(1021.00000000034,325.618950080809,56.3222026077665));
#5432=CARTESIAN_POINT('Ctrl Pts',(1015.56988843356,325.588430280393,56.402379559711));
#5433=CARTESIAN_POINT('Ctrl Pts',(1007.86144026761,325.624217045508,56.8420151944097));
#5434=CARTESIAN_POINT('Ctrl Pts',(998.416075603419,325.824926188931,58.1383819718028));
#5435=CARTESIAN_POINT('Ctrl Pts',(991.729664282674,326.048465920317,59.4761262158165));
#5436=CARTESIAN_POINT('Ctrl Pts',(985.42180314354,326.341612594462,61.1888144846469));
#5437=CARTESIAN_POINT('Ctrl Pts',(981.454544867179,326.581115562503,62.5849143200809));
#5438=CARTESIAN_POINT('Ctrl Pts',(978.12962510252,326.805710943867,63.90008717321));
#5439=CARTESIAN_POINT('Ctrl Pts',(975.393968844582,327.005458543545,65.0730907056003));
#5440=CARTESIAN_POINT('Ctrl Pts',(970.176023673017,327.44879252373,67.6930963373185));
#5441=CARTESIAN_POINT('Ctrl Pts',(964.163454677715,328.084985044755,71.4873681011191));
#5442=CARTESIAN_POINT('Ctrl Pts',(958.045243977441,328.957024804281,76.744141477103));
#5443=CARTESIAN_POINT('Ctrl Pts',(953.049061084206,329.928340245525,82.6414959127837));
#5444=CARTESIAN_POINT('Ctrl Pts',(949.718371877372,330.816033331444,87.8202353401218));
#5445=CARTESIAN_POINT('Ctrl Pts',(947.470872740671,331.590530811424,92.080816619514));
#5446=CARTESIAN_POINT('Ctrl Pts',(945.275782905684,332.501559643103,96.8633196599797));
#5447=CARTESIAN_POINT('Ctrl Pts',(943.055420749244,333.825923851048,103.197785409288));
#5448=CARTESIAN_POINT('Ctrl Pts',(941.513804517545,335.370508336223,109.523731413961));
#5449=CARTESIAN_POINT('Ctrl Pts',(940.592157395386,336.706433078571,114.299748556286));
#5450=CARTESIAN_POINT('Ctrl Pts',(940.211641422652,337.407335806305,116.572480435369));
#5451=CARTESIAN_POINT('Ctrl Pts',(940.035635776947,337.765862965753,117.675196703759));
#5452=CARTESIAN_POINT('Ctrl Pts',(1021.00000000032,324.427428993899,56.2006744693032));
#5453=CARTESIAN_POINT('Ctrl Pts',(1015.48139997547,324.402717873143,56.2855821701077));
#5454=CARTESIAN_POINT('Ctrl Pts',(1007.66591237172,324.452268194375,56.7442560556463));
#5455=CARTESIAN_POINT('Ctrl Pts',(998.124888408922,324.680974681587,58.0845471497337));
#5456=CARTESIAN_POINT('Ctrl Pts',(991.388541413626,324.930150322002,59.4625984666601));
#5457=CARTESIAN_POINT('Ctrl Pts',(985.05070768999,325.253383370778,61.2208920972249));
#5458=CARTESIAN_POINT('Ctrl Pts',(981.07542095741,325.515782938248,62.6493939129861));
#5459=CARTESIAN_POINT('Ctrl Pts',(977.748136234977,325.761297591457,63.9926745795412));
#5460=CARTESIAN_POINT('Ctrl Pts',(975.013266282376,325.979340532211,65.1893992549219));
#5461=CARTESIAN_POINT('Ctrl Pts',(969.806354945577,326.462017550837,67.855933952075));
#5462=CARTESIAN_POINT('Ctrl Pts',(963.822235246266,327.152357009415,71.7041603576045));
#5463=CARTESIAN_POINT('Ctrl Pts',(957.750796803242,328.094937197046,77.0094588460369));
#5464=CARTESIAN_POINT('Ctrl Pts',(952.804511259633,329.141409122987,82.932967783212));
#5465=CARTESIAN_POINT('Ctrl Pts',(949.514206052257,330.09492397654,88.1154271505457));
#5466=CARTESIAN_POINT('Ctrl Pts',(947.29715712606,330.925018693117,92.3679169545629));
#5467=CARTESIAN_POINT('Ctrl Pts',(945.133980035824,331.900093676416,97.1330472776999));
#5468=CARTESIAN_POINT('Ctrl Pts',(942.950072802728,333.314393247491,103.424970785832));
#5469=CARTESIAN_POINT('Ctrl Pts',(941.438089499421,334.960176322657,109.675101616104));
#5470=CARTESIAN_POINT('Ctrl Pts',(940.536032011273,336.381985555629,114.370643015328));
#5471=CARTESIAN_POINT('Ctrl Pts',(940.164152169875,337.127488902327,116.596586516885));
#5472=CARTESIAN_POINT('Ctrl Pts',(939.992231395321,337.508732797677,117.674299146504));
#5473=CARTESIAN_POINT('Ctrl Pts',(1021.00000000025,322.971128632502,56.0508926737798));
#5474=CARTESIAN_POINT('Ctrl Pts',(1015.37214324655,322.953742006972,56.1418561636017));
#5475=CARTESIAN_POINT('Ctrl Pts',(1007.42417974051,323.020097316783,56.6241027524133));
#5476=CARTESIAN_POINT('Ctrl Pts',(997.765175589841,323.282569937279,58.0191484345105));
#5477=CARTESIAN_POINT('Ctrl Pts',(990.967337619296,323.562532891113,59.4473785750522));
#5478=CARTESIAN_POINT('Ctrl Pts',(984.592822214949,323.921832132558,61.2624765715064));
#5479=CARTESIAN_POINT('Ctrl Pts',(980.607908911463,324.21165824801,62.7313206253677));
#5480=CARTESIAN_POINT('Ctrl Pts',(977.277982349064,324.482231730981,64.1095942287765));
#5481=CARTESIAN_POINT('Ctrl Pts',(974.544336910616,324.722191718841,65.3358460658603));
#5482=CARTESIAN_POINT('Ctrl Pts',(969.351589289995,325.252015271328,68.0602721999315));
#5483=CARTESIAN_POINT('Ctrl Pts',(963.403266726087,326.00729600002,71.9755534211682));
#5484=CARTESIAN_POINT('Ctrl Pts',(957.3901661338,327.034656393301,77.3409367915273));
#5485=CARTESIAN_POINT('Ctrl Pts',(952.505710847133,328.171706600134,83.2964424972491));
#5486=CARTESIAN_POINT('Ctrl Pts',(949.265181192552,329.20480707046,88.482998673111));
#5487=CARTESIAN_POINT('Ctrl Pts',(947.085514194899,330.102320555217,92.7250110562838));
#5488=CARTESIAN_POINT('Ctrl Pts',(944.961389531044,331.155214605736,97.4681060396878));
#5489=CARTESIAN_POINT('Ctrl Pts',(942.821827501354,332.679188347298,103.706691616213));
#5490=CARTESIAN_POINT('Ctrl Pts',(941.345777592083,334.449121276021,109.862494773612));
#5491=CARTESIAN_POINT('Ctrl Pts',(940.467628039024,335.976815988267,114.458290620554));
#5492=CARTESIAN_POINT('Ctrl Pts',(940.106387382372,336.777492317351,116.626342260755));
#5493=CARTESIAN_POINT('Ctrl Pts',(939.939547258717,337.186883091306,117.673175674518));
#5494=CARTESIAN_POINT('Ctrl Pts',(1021.00000000024,321.495147191872,55.9028781537678));
#5495=CARTESIAN_POINT('Ctrl Pts',(1015.26248945388,321.485204425025,55.9998302879443));
#5496=CARTESIAN_POINT('Ctrl Pts',(1007.18196727732,321.568736148494,56.5059737619896));
#5497=CARTESIAN_POINT('Ctrl Pts',(997.404867201639,321.865664803824,57.9561180234385));
#5498=CARTESIAN_POINT('Ctrl Pts',(990.545680916286,322.177041074798,59.4349255608525));
#5499=CARTESIAN_POINT('Ctrl Pts',(984.134742329229,322.573112230408,61.3072501238917));
#5500=CARTESIAN_POINT('Ctrl Pts',(980.140474845148,322.890880630202,62.8167420312601));
#5501=CARTESIAN_POINT('Ctrl Pts',(976.80817337694,323.186972722617,64.2302622452523));
#5502=CARTESIAN_POINT('Ctrl Pts',(974.07599517589,323.449244234674,65.4862514215031));
#5503=CARTESIAN_POINT('Ctrl Pts',(968.8979463362,324.027031350434,68.2689502820899));
#5504=CARTESIAN_POINT('Ctrl Pts',(962.986112652388,324.848309706464,72.2516454923067));
#5505=CARTESIAN_POINT('Ctrl Pts',(957.031986710448,325.961690735598,77.6772012105272));
#5506=CARTESIAN_POINT('Ctrl Pts',(952.209661956558,327.190500423938,83.6643280817143));
#5507=CARTESIAN_POINT('Ctrl Pts',(949.018898339377,328.304101725362,88.8544117545625));
#5508=CARTESIAN_POINT('Ctrl Pts',(946.876462890554,329.269730447793,93.0853939461205));
#5509=CARTESIAN_POINT('Ctrl Pts',(944.791139086621,330.40119244785,97.8057955839977));
#5510=CARTESIAN_POINT('Ctrl Pts',(942.695378341777,332.035755999859,103.990127137502));
#5511=CARTESIAN_POINT('Ctrl Pts',(941.254704622887,333.930676842617,110.050689826498));
#5512=CARTESIAN_POINT('Ctrl Pts',(940.400244219234,335.564853277257,114.546169599361));
#5513=CARTESIAN_POINT('Ctrl Pts',(940.049656806964,336.420969607163,116.656156789864));
#5514=CARTESIAN_POINT('Ctrl Pts',(939.887934900617,336.858636435352,117.672029872882));
#5515=CARTESIAN_POINT('Ctrl Pts',(1021.00000000022,320.56297631782,55.8120375152292));
#5516=CARTESIAN_POINT('Ctrl Pts',(1015.1939345884,320.557742837387,55.9127729734444));
#5517=CARTESIAN_POINT('Ctrl Pts',(1007.03047662723,320.652183415004,56.4338528296758));
#5518=CARTESIAN_POINT('Ctrl Pts',(997.179619028157,320.971043773876,57.9185359378393));
#5519=CARTESIAN_POINT('Ctrl Pts',(990.282167893734,321.30241703458,59.4290379186242));
#5520=CARTESIAN_POINT('Ctrl Pts',(983.848600848161,321.721891886051,61.3372312621131));
#5521=CARTESIAN_POINT('Ctrl Pts',(979.848606587993,322.057435386832,62.872194951657));
#5522=CARTESIAN_POINT('Ctrl Pts',(976.514935976192,322.369754919423,64.3077993119675));
#5523=CARTESIAN_POINT('Ctrl Pts',(973.783779072092,322.646211296485,65.5824183007796));
#5524=CARTESIAN_POINT('Ctrl Pts',(968.615139448928,323.254474331088,68.4016088765319));
#5525=CARTESIAN_POINT('Ctrl Pts',(962.726390039689,324.117648492044,72.4264788288598));
#5526=CARTESIAN_POINT('Ctrl Pts',(956.809376684345,325.285555815757,77.8895601845302));
#5527=CARTESIAN_POINT('Ctrl Pts',(952.025999445788,326.572438040881,83.8961979350582));
#5528=CARTESIAN_POINT('Ctrl Pts',(948.866333059158,327.736905142375,89.0881890712795));
#5529=CARTESIAN_POINT('Ctrl Pts',(946.747106577015,328.745519080385,93.3120097273854));
#5530=CARTESIAN_POINT('Ctrl Pts',(944.685925191087,329.926520331889,98.0179179323472));
#5531=CARTESIAN_POINT('Ctrl Pts',(942.617318652692,331.630714788361,104.167926670765));
#5532=CARTESIAN_POINT('Ctrl Pts',(941.198533951059,333.604169724388,110.1685961819));
#5533=CARTESIAN_POINT('Ctrl Pts',(940.358791405608,335.305149143054,114.601170901435));
#5534=CARTESIAN_POINT('Ctrl Pts',(940.014861999155,336.196012690024,116.674799428806));
#5535=CARTESIAN_POINT('Ctrl Pts',(939.856355771654,336.651392014771,117.671306450443));
#5536=CARTESIAN_POINT('Ctrl Pts',(1021.00000000021,319.813409108115,55.7408211087166));
#5537=CARTESIAN_POINT('Ctrl Pts',(1015.13905889496,319.811968612256,55.8445589758334));
#5538=CARTESIAN_POINT('Ctrl Pts',(1006.90929904291,319.915221633383,56.3776216992062));
#5539=CARTESIAN_POINT('Ctrl Pts',(996.999481243216,320.251792452727,57.8899390547013));
#5540=CARTESIAN_POINT('Ctrl Pts',(990.07149243448,320.599314009161,59.4258175849396));
#5541=CARTESIAN_POINT('Ctrl Pts',(983.619914176086,321.037682462971,61.3627234930082));
#5542=CARTESIAN_POINT('Ctrl Pts',(979.615416113734,321.387570788677,62.9180767820034));
#5543=CARTESIAN_POINT('Ctrl Pts',(976.280722156318,321.712983367572,64.3713554645912));
#5544=CARTESIAN_POINT('Ctrl Pts',(973.550445608479,322.00088292443,65.6608826745687));
#5545=CARTESIAN_POINT('Ctrl Pts',(968.389466309554,322.633723558775,68.5092645123738));
#5546=CARTESIAN_POINT('Ctrl Pts',(962.5193477655,323.530667640193,72.5678435791361));
#5547=CARTESIAN_POINT('Ctrl Pts',(956.632168270203,324.742490194866,78.060839474405));
#5548=CARTESIAN_POINT('Ctrl Pts',(951.88001209763,326.076105904937,84.0828903262591));
#5549=CARTESIAN_POINT('Ctrl Pts',(948.745215394388,327.281474066532,89.276201631687));
#5550=CARTESIAN_POINT('Ctrl Pts',(946.644516960151,328.324630781859,93.4941160000787));
#5551=CARTESIAN_POINT('Ctrl Pts',(944.602586629503,329.545426143734,98.1882305071709));
#5552=CARTESIAN_POINT('Ctrl Pts',(942.555573259331,331.305515221913,104.310526874457));
#5553=CARTESIAN_POINT('Ctrl Pts',(941.15416777116,333.34195371216,110.263062905167));
#5554=CARTESIAN_POINT('Ctrl Pts',(940.326146028884,335.096472796329,114.645199686052));
#5555=CARTESIAN_POINT('Ctrl Pts',(939.987544265734,336.015171884103,116.689718081599));
#5556=CARTESIAN_POINT('Ctrl Pts',(939.831618347354,336.484737990543,117.670724715792));
#5557=CARTESIAN_POINT('Ctrl Pts',(1021.00000000021,319.064611054189,55.6707552036812));
#5558=CARTESIAN_POINT('Ctrl Pts',(1015.08418997255,319.066981902193,55.7774922563515));
#5559=CARTESIAN_POINT('Ctrl Pts',(1006.78815000962,319.179051053722,56.3225345394272));
#5560=CARTESIAN_POINT('Ctrl Pts',(996.819422246555,319.533297543774,57.86248004906));
#5561=CARTESIAN_POINT('Ctrl Pts',(989.860948990322,319.896924136807,59.4237330761899));
#5562=CARTESIAN_POINT('Ctrl Pts',(983.391426090039,320.354127692361,61.389348839817));
#5563=CARTESIAN_POINT('Ctrl Pts',(979.382477153224,320.718313158619,62.9650880787675));
#5564=CARTESIAN_POINT('Ctrl Pts',(976.046808574596,321.056774561387,64.4360358878859));
#5565=CARTESIAN_POINT('Ctrl Pts',(973.317455171289,321.356078221231,65.7404657510331));
#5566=CARTESIAN_POINT('Ctrl Pts',(968.164224645705,322.013411772285,68.6180204134488));
#5567=CARTESIAN_POINT('Ctrl Pts',(962.312843927399,322.944009610257,72.7102670562294));
#5568=CARTESIAN_POINT('Ctrl Pts',(956.455591621324,324.199602588112,78.2330839321537));
#5569=CARTESIAN_POINT('Ctrl Pts',(951.734696571157,325.57981006308,84.270399065875));
#5570=CARTESIAN_POINT('Ctrl Pts',(948.624763510829,326.82596966186,89.4648818967429));
#5571=CARTESIAN_POINT('Ctrl Pts',(946.542567315309,327.903588434344,93.6767648779847));
#5572=CARTESIAN_POINT('Ctrl Pts',(944.519845414871,329.164094881499,98.358946312687));
#5573=CARTESIAN_POINT('Ctrl Pts',(942.494339331591,330.979987316953,104.453354961446));
#5574=CARTESIAN_POINT('Ctrl Pts',(941.110227159418,333.079357766512,110.357614288163));
#5575=CARTESIAN_POINT('Ctrl Pts',(940.293891176129,334.887410041381,114.689243304509));
#5576=CARTESIAN_POINT('Ctrl Pts',(939.960616693175,335.833954297463,116.704636957779));
#5577=CARTESIAN_POINT('Ctrl Pts',(939.807276464736,336.317715612355,117.670141695339));
#5578=CARTESIAN_POINT('Ctrl Pts',(1021.0000000002,317.756610237674,55.5513821141592));
#5579=CARTESIAN_POINT('Ctrl Pts',(1014.98827161199,317.765703947477,55.663402632465));
#5580=CARTESIAN_POINT('Ctrl Pts',(1006.57625979042,317.893203027346,56.2293249927298));
#5581=CARTESIAN_POINT('Ctrl Pts',(996.504626194183,318.278300035039,57.8175980311878));
#5582=CARTESIAN_POINT('Ctrl Pts',(989.492951258377,318.670003015586,59.4232188939353));
#5583=CARTESIAN_POINT('Ctrl Pts',(982.992213139009,319.160023879178,61.4390465124261));
#5584=CARTESIAN_POINT('Ctrl Pts',(978.975615374009,319.549111140192,63.0504308944278));
#5585=CARTESIAN_POINT('Ctrl Pts',(975.6383695638,319.910298037591,64.5522696766188));
#5586=CARTESIAN_POINT('Ctrl Pts',(972.910744353888,320.229461936364,65.8827505492771));
#5587=CARTESIAN_POINT('Ctrl Pts',(967.77130325627,320.929446994425,68.8112819978338));
#5588=CARTESIAN_POINT('Ctrl Pts',(961.952985557446,321.918647864073,72.9623055404532));
#5589=CARTESIAN_POINT('Ctrl Pts',(956.148340124291,323.250475146462,78.537030660478));
#5590=CARTESIAN_POINT('Ctrl Pts',(951.48224812487,324.711859486446,84.6006452835533));
#5591=CARTESIAN_POINT('Ctrl Pts',(948.415806156482,326.029124269465,89.7967780165958));
#5592=CARTESIAN_POINT('Ctrl Pts',(946.365920022935,327.166843901099,93.9977738926958));
#5593=CARTESIAN_POINT('Ctrl Pts',(944.376696408441,328.496628203388,98.6587039148273));
#5594=CARTESIAN_POINT('Ctrl Pts',(942.3886024646,330.409934859665,104.703849743718));
#5595=CARTESIAN_POINT('Ctrl Pts',(941.034532451376,332.619286999789,110.523269130939));
#5596=CARTESIAN_POINT('Ctrl Pts',(940.238555678136,334.520986146958,114.766348389362));
#5597=CARTESIAN_POINT('Ctrl Pts',(939.914599193697,335.51627381872,116.730736934411));
#5598=CARTESIAN_POINT('Ctrl Pts',(939.765798894873,336.024891498516,117.669119542203));
#5599=CARTESIAN_POINT('Ctrl Pts',(1021.00000000018,316.139939582327,55.4081344361542));
#5600=CARTESIAN_POINT('Ctrl Pts',(1014.86519679201,316.157783437007,55.5268801578362));
#5601=CARTESIAN_POINT('Ctrl Pts',(1006.3044786735,316.304240361416,56.119508133009));
#5602=CARTESIAN_POINT('Ctrl Pts',(996.101105072234,316.726162371849,57.7696323667756));
#5603=CARTESIAN_POINT('Ctrl Pts',(989.021508186006,317.151109776454,59.4320667052511));
#5604=CARTESIAN_POINT('Ctrl Pts',(982.481159191888,317.679850417515,61.5121897519557));
#5605=CARTESIAN_POINT('Ctrl Pts',(978.455105273484,318.098295441348,63.1692040235882));
#5606=CARTESIAN_POINT('Ctrl Pts',(975.116167555658,318.486290487015,64.7105713763351));
#5607=CARTESIAN_POINT('Ctrl Pts',(972.391052467028,318.828891599066,66.0743784951804));
#5608=CARTESIAN_POINT('Ctrl Pts',(967.269915296928,319.579286544855,69.0680658262021));
#5609=CARTESIAN_POINT('Ctrl Pts',(961.494771805572,320.637962053956,73.2940617530971));
#5610=CARTESIAN_POINT('Ctrl Pts',(955.758310657217,322.060734663418,78.9345701318741));
#5611=CARTESIAN_POINT('Ctrl Pts',(951.162879974509,323.619716824891,85.030752436725));
#5612=CARTESIAN_POINT('Ctrl Pts',(948.152272082147,325.023216599119,90.2278660605244));
#5613=CARTESIAN_POINT('Ctrl Pts',(946.14373072816,326.234373178101,94.4139453963422));
#5614=CARTESIAN_POINT('Ctrl Pts',(944.197272528253,327.649244235829,99.0465545338901));
#5615=CARTESIAN_POINT('Ctrl Pts',(942.25670038857,329.683273845384,105.027162197557));
#5616=CARTESIAN_POINT('Ctrl Pts',(940.940686073861,332.030883720962,110.736609820374));
#5617=CARTESIAN_POINT('Ctrl Pts',(940.170646642748,334.05165316187,114.865482433998));
#5618=CARTESIAN_POINT('Ctrl Pts',(939.858660487746,335.109380696834,116.764268723481));
#5619=CARTESIAN_POINT('Ctrl Pts',(939.715727377582,335.649961358114,117.667810783802));
#5620=CARTESIAN_POINT('Ctrl Pts',(1021.00000000016,314.712138490461,55.2911933458614));
#5621=CARTESIAN_POINT('Ctrl Pts',(1014.75636313784,314.737849851895,55.4158062163673));
#5622=CARTESIAN_POINT('Ctrl Pts',(1006.06418174302,314.901259458195,56.031893764169));
#5623=CARTESIAN_POINT('Ctrl Pts',(995.744587950492,315.355994401589,57.7365472803084));
#5624=CARTESIAN_POINT('Ctrl Pts',(988.605243196116,315.810522460008,59.4491078259492));
#5625=CARTESIAN_POINT('Ctrl Pts',(982.030289922643,316.373680497978,61.5859766437494));
#5626=CARTESIAN_POINT('Ctrl Pts',(977.99621994598,316.818200120166,63.2832552184205));
#5627=CARTESIAN_POINT('Ctrl Pts',(974.656108514896,317.22999708968,64.8594910106281));
#5628=CARTESIAN_POINT('Ctrl Pts',(971.933498673467,317.593402509548,66.252687994188));
#5629=CARTESIAN_POINT('Ctrl Pts',(966.829145909839,318.388525181331,69.3037848244214));
#5630=CARTESIAN_POINT('Ctrl Pts',(961.092921861647,319.508809054167,73.5956992258457));
#5631=CARTESIAN_POINT('Ctrl Pts',(955.417441364085,321.012179865362,79.2936421260455));
#5632=CARTESIAN_POINT('Ctrl Pts',(950.884855419662,322.657619774045,85.4175288083794));
#5633=CARTESIAN_POINT('Ctrl Pts',(947.923675856697,324.137492436155,90.6144328446231));
#5634=CARTESIAN_POINT('Ctrl Pts',(945.951608472182,325.413683106959,94.7864115166134));
#5635=CARTESIAN_POINT('Ctrl Pts',(944.042781289926,326.90390477472,99.3929547004529));
#5636=CARTESIAN_POINT('Ctrl Pts',(942.143799988992,329.044849610726,105.315176473575));
#5637=CARTESIAN_POINT('Ctrl Pts',(940.861002363575,331.514950710281,110.926226894169));
#5638=CARTESIAN_POINT('Ctrl Pts',(940.113753547733,333.641259093678,114.953446994553));
#5639=CARTESIAN_POINT('Ctrl Pts',(939.812383056952,334.754348189038,116.794006934242));
#5640=CARTESIAN_POINT('Ctrl Pts',(939.674688703494,335.323273058425,117.666670421877));
#5641=CARTESIAN_POINT('Ctrl Pts',(1021.00000000016,313.585997068684,55.2075811992418));
#5642=CARTESIAN_POINT('Ctrl Pts',(1014.67503342283,313.617635148894,55.3364947600933));
#5643=CARTESIAN_POINT('Ctrl Pts',(1005.88471654546,313.794774479385,55.9700683121788));
#5644=CARTESIAN_POINT('Ctrl Pts',(995.478405446094,314.276987482,57.7153729751681));
#5645=CARTESIAN_POINT('Ctrl Pts',(988.294562991916,314.756513852347,59.4653441697337));
#5646=CARTESIAN_POINT('Ctrl Pts',(981.69392793052,315.348854175695,61.6445691751165));
#5647=CARTESIAN_POINT('Ctrl Pts',(977.6540089666,315.815479399697,63.3719046097013));
#5648=CARTESIAN_POINT('Ctrl Pts',(974.313149562888,316.247428109145,64.9741645883584));
#5649=CARTESIAN_POINT('Ctrl Pts',(971.592524531254,316.628431561485,66.3892946261302));
#5650=CARTESIAN_POINT('Ctrl Pts',(966.500947574211,317.46128500343,69.4832171449823));
#5651=CARTESIAN_POINT('Ctrl Pts',(960.794090590874,318.633274945947,73.8242534108344));
#5652=CARTESIAN_POINT('Ctrl Pts',(955.164431821049,320.203635173766,79.5648439387146));
#5653=CARTESIAN_POINT('Ctrl Pts',(950.678928473004,321.92010984676,85.7090216890486));
#5654=CARTESIAN_POINT('Ctrl Pts',(947.754687770917,323.461944679004,90.905360436952));
#5655=CARTESIAN_POINT('Ctrl Pts',(945.809826573798,324.790337911435,95.0664554593946));
#5656=CARTESIAN_POINT('Ctrl Pts',(943.929032964098,326.340605693031,99.653131255667));
#5657=CARTESIAN_POINT('Ctrl Pts',(942.060943353241,328.565678568888,105.531222240746));
#5658=CARTESIAN_POINT('Ctrl Pts',(940.802783201897,331.130287941468,111.068297625238));
#5659=CARTESIAN_POINT('Ctrl Pts',(940.072505244138,333.336775350349,115.019297291802));
#5660=CARTESIAN_POINT('Ctrl Pts',(939.779083235436,334.491498460187,116.816268364451));
#5661=CARTESIAN_POINT('Ctrl Pts',(939.645324202718,335.081629879413,117.665826924633));
#5662=CARTESIAN_POINT('Ctrl Pts',(1021.00000000014,312.223049898452,55.1139737809278));
#5663=CARTESIAN_POINT('Ctrl Pts',(1014.58051834488,312.26163335781,55.2478834509131));
#5664=CARTESIAN_POINT('Ctrl Pts',(1005.67604145593,312.455673511554,55.9016563695182));
#5665=CARTESIAN_POINT('Ctrl Pts',(995.16901438412,312.97248343184,57.6941696582403));
#5666=CARTESIAN_POINT('Ctrl Pts',(987.933530369253,313.483659681873,59.4875831208225));
#5667=CARTESIAN_POINT('Ctrl Pts',(981.303180978551,314.1130257385,61.716016243669));
#5668=CARTESIAN_POINT('Ctrl Pts',(977.256578038769,314.607695469219,63.4782667642685));
#5669=CARTESIAN_POINT('Ctrl Pts',(973.914958901698,315.065188483613,65.1107552650172));
#5670=CARTESIAN_POINT('Ctrl Pts',(971.196739997022,315.468487268624,66.5513593871375));
#5671=CARTESIAN_POINT('Ctrl Pts',(966.120223328411,316.349060528254,69.6950056391583));
#5672=CARTESIAN_POINT('Ctrl Pts',(960.447766085285,317.586236540464,74.0930281899499));
#5673=CARTESIAN_POINT('Ctrl Pts',(954.871621832185,319.240534038982,79.8829506508095));
#5674=CARTESIAN_POINT('Ctrl Pts',(950.440986012729,321.045354890759,86.050337491885));
#5675=CARTESIAN_POINT('Ctrl Pts',(947.559714367827,322.663615675926,91.245638436518));
#5676=CARTESIAN_POINT('Ctrl Pts',(945.646458028599,324.055938102843,95.3937543246351));
#5677=CARTESIAN_POINT('Ctrl Pts',(943.798193602841,325.679376386495,99.9569616016221));
#5678=CARTESIAN_POINT('Ctrl Pts',(941.965874670191,328.006072980217,105.783257738863));
#5679=CARTESIAN_POINT('Ctrl Pts',(940.736219419673,330.683256721712,111.233890220483));
#5680=CARTESIAN_POINT('Ctrl Pts',(940.025634068851,332.984171473852,115.096004351607));
#5681=CARTESIAN_POINT('Ctrl Pts',(939.741468316066,334.187557355123,116.842189720942));
#5682=CARTESIAN_POINT('Ctrl Pts',(939.612307562233,334.802376941378,117.664852144029));
#5683=CARTESIAN_POINT('Ctrl Pts',(1021.00000000013,310.591572845359,55.0197750549249));
#5684=CARTESIAN_POINT('Ctrl Pts',(1014.47331785009,310.638136037731,55.1591925834952));
#5685=CARTESIAN_POINT('Ctrl Pts',(1005.43945641456,310.852891058709,55.8356412407112));
#5686=CARTESIAN_POINT('Ctrl Pts',(994.818416006133,311.413191106677,57.6813017519384));
#5687=CARTESIAN_POINT('Ctrl Pts',(987.524612558103,311.964406303942,59.5236833225366));
#5688=CARTESIAN_POINT('Ctrl Pts',(980.86088231946,312.640714974512,61.8075975480538));
#5689=CARTESIAN_POINT('Ctrl Pts',(976.806959202533,313.170932579337,63.6092082155597));
#5690=CARTESIAN_POINT('Ctrl Pts',(973.464719910973,313.6607715885,65.2757598733195));
#5691=CARTESIAN_POINT('Ctrl Pts',(970.749442898874,314.092283278994,66.7450616902762));
#5692=CARTESIAN_POINT('Ctrl Pts',(965.690451990673,315.033119123015,69.9446700874867));
#5693=CARTESIAN_POINT('Ctrl Pts',(960.05755752306,316.352303037156,74.4066796814729));
#5694=CARTESIAN_POINT('Ctrl Pts',(954.542606830946,318.11142972984,80.2515678738514));
#5695=CARTESIAN_POINT('Ctrl Pts',(950.17445107012,320.025606668682,86.4440346980714));
#5696=CARTESIAN_POINT('Ctrl Pts',(947.341938596914,321.737519703922,91.6370175683382));
#5697=CARTESIAN_POINT('Ctrl Pts',(945.464450434206,323.207492769035,95.7694749505686));
#5698=CARTESIAN_POINT('Ctrl Pts',(943.652930872589,324.919259870109,100.305025656187));
#5699=CARTESIAN_POINT('Ctrl Pts',(941.860849476908,327.367280135856,106.071260076867));
#5700=CARTESIAN_POINT('Ctrl Pts',(940.663204315547,330.176447304418,111.422701515624));
#5701=CARTESIAN_POINT('Ctrl Pts',(939.974867786346,332.586410076218,115.183326486802));
#5702=CARTESIAN_POINT('Ctrl Pts',(939.701243117313,333.845414938231,116.87168365725));
#5703=CARTESIAN_POINT('Ctrl Pts',(939.577345829622,334.488299583863,117.663755802776));
#5704=CARTESIAN_POINT('Ctrl Pts',(1021.00000000012,309.225211345148,54.9516212784707));
#5705=CARTESIAN_POINT('Ctrl Pts',(1014.36722098561,309.279781359513,55.0963292756643));
#5706=CARTESIAN_POINT('Ctrl Pts',(1005.20529671425,309.511016353537,55.7946875848083));
#5707=CARTESIAN_POINT('Ctrl Pts',(994.471607734054,310.102382353752,57.6919281723951));
#5708=CARTESIAN_POINT('Ctrl Pts',(987.120304001808,310.681364228967,59.5818501540552));
#5709=CARTESIAN_POINT('Ctrl Pts',(980.423841836622,311.389828663833,61.9196196993546));
#5710=CARTESIAN_POINT('Ctrl Pts',(976.362925827027,311.944351392061,63.7593969655606));
#5711=CARTESIAN_POINT('Ctrl Pts',(973.020309065341,312.456369708869,65.4589470494388));
#5712=CARTESIAN_POINT('Ctrl Pts',(970.308153886908,312.907263167113,66.956029752875));
#5713=CARTESIAN_POINT('Ctrl Pts',(965.26695153225,313.889773627063,70.2096969986389));
#5714=CARTESIAN_POINT('Ctrl Pts',(959.673767077882,315.266411454405,74.7332164368574));
#5715=CARTESIAN_POINT('Ctrl Pts',(954.219906961904,317.100927369532,80.6301227021619));
#5716=CARTESIAN_POINT('Ctrl Pts',(949.913885662576,319.09633203639,86.8448445236226));
#5717=CARTESIAN_POINT('Ctrl Pts',(947.129706746971,320.880380317493,92.0333824582649));
#5718=CARTESIAN_POINT('Ctrl Pts',(945.287589201961,322.412075565862,96.1486548439924));
#5719=CARTESIAN_POINT('Ctrl Pts',(943.5123407074,324.195596482537,100.655009715289));
#5720=CARTESIAN_POINT('Ctrl Pts',(941.759829486804,326.746033625382,106.359574221201));
#5721=CARTESIAN_POINT('Ctrl Pts',(940.593624828874,329.673694308203,111.611020808483));
#5722=CARTESIAN_POINT('Ctrl Pts',(939.927271439117,332.186563295795,115.270178732966));
#5723=CARTESIAN_POINT('Ctrl Pts',(939.664137967993,333.499827654663,116.900964283083));
#5724=CARTESIAN_POINT('Ctrl Pts',(939.545506417546,334.170565151952,117.662646695873));
#5725=CARTESIAN_POINT('Ctrl Pts',(1021.00000000011,308.373825995484,54.9143207257477));
#5726=CARTESIAN_POINT('Ctrl Pts',(1014.2882130424,308.434403740989,55.0628341273926));
#5727=CARTESIAN_POINT('Ctrl Pts',(1005.03103596912,308.675181265545,55.7772556993443));
#5728=CARTESIAN_POINT('Ctrl Pts',(994.213590534979,309.281580419867,57.7123049637663));
#5729=CARTESIAN_POINT('Ctrl Pts',(986.819614892143,309.873231091296,59.637107520117));
#5730=CARTESIAN_POINT('Ctrl Pts',(980.098947532666,310.595988016245,62.0143766147044));
#5731=CARTESIAN_POINT('Ctrl Pts',(976.032958130366,311.161273015541,63.8821287469963));
#5732=CARTESIAN_POINT('Ctrl Pts',(972.690182362273,311.683175212548,65.6058471273863));
#5733=CARTESIAN_POINT('Ctrl Pts',(969.980458206869,312.142741616576,67.1232662509429));
#5734=CARTESIAN_POINT('Ctrl Pts',(964.952722718152,313.144170207633,70.416443444087));
#5735=CARTESIAN_POINT('Ctrl Pts',(959.389379300543,314.547607299825,74.984755707018));
#5736=CARTESIAN_POINT('Ctrl Pts',(953.981261755608,316.419142674909,80.9190985003269));
#5737=CARTESIAN_POINT('Ctrl Pts',(949.721648474483,318.456827608843,87.1490206321182));
#5738=CARTESIAN_POINT('Ctrl Pts',(946.973494129187,320.280729011299,92.3331148405772));
#5739=CARTESIAN_POINT('Ctrl Pts',(945.157698056944,321.848175912922,96.4347086253114));
#5740=CARTESIAN_POINT('Ctrl Pts',(943.409413670796,323.674552040414,100.918376532692));
#5741=CARTESIAN_POINT('Ctrl Pts',(941.686247122919,326.289316084108,106.575877253292));
#5742=CARTESIAN_POINT('Ctrl Pts',(940.543338842221,329.296972954843,111.75193958564));
#5743=CARTESIAN_POINT('Ctrl Pts',(939.893338304529,331.883016210503,115.335036304659));
#5744=CARTESIAN_POINT('Ctrl Pts',(939.638048381749,333.236109351891,116.922800056625));
#5745=CARTESIAN_POINT('Ctrl Pts',(939.523364096515,333.927615455205,117.661798638003));
#5746=CARTESIAN_POINT('Ctrl Pts',(1021.00000000011,307.634675184674,54.8875111473644));
#5747=CARTESIAN_POINT('Ctrl Pts',(1014.20986236923,307.701262046435,55.0396813309401));
#5748=CARTESIAN_POINT('Ctrl Pts',(1004.85826178768,307.949717550934,55.7697932814945));
#5749=CARTESIAN_POINT('Ctrl Pts',(993.957871029077,308.56569056079,57.741905505737));
#5750=CARTESIAN_POINT('Ctrl Pts',(986.521706928377,309.164621087869,59.700933048229));
#5751=CARTESIAN_POINT('Ctrl Pts',(979.777201344889,309.89517765265,62.1169654357273));
#5752=CARTESIAN_POINT('Ctrl Pts',(975.706314731018,310.46628787453,64.0121612537525));
#5753=CARTESIAN_POINT('Ctrl Pts',(972.363505474065,310.993608910029,65.7595772154614));
#5754=CARTESIAN_POINT('Ctrl Pts',(969.656301686408,311.457969365946,67.2969295793803));
#5755=CARTESIAN_POINT('Ctrl Pts',(964.64215101293,312.470149912884,70.6287885920665));
#5756=CARTESIAN_POINT('Ctrl Pts',(959.108688316708,313.889594456414,75.2408338816685));
#5757=CARTESIAN_POINT('Ctrl Pts',(953.746212204729,315.78519826174,81.2113861798533));
#5758=CARTESIAN_POINT('Ctrl Pts',(949.532792211029,317.852773879392,87.4553709546023));
#5759=CARTESIAN_POINT('Ctrl Pts',(946.820424032147,319.707034324361,92.6341947338308));
#5760=CARTESIAN_POINT('Ctrl Pts',(945.030736640449,321.303191029721,96.7215367671012));
#5761=CARTESIAN_POINT('Ctrl Pts',(943.309170353298,323.165082743024,101.181957438474));
#5762=CARTESIAN_POINT('Ctrl Pts',(941.615014714288,325.835767947948,106.791855580336));
#5763=CARTESIAN_POINT('Ctrl Pts',(940.495122919166,328.917351013583,111.892364912233));
#5764=CARTESIAN_POINT('Ctrl Pts',(939.861340634128,331.573726917462,115.399558861905));
#5765=CARTESIAN_POINT('Ctrl Pts',(939.613865578777,332.965969298492,116.944489637682));
#5766=CARTESIAN_POINT('Ctrl Pts',(939.503125607297,333.678107198623,117.660927686348));
#5767=CARTESIAN_POINT('Ctrl Pts',(1021.00000000011,306.902753384928,54.8663402801643));
#5768=CARTESIAN_POINT('Ctrl Pts',(1014.13225644382,306.975348899179,55.0220281329516));
#5769=CARTESIAN_POINT('Ctrl Pts',(1004.68710310755,307.231295010314,55.767483849581));
#5770=CARTESIAN_POINT('Ctrl Pts',(993.704657754955,307.856300535831,57.7761144248065));
#5771=CARTESIAN_POINT('Ctrl Pts',(986.226820247262,308.461970858365,59.7689025368558));
#5772=CARTESIAN_POINT('Ctrl Pts',(979.458867077911,309.199670146691,62.2232031509481));
#5773=CARTESIAN_POINT('Ctrl Pts',(975.383265043072,309.776099615131,64.1454956817391));
#5774=CARTESIAN_POINT('Ctrl Pts',(972.040549800898,310.308378264261,65.9163071767173));
#5775=CARTESIAN_POINT('Ctrl Pts',(969.335955837813,310.777130138588,67.4733367835871));
#5776=CARTESIAN_POINT('Ctrl Pts',(964.335501402231,311.799204533315,70.8433629714892));
#5777=CARTESIAN_POINT('Ctrl Pts',(958.831941663697,313.233499678226,75.4985028822833));
#5778=CARTESIAN_POINT('Ctrl Pts',(953.514981571422,315.15173599135,81.5045570971743));
#5779=CARTESIAN_POINT('Ctrl Pts',(949.34751966484,317.247769796764,87.7619813894212));
#5780=CARTESIAN_POINT('Ctrl Pts',(946.670687443693,319.131232673879,92.9351140724959));
#5781=CARTESIAN_POINT('Ctrl Pts',(944.906890285513,320.75519525702,97.0079382959511));
#5782=CARTESIAN_POINT('Ctrl Pts',(943.211790322951,322.651619291665,101.44487506992));
#5783=CARTESIAN_POINT('Ctrl Pts',(941.546311984107,325.376990971056,107.007010561458));
#5784=CARTESIAN_POINT('Ctrl Pts',(940.449161278474,328.531378703366,112.032090439516));
#5785=CARTESIAN_POINT('Ctrl Pts',(939.831462704628,331.257322025287,115.463690197063));
#5786=CARTESIAN_POINT('Ctrl Pts',(939.591770300484,332.688381520978,116.966014983106));
#5787=CARTESIAN_POINT('Ctrl Pts',(939.484970633299,333.420998686342,117.660030204687));
#5788=CARTESIAN_POINT('Ctrl Pts',(1021.0000000001,305.857041858399,54.8420406146181));
#5789=CARTESIAN_POINT('Ctrl Pts',(1014.02979130707,305.937633626117,55.0021609011431));
#5790=CARTESIAN_POINT('Ctrl Pts',(1004.46124023371,306.204635749993,55.767707850192));
#5791=CARTESIAN_POINT('Ctrl Pts',(993.370637708751,306.844793810498,57.8243996170548));
#5792=CARTESIAN_POINT('Ctrl Pts',(985.837979024081,307.46251458653,59.8617186522729));
#5793=CARTESIAN_POINT('Ctrl Pts',(979.039306773178,308.213414214802,62.3665392846463));
#5794=CARTESIAN_POINT('Ctrl Pts',(974.95766845751,308.799718625306,64.3246254341299));
#5795=CARTESIAN_POINT('Ctrl Pts',(971.615250770892,309.34111653097,66.1263432647047));
#5796=CARTESIAN_POINT('Ctrl Pts',(968.914254128161,309.817898734886,67.7093690242893));
#5797=CARTESIAN_POINT('Ctrl Pts',(963.932199279463,310.857722622931,71.1298156917224));
#5798=CARTESIAN_POINT('Ctrl Pts',(958.468516133475,312.317793488776,75.8418606579892));
#5799=CARTESIAN_POINT('Ctrl Pts',(953.212040764809,314.273273132306,81.8946854099973));
#5800=CARTESIAN_POINT('Ctrl Pts',(949.10551194659,316.4138846805,88.1695845457717));
#5801=CARTESIAN_POINT('Ctrl Pts',(946.475707235649,318.34123978946,93.3348798553574));
#5802=CARTESIAN_POINT('Ctrl Pts',(944.746126546876,320.00585229397,97.3882321348226));
#5803=CARTESIAN_POINT('Ctrl Pts',(943.085973935385,321.951958477386,101.793799605921));
#5804=CARTESIAN_POINT('Ctrl Pts',(941.45828548775,324.754175365144,107.292350945284));
#5805=CARTESIAN_POINT('Ctrl Pts',(940.391088209551,328.007975428244,112.217264943308));
#5806=CARTESIAN_POINT('Ctrl Pts',(939.79465217561,330.827248802461,115.548616362961));
#5807=CARTESIAN_POINT('Ctrl Pts',(939.565293706146,332.309875168565,116.994490907526));
#5808=CARTESIAN_POINT('Ctrl Pts',(939.463738179675,333.069574748335,117.658803498747));
#5809=CARTESIAN_POINT('Ctrl Pts',(1021.00000000009,304.5120788018,54.825656375007));
#5810=CARTESIAN_POINT('Ctrl Pts',(1013.90396940609,304.602650644461,54.9909832669169));
#5811=CARTESIAN_POINT('Ctrl Pts',(1004.18360070099,304.884045655102,55.7805613368924));
#5812=CARTESIAN_POINT('Ctrl Pts',(992.960398798568,305.544930877336,57.8958212989643));
#5813=CARTESIAN_POINT('Ctrl Pts',(985.36065518334,306.179463462593,59.9874827991201));
#5814=CARTESIAN_POINT('Ctrl Pts',(978.524664001407,306.948957468818,62.5540699194492));
#5815=CARTESIAN_POINT('Ctrl Pts',(974.435954309029,307.549178081031,64.5559283163315));
#5816=CARTESIAN_POINT('Ctrl Pts',(971.094228965254,308.103385466351,66.3954413779487));
#5817=CARTESIAN_POINT('Ctrl Pts',(968.397945390236,308.591425010672,68.0102544912473));
#5818=CARTESIAN_POINT('Ctrl Pts',(963.43912037699,309.655968081909,71.4923173347387));
#5819=CARTESIAN_POINT('Ctrl Pts',(958.025231635896,311.151528412903,76.2737757985903));
#5820=CARTESIAN_POINT('Ctrl Pts',(952.843902447107,313.157324524498,82.3832285783031));
#5821=CARTESIAN_POINT('Ctrl Pts',(948.812826045957,315.357052302537,88.6784506454819));
#5822=CARTESIAN_POINT('Ctrl Pts',(946.241102508128,317.341665903786,93.8329966107355));
#5823=CARTESIAN_POINT('Ctrl Pts',(944.553703552296,319.058702144881,97.8614564499005));
#5824=CARTESIAN_POINT('Ctrl Pts',(942.936564865719,321.068442135795,102.227365089623));
#5825=CARTESIAN_POINT('Ctrl Pts',(941.355265186603,323.968081041217,107.646266162135));
#5826=CARTESIAN_POINT('Ctrl Pts',(940.324830849015,327.346299609618,112.446583349902));
#5827=CARTESIAN_POINT('Ctrl Pts',(939.75463138938,330.281434436869,115.653651046805));
#5828=CARTESIAN_POINT('Ctrl Pts',(939.538093237838,331.827787617696,117.02963996183));
#5829=CARTESIAN_POINT('Ctrl Pts',(939.443076446637,332.620880697416,117.65723725468));
#5830=CARTESIAN_POINT('Ctrl Pts',(1021.00000000009,302.983513433588,54.8235622391883));
#5831=CARTESIAN_POINT('Ctrl Pts',(1013.75669949356,303.085949298925,54.9941710602469));
#5832=CARTESIAN_POINT('Ctrl Pts',(1003.85908955547,303.384030466906,55.8111530327002));
#5833=CARTESIAN_POINT('Ctrl Pts',(992.481252445257,304.068169916414,57.9940769802518));
#5834=CARTESIAN_POINT('Ctrl Pts',(984.803613061435,304.721303024911,60.1488797737694));
#5835=CARTESIAN_POINT('Ctrl Pts',(977.924660519897,305.511197810641,62.7873794635357));
#5836=CARTESIAN_POINT('Ctrl Pts',(973.828238563586,306.126642005359,64.8402716330041));
#5837=CARTESIAN_POINT('Ctrl Pts',(970.487837063984,306.694870875924,66.7238517679087));
#5838=CARTESIAN_POINT('Ctrl Pts',(967.797516677219,307.195236772234,68.3757310333873));
#5839=CARTESIAN_POINT('Ctrl Pts',(962.866812439718,308.286907224534,71.9296180373369));
#5840=CARTESIAN_POINT('Ctrl Pts',(957.512373911156,309.821595497568,76.7918715617859));
#5841=CARTESIAN_POINT('Ctrl Pts',(952.420173785464,311.883370587811,82.9667774350987));
#5842=CARTESIAN_POINT('Ctrl Pts',(948.478223656217,314.149511461346,89.2845271241567));
#5843=CARTESIAN_POINT('Ctrl Pts',(945.974883157233,316.199040125746,94.4251910697305));
#5844=CARTESIAN_POINT('Ctrl Pts',(944.337034371336,317.975907945021,98.4233565556694));
#5845=CARTESIAN_POINT('Ctrl Pts',(942.770355391705,320.058571586426,102.741493403487));
#5846=CARTESIAN_POINT('Ctrl Pts',(941.243295335356,323.070549655178,108.065272741348));
#5847=CARTESIAN_POINT('Ctrl Pts',(940.255844627854,326.593428941004,112.717707811156));
#5848=CARTESIAN_POINT('Ctrl Pts',(939.716547035584,329.664008131398,115.777734566285));
#5849=CARTESIAN_POINT('Ctrl Pts',(939.515234835515,331.285086899798,117.071214640971));
#5850=CARTESIAN_POINT('Ctrl Pts',(939.428012779193,332.11739754081,117.655479759779));
#5851=CARTESIAN_POINT('Ctrl Pts',(1021.00000000007,301.401820746139,54.8191943228622));
#5852=CARTESIAN_POINT('Ctrl Pts',(1013.61394332072,301.516005652331,54.9942778908791));
#5853=CARTESIAN_POINT('Ctrl Pts',(1003.54421777795,301.833077229537,55.8370327903654));
#5854=CARTESIAN_POINT('Ctrl Pts',(992.016833356098,302.547523540054,58.0857599078299));
#5855=CARTESIAN_POINT('Ctrl Pts',(984.264067505805,303.226226560215,60.3022745167834));
#5856=CARTESIAN_POINT('Ctrl Pts',(977.344081274415,304.044905428892,63.0113613927415));
#5857=CARTESIAN_POINT('Ctrl Pts',(973.240695280478,304.681914754761,65.1144652449459));
#5858=CARTESIAN_POINT('Ctrl Pts',(969.902064649291,305.269877910681,67.041452034678));
#5859=CARTESIAN_POINT('Ctrl Pts',(967.217963555734,305.787521085047,68.7298686198104));
#5860=CARTESIAN_POINT('Ctrl Pts',(962.315460943359,306.916672984089,72.3546538078301));
#5861=CARTESIAN_POINT('Ctrl Pts',(957.019880325568,308.504015289222,77.2968339609449));
#5862=CARTESIAN_POINT('Ctrl Pts',(952.015392977193,310.637653562354,83.536767371026));
#5863=CARTESIAN_POINT('Ctrl Pts',(948.160821377665,312.984953586522,89.8773209478317));
#5864=CARTESIAN_POINT('Ctrl Pts',(945.72432941286,315.110234527357,95.0048621365334));
#5865=CARTESIAN_POINT('Ctrl Pts',(944.134826785118,316.954602173386,98.9736572468454));
#5866=CARTESIAN_POINT('Ctrl Pts',(942.617302895658,319.117849133965,103.245278032744));
#5867=CARTESIAN_POINT('Ctrl Pts',(941.142946516523,322.250052379157,108.476118784561));
#5868=CARTESIAN_POINT('Ctrl Pts',(940.197312350138,325.921376822684,112.983752666355));
#5869=CARTESIAN_POINT('Ctrl Pts',(939.688304976092,329.127160673262,115.899664502875));
#5870=CARTESIAN_POINT('Ctrl Pts',(939.502021556608,330.821657003552,117.112213039931));
#5871=CARTESIAN_POINT('Ctrl Pts',(939.42253679014,331.692203750435,117.653995547428));
#5872=CARTESIAN_POINT('Ctrl Pts',(1021.00000000006,299.325256097095,54.8237653075655));
#5873=CARTESIAN_POINT('Ctrl Pts',(1013.42995648149,299.454860714226,55.0033343144749));
#5874=CARTESIAN_POINT('Ctrl Pts',(1003.13871664632,299.798919011495,55.8781392775912));
#5875=CARTESIAN_POINT('Ctrl Pts',(991.419198030066,300.559045783032,58.2109777471976));
#5876=CARTESIAN_POINT('Ctrl Pts',(983.570277003749,301.277102720846,60.5069657678795));
#5877=CARTESIAN_POINT('Ctrl Pts',(976.598230834714,302.14048891193,63.3072986348963));
#5878=CARTESIAN_POINT('Ctrl Pts',(972.486529859172,302.811029527789,65.4754743193397));
#5879=CARTESIAN_POINT('Ctrl Pts',(969.150790433124,303.429599265365,67.4587564256097));
#5880=CARTESIAN_POINT('Ctrl Pts',(966.475239905581,303.973993131019,69.1945866200272));
#5881=CARTESIAN_POINT('Ctrl Pts',(961.610211958984,305.160855366644,72.9114488117783));
#5882=CARTESIAN_POINT('Ctrl Pts',(956.391926963471,306.828425162061,77.9575166617213));
#5883=CARTESIAN_POINT('Ctrl Pts',(951.501977441873,309.06944343552,84.2819469319473));
#5884=CARTESIAN_POINT('Ctrl Pts',(947.761109826804,311.535412944199,90.6519255549438));
#5885=CARTESIAN_POINT('Ctrl Pts',(945.411374831674,313.769081473967,95.7620984567669));
#5886=CARTESIAN_POINT('Ctrl Pts',(943.884508269108,315.70841842771,99.6923970269877));
#5887=CARTESIAN_POINT('Ctrl Pts',(942.430602717391,317.983838316167,103.903153282074));
#5888=CARTESIAN_POINT('Ctrl Pts',(941.024308303835,321.280530105684,109.01256395316));
#5889=CARTESIAN_POINT('Ctrl Pts',(940.132775275641,325.150165538395,113.33117349688));
#5890=CARTESIAN_POINT('Ctrl Pts',(939.663276632608,328.533612371286,116.05905218348));
#5891=CARTESIAN_POINT('Ctrl Pts',(939.496751252198,330.323630331825,117.166054166512));
#5892=CARTESIAN_POINT('Ctrl Pts',(939.427478071602,331.243688588673,117.652429927804));
#5893=CARTESIAN_POINT('Ctrl Pts',(1021.00000000004,297.497678449797,54.8349733241715));
#5894=CARTESIAN_POINT('Ctrl Pts',(1013.27834715509,297.640404320546,55.0164987120251));
#5895=CARTESIAN_POINT('Ctrl Pts',(1002.80451260844,298.008959052059,55.9158745224857));
#5896=CARTESIAN_POINT('Ctrl Pts',(990.927312881196,298.812418482888,58.3173764761328));
#5897=CARTESIAN_POINT('Ctrl Pts',(982.999868285929,299.56832261808,60.6790394324655));
#5898=CARTESIAN_POINT('Ctrl Pts',(975.985916284043,300.474951484274,63.5553458671926));
#5899=CARTESIAN_POINT('Ctrl Pts',(971.868179933601,301.177929599614,65.7779494135749));
#5900=CARTESIAN_POINT('Ctrl Pts',(968.535589995323,301.826047772221,67.8083995532713));
#5901=CARTESIAN_POINT('Ctrl Pts',(965.867768761081,302.396233803232,69.5840035206349));
#5902=CARTESIAN_POINT('Ctrl Pts',(961.035080892802,303.638504084079,73.3782604229641));
#5903=CARTESIAN_POINT('Ctrl Pts',(955.882385865508,305.382501022851,78.5118866078269));
#5904=CARTESIAN_POINT('Ctrl Pts',(951.088847451536,307.724332827744,84.9077897087469));
#5905=CARTESIAN_POINT('Ctrl Pts',(947.443219826468,310.299877569566,91.3029223382275));
#5906=CARTESIAN_POINT('Ctrl Pts',(945.165892559565,312.63192350015,96.3987918717038));
#5907=CARTESIAN_POINT('Ctrl Pts',(943.691189883777,314.656284942753,100.296922324088));
#5908=CARTESIAN_POINT('Ctrl Pts',(942.290187655388,317.031237254139,104.456688260895));
#5909=CARTESIAN_POINT('Ctrl Pts',(940.940360745924,320.471745733541,109.464148089019));
#5910=CARTESIAN_POINT('Ctrl Pts',(940.093916757983,324.511148942053,113.623773901171));
#5911=CARTESIAN_POINT('Ctrl Pts',(939.657775953836,328.044404435595,116.193353023087));
#5912=CARTESIAN_POINT('Ctrl Pts',(939.508120556504,329.914227118136,117.211440291011));
#5913=CARTESIAN_POINT('Ctrl Pts',(939.447624872829,330.875460484472,117.651144564018));
#5914=CARTESIAN_POINT('Ctrl Pts',(1021.00000000003,295.935175450687,54.8599587169897));
#5915=CARTESIAN_POINT('Ctrl Pts',(1013.15611894569,296.088757709779,55.0413291910709));
#5916=CARTESIAN_POINT('Ctrl Pts',(1002.53541090736,296.477908061522,55.9588445120787));
#5917=CARTESIAN_POINT('Ctrl Pts',(990.53146824477,297.318033433135,58.4143649078292));
#5918=CARTESIAN_POINT('Ctrl Pts',(982.541158536503,298.106030159891,60.8284923747751));
#5919=CARTESIAN_POINT('Ctrl Pts',(975.493940082426,299.049332968695,63.7659302343433));
#5920=CARTESIAN_POINT('Ctrl Pts',(971.371757839665,299.779799539877,66.0325383183863));
#5921=CARTESIAN_POINT('Ctrl Pts',(968.042094792173,300.452937312418,68.1011753120402));
#5922=CARTESIAN_POINT('Ctrl Pts',(965.380845589401,301.044949696316,69.9090135507131));
#5923=CARTESIAN_POINT('Ctrl Pts',(960.574952145512,302.33404252716,73.766083762393));
#5924=CARTESIAN_POINT('Ctrl Pts',(955.47605948328,304.142468867068,78.9708712073808));
#5925=CARTESIAN_POINT('Ctrl Pts',(950.761201290397,306.56893592669,85.4248157797853));
#5926=CARTESIAN_POINT('Ctrl Pts',(947.193047440819,309.23605546421,91.8400919813778));
#5927=CARTESIAN_POINT('Ctrl Pts',(944.974487520105,311.649937746422,96.9238578107102));
#5928=CARTESIAN_POINT('Ctrl Pts',(943.54207271253,313.744767519241,100.795300330923));
#5929=CARTESIAN_POINT('Ctrl Pts',(942.183943370515,316.202016775511,104.912897665626));
#5930=CARTESIAN_POINT('Ctrl Pts',(940.879848773511,319.760960618176,109.836239700285));
#5931=CARTESIAN_POINT('Ctrl Pts',(940.070172016847,323.939379179145,113.864797235188));
#5932=CARTESIAN_POINT('Ctrl Pts',(939.661602721644,327.594805109413,116.303885875822));
#5933=CARTESIAN_POINT('Ctrl Pts',(939.526048517483,329.529541108902,117.248698287054));
#5934=CARTESIAN_POINT('Ctrl Pts',(939.472922044171,330.524226804539,117.649918522206));
#5935=CARTESIAN_POINT('Ctrl Pts',(1021.00000000003,295.152855223202,54.8751385994262));
#5936=CARTESIAN_POINT('Ctrl Pts',(1013.09663001675,295.311784915906,55.0560689709098));
#5937=CARTESIAN_POINT('Ctrl Pts',(1002.40445862889,295.71135660455,55.9820317918195));
#5938=CARTESIAN_POINT('Ctrl Pts',(990.338892711559,296.57033514188,58.4635840929893));
#5939=CARTESIAN_POINT('Ctrl Pts',(982.318060552498,297.374915963436,60.9031645252168));
#5940=CARTESIAN_POINT('Ctrl Pts',(975.254749754794,298.337209854308,63.8703635584962));
#5941=CARTESIAN_POINT('Ctrl Pts',(971.130485984793,299.081913807085,66.1584407752879));
#5942=CARTESIAN_POINT('Ctrl Pts',(967.80232501974,299.768002319803,68.2457214225703));
#5943=CARTESIAN_POINT('Ctrl Pts',(965.144343575269,300.371307965212,70.0693050172493));
#5944=CARTESIAN_POINT('Ctrl Pts',(960.351639522718,301.68459490978,73.9570802828775));
#5945=CARTESIAN_POINT('Ctrl Pts',(955.279125903265,303.526227800797,79.1966831237457));
#5946=CARTESIAN_POINT('Ctrl Pts',(950.602766444041,305.996098226533,85.6790350610995));
#5947=CARTESIAN_POINT('Ctrl Pts',(947.072472616322,308.709902851007,92.1041490279624));
#5948=CARTESIAN_POINT('Ctrl Pts',(944.882606659828,311.165241509008,97.1819460298959));
#5949=CARTESIAN_POINT('Ctrl Pts',(943.470831485293,313.295582016063,101.040267601919));
#5950=CARTESIAN_POINT('Ctrl Pts',(942.133624428326,315.794157997469,105.137141374766));
#5951=CARTESIAN_POINT('Ctrl Pts',(940.851846528993,319.412224368061,110.019151757576));
#5952=CARTESIAN_POINT('Ctrl Pts',(940.060170351523,323.659429240266,113.983295423177));
#5953=CARTESIAN_POINT('Ctrl Pts',(939.665177807502,327.374909937675,116.35823708608));
#5954=CARTESIAN_POINT('Ctrl Pts',(939.536598404722,329.341423219005,117.267022836805));
#5955=CARTESIAN_POINT('Ctrl Pts',(939.487124413199,330.352451305247,117.649318910163));
#5956=CARTESIAN_POINT('Ctrl Pts',(1021.00000000003,294.371079484674,54.8929428344135));
#5957=CARTESIAN_POINT('Ctrl Pts',(1013.03883694576,294.535271956711,55.0730657222067));
#5958=CARTESIAN_POINT('Ctrl Pts',(1002.27723966257,294.945330053355,56.0068203659244));
#5959=CARTESIAN_POINT('Ctrl Pts',(990.151876580938,295.823527420625,58.5133960201642));
#5960=CARTESIAN_POINT('Ctrl Pts',(982.101471813305,296.645079032809,60.9776207173826));
#5961=CARTESIAN_POINT('Ctrl Pts',(975.022638742171,297.62683758985,63.9737483510182));
#5962=CARTESIAN_POINT('Ctrl Pts',(970.896445868805,298.386135196957,66.2827426282751));
#5963=CARTESIAN_POINT('Ctrl Pts',(967.56983224558,299.085491631533,68.3882017654519));
#5964=CARTESIAN_POINT('Ctrl Pts',(964.915104191249,299.700363205065,70.2271463697711));
#5965=CARTESIAN_POINT('Ctrl Pts',(960.135383460488,301.038400844478,74.1449025477086));
#5966=CARTESIAN_POINT('Ctrl Pts',(955.088720568883,302.913932712359,79.4185338344608));
#5967=CARTESIAN_POINT('Ctrl Pts',(950.450007124621,305.427931371927,85.9286699069494));
#5968=CARTESIAN_POINT('Ctrl Pts',(946.956688307226,308.188970540802,92.3633982376288));
#5969=CARTESIAN_POINT('Ctrl Pts',(944.794823887163,310.686033364758,97.4353315327505));
#5970=CARTESIAN_POINT('Ctrl Pts',(943.403184784015,312.851957481198,101.280779358427));
#5971=CARTESIAN_POINT('Ctrl Pts',(942.086387977208,315.391822992898,105.357321124864));
#5972=CARTESIAN_POINT('Ctrl Pts',(940.826385629321,319.068662066989,110.198775627408));
#5973=CARTESIAN_POINT('Ctrl Pts',(940.052336226818,323.383728982174,114.099686493138));
#5974=CARTESIAN_POINT('Ctrl Pts',(939.670713471905,327.158118489386,116.411630262912));
#5975=CARTESIAN_POINT('Ctrl Pts',(939.54903077575,329.155689499275,117.285023449588));
#5976=CARTESIAN_POINT('Ctrl Pts',(939.503175608306,330.182660658389,117.64872622659));
#5977=CARTESIAN_POINT('Ctrl Pts',(1021.00000000003,293.590523189823,54.9132660893367));
#5978=CARTESIAN_POINT('Ctrl Pts',(1012.9827880057,293.7598871649,55.0921903704819));
#5979=CARTESIAN_POINT('Ctrl Pts',(1002.15390028186,294.180510264303,56.0330724122476));
#5980=CARTESIAN_POINT('Ctrl Pts',(989.97065276722,295.078336879616,58.5636260221778));
#5981=CARTESIAN_POINT('Ctrl Pts',(981.891686735665,295.917292907258,61.0516626784163));
#5982=CARTESIAN_POINT('Ctrl Pts',(974.797951137607,296.919046828855,64.0758601918849));
#5983=CARTESIAN_POINT('Ctrl Pts',(970.670009752904,297.693338030384,66.4052036450009));
#5984=CARTESIAN_POINT('Ctrl Pts',(967.345010542883,298.406319008305,68.5283628783965));
#5985=CARTESIAN_POINT('Ctrl Pts',(964.693538256597,299.033063324691,70.3822735228006));
#5986=CARTESIAN_POINT('Ctrl Pts',(959.926624009226,300.396479814417,74.3292678011462));
#5987=CARTESIAN_POINT('Ctrl Pts',(954.905314067193,302.306696538071,79.6361239215205));
#5988=CARTESIAN_POINT('Ctrl Pts',(950.303425739105,304.865656717445,86.1734176203802));
#5989=CARTESIAN_POINT('Ctrl Pts',(946.846229878621,307.674578420987,92.6175537150255));
#5990=CARTESIAN_POINT('Ctrl Pts',(944.711702747644,310.213702909171,97.6837548870758));
#5991=CARTESIAN_POINT('Ctrl Pts',(943.339719258065,312.415330273339,101.516603496829));
#5992=CARTESIAN_POINT('Ctrl Pts',(942.042847650373,314.996492652386,105.573239416975));
#5993=CARTESIAN_POINT('Ctrl Pts',(940.804115101353,318.731793154386,110.37496745369));
#5994=CARTESIAN_POINT('Ctrl Pts',(940.047345458876,323.113798733095,114.213887713657));
#5995=CARTESIAN_POINT('Ctrl Pts',(939.678895000173,326.945922550808,116.464032551504));
#5996=CARTESIAN_POINT('Ctrl Pts',(939.564031109925,328.973806444684,117.302694048832));
#5997=CARTESIAN_POINT('Ctrl Pts',(939.521758939019,330.01630605365,117.648145537116));
#5998=CARTESIAN_POINT('Ctrl Pts',(1021.00000000002,292.939665327197,54.9330873799568));
#5999=CARTESIAN_POINT('Ctrl Pts',(1012.93760231619,293.11326072622,55.1106909267356));
#6000=CARTESIAN_POINT('Ctrl Pts',(1002.05446915682,293.542721001339,56.0569072691819));
#6001=CARTESIAN_POINT('Ctrl Pts',(989.824672649432,294.45717041837,58.6065088882805));
#6002=CARTESIAN_POINT('Ctrl Pts',(981.722804733644,295.310916035399,61.1136300711558));
#6003=CARTESIAN_POINT('Ctrl Pts',(974.617221533045,296.329685567742,64.1604333890493));
#6004=CARTESIAN_POINT('Ctrl Pts',(970.488005119287,297.116736910349,66.5062092280737));
#6005=CARTESIAN_POINT('Ctrl Pts',(967.164433039425,297.841307507494,68.643674583681));
#6006=CARTESIAN_POINT('Ctrl Pts',(964.515696944065,298.478148265807,70.509689094353));
#6007=CARTESIAN_POINT('Ctrl Pts',(959.759346154337,299.863125002952,74.4803514215327));
#6008=CARTESIAN_POINT('Ctrl Pts',(954.758792683014,301.802751675838,79.8141290379269));
#6009=CARTESIAN_POINT('Ctrl Pts',(950.186957266316,304.399693788,86.3734302069364));
#6010=CARTESIAN_POINT('Ctrl Pts',(946.759203051403,307.24888193138,92.825153739871));
#6011=CARTESIAN_POINT('Ctrl Pts',(944.646944005199,309.823200935363,97.8866385510412));
#6012=CARTESIAN_POINT('Ctrl Pts',(943.290972139047,312.05457526416,101.709186928877));
#6013=CARTESIAN_POINT('Ctrl Pts',(942.010334580223,314.670044739885,105.749563610342));
#6014=CARTESIAN_POINT('Ctrl Pts',(940.788949086064,318.453666795475,110.518858944538));
#6015=CARTESIAN_POINT('Ctrl Pts',(940.046323774897,322.890568122779,114.307166665509));
#6016=CARTESIAN_POINT('Ctrl Pts',(939.688698442487,326.769750928332,116.506837513257));
#6017=CARTESIAN_POINT('Ctrl Pts',(939.579451519647,328.822245474017,117.317121694564));
#6018=CARTESIAN_POINT('Ctrl Pts',(939.540134311352,329.877326885425,117.64766040633));
#6019=CARTESIAN_POINT('Ctrl Pts',(1021.00000000002,292.418187946823,54.9511027707447));
#6020=CARTESIAN_POINT('Ctrl Pts',(1012.90236650705,292.595115300044,55.1274239841627));
#6021=CARTESIAN_POINT('Ctrl Pts',(1001.97701646324,293.031648778443,56.0775583349678));
#6022=CARTESIAN_POINT('Ctrl Pts',(989.711033248069,293.95949873401,58.6417877912487));
#6023=CARTESIAN_POINT('Ctrl Pts',(981.591424795373,294.825194700553,61.1636903698506));
#6024=CARTESIAN_POINT('Ctrl Pts',(974.476737729171,295.85772443036,64.2280651872251));
#6025=CARTESIAN_POINT('Ctrl Pts',(970.346631437007,296.655094879411,66.5866439924413));
#6026=CARTESIAN_POINT('Ctrl Pts',(967.024266855492,297.389035083554,68.7352625698181));
#6027=CARTESIAN_POINT('Ctrl Pts',(964.377746605462,298.03403646423,70.6107180121101));
#6028=CARTESIAN_POINT('Ctrl Pts',(959.629806378812,299.436428282008,74.5998530337843));
#6029=CARTESIAN_POINT('Ctrl Pts',(954.645664926567,301.399780901203,79.9546548620512));
#6030=CARTESIAN_POINT('Ctrl Pts',(950.09752308248,304.027288733774,86.5311326701486));
#6031=CARTESIAN_POINT('Ctrl Pts',(946.692957558453,306.908784250072,92.9887322442402));
#6032=CARTESIAN_POINT('Ctrl Pts',(944.598230558723,309.511247335745,98.0464543239144));
#6033=CARTESIAN_POINT('Ctrl Pts',(943.254866586252,311.766341611155,101.860866750176));
#6034=CARTESIAN_POINT('Ctrl Pts',(941.987017586825,314.409114203556,105.888421351125));
#6035=CARTESIAN_POINT('Ctrl Pts',(940.779310964157,318.231060698665,110.632168681406));
#6036=CARTESIAN_POINT('Ctrl Pts',(940.047866963023,322.71126829573,114.380618803676));
#6037=CARTESIAN_POINT('Ctrl Pts',(939.698817785792,326.627418953375,116.540538262399));
#6038=CARTESIAN_POINT('Ctrl Pts',(939.594027022869,328.699192918198,117.328475224469));
#6039=CARTESIAN_POINT('Ctrl Pts',(939.557053485639,329.764117235575,117.647265228498));
#6040=CARTESIAN_POINT('Ctrl Pts',(1021.00000000002,291.633406871696,54.9808514385682));
#6041=CARTESIAN_POINT('Ctrl Pts',(1012.85047436686,291.81528179158,55.1550486511172));
#6042=CARTESIAN_POINT('Ctrl Pts',(1001.86295438811,292.262456606313,56.110659744028));
#6043=CARTESIAN_POINT('Ctrl Pts',(989.543771630985,293.210610519563,58.6961965268864));
#6044=CARTESIAN_POINT('Ctrl Pts',(981.398133469347,294.094448280711,61.2397460366333));
#6045=CARTESIAN_POINT('Ctrl Pts',(974.270168243112,295.147884637376,64.3299270351739));
#6046=CARTESIAN_POINT('Ctrl Pts',(970.138854852612,295.960934686812,66.7073367893082));
#6047=CARTESIAN_POINT('Ctrl Pts',(966.818364734307,296.709108395864,68.8723672622465));
#6048=CARTESIAN_POINT('Ctrl Pts',(964.175192901296,297.366504841018,70.761719245051));
#6049=CARTESIAN_POINT('Ctrl Pts',(959.439821368237,298.795334347754,74.7780551175398));
#6050=CARTESIAN_POINT('Ctrl Pts',(954.4800928402,300.794668761851,80.1638211072532));
#6051=CARTESIAN_POINT('Ctrl Pts',(949.967128333949,303.468438092118,86.7655670782235));
#6052=CARTESIAN_POINT('Ctrl Pts',(946.596968282082,306.398709239173,93.2317277019046));
#6053=CARTESIAN_POINT('Ctrl Pts',(944.528248502077,309.043543439919,98.2837750161816));
#6054=CARTESIAN_POINT('Ctrl Pts',(943.203589996757,311.334261725999,102.086059602728));
#6055=CARTESIAN_POINT('Ctrl Pts',(941.954718006434,314.017970903097,106.094537926006));
#6056=CARTESIAN_POINT('Ctrl Pts',(940.767325719749,317.897209809875,110.800331508933));
#6057=CARTESIAN_POINT('Ctrl Pts',(940.052518499692,322.441855537302,114.489618190359));
#6058=CARTESIAN_POINT('Ctrl Pts',(939.716248759678,326.412808900622,116.590542080073));
#6059=CARTESIAN_POINT('Ctrl Pts',(939.618102364824,328.513093961327,117.345312061147));
#6060=CARTESIAN_POINT('Ctrl Pts',(939.584624535291,329.592555884245,117.646666363975));
#6061=CARTESIAN_POINT('Ctrl Pts',(1021.00000000001,290.202044128467,55.0445297296286));
#6062=CARTESIAN_POINT('Ctrl Pts',(1012.7597839132,290.392749044622,55.2138720265388));
#6063=CARTESIAN_POINT('Ctrl Pts',(1001.66373394522,290.859095840487,56.1777492743271));
#6064=CARTESIAN_POINT('Ctrl Pts',(989.252118149235,291.84399707849,58.7995436755428));
#6065=CARTESIAN_POINT('Ctrl Pts',(981.061549993832,292.760702549857,61.3804961542166));
#6066=CARTESIAN_POINT('Ctrl Pts',(973.911093769035,293.852024046621,64.5156104901652));
#6067=CARTESIAN_POINT('Ctrl Pts',(969.778235263942,294.693477770846,66.925949883199));
#6068=CARTESIAN_POINT('Ctrl Pts',(966.461541545183,295.467425644508,69.1197190420357));
#6069=CARTESIAN_POINT('Ctrl Pts',(963.824679584196,296.147261596375,71.0334283946499));
#6070=CARTESIAN_POINT('Ctrl Pts',(959.112250268449,297.6239201981,75.0975055903492));
#6071=CARTESIAN_POINT('Ctrl Pts',(954.196482489073,299.688273010319,80.5376926559936));
#6072=CARTESIAN_POINT('Ctrl Pts',(949.746511873228,302.445457484562,87.1838358267838));
#6073=CARTESIAN_POINT('Ctrl Pts',(946.437859063476,305.463455020804,93.6648872694673));
#6074=CARTESIAN_POINT('Ctrl Pts',(944.415611971833,308.184285057035,98.7066761338616));
#6075=CARTESIAN_POINT('Ctrl Pts',(943.124396033422,310.538746392296,102.487294589925));
#6076=CARTESIAN_POINT('Ctrl Pts',(941.909475173393,313.295584836049,106.461753697452));
#6077=CARTESIAN_POINT('Ctrl Pts',(940.758512561235,317.276878672853,111.099936204182));
#6078=CARTESIAN_POINT('Ctrl Pts',(940.073672475159,321.93579191452,114.683832985271));
#6079=CARTESIAN_POINT('Ctrl Pts',(939.760477391158,326.003579300938,116.67961340196));
#6080=CARTESIAN_POINT('Ctrl Pts',(939.674334879785,328.154123905358,117.375243758047));
#6081=CARTESIAN_POINT('Ctrl Pts',(939.647172123348,329.259181466303,117.645502663001));
#6082=CARTESIAN_POINT('Ctrl Pts',(1021.00000000001,288.650776436993,55.1389170548589));
#6083=CARTESIAN_POINT('Ctrl Pts',(1012.6712289322,288.850547245674,55.3007977768764));
#6084=CARTESIAN_POINT('Ctrl Pts',(1001.46915094901,289.337972688838,56.2694267006526));
#6085=CARTESIAN_POINT('Ctrl Pts',(988.968037514163,290.364694506842,58.9240782058607));
#6086=CARTESIAN_POINT('Ctrl Pts',(980.734398241876,291.319147586495,61.5403125142682));
#6087=CARTESIAN_POINT('Ctrl Pts',(973.56307902634,292.454148483297,64.7186745377034));
#6088=CARTESIAN_POINT('Ctrl Pts',(969.429602467548,293.328362621583,67.1610432609277));
#6089=CARTESIAN_POINT('Ctrl Pts',(966.117449757546,294.132005908471,69.3828587345762));
#6090=CARTESIAN_POINT('Ctrl Pts',(963.487490759692,294.837677588887,71.3203924426539));
#6091=CARTESIAN_POINT('Ctrl Pts',(958.799062571692,296.369270861511,75.431308905407));
#6092=CARTESIAN_POINT('Ctrl Pts',(953.928365300104,298.507950398166,80.9250313376388));
#6093=CARTESIAN_POINT('Ctrl Pts',(949.542432808386,301.359588779372,87.6147106733001));
#6094=CARTESIAN_POINT('Ctrl Pts',(946.296134680295,304.475733683301,94.1097935589428));
#6095=CARTESIAN_POINT('Ctrl Pts',(944.320980591914,307.280419228884,99.1404994165051));
#6096=CARTESIAN_POINT('Ctrl Pts',(943.063703141985,309.704361487971,102.898646926169));
#6097=CARTESIAN_POINT('Ctrl Pts',(941.883289448639,312.540228314471,106.838055964139));
#6098=CARTESIAN_POINT('Ctrl Pts',(940.769563692655,316.630127134474,111.406896764119));
#6099=CARTESIAN_POINT('Ctrl Pts',(940.115777433751,321.407612537552,114.882883036899));
#6100=CARTESIAN_POINT('Ctrl Pts',(939.82676132725,325.573812607511,116.770936230588));
#6101=CARTESIAN_POINT('Ctrl Pts',(939.753262584382,327.774726178813,117.40590425502));
#6102=CARTESIAN_POINT('Ctrl Pts',(939.732768450097,328.90524569188,117.644267189062));
#6103=CARTESIAN_POINT('Ctrl Pts',(1021.,287.050516721312,55.266979418239));
#6104=CARTESIAN_POINT('Ctrl Pts',(1012.5914606122,287.258808725329,55.4192994362568));
#6105=CARTESIAN_POINT('Ctrl Pts',(1001.29409790529,287.769709520106,56.3890258496655));
#6106=CARTESIAN_POINT('Ctrl Pts',(988.712252552689,288.846266278173,59.0700020721541));
#6107=CARTESIAN_POINT('Ctrl Pts',(980.439765768669,289.846555909006,61.7161440952327));
#6108=CARTESIAN_POINT('Ctrl Pts',(973.249566148821,291.035032931675,64.931991036576));
#6109=CARTESIAN_POINT('Ctrl Pts',(969.115492409591,291.949442033186,67.4024593445321));
#6110=CARTESIAN_POINT('Ctrl Pts',(965.807402393164,292.789478326948,69.6489509013013));
#6111=CARTESIAN_POINT('Ctrl Pts',(963.18364146679,293.526787862286,71.6074912249294));
#6112=CARTESIAN_POINT('Ctrl Pts',(958.516808495457,295.125437444629,75.759792988193));
#6113=CARTESIAN_POINT('Ctrl Pts',(953.686689087146,297.354225865667,81.30081788382));
#6114=CARTESIAN_POINT('Ctrl Pts',(949.358379445603,300.318658500422,88.0284451229655));
#6115=CARTESIAN_POINT('Ctrl Pts',(946.168131744002,303.549678918972,94.5344374295417));
#6116=CARTESIAN_POINT('Ctrl Pts',(944.235312090416,306.450163721675,99.5532802141124));
#6117=CARTESIAN_POINT('Ctrl Pts',(943.008582743548,308.951724405812,103.289343969287));
#6118=CARTESIAN_POINT('Ctrl Pts',(941.859291431515,311.874455545776,107.194865584929));
#6119=CARTESIAN_POINT('Ctrl Pts',(940.779316230231,316.080164402993,111.697525456257));
#6120=CARTESIAN_POINT('Ctrl Pts',(940.15426665821,320.977559079633,115.071264460643));
#6121=CARTESIAN_POINT('Ctrl Pts',(939.888182936156,325.238686202712,116.857458334865));
#6122=CARTESIAN_POINT('Ctrl Pts',(939.826874374799,327.486561249791,117.435129025007));
#6123=CARTESIAN_POINT('Ctrl Pts',(939.812843644534,328.640391630236,117.643342670224));
#6124=CARTESIAN_POINT('Ctrl Pts',(1021.,286.25191772271,55.3309999621094));
#6125=CARTESIAN_POINT('Ctrl Pts',(1012.55211595288,286.464619525178,55.4774323991125));
#6126=CARTESIAN_POINT('Ctrl Pts',(1001.20736817674,286.987630042922,56.4463305419458));
#6127=CARTESIAN_POINT('Ctrl Pts',(988.585497326216,288.089938732758,59.1398191508029));
#6128=CARTESIAN_POINT('Ctrl Pts',(980.2936602887,289.113897736685,61.8007839936302));
#6129=CARTESIAN_POINT('Ctrl Pts',(973.094025907167,290.329979933733,65.035616569483));
#6130=CARTESIAN_POINT('Ctrl Pts',(968.95959612842,291.265125776702,67.5204756449021));
#6131=CARTESIAN_POINT('Ctrl Pts',(965.653472479433,292.12393044811,69.7796650536004));
#6132=CARTESIAN_POINT('Ctrl Pts',(963.03274741779,292.877552977736,71.7490484413415));
#6133=CARTESIAN_POINT('Ctrl Pts',(958.376546714444,294.510758422736,75.9228403729913));
#6134=CARTESIAN_POINT('Ctrl Pts',(953.566448556082,296.785942062856,81.4886681042061));
#6135=CARTESIAN_POINT('Ctrl Pts',(949.26658509192,299.808370631634,88.2366495774227));
#6136=CARTESIAN_POINT('Ctrl Pts',(946.103988807977,303.098358553838,94.7492859093797));
#6137=CARTESIAN_POINT('Ctrl Pts',(944.192063181541,306.047924606054,99.7629365771997));
#6138=CARTESIAN_POINT('Ctrl Pts',(942.980434436862,308.589183265243,103.488351381359));
#6139=CARTESIAN_POINT('Ctrl Pts',(941.846543342327,311.556282239983,107.377192557247));
#6140=CARTESIAN_POINT('Ctrl Pts',(940.783357624525,315.821005505982,111.846663254698));
#6141=CARTESIAN_POINT('Ctrl Pts',(940.172895311025,320.779240002224,115.16834257919));
#6142=CARTESIAN_POINT('Ctrl Pts',(939.918708355146,325.088340038416,116.902231234908));
#6143=CARTESIAN_POINT('Ctrl Pts',(939.86380152301,327.359881335233,117.45031300968));
#6144=CARTESIAN_POINT('Ctrl Pts',(939.853191009196,328.52543739727,117.642941402622));
#6145=CARTESIAN_POINT('Ctrl Pts',(1020.99999999999,285.614754839021,55.3932357958617));
#6146=CARTESIAN_POINT('Ctrl Pts',(1012.52401576013,285.830698828102,55.5345549429794));
#6147=CARTESIAN_POINT('Ctrl Pts',(1001.14564363737,286.363494339786,56.501878520875));
#6148=CARTESIAN_POINT('Ctrl Pts',(988.495254102468,287.487222802124,59.203088247111));
#6149=CARTESIAN_POINT('Ctrl Pts',(980.189685243832,288.531030834637,61.8738792350311));
#6150=CARTESIAN_POINT('Ctrl Pts',(972.983378147551,289.77033921702,65.1215841956775));
#6151=CARTESIAN_POINT('Ctrl Pts',(968.848745900849,290.722948558363,67.6163161953872));
#6152=CARTESIAN_POINT('Ctrl Pts',(965.544072171505,291.597552101975,69.8842360970836));
#6153=CARTESIAN_POINT('Ctrl Pts',(962.925553491702,292.364901867366,71.8610878050063));
#6154=CARTESIAN_POINT('Ctrl Pts',(958.277027707508,294.027148659519,76.0496964695486));
#6155=CARTESIAN_POINT('Ctrl Pts',(953.48133496737,296.341215004557,81.6325900228257));
#6156=CARTESIAN_POINT('Ctrl Pts',(949.201904089158,299.411941060294,88.3943059741439));
#6157=CARTESIAN_POINT('Ctrl Pts',(946.059159962253,302.750612321997,94.9107938667684));
#6158=CARTESIAN_POINT('Ctrl Pts',(944.162244743295,305.74026297896,99.9199041200772));
#6159=CARTESIAN_POINT('Ctrl Pts',(942.961482592935,308.313606803596,103.636972197268));
#6160=CARTESIAN_POINT('Ctrl Pts',(941.838702347609,311.316288923759,107.513018230328));
#6161=CARTESIAN_POINT('Ctrl Pts',(940.787692300906,315.627630588912,111.957474382096));
#6162=CARTESIAN_POINT('Ctrl Pts',(940.187966465934,320.632582833455,115.240341771632));
#6163=CARTESIAN_POINT('Ctrl Pts',(939.942658142552,324.977518858799,116.935396873412));
#6164=CARTESIAN_POINT('Ctrl Pts',(939.892570276587,327.266364693188,117.461566605069));
#6165=CARTESIAN_POINT('Ctrl Pts',(939.884535641042,328.440393625104,117.64264454265));
#6166=CARTESIAN_POINT('Ctrl Pts',(1020.99999999999,285.355161648292,55.4199735957914));
#6167=CARTESIAN_POINT('Ctrl Pts',(1012.51297685952,285.572389985179,55.5592015457449));
#6168=CARTESIAN_POINT('Ctrl Pts',(1001.12140060761,286.109179088702,56.5257923773603));
#6169=CARTESIAN_POINT('Ctrl Pts',(988.459816153675,287.241732833417,59.2298906967393));
#6170=CARTESIAN_POINT('Ctrl Pts',(980.148862638305,288.293738543414,61.9044382089652));
#6171=CARTESIAN_POINT('Ctrl Pts',(972.93994661643,289.54264955885,65.1570992585002));
#6172=CARTESIAN_POINT('Ctrl Pts',(968.805245186153,290.502481287217,67.6556439921186));
#6173=CARTESIAN_POINT('Ctrl Pts',(965.5011508184,291.383618082668,69.9269370074981));
#6174=CARTESIAN_POINT('Ctrl Pts',(962.883507612393,292.156644016999,71.9066751295216));
#6175=CARTESIAN_POINT('Ctrl Pts',(958.238015944718,293.830895169148,76.101009157645));
#6176=CARTESIAN_POINT('Ctrl Pts',(953.448008317641,296.161021488808,81.6904857082793));
#6177=CARTESIAN_POINT('Ctrl Pts',(949.17663549194,299.25166071903,88.4574477590621));
#6178=CARTESIAN_POINT('Ctrl Pts',(946.041719380551,302.610354445926,94.9752916858693));
#6179=CARTESIAN_POINT('Ctrl Pts',(944.150724192266,305.61643910061,99.982482277442));
#6180=CARTESIAN_POINT('Ctrl Pts',(942.954249825158,308.202896789436,103.696157593953));
#6181=CARTESIAN_POINT('Ctrl Pts',(941.835856054115,311.220088532069,107.567046979107));
#6182=CARTESIAN_POINT('Ctrl Pts',(940.789659494139,315.55035240041,112.001495942429));
#6183=CARTESIAN_POINT('Ctrl Pts',(940.194191855,320.574099053307,115.268917109847));
#6184=CARTESIAN_POINT('Ctrl Pts',(939.952413555349,324.93332277924,116.948550965961));
#6185=CARTESIAN_POINT('Ctrl Pts',(939.904243961859,327.229018642537,117.46602825651));
#6186=CARTESIAN_POINT('Ctrl Pts',(939.897234957715,328.406387709263,117.642525839128));
#6187=CARTESIAN_POINT('Ctrl Pts',(1020.99999999999,285.02119606802,55.45706363015));
#6188=CARTESIAN_POINT('Ctrl Pts',(1012.49956680159,285.24000724689,55.5935986662948));
#6189=CARTESIAN_POINT('Ctrl Pts',(1001.09193867653,285.781943270794,56.5590666857161));
#6190=CARTESIAN_POINT('Ctrl Pts',(988.416768409102,286.926032550912,59.2663928255248));
#6191=CARTESIAN_POINT('Ctrl Pts',(980.099289386841,287.988789742608,61.945297491608));
#6192=CARTESIAN_POINT('Ctrl Pts',(972.887229692933,289.250314318672,65.2037793830863));
#6193=CARTESIAN_POINT('Ctrl Pts',(968.752466418994,290.219637304444,67.7068240572625));
#6194=CARTESIAN_POINT('Ctrl Pts',(965.449097371855,291.109358431786,69.9821013242374));
#6195=CARTESIAN_POINT('Ctrl Pts',(962.832537247561,291.88984183947,71.9652505638547));
#6196=CARTESIAN_POINT('Ctrl Pts',(958.190774812366,293.579856782493,76.1663478777232));
#6197=CARTESIAN_POINT('Ctrl Pts',(953.407733605849,295.9310494957,81.7635762613165));
#6198=CARTESIAN_POINT('Ctrl Pts',(949.146223264459,299.04774331928,88.536607230495));
#6199=CARTESIAN_POINT('Ctrl Pts',(946.020885926143,302.432541234266,95.0557777893677));
#6200=CARTESIAN_POINT('Ctrl Pts',(944.137137384183,305.459953887355,100.060358444242));
#6201=CARTESIAN_POINT('Ctrl Pts',(942.945915863655,308.063354334682,103.769679753759));
#6202=CARTESIAN_POINT('Ctrl Pts',(941.832899690552,311.099227702884,107.634038893371));
#6203=CARTESIAN_POINT('Ctrl Pts',(940.792617533872,315.453689264231,112.055962870191));
#6204=CARTESIAN_POINT('Ctrl Pts',(940.202407787944,320.501149506335,115.3042165239));
#6205=CARTESIAN_POINT('Ctrl Pts',(939.965003223541,324.878152316353,116.964782555506));
#6206=CARTESIAN_POINT('Ctrl Pts',(939.919213694348,327.182276766837,117.471528890209));
#6207=CARTESIAN_POINT('Ctrl Pts',(939.913478063619,328.363728403757,117.642376929456));
#6208=CARTESIAN_POINT('Ctrl Pts',(1021.,284.603115764144,55.5082182308366));
#6209=CARTESIAN_POINT('Ctrl Pts',(1012.48408996541,284.823787854211,55.641381925075));
#6210=CARTESIAN_POINT('Ctrl Pts',(1001.05795957101,285.372171579246,56.6051708963475));
#6211=CARTESIAN_POINT('Ctrl Pts',(988.367164856059,286.530973051005,59.3157110661461));
#6212=CARTESIAN_POINT('Ctrl Pts',(980.042213691678,287.60750261994,61.999264607098));
#6213=CARTESIAN_POINT('Ctrl Pts',(972.826599397219,288.885216131899,65.2640842643188));
#6214=CARTESIAN_POINT('Ctrl Pts',(968.691823680291,289.866727847806,67.7720679944776));
#6215=CARTESIAN_POINT('Ctrl Pts',(965.389346371902,290.767471022846,70.0517227950916));
#6216=CARTESIAN_POINT('Ctrl Pts',(962.774084455941,291.557528450711,72.0386225743779));
#6217=CARTESIAN_POINT('Ctrl Pts',(958.136729889635,293.26776888994,76.2471483322095));
#6218=CARTESIAN_POINT('Ctrl Pts',(953.361868862713,295.645953590809,81.8528403047764));
#6219=CARTESIAN_POINT('Ctrl Pts',(949.111909492664,298.795923976321,88.6322841154871));
#6220=CARTESIAN_POINT('Ctrl Pts',(945.997786646156,302.213910956407,95.1523759146259));
#6221=CARTESIAN_POINT('Ctrl Pts',(944.122526854821,305.268281641904,100.153427717222));
#6222=CARTESIAN_POINT('Ctrl Pts',(942.937465952141,307.892972742259,103.857299804161));
#6223=CARTESIAN_POINT('Ctrl Pts',(941.830764663826,310.952216676094,107.713643526632));
#6224=CARTESIAN_POINT('Ctrl Pts',(940.797450441372,315.336677420153,112.120464459322));
#6225=CARTESIAN_POINT('Ctrl Pts',(940.213469986095,320.413006341364,115.345909782571));
#6226=CARTESIAN_POINT('Ctrl Pts',(939.981261602133,324.811237003005,116.983917270608));
#6227=CARTESIAN_POINT('Ctrl Pts',(939.938301908518,327.125262496078,117.478004110204));
#6228=CARTESIAN_POINT('Ctrl Pts',(939.934079834553,328.311463279845,117.642194489016));
#6229=CARTESIAN_POINT('Ctrl Pts',(1020.99999999999,284.032459193958,55.5835655262241));
#6230=CARTESIAN_POINT('Ctrl Pts',(1012.46429418429,284.255561480663,55.7120535562694));
#6231=CARTESIAN_POINT('Ctrl Pts',(1001.01451871241,284.812732477092,56.6731752495551));
#6232=CARTESIAN_POINT('Ctrl Pts',(988.303842797524,285.991815570404,59.387200019804));
#6233=CARTESIAN_POINT('Ctrl Pts',(979.969441960224,287.087381685617,62.0762526095366));
#6234=CARTESIAN_POINT('Ctrl Pts',(972.749419900954,288.387497965514,65.3487510820182));
#6235=CARTESIAN_POINT('Ctrl Pts',(968.614738879373,289.385881991125,67.8627749549498));
#6236=CARTESIAN_POINT('Ctrl Pts',(965.31350472532,290.301880264988,70.1477914545222));
#6237=CARTESIAN_POINT('Ctrl Pts',(962.699993884831,291.105187400958,72.1392897585022));
#6238=CARTESIAN_POINT('Ctrl Pts',(958.068472134488,292.843406425056,76.3569195345247));
#6239=CARTESIAN_POINT('Ctrl Pts',(953.304336756918,295.258895453177,81.9729325713695));
#6240=CARTESIAN_POINT('Ctrl Pts',(949.069469063305,298.454758374089,88.7599541200557));
#6241=CARTESIAN_POINT('Ctrl Pts',(945.969991670288,301.918380044385,95.2805614181744));
#6242=CARTESIAN_POINT('Ctrl Pts',(944.105825022271,305.009673501877,100.276519472279));
#6243=CARTESIAN_POINT('Ctrl Pts',(942.928826130142,307.663411336743,103.972931654122));
#6244=CARTESIAN_POINT('Ctrl Pts',(941.830399651116,310.754442845656,107.818458854145));
#6245=CARTESIAN_POINT('Ctrl Pts',(940.806249256544,315.179456527182,112.205170726443));
#6246=CARTESIAN_POINT('Ctrl Pts',(940.230500341062,320.294316895849,115.400554754403));
#6247=CARTESIAN_POINT('Ctrl Pts',(940.00516408907,324.720486678111,117.00895871688));
#6248=CARTESIAN_POINT('Ctrl Pts',(939.965944067963,327.047386874531,117.486465333452));
#6249=CARTESIAN_POINT('Ctrl Pts',(939.963720716486,328.239717262821,117.641944047154));
#6250=CARTESIAN_POINT('Ctrl Pts',(1020.99999999999,283.333921676994,55.6831316255796));
#6251=CARTESIAN_POINT('Ctrl Pts',(1012.44113632717,283.559963589174,55.8054264120598));
#6252=CARTESIAN_POINT('Ctrl Pts',(1000.96377903711,284.127821345167,56.7625401058962));
#6253=CARTESIAN_POINT('Ctrl Pts',(988.23011599104,285.331595204415,59.4797827317944));
#6254=CARTESIAN_POINT('Ctrl Pts',(979.884939057987,286.450338707824,62.1747617049916));
#6255=CARTESIAN_POINT('Ctrl Pts',(972.66010958407,287.77772833757,65.45585005122));
#6256=CARTESIAN_POINT('Ctrl Pts',(968.525813845146,288.796648448188,67.97673578303));
#6257=CARTESIAN_POINT('Ctrl Pts',(965.226286654835,289.731211346965,70.2678658443014));
#6258=CARTESIAN_POINT('Ctrl Pts',(962.615046344185,290.55064088559,72.2646207416687));
#6259=CARTESIAN_POINT('Ctrl Pts',(957.990823049197,292.322895358726,76.4926825806501));
#6260=CARTESIAN_POINT('Ctrl Pts',(953.239871876184,294.783743504148,82.12052177053));
#6261=CARTESIAN_POINT('Ctrl Pts',(949.023426537982,298.035360925275,88.9160717272016));
#6262=CARTESIAN_POINT('Ctrl Pts',(945.941812443232,301.554363314247,95.4368308659488));
#6263=CARTESIAN_POINT('Ctrl Pts',(944.091191773203,304.690403919443,100.426339934815));
#6264=CARTESIAN_POINT('Ctrl Pts',(942.924060778101,307.379296710572,104.113541948211));
#6265=CARTESIAN_POINT('Ctrl Pts',(941.835785466556,310.508760500993,107.945804486214));
#6266=CARTESIAN_POINT('Ctrl Pts',(940.822943525359,314.982701160892,112.308000981738));
#6267=CARTESIAN_POINT('Ctrl Pts',(940.257408825353,320.143847982616,115.466865230366));
#6268=CARTESIAN_POINT('Ctrl Pts',(940.040584108329,324.603417979365,117.039332451319));
#6269=CARTESIAN_POINT('Ctrl Pts',(940.005980377009,326.945644236594,117.496712174539));
#6270=CARTESIAN_POINT('Ctrl Pts',(940.006218372091,328.145252023225,117.641614299923));
#6271=CARTESIAN_POINT('Ctrl Pts',(1020.99999999999,282.668995571161,55.7819642576654));
#6272=CARTESIAN_POINT('Ctrl Pts',(1012.41594064907,282.898402209116,55.8962510503548));
#6273=CARTESIAN_POINT('Ctrl Pts',(1000.90876656317,283.476198004079,56.8479328608169));
#6274=CARTESIAN_POINT('Ctrl Pts',(988.150685160233,284.701517976258,59.5685578771997));
#6275=CARTESIAN_POINT('Ctrl Pts',(979.794387419359,285.840161444811,62.2704647929468));
#6276=CARTESIAN_POINT('Ctrl Pts',(972.565074027425,287.190781229967,65.5618537501292));
#6277=CARTESIAN_POINT('Ctrl Pts',(968.431780153463,288.227133651474,68.091095770892));
#6278=CARTESIAN_POINT('Ctrl Pts',(965.134644227474,289.177452786178,70.3897270972347));
#6279=CARTESIAN_POINT('Ctrl Pts',(962.526342302894,290.010564199557,72.3929650855125));
#6280=CARTESIAN_POINT('Ctrl Pts',(957.911057559465,291.811729357625,76.6340542637646));
#6281=CARTESIAN_POINT('Ctrl Pts',(953.175784905385,294.311218901458,82.2770434126309));
#6282=CARTESIAN_POINT('Ctrl Pts',(948.980990207269,297.610717172747,89.0845362645731));
#6283=CARTESIAN_POINT('Ctrl Pts',(945.920344421359,301.177855093972,95.6077736698637));
#6284=CARTESIAN_POINT('Ctrl Pts',(944.085653647677,304.353412544442,100.591775080379));
#6285=CARTESIAN_POINT('Ctrl Pts',(942.930169294579,307.073852478675,104.269856404166));
#6286=CARTESIAN_POINT('Ctrl Pts',(941.853915846566,310.238234572991,108.088428569805));
#6287=CARTESIAN_POINT('Ctrl Pts',(940.854582578639,314.757752275006,112.424268137357));
#6288=CARTESIAN_POINT('Ctrl Pts',(940.301306977072,319.964257859099,115.542459130422));
#6289=CARTESIAN_POINT('Ctrl Pts',(940.094620450457,324.458385720437,117.074155786927));
#6290=CARTESIAN_POINT('Ctrl Pts',(940.065470025719,326.817210501891,117.508471571006));
#6291=CARTESIAN_POINT('Ctrl Pts',(940.068600360315,328.024920420537,117.641194261684));
#6292=CARTESIAN_POINT('Ctrl Pts',(1020.99999999999,282.173937432369,55.8678936502577));
#6293=CARTESIAN_POINT('Ctrl Pts',(1012.39342094177,282.406543482345,55.973601398385));
#6294=CARTESIAN_POINT('Ctrl Pts',(1000.85973368501,282.991525197689,56.9190574645134));
#6295=CARTESIAN_POINT('Ctrl Pts',(988.080402461792,284.230720913545,59.6421914302996));
#6296=CARTESIAN_POINT('Ctrl Pts',(979.7147529195,285.381758538872,62.3504492649015));
#6297=CARTESIAN_POINT('Ctrl Pts',(972.482174967072,286.746602035217,65.651668345057));
#6298=CARTESIAN_POINT('Ctrl Pts',(968.350360676322,287.793549015507,68.1890384655256));
#6299=CARTESIAN_POINT('Ctrl Pts',(965.05589991555,288.753440231543,70.4950216247156));
#6300=CARTESIAN_POINT('Ctrl Pts',(962.450697207217,289.594861328015,72.5046456588929));
#6301=CARTESIAN_POINT('Ctrl Pts',(957.844413502242,291.41362042906,76.7587026965248));
#6302=CARTESIAN_POINT('Ctrl Pts',(953.124512626991,293.936771720702,82.4170590121783));
#6303=CARTESIAN_POINT('Ctrl Pts',(948.950712492287,297.266091700165,89.2373331467976));
#6304=CARTESIAN_POINT('Ctrl Pts',(945.910379723541,300.863958130591,95.7645363283982));
#6305=CARTESIAN_POINT('Ctrl Pts',(944.091154385933,304.06554360298,100.744659763391));
#6306=CARTESIAN_POINT('Ctrl Pts',(942.947022250666,306.807396455138,104.415116763877));
#6307=CARTESIAN_POINT('Ctrl Pts',(941.882528409384,309.996014773767,108.221780296958));
#6308=CARTESIAN_POINT('Ctrl Pts',(940.896532716147,314.548548890901,112.533834398752));
#6309=CARTESIAN_POINT('Ctrl Pts',(940.355446297065,319.790600547603,115.614191426956));
#6310=CARTESIAN_POINT('Ctrl Pts',(940.158789824565,324.313893013602,117.107364130087));
#6311=CARTESIAN_POINT('Ctrl Pts',(940.134997457821,326.687526859852,117.519697907641));
#6312=CARTESIAN_POINT('Ctrl Pts',(940.140957648488,327.902692498077,117.640767604014));
#6313=CARTESIAN_POINT('Ctrl Pts',(1020.99999999999,281.611652351716,56.0017442228849));
#6314=CARTESIAN_POINT('Ctrl Pts',(1012.37361314167,281.847284375985,56.0982676705238));
#6315=CARTESIAN_POINT('Ctrl Pts',(1000.81670523952,282.440688375702,57.0357231845924));
#6316=CARTESIAN_POINT('Ctrl Pts',(988.019011329445,283.697726913195,59.7575762927841));
#6317=CARTESIAN_POINT('Ctrl Pts',(979.645484852924,284.865130311713,62.4687516358759));
#6318=CARTESIAN_POINT('Ctrl Pts',(972.410480327281,286.249001030076,65.7758929920572));
#6319=CARTESIAN_POINT('Ctrl Pts',(968.280325115638,287.310190493818,68.3185581540526));
#6320=CARTESIAN_POINT('Ctrl Pts',(964.988550129888,288.282944536685,70.6293906401388));
#6321=CARTESIAN_POINT('Ctrl Pts',(962.386367821549,289.135529129983,72.6432616225051));
#6322=CARTESIAN_POINT('Ctrl Pts',(957.788638070297,290.977860008309,76.9059372906859));
#6323=CARTESIAN_POINT('Ctrl Pts',(953.083122585875,293.532496626618,82.5742295870367));
#6324=CARTESIAN_POINT('Ctrl Pts',(948.928843394636,296.900834974805,89.4013881588669));
#6325=CARTESIAN_POINT('Ctrl Pts',(945.907392767047,300.537964390032,95.9276528997132));
#6326=CARTESIAN_POINT('Ctrl Pts',(944.102580744838,303.771835514846,100.900674879922));
#6327=CARTESIAN_POINT('Ctrl Pts',(942.969075589335,306.539509870503,104.56143632982));
#6328=CARTESIAN_POINT('Ctrl Pts',(941.915636591823,309.756750044353,108.3542822764));
#6329=CARTESIAN_POINT('Ctrl Pts',(940.942311747767,314.346752542576,112.640967351201));
#6330=CARTESIAN_POINT('Ctrl Pts',(940.413002307924,319.626314529064,115.683469264674));
#6331=CARTESIAN_POINT('Ctrl Pts',(940.226120144254,324.178361036717,117.139170682549));
#6332=CARTESIAN_POINT('Ctrl Pts',(940.207563680764,326.565874255103,117.530413413319));
#6333=CARTESIAN_POINT('Ctrl Pts',(940.216288724352,327.787834026429,117.640366670685));
#6334=CARTESIAN_POINT('Ctrl Pts',(1020.99999999999,281.021753857978,56.1582699445517));
#6335=CARTESIAN_POINT('Ctrl Pts',(1012.35658374479,281.260234015429,56.2449955498644));
#6336=CARTESIAN_POINT('Ctrl Pts',(1000.77968508446,281.862798532445,57.1730547598582));
#6337=CARTESIAN_POINT('Ctrl Pts',(987.966206944691,283.140207494023,59.8909950453792));
#6338=CARTESIAN_POINT('Ctrl Pts',(979.585939472755,284.326530596837,62.6027995478756));
#6339=CARTESIAN_POINT('Ctrl Pts',(972.348918873942,285.732527450008,65.9133394722161));
#6340=CARTESIAN_POINT('Ctrl Pts',(968.220266808679,286.810313300606,68.4595202004076));
#6341=CARTESIAN_POINT('Ctrl Pts',(964.930881732092,287.798051572038,70.7736531246961));
#6342=CARTESIAN_POINT('Ctrl Pts',(962.331373001316,288.66363825083,72.790460701932));
#6343=CARTESIAN_POINT('Ctrl Pts',(957.74118031023,290.533383910365,77.0591519973302));
#6344=CARTESIAN_POINT('Ctrl Pts',(953.048304102301,293.124513459147,82.7342596003973));
#6345=CARTESIAN_POINT('Ctrl Pts',(948.911159951914,296.53769757852,89.5651839834779));
#6346=CARTESIAN_POINT('Ctrl Pts',(945.906294796166,300.21941239303,96.0882707819259));
#6347=CARTESIAN_POINT('Ctrl Pts',(944.114188164754,303.489375869246,101.053010682867));
#6348=CARTESIAN_POINT('Ctrl Pts',(942.990104279681,306.28547018095,104.703518244043));
#6349=CARTESIAN_POINT('Ctrl Pts',(941.946519099008,309.533837641902,108.482211381815));
#6350=CARTESIAN_POINT('Ctrl Pts',(940.984643386734,314.163624755159,112.743735854701));
#6351=CARTESIAN_POINT('Ctrl Pts',(940.466316929175,319.481153495618,115.749631237867));
#6352=CARTESIAN_POINT('Ctrl Pts',(940.288788967658,324.060872730326,117.169479099677));
#6353=CARTESIAN_POINT('Ctrl Pts',(940.275314775931,326.461197268529,117.540636596841));
#6354=CARTESIAN_POINT('Ctrl Pts',(940.286738016255,327.689274087325,117.640022630198));
#6355=CARTESIAN_POINT('Ctrl Pts',(1020.99999999999,280.712063544108,56.2468243838307));
#6356=CARTESIAN_POINT('Ctrl Pts',(1012.34476579525,280.952765575601,56.324869021593));
#6357=CARTESIAN_POINT('Ctrl Pts',(1000.75389997478,281.560317266388,57.244890832619));
#6358=CARTESIAN_POINT('Ctrl Pts',(987.929322714649,282.847303166962,59.9602182976749));
#6359=CARTESIAN_POINT('Ctrl Pts',(979.544261106796,284.042151016366,62.6734430239439));
#6360=CARTESIAN_POINT('Ctrl Pts',(972.30573844958,285.457895844688,65.9880903236709));
#6361=CARTESIAN_POINT('Ctrl Pts',(968.178075259497,286.542914733686,68.5382848471997));
#6362=CARTESIAN_POINT('Ctrl Pts',(964.890311531638,287.537173818896,70.8561983961251));
#6363=CARTESIAN_POINT('Ctrl Pts',(962.292632811973,288.408413144151,72.8763769471054));
#6364=CARTESIAN_POINT('Ctrl Pts',(957.70763919484,290.290089609604,77.1521533611197));
#6365=CARTESIAN_POINT('Ctrl Pts',(953.023524503699,292.897187365233,82.8359388872646));
#6366=CARTESIAN_POINT('Ctrl Pts',(948.898290076574,296.330343352892,89.6741092304796));
#6367=CARTESIAN_POINT('Ctrl Pts',(945.904971558904,300.03245771002,96.1990825440323));
#6368=CARTESIAN_POINT('Ctrl Pts',(944.121757733099,303.31953175849,101.160822263731));
#6369=CARTESIAN_POINT('Ctrl Pts',(943.004322214715,306.129581466879,104.805925360831));
#6370=CARTESIAN_POINT('Ctrl Pts',(941.967743771242,309.393647015498,108.576286743281));
#6371=CARTESIAN_POINT('Ctrl Pts',(941.014165380466,314.044578331576,112.821256746679));
#6372=CARTESIAN_POINT('Ctrl Pts',(940.50417611707,319.384433696408,115.800650481614));
#6373=CARTESIAN_POINT('Ctrl Pts',(940.334026286971,323.982163586787,117.19325021485));
#6374=CARTESIAN_POINT('Ctrl Pts',(940.324645305034,326.391524717552,117.548746757674));
#6375=CARTESIAN_POINT('Ctrl Pts',(940.338260188214,327.624121895693,117.639795205223));
#6376=CARTESIAN_POINT('Ctrl Pts',(1020.99999999999,280.479786323243,56.3350284505322));
#6377=CARTESIAN_POINT('Ctrl Pts',(1012.33674577248,280.722169929389,56.4057951402199));
#6378=CARTESIAN_POINT('Ctrl Pts',(1000.73643107733,281.333592523148,57.3185844588978));
#6379=CARTESIAN_POINT('Ctrl Pts',(987.904372500357,282.628083758656,60.030178001009));
#6380=CARTESIAN_POINT('Ctrl Pts',(979.516128692458,283.829631347538,62.7430859646845));
#6381=CARTESIAN_POINT('Ctrl Pts',(972.276686956603,285.253043672731,66.0593873434073));
#6382=CARTESIAN_POINT('Ctrl Pts',(968.149786280688,286.343750453424,68.6116265419794));
#6383=CARTESIAN_POINT('Ctrl Pts',(964.863212633618,287.343134342816,70.9315411537591));
#6384=CARTESIAN_POINT('Ctrl Pts',(962.266857813868,288.218814319498,72.9535460029014));
#6385=CARTESIAN_POINT('Ctrl Pts',(957.685579111469,290.109852700473,77.2332399799866));
#6386=CARTESIAN_POINT('Ctrl Pts',(953.007677160227,292.72945335425,82.9218233799602));
#6387=CARTESIAN_POINT('Ctrl Pts',(948.890864324111,296.178179355363,89.7635496188023));
#6388=CARTESIAN_POINT('Ctrl Pts',(945.905720046385,299.896108281765,96.2882834946249));
#6389=CARTESIAN_POINT('Ctrl Pts',(944.128834453252,303.196358024407,101.246567537764));
#6390=CARTESIAN_POINT('Ctrl Pts',(943.016167120561,306.01708668777,104.886732984124));
#6391=CARTESIAN_POINT('Ctrl Pts',(941.98465107903,309.293110095388,108.649920624434));
#6392=CARTESIAN_POINT('Ctrl Pts',(941.037169447706,313.960009020183,112.881380946542));
#6393=CARTESIAN_POINT('Ctrl Pts',(940.533503400671,319.316467132025,115.839964202477));
#6394=CARTESIAN_POINT('Ctrl Pts',(940.369065557914,323.927403335794,117.211498669945));
#6395=CARTESIAN_POINT('Ctrl Pts',(940.36288446595,326.343322523769,117.554974468044));
#6396=CARTESIAN_POINT('Ctrl Pts',(940.378217076487,327.579182174664,117.639638335366));
#6397=CARTESIAN_POINT('Ctrl Pts',(1020.99999999999,280.287212567167,56.4183374629472));
#6398=CARTESIAN_POINT('Ctrl Pts',(1012.33146454259,280.530809852926,56.4834851142261));
#6399=CARTESIAN_POINT('Ctrl Pts',(1000.72495104352,281.145470902278,57.3902990047044));
#6400=CARTESIAN_POINT('Ctrl Pts',(987.888072384698,282.446670459783,60.0978684882433));
#6401=CARTESIAN_POINT('Ctrl Pts',(979.49784991464,283.654323592483,62.8094125138596));
#6402=CARTESIAN_POINT('Ctrl Pts',(972.257957786751,285.084794051998,66.1256600757892));
#6403=CARTESIAN_POINT('Ctrl Pts',(968.131686879257,286.180759889028,68.6784860280764));
#6404=CARTESIAN_POINT('Ctrl Pts',(964.846017207546,287.184883352291,70.9990616389991));
#6405=CARTESIAN_POINT('Ctrl Pts',(962.25064149926,288.064670889499,73.0217162064588));
#6406=CARTESIAN_POINT('Ctrl Pts',(957.672044094911,289.964358608233,77.3028749485677));
#6407=CARTESIAN_POINT('Ctrl Pts',(952.998556882392,292.59546737532,82.9931968501455));
#6408=CARTESIAN_POINT('Ctrl Pts',(948.887690303349,296.058376637585,89.8355298063347));
#6409=CARTESIAN_POINT('Ctrl Pts',(945.908319853042,299.790492662998,96.3583176956139));
#6410=CARTESIAN_POINT('Ctrl Pts',(944.135921004816,303.102330571934,101.312804854815));
#6411=CARTESIAN_POINT('Ctrl Pts',(943.0266534465,305.932271252465,104.948462016616));
#6412=CARTESIAN_POINT('Ctrl Pts',(941.998764780807,309.218460081962,108.705499608326));
#6413=CARTESIAN_POINT('Ctrl Pts',(941.055701584049,313.898551414945,112.926113506145));
#6414=CARTESIAN_POINT('Ctrl Pts',(940.556686303344,319.26800175456,115.868885685261));
#6415=CARTESIAN_POINT('Ctrl Pts',(940.396471704833,323.888735494841,117.224821683364));
#6416=CARTESIAN_POINT('Ctrl Pts',(940.392658545807,326.309322569293,117.559507118671));
#6417=CARTESIAN_POINT('Ctrl Pts',(940.409261687357,327.547450141628,117.639527569225));
#6418=CARTESIAN_POINT('Ctrl Pts',(1020.99999999999,280.095518042806,56.5079087982224));
#6419=CARTESIAN_POINT('Ctrl Pts',(1012.32692326792,280.340280695354,56.5672739795885));
#6420=CARTESIAN_POINT('Ctrl Pts',(1000.7151365285,280.958180862231,57.4677360834657));
#6421=CARTESIAN_POINT('Ctrl Pts',(987.874314357533,282.266192404679,60.1705667028608));
#6422=CARTESIAN_POINT('Ctrl Pts',(979.482602603848,283.480070226471,62.8801236010969));
#6423=CARTESIAN_POINT('Ctrl Pts',(972.242593923844,284.917749425737,66.1956287055695));
#6424=CARTESIAN_POINT('Ctrl Pts',(968.117081535306,286.019089104334,68.7485550629203));
#6425=CARTESIAN_POINT('Ctrl Pts',(964.832390836817,287.02805442786,71.0693680335339));
#6426=CARTESIAN_POINT('Ctrl Pts',(962.238035357841,287.912037504899,73.0923137329313));
#6427=CARTESIAN_POINT('Ctrl Pts',(957.662129103621,289.820553657437,77.3742241539293));
#6428=CARTESIAN_POINT('Ctrl Pts',(952.992962102452,292.463391014447,83.0654281826154));
#6429=CARTESIAN_POINT('Ctrl Pts',(948.887850920488,295.94070508471,89.9075093613918));
#6430=CARTESIAN_POINT('Ctrl Pts',(945.914068249947,299.687159348362,96.4277313142041));
#6431=CARTESIAN_POINT('Ctrl Pts',(944.146027155594,303.01063509047,101.37809108439));
#6432=CARTESIAN_POINT('Ctrl Pts',(943.040079397769,305.84976948262,105.009080239408));
#6433=CARTESIAN_POINT('Ctrl Pts',(942.015748946888,309.146054776631,108.75986760317));
#6434=CARTESIAN_POINT('Ctrl Pts',(941.077063955437,313.83912334533,112.969679249302));
#6435=CARTESIAN_POINT('Ctrl Pts',(940.58268710469,319.221109474084,115.896966242556));
#6436=CARTESIAN_POINT('Ctrl Pts',(940.426668511954,323.851105846781,117.237732394268));
#6437=CARTESIAN_POINT('Ctrl Pts',(940.425197029143,326.276032061501,117.563895192132));
#6438=CARTESIAN_POINT('Ctrl Pts',(940.443052669767,327.516246707562,117.63941864825));
#6439=CARTESIAN_POINT('Ctrl Pts',(1020.99999999999,279.935222521856,56.5888490151146));
#6440=CARTESIAN_POINT('Ctrl Pts',(1012.32312925975,280.181101556112,56.6422664105619));
#6441=CARTESIAN_POINT('Ctrl Pts',(1000.70703181573,280.801727270778,57.5362385762813));
#6442=CARTESIAN_POINT('Ctrl Pts',(987.863230814821,282.115155248711,60.2343136021875));
#6443=CARTESIAN_POINT('Ctrl Pts',(979.470602291169,283.333899041071,62.9419493857087));
#6444=CARTESIAN_POINT('Ctrl Pts',(972.230908211704,284.777159534888,66.2568532132278));
#6445=CARTESIAN_POINT('Ctrl Pts',(968.106355692853,285.882637873536,68.8100240834096));
#6446=CARTESIAN_POINT('Ctrl Pts',(964.822784130277,286.895327504434,71.1312206265492));
#6447=CARTESIAN_POINT('Ctrl Pts',(962.229546319921,287.782535023885,73.1545937248123));
#6448=CARTESIAN_POINT('Ctrl Pts',(957.656458707789,289.697832021609,77.4375836086121));
#6449=CARTESIAN_POINT('Ctrl Pts',(952.991671478626,292.349682287105,83.1301868442839));
#6450=CARTESIAN_POINT('Ctrl Pts',(948.892308488489,295.838112396401,89.9728016466307));
#6451=CARTESIAN_POINT('Ctrl Pts',(945.924102712672,299.595713806515,96.4914051146223));
#6452=CARTESIAN_POINT('Ctrl Pts',(944.160424157957,302.928331620426,101.438502134674));
#6453=CARTESIAN_POINT('Ctrl Pts',(943.057815097445,305.774765601663,105.065545021722));
#6454=CARTESIAN_POINT('Ctrl Pts',(942.037076448892,309.079133888632,108.810896233619));
#6455=CARTESIAN_POINT('Ctrl Pts',(941.102846197234,313.782766019201,113.010984566559));
#6456=CARTESIAN_POINT('Ctrl Pts',(940.613176795177,319.17530302077,115.923833313044));
#6457=CARTESIAN_POINT('Ctrl Pts',(940.461361350193,323.813373074743,117.250168116304));
#6458=CARTESIAN_POINT('Ctrl Pts',(940.462211108582,326.242191631038,117.568132786529));
#6459=CARTESIAN_POINT('Ctrl Pts',(940.481300981333,327.484310576364,117.63930716967));
#6460=CARTESIAN_POINT('Ctrl Pts',(1020.99999999999,279.806508184364,56.662449395957));
#6461=CARTESIAN_POINT('Ctrl Pts',(1012.32008976463,280.053453935104,56.7097517500688));
#6462=CARTESIAN_POINT('Ctrl Pts',(1000.70067600952,280.6762779145,57.5970722935148));
#6463=CARTESIAN_POINT('Ctrl Pts',(987.854933789088,281.993688007058,60.2903091142138));
#6464=CARTESIAN_POINT('Ctrl Pts',(979.462029211478,283.215901092083,62.9960258168747));
#6465=CARTESIAN_POINT('Ctrl Pts',(972.223160214333,284.663069877802,66.3103931261945));
#6466=CARTESIAN_POINT('Ctrl Pts',(968.099827866546,285.771417136658,68.8638950067437));
#6467=CARTESIAN_POINT('Ctrl Pts',(964.817568432712,286.786682289821,71.1855694465617));
#6468=CARTESIAN_POINT('Ctrl Pts',(962.225591341742,287.67611603321,73.2094612647739));
#6469=CARTESIAN_POINT('Ctrl Pts',(957.655544987666,289.59608922895,77.4937643689999));
#6470=CARTESIAN_POINT('Ctrl Pts',(952.995321491892,292.254161361645,83.1881609087546));
#6471=CARTESIAN_POINT('Ctrl Pts',(948.901847652369,295.750328262286,90.0319497710839));
#6472=CARTESIAN_POINT('Ctrl Pts',(945.939349263529,299.515799010046,96.54974670167));
#6473=CARTESIAN_POINT('Ctrl Pts',(944.180146085787,302.854996446497,101.494344165069));
#6474=CARTESIAN_POINT('Ctrl Pts',(943.08097453687,305.706786196572,105.118088769874));
#6475=CARTESIAN_POINT('Ctrl Pts',(942.063944389405,309.017171986788,108.858742228847));
#6476=CARTESIAN_POINT('Ctrl Pts',(941.134339985152,313.728893788871,113.050102454031));
#6477=CARTESIAN_POINT('Ctrl Pts',(940.649513007173,319.129951719524,115.949504965663));
#6478=CARTESIAN_POINT('Ctrl Pts',(940.501935679676,323.774883714758,117.262126586927));
#6479=CARTESIAN_POINT('Ctrl Pts',(940.505090911741,326.207141282658,117.572216097569));
#6480=CARTESIAN_POINT('Ctrl Pts',(940.525396512824,327.450979826731,117.639190822932));
#6481=CARTESIAN_POINT('Ctrl Pts',(1020.99999999999,279.676473789047,56.7472245232869));
#6482=CARTESIAN_POINT('Ctrl Pts',(1012.31781529049,279.924436307975,56.7882454073832));
#6483=CARTESIAN_POINT('Ctrl Pts',(1000.69609836066,280.549467034262,57.6684470550795));
#6484=CARTESIAN_POINT('Ctrl Pts',(987.849500329903,281.870991046884,60.3558854519815));
#6485=CARTESIAN_POINT('Ctrl Pts',(979.457001930421,283.096820886548,63.0588191716871));
#6486=CARTESIAN_POINT('Ctrl Pts',(972.219516547138,284.548083080039,66.3716741256182));
#6487=CARTESIAN_POINT('Ctrl Pts',(968.09769963946,285.659440323667,68.9248036014615));
#6488=CARTESIAN_POINT('Ctrl Pts',(964.816976532685,286.677407007871,71.2463367592626));
#6489=CARTESIAN_POINT('Ctrl Pts',(962.22643009682,287.569175553556,73.2702192452397));
#6490=CARTESIAN_POINT('Ctrl Pts',(957.659703304084,289.494047208021,77.5547676331132));
#6491=CARTESIAN_POINT('Ctrl Pts',(953.004299834304,292.158618202387,83.2496362070022));
#6492=CARTESIAN_POINT('Ctrl Pts',(948.916942129004,295.662809879743,90.0931909643));
#6493=CARTESIAN_POINT('Ctrl Pts',(945.960363840909,299.436362589424,96.6090456454505));
#6494=CARTESIAN_POINT('Ctrl Pts',(944.205811945797,302.782234151659,101.550425579146));
#6495=CARTESIAN_POINT('Ctrl Pts',(943.110223558605,305.639392709486,105.170429686846));
#6496=CARTESIAN_POINT('Ctrl Pts',(942.097067193201,308.955757925112,108.905994644369));
#6497=CARTESIAN_POINT('Ctrl Pts',(941.172315450261,313.675384866923,113.088347821468));
#6498=CARTESIAN_POINT('Ctrl Pts',(940.692505043406,319.084518735004,115.974415795626));
#6499=CARTESIAN_POINT('Ctrl Pts',(940.549217239301,323.735771717636,117.273670997716));
#6500=CARTESIAN_POINT('Ctrl Pts',(940.554664660527,326.171131037455,117.576144225831));
#6501=CARTESIAN_POINT('Ctrl Pts',(940.576167341803,327.416502518998,117.639070473936));
#6502=CARTESIAN_POINT('Ctrl Pts',(1020.99999999999,279.532681006653,56.8466661594453));
#6503=CARTESIAN_POINT('Ctrl Pts',(1012.31631079381,279.781609386523,56.8812352631252));
#6504=CARTESIAN_POINT('Ctrl Pts',(1000.69331951072,280.40907648573,57.7537941469692));
#6505=CARTESIAN_POINT('Ctrl Pts',(987.846967590759,281.735491648683,60.4343036160433));
#6506=CARTESIAN_POINT('Ctrl Pts',(979.455571522383,282.965722477021,63.133424695494));
#6507=CARTESIAN_POINT('Ctrl Pts',(972.220041719586,284.422029409972,66.4435920567624));
#6508=CARTESIAN_POINT('Ctrl Pts',(968.100044605414,285.537119501402,68.9954949031896));
#6509=CARTESIAN_POINT('Ctrl Pts',(964.821089762209,286.558439440575,71.3161314286487));
#6510=CARTESIAN_POINT('Ctrl Pts',(962.232150345706,287.453107778419,73.3393584163258));
#6511=CARTESIAN_POINT('Ctrl Pts',(957.669034207727,289.384059712367,77.6228362712785));
#6512=CARTESIAN_POINT('Ctrl Pts',(953.018722943377,292.056671699945,83.3165297552913));
#6513=CARTESIAN_POINT('Ctrl Pts',(948.937726726916,295.570688072358,90.1580548178939));
#6514=CARTESIAN_POINT('Ctrl Pts',(945.987299075794,299.35397406951,96.6704652151364));
#6515=CARTESIAN_POINT('Ctrl Pts',(944.237588305605,302.707709017853,101.607632421509));
#6516=CARTESIAN_POINT('Ctrl Pts',(943.145739271236,305.571055364486,105.223250557951));
#6517=CARTESIAN_POINT('Ctrl Pts',(942.136633353949,308.894196692866,108.953126429002));
#6518=CARTESIAN_POINT('Ctrl Pts',(941.216974514645,313.622485927911,113.125958386551));
#6519=CARTESIAN_POINT('Ctrl Pts',(940.742364362168,319.039900828051,115.998643161098));
#6520=CARTESIAN_POINT('Ctrl Pts',(940.603421301914,323.697206874272,117.284813399692));
#6521=CARTESIAN_POINT('Ctrl Pts',(940.611148173667,326.135376367658,117.579920104449));
#6522=CARTESIAN_POINT('Ctrl Pts',(940.633828985198,327.3820922237,117.638950358858));
#6523=CARTESIAN_POINT('Ctrl Pts',(1020.99999999999,279.370283287857,56.9741333277553));
#6524=CARTESIAN_POINT('Ctrl Pts',(1012.31534215697,279.620430828195,56.9998712902237));
#6525=CARTESIAN_POINT('Ctrl Pts',(1000.69202665096,280.250718799455,57.8619360979959));
#6526=CARTESIAN_POINT('Ctrl Pts',(987.847458870229,281.582552819552,60.5328589374499));
#6527=CARTESIAN_POINT('Ctrl Pts',(979.458442175718,282.817588661539,63.2266673608696));
#6528=CARTESIAN_POINT('Ctrl Pts',(972.226256677204,284.279353449194,66.5330614172664));
#6529=CARTESIAN_POINT('Ctrl Pts',(968.109070418106,285.398458359831,69.0832358627427));
#6530=CARTESIAN_POINT('Ctrl Pts',(964.832762656036,286.423377805914,71.4026152331348));
#6531=CARTESIAN_POINT('Ctrl Pts',(962.246183522789,287.321154769753,73.4249276830403));
#6532=CARTESIAN_POINT('Ctrl Pts',(957.688231743828,289.258612480779,77.7069505098606));
#6533=CARTESIAN_POINT('Ctrl Pts',(953.045021532649,291.939812675897,83.3991592377321));
#6534=CARTESIAN_POINT('Ctrl Pts',(948.972772230627,295.464320088313,90.2383100170093));
#6535=CARTESIAN_POINT('Ctrl Pts',(946.030794032085,299.258016998495,96.7467237602262));
#6536=CARTESIAN_POINT('Ctrl Pts',(944.28774702628,302.620190483532,101.67892782947));
#6537=CARTESIAN_POINT('Ctrl Pts',(943.201059931938,305.490202948976,105.289297939383));
#6538=CARTESIAN_POINT('Ctrl Pts',(942.197557186561,308.820667122285,109.012302221523));
#6539=CARTESIAN_POINT('Ctrl Pts',(941.284972882798,313.558379193761,113.173467337407));
#6540=CARTESIAN_POINT('Ctrl Pts',(940.81751663207,318.984928660159,116.029436209645));
#6541=CARTESIAN_POINT('Ctrl Pts',(940.684429371388,323.649015599768,117.299046977709));
#6542=CARTESIAN_POINT('Ctrl Pts',(940.69517622663,326.090375137985,117.584757657216));
#6543=CARTESIAN_POINT('Ctrl Pts',(940.719402326188,327.338629496707,117.638798644705));
#6544=CARTESIAN_POINT('Ctrl Pts',(1020.99999999999,279.252747703664,57.0797351613691));
#6545=CARTESIAN_POINT('Ctrl Pts',(1012.31594423909,279.504010085864,57.0962951120639));
#6546=CARTESIAN_POINT('Ctrl Pts',(1000.69436317199,280.136534982796,57.9476345541501));
#6547=CARTESIAN_POINT('Ctrl Pts',(987.853713387386,281.472304176216,60.6091093727552));
#6548=CARTESIAN_POINT('Ctrl Pts',(979.468383529821,282.710719030822,63.2979147003552));
#6549=CARTESIAN_POINT('Ctrl Pts',(972.240573709859,284.176241898579,66.6010378457489));
#6550=CARTESIAN_POINT('Ctrl Pts',(968.126716301633,285.298072293846,69.1499430219973));
#6551=CARTESIAN_POINT('Ctrl Pts',(964.853435800942,286.325423260716,71.4685138942986));
#6552=CARTESIAN_POINT('Ctrl Pts',(962.269496019138,287.225293105542,73.4903210122398));
#6553=CARTESIAN_POINT('Ctrl Pts',(957.717132798487,289.167108808096,77.7718364562333));
#6554=CARTESIAN_POINT('Ctrl Pts',(953.081355537558,291.85403234382,83.463989691628));
#6555=CARTESIAN_POINT('Ctrl Pts',(949.018087751552,295.385517418529,90.3028297203772));
#6556=CARTESIAN_POINT('Ctrl Pts',(946.084777605215,299.186154123212,96.8096357294373));
#6557=CARTESIAN_POINT('Ctrl Pts',(944.348591090666,302.553984490491,101.73899941076));
#6558=CARTESIAN_POINT('Ctrl Pts',(943.267244820895,305.428497207436,105.345864689691));
#6559=CARTESIAN_POINT('Ctrl Pts',(942.269561251824,308.763933420477,109.063943626188));
#6560=CARTESIAN_POINT('Ctrl Pts',(941.364379555678,313.508120472026,113.215976769899));
#6561=CARTESIAN_POINT('Ctrl Pts',(940.904340317336,318.941106002195,116.057617326182));
#6562=CARTESIAN_POINT('Ctrl Pts',(940.777173980292,323.610100603571,117.31230120061));
#6563=CARTESIAN_POINT('Ctrl Pts',(940.790906246947,326.053820775113,117.589312261726));
#6564=CARTESIAN_POINT('Ctrl Pts',(940.816638837697,327.303228787419,117.638675072416));
#6565=CARTESIAN_POINT('Ctrl Pts',(1020.99999999999,279.104704172025,57.2692797620084));
#6566=CARTESIAN_POINT('Ctrl Pts',(1012.31814768343,279.356974558667,57.2763084781942));
#6567=CARTESIAN_POINT('Ctrl Pts',(1000.70031337577,279.992503354202,58.1149677487076));
#6568=CARTESIAN_POINT('Ctrl Pts',(987.865506779111,281.334671676756,60.7621209477712));
#6569=CARTESIAN_POINT('Ctrl Pts',(979.48494972021,282.578932611329,63.4412940984563));
#6570=CARTESIAN_POINT('Ctrl Pts',(972.262269935686,284.051198437935,66.7357091540659));
#6571=CARTESIAN_POINT('Ctrl Pts',(968.152043805547,285.178021957757,69.2792960580729));
#6572=CARTESIAN_POINT('Ctrl Pts',(964.881974230304,286.209850527037,71.5934342468447));
#6573=CARTESIAN_POINT('Ctrl Pts',(962.300781252044,287.113587970282,73.6116095834684));
#6574=CARTESIAN_POINT('Ctrl Pts',(957.754066857707,289.063480493341,77.8861336795989));
#6575=CARTESIAN_POINT('Ctrl Pts',(953.12557043423,291.7609975184,83.5698656012957));
#6576=CARTESIAN_POINT('Ctrl Pts',(949.070938041887,295.305191880253,90.3987573941802));
#6577=CARTESIAN_POINT('Ctrl Pts',(946.145963056181,299.118095695944,96.8952157900106));
#6578=CARTESIAN_POINT('Ctrl Pts',(944.41641551406,302.495497754757,101.815395325857));
#6579=CARTESIAN_POINT('Ctrl Pts',(943.340282113944,305.377275962735,105.414265523528));
#6580=CARTESIAN_POINT('Ctrl Pts',(942.34831676451,308.720441665322,109.122908326937));
#6581=CARTESIAN_POINT('Ctrl Pts',(941.450510366598,313.47392180587,113.261055751389));
#6582=CARTESIAN_POINT('Ctrl Pts',(940.997906177778,318.914632039217,116.085711943448));
#6583=CARTESIAN_POINT('Ctrl Pts',(940.876620648763,323.588343201413,117.324967514275));
#6584=CARTESIAN_POINT('Ctrl Pts',(940.893284079918,326.033881786503,117.593606291664));
#6585=CARTESIAN_POINT('Ctrl Pts',(940.92048346464,327.284050881433,117.638608128623));
#6586=CARTESIAN_POINT('Ctrl Pts',(1020.99999999999,279.063750185065,57.3991515815436));
#6587=CARTESIAN_POINT('Ctrl Pts',(1012.31978736333,279.316488427587,57.4012950862409));
#6588=CARTESIAN_POINT('Ctrl Pts',(1000.70448618985,279.953089136152,58.2328465153643));
#6589=CARTESIAN_POINT('Ctrl Pts',(987.873194749927,281.297278054351,60.8708750125617));
#6590=CARTESIAN_POINT('Ctrl Pts',(979.495336507464,282.543312454659,63.5433554470938));
#6591=CARTESIAN_POINT('Ctrl Pts',(972.27541156068,284.017572149567,66.8312028975938));
#6592=CARTESIAN_POINT('Ctrl Pts',(968.167054277578,285.145846744503,69.3704767341655));
#6593=CARTESIAN_POINT('Ctrl Pts',(964.898608072634,286.17896841969,71.6809156783672));
#6594=CARTESIAN_POINT('Ctrl Pts',(962.318786527803,287.083818028849,73.6959944273875));
#6595=CARTESIAN_POINT('Ctrl Pts',(957.77483669273,289.036017370938,77.9643603034165));
#6596=CARTESIAN_POINT('Ctrl Pts',(953.149823902854,291.736536717714,83.6404327263664));
#6597=CARTESIAN_POINT('Ctrl Pts',(949.09926663711,295.28431259254,90.4603500353435));
#6598=CARTESIAN_POINT('Ctrl Pts',(946.178227405689,299.100666724343,96.9479729786594));
#6599=CARTESIAN_POINT('Ctrl Pts',(944.451833745787,302.480764042133,101.860877203281));
#6600=CARTESIAN_POINT('Ctrl Pts',(943.378196722754,305.364594835029,105.45383482979));
#6601=CARTESIAN_POINT('Ctrl Pts',(942.388987217009,308.709951255865,109.15582300689));
#6602=CARTESIAN_POINT('Ctrl Pts',(941.494781125394,313.466086364874,113.284955000122));
#6603=CARTESIAN_POINT('Ctrl Pts',(941.045846388741,318.909052976411,116.099897128612));
#6604=CARTESIAN_POINT('Ctrl Pts',(940.927464716306,323.584190125633,117.331130201375));
#6605=CARTESIAN_POINT('Ctrl Pts',(940.945571422043,326.030302041439,117.595668474756));
#6606=CARTESIAN_POINT('Ctrl Pts',(940.973490794704,327.280719543683,117.638596500013));
#6607=CARTESIAN_POINT('Ctrl Pts',(1020.99999999999,279.050910566379,57.5424878233966));
#6608=CARTESIAN_POINT('Ctrl Pts',(1012.32169848954,279.304098258383,57.539689133421));
#6609=CARTESIAN_POINT('Ctrl Pts',(1000.70925207513,279.941371351644,58.3638156267563));
#6610=CARTESIAN_POINT('Ctrl Pts',(987.881748398218,281.28645446723,60.9919307801212));
#6611=CARTESIAN_POINT('Ctrl Pts',(979.506719970098,282.533158310971,63.6569693522187));
#6612=CARTESIAN_POINT('Ctrl Pts',(972.289614098071,284.008086431403,66.9373696637238));
#6613=CARTESIAN_POINT('Ctrl Pts',(968.183128615199,285.136806023962,69.4716757070637));
#6614=CARTESIAN_POINT('Ctrl Pts',(964.91629327427,286.170311220862,71.7778295726142));
#6615=CARTESIAN_POINT('Ctrl Pts',(962.337823501404,287.075483011606,73.7893064633691));
#6616=CARTESIAN_POINT('Ctrl Pts',(957.796568829114,289.028326195118,78.050466814836));
#6617=CARTESIAN_POINT('Ctrl Pts',(953.174908977013,291.72964948835,83.7175298286279));
#6618=CARTESIAN_POINT('Ctrl Pts',(949.128242941283,295.278363632929,90.5269206974725));
#6619=CARTESIAN_POINT('Ctrl Pts',(946.210964029046,299.095629960293,97.0043050036709));
#6620=CARTESIAN_POINT('Ctrl Pts',(944.487596199,302.476465989442,101.908918749809));
#6621=CARTESIAN_POINT('Ctrl Pts',(943.416367218023,305.360887745965,105.495247393672));
#6622=CARTESIAN_POINT('Ctrl Pts',(942.429827333234,308.706901707331,109.189863021081));
#6623=CARTESIAN_POINT('Ctrl Pts',(941.539138803204,313.463908893569,113.309227469335));
#6624=CARTESIAN_POINT('Ctrl Pts',(941.093821934911,318.907781580664,116.114044687845));
#6625=CARTESIAN_POINT('Ctrl Pts',(940.978313351156,323.583644271311,117.337189268386));
#6626=CARTESIAN_POINT('Ctrl Pts',(940.99784935242,326.030119251879,117.597687308739));
#6627=CARTESIAN_POINT('Ctrl Pts',(941.026481588168,327.280718346757,117.638596495835));
#6628=CARTESIAN_POINT('Ctrl Pts',(1020.99999999999,279.065558959331,57.6978738401523));
#6629=CARTESIAN_POINT('Ctrl Pts',(1012.32384107014,279.319166897532,57.6901820623977));
#6630=CARTESIAN_POINT('Ctrl Pts',(1000.71453152369,279.956711927115,58.5067007244669));
#6631=CARTESIAN_POINT('Ctrl Pts',(987.891062710736,281.301585195993,61.1242487208111));
#6632=CARTESIAN_POINT('Ctrl Pts',(979.518988886903,282.547881605414,63.7811791725362));
#6633=CARTESIAN_POINT('Ctrl Pts',(972.30477055846,284.022188607496,67.0533197173758));
#6634=CARTESIAN_POINT('Ctrl Pts',(968.200168512387,285.150375867335,69.5820391913407));
#6635=CARTESIAN_POINT('Ctrl Pts',(964.934940963076,286.183381421077,71.8833501584126));
#6636=CARTESIAN_POINT('Ctrl Pts',(962.357812408886,287.088108598578,73.8907416603963));
#6637=CARTESIAN_POINT('Ctrl Pts',(957.819205502763,289.039982201362,78.1436868627303));
#6638=CARTESIAN_POINT('Ctrl Pts',(953.200800603354,291.73997747366,83.8004294777568));
#6639=CARTESIAN_POINT('Ctrl Pts',(949.157882349548,295.287066528803,90.5977830643167));
#6640=CARTESIAN_POINT('Ctrl Pts',(946.24422433496,299.102782483678,97.0635692673908));
#6641=CARTESIAN_POINT('Ctrl Pts',(944.523777312891,302.482457114337,101.958921331113));
#6642=CARTESIAN_POINT('Ctrl Pts',(943.454880650213,305.36604865088,105.537948286494));
#6643=CARTESIAN_POINT('Ctrl Pts',(942.470933169266,308.711227803493,109.224529681967));
#6644=CARTESIAN_POINT('Ctrl Pts',(941.583677912373,313.467367161317,113.333469326333));
#6645=CARTESIAN_POINT('Ctrl Pts',(941.14189943269,318.910818192633,116.127889034729));
#6646=CARTESIAN_POINT('Ctrl Pts',(941.029191262001,323.586707402473,117.343019681203));
#6647=CARTESIAN_POINT('Ctrl Pts',(941.050114497246,326.033329759564,117.599619182274));
#6648=CARTESIAN_POINT('Ctrl Pts',(941.079436432043,327.284039267799,117.638608088084));
#6649=CARTESIAN_POINT('Ctrl Pts',(1020.99999999998,279.186779492166,58.0186744019633));
#6650=CARTESIAN_POINT('Ctrl Pts',(1012.32904808205,279.441113395292,58.0013821211991));
#6651=CARTESIAN_POINT('Ctrl Pts',(1000.72710014433,280.077880799553,58.8025597577282));
#6652=CARTESIAN_POINT('Ctrl Pts',(987.91258743412,281.418731523688,61.3981578003855));
#6653=CARTESIAN_POINT('Ctrl Pts',(979.546823569954,282.660706426888,64.0379862252041));
#6654=CARTESIAN_POINT('Ctrl Pts',(972.338537975809,284.129576086798,67.2925010848869));
#6655=CARTESIAN_POINT('Ctrl Pts',(968.237662046915,285.253520349795,69.8092017622073));
#6656=CARTESIAN_POINT('Ctrl Pts',(964.975559277849,286.282654433669,72.1000683858727));
#6657=CARTESIAN_POINT('Ctrl Pts',(962.401003004351,287.183998612469,74.0986338146875));
#6658=CARTESIAN_POINT('Ctrl Pts',(957.867359822711,289.128684867889,78.3337992821855));
#6659=CARTESIAN_POINT('Ctrl Pts',(953.254886189009,291.819085795522,83.9682028968266));
#6660=CARTESIAN_POINT('Ctrl Pts',(949.218666992174,295.354571891083,90.7396751364745));
#6661=CARTESIAN_POINT('Ctrl Pts',(946.311480838689,299.159146996402,97.1808563626753));
#6662=CARTESIAN_POINT('Ctrl Pts',(944.596293689518,302.53027766237,102.056864315234));
#6663=CARTESIAN_POINT('Ctrl Pts',(943.531639775988,305.407541049323,105.620851646285));
#6664=CARTESIAN_POINT('Ctrl Pts',(942.552444988198,308.746135988104,109.291051950787));
#6665=CARTESIAN_POINT('Ctrl Pts',(941.671580416431,313.494774176725,113.379143803548));
#6666=CARTESIAN_POINT('Ctrl Pts',(941.236467423563,318.932904607628,116.153489783486));
#6667=CARTESIAN_POINT('Ctrl Pts',(941.129033678837,323.606411340389,117.353647170792));
#6668=CARTESIAN_POINT('Ctrl Pts',(941.152559701152,326.05253344146,117.603139910952));
#6669=CARTESIAN_POINT('Ctrl Pts',(941.18317069199,327.303182156803,117.638674909643));
#6670=CARTESIAN_POINT('Ctrl Pts',(1020.99999999998,279.290152054733,58.2117755723676));
#6671=CARTESIAN_POINT('Ctrl Pts',(1012.33439231788,279.544937834729,58.1869083653769));
#6672=CARTESIAN_POINT('Ctrl Pts',(1000.73969413257,280.181162999269,58.9767586037094));
#6673=CARTESIAN_POINT('Ctrl Pts',(987.933401327325,281.519312373004,61.5572989133539));
#6674=CARTESIAN_POINT('Ctrl Pts',(979.57312257718,282.758389871094,64.1858702708532));
#6675=CARTESIAN_POINT('Ctrl Pts',(972.369696941265,284.22360927176,67.4291899592634));
#6676=CARTESIAN_POINT('Ctrl Pts',(968.271684860989,285.344697101523,69.9384913955614));
#6677=CARTESIAN_POINT('Ctrl Pts',(965.011907999997,286.371219350289,72.2230166720831));
#6678=CARTESIAN_POINT('Ctrl Pts',(962.439219010701,287.270278080789,74.2162768714467));
#6679=CARTESIAN_POINT('Ctrl Pts',(957.909019664655,289.210092261245,78.4409533939527));
#6680=CARTESIAN_POINT('Ctrl Pts',(953.300417822455,291.893951639667,84.0625219333581));
#6681=CARTESIAN_POINT('Ctrl Pts',(949.268382261954,295.42143836482,90.8195886301826));
#6682=CARTESIAN_POINT('Ctrl Pts',(946.36524097263,299.218213847894,97.2474581651682));
#6683=CARTESIAN_POINT('Ctrl Pts',(944.653408480993,302.583235971639,102.113138815132));
#6684=CARTESIAN_POINT('Ctrl Pts',(943.591532588087,305.455869729352,105.669080377124));
#6685=CARTESIAN_POINT('Ctrl Pts',(942.615511717543,308.789552355319,109.330465000689));
#6686=CARTESIAN_POINT('Ctrl Pts',(941.739077084556,313.532333357112,113.407124213908));
#6687=CARTESIAN_POINT('Ctrl Pts',(941.30875238241,318.965729308799,116.169849814548));
#6688=CARTESIAN_POINT('Ctrl Pts',(941.20515415746,323.636485146637,117.360740041818));
#6689=CARTESIAN_POINT('Ctrl Pts',(941.23057767085,326.081616588281,117.605579263892));
#6690=CARTESIAN_POINT('Ctrl Pts',(941.262126918651,327.331876002788,117.638775070467));
#6691=CARTESIAN_POINT('Ctrl Pts',(1020.99999999998,279.352089110489,58.3319715916812));
#6692=CARTESIAN_POINT('Ctrl Pts',(1012.33913258834,279.607144553201,58.3014053122547));
#6693=CARTESIAN_POINT('Ctrl Pts',(1000.7506898837,280.243273990725,59.0830272381517));
#6694=CARTESIAN_POINT('Ctrl Pts',(987.951137853753,281.580455254595,61.6530896985464));
#6695=CARTESIAN_POINT('Ctrl Pts',(979.595167439319,282.818429183243,64.2740351116836));
#6696=CARTESIAN_POINT('Ctrl Pts',(972.395365780737,284.282210873728,67.5099584882071));
#6697=CARTESIAN_POINT('Ctrl Pts',(968.299360267216,285.402146376639,70.014486830586));
#6698=CARTESIAN_POINT('Ctrl Pts',(965.041158264605,286.427603542197,72.2949679589662));
#6699=CARTESIAN_POINT('Ctrl Pts',(962.469698210771,287.325723741559,74.2848733264077));
#6700=CARTESIAN_POINT('Ctrl Pts',(957.941643391762,289.263509550743,78.5030271493323));
#6701=CARTESIAN_POINT('Ctrl Pts',(953.335257976227,291.944591553084,84.1168156624271));
#6702=CARTESIAN_POINT('Ctrl Pts',(949.30545759361,295.468579898306,90.8654549290831));
#6703=CARTESIAN_POINT('Ctrl Pts',(946.404483001172,299.261822419053,97.2858224255321));
#6704=CARTESIAN_POINT('Ctrl Pts',(944.69451398865,302.623955853993,102.145814996401));
#6705=CARTESIAN_POINT('Ctrl Pts',(943.634250886654,305.494304214991,105.697344394567));
#6706=CARTESIAN_POINT('Ctrl Pts',(942.660131426229,308.825477619168,109.35388441614));
#6707=CARTESIAN_POINT('Ctrl Pts',(941.786501788175,313.565042213927,113.424180057296));
#6708=CARTESIAN_POINT('Ctrl Pts',(941.359385970513,318.995364616211,116.180145511575));
#6709=CARTESIAN_POINT('Ctrl Pts',(941.258432474742,323.6638842174,117.365345723417));
#6710=CARTESIAN_POINT('Ctrl Pts',(941.285183546966,326.107983381747,117.607204376673));
#6711=CARTESIAN_POINT('Ctrl Pts',(941.317392700043,327.357751078817,117.638865391888));
#6712=CARTESIAN_POINT('Ctrl Pts',(1020.99999999998,279.378432034161,58.3802524192934));
#6713=CARTESIAN_POINT('Ctrl Pts',(1012.34108454703,279.633588439783,58.3474178928891));
#6714=CARTESIAN_POINT('Ctrl Pts',(1000.75520407026,280.2696565889,59.1257475260122));
#6715=CARTESIAN_POINT('Ctrl Pts',(987.958385161878,281.606398780972,61.6915886531196));
#6716=CARTESIAN_POINT('Ctrl Pts',(979.604145718124,282.843882923763,64.3094489128066));
#6717=CARTESIAN_POINT('Ctrl Pts',(972.40578320659,284.307032794634,67.5423694521688));
#6718=CARTESIAN_POINT('Ctrl Pts',(968.310562678247,285.42646469792,70.0449545402299));
#6719=CARTESIAN_POINT('Ctrl Pts',(965.052971412371,286.451457258166,72.3237876037045));
#6720=CARTESIAN_POINT('Ctrl Pts',(962.48198436258,287.349168548032,74.3123248340233));
#6721=CARTESIAN_POINT('Ctrl Pts',(957.954742240877,289.286072264555,78.5278161772668));
#6722=CARTESIAN_POINT('Ctrl Pts',(953.34917534685,291.965948923324,84.1384271398937));
#6723=CARTESIAN_POINT('Ctrl Pts',(949.320181278642,295.488421514698,90.8836305239925));
#6724=CARTESIAN_POINT('Ctrl Pts',(946.419989022383,299.280134661929,97.300954157633));
#6725=CARTESIAN_POINT('Ctrl Pts',(944.710701381711,302.641018126974,102.158653924677));
#6726=CARTESIAN_POINT('Ctrl Pts',(943.651036592239,305.510377594906,105.708415695824));
#6727=CARTESIAN_POINT('Ctrl Pts',(942.677629462286,308.840465181109,109.363023456007));
#6728=CARTESIAN_POINT('Ctrl Pts',(941.805067989672,313.578637540228,113.430801477453));
#6729=CARTESIAN_POINT('Ctrl Pts',(941.37919338087,319.007628306753,116.18412582463));
#6730=CARTESIAN_POINT('Ctrl Pts',(941.279270551467,323.675177817233,117.367122182045));
#6731=CARTESIAN_POINT('Ctrl Pts',(941.306540912869,326.118828638026,117.607831935227));
#6732=CARTESIAN_POINT('Ctrl Pts',(941.339008545943,327.368382600883,117.638902503052));
#6733=CARTESIAN_POINT('Ctrl Pts',(1020.99999999998,279.426323365803,58.4638732191187));
#6734=CARTESIAN_POINT('Ctrl Pts',(1012.34464654542,279.68163836798,58.4270989402038));
#6735=CARTESIAN_POINT('Ctrl Pts',(1000.76340631631,280.317574971819,59.1996873948147));
#6736=CARTESIAN_POINT('Ctrl Pts',(987.971463576806,281.653517816419,61.7581282012782));
#6737=CARTESIAN_POINT('Ctrl Pts',(979.620270292028,282.890121483591,64.3705636052316));
#6738=CARTESIAN_POINT('Ctrl Pts',(972.424395246106,284.352141362004,67.5981915775263));
#6739=CARTESIAN_POINT('Ctrl Pts',(968.330499456164,285.47067457789,70.0973464554967));
#6740=CARTESIAN_POINT('Ctrl Pts',(965.073924162758,286.494838324258,72.3732695981159));
#6741=CARTESIAN_POINT('Ctrl Pts',(962.503714050196,287.391820320632,74.3593906900577));
#6742=CARTESIAN_POINT('Ctrl Pts',(957.977771409464,289.327150733879,78.5701810818031));
#6743=CARTESIAN_POINT('Ctrl Pts',(953.373452663258,292.004876044659,84.1751892095464));
#6744=CARTESIAN_POINT('Ctrl Pts',(949.34563256911,295.524636528085,90.9143646180573));
#6745=CARTESIAN_POINT('Ctrl Pts',(946.446581595557,299.313602504731,97.3263961003734));
#6746=CARTESIAN_POINT('Ctrl Pts',(944.738313406202,302.672228852832,102.180149610529));
#6747=CARTESIAN_POINT('Ctrl Pts',(943.679569180657,305.539793025348,105.726893431766));
#6748=CARTESIAN_POINT('Ctrl Pts',(942.707278265207,308.867901097031,109.378219979252));
#6749=CARTESIAN_POINT('Ctrl Pts',(941.83644050398,313.603513684314,113.441761749557));
#6750=CARTESIAN_POINT('Ctrl Pts',(941.412623899524,319.030012823419,116.190696115689));
#6751=CARTESIAN_POINT('Ctrl Pts',(941.314432063319,323.695712002307,117.370053228478));
#6752=CARTESIAN_POINT('Ctrl Pts',(941.342580215124,326.138493437938,117.608870949307));
#6753=CARTESIAN_POINT('Ctrl Pts',(941.375485825701,327.387628730702,117.638969684991));
#6754=CARTESIAN_POINT('Ctrl Pts',(1020.99999999998,279.511193337866,58.5924098319083));
#6755=CARTESIAN_POINT('Ctrl Pts',(1012.35015053923,279.766683534359,58.5500919764457));
#6756=CARTESIAN_POINT('Ctrl Pts',(1000.77597968403,280.402168596265,59.314349599873));
#6757=CARTESIAN_POINT('Ctrl Pts',(987.991256741401,281.736313737054,61.861636313319));
#6758=CARTESIAN_POINT('Ctrl Pts',(979.644452271065,282.971033427831,64.4657107199417));
#6759=CARTESIAN_POINT('Ctrl Pts',(972.452029243067,284.430696400239,67.6850239556927));
#6760=CARTESIAN_POINT('Ctrl Pts',(968.359876605163,285.54738495794,70.1787033313228));
#6761=CARTESIAN_POINT('Ctrl Pts',(965.104593452933,286.569857802578,72.4499521375064));
#6762=CARTESIAN_POINT('Ctrl Pts',(962.535340881906,287.465357805288,74.4321739117645));
#6763=CARTESIAN_POINT('Ctrl Pts',(958.010889105351,289.397512884573,78.6353199805894));
#6764=CARTESIAN_POINT('Ctrl Pts',(953.407807664869,292.070933236934,84.2311357245859));
#6765=CARTESIAN_POINT('Ctrl Pts',(949.380964419522,295.585320450882,90.9603790785726));
#6766=CARTESIAN_POINT('Ctrl Pts',(946.48287109792,299.368895020132,97.3637325000703));
#6767=CARTESIAN_POINT('Ctrl Pts',(944.775548375684,302.723135146004,102.211110467161));
#6768=CARTESIAN_POINT('Ctrl Pts',(943.717745456457,305.587240604751,105.753075002258));
#6769=CARTESIAN_POINT('Ctrl Pts',(942.74666374532,308.911559472836,109.399292006805));
#6770=CARTESIAN_POINT('Ctrl Pts',(941.877857774318,313.642333191287,113.456465190148));
#6771=CARTESIAN_POINT('Ctrl Pts',(941.456645026076,319.064237644273,116.199233430704));
#6772=CARTESIAN_POINT('Ctrl Pts',(941.360714389464,323.726614033523,117.373774266221));
#6773=CARTESIAN_POINT('Ctrl Pts',(941.390027572043,326.16786910769,117.610184511682));
#6774=CARTESIAN_POINT('Ctrl Pts',(941.423518021916,327.416279409098,117.639069695132));
#6775=CARTESIAN_POINT('Ctrl Pts',(1020.99999999998,279.634400938517,58.755721838033));
#6776=CARTESIAN_POINT('Ctrl Pts',(1012.3574138748,279.890020163524,58.7068866182669));
#6777=CARTESIAN_POINT('Ctrl Pts',(1000.79241678023,280.524593243235,59.461028503006));
#6778=CARTESIAN_POINT('Ctrl Pts',(988.016740915756,281.855680800477,61.9942593163453));
#6779=CARTESIAN_POINT('Ctrl Pts',(979.675243128938,283.087284270265,64.587579633648));
#6780=CARTESIAN_POINT('Ctrl Pts',(972.486779338794,284.543106693621,67.7960184482146));
#6781=CARTESIAN_POINT('Ctrl Pts',(968.39646491873,285.656817868297,70.2824418580391));
#6782=CARTESIAN_POINT('Ctrl Pts',(965.142464718695,286.676571259294,72.5474660273858));
#6783=CARTESIAN_POINT('Ctrl Pts',(962.57410651398,287.569693375459,74.5244765559292));
#6784=CARTESIAN_POINT('Ctrl Pts',(958.050836714232,289.496773864454,78.717350638698));
#6785=CARTESIAN_POINT('Ctrl Pts',(953.448338486634,292.163348173394,84.3007438543601));
#6786=CARTESIAN_POINT('Ctrl Pts',(949.421513706209,295.669236954563,91.0165630273119));
#6787=CARTESIAN_POINT('Ctrl Pts',(946.523461159923,299.444326344078,97.4082897794718));
#6788=CARTESIAN_POINT('Ctrl Pts',(944.816430908347,302.791697277521,102.24727248352));
#6789=CARTESIAN_POINT('Ctrl Pts',(943.759141124759,305.650408935498,105.783073314717));
#6790=CARTESIAN_POINT('Ctrl Pts',(942.7888745895,308.968837042834,109.422814247518));
#6791=CARTESIAN_POINT('Ctrl Pts',(941.921795589087,313.692134019897,113.472209390771));
#6792=CARTESIAN_POINT('Ctrl Pts',(941.503154569997,319.107025391969,116.207999300393));
#6793=CARTESIAN_POINT('Ctrl Pts',(941.409593271844,323.764397908334,117.377475288545));
#6794=CARTESIAN_POINT('Ctrl Pts',(941.440161921056,326.20338147196,117.611483892069));
#6795=CARTESIAN_POINT('Ctrl Pts',(941.474289446844,327.450720799216,117.639189918751));
#6796=CARTESIAN_POINT('Ctrl Pts',(1020.99999999998,279.754580935576,58.9013885561294));
#6797=CARTESIAN_POINT('Ctrl Pts',(1012.36532844184,280.01024883222,58.8461694044813));
#6798=CARTESIAN_POINT('Ctrl Pts',(1000.81019159069,280.643915637512,59.5905098744008));
#6799=CARTESIAN_POINT('Ctrl Pts',(988.043948263594,281.972139545151,62.1102774506713));
#6800=CARTESIAN_POINT('Ctrl Pts',(979.707803217304,283.200849892325,64.693369414444));
#6801=CARTESIAN_POINT('Ctrl Pts',(972.523124845205,284.653116984269,67.8915370307699));
#6802=CARTESIAN_POINT('Ctrl Pts',(968.434403412645,285.76407203722,70.3711579924653));
#6803=CARTESIAN_POINT('Ctrl Pts',(965.181426465101,286.781305696892,72.6303710995502));
#6804=CARTESIAN_POINT('Ctrl Pts',(962.613715037051,287.67222321015,74.6025316707778));
#6805=CARTESIAN_POINT('Ctrl Pts',(958.09103579413,289.594589664197,78.785912907814));
#6806=CARTESIAN_POINT('Ctrl Pts',(953.488240812379,292.254780274829,84.3579673805277));
#6807=CARTESIAN_POINT('Ctrl Pts',(949.460307038841,295.752681577649,91.06181395581));
#6808=CARTESIAN_POINT('Ctrl Pts',(946.561211630138,299.519709282435,97.4435136348586));
#6809=CARTESIAN_POINT('Ctrl Pts',(944.853650302745,302.86046302462,102.275495963444));
#6810=CARTESIAN_POINT('Ctrl Pts',(943.796270656544,305.713906742254,105.806279463733));
#6811=CARTESIAN_POINT('Ctrl Pts',(942.826197233192,309.026519906591,109.440830883083));
#6812=CARTESIAN_POINT('Ctrl Pts',(941.96014918957,313.742275444971,113.484152779703));
#6813=CARTESIAN_POINT('Ctrl Pts',(941.543537751554,319.149771499543,116.214657183246));
#6814=CARTESIAN_POINT('Ctrl Pts',(941.452007206453,323.801602891261,117.380319123086));
#6815=CARTESIAN_POINT('Ctrl Pts',(941.483690512283,326.237962375602,117.612504859686));
#6816=CARTESIAN_POINT('Ctrl Pts',(941.518390966755,327.484031798117,117.639306196545));
#6817=CARTESIAN_POINT('Ctrl Pts',(1020.99999999998,279.867179627694,59.0241247889702));
#6818=CARTESIAN_POINT('Ctrl Pts',(1012.37388858703,280.122816888767,58.9626550491296));
#6819=CARTESIAN_POINT('Ctrl Pts',(1000.82930260196,280.755652800385,59.6975931124221));
#6820=CARTESIAN_POINT('Ctrl Pts',(988.072909925516,282.081408690768,62.204742961624));
#6821=CARTESIAN_POINT('Ctrl Pts',(979.742198743871,283.307647426199,64.7783815096823));
#6822=CARTESIAN_POINT('Ctrl Pts',(972.56117678839,284.756882950702,67.9671813834022));
#6823=CARTESIAN_POINT('Ctrl Pts',(968.473838247476,285.865484186308,70.4406812683034));
#6824=CARTESIAN_POINT('Ctrl Pts',(965.221657010572,286.880561419744,72.6947027376939));
#6825=CARTESIAN_POINT('Ctrl Pts',(962.65437293354,287.76958963919,74.6625533172904));
#6826=CARTESIAN_POINT('Ctrl Pts',(958.131752733091,289.687901224632,78.8375962406341));
#6827=CARTESIAN_POINT('Ctrl Pts',(953.527860948677,292.342564311602,84.3998900034299));
#6828=CARTESIAN_POINT('Ctrl Pts',(949.497786803554,295.833460269656,91.0938044626827));
#6829=CARTESIAN_POINT('Ctrl Pts',(946.596656093668,299.593298922276,97.4676346644397));
#6830=CARTESIAN_POINT('Ctrl Pts',(944.887809296124,302.928030139114,102.29443438757));
#6831=CARTESIAN_POINT('Ctrl Pts',(943.829787536422,305.776584824182,105.821657215561));
#6832=CARTESIAN_POINT('Ctrl Pts',(942.859337511735,309.083721639194,109.452626203958));
#6833=CARTESIAN_POINT('Ctrl Pts',(941.993683201113,313.792169488232,113.491939237511));
#6834=CARTESIAN_POINT('Ctrl Pts',(941.578600303311,319.192098473845,116.219095592308));
#6835=CARTESIAN_POINT('Ctrl Pts',(941.48878036257,323.83794489838,117.38229338061));
#6836=CARTESIAN_POINT('Ctrl Pts',(941.521441470622,326.271346908573,117.613248997807));
#6837=CARTESIAN_POINT('Ctrl Pts',(941.55665133757,327.515949532053,117.639417610907));
#6838=CARTESIAN_POINT('Ctrl Pts',(1020.99999999998,279.996917924427,59.1499167119244));
#6839=CARTESIAN_POINT('Ctrl Pts',(1012.38308448241,280.25244578414,59.0823260981335));
#6840=CARTESIAN_POINT('Ctrl Pts',(1000.8497580535,280.884137548829,59.8078440132694));
#6841=CARTESIAN_POINT('Ctrl Pts',(988.10369061655,282.206683448373,62.3019968913179));
#6842=CARTESIAN_POINT('Ctrl Pts',(979.778555422414,283.429750317162,64.8657514562772));
#6843=CARTESIAN_POINT('Ctrl Pts',(972.601135839625,284.875128026516,68.0446360205251));
#6844=CARTESIAN_POINT('Ctrl Pts',(968.515028411682,285.980752689904,70.5115947152961));
#6845=CARTESIAN_POINT('Ctrl Pts',(965.263468389978,286.993110557483,72.7600485042009));
#6846=CARTESIAN_POINT('Ctrl Pts',(962.696438476195,287.879760599739,74.7232647565373));
#6847=CARTESIAN_POINT('Ctrl Pts',(958.173443792526,289.792985763514,78.8893064493549));
#6848=CARTESIAN_POINT('Ctrl Pts',(953.567785379439,292.44074829629,84.4410203658811));
#6849=CARTESIAN_POINT('Ctrl Pts',(949.534695563019,295.922956542451,91.1241757490887));
#6850=CARTESIAN_POINT('Ctrl Pts',(946.63068543132,299.673942907164,97.4895617909838));
#6851=CARTESIAN_POINT('Ctrl Pts',(944.919911337958,303.001316144196,102.310914288048));
#6852=CARTESIAN_POINT('Ctrl Pts',(943.860777872277,305.843939341209,105.834497707941));
#6853=CARTESIAN_POINT('Ctrl Pts',(942.889467268246,309.144465982613,109.461899204038));
#6854=CARTESIAN_POINT('Ctrl Pts',(942.023665789412,313.844177686051,113.497466425704));
#6855=CARTESIAN_POINT('Ctrl Pts',(941.609677307361,319.235218189729,116.221957066566));
#6856=CARTESIAN_POINT('Ctrl Pts',(941.521277233706,323.874150471535,117.383501300346));
#6857=CARTESIAN_POINT('Ctrl Pts',(941.554785404077,326.304178452728,117.613721408059));
#6858=CARTESIAN_POINT('Ctrl Pts',(941.590441679954,327.547119463586,117.639526414935));
#6859=CARTESIAN_POINT('Ctrl Pts',(1020.99999999998,280.156471434731,59.2952330213117));
#6860=CARTESIAN_POINT('Ctrl Pts',(1012.39291525181,280.411812758573,59.2216552108213));
#6861=CARTESIAN_POINT('Ctrl Pts',(1000.87156979754,281.041862258505,59.9374629920343));
#6862=CARTESIAN_POINT('Ctrl Pts',(988.136379148827,282.359917462642,62.4174675567795));
#6863=CARTESIAN_POINT('Ctrl Pts',(979.817038016772,283.578580276665,64.9701438279399));
#6864=CARTESIAN_POINT('Ctrl Pts',(972.643261988674,285.018633851163,68.1376480577443));
#6865=CARTESIAN_POINT('Ctrl Pts',(968.558306959231,286.120173108075,70.5969484016926));
#6866=CARTESIAN_POINT('Ctrl Pts',(965.307260156533,287.128809427547,72.8388287151701));
#6867=CARTESIAN_POINT('Ctrl Pts',(962.740369268243,288.012211084206,74.796539492564));
#6868=CARTESIAN_POINT('Ctrl Pts',(958.216689218971,289.918516529007,78.9517671772206));
#6869=CARTESIAN_POINT('Ctrl Pts',(953.608756891816,292.556948378811,84.4905652217152));
#6870=CARTESIAN_POINT('Ctrl Pts',(949.571971105893,296.027523343041,91.1603192109435));
#6871=CARTESIAN_POINT('Ctrl Pts',(946.664422796101,299.766792271439,97.514955695735));
#6872=CARTESIAN_POINT('Ctrl Pts',(944.951220515218,303.084557643396,102.329276679481));
#6873=CARTESIAN_POINT('Ctrl Pts',(943.890609466249,305.919533849802,105.848168498402));
#6874=CARTESIAN_POINT('Ctrl Pts',(942.918061189837,309.211619424008,109.471007448298));
#6875=CARTESIAN_POINT('Ctrl Pts',(942.051692263433,313.900380577788,113.501948001777));
#6876=CARTESIAN_POINT('Ctrl Pts',(941.638448338521,319.28066928722,116.22365752214));
#6877=CARTESIAN_POINT('Ctrl Pts',(941.551214205927,323.911531443363,117.384014562303));
#6878=CARTESIAN_POINT('Ctrl Pts',(941.585445648773,326.3377315448,117.613928649421));
#6879=CARTESIAN_POINT('Ctrl Pts',(941.621486096497,327.578818114918,117.639637064551));
#6880=CARTESIAN_POINT('Ctrl Pts',(1020.99999999997,280.397624519306,59.50720175379));
#6881=CARTESIAN_POINT('Ctrl Pts',(1012.40685362524,280.652614674121,59.4258121096793));
#6882=CARTESIAN_POINT('Ctrl Pts',(1000.90247793155,281.280025773669,60.1284207188424));
#6883=CARTESIAN_POINT('Ctrl Pts',(988.182616122039,282.591008317533,62.5883966659628));
#6884=CARTESIAN_POINT('Ctrl Pts',(979.871389627629,283.802769898797,65.1250792400069));
#6885=CARTESIAN_POINT('Ctrl Pts',(972.702646438159,285.234507529527,68.2758998785611));
#6886=CARTESIAN_POINT('Ctrl Pts',(968.619216057402,286.329681404234,70.72383680365));
#6887=CARTESIAN_POINT('Ctrl Pts',(965.368794079246,287.332525689125,72.9559158783357));
#6888=CARTESIAN_POINT('Ctrl Pts',(962.802008631978,288.210875393064,74.9053887896434));
#6889=CARTESIAN_POINT('Ctrl Pts',(958.277156061623,290.106434271861,79.0443359946315));
#6890=CARTESIAN_POINT('Ctrl Pts',(953.665722328872,292.730403739429,84.5635292955542));
#6891=CARTESIAN_POINT('Ctrl Pts',(949.623349260694,296.182997471324,91.2127632828815));
#6892=CARTESIAN_POINT('Ctrl Pts',(946.710440529652,299.904210977288,97.5508193951547));
#6893=CARTESIAN_POINT('Ctrl Pts',(944.993511583708,303.207223759252,102.354278975087));
#6894=CARTESIAN_POINT('Ctrl Pts',(943.930573880725,306.030496655872,105.865972124655));
#6895=CARTESIAN_POINT('Ctrl Pts',(942.956008949786,309.309695511148,109.481876182714));
#6896=CARTESIAN_POINT('Ctrl Pts',(942.08847627863,313.981819584175,113.506007226621));
#6897=CARTESIAN_POINT('Ctrl Pts',(941.675864892492,319.345928482433,116.224217438327));
#6898=CARTESIAN_POINT('Ctrl Pts',(941.589893246277,323.964766853729,117.383760651809));
#6899=CARTESIAN_POINT('Ctrl Pts',(941.624933576,326.38531042573,117.61386200677));
#6900=CARTESIAN_POINT('Ctrl Pts',(941.66140387668,327.623670107188,117.639793628175));
#6901=CARTESIAN_POINT('Ctrl Pts',(1020.99999999997,280.660269087826,59.725610184326));
#6902=CARTESIAN_POINT('Ctrl Pts',(1012.42582122876,280.914630954661,59.6347773846284));
#6903=CARTESIAN_POINT('Ctrl Pts',(1000.94456974136,281.539459804548,60.321716455134));
#6904=CARTESIAN_POINT('Ctrl Pts',(988.245609664261,282.844107077137,62.7582931276608));
#6905=CARTESIAN_POINT('Ctrl Pts',(979.945451102807,284.04978743222,65.276455935085));
#6906=CARTESIAN_POINT('Ctrl Pts',(972.783567965972,285.474231964564,68.408122266512));
#6907=CARTESIAN_POINT('Ctrl Pts',(968.702207014367,286.563815098924,70.843134295495));
#6908=CARTESIAN_POINT('Ctrl Pts',(965.452623586898,287.561556656085,73.0641264396393));
#6909=CARTESIAN_POINT('Ctrl Pts',(962.885967453855,288.435446711635,75.0043181993922));
#6910=CARTESIAN_POINT('Ctrl Pts',(958.359475722113,290.321463865689,79.1250966916246));
#6911=CARTESIAN_POINT('Ctrl Pts',(953.743197981412,292.932455089411,84.6227929455651));
#6912=CARTESIAN_POINT('Ctrl Pts',(949.693099804478,296.36856889185,91.2503399724787));
#6913=CARTESIAN_POINT('Ctrl Pts',(946.772755970436,300.072771819427,97.5719550675211));
#6914=CARTESIAN_POINT('Ctrl Pts',(945.050609412418,303.361408756155,102.365517550808));
#6915=CARTESIAN_POINT('Ctrl Pts',(943.984357958391,306.172905152853,105.871204311682));
#6916=CARTESIAN_POINT('Ctrl Pts',(943.006857113708,309.43882226473,109.481774052658));
#6917=CARTESIAN_POINT('Ctrl Pts',(942.137412786111,314.092986832615,113.501756852219));
#6918=CARTESIAN_POINT('Ctrl Pts',(941.725130147974,319.438038824382,116.219833234206));
#6919=CARTESIAN_POINT('Ctrl Pts',(941.640282115129,324.041456082422,117.381426533185));
#6920=CARTESIAN_POINT('Ctrl Pts',(941.676060180461,326.454248834745,117.613156252856));
#6921=CARTESIAN_POINT('Ctrl Pts',(941.712914954827,327.688728168498,117.640020724571));
#6922=CARTESIAN_POINT('Ctrl Pts',(1020.99999999996,280.954374729593,59.9257279385527));
#6923=CARTESIAN_POINT('Ctrl Pts',(1012.44680413867,281.207862076804,59.8258747099815));
#6924=CARTESIAN_POINT('Ctrl Pts',(1000.99125211391,281.82979860584,60.4975436901688));
#6925=CARTESIAN_POINT('Ctrl Pts',(988.315701193359,283.12774810824,62.9108574293113));
#6926=CARTESIAN_POINT('Ctrl Pts',(980.028050270411,284.327087296027,65.4104494333772));
#6927=CARTESIAN_POINT('Ctrl Pts',(972.87405059552,285.743976965652,68.5228060405149));
#6928=CARTESIAN_POINT('Ctrl Pts',(968.795186073719,286.827784680142,70.9447596649563));
#6929=CARTESIAN_POINT('Ctrl Pts',(965.546709243475,287.820255796308,73.1545552106112));
#6930=CARTESIAN_POINT('Ctrl Pts',(962.980346775293,288.689540119707,75.0853770744416));
#6931=CARTESIAN_POINT('Ctrl Pts',(958.452341792116,290.565696333691,79.1878590024365));
#6932=CARTESIAN_POINT('Ctrl Pts',(953.831074440958,293.163247131147,84.6640606278756));
#6933=CARTESIAN_POINT('Ctrl Pts',(949.772837251431,296.582198088526,91.2703991029075));
#6934=CARTESIAN_POINT('Ctrl Pts',(946.844623642295,300.268544634959,97.576693671391));
#6935=CARTESIAN_POINT('Ctrl Pts',(945.116926520254,303.541943019327,102.361755569801));
#6936=CARTESIAN_POINT('Ctrl Pts',(944.047123383943,306.340841967876,105.86283116321));
#6937=CARTESIAN_POINT('Ctrl Pts',(943.066445693878,309.59245731671,109.469817209711));
#6938=CARTESIAN_POINT('Ctrl Pts',(942.194830836209,314.227044113059,113.488407976166));
#6939=CARTESIAN_POINT('Ctrl Pts',(941.78250594014,319.550872564164,116.209846826661));
#6940=CARTESIAN_POINT('Ctrl Pts',(941.698286021047,324.136787951058,117.376628313549));
#6941=CARTESIAN_POINT('Ctrl Pts',(941.734461845258,326.540665268488,117.611654786637));
#6942=CARTESIAN_POINT('Ctrl Pts',(941.771501325229,327.770648916689,117.640306683088));
#6943=CARTESIAN_POINT('Ctrl Pts',(1020.99999999996,281.289163128545,60.140351673368));
#6944=CARTESIAN_POINT('Ctrl Pts',(1012.46477897141,281.541807555249,60.0335370233706));
#6945=CARTESIAN_POINT('Ctrl Pts',(1001.03126371765,282.159909217504,60.6921644653778));
#6946=CARTESIAN_POINT('Ctrl Pts',(988.375836385106,283.448382198292,63.0838713634281));
#6947=CARTESIAN_POINT('Ctrl Pts',(980.098959082642,284.638644616315,65.5655397669315));
#6948=CARTESIAN_POINT('Ctrl Pts',(972.951775332565,286.04470289217,68.6587040306059));
#6949=CARTESIAN_POINT('Ctrl Pts',(968.875088800709,287.120263453908,71.0673579930291));
#6950=CARTESIAN_POINT('Ctrl Pts',(965.6275916543,288.10524047531,73.2656248189817));
#6951=CARTESIAN_POINT('Ctrl Pts',(963.061506066492,288.967994190805,75.1867219294938));
#6952=CARTESIAN_POINT('Ctrl Pts',(958.532249631021,290.830270836951,79.2699147983537));
#6953=CARTESIAN_POINT('Ctrl Pts',(953.906753427085,293.409145584263,84.7228866778044));
#6954=CARTESIAN_POINT('Ctrl Pts',(949.841579846561,296.804817493838,91.3053226666996));
#6955=CARTESIAN_POINT('Ctrl Pts',(946.906640215301,300.467673953522,97.5931470674598));
#6956=CARTESIAN_POINT('Ctrl Pts',(945.174172779162,303.72174439009,102.366995510967));
#6957=CARTESIAN_POINT('Ctrl Pts',(944.101288940967,306.505198571904,105.861345879863));
#6958=CARTESIAN_POINT('Ctrl Pts',(943.117823997107,309.739711178227,109.462496926113));
#6959=CARTESIAN_POINT('Ctrl Pts',(942.244201674473,314.351965904976,113.47707715487));
#6960=CARTESIAN_POINT('Ctrl Pts',(941.831541480542,319.653575610188,116.200127660304));
#6961=CARTESIAN_POINT('Ctrl Pts',(941.74749696384,324.222579815025,117.371571110552));
#6962=CARTESIAN_POINT('Ctrl Pts',(941.783784438296,326.618343257973,117.609979278295));
#6963=CARTESIAN_POINT('Ctrl Pts',(941.820854400848,327.844369279622,117.640564016745));
#6964=CARTESIAN_POINT('Ctrl Pts',(1020.99999999996,281.561423780593,60.3101399541053));
#6965=CARTESIAN_POINT('Ctrl Pts',(1012.47884347383,281.813364778508,60.1982271817549));
#6966=CARTESIAN_POINT('Ctrl Pts',(1001.06257567886,282.428275347664,60.8469638113605));
#6967=CARTESIAN_POINT('Ctrl Pts',(988.422884085524,283.708877793299,63.2218393408212));
#6968=CARTESIAN_POINT('Ctrl Pts',(980.154422375363,284.891608408648,65.6893938616899));
#6969=CARTESIAN_POINT('Ctrl Pts',(973.012548235668,286.288686377881,68.7673283073853));
#6970=CARTESIAN_POINT('Ctrl Pts',(968.93754388955,287.357415090328,71.1653684862734));
#6971=CARTESIAN_POINT('Ctrl Pts',(965.690791337829,288.336187109734,73.3544143845071));
#6972=CARTESIAN_POINT('Ctrl Pts',(963.124902105826,289.193535302779,75.2677210678229));
#6973=CARTESIAN_POINT('Ctrl Pts',(958.594619588714,291.044331589737,79.3354192967337));
#6974=CARTESIAN_POINT('Ctrl Pts',(953.965745771035,293.607775453167,84.7696626787748));
#6975=CARTESIAN_POINT('Ctrl Pts',(949.89505321238,296.984247966946,91.332747328513));
#6976=CARTESIAN_POINT('Ctrl Pts',(946.954754610529,300.627773453897,97.6055547739958));
#6977=CARTESIAN_POINT('Ctrl Pts',(945.218468481319,303.8659797991,102.370263624645));
#6978=CARTESIAN_POINT('Ctrl Pts',(944.143098138293,306.636788656763,105.859138774453));
#6979=CARTESIAN_POINT('Ctrl Pts',(943.15736166954,309.857324767283,109.455554980865));
#6980=CARTESIAN_POINT('Ctrl Pts',(942.28203187896,314.451396514303,113.466948082651));
#6981=CARTESIAN_POINT('Ctrl Pts',(941.868923470469,319.735044555561,116.191543120431));
#6982=CARTESIAN_POINT('Ctrl Pts',(941.78482832293,324.290477133748,117.367105816578));
#6983=CARTESIAN_POINT('Ctrl Pts',(941.821093937491,326.679767067685,117.608484557801));
#6984=CARTESIAN_POINT('Ctrl Pts',(941.858128604006,327.902646422207,117.640767443174));
#6985=CARTESIAN_POINT('Ctrl Pts',(1020.99999999995,281.835154967494,60.4758712696017));
#6986=CARTESIAN_POINT('Ctrl Pts',(1012.49348890191,282.086322737612,60.3589859449229));
#6987=CARTESIAN_POINT('Ctrl Pts',(1001.09515953759,282.698027538955,60.997926169204));
#6988=CARTESIAN_POINT('Ctrl Pts',(988.471795848749,283.970872397302,63.3559563706427));
#6989=CARTESIAN_POINT('Ctrl Pts',(980.212035937935,285.146210083773,65.8093277856344));
#6990=CARTESIAN_POINT('Ctrl Pts',(973.075613353952,286.534489373559,68.8719222513399));
#6991=CARTESIAN_POINT('Ctrl Pts',(969.002298456177,287.596528064233,71.2592600319619));
#6992=CARTESIAN_POINT('Ctrl Pts',(965.756263349877,288.569222955932,73.4390080330742));
#6993=CARTESIAN_POINT('Ctrl Pts',(963.19052735365,289.421276507279,75.3444592362374));
#6994=CARTESIAN_POINT('Ctrl Pts',(958.659065000432,291.260821983258,79.3965425969548));
#6995=CARTESIAN_POINT('Ctrl Pts',(954.026521084616,293.809125626191,84.8119473237759));
#6996=CARTESIAN_POINT('Ctrl Pts',(949.949890094677,297.166708624644,91.3556839016599));
#6997=CARTESIAN_POINT('Ctrl Pts',(947.003819971744,300.791141814601,97.6136666107792));
#6998=CARTESIAN_POINT('Ctrl Pts',(945.263399271666,304.013602948798,102.369537311006));
#6999=CARTESIAN_POINT('Ctrl Pts',(944.185311109849,306.77180085094,105.853264203783));
#7000=CARTESIAN_POINT('Ctrl Pts',(943.197064203136,309.978347457054,109.445371689488));
#7001=CARTESIAN_POINT('Ctrl Pts',(942.319759520479,314.554087939824,113.454282382431));
#7002=CARTESIAN_POINT('Ctrl Pts',(941.905961174197,319.81937201899,116.181366609319));
#7003=CARTESIAN_POINT('Ctrl Pts',(941.821615022169,324.360729519054,117.361925570528));
#7004=CARTESIAN_POINT('Ctrl Pts',(941.85775049525,326.74322856022,117.606750053163));
#7005=CARTESIAN_POINT('Ctrl Pts',(941.894692429546,327.962784802638,117.640977366576));
#7006=CARTESIAN_POINT('Ctrl Pts',(1020.99999999995,282.092378020818,60.6241396758484));
#7007=CARTESIAN_POINT('Ctrl Pts',(1012.50870678072,282.342703470277,60.5024048869747));
#7008=CARTESIAN_POINT('Ctrl Pts',(1001.12898560673,282.951459970546,61.1318621214001));
#7009=CARTESIAN_POINT('Ctrl Pts',(988.522489299392,284.217451321598,63.4736680576185));
#7010=CARTESIAN_POINT('Ctrl Pts',(980.271669972755,285.38631470403,65.9134145725959));
#7011=CARTESIAN_POINT('Ctrl Pts',(973.140785739219,286.766914875692,68.9613135706247));
#7012=CARTESIAN_POINT('Ctrl Pts',(969.069126987033,287.823117445303,71.3384334429077));
#7013=CARTESIAN_POINT('Ctrl Pts',(965.823745891988,288.790506513572,73.509324313937));
#7014=CARTESIAN_POINT('Ctrl Pts',(963.258088711394,289.637934920245,75.4073044515316));
#7015=CARTESIAN_POINT('Ctrl Pts',(958.72522771007,291.467633626658,79.4445974009082));
#7016=CARTESIAN_POINT('Ctrl Pts',(954.088636418053,294.002636472497,84.8422982075279));
#7017=CARTESIAN_POINT('Ctrl Pts',(950.005546632813,297.343491589634,91.368176278724));
#7018=CARTESIAN_POINT('Ctrl Pts',(947.053196114232,300.950834536769,97.6129387392417));
#7019=CARTESIAN_POINT('Ctrl Pts',(945.308251288093,304.15901265891,102.361346009665));
#7020=CARTESIAN_POINT('Ctrl Pts',(944.227159466226,306.905624201843,105.841041038805));
#7021=CARTESIAN_POINT('Ctrl Pts',(943.236106669979,310.099195098864,109.430083075402));
#7022=CARTESIAN_POINT('Ctrl Pts',(942.356495302831,314.657617670491,113.438136901501));
#7023=CARTESIAN_POINT('Ctrl Pts',(941.941720805892,319.904944865466,116.169288560301));
#7024=CARTESIAN_POINT('Ctrl Pts',(941.856905282735,324.43207212388,117.35598527974));
#7025=CARTESIAN_POINT('Ctrl Pts',(941.892800001149,326.807527030863,117.604774316177));
#7026=CARTESIAN_POINT('Ctrl Pts',(941.929592318063,328.023585782515,117.641189602895));
#7027=CARTESIAN_POINT('Ctrl Pts',(1020.99999999995,282.339072348881,60.7564870494105));
#7028=CARTESIAN_POINT('Ctrl Pts',(1012.5244860406,282.588486775057,60.6300212018739));
#7029=CARTESIAN_POINT('Ctrl Pts',(1001.16402872636,283.194439938358,61.2502888040401));
#7030=CARTESIAN_POINT('Ctrl Pts',(988.574896917207,284.454149389793,63.5764199983508));
#7031=CARTESIAN_POINT('Ctrl Pts',(980.333221239882,285.617129222571,66.0030319366602));
#7032=CARTESIAN_POINT('Ctrl Pts',(973.207920421403,286.990775006714,69.0367974636254));
#7033=CARTESIAN_POINT('Ctrl Pts',(969.137854322357,288.041695531349,71.4041215752775));
#7034=CARTESIAN_POINT('Ctrl Pts',(965.893036858057,289.004279162908,73.5665395513798));
#7035=CARTESIAN_POINT('Ctrl Pts',(963.327360842288,289.847516681723,75.4573839300286));
#7036=CARTESIAN_POINT('Ctrl Pts',(958.792834340924,291.668278139849,79.4806073597513));
#7037=CARTESIAN_POINT('Ctrl Pts',(954.151756095105,294.191167685103,84.8616016797829));
#7038=CARTESIAN_POINT('Ctrl Pts',(950.061613045646,297.516677534638,91.3709448754148));
#7039=CARTESIAN_POINT('Ctrl Pts',(947.102402452535,301.108191309251,97.6039309923353));
#7040=CARTESIAN_POINT('Ctrl Pts',(945.352489652516,304.302985115965,102.346125226977));
#7041=CARTESIAN_POINT('Ctrl Pts',(944.268068036768,307.038620331452,105.822811918143));
#7042=CARTESIAN_POINT('Ctrl Pts',(943.273872307931,310.219800313645,109.409934622183));
#7043=CARTESIAN_POINT('Ctrl Pts',(942.391574867155,314.761435024565,113.418644989748));
#7044=CARTESIAN_POINT('Ctrl Pts',(941.975505009929,319.990880643857,116.155358914772));
#7045=CARTESIAN_POINT('Ctrl Pts',(941.889988641669,324.503485217914,117.349294129144));
#7046=CARTESIAN_POINT('Ctrl Pts',(941.925530660497,326.871621052493,117.602556670801));
#7047=CARTESIAN_POINT('Ctrl Pts',(941.962116952315,328.084010028633,117.64140052416));
#7048=CARTESIAN_POINT('Ctrl Pts',(1020.99999999994,282.594972253301,60.8830459762578));
#7049=CARTESIAN_POINT('Ctrl Pts',(1012.54082660621,282.843408682353,60.7519721178369));
#7050=CARTESIAN_POINT('Ctrl Pts',(1001.20026641289,283.446370701438,61.36317274108));
#7051=CARTESIAN_POINT('Ctrl Pts',(988.628973878857,284.69939993391,63.6737056775559));
#7052=CARTESIAN_POINT('Ctrl Pts',(980.396622495597,285.856129851526,66.0872040667518));
#7053=CARTESIAN_POINT('Ctrl Pts',(973.276927224993,287.222394344126,69.1068351229752));
#7054=CARTESIAN_POINT('Ctrl Pts',(969.208373581293,288.267712408626,71.4643576416339));
#7055=CARTESIAN_POINT('Ctrl Pts',(965.964014761857,289.225200775528,73.6183003594832));
#7056=CARTESIAN_POINT('Ctrl Pts',(963.398209906403,290.063995626577,75.502008578841));
#7057=CARTESIAN_POINT('Ctrl Pts',(958.861725660715,291.875286968169,79.5111773634387));
#7058=CARTESIAN_POINT('Ctrl Pts',(954.215688212053,294.385348871329,84.8755309805076));
#7059=CARTESIAN_POINT('Ctrl Pts',(950.117859097631,297.694623063294,91.368547157893));
#7060=CARTESIAN_POINT('Ctrl Pts',(947.151171993217,301.269405542295,97.5901360935579));
#7061=CARTESIAN_POINT('Ctrl Pts',(945.395819196324,304.450067384278,102.32655510143));
#7062=CARTESIAN_POINT('Ctrl Pts',(944.307720797444,307.174124049828,105.800657099331));
#7063=CARTESIAN_POINT('Ctrl Pts',(943.31002281931,310.342242020962,109.386383730676));
#7064=CARTESIAN_POINT('Ctrl Pts',(942.424634640391,314.866201593763,113.396557526325));
#7065=CARTESIAN_POINT('Ctrl Pts',(942.006933305915,320.076861009287,116.139834365022));
#7066=CARTESIAN_POINT('Ctrl Pts',(941.920478378823,324.574237240747,117.341893786177));
#7067=CARTESIAN_POINT('Ctrl Pts',(941.955555055279,326.934708853693,117.600096361586));
#7068=CARTESIAN_POINT('Ctrl Pts',(941.99187970347,328.143257746526,117.64160733855));
#7069=CARTESIAN_POINT('Ctrl Pts',(1020.99999999994,282.83471354968,60.9941480964502));
#7070=CARTESIAN_POINT('Ctrl Pts',(1012.5549013847,283.082279386489,60.8593321121018));
#7071=CARTESIAN_POINT('Ctrl Pts',(1001.231448477,283.682282151416,61.4629149474343));
#7072=CARTESIAN_POINT('Ctrl Pts',(988.675409044693,284.928503748249,63.7600200747432));
#7073=CARTESIAN_POINT('Ctrl Pts',(980.450975514927,286.078824027503,66.1621246245116));
#7074=CARTESIAN_POINT('Ctrl Pts',(973.335967267842,287.437503230903,69.1693935869394));
#7075=CARTESIAN_POINT('Ctrl Pts',(969.268606423183,288.477066703612,71.5183012812434));
#7076=CARTESIAN_POINT('Ctrl Pts',(966.024541907806,289.429327573091,73.6647797568065));
#7077=CARTESIAN_POINT('Ctrl Pts',(963.458537781817,290.263567952921,75.5421939252103));
#7078=CARTESIAN_POINT('Ctrl Pts',(958.920178739752,292.065172856281,79.5389332526038));
#7079=CARTESIAN_POINT('Ctrl Pts',(954.2696162264,294.562169009,84.8885117246915));
#7080=CARTESIAN_POINT('Ctrl Pts',(950.164856371515,297.85504298185,91.3669429480628));
#7081=CARTESIAN_POINT('Ctrl Pts',(947.191426495994,301.413105212213,97.5782510622577));
#7082=CARTESIAN_POINT('Ctrl Pts',(945.4311477111,304.579825553192,102.309383610629));
#7083=CARTESIAN_POINT('Ctrl Pts',(944.339696419461,307.292596169214,105.781065853888));
#7084=CARTESIAN_POINT('Ctrl Pts',(943.338780934526,310.448093752167,109.365423026556));
#7085=CARTESIAN_POINT('Ctrl Pts',(942.450479902374,314.955256920282,113.376761307104));
#7086=CARTESIAN_POINT('Ctrl Pts',(942.031138864738,320.148589143403,116.125831637131));
#7087=CARTESIAN_POINT('Ctrl Pts',(941.943704469464,324.632299590169,117.335178095555));
#7088=CARTESIAN_POINT('Ctrl Pts',(941.978300492512,326.986030388522,117.597844982134));
#7089=CARTESIAN_POINT('Ctrl Pts',(942.014361128221,328.191239043165,117.641774825551));
#7090=CARTESIAN_POINT('Ctrl Pts',(1020.99999999994,283.048900749942,61.0901987689913));
#7091=CARTESIAN_POINT('Ctrl Pts',(1012.56643773972,283.295737862309,60.9524518190095));
#7092=CARTESIAN_POINT('Ctrl Pts',(1001.25697779226,283.892985729907,61.5498364902434));
#7093=CARTESIAN_POINT('Ctrl Pts',(988.713377261786,285.132704518802,63.8357664484455));
#7094=CARTESIAN_POINT('Ctrl Pts',(980.495369357383,286.276867871091,66.2283010397047));
#7095=CARTESIAN_POINT('Ctrl Pts',(973.384126038477,287.628247301746,69.2251205974757));
#7096=CARTESIAN_POINT('Ctrl Pts',(969.317683551527,288.662273818649,71.5667087009884));
#7097=CARTESIAN_POINT('Ctrl Pts',(966.073806229341,289.609509211561,73.7068307429101));
#7098=CARTESIAN_POINT('Ctrl Pts',(963.507591635364,290.439373636605,75.578876154775));
#7099=CARTESIAN_POINT('Ctrl Pts',(958.967595601901,292.231687847996,79.5649783254353));
#7100=CARTESIAN_POINT('Ctrl Pts',(954.313189633254,294.716192994544,84.9018444924554));
#7101=CARTESIAN_POINT('Ctrl Pts',(950.202584585827,297.993492239859,91.3676038575259));
#7102=CARTESIAN_POINT('Ctrl Pts',(947.223467050973,301.535814999018,97.5698197063738));
#7103=CARTESIAN_POINT('Ctrl Pts',(945.459022455148,304.689553057619,102.296135096363));
#7104=CARTESIAN_POINT('Ctrl Pts',(944.364723281302,307.391922225998,105.765497655932));
#7105=CARTESIAN_POINT('Ctrl Pts',(943.361061990985,310.53587800909,109.348402460914));
#7106=CARTESIAN_POINT('Ctrl Pts',(942.470236932136,315.027907896768,113.360374402772));
#7107=CARTESIAN_POINT('Ctrl Pts',(942.049422437016,320.206060519892,116.114088654629));
#7108=CARTESIAN_POINT('Ctrl Pts',(941.961089265382,324.678121021216,117.32949365154));
#7109=CARTESIAN_POINT('Ctrl Pts',(941.995245707719,327.02622490437,117.595923671698));
#7110=CARTESIAN_POINT('Ctrl Pts',(942.03106799866,328.228678234552,117.641905513513));
#7111=CARTESIAN_POINT('Ctrl Pts',(1020.99999999994,283.391639113946,61.2410569389181));
#7112=CARTESIAN_POINT('Ctrl Pts',(1012.5840118147,283.637350472497,61.0989715237389));
#7113=CARTESIAN_POINT('Ctrl Pts',(1001.29585466284,284.230094798525,61.6869669948109));
#7114=CARTESIAN_POINT('Ctrl Pts',(988.771149743507,285.459047159324,63.9557183580839));
#7115=CARTESIAN_POINT('Ctrl Pts',(980.562876430221,286.592990035965,66.3334627631238));
#7116=CARTESIAN_POINT('Ctrl Pts',(973.457300838893,287.932241161535,69.3140709432441));
#7117=CARTESIAN_POINT('Ctrl Pts',(969.392204499313,288.957069134131,71.6442693770517));
#7118=CARTESIAN_POINT('Ctrl Pts',(966.148563799335,289.895959144353,73.7744873199967));
#7119=CARTESIAN_POINT('Ctrl Pts',(963.581985974939,290.718558754467,75.6381596238149));
#7120=CARTESIAN_POINT('Ctrl Pts',(959.039404992237,292.495461654668,79.6076408206416));
#7121=CARTESIAN_POINT('Ctrl Pts',(954.379020930786,294.959279329297,84.9245835298352));
#7122=CARTESIAN_POINT('Ctrl Pts',(950.259359994448,298.210866469088,91.3703753194738));
#7123=CARTESIAN_POINT('Ctrl Pts',(947.271429365541,301.727316419871,97.5581264790476));
#7124=CARTESIAN_POINT('Ctrl Pts',(945.500519875415,304.859828023682,102.276659020421));
#7125=CARTESIAN_POINT('Ctrl Pts',(944.401789675794,307.545278562425,105.742180591644));
#7126=CARTESIAN_POINT('Ctrl Pts',(943.393844832949,310.670534584086,109.32257314808));
#7127=CARTESIAN_POINT('Ctrl Pts',(942.49904750796,315.1382346654,113.335223327048));
#7128=CARTESIAN_POINT('Ctrl Pts',(942.075866121368,320.292346969171,116.09592838897));
#7129=CARTESIAN_POINT('Ctrl Pts',(941.986071932068,324.746236224413,117.320655305134));
#7130=CARTESIAN_POINT('Ctrl Pts',(942.019514828798,327.085669728293,117.592922645776));
#7131=CARTESIAN_POINT('Ctrl Pts',(942.054952467444,328.283907506274,117.642098300823));
#7132=CARTESIAN_POINT('Ctrl Pts',(1020.99999999992,283.988461190139,61.4944591225622));
#7133=CARTESIAN_POINT('Ctrl Pts',(1012.61136693463,284.232361002925,61.3460736295747));
#7134=CARTESIAN_POINT('Ctrl Pts',(1001.35634987888,284.81692191368,61.9196246905986));
#7135=CARTESIAN_POINT('Ctrl Pts',(988.860882721566,286.025816423323,64.1609683463626));
#7136=CARTESIAN_POINT('Ctrl Pts',(980.667585845342,287.140624072494,66.5148217324759));
#7137=CARTESIAN_POINT('Ctrl Pts',(973.570604461391,288.457129435229,69.4690073339614));
#7138=CARTESIAN_POINT('Ctrl Pts',(969.507423913482,289.464709144727,71.7805145714958));
#7139=CARTESIAN_POINT('Ctrl Pts',(966.263985643165,290.387962702962,73.8944289970244));
#7140=CARTESIAN_POINT('Ctrl Pts',(963.69669619602,291.196957279405,75.7442879593587));
#7141=CARTESIAN_POINT('Ctrl Pts',(959.14977726832,292.945043903073,79.6862296213438));
#7142=CARTESIAN_POINT('Ctrl Pts',(954.479661685059,295.370294183302,84.969930617692));
#7143=CARTESIAN_POINT('Ctrl Pts',(950.345377358205,298.574237708721,91.3819906625853));
#7144=CARTESIAN_POINT('Ctrl Pts',(947.343209686789,302.043140244497,97.544771243627));
#7145=CARTESIAN_POINT('Ctrl Pts',(945.561821119591,305.137048805585,102.249405109695));
#7146=CARTESIAN_POINT('Ctrl Pts',(944.455868296075,307.792045586354,105.707708867019));
#7147=CARTESIAN_POINT('Ctrl Pts',(943.440902278204,310.883907045618,109.282976471775));
#7148=CARTESIAN_POINT('Ctrl Pts',(942.539472571912,315.308839454588,113.295502196445));
#7149=CARTESIAN_POINT('Ctrl Pts',(942.112169778178,320.422017122372,116.066696922528));
#7150=CARTESIAN_POINT('Ctrl Pts',(942.019768779531,324.845995957742,117.306241081978));
#7151=CARTESIAN_POINT('Ctrl Pts',(942.05194086155,327.171556151258,117.58797757263));
#7152=CARTESIAN_POINT('Ctrl Pts',(942.086700031128,328.363163011404,117.642374955848));
#7153=CARTESIAN_POINT('Ctrl Pts',(1020.99999999991,284.588663826183,61.7292727983575));
#7154=CARTESIAN_POINT('Ctrl Pts',(1012.63868948946,284.830675031691,61.57526500629));
#7155=CARTESIAN_POINT('Ctrl Pts',(1001.41673908631,285.406815618788,62.1353424129582));
#7156=CARTESIAN_POINT('Ctrl Pts',(988.950351404185,286.595139077022,64.3504960820697));
#7157=CARTESIAN_POINT('Ctrl Pts',(980.771884129632,287.690339833011,66.6813414428481));
#7158=CARTESIAN_POINT('Ctrl Pts',(973.683322112846,288.983552640705,69.6099636084945));
#7159=CARTESIAN_POINT('Ctrl Pts',(969.62192317002,289.973477314595,71.9033417800072));
#7160=CARTESIAN_POINT('Ctrl Pts',(966.37856435075,290.880728775242,74.0014350776659));
#7161=CARTESIAN_POINT('Ctrl Pts',(963.810455505859,291.675801969831,75.8378846817896));
#7162=CARTESIAN_POINT('Ctrl Pts',(959.258967456487,293.394409414793,79.753093234391));
#7163=CARTESIAN_POINT('Ctrl Pts',(954.578805819526,295.780218208351,85.0045656330033));
#7164=CARTESIAN_POINT('Ctrl Pts',(950.429501760819,298.935460607565,91.3841106675932));
#7165=CARTESIAN_POINT('Ctrl Pts',(947.412693813003,302.355784909479,97.5231589687995));
#7166=CARTESIAN_POINT('Ctrl Pts',(945.620487061461,305.410276494562,102.214947028488));
#7167=CARTESIAN_POINT('Ctrl Pts',(944.507033080019,308.034194515446,105.666909350904));
#7168=CARTESIAN_POINT('Ctrl Pts',(943.484730578821,311.091990405002,109.238053823288));
#7169=CARTESIAN_POINT('Ctrl Pts',(942.576237571421,315.47333250815,113.25184785935));
#7170=CARTESIAN_POINT('Ctrl Pts',(942.144334135256,320.544860638946,116.035088220702));
#7171=CARTESIAN_POINT('Ctrl Pts',(942.048914845195,324.938464792956,117.290767630277));
#7172=CARTESIAN_POINT('Ctrl Pts',(942.07959938021,327.249959482441,117.582657620107));
#7173=CARTESIAN_POINT('Ctrl Pts',(942.113568471741,328.434850363726,117.642625192929));
#7174=CARTESIAN_POINT('Ctrl Pts',(1020.99999999991,284.92704307092,61.8523062991001));
#7175=CARTESIAN_POINT('Ctrl Pts',(1012.65525313003,285.167887726739,61.6951081043178));
#7176=CARTESIAN_POINT('Ctrl Pts',(1001.45332252227,285.73930460823,62.2475234170936));
#7177=CARTESIAN_POINT('Ctrl Pts',(989.004557769538,286.91632787778,64.4478226118051));
#7178=CARTESIAN_POINT('Ctrl Pts',(980.835071809749,288.000805929025,66.7656246942924));
#7179=CARTESIAN_POINT('Ctrl Pts',(973.751607640889,289.28130464355,69.6797786121204));
#7180=CARTESIAN_POINT('Ctrl Pts',(969.691283148372,290.261596678434,71.9629190988752));
#7181=CARTESIAN_POINT('Ctrl Pts',(966.447967203123,291.160114919422,74.0520937511222));
#7182=CARTESIAN_POINT('Ctrl Pts',(963.879356969348,291.947589139657,75.8809935340686));
#7183=CARTESIAN_POINT('Ctrl Pts',(959.325087774471,293.650093240498,79.7812004373476));
#7184=CARTESIAN_POINT('Ctrl Pts',(954.638818075226,296.01432227946,85.0147075859669));
#7185=CARTESIAN_POINT('Ctrl Pts',(950.480381094708,299.142823286615,91.376421293207));
#7186=CARTESIAN_POINT('Ctrl Pts',(947.454662844221,302.536339703275,97.5028952414098));
#7187=CARTESIAN_POINT('Ctrl Pts',(945.655860932461,305.56893821052,102.188308955956));
#7188=CARTESIAN_POINT('Ctrl Pts',(944.537823393093,308.175483212381,105.637498368831));
#7189=CARTESIAN_POINT('Ctrl Pts',(943.511026483834,311.214141552431,109.207281686115));
#7190=CARTESIAN_POINT('Ctrl Pts',(942.598175522219,315.57074956199,113.22320950216));
#7191=CARTESIAN_POINT('Ctrl Pts',(942.163375268152,320.618158885807,116.014880193761));
#7192=CARTESIAN_POINT('Ctrl Pts',(942.066016858096,324.993782188883,117.281021579284));
#7193=CARTESIAN_POINT('Ctrl Pts',(942.095735677731,327.296793901253,117.579322783579));
#7194=CARTESIAN_POINT('Ctrl Pts',(942.12919208497,328.477587880555,117.642774375611));
#7195=CARTESIAN_POINT('Ctrl Pts',(1020.99999999991,285.02781937636,61.8883520902404));
#7196=CARTESIAN_POINT('Ctrl Pts',(1012.66025468643,285.268310350255,61.7302043776637));
#7197=CARTESIAN_POINT('Ctrl Pts',(1001.46436808325,285.838321868014,62.2803365585329));
#7198=CARTESIAN_POINT('Ctrl Pts',(989.020924566748,287.011997963482,64.4762094499521));
#7199=CARTESIAN_POINT('Ctrl Pts',(980.854150243817,288.093302930046,66.7901247546948));
#7200=CARTESIAN_POINT('Ctrl Pts',(973.772225149798,289.370040813032,69.699968250374));
#7201=CARTESIAN_POINT('Ctrl Pts',(969.712224815121,290.34748379633,71.9800598907657));
#7202=CARTESIAN_POINT('Ctrl Pts',(966.468921531782,291.243418861949,74.0665794057145));
#7203=CARTESIAN_POINT('Ctrl Pts',(963.900159638896,292.028645322844,75.8932320865386));
#7204=CARTESIAN_POINT('Ctrl Pts',(959.345049992707,293.726385343302,79.7889768723561));
#7205=CARTESIAN_POINT('Ctrl Pts',(954.656934811942,296.08422800732,85.0171476031221));
#7206=CARTESIAN_POINT('Ctrl Pts',(950.495738317287,299.204809154294,91.3735826588979));
#7207=CARTESIAN_POINT('Ctrl Pts',(947.467327284783,302.590377698943,97.4963618000582));
#7208=CARTESIAN_POINT('Ctrl Pts',(945.666531534451,305.616476745238,102.179930641511));
#7209=CARTESIAN_POINT('Ctrl Pts',(944.547107619584,308.217857337228,105.628343607603));
#7210=CARTESIAN_POINT('Ctrl Pts',(943.518950581454,311.250820939699,109.197780812816));
#7211=CARTESIAN_POINT('Ctrl Pts',(942.604778810618,315.600053924957,113.214431400238));
#7212=CARTESIAN_POINT('Ctrl Pts',(942.169096880284,320.640242457771,116.008713876058));
#7213=CARTESIAN_POINT('Ctrl Pts',(942.071145869312,325.010459521864,117.278055514569));
#7214=CARTESIAN_POINT('Ctrl Pts',(942.100568958873,327.310911653162,117.578308762093));
#7215=CARTESIAN_POINT('Ctrl Pts',(942.13386836902,328.49046684092,117.642819331846));
#7216=CARTESIAN_POINT('Ctrl Pts',(1020.99999999991,285.12765971747,61.9234337274303));
#7217=CARTESIAN_POINT('Ctrl Pts',(1012.6652878998,285.367793221298,61.7643434889353));
#7218=CARTESIAN_POINT('Ctrl Pts',(1001.4754842168,285.936414665182,62.3122104019936));
#7219=CARTESIAN_POINT('Ctrl Pts',(989.037396198286,287.106796434349,64.5036915383658));
#7220=CARTESIAN_POINT('Ctrl Pts',(980.873351126313,288.184981910786,66.813751079129));
#7221=CARTESIAN_POINT('Ctrl Pts',(973.792975132949,289.458024208473,69.719319832503));
#7222=CARTESIAN_POINT('Ctrl Pts',(969.733301079531,290.432667879975,71.9963894111014));
#7223=CARTESIAN_POINT('Ctrl Pts',(966.490010525673,291.326064694498,74.0802781317618));
#7224=CARTESIAN_POINT('Ctrl Pts',(963.921095956989,292.109082386864,75.9047049306349));
#7225=CARTESIAN_POINT('Ctrl Pts',(959.365140251716,293.802140094966,79.7960330629783));
#7226=CARTESIAN_POINT('Ctrl Pts',(954.675167215567,296.153703516599,85.0189298642106));
#7227=CARTESIAN_POINT('Ctrl Pts',(950.511192378053,299.266490762841,91.3701681569758));
#7228=CARTESIAN_POINT('Ctrl Pts',(947.480069638709,302.644228216727,97.4893405530286));
#7229=CARTESIAN_POINT('Ctrl Pts',(945.677265325622,305.663913243561,102.171139952742));
#7230=CARTESIAN_POINT('Ctrl Pts',(944.556444128438,308.260189436033,105.618837770528));
#7231=CARTESIAN_POINT('Ctrl Pts',(943.526915621109,311.287517819319,109.187997184711));
#7232=CARTESIAN_POINT('Ctrl Pts',(942.611410106795,315.629435669667,113.205460044751));
#7233=CARTESIAN_POINT('Ctrl Pts',(942.174834173869,320.662428516336,116.002441572767));
#7234=CARTESIAN_POINT('Ctrl Pts',(942.076279840049,325.027231788898,117.275046961715));
#7235=CARTESIAN_POINT('Ctrl Pts',(942.105401258139,327.32511046042,117.577281316737));
#7236=CARTESIAN_POINT('Ctrl Pts',(942.138540468863,328.503417175151,117.642864537224));
#7237=CARTESIAN_POINT('Ctrl Pts',(1020.99999999991,285.325604227839,61.991762539701));
#7238=CARTESIAN_POINT('Ctrl Pts',(1012.67541738219,285.565015238111,61.8308011611388));
#7239=CARTESIAN_POINT('Ctrl Pts',(1001.49785730737,286.130885531102,62.3741718120277));
#7240=CARTESIAN_POINT('Ctrl Pts',(989.070548937561,287.294779635405,64.5569341869262));
#7241=CARTESIAN_POINT('Ctrl Pts',(980.911997860654,288.366828670701,66.8593399790436));
#7242=CARTESIAN_POINT('Ctrl Pts',(973.834740500311,289.63260468734,69.7564254897398));
#7243=CARTESIAN_POINT('Ctrl Pts',(969.77572358524,290.601744958847,72.0275006312241));
#7244=CARTESIAN_POINT('Ctrl Pts',(966.532458934417,291.490151273949,74.1061729373002));
#7245=CARTESIAN_POINT('Ctrl Pts',(963.963237255413,292.268826071563,75.9261873623542));
#7246=CARTESIAN_POINT('Ctrl Pts',(959.405578817134,293.952675671355,79.8087666936178));
#7247=CARTESIAN_POINT('Ctrl Pts',(954.711866145333,296.291885620886,85.0212321213988));
#7248=CARTESIAN_POINT('Ctrl Pts',(950.542297962655,299.389325934924,91.3622304563419));
#7249=CARTESIAN_POINT('Ctrl Pts',(947.505714901833,302.751624269873,97.4743556862568));
#7250=CARTESIAN_POINT('Ctrl Pts',(945.698864721595,305.758644167618,102.152759540638));
#7251=CARTESIAN_POINT('Ctrl Pts',(944.575227659156,308.34482572625,105.599144075775));
#7252=CARTESIAN_POINT('Ctrl Pts',(943.542934063024,311.360996657722,109.16787873349));
#7253=CARTESIAN_POINT('Ctrl Pts',(942.624735777444,315.688397227301,113.187138492305));
#7254=CARTESIAN_POINT('Ctrl Pts',(942.186347597539,320.707044309689,115.989687885062));
#7255=CARTESIAN_POINT('Ctrl Pts',(942.086565378335,325.061003056825,117.268945577363));
#7256=CARTESIAN_POINT('Ctrl Pts',(942.115071632893,327.353706808551,117.575199791295));
#7257=CARTESIAN_POINT('Ctrl Pts',(942.147884057516,328.529497278765,117.64295557433));
#7258=CARTESIAN_POINT('Ctrl Pts',(1020.99999999991,285.744708200213,62.129755771006));
#7259=CARTESIAN_POINT('Ctrl Pts',(1012.69770316399,285.982512824599,61.9648138788203));
#7260=CARTESIAN_POINT('Ctrl Pts',(1001.54709373664,286.542588141237,62.4986321728502));
#7261=CARTESIAN_POINT('Ctrl Pts',(989.143513099612,287.692997045117,64.662859950595));
#7262=CARTESIAN_POINT('Ctrl Pts',(980.997059564227,288.752329989006,66.9490018569616));
#7263=CARTESIAN_POINT('Ctrl Pts',(973.926671805694,290.003067803818,69.8280729630599));
#7264=CARTESIAN_POINT('Ctrl Pts',(969.869105244866,290.960821793717,72.0864348524979));
#7265=CARTESIAN_POINT('Ctrl Pts',(966.625900761564,291.838901052529,74.1540545769788));
#7266=CARTESIAN_POINT('Ctrl Pts',(964.056005584773,292.608587775299,75.9647265247133));
#7267=CARTESIAN_POINT('Ctrl Pts',(959.494603568045,294.273370490286,79.828816842682));
#7268=CARTESIAN_POINT('Ctrl Pts',(954.792663143967,296.586972857003,85.0193236403844));
#7269=CARTESIAN_POINT('Ctrl Pts',(950.61078274302,299.652523352874,91.3389809540494));
#7270=CARTESIAN_POINT('Ctrl Pts',(947.562174040281,302.982633035951,97.4367508649557));
#7271=CARTESIAN_POINT('Ctrl Pts',(945.746405831885,305.963135870847,102.108583362012));
#7272=CARTESIAN_POINT('Ctrl Pts',(944.616555006821,308.528094872767,105.552762866816));
#7273=CARTESIAN_POINT('Ctrl Pts',(943.57815326855,311.520735336517,109.121292558611));
#7274=CARTESIAN_POINT('Ctrl Pts',(942.653986773601,315.817330192263,113.145386392984));
#7275=CARTESIAN_POINT('Ctrl Pts',(942.211542832305,320.805167675939,115.960922922244));
#7276=CARTESIAN_POINT('Ctrl Pts',(942.108986189023,325.135549851192,117.25527066457));
#7277=CARTESIAN_POINT('Ctrl Pts',(942.136095970166,327.41689207957,117.570546665013));
#7278=CARTESIAN_POINT('Ctrl Pts',(942.168165810013,328.587126519542,117.643156739146));
#7279=CARTESIAN_POINT('Ctrl Pts',(1020.99999999991,286.23968612255,62.2754922951034));
#7280=CARTESIAN_POINT('Ctrl Pts',(1012.72610854991,286.475393231426,62.1058583869216));
#7281=CARTESIAN_POINT('Ctrl Pts',(1001.6099217598,287.028734402178,62.6284006500199));
#7282=CARTESIAN_POINT('Ctrl Pts',(989.236646036794,288.163957243941,64.7706071063995));
#7283=CARTESIAN_POINT('Ctrl Pts',(981.105670476052,289.20907854685,67.0374232523986));
#7284=CARTESIAN_POINT('Ctrl Pts',(974.044091527641,290.443062393636,69.8950990226146));
#7285=CARTESIAN_POINT('Ctrl Pts',(969.988407794787,291.388140994267,72.138394576044));
#7286=CARTESIAN_POINT('Ctrl Pts',(966.745307433545,292.254718856846,74.1929396883256));
#7287=CARTESIAN_POINT('Ctrl Pts',(964.174575479305,293.014392336893,75.9925747688388));
#7288=CARTESIAN_POINT('Ctrl Pts',(959.608440879608,294.65790713536,79.8349060034404));
#7289=CARTESIAN_POINT('Ctrl Pts',(954.896052886372,296.942870556548,84.9997799860248));
#7290=CARTESIAN_POINT('Ctrl Pts',(950.698506961136,299.972545932774,91.2950615849596));
#7291=CARTESIAN_POINT('Ctrl Pts',(947.634577241651,303.266152375322,97.3772783327968));
#7292=CARTESIAN_POINT('Ctrl Pts',(945.807425621721,306.216280304934,102.04289527597));
#7293=CARTESIAN_POINT('Ctrl Pts',(944.669624132214,308.756693071655,105.485919660202));
#7294=CARTESIAN_POINT('Ctrl Pts',(943.623390254309,311.721920410944,109.055963268168));
#7295=CARTESIAN_POINT('Ctrl Pts',(942.691517184161,315.982117655464,113.08838915593));
#7296=CARTESIAN_POINT('Ctrl Pts',(942.243723633107,320.932572564674,115.922351014307));
#7297=CARTESIAN_POINT('Ctrl Pts',(942.137427556416,325.233594099715,117.23713756673));
#7298=CARTESIAN_POINT('Ctrl Pts',(942.162634831426,327.500498441855,117.564410642122));
#7299=CARTESIAN_POINT('Ctrl Pts',(942.193689591132,328.663591197853,117.64342365231));
#7300=CARTESIAN_POINT('Ctrl Pts',(1020.99999999992,286.741290839569,62.4141023227068));
#7301=CARTESIAN_POINT('Ctrl Pts',(1012.75550778372,286.97478904348,62.2400168182676));
#7302=CARTESIAN_POINT('Ctrl Pts',(1001.67491522075,287.521401876561,62.7514439195869));
#7303=CARTESIAN_POINT('Ctrl Pts',(989.33305190655,288.641717635868,64.8716468256609));
#7304=CARTESIAN_POINT('Ctrl Pts',(981.218137092201,289.672945481879,67.1190462410485));
#7305=CARTESIAN_POINT('Ctrl Pts',(974.16573435362,290.890581846413,69.9551722555164));
#7306=CARTESIAN_POINT('Ctrl Pts',(970.112043037298,291.823299488574,72.1832722085729));
#7307=CARTESIAN_POINT('Ctrl Pts',(966.869089747624,292.67865930418,74.2246307256388));
#7308=CARTESIAN_POINT('Ctrl Pts',(964.297525905541,293.428565265303,76.0131340857697));
#7309=CARTESIAN_POINT('Ctrl Pts',(959.726562393246,295.051322013563,79.8335323376906));
#7310=CARTESIAN_POINT('Ctrl Pts',(955.003446533123,297.308297376238,84.9726204443424));
#7311=CARTESIAN_POINT('Ctrl Pts',(950.789775299176,300.302811305158,91.2435593905178));
#7312=CARTESIAN_POINT('Ctrl Pts',(947.710052982555,303.560498028029,97.3105597712383));
#7313=CARTESIAN_POINT('Ctrl Pts',(945.871147170581,306.480589019172,101.970472264403));
#7314=CARTESIAN_POINT('Ctrl Pts',(944.725118938028,308.996614914943,105.412892601673));
#7315=CARTESIAN_POINT('Ctrl Pts',(943.670762400135,311.934512078698,108.985166894348));
#7316=CARTESIAN_POINT('Ctrl Pts',(942.730849026638,316.15818121934,113.027109817665));
#7317=CARTESIAN_POINT('Ctrl Pts',(942.277370409757,321.070660537033,115.881093809999));
#7318=CARTESIAN_POINT('Ctrl Pts',(942.167023547052,325.341512210964,117.217808226029));
#7319=CARTESIAN_POINT('Ctrl Pts',(942.19014761443,327.593453419007,117.557884490824));
#7320=CARTESIAN_POINT('Ctrl Pts',(942.220089815001,328.749108720615,117.643722165991));
#7321=CARTESIAN_POINT('Ctrl Pts',(1020.99999999992,287.252171926471,62.5510448272623));
#7322=CARTESIAN_POINT('Ctrl Pts',(1012.78554393215,287.483386160122,62.3726525255813));
#7323=CARTESIAN_POINT('Ctrl Pts',(1001.74133533855,288.023206367181,62.8730400130404));
#7324=CARTESIAN_POINT('Ctrl Pts',(989.431602559755,289.128591323201,64.9711036568764));
#7325=CARTESIAN_POINT('Ctrl Pts',(981.333131526213,290.145931731545,67.19888925373));
#7326=CARTESIAN_POINT('Ctrl Pts',(974.29014223044,291.347242864629,70.0131948036368));
#7327=CARTESIAN_POINT('Ctrl Pts',(970.238513316595,292.267620306577,72.2258868383119));
#7328=CARTESIAN_POINT('Ctrl Pts',(966.99573324381,293.111780351098,74.2538695352355));
#7329=CARTESIAN_POINT('Ctrl Pts',(964.423338671987,293.851934375589,76.0310784668833));
#7330=CARTESIAN_POINT('Ctrl Pts',(959.847478895444,295.453961505692,79.8292181385786));
#7331=CARTESIAN_POINT('Ctrl Pts',(955.113445798242,297.682972284542,84.9421408555743));
#7332=CARTESIAN_POINT('Ctrl Pts',(950.883339877947,300.642310116836,91.1884253541983));
#7333=CARTESIAN_POINT('Ctrl Pts',(947.787507520581,303.864000086193,97.240112567687));
#7334=CARTESIAN_POINT('Ctrl Pts',(945.936597299534,306.753925487386,101.894413775412));
#7335=CARTESIAN_POINT('Ctrl Pts',(944.782155452373,309.24541069815,105.336413324257));
#7336=CARTESIAN_POINT('Ctrl Pts',(943.71948069156,312.155764522457,108.911204372449));
#7337=CARTESIAN_POINT('Ctrl Pts',(942.77130110747,316.342516866002,112.963234896475));
#7338=CARTESIAN_POINT('Ctrl Pts',(942.311910847003,321.216420821806,115.83814427919));
#7339=CARTESIAN_POINT('Ctrl Pts',(942.197305602974,325.456481482276,117.197703086796));
#7340=CARTESIAN_POINT('Ctrl Pts',(942.218227876204,327.693098137663,117.551104703333));
#7341=CARTESIAN_POINT('Ctrl Pts',(942.246992859412,328.841121712364,117.644043353228));
#7342=CARTESIAN_POINT('Ctrl Pts',(1020.99999999992,287.909649265916,62.720522595217));
#7343=CARTESIAN_POINT('Ctrl Pts',(1012.82425106972,288.137868206238,62.5370026966649));
#7344=CARTESIAN_POINT('Ctrl Pts',(1001.82699999548,288.669067688635,63.0237265223686));
#7345=CARTESIAN_POINT('Ctrl Pts',(989.558745908078,289.755704534157,65.0937962921385));
#7346=CARTESIAN_POINT('Ctrl Pts',(981.481535060205,290.75565749762,67.2966396063301));
#7347=CARTESIAN_POINT('Ctrl Pts',(974.450744015627,291.936555394096,70.0830921133264));
#7348=CARTESIAN_POINT('Ctrl Pts',(970.401818246286,292.841509653924,72.276074211732));
#7349=CARTESIAN_POINT('Ctrl Pts',(967.159298988718,293.671670974136,74.2869347679837));
#7350=CARTESIAN_POINT('Ctrl Pts',(964.585864413974,294.399635307694,76.0496792341505));
#7351=CARTESIAN_POINT('Ctrl Pts',(960.00375220791,295.97574296823,79.8192974040606));
#7352=CARTESIAN_POINT('Ctrl Pts',(955.255712536633,298.169762282096,84.8986841807345));
#7353=CARTESIAN_POINT('Ctrl Pts',(951.004478021552,301.085007872891,91.1134210113485));
#7354=CARTESIAN_POINT('Ctrl Pts',(947.887907353228,304.261468873021,97.1456406678435));
#7355=CARTESIAN_POINT('Ctrl Pts',(946.021517198421,307.113380306692,101.792987138185));
#7356=CARTESIAN_POINT('Ctrl Pts',(944.856203251576,309.573854228703,105.2347161561));
#7357=CARTESIAN_POINT('Ctrl Pts',(943.782759922429,312.449332121583,108.813096001027));
#7358=CARTESIAN_POINT('Ctrl Pts',(942.823817640995,316.589159911379,112.878694427664));
#7359=CARTESIAN_POINT('Ctrl Pts',(942.356608389232,321.413694463825,115.781362166297));
#7360=CARTESIAN_POINT('Ctrl Pts',(942.236291294286,325.614100589023,117.171142429174));
#7361=CARTESIAN_POINT('Ctrl Pts',(942.25424174159,327.830889989914,117.542164599448));
#7362=CARTESIAN_POINT('Ctrl Pts',(942.281415032412,328.969014928626,117.644489786584));
#7363=CARTESIAN_POINT('Ctrl Pts',(1020.99999999992,288.706754180278,62.9104769302536));
#7364=CARTESIAN_POINT('Ctrl Pts',(1012.87254740868,288.931166761674,62.7212413781842));
#7365=CARTESIAN_POINT('Ctrl Pts',(1001.93387076673,289.452100450679,63.1919165950769));
#7366=CARTESIAN_POINT('Ctrl Pts',(989.71739235052,290.516945018512,65.2284258659263));
#7367=CARTESIAN_POINT('Ctrl Pts',(981.666723459766,291.496811075009,67.4011767574589));
#7368=CARTESIAN_POINT('Ctrl Pts',(974.651171136592,292.654192166902,70.1539161753266));
#7369=CARTESIAN_POINT('Ctrl Pts',(970.605627833081,293.541392648693,72.323004681602));
#7370=CARTESIAN_POINT('Ctrl Pts',(967.363440586311,294.355435297734,74.3131078483574));
#7371=CARTESIAN_POINT('Ctrl Pts',(964.788712912087,295.069361401484,76.0583161243957));
#7372=CARTESIAN_POINT('Ctrl Pts',(960.19880183174,296.615591977395,79.7933788159694));
#7373=CARTESIAN_POINT('Ctrl Pts',(955.43327338576,298.769197474003,84.8322284219476));
#7374=CARTESIAN_POINT('Ctrl Pts',(951.1556282944,301.633292899406,91.009158887997));
#7375=CARTESIAN_POINT('Ctrl Pts',(948.013094177935,304.756972979827,97.0186347015899));
#7376=CARTESIAN_POINT('Ctrl Pts',(946.127278814954,307.564203387037,101.658582393349));
#7377=CARTESIAN_POINT('Ctrl Pts',(944.948282779044,309.987983272321,105.101013169908));
#7378=CARTESIAN_POINT('Ctrl Pts',(943.861249539701,312.821993442352,108.685039136871));
#7379=CARTESIAN_POINT('Ctrl Pts',(942.888618749254,316.905520045536,112.769143679368));
#7380=CARTESIAN_POINT('Ctrl Pts',(942.411284808499,321.669867870652,115.708129742497));
#7381=CARTESIAN_POINT('Ctrl Pts',(942.28347559283,325.821235333306,117.136992586139));
#7382=CARTESIAN_POINT('Ctrl Pts',(942.297509544194,328.013252410897,117.530694585274));
#7383=CARTESIAN_POINT('Ctrl Pts',(942.322586539865,329.138940552587,117.645082941318));
#7384=CARTESIAN_POINT('Ctrl Pts',(1020.99999999993,289.753366628291,63.132920099484));
#7385=CARTESIAN_POINT('Ctrl Pts',(1012.93931030469,289.972428248465,62.9366158028682));
#7386=CARTESIAN_POINT('Ctrl Pts',(1002.08161219505,290.480088997015,63.3865946433938));
#7387=CARTESIAN_POINT('Ctrl Pts',(989.93665574077,291.517686293394,65.3790320020178));
#7388=CARTESIAN_POINT('Ctrl Pts',(981.922622558124,292.472661127779,67.5120848110799));
#7389=CARTESIAN_POINT('Ctrl Pts',(974.928056307831,293.601016429583,70.2202545341389));
#7390=CARTESIAN_POINT('Ctrl Pts',(970.887121010569,294.466327848956,72.3577466673004));
#7391=CARTESIAN_POINT('Ctrl Pts',(967.645327193218,295.260487661062,74.3204184305598));
#7392=CARTESIAN_POINT('Ctrl Pts',(965.068752545718,295.957091579904,76.0424631857933));
#7393=CARTESIAN_POINT('Ctrl Pts',(960.46792460594,297.466403135211,79.7319689330754));
#7394=CARTESIAN_POINT('Ctrl Pts',(955.678017442795,299.569916504427,84.7176303730884));
#7395=CARTESIAN_POINT('Ctrl Pts',(951.363572245383,302.370184948543,90.8456987747643));
#7396=CARTESIAN_POINT('Ctrl Pts',(948.184811656178,305.427417214334,96.8270521365264));
#7397=CARTESIAN_POINT('Ctrl Pts',(946.271829054489,308.177801145906,101.459426206208));
#7398=CARTESIAN_POINT('Ctrl Pts',(945.073640916026,310.554445332778,104.904905647634));
#7399=CARTESIAN_POINT('Ctrl Pts',(943.967492133458,313.334819604614,108.499007135262));
#7400=CARTESIAN_POINT('Ctrl Pts',(942.975454334523,317.344596294404,112.611586811369));
#7401=CARTESIAN_POINT('Ctrl Pts',(942.483546614318,322.02838140738,115.603530352424));
#7402=CARTESIAN_POINT('Ctrl Pts',(942.344871207009,326.112869496702,117.088426132122));
#7403=CARTESIAN_POINT('Ctrl Pts',(942.353220795759,328.27065667649,117.514412345078));
#7404=CARTESIAN_POINT('Ctrl Pts',(942.375260099787,329.379039943119,117.645921049702));
#7405=CARTESIAN_POINT('Ctrl Pts',(1020.99999999993,290.795131453473,63.3253285316418));
#7406=CARTESIAN_POINT('Ctrl Pts',(1013.0095131051,291.008442588896,63.122764188147));
#7407=CARTESIAN_POINT('Ctrl Pts',(1002.23692448353,291.502820741937,63.5528456607092));
#7408=CARTESIAN_POINT('Ctrl Pts',(990.166916430866,292.514004938745,65.5015022482291));
#7409=CARTESIAN_POINT('Ctrl Pts',(982.191146173737,293.445066779943,67.5947922215973));
#7410=CARTESIAN_POINT('Ctrl Pts',(975.21831255948,294.545651220477,70.2581201004859));
#7411=CARTESIAN_POINT('Ctrl Pts',(971.181957877835,295.390045719646,72.36376783927));
#7412=CARTESIAN_POINT('Ctrl Pts',(967.94033222287,296.165197931146,74.298795725863));
#7413=CARTESIAN_POINT('Ctrl Pts',(965.361598498547,296.845237588789,75.9974997491497));
#7414=CARTESIAN_POINT('Ctrl Pts',(960.748818884626,298.319198821487,79.6411593391405));
#7415=CARTESIAN_POINT('Ctrl Pts',(955.932618561735,300.374609979764,84.5735090041527));
#7416=CARTESIAN_POINT('Ctrl Pts',(951.578615050731,303.113194727776,90.6533122208399));
#7417=CARTESIAN_POINT('Ctrl Pts',(948.360849986987,306.105674539491,96.6081654524764));
#7418=CARTESIAN_POINT('Ctrl Pts',(946.41851668924,308.800121491691,101.235090635099));
#7419=CARTESIAN_POINT('Ctrl Pts',(945.199500424884,311.129979188276,104.68580118285));
#7420=CARTESIAN_POINT('Ctrl Pts',(944.072520590901,313.856787850399,108.292760181569));
#7421=CARTESIAN_POINT('Ctrl Pts',(943.059084724753,317.792091826294,112.438301259581));
#7422=CARTESIAN_POINT('Ctrl Pts',(942.550817217015,322.393025584055,115.48907905198));
#7423=CARTESIAN_POINT('Ctrl Pts',(942.399901291112,326.407680617739,117.035418275759));
#7424=CARTESIAN_POINT('Ctrl Pts',(942.40187479057,328.529354211598,117.496618554392));
#7425=CARTESIAN_POINT('Ctrl Pts',(942.420521947987,329.619381692022,117.646760004079));
#7426=CARTESIAN_POINT('Ctrl Pts',(1020.99999999994,291.852659004835,63.5049555137123));
#7427=CARTESIAN_POINT('Ctrl Pts',(1013.08299951088,292.059856717354,63.2969578524297));
#7428=CARTESIAN_POINT('Ctrl Pts',(1002.39928351138,292.540404912463,63.7076091627135));
#7429=CARTESIAN_POINT('Ctrl Pts',(990.407334535191,293.524401739865,65.6120770029626));
#7430=CARTESIAN_POINT('Ctrl Pts',(982.47122059861,294.430926926986,67.6648348205832));
#7431=CARTESIAN_POINT('Ctrl Pts',(975.520675126451,295.503062849066,70.282219125565));
#7432=CARTESIAN_POINT('Ctrl Pts',(971.488762228961,296.326042712155,72.3551395206991));
#7433=CARTESIAN_POINT('Ctrl Pts',(968.246992249038,297.081734066531,74.2617368060881));
#7434=CARTESIAN_POINT('Ctrl Pts',(965.665719801867,297.744814176384,75.9364228687997));
#7435=CARTESIAN_POINT('Ctrl Pts',(961.039833361201,299.182569361384,79.5328875343773));
#7436=CARTESIAN_POINT('Ctrl Pts',(956.195295963741,301.188674185759,84.4103813679308));
#7437=CARTESIAN_POINT('Ctrl Pts',(951.798839356742,303.863913196067,90.4407558320303));
#7438=CARTESIAN_POINT('Ctrl Pts',(948.539153339549,306.789732560521,96.3689722197056));
#7439=CARTESIAN_POINT('Ctrl Pts',(946.565171719016,309.426430656399,100.991171030334));
#7440=CARTESIAN_POINT('Ctrl Pts',(945.323601301493,311.707865583471,104.448221940307));
#7441=CARTESIAN_POINT('Ctrl Pts',(944.173972065765,314.379137795997,108.069674397207));
#7442=CARTESIAN_POINT('Ctrl Pts',(943.137020466976,318.236989966549,112.251285337617));
#7443=CARTESIAN_POINT('Ctrl Pts',(942.610530961284,322.751327949994,115.36566709593));
#7444=CARTESIAN_POINT('Ctrl Pts',(942.445998025637,326.692699402381,116.978230321548));
#7445=CARTESIAN_POINT('Ctrl Pts',(942.440924380477,328.776373960732,117.477346141073));
#7446=CARTESIAN_POINT('Ctrl Pts',(942.455845826877,329.847059643415,117.647554753285));
#7447=CARTESIAN_POINT('Ctrl Pts',(1020.99999999994,293.437970723684,63.7527081347646));
#7448=CARTESIAN_POINT('Ctrl Pts',(1013.19637555777,293.635646471062,63.5373461856059));
#7449=CARTESIAN_POINT('Ctrl Pts',(1002.6496562373,294.095227906338,63.9195004091351));
#7450=CARTESIAN_POINT('Ctrl Pts',(990.77782756975,295.038571281985,65.7577352974528));
#7451=CARTESIAN_POINT('Ctrl Pts',(982.902586957892,295.908553061582,67.7493994709301));
#7452=CARTESIAN_POINT('Ctrl Pts',(975.986053856098,296.938399405641,70.297332549257));
#7453=CARTESIAN_POINT('Ctrl Pts',(971.960704562573,297.729564107907,72.3207105370759));
#7454=CARTESIAN_POINT('Ctrl Pts',(968.718447433329,298.456337857699,74.1842631445611));
#7455=CARTESIAN_POINT('Ctrl Pts',(966.133026788394,299.094214264215,75.8225813106244));
#7456=CARTESIAN_POINT('Ctrl Pts',(961.486420086766,300.478131677161,79.347607101428));
#7457=CARTESIAN_POINT('Ctrl Pts',(956.597474458641,302.410824449896,84.1421873232174));
#7458=CARTESIAN_POINT('Ctrl Pts',(952.134619524564,304.991482147498,90.0983181356612));
#7459=CARTESIAN_POINT('Ctrl Pts',(948.809299045439,307.817410938437,95.9874127050545));
#7460=CARTESIAN_POINT('Ctrl Pts',(946.785666350896,310.367213808978,100.603950808942));
#7461=CARTESIAN_POINT('Ctrl Pts',(945.508622372832,312.575522189484,104.072121618001));
#7462=CARTESIAN_POINT('Ctrl Pts',(944.323287072517,315.162713718811,107.717452955397));
#7463=CARTESIAN_POINT('Ctrl Pts',(943.249033958669,318.902782684217,111.956805932184));
#7464=CARTESIAN_POINT('Ctrl Pts',(942.693414084294,323.284491269514,115.171646109056));
#7465=CARTESIAN_POINT('Ctrl Pts',(942.507121752206,327.11297801338,116.888363934033));
#7466=CARTESIAN_POINT('Ctrl Pts',(942.490827499796,329.137897093263,117.447012242764));
#7467=CARTESIAN_POINT('Ctrl Pts',(942.499835587077,330.178617145486,117.648712112));
#7468=CARTESIAN_POINT('Ctrl Pts',(1020.99999999998,295.289973147274,63.9817437836509));
#7469=CARTESIAN_POINT('Ctrl Pts',(1013.33703321934,295.475498502091,63.7596300609469));
#7470=CARTESIAN_POINT('Ctrl Pts',(1002.96125082743,295.910718685439,64.1109009880862));
#7471=CARTESIAN_POINT('Ctrl Pts',(991.23826503692,296.808856989394,65.8718308430933));
#7472=CARTESIAN_POINT('Ctrl Pts',(983.438399264356,297.638809000917,67.7914431783393));
#7473=CARTESIAN_POINT('Ctrl Pts',(976.563594865446,298.622627151303,70.2567882949358));
#7474=CARTESIAN_POINT('Ctrl Pts',(972.545973494114,299.379232530557,72.2210864549628));
#7475=CARTESIAN_POINT('Ctrl Pts',(969.302694932335,300.074571394262,74.0332724680824));
#7476=CARTESIAN_POINT('Ctrl Pts',(966.711738343887,300.685033740421,75.628179832359));
#7477=CARTESIAN_POINT('Ctrl Pts',(962.038530697953,302.010259746247,79.067984220286));
#7478=CARTESIAN_POINT('Ctrl Pts',(957.09315684196,303.862529089861,83.7639720430562));
#7479=CARTESIAN_POINT('Ctrl Pts',(952.546028576935,306.338463069663,89.6330873955254));
#7480=CARTESIAN_POINT('Ctrl Pts',(949.13715995557,309.052310215337,95.4787477329292));
#7481=CARTESIAN_POINT('Ctrl Pts',(947.050027404717,311.503144890585,100.092579101026));
#7482=CARTESIAN_POINT('Ctrl Pts',(945.727363918788,313.627087762392,103.578157744333));
#7483=CARTESIAN_POINT('Ctrl Pts',(944.495925037715,316.116428061417,107.25728081265));
#7484=CARTESIAN_POINT('Ctrl Pts',(943.372881836123,319.717291962824,111.574163814358));
#7485=CARTESIAN_POINT('Ctrl Pts',(942.778466363315,323.938461957408,114.920332010089));
#7486=CARTESIAN_POINT('Ctrl Pts',(942.563124535274,327.627728964908,116.772099353815));
#7487=CARTESIAN_POINT('Ctrl Pts',(942.531944562675,329.579285215665,117.407786787273));
#7488=CARTESIAN_POINT('Ctrl Pts',(942.533120904322,330.582366616323,117.650121469252));
#7489=CARTESIAN_POINT('Ctrl Pts',(1020.99999999997,297.414758602942,64.1792634694146));
#7490=CARTESIAN_POINT('Ctrl Pts',(1013.50875681723,297.585350143339,63.9527134362066));
#7491=CARTESIAN_POINT('Ctrl Pts',(1003.34029426708,297.99223298259,64.2704538741126));
#7492=CARTESIAN_POINT('Ctrl Pts',(991.798777842664,298.839941868969,65.9433347059548));
#7493=CARTESIAN_POINT('Ctrl Pts',(984.090662057883,299.625747614635,67.7793908162968));
#7494=CARTESIAN_POINT('Ctrl Pts',(977.26682059384,300.559110257668,70.14834058895));
#7495=CARTESIAN_POINT('Ctrl Pts',(973.258697778632,301.277888631159,72.0433685934525));
#7496=CARTESIAN_POINT('Ctrl Pts',(970.014263745014,301.938793075128,73.7952979295552));
#7497=CARTESIAN_POINT('Ctrl Pts',(967.41665126237,302.519213406622,75.3392522154037));
#7498=CARTESIAN_POINT('Ctrl Pts',(962.711188491372,303.779977657388,78.6790398490535));
#7499=CARTESIAN_POINT('Ctrl Pts',(957.69715400295,305.54351309452,83.2595514951439));
#7500=CARTESIAN_POINT('Ctrl Pts',(953.047130290172,307.902821914852,89.0278611481948));
#7501=CARTESIAN_POINT('Ctrl Pts',(949.535766788159,310.490414440141,94.825472821736));
#7502=CARTESIAN_POINT('Ctrl Pts',(947.370306610567,312.828371969262,99.4399690980288));
#7503=CARTESIAN_POINT('Ctrl Pts',(945.99105657039,314.855091466989,102.95003633638));
#7504=CARTESIAN_POINT('Ctrl Pts',(944.702104564628,317.230870199733,106.674085497037));
#7505=CARTESIAN_POINT('Ctrl Pts',(943.517461094272,320.668269431639,111.090756163142));
#7506=CARTESIAN_POINT('Ctrl Pts',(942.873207702986,324.69754143046,114.603368225657));
#7507=CARTESIAN_POINT('Ctrl Pts',(942.620352345037,328.218161085718,116.625520703565));
#7508=CARTESIAN_POINT('Ctrl Pts',(942.569954224092,330.080111490768,117.358155996114));
#7509=CARTESIAN_POINT('Ctrl Pts',(942.561088294784,331.03701509055,117.651708498261));
#7510=CARTESIAN_POINT('Ctrl Pts',(1020.99999999998,298.746099595705,64.2838750503313));
#7511=CARTESIAN_POINT('Ctrl Pts',(1013.61997158008,298.906930377673,64.0555897247502));
#7512=CARTESIAN_POINT('Ctrl Pts',(1003.58600085904,299.295647139839,64.3533429090142));
#7513=CARTESIAN_POINT('Ctrl Pts',(992.161995424262,300.111357302188,65.9709820419506));
#7514=CARTESIAN_POINT('Ctrl Pts',(984.513304065188,300.869261348956,67.7541684527361));
#7515=CARTESIAN_POINT('Ctrl Pts',(977.722413227195,301.770787277947,70.0617966252868));
#7516=CARTESIAN_POINT('Ctrl Pts',(973.720390025711,302.46570845946,71.9126447574738));
#7517=CARTESIAN_POINT('Ctrl Pts',(970.475151514366,303.104890120691,73.6261120006882));
#7518=CARTESIAN_POINT('Ctrl Pts',(967.873173593276,303.666354820784,75.137526261508));
#7519=CARTESIAN_POINT('Ctrl Pts',(963.146679695702,304.88641791109,78.4134081768669));
#7520=CARTESIAN_POINT('Ctrl Pts',(958.087921255734,306.593846548172,82.9201412066422));
#7521=CARTESIAN_POINT('Ctrl Pts',(953.370774265922,308.879195889593,88.6242613873513));
#7522=CARTESIAN_POINT('Ctrl Pts',(949.792349004288,311.386446964271,94.3917754603034));
#7523=CARTESIAN_POINT('Ctrl Pts',(947.575451779863,313.652314085075,99.0075862947023));
#7524=CARTESIAN_POINT('Ctrl Pts',(946.158901875337,315.616756914762,102.53431338048));
#7525=CARTESIAN_POINT('Ctrl Pts',(944.831928340436,317.91965450355,106.288442837808));
#7526=CARTESIAN_POINT('Ctrl Pts',(943.606240197867,321.251802056768,110.771309758963));
#7527=CARTESIAN_POINT('Ctrl Pts',(942.92846544399,325.156939820388,114.393874802076));
#7528=CARTESIAN_POINT('Ctrl Pts',(942.65038176177,328.568096741912,116.528538999851));
#7529=CARTESIAN_POINT('Ctrl Pts',(942.587113273408,330.371761963382,117.325232361003));
#7530=CARTESIAN_POINT('Ctrl Pts',(942.571538852693,331.298599527836,117.652621603911));
#7531=CARTESIAN_POINT('Ctrl Pts',(1020.99999999998,299.810063630208,64.3575252773747));
#7532=CARTESIAN_POINT('Ctrl Pts',(1013.71122365623,299.962878784903,64.1285804461352));
#7533=CARTESIAN_POINT('Ctrl Pts',(1003.78733986698,300.337266824157,64.4107440311731));
#7534=CARTESIAN_POINT('Ctrl Pts',(992.459642938703,301.128492910206,65.984163336995));
#7535=CARTESIAN_POINT('Ctrl Pts',(984.859602408035,301.865249530509,67.7246966000545));
#7536=CARTESIAN_POINT('Ctrl Pts',(978.095683107133,302.742759095245,69.9827017229701));
#7537=CARTESIAN_POINT('Ctrl Pts',(974.098626939152,303.419703054188,71.7977213616435));
#7538=CARTESIAN_POINT('Ctrl Pts',(970.852700961846,304.042503556404,73.4799829617139));
#7539=CARTESIAN_POINT('Ctrl Pts',(968.247121883281,304.589667402061,74.9649859269682));
#7540=CARTESIAN_POINT('Ctrl Pts',(963.503330136356,305.778963291945,78.1889773157573));
#7541=CARTESIAN_POINT('Ctrl Pts',(958.407798887231,307.443811122353,82.6357946061599));
#7542=CARTESIAN_POINT('Ctrl Pts',(953.635397819348,309.672586029572,88.2878713204166));
#7543=CARTESIAN_POINT('Ctrl Pts',(950.001639475996,312.117802557564,94.0312029155146));
#7544=CARTESIAN_POINT('Ctrl Pts',(947.742186048708,314.327453279516,98.6484946795629));
#7545=CARTESIAN_POINT('Ctrl Pts',(946.294693255608,316.242941734507,102.189241392718));
#7546=CARTESIAN_POINT('Ctrl Pts',(944.936098652968,318.488244575697,105.968474342156));
#7547=CARTESIAN_POINT('Ctrl Pts',(943.676089404081,321.736485361374,110.50632621222));
#7548=CARTESIAN_POINT('Ctrl Pts',(942.970119984799,325.541393802736,114.220085835709));
#7549=CARTESIAN_POINT('Ctrl Pts',(942.670834268156,328.863346676045,116.448080678333));
#7550=CARTESIAN_POINT('Ctrl Pts',(942.596778481864,330.619244582636,117.297914539579));
#7551=CARTESIAN_POINT('Ctrl Pts',(942.575601865944,331.521370165517,117.65339922329));
#7552=CARTESIAN_POINT('Ctrl Pts',(1020.99999999999,300.607426693328,64.4067910691736));
#7553=CARTESIAN_POINT('Ctrl Pts',(1013.7806902711,300.75412681506,64.1776581410288));
#7554=CARTESIAN_POINT('Ctrl Pts',(1003.94062478031,301.117996145949,64.4484105052964));
#7555=CARTESIAN_POINT('Ctrl Pts',(992.686220935203,301.891738490474,65.9887004243044));
#7556=CARTESIAN_POINT('Ctrl Pts',(985.123199682218,302.61353991112,67.697146518687));
#7557=CARTESIAN_POINT('Ctrl Pts',(978.379788962367,303.474143440851,69.9177372161786));
#7558=CARTESIAN_POINT('Ctrl Pts',(974.386495987529,304.138446818669,71.7057125701596));
#7559=CARTESIAN_POINT('Ctrl Pts',(971.14002959351,304.749720383462,73.3644123444419));
#7560=CARTESIAN_POINT('Ctrl Pts',(968.53169370684,305.286816137706,74.8294694916268));
#7561=CARTESIAN_POINT('Ctrl Pts',(963.774695759057,306.454408740911,78.014267169553));
#7562=CARTESIAN_POINT('Ctrl Pts',(958.651101772068,308.089101159038,82.4158365258118));
#7563=CARTESIAN_POINT('Ctrl Pts',(953.836500960778,310.277494416047,88.0286825891741));
#7564=CARTESIAN_POINT('Ctrl Pts',(950.160416557325,312.678025641719,93.7539448518867));
#7565=CARTESIAN_POINT('Ctrl Pts',(947.868351079528,314.846796622306,98.3726362743703));
#7566=CARTESIAN_POINT('Ctrl Pts',(946.397103013976,316.726415830753,101.924288059155));
#7567=CARTESIAN_POINT('Ctrl Pts',(945.014197333402,318.92931126837,105.722907621242));
#7568=CARTESIAN_POINT('Ctrl Pts',(943.727706170243,322.115269911125,110.303038666097));
#7569=CARTESIAN_POINT('Ctrl Pts',(942.999901945128,325.844921315203,114.086780324502));
#7570=CARTESIAN_POINT('Ctrl Pts',(942.684212431982,329.099345648122,116.386377751967));
#7571=CARTESIAN_POINT('Ctrl Pts',(942.601831117813,330.818902237921,117.276986702769));
#7572=CARTESIAN_POINT('Ctrl Pts',(942.576338292941,331.702181264837,117.654030375655));
#7573=CARTESIAN_POINT('Ctrl Pts',(1020.99999999999,301.274660214952,64.4432096373655));
#7574=CARTESIAN_POINT('Ctrl Pts',(1013.83940157307,301.416185848293,64.2141780766863));
#7575=CARTESIAN_POINT('Ctrl Pts',(1004.07016258448,301.771508614958,64.4756405534943));
#7576=CARTESIAN_POINT('Ctrl Pts',(992.877680176727,302.531490204452,65.9883609901924));
#7577=CARTESIAN_POINT('Ctrl Pts',(985.345927538043,303.241655368108,67.6699927978161));
#7578=CARTESIAN_POINT('Ctrl Pts',(978.61983088657,304.089177834554,69.859251369));
#7579=CARTESIAN_POINT('Ctrl Pts',(974.629705243718,304.743713687743,71.624552998252));
#7580=CARTESIAN_POINT('Ctrl Pts',(971.382770375573,305.346071993653,73.2634930153222));
#7581=CARTESIAN_POINT('Ctrl Pts',(968.772094435527,305.875376087883,74.7118194727574));
#7582=CARTESIAN_POINT('Ctrl Pts',(964.003910054899,307.026132171467,77.8637352397607));
#7583=CARTESIAN_POINT('Ctrl Pts',(958.856550761293,308.637319082946,82.2273461848622));
#7584=CARTESIAN_POINT('Ctrl Pts',(954.006181988859,310.793939239264,87.8073309583957));
#7585=CARTESIAN_POINT('Ctrl Pts',(950.294165214595,313.158932968547,93.5175705382022));
#7586=CARTESIAN_POINT('Ctrl Pts',(947.974363336806,315.294837629444,98.1376398967125));
#7587=CARTESIAN_POINT('Ctrl Pts',(946.48287549054,317.14537203114,101.698674617941));
#7588=CARTESIAN_POINT('Ctrl Pts',(945.079226125581,319.313693097145,105.513877493515));
#7589=CARTESIAN_POINT('Ctrl Pts',(943.770060023791,322.448422203477,110.130048045653));
#7590=CARTESIAN_POINT('Ctrl Pts',(943.023496032111,326.115403168289,113.973356375074));
#7591=CARTESIAN_POINT('Ctrl Pts',(942.693728649166,329.313106806282,116.33389538161));
#7592=CARTESIAN_POINT('Ctrl Pts',(942.604219828486,331.00198013276,117.259214437218));
#7593=CARTESIAN_POINT('Ctrl Pts',(942.57503900995,331.869306755913,117.654613756042));
#7594=CARTESIAN_POINT('Ctrl Pts',(1020.99999999999,301.74337592427,64.466273318023));
#7595=CARTESIAN_POINT('Ctrl Pts',(1013.88091657504,301.881242429522,64.2374522294793));
#7596=CARTESIAN_POINT('Ctrl Pts',(1004.16173036386,302.230706536048,64.4925187426103));
#7597=CARTESIAN_POINT('Ctrl Pts',(993.013014168686,302.981503275188,65.9859742928992));
#7598=CARTESIAN_POINT('Ctrl Pts',(985.503355204326,303.683977615406,67.6488072831207));
#7599=CARTESIAN_POINT('Ctrl Pts',(978.789488886843,304.522896565608,69.8160680323005));
#7600=CARTESIAN_POINT('Ctrl Pts',(974.80159509858,305.171015689091,71.5654370458594));
#7601=CARTESIAN_POINT('Ctrl Pts',(971.554322726886,305.767512272707,73.1904894514097));
#7602=CARTESIAN_POINT('Ctrl Pts',(968.941987207588,306.291690676683,74.6270554453216));
#7603=CARTESIAN_POINT('Ctrl Pts',(964.165881336864,307.431347276962,77.7558547614345));
#7604=CARTESIAN_POINT('Ctrl Pts',(959.001695641294,309.02697285907,82.0927820180081));
#7605=CARTESIAN_POINT('Ctrl Pts',(954.125985913358,311.162387110697,87.649691419785));
#7606=CARTESIAN_POINT('Ctrl Pts',(950.388480521523,313.503446125053,93.3494399724542));
#7607=CARTESIAN_POINT('Ctrl Pts',(948.048976701168,315.617014096764,97.9705830024135));
#7608=CARTESIAN_POINT('Ctrl Pts',(946.543092886813,317.447643759688,101.538335031744));
#7609=CARTESIAN_POINT('Ctrl Pts',(945.124672385925,319.592198716221,105.36536103264));
#7610=CARTESIAN_POINT('Ctrl Pts',(943.799318563137,322.691464301191,110.007162621159));
#7611=CARTESIAN_POINT('Ctrl Pts',(943.039330237514,326.314641553417,113.892792761624));
#7612=CARTESIAN_POINT('Ctrl Pts',(942.69949899386,329.472437600934,116.296628952285));
#7613=CARTESIAN_POINT('Ctrl Pts',(942.604904432759,331.139638284246,117.246610270575));
#7614=CARTESIAN_POINT('Ctrl Pts',(942.573096516255,331.995675653927,117.655054868502));
#7615=CARTESIAN_POINT('Ctrl Pts',(1020.99999999999,302.011220687109,64.4787380888169));
#7616=CARTESIAN_POINT('Ctrl Pts',(1013.90476028291,302.146986768154,64.2500809101657));
#7617=CARTESIAN_POINT('Ctrl Pts',(1004.21430093659,302.493144059277,64.5015182806106));
#7618=CARTESIAN_POINT('Ctrl Pts',(993.090712989159,303.238837864279,65.9839792525636));
#7619=CARTESIAN_POINT('Ctrl Pts',(985.593735190906,303.937064180778,67.6360637286875));
#7620=CARTESIAN_POINT('Ctrl Pts',(978.886888598972,304.771245221351,69.7907391353207));
#7621=CARTESIAN_POINT('Ctrl Pts',(974.90027413344,305.41583316284,71.5309886395339));
#7622=CARTESIAN_POINT('Ctrl Pts',(971.652806230088,306.009102335531,73.1480914973721));
#7623=CARTESIAN_POINT('Ctrl Pts',(969.039516467799,306.530457691068,74.577925078999));
#7624=CARTESIAN_POINT('Ctrl Pts',(964.258858801369,307.663993091327,77.6934904698125));
#7625=CARTESIAN_POINT('Ctrl Pts',(959.085004915792,309.251014915418,82.0151423216656));
#7626=CARTESIAN_POINT('Ctrl Pts',(954.194730027035,311.374647519561,87.5588495707814));
#7627=CARTESIAN_POINT('Ctrl Pts',(950.442565554376,313.702337147043,93.2526133306324));
#7628=CARTESIAN_POINT('Ctrl Pts',(948.091722965715,315.803362382497,97.8744024116519));
#7629=CARTESIAN_POINT('Ctrl Pts',(946.577548668314,317.622770030552,101.446035925735));
#7630=CARTESIAN_POINT('Ctrl Pts',(945.15061646847,319.753892128036,105.27987913826));
#7631=CARTESIAN_POINT('Ctrl Pts',(943.815923074504,322.833033426069,109.936440572269));
#7632=CARTESIAN_POINT('Ctrl Pts',(943.048180975871,326.431219178064,113.846430259212));
#7633=CARTESIAN_POINT('Ctrl Pts',(942.702539980443,329.566163432488,116.275186464835));
#7634=CARTESIAN_POINT('Ctrl Pts',(942.605011974731,331.220927517256,117.239361723948));
#7635=CARTESIAN_POINT('Ctrl Pts',(942.571690302027,332.070479834905,117.655315985413));
#7636=CARTESIAN_POINT('Ctrl Pts',(1020.99999999999,303.217097627719,64.5328595633312));
#7637=CARTESIAN_POINT('Ctrl Pts',(1014.01234290222,303.343375293924,64.305009447966));
#7638=CARTESIAN_POINT('Ctrl Pts',(1004.45161274606,303.674769526914,64.5402661871));
#7639=CARTESIAN_POINT('Ctrl Pts',(993.441423349522,304.397885239589,65.9732612710936));
#7640=CARTESIAN_POINT('Ctrl Pts',(986.001688958526,305.077389497579,67.5769633554036));
#7641=CARTESIAN_POINT('Ctrl Pts',(979.326519049416,305.890727395979,69.674948998572));
#7642=CARTESIAN_POINT('Ctrl Pts',(975.345675712481,306.519788091524,71.3741128437931));
#7643=CARTESIAN_POINT('Ctrl Pts',(972.097321204889,307.098861221563,72.9553970962732));
#7644=CARTESIAN_POINT('Ctrl Pts',(969.479719860754,307.607796244086,74.3548948058678));
#7645=CARTESIAN_POINT('Ctrl Pts',(964.678505915478,308.714378717865,77.4108255488136));
#7646=CARTESIAN_POINT('Ctrl Pts',(959.460991389887,310.263455102171,81.6636435309135));
#7647=CARTESIAN_POINT('Ctrl Pts',(954.504924106415,312.334965298401,87.1478786001177));
#7648=CARTESIAN_POINT('Ctrl Pts',(950.686515602677,314.603308392308,92.8147256652492));
#7649=CARTESIAN_POINT('Ctrl Pts',(948.284408789866,316.648473414756,97.439505268939));
#7650=CARTESIAN_POINT('Ctrl Pts',(946.732734543827,318.417778659834,101.028722835524));
#7651=CARTESIAN_POINT('Ctrl Pts',(945.267291671716,320.48883609598,104.893415726747));
#7652=CARTESIAN_POINT('Ctrl Pts',(943.890304134997,323.477771382435,109.616725212924));
#7653=CARTESIAN_POINT('Ctrl Pts',(943.087419717982,326.96356923038,113.636837545684));
#7654=CARTESIAN_POINT('Ctrl Pts',(942.715457565368,329.995523108046,116.178253390063));
#7655=CARTESIAN_POINT('Ctrl Pts',(942.604651413503,331.594163625434,117.206611114868));
#7656=CARTESIAN_POINT('Ctrl Pts',(942.564478586853,332.414433356005,117.656516614573));
#7657=CARTESIAN_POINT('Ctrl Pts',(1021.,304.583010436777,64.5719704412928));
#7658=CARTESIAN_POINT('Ctrl Pts',(1014.14086065531,304.697889792953,64.3459292959722));
#7659=CARTESIAN_POINT('Ctrl Pts',(1004.73569185963,305.01399804331,64.563643741291));
#7660=CARTESIAN_POINT('Ctrl Pts',(993.861017313602,305.716931555144,65.9393397601277));
#7661=CARTESIAN_POINT('Ctrl Pts',(986.489759845923,306.380790081148,67.4866589889772));
#7662=CARTESIAN_POINT('Ctrl Pts',(979.85240237738,307.177304448661,69.5182490619913));
#7663=CARTESIAN_POINT('Ctrl Pts',(975.878413881791,307.793943428106,71.1692123052855));
#7664=CARTESIAN_POINT('Ctrl Pts',(972.628947583155,308.361590901636,72.7084488911133));
#7665=CARTESIAN_POINT('Ctrl Pts',(970.006138142261,308.860488379141,74.0723247927622));
#7666=CARTESIAN_POINT('Ctrl Pts',(965.180207460254,309.944952851652,77.0582196611511));
#7667=CARTESIAN_POINT('Ctrl Pts',(959.910221647287,311.461960405985,81.2302515621085));
#7668=CARTESIAN_POINT('Ctrl Pts',(954.874925927082,313.486982559322,86.6450103974022));
#7669=CARTESIAN_POINT('Ctrl Pts',(950.976472402973,315.699365629933,92.2810859002397));
#7670=CARTESIAN_POINT('Ctrl Pts',(948.512179860922,317.689089007241,96.9105372662783));
#7671=CARTESIAN_POINT('Ctrl Pts',(946.91484644704,319.406795082202,100.521687705832));
#7672=CARTESIAN_POINT('Ctrl Pts',(945.402396408968,321.414603378771,104.424330534878));
#7673=CARTESIAN_POINT('Ctrl Pts',(943.973416902717,324.305237313695,109.229029187424));
#7674=CARTESIAN_POINT('Ctrl Pts',(943.127057456748,327.663053828409,113.382795035411));
#7675=CARTESIAN_POINT('Ctrl Pts',(942.722639672666,330.574342215348,116.060845866991));
#7676=CARTESIAN_POINT('Ctrl Pts',(942.595568257679,332.106139602415,117.167102446834));
#7677=CARTESIAN_POINT('Ctrl Pts',(942.547023861392,332.891269004131,117.658181091744));
#7678=CARTESIAN_POINT('Ctrl Pts',(1021.,306.236351036532,64.5855290679245));
#7679=CARTESIAN_POINT('Ctrl Pts',(1014.29145059601,306.338000291732,64.3631968460708));
#7680=CARTESIAN_POINT('Ctrl Pts',(1005.06753690669,306.634890277675,64.5618904246738));
#7681=CARTESIAN_POINT('Ctrl Pts',(994.351285883326,307.310355925469,65.8733324698166));
#7682=CARTESIAN_POINT('Ctrl Pts',(987.059921082364,307.952048523818,67.3566614925225));
#7683=CARTESIAN_POINT('Ctrl Pts',(980.466722519893,308.724217611524,69.312654617099));
#7684=CARTESIAN_POINT('Ctrl Pts',(976.500710608393,309.322764435142,70.90859073075));
#7685=CARTESIAN_POINT('Ctrl Pts',(973.249924147488,309.873819932733,72.3998133341083));
#7686=CARTESIAN_POINT('Ctrl Pts',(970.62101836097,310.358172210961,73.7229986369268));
#7687=CARTESIAN_POINT('Ctrl Pts',(965.766151453596,311.410846601318,76.628886218048));
#7688=CARTESIAN_POINT('Ctrl Pts',(960.434666575774,312.88249618983,80.7086939028463));
#7689=CARTESIAN_POINT('Ctrl Pts',(955.306241994222,314.84369687958,86.0444986994364));
#7690=CARTESIAN_POINT('Ctrl Pts',(951.313258699911,316.981564030603,91.6463848633524));
#7691=CARTESIAN_POINT('Ctrl Pts',(948.775168274192,318.899483792682,96.2825566891918));
#7692=CARTESIAN_POINT('Ctrl Pts',(947.123409421188,320.551677855464,99.9203267227304));
#7693=CARTESIAN_POINT('Ctrl Pts',(945.554696206198,322.480124573525,103.868428273529));
#7694=CARTESIAN_POINT('Ctrl Pts',(944.06299049031,325.249637933526,108.769822523243));
#7695=CARTESIAN_POINT('Ctrl Pts',(943.163876411136,328.453388204156,113.081877956037));
#7696=CARTESIAN_POINT('Ctrl Pts',(942.720279447678,331.221580356386,115.921697169971));
#7697=CARTESIAN_POINT('Ctrl Pts',(942.573706111239,332.674792966939,117.120138824342));
#7698=CARTESIAN_POINT('Ctrl Pts',(942.515202551502,333.41876762894,117.660022416784));
#7699=CARTESIAN_POINT('Ctrl Pts',(1021.,307.294442439503,64.5891854745562));
#7700=CARTESIAN_POINT('Ctrl Pts',(1014.39263376363,307.387211543937,64.3696440688142));
#7701=CARTESIAN_POINT('Ctrl Pts',(1005.29055928624,307.671894108488,64.5560234753592));
#7702=CARTESIAN_POINT('Ctrl Pts',(994.680751156211,308.330914928371,65.8248044224734));
#7703=CARTESIAN_POINT('Ctrl Pts',(987.443078605891,308.959690740023,67.2655112351751));
#7704=CARTESIAN_POINT('Ctrl Pts',(980.879557557132,309.71787227699,69.1710565365783));
#7705=CARTESIAN_POINT('Ctrl Pts',(976.918912803368,310.306057739393,70.7302378879827));
#7706=CARTESIAN_POINT('Ctrl Pts',(973.667245745792,310.847584703315,72.1893798749919));
#7707=CARTESIAN_POINT('Ctrl Pts',(971.034248853125,311.323568763659,73.4853721456423));
#7708=CARTESIAN_POINT('Ctrl Pts',(966.159942074034,312.35783102541,76.3377764141534));
#7709=CARTESIAN_POINT('Ctrl Pts',(960.787107766432,313.802879020592,80.3559173598813));
#7710=CARTESIAN_POINT('Ctrl Pts',(955.595979876032,315.725806343453,85.6389355617826));
#7711=CARTESIAN_POINT('Ctrl Pts',(951.539228485852,317.817969489357,91.218004509914));
#7712=CARTESIAN_POINT('Ctrl Pts',(948.951255848642,319.690945799177,95.8587846548255));
#7713=CARTESIAN_POINT('Ctrl Pts',(947.262642884156,321.301540280028,99.5145244178576));
#7714=CARTESIAN_POINT('Ctrl Pts',(945.655780094485,323.179158726706,103.493282765611));
#7715=CARTESIAN_POINT('Ctrl Pts',(944.121406460315,325.870079674624,108.459867447107));
#7716=CARTESIAN_POINT('Ctrl Pts',(943.186321767914,328.972195972166,112.878679080791));
#7717=CARTESIAN_POINT('Ctrl Pts',(942.71606606645,331.644991932449,115.827675233751));
#7718=CARTESIAN_POINT('Ctrl Pts',(942.556265837582,333.04550037221,117.088371268083));
#7719=CARTESIAN_POINT('Ctrl Pts',(942.491021160194,333.761796585436,117.661219818591));
#7720=CARTESIAN_POINT('Ctrl Pts',(1021.,308.247417670134,64.5860496392329));
#7721=CARTESIAN_POINT('Ctrl Pts',(1014.4949454402,308.331237451253,64.3698038962366));
#7722=CARTESIAN_POINT('Ctrl Pts',(1005.51602787873,308.605207565724,64.5443486845883));
#7723=CARTESIAN_POINT('Ctrl Pts',(995.01382747511,309.252290194587,65.770736634898));
#7724=CARTESIAN_POINT('Ctrl Pts',(987.8304439229,309.872612440125,67.1688651307994));
#7725=CARTESIAN_POINT('Ctrl Pts',(981.296949537959,310.622180722737,69.0238862301237));
#7726=CARTESIAN_POINT('Ctrl Pts',(977.341755101178,311.204079926502,70.5462024165074));
#7727=CARTESIAN_POINT('Ctrl Pts',(974.089221902665,311.739755300974,71.9731523568523));
#7728=CARTESIAN_POINT('Ctrl Pts',(971.452111191117,312.210560421132,73.2418479587923));
#7729=CARTESIAN_POINT('Ctrl Pts',(966.558188357747,313.233097689384,76.0405374398063));
#7730=CARTESIAN_POINT('Ctrl Pts',(961.143556175197,314.66031738793,79.9967059388222));
#7731=CARTESIAN_POINT('Ctrl Pts',(955.888900289132,316.555355596719,85.2266443136618));
#7732=CARTESIAN_POINT('Ctrl Pts',(951.767350723783,318.611566133608,90.7827539103398));
#7733=CARTESIAN_POINT('Ctrl Pts',(949.128536734347,320.446885407046,95.4282228348989));
#7734=CARTESIAN_POINT('Ctrl Pts',(947.40226021173,322.021137724031,99.1021651358826));
#7735=CARTESIAN_POINT('Ctrl Pts',(945.756328201511,323.85327766312,103.111983407202));
#7736=CARTESIAN_POINT('Ctrl Pts',(944.17805369438,326.471383926835,108.144666928749));
#7737=CARTESIAN_POINT('Ctrl Pts',(943.205833750529,329.475302091731,112.671881010654));
#7738=CARTESIAN_POINT('Ctrl Pts',(942.708141151596,332.053539595163,115.731888299751));
#7739=CARTESIAN_POINT('Ctrl Pts',(942.534790424171,333.401063514417,117.05594437431));
#7740=CARTESIAN_POINT('Ctrl Pts',(942.462663180903,334.089350562788,117.662363202312));
#7741=CARTESIAN_POINT('Ctrl Pts',(1021.,309.472396516049,64.5666683293945));
#7742=CARTESIAN_POINT('Ctrl Pts',(1014.59813490489,309.547222890946,64.3541610430541));
#7743=CARTESIAN_POINT('Ctrl Pts',(1005.74349313725,309.805985172032,64.5175523635792));
#7744=CARTESIAN_POINT('Ctrl Pts',(995.349862254967,310.428072147596,65.7023457258052));
#7745=CARTESIAN_POINT('Ctrl Pts',(988.221297072714,311.027077447774,67.0584951201837));
#7746=CARTESIAN_POINT('Ctrl Pts',(981.718163695871,311.752551531839,68.8635804838807));
#7747=CARTESIAN_POINT('Ctrl Pts',(977.768531885773,312.316403053828,70.349427951849));
#7748=CARTESIAN_POINT('Ctrl Pts',(974.515185476457,312.835593756192,71.7445290872603));
#7749=CARTESIAN_POINT('Ctrl Pts',(971.873978424722,313.291984836052,72.9862179690349));
#7750=CARTESIAN_POINT('Ctrl Pts',(966.960371414781,314.283363690673,75.7317794739669));
#7751=CARTESIAN_POINT('Ctrl Pts',(961.503666610455,315.66709010988,79.6267252171487));
#7752=CARTESIAN_POINT('Ctrl Pts',(956.184880830482,317.503466802301,84.8044920170153));
#7753=CARTESIAN_POINT('Ctrl Pts',(951.997706696384,319.494316279206,90.3385603576814));
#7754=CARTESIAN_POINT('Ctrl Pts',(949.307236895034,321.26947073055,94.9895414531635));
#7755=CARTESIAN_POINT('Ctrl Pts',(947.542586378138,322.79070744477,98.6824259693734));
#7756=CARTESIAN_POINT('Ctrl Pts',(945.856765636493,324.560008934409,102.724200963174));
#7757=CARTESIAN_POINT('Ctrl Pts',(944.233455786486,327.085466803312,107.82437012344));
#7758=CARTESIAN_POINT('Ctrl Pts',(943.223010723311,329.976965667533,112.461800003482));
#7759=CARTESIAN_POINT('Ctrl Pts',(942.697164966471,332.454092469783,115.634560309291));
#7760=CARTESIAN_POINT('Ctrl Pts',(942.509977100071,333.747129950923,117.022963928867));
#7761=CARTESIAN_POINT('Ctrl Pts',(942.43084405587,334.407143022514,117.663472511769));
#7762=CARTESIAN_POINT('Ctrl Pts',(1021.,310.946563103582,64.5331738174815));
#7763=CARTESIAN_POINT('Ctrl Pts',(1014.70187745291,311.012381312649,64.3247231495859));
#7764=CARTESIAN_POINT('Ctrl Pts',(1005.97212692069,311.251903699747,64.4774298915496));
#7765=CARTESIAN_POINT('Ctrl Pts',(995.687659073854,311.837266030725,65.6213630070984));
#7766=CARTESIAN_POINT('Ctrl Pts',(988.614232288736,312.403390575869,66.9361167985678));
#7767=CARTESIAN_POINT('Ctrl Pts',(982.141678423823,313.090853230742,68.6918907512003));
#7768=CARTESIAN_POINT('Ctrl Pts',(978.197690551894,313.626084428848,70.1417067605686));
#7769=CARTESIAN_POINT('Ctrl Pts',(974.94357681345,314.119233214461,71.5053446224337));
#7770=CARTESIAN_POINT('Ctrl Pts',(972.298297295487,314.552910508825,72.7203555907816));
#7771=CARTESIAN_POINT('Ctrl Pts',(967.364993210167,315.495669650271,75.4134626503298));
#7772=CARTESIAN_POINT('Ctrl Pts',(961.866084801832,316.812852511808,79.2480499538429));
#7773=CARTESIAN_POINT('Ctrl Pts',(956.482836953895,318.562956261737,84.3746651462739));
#7774=CARTESIAN_POINT('Ctrl Pts',(952.229550257874,320.462089893656,89.8876711924097));
#7775=CARTESIAN_POINT('Ctrl Pts',(949.486927033553,322.15694299134,94.5449720798508));
#7776=CARTESIAN_POINT('Ctrl Pts',(947.683460708977,323.610274713459,98.2574691928885));
#7777=CARTESIAN_POINT('Ctrl Pts',(945.957233171747,325.301258662961,102.33197072634));
#7778=CARTESIAN_POINT('Ctrl Pts',(944.288161044472,327.716449709165,107.500715955437));
#7779=CARTESIAN_POINT('Ctrl Pts',(943.238789640461,330.483034956191,112.249638104524));
#7780=CARTESIAN_POINT('Ctrl Pts',(942.684334134793,332.853441195458,115.536289447517));
#7781=CARTESIAN_POINT('Ctrl Pts',(942.483127695234,334.090800690868,116.989652589344));
#7782=CARTESIAN_POINT('Ctrl Pts',(942.396914223782,334.722384664917,117.664572917158));
#7783=CARTESIAN_POINT('Ctrl Pts',(1021.,313.061431326913,64.4653394493939));
#7784=CARTESIAN_POINT('Ctrl Pts',(1014.83235385563,313.115967338295,64.2624476805099));
#7785=CARTESIAN_POINT('Ctrl Pts',(1006.25984680293,313.327163413915,64.4027876238832));
#7786=CARTESIAN_POINT('Ctrl Pts',(996.112778946743,313.854117235105,65.4970220100082));
#7787=CARTESIAN_POINT('Ctrl Pts',(989.108842010499,314.366814101297,66.7611868772681));
#7788=CARTESIAN_POINT('Ctrl Pts',(982.674902811789,314.991916880451,68.4565454456775));
#7789=CARTESIAN_POINT('Ctrl Pts',(978.738138711524,315.480089181788,69.8621899234459));
#7790=CARTESIAN_POINT('Ctrl Pts',(975.483173064721,315.930482837749,71.1872603735601));
#7791=CARTESIAN_POINT('Ctrl Pts',(972.832869184417,316.326905258165,72.3695736771135));
#7792=CARTESIAN_POINT('Ctrl Pts',(967.874981053369,317.190236192145,74.9984388414016));
#7793=CARTESIAN_POINT('Ctrl Pts',(962.323174877309,318.399596912296,78.7592672278171));
#7794=CARTESIAN_POINT('Ctrl Pts',(956.85885575731,320.012300522938,83.8239016619707));
#7795=CARTESIAN_POINT('Ctrl Pts',(952.52213111525,321.76853138962,89.3124069789298));
#7796=CARTESIAN_POINT('Ctrl Pts',(949.713464784497,323.341374470779,93.979074039842));
#7797=CARTESIAN_POINT('Ctrl Pts',(947.860704283876,324.693796534493,97.7172830566248));
#7798=CARTESIAN_POINT('Ctrl Pts',(946.08305744915,326.270194563494,101.834055330274));
#7799=CARTESIAN_POINT('Ctrl Pts',(944.355475053359,328.528481662398,107.090427300194));
#7800=CARTESIAN_POINT('Ctrl Pts',(943.256169010733,331.125256541184,111.980897691475));
#7801=CARTESIAN_POINT('Ctrl Pts',(942.66513005832,333.355974335342,115.411850944842));
#7802=CARTESIAN_POINT('Ctrl Pts',(942.446086966256,334.522300377793,116.947475976068));
#7803=CARTESIAN_POINT('Ctrl Pts',(942.350892091252,335.118099192177,117.665954227049));
#7804=CARTESIAN_POINT('Ctrl Pts',(1021.,314.771935515354,64.3767191417313));
#7805=CARTESIAN_POINT('Ctrl Pts',(1014.95049706594,314.816344946953,64.1794355767076));
#7806=CARTESIAN_POINT('Ctrl Pts',(1006.52038743695,315.005463299384,64.3097061064255));
#7807=CARTESIAN_POINT('Ctrl Pts',(996.497823220813,315.489724203362,65.3608683983321));
#7808=CARTESIAN_POINT('Ctrl Pts',(989.556941191101,315.964048668515,66.5808763384436));
#7809=CARTESIAN_POINT('Ctrl Pts',(983.158156712188,316.544688774442,68.2233385585459));
#7810=CARTESIAN_POINT('Ctrl Pts',(979.228096972033,316.999343942045,69.5902698029222));
#7811=CARTESIAN_POINT('Ctrl Pts',(975.97251371414,317.419233312298,70.8815423558154));
#7812=CARTESIAN_POINT('Ctrl Pts',(973.317797227702,317.789045343275,72.0352042080408));
#7813=CARTESIAN_POINT('Ctrl Pts',(968.337923662134,318.595413485088,74.607823747701));
#7814=CARTESIAN_POINT('Ctrl Pts',(962.738507428046,319.726831390844,78.3042355511591));
#7815=CARTESIAN_POINT('Ctrl Pts',(957.200861785,321.238602107246,83.3152720408664));
#7816=CARTESIAN_POINT('Ctrl Pts',(952.788292601055,322.887741205853,88.7836366703299));
#7817=CARTESIAN_POINT('Ctrl Pts',(949.919309700534,324.367053056354,93.4601833603684));
#7818=CARTESIAN_POINT('Ctrl Pts',(948.021352094471,325.640568460964,97.2226801014047));
#7819=CARTESIAN_POINT('Ctrl Pts',(946.19642172839,327.126115556747,101.378781696658));
#7820=CARTESIAN_POINT('Ctrl Pts',(944.414693242888,329.256877895481,106.715786867478));
#7821=CARTESIAN_POINT('Ctrl Pts',(943.268987854349,331.709958849906,111.735682123529));
#7822=CARTESIAN_POINT('Ctrl Pts',(942.644115103652,333.818462831514,115.298343878994));
#7823=CARTESIAN_POINT('Ctrl Pts',(942.408688525009,334.921216794266,116.909019031683));
#7824=CARTESIAN_POINT('Ctrl Pts',(942.305284425086,335.484607864454,117.667233588859));
#7825=CARTESIAN_POINT('Ctrl Pts',(1021.,315.873536923266,64.3050955421731));
#7826=CARTESIAN_POINT('Ctrl Pts',(1015.02949681328,315.911234162086,64.1118461107052));
#7827=CARTESIAN_POINT('Ctrl Pts',(1006.69443213091,316.086368638783,64.2357902955296));
#7828=CARTESIAN_POINT('Ctrl Pts',(996.755109673823,316.544265849027,65.2590650290548));
#7829=CARTESIAN_POINT('Ctrl Pts',(989.856394233393,316.995055080506,66.4503135008738));
#7830=CARTESIAN_POINT('Ctrl Pts',(983.481178215539,317.548503041166,68.0582749808771));
#7831=CARTESIAN_POINT('Ctrl Pts',(979.555664117644,317.982664084611,69.3999374816311));
#7832=CARTESIAN_POINT('Ctrl Pts',(976.299732524973,318.383885543856,70.6691552304494));
#7833=CARTESIAN_POINT('Ctrl Pts',(973.642126630717,318.737403873594,71.8041226624862));
#7834=CARTESIAN_POINT('Ctrl Pts',(968.647681569014,319.508827799414,74.3400698891286));
#7835=CARTESIAN_POINT('Ctrl Pts',(963.016577539361,320.592260175428,77.994565951962));
#7836=CARTESIAN_POINT('Ctrl Pts',(957.429972627402,322.041461944387,82.9709910631932));
#7837=CARTESIAN_POINT('Ctrl Pts',(952.966594851291,323.623663619185,88.4268727118753));
#7838=CARTESIAN_POINT('Ctrl Pts',(950.057081461228,325.043983877192,93.1106842132195));
#7839=CARTESIAN_POINT('Ctrl Pts',(948.128676734235,326.267351045877,96.8898803784324));
#7840=CARTESIAN_POINT('Ctrl Pts',(946.271828199149,327.694857371255,101.072745932828));
#7841=CARTESIAN_POINT('Ctrl Pts',(944.453404449156,329.743414105052,106.464200336254));
#7842=CARTESIAN_POINT('Ctrl Pts',(943.276182946404,332.102566500612,111.571106095555));
#7843=CARTESIAN_POINT('Ctrl Pts',(942.628405056408,334.130306470251,115.222190662348));
#7844=CARTESIAN_POINT('Ctrl Pts',(942.381934806858,335.190750483828,116.883216477991));
#7845=CARTESIAN_POINT('Ctrl Pts',(942.273019529273,335.732492761497,117.668098873897));
#7846=CARTESIAN_POINT('Ctrl Pts',(1021.,316.424829321543,64.2666660595302));
#7847=CARTESIAN_POINT('Ctrl Pts',(1015.06902391598,316.459177503436,64.0754802561215));
#7848=CARTESIAN_POINT('Ctrl Pts',(1006.78151331567,316.627333815034,64.1963550844553));
#7849=CARTESIAN_POINT('Ctrl Pts',(996.883847297309,317.072071691122,65.2058546568406));
#7850=CARTESIAN_POINT('Ctrl Pts',(990.006240461217,317.511111591018,66.3828695455855));
#7851=CARTESIAN_POINT('Ctrl Pts',(983.64283314509,318.050982372433,67.9737429958601));
#7852=CARTESIAN_POINT('Ctrl Pts',(979.719607776093,318.474908846054,69.3028874654738));
#7853=CARTESIAN_POINT('Ctrl Pts',(976.46351552619,318.866806873706,70.5611802883774));
#7854=CARTESIAN_POINT('Ctrl Pts',(973.804476141727,319.212187040696,71.6868879424207));
#7855=CARTESIAN_POINT('Ctrl Pts',(968.802764982299,319.966155198739,74.2046764318981));
#7856=CARTESIAN_POINT('Ctrl Pts',(963.155832117697,321.025612514698,77.8384360258697));
#7857=CARTESIAN_POINT('Ctrl Pts',(957.544738173958,322.44354438125,82.7977967188773));
#7858=CARTESIAN_POINT('Ctrl Pts',(953.055912053578,323.992284673646,88.2476393804293));
#7859=CARTESIAN_POINT('Ctrl Pts',(950.126072840672,325.383109166546,92.9352271783099));
#7860=CARTESIAN_POINT('Ctrl Pts',(948.18238338969,326.581398561239,96.7228793228623));
#7861=CARTESIAN_POINT('Ctrl Pts',(946.309499517456,327.979877724281,100.919239963299));
#7862=CARTESIAN_POINT('Ctrl Pts',(944.472610830857,329.987316447367,106.338060492424));
#7863=CARTESIAN_POINT('Ctrl Pts',(943.279515719605,332.299481151387,111.488611925343));
#7864=CARTESIAN_POINT('Ctrl Pts',(942.620216786093,334.28681659775,115.184023476814));
#7865=CARTESIAN_POINT('Ctrl Pts',(942.368202145758,335.326093152604,116.870285514718));
#7866=CARTESIAN_POINT('Ctrl Pts',(942.256523823054,335.857004500109,117.668533503622));
#7867=CARTESIAN_POINT('Ctrl Pts',(1021.,316.978611245134,64.2255862510026));
#7868=CARTESIAN_POINT('Ctrl Pts',(1015.10857668561,317.009618957337,64.0365140182053));
#7869=CARTESIAN_POINT('Ctrl Pts',(1006.86863705512,317.17077646674,64.1544086763697));
#7870=CARTESIAN_POINT('Ctrl Pts',(997.012657136313,317.602277476187,65.1503081100636));
#7871=CARTESIAN_POINT('Ctrl Pts',(990.156178874796,318.029486959669,66.3132397232348));
#7872=CARTESIAN_POINT('Ctrl Pts',(983.804601973422,318.555679824461,67.8871938080623));
#7873=CARTESIAN_POINT('Ctrl Pts',(979.883679959323,318.969293293532,69.2039409798461));
#7874=CARTESIAN_POINT('Ctrl Pts',(976.627439872611,319.35179623341,70.4514154038115));
#7875=CARTESIAN_POINT('Ctrl Pts',(973.966977917608,319.688975600632,71.5679541736335));
#7876=CARTESIAN_POINT('Ctrl Pts',(968.958020303031,320.425354349775,74.0677683958494));
#7877=CARTESIAN_POINT('Ctrl Pts',(963.295274497808,321.460656610503,77.68102149671));
#7878=CARTESIAN_POINT('Ctrl Pts',(957.659683794986,322.847097268641,82.6235672616935));
#7879=CARTESIAN_POINT('Ctrl Pts',(953.145366605053,324.3621595588,88.0675786764178));
#7880=CARTESIAN_POINT('Ctrl Pts',(950.195141784393,325.723318504401,92.7590887341276));
#7881=CARTESIAN_POINT('Ctrl Pts',(948.236106905292,326.896401987755,96.5553034080336));
#7882=CARTESIAN_POINT('Ctrl Pts',(946.347111370844,328.265718659786,100.765271397761));
#7883=CARTESIAN_POINT('Ctrl Pts',(944.491640185663,330.231880554779,106.211595894047));
#7884=CARTESIAN_POINT('Ctrl Pts',(943.282556281764,332.496937893797,111.405926631165));
#7885=CARTESIAN_POINT('Ctrl Pts',(942.611668939206,334.44380913346,115.145773052583));
#7886=CARTESIAN_POINT('Ctrl Pts',(942.354088031385,335.461901938291,116.857326649204));
#7887=CARTESIAN_POINT('Ctrl Pts',(942.239639954312,335.981977814492,117.668969744556));
#7888=CARTESIAN_POINT('Ctrl Pts',(1021.,318.84807588282,64.0796847134765));
#7889=CARTESIAN_POINT('Ctrl Pts',(1015.24042803453,318.867973766346,63.8977747631275));
#7890=CARTESIAN_POINT('Ctrl Pts',(1007.15915849182,319.005487428821,64.0060937871584));
#7891=CARTESIAN_POINT('Ctrl Pts',(997.442194401009,319.391857013652,64.9572393023054));
#7892=CARTESIAN_POINT('Ctrl Pts',(990.65621860345,319.778624459263,66.0737532103465));
#7893=CARTESIAN_POINT('Ctrl Pts',(984.344151612474,320.25799943166,67.5918904659762));
#7894=CARTESIAN_POINT('Ctrl Pts',(980.430966181002,320.63629980968,68.8677340979478));
#7895=CARTESIAN_POINT('Ctrl Pts',(977.174285600203,320.986637153311,70.0795170133552));
#7896=CARTESIAN_POINT('Ctrl Pts',(974.509126401457,321.295742001537,71.1658086364471));
#7897=CARTESIAN_POINT('Ctrl Pts',(969.476100246319,321.971930736655,73.6063490457056));
#7898=CARTESIAN_POINT('Ctrl Pts',(963.760729423057,322.92464909265,77.1520448250893));
#7899=CARTESIAN_POINT('Ctrl Pts',(958.043495057662,324.203627975728,82.0394045573406));
#7900=CARTESIAN_POINT('Ctrl Pts',(953.444100514152,325.604041107915,87.4646926168322));
#7901=CARTESIAN_POINT('Ctrl Pts',(950.425749278178,326.864481826717,92.1697724460656));
#7902=CARTESIAN_POINT('Ctrl Pts',(948.41537727155,327.952186688023,95.994886323841));
#7903=CARTESIAN_POINT('Ctrl Pts',(946.472442578485,329.222881151093,100.250586613078));
#7904=CARTESIAN_POINT('Ctrl Pts',(944.554657553002,331.049840155547,105.789044381653));
#7905=CARTESIAN_POINT('Ctrl Pts',(943.291905279127,333.156734357475,111.129722888268));
#7906=CARTESIAN_POINT('Ctrl Pts',(942.582173307242,334.968224639877,115.018013484124));
#7907=CARTESIAN_POINT('Ctrl Pts',(942.30597203844,335.915605074867,116.814048701701));
#7908=CARTESIAN_POINT('Ctrl Pts',(942.18226954344,336.399554980203,117.670427369761));
#7909=CARTESIAN_POINT('Ctrl Pts',(1021.,322.172961213259,63.7633716411052));
#7910=CARTESIAN_POINT('Ctrl Pts',(1015.46479613369,322.174227195778,63.5947832749881));
#7911=CARTESIAN_POINT('Ctrl Pts',(1007.65340112994,322.26957847273,63.6892220711883));
#7912=CARTESIAN_POINT('Ctrl Pts',(998.173122388391,322.572889691379,64.56890063238));
#7913=CARTESIAN_POINT('Ctrl Pts',(991.507349350686,322.884528593338,65.6105557940093));
#7914=CARTESIAN_POINT('Ctrl Pts',(985.262906496427,323.276545775257,67.0383552437177));
#7915=CARTESIAN_POINT('Ctrl Pts',(981.363239852316,323.588863700862,68.247937126951));
#7916=CARTESIAN_POINT('Ctrl Pts',(978.106150452829,323.8791228955,69.4019313359402));
#7917=CARTESIAN_POINT('Ctrl Pts',(975.433306079028,324.135804136232,70.4392668085123));
#7918=CARTESIAN_POINT('Ctrl Pts',(970.359948121311,324.699746935073,72.7840381167262));
#7919=CARTESIAN_POINT('Ctrl Pts',(964.555681082896,325.498897941851,76.2210987416122));
#7920=CARTESIAN_POINT('Ctrl Pts',(958.699670957131,326.579303602961,81.021325065695));
#7921=CARTESIAN_POINT('Ctrl Pts',(953.954747214723,327.769567413227,86.4202529921843));
#7922=CARTESIAN_POINT('Ctrl Pts',(950.819185404603,328.847090441805,91.1521515662939));
#7923=CARTESIAN_POINT('Ctrl Pts',(948.720074563579,329.780986558529,95.0290672052017));
#7924=CARTESIAN_POINT('Ctrl Pts',(946.683580857632,330.875008398881,99.3652800206635));
#7925=CARTESIAN_POINT('Ctrl Pts',(944.656934317087,332.455061283435,105.06364659455));
#7926=CARTESIAN_POINT('Ctrl Pts',(943.300065472544,334.285894925898,110.656094907903));
#7927=CARTESIAN_POINT('Ctrl Pts',(942.522651880569,335.864155003094,114.799047022369));
#7928=CARTESIAN_POINT('Ctrl Pts',(942.214294158433,336.690766410449,116.739876708233));
#7929=CARTESIAN_POINT('Ctrl Pts',(942.074716126953,337.113291763965,117.672918791254));
#7930=CARTESIAN_POINT('Ctrl Pts',(1020.99999999999,325.853016003211,63.2674008821354));
#7931=CARTESIAN_POINT('Ctrl Pts',(1015.72585459982,325.833226776902,63.1160344401475));
#7932=CARTESIAN_POINT('Ctrl Pts',(1008.22970525584,325.882882167446,63.199518291905));
#7933=CARTESIAN_POINT('Ctrl Pts',(999.026162998683,326.097496934211,64.004964377321));
#7934=CARTESIAN_POINT('Ctrl Pts',(992.501886309258,326.329241643963,64.9676602701691));
#7935=CARTESIAN_POINT('Ctrl Pts',(986.338056025735,326.62840003786,66.2994142650238));
#7936=CARTESIAN_POINT('Ctrl Pts',(982.455675441269,326.870482318269,67.4384623487199));
#7937=CARTESIAN_POINT('Ctrl Pts',(979.199533288889,327.096696567005,68.5309806082565));
#7938=CARTESIAN_POINT('Ctrl Pts',(976.51898799126,327.297435158745,69.5162691872143));
#7939=CARTESIAN_POINT('Ctrl Pts',(971.401216828336,327.741288316814,71.7595286933225));
#7940=CARTESIAN_POINT('Ctrl Pts',(965.496357739743,328.375403914859,75.0823952633837));
#7941=CARTESIAN_POINT('Ctrl Pts',(959.480677721824,329.240741046306,79.7940273316487));
#7942=CARTESIAN_POINT('Ctrl Pts',(954.565939832521,330.201429608591,85.1722106489741));
#7943=CARTESIAN_POINT('Ctrl Pts',(951.291918027672,331.077309144085,89.9417534706015));
#7944=CARTESIAN_POINT('Ctrl Pts',(949.086975664521,331.840390734829,93.8833739620263));
#7945=CARTESIAN_POINT('Ctrl Pts',(946.938177956253,332.73723930566,98.3177791033522));
#7946=CARTESIAN_POINT('Ctrl Pts',(944.779015137581,334.039355718582,104.20746304717));
#7947=CARTESIAN_POINT('Ctrl Pts',(943.306646861941,335.555459715157,110.097590598544));
#7948=CARTESIAN_POINT('Ctrl Pts',(942.447098786234,336.86520185405,114.540766889504));
#7949=CARTESIAN_POINT('Ctrl Pts',(942.100373456273,337.551860636106,116.652305491475));
#7950=CARTESIAN_POINT('Ctrl Pts',(941.942061377378,337.902979021987,117.675675330992));
#7951=CARTESIAN_POINT('Ctrl Pts',(1020.99999999999,328.553407273107,62.8571243779144));
#7952=CARTESIAN_POINT('Ctrl Pts',(1015.9061051604,328.519605076432,62.7188618186149));
#7953=CARTESIAN_POINT('Ctrl Pts',(1008.62696684576,328.535783154687,62.7969694978253));
#7954=CARTESIAN_POINT('Ctrl Pts',(999.614828632464,328.682497570372,63.5564050786978));
#7955=CARTESIAN_POINT('Ctrl Pts',(993.188719124588,328.852253849649,64.4692121806089));
#7956=CARTESIAN_POINT('Ctrl Pts',(987.081425470494,329.078924953694,65.7399856028788));
#7957=CARTESIAN_POINT('Ctrl Pts',(983.211758043081,329.26606790882,66.8341778349417));
#7958=CARTESIAN_POINT('Ctrl Pts',(979.957023357312,329.442207746823,67.8876429238195));
#7959=CARTESIAN_POINT('Ctrl Pts',(977.271845625857,329.59922160134,68.8398889461649));
#7960=CARTESIAN_POINT('Ctrl Pts',(972.124842719629,329.949368655281,71.0188945739113));
#7961=CARTESIAN_POINT('Ctrl Pts',(966.152214122013,330.455186680016,74.2700565435108));
#7962=CARTESIAN_POINT('Ctrl Pts',(960.027441060486,331.154725883015,78.9278352295579));
#7963=CARTESIAN_POINT('Ctrl Pts',(954.995257443402,331.940330112398,84.2971215948562));
#7964=CARTESIAN_POINT('Ctrl Pts',(951.624484116137,332.664321537557,89.0959539035693));
#7965=CARTESIAN_POINT('Ctrl Pts',(949.345012645331,333.300138344377,93.0843702931091));
#7966=CARTESIAN_POINT('Ctrl Pts',(947.116668697902,334.051194648096,97.588603220014));
#7967=CARTESIAN_POINT('Ctrl Pts',(944.862615199126,335.150578643053,103.612474275652));
#7968=CARTESIAN_POINT('Ctrl Pts',(943.307120779038,336.442170891531,109.709736287197));
#7969=CARTESIAN_POINT('Ctrl Pts',(942.38907120015,337.563857253132,114.361431831084));
#7970=CARTESIAN_POINT('Ctrl Pts',(942.015402247909,338.153710581483,116.591469621366));
#7971=CARTESIAN_POINT('Ctrl Pts',(941.844096312294,338.455747057759,117.677604863273));
#7972=CARTESIAN_POINT('Ctrl Pts',(1020.99999999999,329.885302283392,62.6423461013333));
#7973=CARTESIAN_POINT('Ctrl Pts',(1015.99536742152,329.844694411475,62.5108254700942));
#7974=CARTESIAN_POINT('Ctrl Pts',(1008.82362091699,329.844739702981,62.5867841000602));
#7975=CARTESIAN_POINT('Ctrl Pts',(999.906272918001,329.958821447409,63.3244795934549));
#7976=CARTESIAN_POINT('Ctrl Pts',(993.528826232123,330.098792739513,64.2135072760216));
#7977=CARTESIAN_POINT('Ctrl Pts',(987.449638988215,330.290619746581,65.4551281163497));
#7978=CARTESIAN_POINT('Ctrl Pts',(983.586374825537,330.451331371222,66.527854351428));
#7979=CARTESIAN_POINT('Ctrl Pts',(980.332444016896,330.603365909213,67.5626329533946));
#7980=CARTESIAN_POINT('Ctrl Pts',(977.645070623737,330.739322851475,68.4990698244783));
#7981=CARTESIAN_POINT('Ctrl Pts',(972.483792194056,331.044299813571,70.6473565992884));
#7982=CARTESIAN_POINT('Ctrl Pts',(966.477804296149,331.488176958763,73.86431705693));
#7983=CARTESIAN_POINT('Ctrl Pts',(960.299003946653,332.107470849761,78.4966710139211));
#7984=CARTESIAN_POINT('Ctrl Pts',(955.208303634655,332.808109791124,83.8623290101275));
#7985=CARTESIAN_POINT('Ctrl Pts',(951.789073573575,333.458191529583,88.6760379359181));
#7986=CARTESIAN_POINT('Ctrl Pts',(949.472127731282,334.031945121112,92.6878220453146));
#7987=CARTESIAN_POINT('Ctrl Pts',(947.2036750995,334.711798732443,97.2267943773058));
#7988=CARTESIAN_POINT('Ctrl Pts',(944.901514689602,335.711921997789,103.317250606064));
#7989=CARTESIAN_POINT('Ctrl Pts',(943.303802877962,336.893184561273,109.517223734173));
#7990=CARTESIAN_POINT('Ctrl Pts',(942.356240739094,337.922194738735,114.272393190832));
#7991=CARTESIAN_POINT('Ctrl Pts',(941.969100526336,338.464251655006,116.56127911429));
#7992=CARTESIAN_POINT('Ctrl Pts',(941.791342996202,338.742030808468,117.678604186141));
#7993=CARTESIAN_POINT('Ctrl Pts',(1020.99999999999,330.634270121642,62.5177446021225));
#7994=CARTESIAN_POINT('Ctrl Pts',(1016.04611293528,330.589835802571,62.3901369569498));
#7995=CARTESIAN_POINT('Ctrl Pts',(1008.93536831717,330.580948499413,62.4649958846188));
#7996=CARTESIAN_POINT('Ctrl Pts',(1000.07190279339,330.677086544281,63.1906046378892));
#7997=CARTESIAN_POINT('Ctrl Pts',(993.72212767155,330.800703519447,64.066347730618));
#7998=CARTESIAN_POINT('Ctrl Pts',(987.658948733859,330.973404209761,65.2916603403547));
#7999=CARTESIAN_POINT('Ctrl Pts',(983.799356051013,331.119600648265,66.3523699919823));
#8000=CARTESIAN_POINT('Ctrl Pts',(980.545914179903,331.258390575643,67.3766879868398));
#8001=CARTESIAN_POINT('Ctrl Pts',(977.857322497633,331.382774025462,68.3042746684699));
#8002=CARTESIAN_POINT('Ctrl Pts',(972.687990542391,331.662901573788,70.4353673895973));
#8003=CARTESIAN_POINT('Ctrl Pts',(966.663102668826,332.072649590463,73.6331965236746));
#8004=CARTESIAN_POINT('Ctrl Pts',(960.453595125568,332.64760777132,78.2513724461619));
#8005=CARTESIAN_POINT('Ctrl Pts',(955.329530909984,333.301157778567,83.6151060584638));
#8006=CARTESIAN_POINT('Ctrl Pts',(951.882598793055,333.910142530066,88.4373093836214));
#8007=CARTESIAN_POINT('Ctrl Pts',(949.544186261603,334.449291726992,92.4623792210836));
#8008=CARTESIAN_POINT('Ctrl Pts',(947.252724409451,335.089370843084,97.0210876992722));
#8009=CARTESIAN_POINT('Ctrl Pts',(944.922890892882,336.033866230168,103.149363266394));
#8010=CARTESIAN_POINT('Ctrl Pts',(943.300873486119,337.152987831408,109.407707292013));
#8011=CARTESIAN_POINT('Ctrl Pts',(942.336378389722,338.129592407718,114.22172799407));
#8012=CARTESIAN_POINT('Ctrl Pts',(941.941543948378,338.644550501536,116.544102112825));
#8013=CARTESIAN_POINT('Ctrl Pts',(941.760115487705,338.908557428668,117.679185476065));
#8014=CARTESIAN_POINT('Ctrl Pts',(1020.99999999999,331.374982860144,62.3917522914256));
#8015=CARTESIAN_POINT('Ctrl Pts',(1016.09666320935,331.326763538687,62.2680864750442));
#8016=CARTESIAN_POINT('Ctrl Pts',(1009.04668027623,331.309142733127,62.3419467104999));
#8017=CARTESIAN_POINT('Ctrl Pts',(1000.23689074608,331.387821869529,63.0556992908721));
#8018=CARTESIAN_POINT('Ctrl Pts',(993.914691016063,331.495544179931,63.9183732378));
#8019=CARTESIAN_POINT('Ctrl Pts',(987.867478669334,331.64966008807,65.1276243451329));
#8020=CARTESIAN_POINT('Ctrl Pts',(984.011563115228,331.781747622257,66.1764947296319));
#8021=CARTESIAN_POINT('Ctrl Pts',(980.758627849293,331.907658836726,67.1905063969573));
#8022=CARTESIAN_POINT('Ctrl Pts',(978.068840474551,332.02078573959,68.1093734026351));
#8023=CARTESIAN_POINT('Ctrl Pts',(972.891521987234,332.276728356032,70.2235283462785));
#8024=CARTESIAN_POINT('Ctrl Pts',(966.847840970933,332.653221701702,73.4025219164451));
#8025=CARTESIAN_POINT('Ctrl Pts',(960.607735109407,333.18489365889,78.0067760357667));
#8026=CARTESIAN_POINT('Ctrl Pts',(955.450354705011,333.792365857605,83.3687026144624));
#8027=CARTESIAN_POINT('Ctrl Pts',(951.975710246486,334.361040022144,88.1994068835678));
#8028=CARTESIAN_POINT('Ctrl Pts',(949.615793906965,334.866179957174,92.2377239190452));
#8029=CARTESIAN_POINT('Ctrl Pts',(947.301261521434,335.467116425284,96.8160973804071));
#8030=CARTESIAN_POINT('Ctrl Pts',(944.943630016857,336.356740410158,102.982042655079));
#8031=CARTESIAN_POINT('Ctrl Pts',(943.297184000563,337.414348404833,109.298537353206));
#8032=CARTESIAN_POINT('Ctrl Pts',(942.315710527967,338.338931135873,114.171214914647));
#8033=CARTESIAN_POINT('Ctrl Pts',(941.913185977225,338.826938716984,116.526980049229));
#8034=CARTESIAN_POINT('Ctrl Pts',(941.728097511429,339.077235675785,117.679774276614));
#8035=CARTESIAN_POINT('Ctrl Pts',(1020.99999999999,332.102788921937,62.2636676767988));
#8036=CARTESIAN_POINT('Ctrl Pts',(1016.14689987133,332.050847714561,62.1439787642594));
#8037=CARTESIAN_POINT('Ctrl Pts',(1009.15731193268,332.024800072953,62.2170003317916));
#8038=CARTESIAN_POINT('Ctrl Pts',(1000.40087312761,332.086763179913,62.9192461970772));
#8039=CARTESIAN_POINT('Ctrl Pts',(994.106100480944,332.179295530855,63.7691823206745));
#8040=CARTESIAN_POINT('Ctrl Pts',(988.074790127633,332.315656645907,64.9627504683461));
#8041=CARTESIAN_POINT('Ctrl Pts',(984.222561527361,332.434258027332,66.0000544885237));
#8042=CARTESIAN_POINT('Ctrl Pts',(980.970161275523,332.54785142576,67.0039971505472));
#8043=CARTESIAN_POINT('Ctrl Pts',(978.279214108477,332.650207613874,67.9143453180158));
#8044=CARTESIAN_POINT('Ctrl Pts',(973.094015369606,332.882984020716,70.0119569286139));
#8045=CARTESIAN_POINT('Ctrl Pts',(967.031711154009,333.227563641345,73.1725703153849));
#8046=CARTESIAN_POINT('Ctrl Pts',(960.761182658344,333.717559208886,77.7632973765633));
#8047=CARTESIAN_POINT('Ctrl Pts',(955.570568892495,334.280505388445,83.1235976068504));
#8048=CARTESIAN_POINT('Ctrl Pts',(952.068204493157,334.810076656799,87.9628120871863));
#8049=CARTESIAN_POINT('Ctrl Pts',(949.68673387096,335.282121880335,92.0143155756632));
#8050=CARTESIAN_POINT('Ctrl Pts',(947.349044602572,335.84488735512,96.6122423622626));
#8051=CARTESIAN_POINT('Ctrl Pts',(944.963432993317,336.680804500939,102.815622573939));
#8052=CARTESIAN_POINT('Ctrl Pts',(943.29237758084,337.677867657746,109.189919414083));
#8053=CARTESIAN_POINT('Ctrl Pts',(942.293861063767,338.551023763975,114.120944054464));
#8054=CARTESIAN_POINT('Ctrl Pts',(941.883655088393,339.012311898745,116.509945674962));
#8055=CARTESIAN_POINT('Ctrl Pts',(941.694923999804,339.248996449297,117.680373837254));
#8056=CARTESIAN_POINT('Ctrl Pts',(1020.99999999999,332.833404568075,62.1309801801515));
#8057=CARTESIAN_POINT('Ctrl Pts',(1016.1968247636,332.777811767378,62.0153236337391));
#8058=CARTESIAN_POINT('Ctrl Pts',(1009.26720080945,332.743372200876,62.0876779231826));
#8059=CARTESIAN_POINT('Ctrl Pts',(1000.5637806014,332.788574517138,62.7789073669247));
#8060=CARTESIAN_POINT('Ctrl Pts',(994.296277131516,332.865841564009,63.6165631209231));
#8061=CARTESIAN_POINT('Ctrl Pts',(988.280809348703,332.984339271816,64.7949857448181));
#8062=CARTESIAN_POINT('Ctrl Pts',(984.432284125611,333.089364182393,65.8211146983487));
#8063=CARTESIAN_POINT('Ctrl Pts',(981.18045524806,333.190556237375,66.8153332249244));
#8064=CARTESIAN_POINT('Ctrl Pts',(978.488392430922,333.282068191783,67.7174565198067));
#8065=CARTESIAN_POINT('Ctrl Pts',(973.295439328864,333.491520937742,69.799114205678));
#8066=CARTESIAN_POINT('Ctrl Pts',(967.214710906187,333.803977097258,72.9420569914167));
#8067=CARTESIAN_POINT('Ctrl Pts',(960.913973151393,334.252054357111,77.5199472987385));
#8068=CARTESIAN_POINT('Ctrl Pts',(955.690243658066,334.770265898988,82.8790729040823));
#8069=CARTESIAN_POINT('Ctrl Pts',(952.160177507218,335.260604413347,87.7270056932862));
#8070=CARTESIAN_POINT('Ctrl Pts',(949.757120771022,335.69948661648,91.7917764207513));
#8071=CARTESIAN_POINT('Ctrl Pts',(947.396204789453,336.224035834887,96.4092868139089));
#8072=CARTESIAN_POINT('Ctrl Pts',(944.982449284248,337.006268455978,102.650016403216));
#8073=CARTESIAN_POINT('Ctrl Pts',(943.286619030543,337.94297644144,109.081854548437));
#8074=CARTESIAN_POINT('Ctrl Pts',(942.271005152818,338.764984706479,114.070934979845));
#8075=CARTESIAN_POINT('Ctrl Pts',(941.853129771327,339.199739765468,116.493003737216));
#8076=CARTESIAN_POINT('Ctrl Pts',(941.660776659841,339.422917352846,117.680980938201));
#8077=CARTESIAN_POINT('Ctrl Pts',(1020.99999999999,333.937814206814,61.9267402992173));
#8078=CARTESIAN_POINT('Ctrl Pts',(1016.27134770625,333.876811377489,61.8171525416518));
#8079=CARTESIAN_POINT('Ctrl Pts',(1009.43127479777,333.829717155794,61.8887293166433));
#8080=CARTESIAN_POINT('Ctrl Pts',(1000.80703032106,333.849413818189,62.5639445881551));
#8081=CARTESIAN_POINT('Ctrl Pts',(994.580282902073,333.903394314642,63.3836778452913));
#8082=CARTESIAN_POINT('Ctrl Pts',(988.588526556399,333.99460986253,64.5399598616182));
#8083=CARTESIAN_POINT('Ctrl Pts',(984.745583315204,334.078892486354,65.5497509840332));
#8084=CARTESIAN_POINT('Ctrl Pts',(981.494657572919,334.161139511268,66.5297571225448));
#8085=CARTESIAN_POINT('Ctrl Pts',(978.800973734549,334.236086084066,67.4198622433915));
#8086=CARTESIAN_POINT('Ctrl Pts',(973.596534664696,334.409922145991,69.4782304374719));
#8087=CARTESIAN_POINT('Ctrl Pts',(967.488397622845,334.67335920665,72.5954438961748));
#8088=CARTESIAN_POINT('Ctrl Pts',(961.142593414423,335.057571055331,77.1548465894578));
#8089=CARTESIAN_POINT('Ctrl Pts',(955.869339888612,335.507763079776,82.5127301284997));
#8090=CARTESIAN_POINT('Ctrl Pts',(952.297762302693,335.93858411574,87.3739957851323));
#8091=CARTESIAN_POINT('Ctrl Pts',(949.862310377997,336.32725776437,91.4587803601838));
#8092=CARTESIAN_POINT('Ctrl Pts',(947.466503506231,336.794029070455,96.1057287145679));
#8093=CARTESIAN_POINT('Ctrl Pts',(945.010387266234,337.495298046758,102.402429688357));
#8094=CARTESIAN_POINT('Ctrl Pts',(943.277240791029,338.341351940234,108.92032614583));
#8095=CARTESIAN_POINT('Ctrl Pts',(942.235933252929,339.086793016865,113.996190035655));
#8096=CARTESIAN_POINT('Ctrl Pts',(941.806570538553,339.481917349911,116.467688168862));
#8097=CARTESIAN_POINT('Ctrl Pts',(941.60880508302,339.684944449786,117.68189558903));
#8098=CARTESIAN_POINT('Ctrl Pts',(1021.,335.7033190665,61.5887337832199));
#8099=CARTESIAN_POINT('Ctrl Pts',(1016.38177666448,335.634468176667,61.4883697574726));
#8100=CARTESIAN_POINT('Ctrl Pts',(1009.67442591632,335.566832284698,61.559751020297));
#8101=CARTESIAN_POINT('Ctrl Pts',(1001.16763384979,335.54309686249,62.2134754542747));
#8102=CARTESIAN_POINT('Ctrl Pts',(995.001466122846,335.5569299349,63.0087725231743));
#8103=CARTESIAN_POINT('Ctrl Pts',(989.045113097043,335.600871453895,64.1347226815743));
#8104=CARTESIAN_POINT('Ctrl Pts',(985.210673079606,335.649188728394,65.1221363266767));
#8105=CARTESIAN_POINT('Ctrl Pts',(981.961305143923,335.698626937814,66.0827116542861));
#8106=CARTESIAN_POINT('Ctrl Pts',(979.265415427741,335.744908630185,66.9564077037502));
#8107=CARTESIAN_POINT('Ctrl Pts',(974.044358311576,335.857285300494,68.9831314452526));
#8108=CARTESIAN_POINT('Ctrl Pts',(967.896053708076,336.036594007371,72.0658240437199));
#8109=CARTESIAN_POINT('Ctrl Pts',(961.483692915167,336.312373921217,76.601745573706));
#8110=CARTESIAN_POINT('Ctrl Pts',(956.136821846644,336.648600278711,81.9610023507311));
#8111=CARTESIAN_POINT('Ctrl Pts',(952.503212348405,336.981175619452,86.84419083822));
#8112=CARTESIAN_POINT('Ctrl Pts',(950.019166547901,337.28803962463,90.9601221281439));
#8113=CARTESIAN_POINT('Ctrl Pts',(947.570888058127,337.661516697417,95.6521806921188));
#8114=CARTESIAN_POINT('Ctrl Pts',(945.050749555122,338.234148320724,102.033432014938));
#8115=CARTESIAN_POINT('Ctrl Pts',(943.261099880634,338.939938063961,108.679984836387));
#8116=CARTESIAN_POINT('Ctrl Pts',(942.181101093814,339.569507288725,113.885084434778));
#8117=CARTESIAN_POINT('Ctrl Pts',(941.734577627572,339.905557244305,116.430081938908));
#8118=CARTESIAN_POINT('Ctrl Pts',(941.528777492286,340.078785656421,117.683270359771));
#8119=CARTESIAN_POINT('Ctrl Pts',(1021.,338.19429902055,61.1029945931262));
#8120=CARTESIAN_POINT('Ctrl Pts',(1016.52573952455,338.115618076596,61.0151614548355));
#8121=CARTESIAN_POINT('Ctrl Pts',(1009.99152404995,338.018111769367,61.0877975789411));
#8122=CARTESIAN_POINT('Ctrl Pts',(1001.63858353884,337.927784689637,61.7169356076607));
#8123=CARTESIAN_POINT('Ctrl Pts',(995.552247838163,337.879251481766,62.4835666745803));
#8124=CARTESIAN_POINT('Ctrl Pts',(989.643203010508,337.849360956334,63.5736651549554));
#8125=CARTESIAN_POINT('Ctrl Pts',(985.820795025403,337.841455690392,64.5346021284279));
#8126=CARTESIAN_POINT('Ctrl Pts',(982.574339770675,337.83966161195,65.4722252939559));
#8127=CARTESIAN_POINT('Ctrl Pts',(979.876354882847,337.84121389713,66.3265616161287));
#8128=CARTESIAN_POINT('Ctrl Pts',(974.635254960511,337.857938821256,68.3161318877775));
#8129=CARTESIAN_POINT('Ctrl Pts',(968.43654010333,337.906997743742,71.3588296049098));
#8130=CARTESIAN_POINT('Ctrl Pts',(961.939047028087,338.016694265061,75.8692114924029));
#8131=CARTESIAN_POINT('Ctrl Pts',(956.49674653421,338.180723481647,81.2338966817402));
#8132=CARTESIAN_POINT('Ctrl Pts',(952.781901627152,338.367189495975,86.1477745089287));
#8133=CARTESIAN_POINT('Ctrl Pts',(950.233764653673,338.554113972175,90.3056078953065));
#8134=CARTESIAN_POINT('Ctrl Pts',(947.715950187235,338.792203645384,95.0576784177912));
#8135=CARTESIAN_POINT('Ctrl Pts',(945.110205775056,339.181625824436,101.55031573504));
#8136=CARTESIAN_POINT('Ctrl Pts',(943.244653204801,339.694011881647,108.365364903434));
#8137=CARTESIAN_POINT('Ctrl Pts',(942.113044412253,340.168324260752,113.739548790034));
#8138=CARTESIAN_POINT('Ctrl Pts',(941.643888671363,340.426822245859,116.38073092932));
#8139=CARTESIAN_POINT('Ctrl Pts',(941.427594233882,340.561360660475,117.684954871154));
#8140=CARTESIAN_POINT('Ctrl Pts',(1021.,339.693727707939,60.7986340587185));
#8141=CARTESIAN_POINT('Ctrl Pts',(1016.64263065549,339.607433714671,60.7213928720667));
#8142=CARTESIAN_POINT('Ctrl Pts',(1010.24918398395,339.493660226796,60.7942450236306));
#8143=CARTESIAN_POINT('Ctrl Pts',(1002.02213313245,339.371697776011,61.4003232158284));
#8144=CARTESIAN_POINT('Ctrl Pts',(996.001693992349,339.294463826468,62.1404704233879));
#8145=CARTESIAN_POINT('Ctrl Pts',(990.132472549436,339.230895318551,63.1974795341345));
#8146=CARTESIAN_POINT('Ctrl Pts',(986.320970202385,339.197221228493,64.1338066213232));
#8147=CARTESIAN_POINT('Ctrl Pts',(983.077931067048,339.171771222179,65.0499318744248));
#8148=CARTESIAN_POINT('Ctrl Pts',(980.379171536483,339.152569836328,65.8860351409481));
#8149=CARTESIAN_POINT('Ctrl Pts',(975.123729253964,339.12430344319,67.8400003434275));
#8150=CARTESIAN_POINT('Ctrl Pts',(968.88646673469,339.110599283779,70.8426970646924));
#8151=CARTESIAN_POINT('Ctrl Pts',(962.322068498691,339.136723815224,75.3225155372115));
#8152=CARTESIAN_POINT('Ctrl Pts',(956.803482900481,339.209676209509,80.6811726912185));
#8153=CARTESIAN_POINT('Ctrl Pts',(953.022889904655,339.314582555218,85.6114179542631));
#8154=CARTESIAN_POINT('Ctrl Pts',(950.422446487411,339.431433293324,89.7967349212042));
#8155=CARTESIAN_POINT('Ctrl Pts',(947.847569008302,339.587907488269,94.590621243598));
#8156=CARTESIAN_POINT('Ctrl Pts',(945.170859761805,339.86060517665,101.165690826752));
#8157=CARTESIAN_POINT('Ctrl Pts',(943.241997759493,340.238385469974,108.111922615915));
#8158=CARTESIAN_POINT('Ctrl Pts',(942.067589033859,340.596456274321,113.621201274876));
#8159=CARTESIAN_POINT('Ctrl Pts',(941.579860054439,340.793913955013,116.340293475602));
#8160=CARTESIAN_POINT('Ctrl Pts',(941.35503486811,340.89718779181,117.686127133748));
#8161=CARTESIAN_POINT('Ctrl Pts',(1021.,340.662472919412,60.5951880048786));
#8162=CARTESIAN_POINT('Ctrl Pts',(1016.73408145283,340.57046507944,60.5264780489225));
#8163=CARTESIAN_POINT('Ctrl Pts',(1010.4508827,340.447056033805,60.599343142761));
#8164=CARTESIAN_POINT('Ctrl Pts',(1002.32291028368,340.308789458544,61.1864813688853));
#8165=CARTESIAN_POINT('Ctrl Pts',(996.35468449128,340.217309882575,61.904934586806));
#8166=CARTESIAN_POINT('Ctrl Pts',(990.517485552612,340.137187292856,62.9348130009529));
#8167=CARTESIAN_POINT('Ctrl Pts',(986.715215132148,340.090746690225,63.8508871557366));
#8168=CARTESIAN_POINT('Ctrl Pts',(983.47549683348,340.053455761934,64.7492589223234));
#8169=CARTESIAN_POINT('Ctrl Pts',(980.776703019475,340.023796866614,65.5702676812889));
#8170=CARTESIAN_POINT('Ctrl Pts',(975.51123121721,339.972449105028,67.4945344974358));
#8171=CARTESIAN_POINT('Ctrl Pts',(969.245274980582,339.925562429944,70.4632765332683));
#8172=CARTESIAN_POINT('Ctrl Pts',(962.629873098511,339.905260751213,74.9154647656821));
#8173=CARTESIAN_POINT('Ctrl Pts',(957.052287399952,339.924955281105,80.2651590125059));
#8174=CARTESIAN_POINT('Ctrl Pts',(953.220319216538,339.979733129035,85.204578103898));
#8175=CARTESIAN_POINT('Ctrl Pts',(950.578725518304,340.051839347667,89.4085624441836));
#8176=CARTESIAN_POINT('Ctrl Pts',(947.958757037908,340.154911855186,94.2321353485339));
#8177=CARTESIAN_POINT('Ctrl Pts',(945.22551993762,340.348127271158,100.868136245623));
#8178=CARTESIAN_POINT('Ctrl Pts',(943.245998413732,340.628948859913,107.914461621497));
#8179=CARTESIAN_POINT('Ctrl Pts',(942.037514395995,340.899815079969,113.528461057552));
#8180=CARTESIAN_POINT('Ctrl Pts',(941.535130184247,341.050306990674,116.308450482043));
#8181=CARTESIAN_POINT('Ctrl Pts',(941.303628316602,341.129220945186,117.686937085537));
#8182=CARTESIAN_POINT('Ctrl Pts',(1021.,341.677280298135,60.3826065293403));
#8183=CARTESIAN_POINT('Ctrl Pts',(1016.8240914766,341.57982017177,60.3224604412622));
#8184=CARTESIAN_POINT('Ctrl Pts',(1010.64944413677,341.445924521318,60.3958094979388));
#8185=CARTESIAN_POINT('Ctrl Pts',(1002.61931210649,341.28828196597,60.9654065290725));
#8186=CARTESIAN_POINT('Ctrl Pts',(996.702850635015,341.179415345907,61.6635323243983));
#8187=CARTESIAN_POINT('Ctrl Pts',(990.897673872681,341.078891756015,62.6678943160693));
#8188=CARTESIAN_POINT('Ctrl Pts',(987.104902704409,341.016737171155,63.5648975380187));
#8189=CARTESIAN_POINT('Ctrl Pts',(983.868837385201,340.964936471171,64.4465535552286));
#8190=CARTESIAN_POINT('Ctrl Pts',(981.170350162264,340.922499750129,65.2533509537547));
#8191=CARTESIAN_POINT('Ctrl Pts',(975.895715366941,340.843186652298,67.1496758095157));
#8192=CARTESIAN_POINT('Ctrl Pts',(969.602377961074,340.756680651044,70.0865361681679));
#8193=CARTESIAN_POINT('Ctrl Pts',(962.93751843509,340.682312796108,74.5129892556968));
#8194=CARTESIAN_POINT('Ctrl Pts',(957.302153947747,340.641585613443,79.8547543569883));
#8195=CARTESIAN_POINT('Ctrl Pts',(953.41952344397,340.640916540098,84.803601491028));
#8196=CARTESIAN_POINT('Ctrl Pts',(950.737164873627,340.664483771183,89.0261393994023));
#8197=CARTESIAN_POINT('Ctrl Pts',(948.072395519226,340.710337949926,93.8790527160724));
#8198=CARTESIAN_POINT('Ctrl Pts',(945.282695577493,340.820083282078,100.575060465096));
#8199=CARTESIAN_POINT('Ctrl Pts',(943.252441905333,341.001939371641,107.719869893166));
#8200=CARTESIAN_POINT('Ctrl Pts',(942.00997491825,341.185604377305,113.436991477974));
#8201=CARTESIAN_POINT('Ctrl Pts',(941.493075716589,341.289722023795,116.277000188603));
#8202=CARTESIAN_POINT('Ctrl Pts',(941.255002347843,341.344732397466,117.687689365476));
#8203=CARTESIAN_POINT('Ctrl Pts',(1021.,343.048001765508,60.0991393535978));
#8204=CARTESIAN_POINT('Ctrl Pts',(1016.933689169,342.944225486272,60.0496724334213));
#8205=CARTESIAN_POINT('Ctrl Pts',(1010.89143895817,342.795627405997,60.124610743745));
#8206=CARTESIAN_POINT('Ctrl Pts',(1002.98096896011,342.607929502221,60.6749665661096));
#8207=CARTESIAN_POINT('Ctrl Pts',(997.128174523702,342.471362298005,61.3503560715105));
#8208=CARTESIAN_POINT('Ctrl Pts',(991.362815502763,342.338025790564,62.3259674969881));
#8209=CARTESIAN_POINT('Ctrl Pts',(987.582289984011,342.250626314655,63.2014436094363));
#8210=CARTESIAN_POINT('Ctrl Pts',(984.351303280479,342.175615794107,64.0642330679675));
#8211=CARTESIAN_POINT('Ctrl Pts',(981.653746011457,342.112796200697,64.8549931252912));
#8212=CARTESIAN_POINT('Ctrl Pts',(976.369103757214,341.989243950706,66.719826719425));
#8213=CARTESIAN_POINT('Ctrl Pts',(970.043786329052,341.840982458441,69.6208954253995));
#8214=CARTESIAN_POINT('Ctrl Pts',(963.319754615516,341.684519088752,74.0189041205728));
#8215=CARTESIAN_POINT('Ctrl Pts',(957.614214465143,341.554665799653,79.3528066926408));
#8216=CARTESIAN_POINT('Ctrl Pts',(953.669400818487,341.474602704425,84.3139586780584));
#8217=CARTESIAN_POINT('Ctrl Pts',(950.93666170059,341.430309620422,88.559481478612));
#8218=CARTESIAN_POINT('Ctrl Pts',(948.216285508024,341.397422608532,93.4484093651936));
#8219=CARTESIAN_POINT('Ctrl Pts',(945.355948021727,341.395311546451,100.217631383608));
#8220=CARTESIAN_POINT('Ctrl Pts',(943.262018410173,341.449739500381,107.482374581931));
#8221=CARTESIAN_POINT('Ctrl Pts',(941.977211496642,341.524504864683,113.325231259799));
#8222=CARTESIAN_POINT('Ctrl Pts',(941.442444705465,341.571831925419,116.23853337739));
#8223=CARTESIAN_POINT('Ctrl Pts',(941.196363949089,341.597860181421,117.688572951717));
#8224=CARTESIAN_POINT('Ctrl Pts',(1021.,344.600057497329,59.7776583971956));
#8225=CARTESIAN_POINT('Ctrl Pts',(1017.06028292756,344.4895801699,59.7410463122575));
#8226=CARTESIAN_POINT('Ctrl Pts',(1011.17077223132,344.325648514082,59.8185476356281));
#8227=CARTESIAN_POINT('Ctrl Pts',(1003.3988656622,344.106675173158,60.3481501691497));
#8228=CARTESIAN_POINT('Ctrl Pts',(997.620136215905,343.941213497264,60.9985428820294));
#8229=CARTESIAN_POINT('Ctrl Pts',(991.901605484652,343.773510099492,61.9423394992267));
#8230=CARTESIAN_POINT('Ctrl Pts',(988.135964243117,343.659532682319,62.7938861869135));
#8231=CARTESIAN_POINT('Ctrl Pts',(984.911553420305,343.560010924608,63.6356589708527));
#8232=CARTESIAN_POINT('Ctrl Pts',(982.215710286092,343.475622414286,64.4085260716257));
#8233=CARTESIAN_POINT('Ctrl Pts',(976.920833966636,343.305044987311,66.2380851670195));
#8234=CARTESIAN_POINT('Ctrl Pts',(970.560081163388,343.090688049104,69.0987208737167));
#8235=CARTESIAN_POINT('Ctrl Pts',(963.768539333156,342.84548723408,73.4636720199119));
#8236=CARTESIAN_POINT('Ctrl Pts',(957.981340372254,342.61837457489,78.7866027516914));
#8237=CARTESIAN_POINT('Ctrl Pts',(953.963170379166,342.450892780989,83.7595610813679));
#8238=CARTESIAN_POINT('Ctrl Pts',(951.170466036627,342.33138208911,88.0294613188286));
#8239=CARTESIAN_POINT('Ctrl Pts',(948.383524295954,342.210845607844,92.9575026714723));
#8240=CARTESIAN_POINT('Ctrl Pts',(945.437779979566,342.083355439981,99.8081009532731));
#8241=CARTESIAN_POINT('Ctrl Pts',(943.266668447434,341.993618510686,107.208891368242));
#8242=CARTESIAN_POINT('Ctrl Pts',(941.931185841774,341.944368580755,113.196055676958));
#8243=CARTESIAN_POINT('Ctrl Pts',(941.375443229551,341.926752248672,116.194031940065));
#8244=CARTESIAN_POINT('Ctrl Pts',(941.120128070219,341.919566973671,117.689695924828));
#8245=CARTESIAN_POINT('Ctrl Pts',(1021.,345.675034826557,59.5491772921449));
#8246=CARTESIAN_POINT('Ctrl Pts',(1017.14102578188,345.560704714695,59.5210480643034));
#8247=CARTESIAN_POINT('Ctrl Pts',(1011.34897896768,345.386635194197,59.6012295649848));
#8248=CARTESIAN_POINT('Ctrl Pts',(1003.66565924523,345.14562944322,60.1199096345032));
#8249=CARTESIAN_POINT('Ctrl Pts',(997.934519221774,344.959477513547,60.7565605721084));
#8250=CARTESIAN_POINT('Ctrl Pts',(992.246374051504,344.766986879527,61.6826075754897));
#8251=CARTESIAN_POINT('Ctrl Pts',(988.490688151001,344.63380603693,62.5207432579803));
#8252=CARTESIAN_POINT('Ctrl Pts',(985.270913141276,344.516590296636,63.350732029984));
#8253=CARTESIAN_POINT('Ctrl Pts',(982.576560046159,344.41664055391,64.1135643595421));
#8254=CARTESIAN_POINT('Ctrl Pts',(977.275968118246,344.212219379836,65.9233581277616));
#8255=CARTESIAN_POINT('Ctrl Pts',(970.89349414356,343.950527796607,68.7614201278566));
#8256=CARTESIAN_POINT('Ctrl Pts',(964.059226234402,343.64240670007,73.1082026912143));
#8257=CARTESIAN_POINT('Ctrl Pts',(958.219230297284,343.34715530576,78.425683981895));
#8258=CARTESIAN_POINT('Ctrl Pts',(954.152938846627,343.119228145354,83.4066540791668));
#8259=CARTESIAN_POINT('Ctrl Pts',(951.320530714971,342.948287211532,87.6921728956984));
#8260=CARTESIAN_POINT('Ctrl Pts',(948.489263235211,342.768277132569,92.6450704626566));
#8261=CARTESIAN_POINT('Ctrl Pts',(945.486067436823,342.55683473754,99.5472080563102));
#8262=CARTESIAN_POINT('Ctrl Pts',(943.262934539832,342.372622674353,107.03433908135));
#8263=CARTESIAN_POINT('Ctrl Pts',(941.893773819175,342.243517711993,113.11348512643));
#8264=CARTESIAN_POINT('Ctrl Pts',(941.324397238843,342.184567499073,116.165623802961));
#8265=CARTESIAN_POINT('Ctrl Pts',(941.06319870512,342.156371469405,117.690522531813));
#8266=CARTESIAN_POINT('Ctrl Pts',(1021.,346.195654815548,59.4368064336779));
#8267=CARTESIAN_POINT('Ctrl Pts',(1017.18047061483,346.079568869818,59.4129357539318));
#8268=CARTESIAN_POINT('Ctrl Pts',(1011.43590737638,345.900887573952,59.4945542414785));
#8269=CARTESIAN_POINT('Ctrl Pts',(1003.795882201,345.649847809608,60.0082992803658));
#8270=CARTESIAN_POINT('Ctrl Pts',(998.08804225922,345.454245647533,60.638586102798));
#8271=CARTESIAN_POINT('Ctrl Pts',(992.414863957014,345.250397826136,61.556368813166));
#8272=CARTESIAN_POINT('Ctrl Pts',(988.664158923705,345.108386029874,62.3882365983809));
#8273=CARTESIAN_POINT('Ctrl Pts',(985.446765387033,344.983016683671,63.2127123037045));
#8274=CARTESIAN_POINT('Ctrl Pts',(982.753247947354,344.875886820838,63.970845715322));
#8275=CARTESIAN_POINT('Ctrl Pts',(977.450089456751,344.655803824958,65.7713663013945));
#8276=CARTESIAN_POINT('Ctrl Pts',(971.057258481766,344.372111253297,68.5987963114026));
#8277=CARTESIAN_POINT('Ctrl Pts',(964.202238468274,344.034563950664,72.9369136574568));
#8278=CARTESIAN_POINT('Ctrl Pts',(958.336290561557,343.707256242656,78.251586900105));
#8279=CARTESIAN_POINT('Ctrl Pts',(954.246159230909,343.450733053005,83.2361592523288));
#8280=CARTESIAN_POINT('Ctrl Pts',(951.393984720328,343.255359710227,87.5289925343728));
#8281=CARTESIAN_POINT('Ctrl Pts',(948.540578980672,343.047019769623,92.4936523567056));
#8282=CARTESIAN_POINT('Ctrl Pts',(945.50854063362,342.795410881061,99.4204447589412));
#8283=CARTESIAN_POINT('Ctrl Pts',(943.259269413534,342.565724765075,106.949308736475));
#8284=CARTESIAN_POINT('Ctrl Pts',(941.873312194516,342.398014721422,113.073190659607));
#8285=CARTESIAN_POINT('Ctrl Pts',(941.297213934997,342.319026495018,116.151758322356));
#8286=CARTESIAN_POINT('Ctrl Pts',(941.033150000002,342.280629208777,117.690956274909));
#8287=CARTESIAN_POINT('',(1021.,346.195654815548,57.8368064336779));
#8288=CARTESIAN_POINT('',(1021.,346.195654815548,59.4368064336779));
#8289=CARTESIAN_POINT('Ctrl Pts',(1021.,346.195654815548,57.8368064336779));
#8290=CARTESIAN_POINT('Ctrl Pts',(1021.,346.123524536684,57.8359176502057));
#8291=CARTESIAN_POINT('Ctrl Pts',(1021.,345.976843335332,57.8339733788267));
#8292=CARTESIAN_POINT('Ctrl Pts',(1021.,345.754471483144,57.8306399759156));
#8293=CARTESIAN_POINT('Ctrl Pts',(1021.,345.45510996413,57.8255152926767));
#8294=CARTESIAN_POINT('Ctrl Pts',(1021.,345.079221847364,57.818329257925));
#8295=CARTESIAN_POINT('Ctrl Pts',(1021.,344.702720016201,57.8105733680708));
#8296=CARTESIAN_POINT('Ctrl Pts',(1021.,344.32912444646,57.8023361081053));
#8297=CARTESIAN_POINT('Ctrl Pts',(1021.,343.957656042015,57.7933648139637));
#8298=CARTESIAN_POINT('Ctrl Pts',(1021.,343.586193338103,57.7832331586783));
#8299=CARTESIAN_POINT('Ctrl Pts',(1021.,343.212340645094,57.771482495198));
#8300=CARTESIAN_POINT('Ctrl Pts',(1021.,342.834476121331,57.7577614020641));
#8301=CARTESIAN_POINT('Ctrl Pts',(1021.,342.452757151343,57.7419599594354));
#8302=CARTESIAN_POINT('Ctrl Pts',(1021.,342.070281716837,57.7243625170968));
#8303=CARTESIAN_POINT('Ctrl Pts',(1021.,341.691547739424,57.7054808297301));
#8304=CARTESIAN_POINT('Ctrl Pts',(1021.,341.320738458321,57.685866207048));
#8305=CARTESIAN_POINT('Ctrl Pts',(1021.,340.960032837106,57.6659255956251));
#8306=CARTESIAN_POINT('Ctrl Pts',(1021.,340.607992187599,57.6457443915378));
#8307=CARTESIAN_POINT('Ctrl Pts',(1021.,340.257681213596,57.6248838515003));
#8308=CARTESIAN_POINT('Ctrl Pts',(1021.,339.898708427567,57.6025578808803));
#8309=CARTESIAN_POINT('Ctrl Pts',(1021.,339.519587077812,57.5778411750841));
#8310=CARTESIAN_POINT('Ctrl Pts',(1021.,339.110020655842,57.5498694269173));
#8311=CARTESIAN_POINT('Ctrl Pts',(1021.,338.663128677267,57.518035183736));
#8312=CARTESIAN_POINT('Ctrl Pts',(1021.,338.177942849577,57.482206146442));
#8313=CARTESIAN_POINT('Ctrl Pts',(1021.,337.658328081399,57.4426429743613));
#8314=CARTESIAN_POINT('Ctrl Pts',(1021.,337.111528277322,57.3998854575508));
#8315=CARTESIAN_POINT('Ctrl Pts',(1021.,336.546840161894,57.35464954154));
#8316=CARTESIAN_POINT('Ctrl Pts',(1021.,335.974247946814,57.3077209014394));
#8317=CARTESIAN_POINT('Ctrl Pts',(1021.,335.403040742632,57.2598474143422));
#8318=CARTESIAN_POINT('Ctrl Pts',(1021.,334.840517692895,57.2116381977744));
#8319=CARTESIAN_POINT('Ctrl Pts',(1021.,334.290444021672,57.1634437913398));
#8320=CARTESIAN_POINT('Ctrl Pts',(1021.,333.753494218073,57.1153870727692));
#8321=CARTESIAN_POINT('Ctrl Pts',(1021.,333.22808010667,57.067423388242));
#8322=CARTESIAN_POINT('Ctrl Pts',(1021.,332.711049472637,57.0193908417293));
#8323=CARTESIAN_POINT('Ctrl Pts',(1021.,332.198429716962,56.9710640430681));
#8324=CARTESIAN_POINT('Ctrl Pts',(1021.,331.686173589523,56.9222079173705));
#8325=CARTESIAN_POINT('Ctrl Pts',(1021.,331.170853605789,56.8726278458155));
#8326=CARTESIAN_POINT('Ctrl Pts',(1021.,330.650508880734,56.822230798906));
#8327=CARTESIAN_POINT('Ctrl Pts',(1021.,330.12456349413,56.7710194207412));
#8328=CARTESIAN_POINT('Ctrl Pts',(1021.,329.593457274398,56.7190653522727));
#8329=CARTESIAN_POINT('Ctrl Pts',(1021.,329.058370875145,56.6664893408632));
#8330=CARTESIAN_POINT('Ctrl Pts',(1021.,328.520915349619,56.6134388420032));
#8331=CARTESIAN_POINT('Ctrl Pts',(1021.,327.982827984108,56.5600659412603));
#8332=CARTESIAN_POINT('Ctrl Pts',(1021.,327.445686558061,56.5065069154067));
#8333=CARTESIAN_POINT('Ctrl Pts',(1021.,326.910561935465,56.452856566269));
#8334=CARTESIAN_POINT('Ctrl Pts',(1021.,326.377986159076,56.3991691006537));
#8335=CARTESIAN_POINT('Ctrl Pts',(1021.,325.848065973969,56.3454711869947));
#8336=CARTESIAN_POINT('Ctrl Pts',(1021.,325.320550025691,56.29177120984));
#8337=CARTESIAN_POINT('Ctrl Pts',(1021.,324.794915312664,56.2380699381798));
#8338=CARTESIAN_POINT('Ctrl Pts',(1021.,324.270445351832,56.1843709709577));
#8339=CARTESIAN_POINT('Ctrl Pts',(1021.,323.746311926277,56.1306903792471));
#8340=CARTESIAN_POINT('Ctrl Pts',(1021.,323.221655230751,56.0770689522445));
#8341=CARTESIAN_POINT('Ctrl Pts',(1021.,322.695664634168,56.0235729325536));
#8342=CARTESIAN_POINT('Ctrl Pts',(1021.,322.167657962677,55.9702872297771));
#8343=CARTESIAN_POINT('Ctrl Pts',(1021.,321.637163118259,55.9173108779547));
#8344=CARTESIAN_POINT('Ctrl Pts',(1021.,321.103994682996,55.8647515969822));
#8345=CARTESIAN_POINT('Ctrl Pts',(1021.,320.568342035922,55.8127206691188));
#8346=CARTESIAN_POINT('Ctrl Pts',(1021.,320.030830687522,55.7613278427144));
#8347=CARTESIAN_POINT('Ctrl Pts',(1021.,319.492649337417,55.7106758203442));
#8348=CARTESIAN_POINT('Ctrl Pts',(1021.,318.955427765372,55.6608565896676));
#8349=CARTESIAN_POINT('Ctrl Pts',(1021.,318.420893666507,55.6119495207587));
#8350=CARTESIAN_POINT('Ctrl Pts',(1021.,317.890586347356,55.5640188721398));
#8351=CARTESIAN_POINT('Ctrl Pts',(1021.,317.365557380128,55.517111748541));
#8352=CARTESIAN_POINT('Ctrl Pts',(1021.,316.846053203159,55.4712553811141));
#8353=CARTESIAN_POINT('Ctrl Pts',(1021.,316.331260577374,55.4264558258689));
#8354=CARTESIAN_POINT('Ctrl Pts',(1021.,315.81888956556,55.3826932818338));
#8355=CARTESIAN_POINT('Ctrl Pts',(1021.,315.305330995644,55.339929172626));
#8356=CARTESIAN_POINT('Ctrl Pts',(1021.,314.786514126811,55.2981274448683));
#8357=CARTESIAN_POINT('Ctrl Pts',(1021.,314.258594143298,55.2572725236761));
#8358=CARTESIAN_POINT('Ctrl Pts',(1021.,313.718690328607,55.2173880155019));
#8359=CARTESIAN_POINT('Ctrl Pts',(1021.,313.165644983543,55.1785564972146));
#8360=CARTESIAN_POINT('Ctrl Pts',(1021.,312.600674656045,55.1409355664014));
#8361=CARTESIAN_POINT('Ctrl Pts',(1021.,312.028308590237,55.1047834792265));
#8362=CARTESIAN_POINT('Ctrl Pts',(1021.,311.456366938973,55.0704529596478));
#8363=CARTESIAN_POINT('Ctrl Pts',(1021.,310.894349909165,55.0383325002537));
#8364=CARTESIAN_POINT('Ctrl Pts',(1021.,310.352179186297,55.0087991801183));
#8365=CARTESIAN_POINT('Ctrl Pts',(1021.,309.838825090746,54.9821680112617));
#8366=CARTESIAN_POINT('Ctrl Pts',(1021.,309.360919570398,54.9586400991923));
#8367=CARTESIAN_POINT('Ctrl Pts',(1021.,308.921521898192,54.9382575218858));
#8368=CARTESIAN_POINT('Ctrl Pts',(1021.,308.5184636528,54.9208402844913));
#8369=CARTESIAN_POINT('Ctrl Pts',(1021.,308.14403834913,54.9059802159507));
#8370=CARTESIAN_POINT('Ctrl Pts',(1021.,307.787654196349,54.8931596318899));
#8371=CARTESIAN_POINT('Ctrl Pts',(1021.,307.43795719169,54.8818483527024));
#8372=CARTESIAN_POINT('Ctrl Pts',(1021.,307.085015406987,54.8716016561087));
#8373=CARTESIAN_POINT('Ctrl Pts',(1021.,306.722833786785,54.8621761333657));
#8374=CARTESIAN_POINT('Ctrl Pts',(1021.,306.350568432642,54.8535784587132));
#8375=CARTESIAN_POINT('Ctrl Pts',(1021.,305.970548570034,54.8459514613074));
#8376=CARTESIAN_POINT('Ctrl Pts',(1021.,305.586890663484,54.8394894697924));
#8377=CARTESIAN_POINT('Ctrl Pts',(1021.,305.203961666297,54.8343481576464));
#8378=CARTESIAN_POINT('Ctrl Pts',(1021.,304.82470532615,54.8305421264741));
#8379=CARTESIAN_POINT('Ctrl Pts',(1021.,304.44967630789,54.8278947886849));
#8380=CARTESIAN_POINT('Ctrl Pts',(1021.,304.077987925536,54.8261258378077));
#8381=CARTESIAN_POINT('Ctrl Pts',(1021.,303.707906383233,54.8249141074738));
#8382=CARTESIAN_POINT('Ctrl Pts',(1021.,303.337549400489,54.8239661268481));
#8383=CARTESIAN_POINT('Ctrl Pts',(1021.,302.965625981504,54.8230919309185));
#8384=CARTESIAN_POINT('Ctrl Pts',(1021.,302.591884522883,54.8222468130556));
#8385=CARTESIAN_POINT('Ctrl Pts',(1021.,302.216700354333,54.8214766145601));
#8386=CARTESIAN_POINT('Ctrl Pts',(1021.,301.840818802388,54.8208800834133));
#8387=CARTESIAN_POINT('Ctrl Pts',(1021.,301.465051622387,54.8205666810978));
#8388=CARTESIAN_POINT('Ctrl Pts',(1021.,301.089957534751,54.8206110787593));
#8389=CARTESIAN_POINT('Ctrl Pts',(1021.,300.715643117297,54.8210257298877));
#8390=CARTESIAN_POINT('Ctrl Pts',(1021.,300.341942646556,54.8217887720599));
#8391=CARTESIAN_POINT('Ctrl Pts',(1021.,299.968531487467,54.8228623512557));
#8392=CARTESIAN_POINT('Ctrl Pts',(1021.,299.595059285827,54.8242136173366));
#8393=CARTESIAN_POINT('Ctrl Pts',(1021.,299.221290156429,54.8258372342409));
#8394=CARTESIAN_POINT('Ctrl Pts',(1021.,298.847191279645,54.8277688885308));
#8395=CARTESIAN_POINT('Ctrl Pts',(1021.,298.472849195939,54.8300691824602));
#8396=CARTESIAN_POINT('Ctrl Pts',(1021.,298.098415130165,54.832812557612));
#8397=CARTESIAN_POINT('Ctrl Pts',(1021.,297.724042168286,54.8360746868195));
#8398=CARTESIAN_POINT('Ctrl Pts',(1021.,297.349818038192,54.8399194404522));
#8399=CARTESIAN_POINT('Ctrl Pts',(1021.,296.975724318877,54.8443894189388));
#8400=CARTESIAN_POINT('Ctrl Pts',(1021.,296.601687747101,54.8495095817025));
#8401=CARTESIAN_POINT('Ctrl Pts',(1021.,296.227617084638,54.855288469783));
#8402=CARTESIAN_POINT('Ctrl Pts',(1021.,295.853442889653,54.8617207008357));
#8403=CARTESIAN_POINT('Ctrl Pts',(1021.,295.479162638338,54.8687881576574));
#8404=CARTESIAN_POINT('Ctrl Pts',(1021.,295.10486321973,54.8764640749641));
#8405=CARTESIAN_POINT('Ctrl Pts',(1021.,294.730663127877,54.8847258860955));
#8406=CARTESIAN_POINT('Ctrl Pts',(1021.,294.356665772021,54.8935672108012));
#8407=CARTESIAN_POINT('Ctrl Pts',(1021.,293.982912694339,54.9030090456635));
#8408=CARTESIAN_POINT('Ctrl Pts',(1021.,293.609326737843,54.9131139680836));
#8409=CARTESIAN_POINT('Ctrl Pts',(1021.,293.235690365116,54.9239908718488));
#8410=CARTESIAN_POINT('Ctrl Pts',(1021.,292.86175356456,54.9357652889795));
#8411=CARTESIAN_POINT('Ctrl Pts',(1021.,292.48732558826,54.9485540967187));
#8412=CARTESIAN_POINT('Ctrl Pts',(1021.,292.112364432978,54.9624405631662));
#8413=CARTESIAN_POINT('Ctrl Pts',(1021.,291.737087519975,54.9774444067347));
#8414=CARTESIAN_POINT('Ctrl Pts',(1021.,291.362011930002,54.9935086827517));
#8415=CARTESIAN_POINT('Ctrl Pts',(1021.,290.987715830154,55.010553658097));
#8416=CARTESIAN_POINT('Ctrl Pts',(1021.,290.614632739655,55.0285226019247));
#8417=CARTESIAN_POINT('Ctrl Pts',(1021.,290.242851182946,55.0474267492589));
#8418=CARTESIAN_POINT('Ctrl Pts',(1021.,289.87186919939,55.0673999905039));
#8419=CARTESIAN_POINT('Ctrl Pts',(1021.,289.500497046589,55.0887212108212));
#8420=CARTESIAN_POINT('Ctrl Pts',(1021.,289.12740330542,55.1116960383817));
#8421=CARTESIAN_POINT('Ctrl Pts',(1021.,288.75158871533,55.136554261213));
#8422=CARTESIAN_POINT('Ctrl Pts',(1021.,288.372849872921,55.163349777102));
#8423=CARTESIAN_POINT('Ctrl Pts',(1021.,287.992337163602,55.1918391819078));
#8424=CARTESIAN_POINT('Ctrl Pts',(1021.,287.612804360402,55.2214299541628));
#8425=CARTESIAN_POINT('Ctrl Pts',(1021.,287.237354005558,55.2514678803032));
#8426=CARTESIAN_POINT('Ctrl Pts',(1021.,286.868342875386,55.2814884185597));
#8427=CARTESIAN_POINT('Ctrl Pts',(1021.,286.506302529718,55.3114645728475));
#8428=CARTESIAN_POINT('Ctrl Pts',(1021.,286.148672390947,55.3420972541179));
#8429=CARTESIAN_POINT('Ctrl Pts',(1021.,285.789147479441,55.3749664406781));
#8430=CARTESIAN_POINT('Ctrl Pts',(1021.,285.420524544121,55.4118904124523));
#8431=CARTESIAN_POINT('Ctrl Pts',(1021.,285.037195433476,55.4543646573464));
#8432=CARTESIAN_POINT('Ctrl Pts',(1021.,284.637644642896,55.5030002747273));
#8433=CARTESIAN_POINT('Ctrl Pts',(1021.,284.227254393979,55.5568917130502));
#8434=CARTESIAN_POINT('Ctrl Pts',(1021.,283.820075232344,55.6132216202344));
#8435=CARTESIAN_POINT('Ctrl Pts',(1021.,283.433234699286,55.6685508723571));
#8436=CARTESIAN_POINT('Ctrl Pts',(1021.,283.082032920697,55.7199522843379));
#8437=CARTESIAN_POINT('Ctrl Pts',(1021.,282.774923563184,55.7661683572783));
#8438=CARTESIAN_POINT('Ctrl Pts',(1021.,282.508191739207,55.8088438751539));
#8439=CARTESIAN_POINT('Ctrl Pts',(1021.,282.261840360431,55.8534614918477));
#8440=CARTESIAN_POINT('Ctrl Pts',(1021.,282.012650918525,55.905820966702));
#8441=CARTESIAN_POINT('Ctrl Pts',(1021.,281.74412698759,55.9694050955373));
#8442=CARTESIAN_POINT('Ctrl Pts',(1021.,281.461431627384,56.041252956756));
#8443=CARTESIAN_POINT('Ctrl Pts',(1021.,281.189474043491,56.1129421733662));
#8444=CARTESIAN_POINT('Ctrl Pts',(1021.,280.953246255286,56.1770015315705));
#8445=CARTESIAN_POINT('Ctrl Pts',(1021.,280.764008806478,56.2314853471922));
#8446=CARTESIAN_POINT('Ctrl Pts',(1021.,280.600266640568,56.2862998764913));
#8447=CARTESIAN_POINT('Ctrl Pts',(1021.,280.429295286768,56.3544210468067));
#8448=CARTESIAN_POINT('Ctrl Pts',(1021.,280.240424260171,56.4381818394619));
#8449=CARTESIAN_POINT('Ctrl Pts',(1021.,280.059016235532,56.5241614572547));
#8450=CARTESIAN_POINT('Ctrl Pts',(1021.,279.912502326745,56.5992565598696));
#8451=CARTESIAN_POINT('Ctrl Pts',(1021.,279.794065127848,56.6684437940768));
#8452=CARTESIAN_POINT('Ctrl Pts',(1021.,279.668231567583,56.7508362792407));
#8453=CARTESIAN_POINT('Ctrl Pts',(1021.,279.529234820525,56.8478968134388));
#8454=CARTESIAN_POINT('Ctrl Pts',(1021.,279.40885089596,56.9398344083895));
#8455=CARTESIAN_POINT('Ctrl Pts',(1021.,279.320006888261,57.0194444449111));
#8456=CARTESIAN_POINT('Ctrl Pts',(1021.,279.226708062491,57.110406854926));
#8457=CARTESIAN_POINT('Ctrl Pts',(1021.,279.118075218714,57.2395130747266));
#8458=CARTESIAN_POINT('Ctrl Pts',(1021.,279.042395237423,57.4176671314372));
#8459=CARTESIAN_POINT('Ctrl Pts',(1021.,279.047704846214,57.6387507767025));
#8460=CARTESIAN_POINT('Ctrl Pts',(1021.,279.123963090683,57.8725122553761));
#8461=CARTESIAN_POINT('Ctrl Pts',(1021.,279.224505546572,58.0822571905246));
#8462=CARTESIAN_POINT('Ctrl Pts',(1021.,279.306588586602,58.2452348261433));
#8463=CARTESIAN_POINT('Ctrl Pts',(1021.,279.37358343314,58.3779507060768));
#8464=CARTESIAN_POINT('Ctrl Pts',(1021.,279.457455841398,58.5166951266147));
#8465=CARTESIAN_POINT('Ctrl Pts',(1021.,279.569561087893,58.673122110998));
#8466=CARTESIAN_POINT('Ctrl Pts',(1021.,279.68976986417,58.825376003089));
#8467=CARTESIAN_POINT('Ctrl Pts',(1021.,279.799069157724,58.9526460443305));
#8468=CARTESIAN_POINT('Ctrl Pts',(1021.,279.907623453241,59.0653369616786));
#8469=CARTESIAN_POINT('Ctrl Pts',(1021.,280.04021810858,59.190234099132));
#8470=CARTESIAN_POINT('Ctrl Pts',(1021.,280.202143123686,59.3358693404122));
#8471=CARTESIAN_POINT('Ctrl Pts',(1021.,280.373928479333,59.4860001768995));
#8472=CARTESIAN_POINT('Ctrl Pts',(1021.,280.534610531374,59.6209902976485));
#8473=CARTESIAN_POINT('Ctrl Pts',(1021.,280.68453190933,59.7378431661423));
#8474=CARTESIAN_POINT('Ctrl Pts',(1021.,280.846939361978,59.8529974923648));
#8475=CARTESIAN_POINT('Ctrl Pts',(1021.,281.045415918368,59.9845724662197));
#8476=CARTESIAN_POINT('Ctrl Pts',(1021.,281.283256711038,60.136854620785));
#8477=CARTESIAN_POINT('Ctrl Pts',(1021.,281.543795317004,60.2997057828983));
#8478=CARTESIAN_POINT('Ctrl Pts',(1021.,281.805639393989,60.4589188076023));
#8479=CARTESIAN_POINT('Ctrl Pts',(1021.,282.052138210894,60.6024254897054));
#8480=CARTESIAN_POINT('Ctrl Pts',(1021.,282.28572435342,60.7297908680087));
#8481=CARTESIAN_POINT('Ctrl Pts',(1021.,282.522686068346,60.8492810112598));
#8482=CARTESIAN_POINT('Ctrl Pts',(1021.,282.783127571698,60.9719382664674));
#8483=CARTESIAN_POINT('Ctrl Pts',(1021.,283.082547915988,61.1066576844223));
#8484=CARTESIAN_POINT('Ctrl Pts',(1021.,283.422671471516,61.2548041999577));
#8485=CARTESIAN_POINT('Ctrl Pts',(1021.,283.795585765332,61.412483172938));
#8486=CARTESIAN_POINT('Ctrl Pts',(1021.,284.187768594215,61.5727433147013));
#8487=CARTESIAN_POINT('Ctrl Pts',(1021.,284.58428700157,61.7278772855414));
#8488=CARTESIAN_POINT('Ctrl Pts',(1021.,284.972639970262,61.8715246436153));
#8489=CARTESIAN_POINT('Ctrl Pts',(1021.,285.347487738578,62.001264025768));
#8490=CARTESIAN_POINT('Ctrl Pts',(1021.,285.709640339889,62.1180413230981));
#8491=CARTESIAN_POINT('Ctrl Pts',(1021.,286.063596687174,62.2247997294712));
#8492=CARTESIAN_POINT('Ctrl Pts',(1021.,286.415496613831,62.3253361086515));
#8493=CARTESIAN_POINT('Ctrl Pts',(1021.,286.771076532373,62.4231621862205));
#8494=CARTESIAN_POINT('Ctrl Pts',(1021.,287.133179024876,62.5201128990197));
#8495=CARTESIAN_POINT('Ctrl Pts',(1021.,287.501701561313,62.6163311059501));
#8496=CARTESIAN_POINT('Ctrl Pts',(1021.,287.874821281845,62.7109714080849));
#8497=CARTESIAN_POINT('Ctrl Pts',(1021.,288.249855683938,62.802699596164));
#8498=CARTESIAN_POINT('Ctrl Pts',(1021.,288.624194286191,62.8902300176069));
#8499=CARTESIAN_POINT('Ctrl Pts',(1021.,288.996398303802,62.9729628258102));
#8500=CARTESIAN_POINT('Ctrl Pts',(1021.,289.366372638012,63.051077680207));
#8501=CARTESIAN_POINT('Ctrl Pts',(1021.,289.734801450148,63.1251969957162));
#8502=CARTESIAN_POINT('Ctrl Pts',(1021.,290.102783430358,63.1961655413292));
#8503=CARTESIAN_POINT('Ctrl Pts',(1021.,290.471418770062,63.2648027055117));
#8504=CARTESIAN_POINT('Ctrl Pts',(1021.,290.841333648008,63.3316160366271));
#8505=CARTESIAN_POINT('Ctrl Pts',(1021.,291.212560182298,63.3967306821073));
#8506=CARTESIAN_POINT('Ctrl Pts',(1021.,291.58478880686,63.4600445443179));
#8507=CARTESIAN_POINT('Ctrl Pts',(1021.,291.95752500048,63.5213254195986));
#8508=CARTESIAN_POINT('Ctrl Pts',(1021.,292.330270842874,63.5803233559901));
#8509=CARTESIAN_POINT('Ctrl Pts',(1021.,292.702730757876,63.6368972203786));
#8510=CARTESIAN_POINT('Ctrl Pts',(1021.,293.074876724588,63.6910576786537));
#8511=CARTESIAN_POINT('Ctrl Pts',(1021.,293.446833187077,63.7429027239291));
#8512=CARTESIAN_POINT('Ctrl Pts',(1021.,293.818805768281,63.7925794165038));
#8513=CARTESIAN_POINT('Ctrl Pts',(1021.,294.190998684674,63.840238628141));
#8514=CARTESIAN_POINT('Ctrl Pts',(1021.,294.563521195421,63.8859838920698));
#8515=CARTESIAN_POINT('Ctrl Pts',(1021.,294.93635561007,63.9298547508511));
#8516=CARTESIAN_POINT('Ctrl Pts',(1021.,295.309416698453,63.97186145066));
#8517=CARTESIAN_POINT('Ctrl Pts',(1021.,295.68259037788,64.0120081197452));
#8518=CARTESIAN_POINT('Ctrl Pts',(1021.,296.055776751963,64.0503180515038));
#8519=CARTESIAN_POINT('Ctrl Pts',(1021.,296.428941035306,64.0868642640044));
#8520=CARTESIAN_POINT('Ctrl Pts',(1021.,296.802127018783,64.1217761711444));
#8521=CARTESIAN_POINT('Ctrl Pts',(1021.,297.175409884948,64.1552075151943));
#8522=CARTESIAN_POINT('Ctrl Pts',(1021.,297.548861172525,64.1873124448786));
#8523=CARTESIAN_POINT('Ctrl Pts',(1021.,297.922513558714,64.218220472696));
#8524=CARTESIAN_POINT('Ctrl Pts',(1021.,298.296314381435,64.248006704998));
#8525=CARTESIAN_POINT('Ctrl Pts',(1021.,298.670122742807,64.276681992404));
#8526=CARTESIAN_POINT('Ctrl Pts',(1021.,299.043780844256,64.3042184346931));
#8527=CARTESIAN_POINT('Ctrl Pts',(1021.,299.417172590436,64.3305675142821));
#8528=CARTESIAN_POINT('Ctrl Pts',(1021.,299.790278456514,64.3556797349634));
#8529=CARTESIAN_POINT('Ctrl Pts',(1021.,300.163253166972,64.3795271145185));
#8530=CARTESIAN_POINT('Ctrl Pts',(1021.,300.536422282146,64.4021126138393));
#8531=CARTESIAN_POINT('Ctrl Pts',(1021.,300.910131696294,64.4234540951003));
#8532=CARTESIAN_POINT('Ctrl Pts',(1021.,301.284620445949,64.4435734698159));
#8533=CARTESIAN_POINT('Ctrl Pts',(1021.,301.659903349322,64.462484703187));
#8534=CARTESIAN_POINT('Ctrl Pts',(1021.,302.035603601063,64.4801800596866));
#8535=CARTESIAN_POINT('Ctrl Pts',(1021.,302.410958965557,64.4966246295489));
#8536=CARTESIAN_POINT('Ctrl Pts',(1021.,302.785164867267,64.5117684458453));
#8537=CARTESIAN_POINT('Ctrl Pts',(1021.,303.157665713386,64.5255548933378));
#8538=CARTESIAN_POINT('Ctrl Pts',(1021.,303.528424285941,64.5379304521321));
#8539=CARTESIAN_POINT('Ctrl Pts',(1021.,303.898302258184,64.5488542318589));
#8540=CARTESIAN_POINT('Ctrl Pts',(1021.,304.269058840128,64.5583063419176));
#8541=CARTESIAN_POINT('Ctrl Pts',(1021.,304.642558875666,64.5662923163896));
#8542=CARTESIAN_POINT('Ctrl Pts',(1021.,305.020101352471,64.5728492003155));
#8543=CARTESIAN_POINT('Ctrl Pts',(1021.,305.401792333398,64.5780492397831));
#8544=CARTESIAN_POINT('Ctrl Pts',(1021.,305.785678450785,64.5820087250538));
#8545=CARTESIAN_POINT('Ctrl Pts',(1021.,306.167702183358,64.5848811734756));
#8546=CARTESIAN_POINT('Ctrl Pts',(1021.,306.543483803849,64.5868166939765));
#8547=CARTESIAN_POINT('Ctrl Pts',(1021.,306.909805022977,64.587926585584));
#8548=CARTESIAN_POINT('Ctrl Pts',(1021.,307.266060994002,64.5882491883053));
#8549=CARTESIAN_POINT('Ctrl Pts',(1021.,307.616084249141,64.5877072513261));
#8550=CARTESIAN_POINT('Ctrl Pts',(1021.,307.968646835656,64.5860947232054));
#8551=CARTESIAN_POINT('Ctrl Pts',(1021.,308.334782913197,64.5831342243339));
#8552=CARTESIAN_POINT('Ctrl Pts',(1021.,308.72567399115,64.5785218124331));
#8553=CARTESIAN_POINT('Ctrl Pts',(1021.,309.150446967764,64.5719742048816));
#8554=CARTESIAN_POINT('Ctrl Pts',(1021.,309.613684542693,64.5632811244624));
#8555=CARTESIAN_POINT('Ctrl Pts',(1021.,310.1141069234,64.5523355316314));
#8556=CARTESIAN_POINT('Ctrl Pts',(1021.,310.646355884589,64.539104809954));
#8557=CARTESIAN_POINT('Ctrl Pts',(1021.,311.202186769521,64.523613259764));
#8558=CARTESIAN_POINT('Ctrl Pts',(1021.,311.771883958801,64.5059202700385));
#8559=CARTESIAN_POINT('Ctrl Pts',(1021.,312.34560730171,64.4860999526434));
#8560=CARTESIAN_POINT('Ctrl Pts',(1021.,312.914706651308,64.4642210439895));
#8561=CARTESIAN_POINT('Ctrl Pts',(1021.,313.473198030998,64.4403245410664));
#8562=CARTESIAN_POINT('Ctrl Pts',(1021.,314.01871216895,64.4144089754855));
#8563=CARTESIAN_POINT('Ctrl Pts',(1021.,314.551540790861,64.3864433716746));
#8564=CARTESIAN_POINT('Ctrl Pts',(1021.,315.073986356087,64.3563757842158));
#8565=CARTESIAN_POINT('Ctrl Pts',(1021.,315.589596827697,64.3241435126214));
#8566=CARTESIAN_POINT('Ctrl Pts',(1021.,316.102440337479,64.2896827300382));
#8567=CARTESIAN_POINT('Ctrl Pts',(1021.,316.616384105789,64.2529380620498));
#8568=CARTESIAN_POINT('Ctrl Pts',(1021.,317.134320439839,64.2138729085094));
#8569=CARTESIAN_POINT('Ctrl Pts',(1021.,317.657567808205,64.1724772958159));
#8570=CARTESIAN_POINT('Ctrl Pts',(1021.,318.186259124766,64.1287617922038));
#8571=CARTESIAN_POINT('Ctrl Pts',(1021.,318.719609568213,64.0827531239428));
#8572=CARTESIAN_POINT('Ctrl Pts',(1021.,319.25623021755,64.0344891451207));
#8573=CARTESIAN_POINT('Ctrl Pts',(1021.,319.794423932748,63.9840140573222));
#8574=CARTESIAN_POINT('Ctrl Pts',(1021.,320.332484705985,63.931373582494));
#8575=CARTESIAN_POINT('Ctrl Pts',(1021.,320.869005376065,63.8766100127747));
#8576=CARTESIAN_POINT('Ctrl Pts',(1021.,321.403153398983,63.8197577253609));
#8577=CARTESIAN_POINT('Ctrl Pts',(1021.,321.934570716268,63.7608441617426));
#8578=CARTESIAN_POINT('Ctrl Pts',(1021.,322.463300935755,63.6998904098113));
#8579=CARTESIAN_POINT('Ctrl Pts',(1021.,322.989706136608,63.636911937246));
#8580=CARTESIAN_POINT('Ctrl Pts',(1021.,323.514388095216,63.5719192594736));
#8581=CARTESIAN_POINT('Ctrl Pts',(1021.,324.038107633593,63.5049186375726));
#8582=CARTESIAN_POINT('Ctrl Pts',(1021.,324.561704760003,63.4359127581955));
#8583=CARTESIAN_POINT('Ctrl Pts',(1021.,325.086018532155,63.364901435912));
#8584=CARTESIAN_POINT('Ctrl Pts',(1021.,325.611808342453,63.2918892861998));
#8585=CARTESIAN_POINT('Ctrl Pts',(1021.,326.139675489733,63.2168933321104));
#8586=CARTESIAN_POINT('Ctrl Pts',(1021.,326.669983940569,63.1399507187539));
#8587=CARTESIAN_POINT('Ctrl Pts',(1021.,327.202783009352,63.0611261959106));
#8588=CARTESIAN_POINT('Ctrl Pts',(1021.,327.737725522379,62.9805201352917));
#8589=CARTESIAN_POINT('Ctrl Pts',(1021.,328.273996580307,62.8982752963786));
#8590=CARTESIAN_POINT('Ctrl Pts',(1021.,328.81021445882,62.8145868771906));
#8591=CARTESIAN_POINT('Ctrl Pts',(1021.,329.344698770304,62.729669377777));
#8592=CARTESIAN_POINT('Ctrl Pts',(1021.,329.875771353771,62.6437196733245));
#8593=CARTESIAN_POINT('Ctrl Pts',(1021.,330.402048953424,62.5568809206));
#8594=CARTESIAN_POINT('Ctrl Pts',(1021.,330.922731432112,62.4692072930099));
#8595=CARTESIAN_POINT('Ctrl Pts',(1021.,331.437910315529,62.3806256177368));
#8596=CARTESIAN_POINT('Ctrl Pts',(1021.,331.948825399334,62.2909047770582));
#8597=CARTESIAN_POINT('Ctrl Pts',(1021.,332.458256582334,62.1996049633265));
#8598=CARTESIAN_POINT('Ctrl Pts',(1021.,332.96998079825,62.106166049094));
#8599=CARTESIAN_POINT('Ctrl Pts',(1021.,333.488012559001,62.0100280391008));
#8600=CARTESIAN_POINT('Ctrl Pts',(1021.,334.015909185503,61.910742143721));
#8601=CARTESIAN_POINT('Ctrl Pts',(1021.,334.556069585127,61.8080822528731));
#8602=CARTESIAN_POINT('Ctrl Pts',(1021.,335.108987904408,61.7021644267579));
#8603=CARTESIAN_POINT('Ctrl Pts',(1021.,335.672638663301,61.5935437813105));
#8604=CARTESIAN_POINT('Ctrl Pts',(1021.,336.241519954663,61.4833698798103));
#8605=CARTESIAN_POINT('Ctrl Pts',(1021.,336.807367836237,61.3732564687453));
#8606=CARTESIAN_POINT('Ctrl Pts',(1021.,337.36063126859,61.2650213362304));
#8607=CARTESIAN_POINT('Ctrl Pts',(1021.,337.891722598458,61.1604643268669));
#8608=CARTESIAN_POINT('Ctrl Pts',(1021.,338.392323368794,61.0611363586919));
#8609=CARTESIAN_POINT('Ctrl Pts',(1021.,338.856754091918,60.9680964478528));
#8610=CARTESIAN_POINT('Ctrl Pts',(1021.,339.283111712335,60.8817109076171));
#8611=CARTESIAN_POINT('Ctrl Pts',(1021.,339.675016756247,60.8013422707417));
#8612=CARTESIAN_POINT('Ctrl Pts',(1021.,340.040960940583,60.7254718652978));
#8613=CARTESIAN_POINT('Ctrl Pts',(1021.,340.391751069564,60.652166022016));
#8614=CARTESIAN_POINT('Ctrl Pts',(1021.,340.738398627054,60.5794624141766));
#8615=CARTESIAN_POINT('Ctrl Pts',(1021.,341.090039741268,60.5057494016306));
#8616=CARTESIAN_POINT('Ctrl Pts',(1021.,341.451320789525,60.4302455877364));
#8617=CARTESIAN_POINT('Ctrl Pts',(1021.,341.822021942878,60.3530618982224));
#8618=CARTESIAN_POINT('Ctrl Pts',(1021.,342.199112401342,60.2748108825633));
#8619=CARTESIAN_POINT('Ctrl Pts',(1021.,342.578219167033,60.1963245153948));
#8620=CARTESIAN_POINT('Ctrl Pts',(1021.,342.95520058808,60.1183542538607));
#8621=CARTESIAN_POINT('Ctrl Pts',(1021.,343.32800031607,60.0412145455967));
#8622=CARTESIAN_POINT('Ctrl Pts',(1021.,343.697215484108,59.9646804429276));
#8623=CARTESIAN_POINT('Ctrl Pts',(1021.,344.064774995988,59.8882577710612));
#8624=CARTESIAN_POINT('Ctrl Pts',(1021.,344.433036295732,59.8113707434231));
#8625=CARTESIAN_POINT('Ctrl Pts',(1021.,344.803808297719,59.7335643699267));
#8626=CARTESIAN_POINT('Ctrl Pts',(1021.,345.177176748399,59.6547451996526));
#8627=CARTESIAN_POINT('Ctrl Pts',(1021.,345.531974033262,59.5793382761332));
#8628=CARTESIAN_POINT('Ctrl Pts',(1021.,345.81056159644,59.519726625063));
#8629=CARTESIAN_POINT('Ctrl Pts',(1021.,346.013174367625,59.4761628283003));
#8630=CARTESIAN_POINT('Ctrl Pts',(1021.,346.141204211381,59.4485590771869));
#8631=CARTESIAN_POINT('Ctrl Pts',(1021.,346.195654815548,59.4368064336779));
#8632=CARTESIAN_POINT('Ctrl Pts',(1021.,346.195654815548,59.4368064336779));
#8633=CARTESIAN_POINT('Ctrl Pts',(1009.54141184448,345.847396978358,59.3651943944397));
#8634=CARTESIAN_POINT('Ctrl Pts',(989.620061016982,345.199624511166,60.4568565711543));
#8635=CARTESIAN_POINT('Ctrl Pts',(963.467345637471,344.051406016652,71.192659433121));
#8636=CARTESIAN_POINT('Ctrl Pts',(947.063253367983,343.001142552583,91.6774568084911));
#8637=CARTESIAN_POINT('Ctrl Pts',(942.617533609971,342.511012926222,108.455768559592));
#8638=CARTESIAN_POINT('Ctrl Pts',(941.033150000002,342.280629208777,117.690956274909));
#8639=CARTESIAN_POINT('',(941.442632926855,342.350374099417,114.867547312522));
#8640=CARTESIAN_POINT('Ctrl Pts',(941.442632926855,342.350374099417,114.867547312522));
#8641=CARTESIAN_POINT('Ctrl Pts',(941.274411105343,342.326703023462,115.808206278953));
#8642=CARTESIAN_POINT('Ctrl Pts',(941.116209433788,342.303463821117,116.749652719195));
#8643=CARTESIAN_POINT('Ctrl Pts',(940.966850000002,342.280629208777,117.690956274909));
#8644=CARTESIAN_POINT('',(1006.61783312146,345.743268061297,58.4028047492636));
#8645=CARTESIAN_POINT('Ctrl Pts',(1006.61783312146,345.743268061297,58.4028047492636));
#8646=CARTESIAN_POINT('Ctrl Pts',(999.840975477361,345.520958071102,58.9459837214988));
#8647=CARTESIAN_POINT('Ctrl Pts',(984.770080225988,344.992440386492,61.1983295570099));
#8648=CARTESIAN_POINT('Ctrl Pts',(963.037614323699,344.039513748539,70.4399032874308));
#8649=CARTESIAN_POINT('Ctrl Pts',(947.335658751523,343.030776434988,90.5603934179629));
#8650=CARTESIAN_POINT('Ctrl Pts',(942.945056834712,342.561785378408,106.466327378022));
#8651=CARTESIAN_POINT('Ctrl Pts',(941.442632926855,342.350374099417,114.867547312522));
#8652=CARTESIAN_POINT('Ctrl Pts',(1021.,346.195654815548,57.8368064336779));
#8653=CARTESIAN_POINT('Ctrl Pts',(1016.2090847026,346.05029182622,57.8669418458966));
#8654=CARTESIAN_POINT('Ctrl Pts',(1011.40384236317,345.900269687047,58.0191963399469));
#8655=CARTESIAN_POINT('Ctrl Pts',(1006.61783312146,345.743268061297,58.4028047492636));
#8656=CARTESIAN_POINT('Ctrl Pts',(1021.,346.195654815548,59.4368064336779));
#8657=CARTESIAN_POINT('Ctrl Pts',(1017.18047061483,346.079568869818,59.4129357539318));
#8658=CARTESIAN_POINT('Ctrl Pts',(1009.52105295884,345.841327142107,59.5217603941706));
#8659=CARTESIAN_POINT('Ctrl Pts',(998.070711432031,345.458368477367,60.4948381434637));
#8660=CARTESIAN_POINT('Ctrl Pts',(990.529565644063,345.181073694694,61.9102153116205));
#8661=CARTESIAN_POINT('Ctrl Pts',(984.094794210002,344.930335611886,63.5591627072649));
#8662=CARTESIAN_POINT('Ctrl Pts',(976.045594255424,344.603646015141,66.0292369670918));
#8663=CARTESIAN_POINT('Ctrl Pts',(963.970259242015,344.043166555748,72.2494050544316));
#8664=CARTESIAN_POINT('Ctrl Pts',(954.784231699112,343.495474220523,82.0357943172108));
#8665=CARTESIAN_POINT('Ctrl Pts',(947.392872952287,342.971980655614,94.0119714477848));
#8666=CARTESIAN_POINT('Ctrl Pts',(943.433483799548,342.600969422647,105.376342072111));
#8667=CARTESIAN_POINT('Ctrl Pts',(941.561277869991,342.357423781258,114.612560369803));
#8668=CARTESIAN_POINT('Ctrl Pts',(941.033150000002,342.280629208777,117.690956274909));
#8669=CARTESIAN_POINT('Ctrl Pts',(1021.,346.195654815548,59.1701397670112));
#8670=CARTESIAN_POINT('Ctrl Pts',(1016.55005396299,346.068686202642,59.1557535914656));
#8671=CARTESIAN_POINT('Ctrl Pts',(1007.89769472867,345.81604270744,59.2338321107495));
#8672=CARTESIAN_POINT('Ctrl Pts',(995.633537323226,345.428802260602,60.0580639967468));
#8673=CARTESIAN_POINT('Ctrl Pts',(987.914859111776,345.157020326551,61.336671652213));
#8674=CARTESIAN_POINT('Ctrl Pts',(981.44755999192,344.913273213883,62.8648289660531));
#8675=CARTESIAN_POINT('Ctrl Pts',(973.467516193165,344.597440270522,65.1800347939582));
#8676=CARTESIAN_POINT('Ctrl Pts',(961.919087669912,344.059979763228,71.180478616491));
#8677=CARTESIAN_POINT('Ctrl Pts',(953.477087353174,343.530781871712,80.8965410494306));
#8678=CARTESIAN_POINT('Ctrl Pts',(946.833407135341,343.015910068097,92.9842596279907));
#8679=CARTESIAN_POINT('Ctrl Pts',(943.377198281807,342.637761519354,104.664578071769));
#8680=CARTESIAN_POINT('Ctrl Pts',(941.574813914675,342.368613609833,114.409734681807));
#8681=CARTESIAN_POINT('Ctrl Pts',(941.022100000002,342.280629208777,117.690956274909));
#8682=CARTESIAN_POINT('Ctrl Pts',(1021.,346.195654815548,58.9027236059701));
#8683=CARTESIAN_POINT('Ctrl Pts',(1015.29445233663,346.047075479343,58.8988086164369));
#8684=CARTESIAN_POINT('Ctrl Pts',(1004.72574553055,345.75496977461,59.3172761263829));
#8685=CARTESIAN_POINT('Ctrl Pts',(991.264010525848,345.330919733252,61.1826773852979));
#8686=CARTESIAN_POINT('Ctrl Pts',(983.711397214782,345.056159394162,63.2161824671831));
#8687=CARTESIAN_POINT('Ctrl Pts',(977.721652023651,344.821824988199,65.2980943138712));
#8688=CARTESIAN_POINT('Ctrl Pts',(970.653782018832,344.528799485957,68.2289840881865));
#8689=CARTESIAN_POINT('Ctrl Pts',(961.292056816111,344.064672916886,74.4164365260905));
#8690=CARTESIAN_POINT('Ctrl Pts',(954.115140901215,343.612195527463,82.5174017783059));
#8691=CARTESIAN_POINT('Ctrl Pts',(947.880827318422,343.134202061528,92.8382371074374));
#8692=CARTESIAN_POINT('Ctrl Pts',(943.794968120975,342.7211208918,103.620976516214));
#8693=CARTESIAN_POINT('Ctrl Pts',(941.617334192365,342.391176906242,114.010917828261));
#8694=CARTESIAN_POINT('Ctrl Pts',(941.011018942829,342.280629208777,117.690956274909));
#8695=CARTESIAN_POINT('Ctrl Pts',(1021.,346.195654815548,58.3701397670112));
#8696=CARTESIAN_POINT('Ctrl Pts',(1015.28155171906,346.046749405937,58.3822453126149));
#8697=CARTESIAN_POINT('Ctrl Pts',(1004.68907348964,345.754025127379,58.8344012174931));
#8698=CARTESIAN_POINT('Ctrl Pts',(991.19822996276,345.329179868463,60.7542065014929));
#8699=CARTESIAN_POINT('Ctrl Pts',(983.630882587363,345.053999095137,62.8258482011258));
#8700=CARTESIAN_POINT('Ctrl Pts',(977.630577331941,344.819358598056,64.9411456573163));
#8701=CARTESIAN_POINT('Ctrl Pts',(970.55135600403,344.525998836044,67.9145766075222));
#8702=CARTESIAN_POINT('Ctrl Pts',(961.181228821321,344.061612103809,74.1718956179583));
#8703=CARTESIAN_POINT('Ctrl Pts',(954.009603978003,343.609304653992,82.3406260029501));
#8704=CARTESIAN_POINT('Ctrl Pts',(947.791880874768,343.131864651409,92.7304125310928));
#8705=CARTESIAN_POINT('Ctrl Pts',(943.731487880665,342.719653144828,103.569020122173));
#8706=CARTESIAN_POINT('Ctrl Pts',(941.584034459367,342.390775873034,113.998377144702));
#8707=CARTESIAN_POINT('Ctrl Pts',(940.988950000002,342.280629208777,117.690956274909));
#8708=CARTESIAN_POINT('Ctrl Pts',(1021.,346.195654815548,58.1034731003445));
#8709=CARTESIAN_POINT('Ctrl Pts',(1016.52425052978,346.068034055536,58.1211798727481));
#8710=CARTESIAN_POINT('Ctrl Pts',(1007.82002997363,345.814079191135,58.2636304273796));
#8711=CARTESIAN_POINT('Ctrl Pts',(995.482165081028,345.424933793641,59.1882191758949));
#8712=CARTESIAN_POINT('Ctrl Pts',(987.720303405328,345.151978846567,60.5384243545903));
#8713=CARTESIAN_POINT('Ctrl Pts',(981.219725042608,344.907285911612,62.1312809377186));
#8714=CARTESIAN_POINT('Ctrl Pts',(973.201347013952,344.590320690958,64.5307479629307));
#8715=CARTESIAN_POINT('Ctrl Pts',(961.618619231665,344.05169081349,70.676911848434));
#8716=CARTESIAN_POINT('Ctrl Pts',(953.202898477466,343.523096176834,80.5401744846475));
#8717=CARTESIAN_POINT('Ctrl Pts',(946.620017677983,343.010045083406,92.7731998062191));
#8718=CARTESIAN_POINT('Ctrl Pts',(943.242521821336,342.634556235211,104.562209884982));
#8719=CARTESIAN_POINT('Ctrl Pts',(941.508153947379,342.367811537268,114.384610939362));
#8720=CARTESIAN_POINT('Ctrl Pts',(940.977900000002,342.280629208777,117.690956274909));
#8721=CARTESIAN_POINT('Ctrl Pts',(1021.,346.195654815548,57.8368064336779));
#8722=CARTESIAN_POINT('Ctrl Pts',(1017.14176546502,346.078590649159,57.8610751758556));
#8723=CARTESIAN_POINT('Ctrl Pts',(1009.40671293569,345.838418978333,58.0680121485523));
#8724=CARTESIAN_POINT('Ctrl Pts',(997.853552158582,345.452760145332,59.195928622349));
#8725=CARTESIAN_POINT('Ctrl Pts',(990.254486688767,345.173871914995,60.721091825221));
#8726=CARTESIAN_POINT('Ctrl Pts',(983.77587409776,344.921881919034,62.4681688524855));
#8727=CARTESIAN_POINT('Ctrl Pts',(975.676986263286,344.59372578515,65.0651019130564));
#8728=CARTESIAN_POINT('Ctrl Pts',(963.558946180656,344.031816791282,71.5009476501634));
#8729=CARTESIAN_POINT('Ctrl Pts',(954.404485645233,343.484897653548,81.5023918111671));
#8730=CARTESIAN_POINT('Ctrl Pts',(947.090512769147,342.963778256853,93.6929212686223));
#8731=CARTESIAN_POINT('Ctrl Pts',(943.23529964701,342.59629639516,105.221932603775));
#8732=CARTESIAN_POINT('Ctrl Pts',(941.461287919047,342.356220672411,114.574874756136));
#8733=CARTESIAN_POINT('Ctrl Pts',(940.966850000002,342.280629208777,117.690956274909));
#8734=CARTESIAN_POINT('',(1021.,346.195654815548,59.4368064336779));
#8735=CARTESIAN_POINT('Origin',(1021.,312.579820709473,59.1708719171716));
#8736=UNCERTAINTY_MEASURE_WITH_UNIT(LENGTH_MEASURE(0.01),#8740,
'DISTANCE_ACCURACY_VALUE',
'Maximum model space distance between geometric entities at asserted c
onnectivities');
#8737=UNCERTAINTY_MEASURE_WITH_UNIT(LENGTH_MEASURE(0.01),#8740,
'DISTANCE_ACCURACY_VALUE',
'Maximum model space distance between geometric entities at asserted c
onnectivities');
#8738=(
GEOMETRIC_REPRESENTATION_CONTEXT(3)
GLOBAL_UNCERTAINTY_ASSIGNED_CONTEXT((#8736))
GLOBAL_UNIT_ASSIGNED_CONTEXT((#8740,#8741,#8742))
REPRESENTATION_CONTEXT('','3D')
);
#8739=(
GEOMETRIC_REPRESENTATION_CONTEXT(3)
GLOBAL_UNCERTAINTY_ASSIGNED_CONTEXT((#8737))
GLOBAL_UNIT_ASSIGNED_CONTEXT((#8740,#8741,#8742))
REPRESENTATION_CONTEXT('','3D')
);
#8740=(
LENGTH_UNIT()
NAMED_UNIT(*)
SI_UNIT(.MILLI.,.METRE.)
);
#8741=(
NAMED_UNIT(*)
PLANE_ANGLE_UNIT()
SI_UNIT($,.RADIAN.)
);
#8742=(
NAMED_UNIT(*)
SI_UNIT($,.STERADIAN.)
SOLID_ANGLE_UNIT()
);
#8743=SHAPE_DEFINITION_REPRESENTATION(#8744,#8745);
#8744=PRODUCT_DEFINITION_SHAPE('',$,#8747);
#8745=SHAPE_REPRESENTATION('',(#131),#8738);
#8746=PRODUCT_DEFINITION_CONTEXT('part definition',#8751,'design');
#8747=PRODUCT_DEFINITION('H205','H205 v14',#8748,#8746);
#8748=PRODUCT_DEFINITION_FORMATION('',$,#8753);
#8749=PRODUCT_RELATED_PRODUCT_CATEGORY('H205 v14','H205 v14',(#8753));
#8750=APPLICATION_PROTOCOL_DEFINITION('international standard',
'automotive_design',2009,#8751);
#8751=APPLICATION_CONTEXT(
'Core Data for Automotive Mechanical Design Process');
#8752=PRODUCT_CONTEXT('part definition',#8751,'mechanical');
#8753=PRODUCT('H205','H205 v14',$,(#8752));
#8754=PRESENTATION_STYLE_ASSIGNMENT((#8757));
#8755=PRESENTATION_STYLE_ASSIGNMENT((#8758));
#8756=PRESENTATION_STYLE_ASSIGNMENT((#8759));
#8757=SURFACE_STYLE_USAGE(.BOTH.,#8760);
#8758=SURFACE_STYLE_USAGE(.BOTH.,#8761);
#8759=SURFACE_STYLE_USAGE(.BOTH.,#8762);
#8760=SURFACE_SIDE_STYLE('',(#8763));
#8761=SURFACE_SIDE_STYLE('',(#8764));
#8762=SURFACE_SIDE_STYLE('',(#8765));
#8763=SURFACE_STYLE_FILL_AREA(#8766);
#8764=SURFACE_STYLE_FILL_AREA(#8767);
#8765=SURFACE_STYLE_FILL_AREA(#8768);
#8766=FILL_AREA_STYLE('Stahl - satiniert',(#8769));
#8767=FILL_AREA_STYLE('Farbe - Emaille gl\X\E4nzend (Wei\X\DF)',(#8770));
#8768=FILL_AREA_STYLE('Glas - Fenster',(#8771));
#8769=FILL_AREA_STYLE_COLOUR('Stahl - satiniert',#8772);
#8770=FILL_AREA_STYLE_COLOUR('Farbe - Emaille gl\X\E4nzend (Wei\X\DF)',
#8773);
#8771=FILL_AREA_STYLE_COLOUR('Glas - Fenster',#8774);
#8772=COLOUR_RGB('Stahl - satiniert',0.627450980392157,0.627450980392157,
0.627450980392157);
#8773=COLOUR_RGB('Farbe - Emaille gl\X\E4nzend (Wei\X\DF)',0.964705882352941,
0.964705882352941,0.952941176470588);
#8774=COLOUR_RGB('Glas - Fenster',0.423529411764706,0.768627450980392,0.854901960784314);
ENDSEC;
END-ISO-10303-21;
