ISO-10303-21;
HEADER;
FILE_DESCRIPTION (( 'STEP AP203' ),
    '1' );
FILE_NAME ('LS ECM Bracket.STEP',
    '2026-07-08T16:23:40',
    ( '' ),
    ( '' ),
    'SwSTEP 2.0',
    'SolidWorks 2025',
    '' );
FILE_SCHEMA (( 'CONFIG_CONTROL_DESIGN' ));
ENDSEC;

DATA;
#1 = LINE ( 'NONE', #2085, #964 ) ;
#2 = EDGE_CURVE ( 'NONE', #1852, #1806, #1501, .T. ) ;
#3 = CARTESIAN_POINT ( 'NONE',  ( -2.278206189654565339, -2.420661265179865573, 0.7470029837748481949 ) ) ;
#4 = EDGE_CURVE ( 'NONE', #520, #855, #1515, .T. ) ;
#5 = ADVANCED_FACE ( 'NONE', ( #1061 ), #1114, .F. ) ;
#6 = FACE_BOUND ( 'NONE', #410, .T. ) ;
#7 = ORIENTED_EDGE ( 'NONE', *, *, #1065, .F. ) ;
#8 = DIRECTION ( 'NONE',  ( 0.3355903575378419434, 0.9420080211588559571, 0.000000000000000000 ) ) ;
#9 = DIRECTION ( 'NONE',  ( 0.7071067811865517916, -0.000000000000000000, 0.7071067811865431318 ) ) ;
#10 = CARTESIAN_POINT ( 'NONE',  ( 1.937499999999999778, -2.605399999999999050, 1.678125000000008304 ) ) ;
#11 = ORIENTED_EDGE ( 'NONE', *, *, #2588, .T. ) ;
#12 = ORIENTED_EDGE ( 'NONE', *, *, #712, .T. ) ;
#13 = CARTESIAN_POINT ( 'NONE',  ( 2.260392010157854514, -2.582632341365137751, 0.7659032068827540396 ) ) ;
#14 = ADVANCED_FACE ( 'NONE', ( #2119 ), #663, .T. ) ;
#15 = CARTESIAN_POINT ( 'NONE',  ( -3.096093749999999201, -0.1053999999999998688, 0.6406249999999996669 ) ) ;
#16 = VECTOR ( 'NONE', #888, 39.37007874015748854 ) ;
#17 = DIRECTION ( 'NONE',  ( 6.662942673733950341E-34, -1.000000000000000000, 1.097544303392439621E-17 ) ) ;
#18 = ADVANCED_FACE ( 'NONE', ( #1903 ), #1088, .T. ) ;
#19 = CARTESIAN_POINT ( 'NONE',  ( 3.015625000000000444, 0.1195999999999999980, 0.1181102362204724116 ) ) ;
#20 = EDGE_LOOP ( 'NONE', ( #1489, #1431, #1443, #1974, #408, #2088, #862, #2200, #1360, #450 ) ) ;
#21 = CARTESIAN_POINT ( 'NONE',  ( -2.269299655626450196, -2.529062809519533328, 0.6960971801983422136 ) ) ;
#22 = LINE ( 'NONE', #1257, #1619 ) ;
#23 = CARTESIAN_POINT ( 'NONE',  ( 3.096093749999998312, -0.1053999999999990084, 0.6406249999999996669 ) ) ;
#24 = ORIENTED_EDGE ( 'NONE', *, *, #2641, .F. ) ;
#25 = ORIENTED_EDGE ( 'NONE', *, *, #2340, .T. ) ;
#26 = VERTEX_POINT ( 'NONE', #267 ) ;
#27 = DIRECTION ( 'NONE',  ( 0.000000000000000000, 1.000000000000000000, -3.278217592397115862E-15 ) ) ;
#28 = DIRECTION ( 'NONE',  ( 0.000000000000000000, 0.000000000000000000, -1.000000000000000000 ) ) ;
#29 = CARTESIAN_POINT ( 'NONE',  ( -3.078125000000000000, 0.1195999999999999980, 0.000000000000000000 ) ) ;
#30 = DIRECTION ( 'NONE',  ( -6.662942673733950341E-34, 1.000000000000000000, -1.097544303392439621E-17 ) ) ;
#31 = ORIENTED_EDGE ( 'NONE', *, *, #404, .F. ) ;
#32 = AXIS2_PLACEMENT_3D ( 'NONE', #143, #2648, #1614 ) ;
#33 = CARTESIAN_POINT ( 'NONE',  ( -2.251497443942259924, -2.605399999999999494, 0.8507691298268597047 ) ) ;
#34 = VECTOR ( 'NONE', #1176, 39.37007874015748143 ) ;
#35 = DIRECTION ( 'NONE',  ( -0.7071067811865432429, 0.000000000000000000, 0.7071067811865519026 ) ) ;
#36 = DIRECTION ( 'NONE',  ( -0.000000000000000000, -1.000000000000000000, 0.000000000000000000 ) ) ;
#37 = ADVANCED_FACE ( 'NONE', ( #460 ), #853, .F. ) ;
#38 = VERTEX_POINT ( 'NONE', #1306 ) ;
#39 = EDGE_CURVE ( 'NONE', #869, #2582, #62, .T. ) ;
#40 = AXIS2_PLACEMENT_3D ( 'NONE', #236, #1083, #28 ) ;
#41 = VERTEX_POINT ( 'NONE', #1102 ) ;
#42 = ADVANCED_FACE ( 'NONE', ( #1945 ), #1076, .F. ) ;
#43 = FACE_OUTER_BOUND ( 'NONE', #645, .T. ) ;
#44 = CIRCLE ( 'NONE', #431, 0.2812499999999998890 ) ;
#45 = CARTESIAN_POINT ( 'NONE',  ( 1.137499999999999512, -1.242900000000000338, 0.6406250000000037748 ) ) ;
#46 = CARTESIAN_POINT ( 'NONE',  ( -1.992142940765929682, -1.714297589384460530, 0.6406250000000056621 ) ) ;
#47 = CARTESIAN_POINT ( 'NONE',  ( -2.250000000000000000, -2.480399999999999494, 0.6406250000000084377 ) ) ;
#48 = ORIENTED_EDGE ( 'NONE', *, *, #2438, .F. ) ;
#49 = CARTESIAN_POINT ( 'NONE',  ( -1.082291259447422993, -0.8554000000000002712, 0.6406250000000026645 ) ) ;
#50 = DIRECTION ( 'NONE',  ( 0.000000000000000000, 1.000000000000000000, 0.000000000000000000 ) ) ;
#51 = CARTESIAN_POINT ( 'NONE',  ( -1.332291259447422993, -0.6054000000000002712, 0.6406250000000018874 ) ) ;
#52 = ORIENTED_EDGE ( 'NONE', *, *, #2322, .F. ) ;
#53 = EDGE_CURVE ( 'NONE', #884, #1818, #22, .T. ) ;
#54 = ORIENTED_EDGE ( 'NONE', *, *, #323, .T. ) ;
#55 = CARTESIAN_POINT ( 'NONE',  ( -3.133203124999999201, 0.1137438522503704807, 0.5745182739808379901 ) ) ;
#56 = CARTESIAN_POINT ( 'NONE',  ( 3.103515624999998224, -0.07268151445508953812, 0.6373715845835390414 ) ) ;
#57 = CARTESIAN_POINT ( 'NONE',  ( -3.099806586778948159, -0.07593467574364301531, 0.7391678643717256580 ) ) ;
#58 = DIRECTION ( 'NONE',  ( 0.000000000000000000, 1.000000000000000000, 0.000000000000000000 ) ) ;
#59 = VECTOR ( 'NONE', #2205, 39.37007874015748143 ) ;
#60 = CARTESIAN_POINT ( 'NONE',  ( 1.332291259447422105, -0.6053999999999998272, 0.7406249999999995337 ) ) ;
#61 = EDGE_CURVE ( 'NONE', #180, #1983, #1744, .T. ) ;
#62 = LINE ( 'NONE', #2142, #2699 ) ;
#63 = CYLINDRICAL_SURFACE ( 'NONE', #2705, 0.2249999999999998668 ) ;
#64 = VERTEX_POINT ( 'NONE', #2101 ) ;
#65 = VECTOR ( 'NONE', #1991, 39.37007874015748854 ) ;
#66 = ORIENTED_EDGE ( 'NONE', *, *, #1261, .T. ) ;
#67 = CARTESIAN_POINT ( 'NONE',  ( -3.096093749999999201, -0.1053999999999999243, 0.7406249999999996447 ) ) ;
#68 = EDGE_CURVE ( 'NONE', #163, #81, #654, .T. ) ;
#69 = CARTESIAN_POINT ( 'NONE',  ( 3.099805323615904218, -0.08916696562188441977, 0.6396149999999997116 ) ) ;
#70 = ADVANCED_FACE ( 'NONE', ( #1763 ), #765, .F. ) ;
#71 = DIRECTION ( 'NONE',  ( -1.000000000000000000, -0.000000000000000000, 1.836970198721029688E-16 ) ) ;
#72 = EDGE_CURVE ( 'NONE', #1260, #458, #1533, .T. ) ;
#73 = LINE ( 'NONE', #2396, #1493 ) ;
#74 = ORIENTED_EDGE ( 'NONE', *, *, #2333, .F. ) ;
#75 = CARTESIAN_POINT ( 'NONE',  ( -3.078125000000000000, 0.1195999999999999980, -0.1181102362204724116 ) ) ;
#76 = CARTESIAN_POINT ( 'NONE',  ( 2.834783748502118783, 0.1195999999999999980, -0.1323529411764717001 ) ) ;
#77 = CYLINDRICAL_SURFACE ( 'NONE', #79, 0.2500000000000000555 ) ;
#78 = EDGE_LOOP ( 'NONE', ( #1476, #188, #1779, #463 ) ) ;
#79 = AXIS2_PLACEMENT_3D ( 'NONE', #2132, #1502, #1487 ) ;
#80 = AXIS2_PLACEMENT_3D ( 'NONE', #243, #230, #2361 ) ;
#81 = VERTEX_POINT ( 'NONE', #550 ) ;
#82 = CARTESIAN_POINT ( 'NONE',  ( -2.596181090567001526, 0.1195999999999999980, 0.000000000000000000 ) ) ;
#83 = VECTOR ( 'NONE', #2284, 39.37007874015748143 ) ;
#84 = FACE_OUTER_BOUND ( 'NONE', #2128, .T. ) ;
#85 = VECTOR ( 'NONE', #2456, 39.37007874015748143 ) ;
#86 = FACE_OUTER_BOUND ( 'NONE', #823, .T. ) ;
#87 = ADVANCED_FACE ( 'NONE', ( #282 ), #714, .F. ) ;
#88 = CARTESIAN_POINT ( 'NONE',  ( 3.140624999999998668, 0.1195999999999999980, 0.4062499999999997224 ) ) ;
#89 = EDGE_CURVE ( 'NONE', #757, #98, #1096, .T. ) ;
#90 = CARTESIAN_POINT ( 'NONE',  ( -1.662282886008527472, -2.605399999999999494, 1.513651315789482421 ) ) ;
#91 = PRODUCT_RELATED_PRODUCT_CATEGORY ( 'detail', '', ( #286 ) ) ;
#92 = EDGE_LOOP ( 'NONE', ( #1798, #1999, #2293, #2524 ) ) ;
#93 = ADVANCED_FACE ( 'NONE', ( #1343 ), #2585, .F. ) ;
#94 = DIRECTION ( 'NONE',  ( -0.000000000000000000, -1.000000000000000000, -0.000000000000000000 ) ) ;
#95 = CARTESIAN_POINT ( 'NONE',  ( -1.937499999999999778, -2.505399999999998961, 1.365625000000008527 ) ) ;
#96 = ORIENTED_EDGE ( 'NONE', *, *, #1070, .T. ) ;
#97 = VECTOR ( 'NONE', #266, 39.37007874015748143 ) ;
#98 = VERTEX_POINT ( 'NONE', #1814 ) ;
#99 = DIRECTION ( 'NONE',  ( -1.000000000000000000, -0.000000000000000000, 0.000000000000000000 ) ) ;
#100 = CARTESIAN_POINT ( 'NONE',  ( 2.279687500000000089, -2.439555021865197126, 0.6455071750729695079 ) ) ;
#101 = CARTESIAN_POINT ( 'NONE',  ( -2.279687500000000089, -2.439293273980837728, 0.6464811477496377190 ) ) ;
#102 = CARTESIAN_POINT ( 'NONE',  ( -2.250000000000000000, -2.505399999999998961, 0.8656250000000087486 ) ) ;
#103 = CARTESIAN_POINT ( 'NONE',  ( -1.414587483416202662, -2.505399999999998961, 1.365625000000008527 ) ) ;
#104 = VERTEX_POINT ( 'NONE', #2059 ) ;
#105 = CYLINDRICAL_SURFACE ( 'NONE', #660, 0.2812499999999998890 ) ;
#106 = CARTESIAN_POINT ( 'NONE',  ( 1.937499999999999778, -2.605399999999999050, 1.365625000000008082 ) ) ;
#107 = ORIENTED_EDGE ( 'NONE', *, *, #1465, .T. ) ;
#108 = VECTOR ( 'NONE', #1984, 39.37007874015748143 ) ;
#109 = ORIENTED_EDGE ( 'NONE', *, *, #2157, .F. ) ;
#110 = CARTESIAN_POINT ( 'NONE',  ( -3.140625000000000000, 0.01858999999999951663, 0.5156250000000000000 ) ) ;
#111 = LINE ( 'NONE', #2032, #1931 ) ;
#112 = CARTESIAN_POINT ( 'NONE',  ( -2.264843750000000711, -2.561124706381987970, 0.7267374412856782984 ) ) ;
#113 = ORIENTED_EDGE ( 'NONE', *, *, #292, .T. ) ;
#114 = LINE ( 'NONE', #1369, #1162 ) ;
#115 = CARTESIAN_POINT ( 'NONE',  ( 1.756640935476215803, -1.630399999999999627, -0.2500000000000009992 ) ) ;
#116 = DIRECTION ( 'NONE',  ( 0.000000000000000000, 0.000000000000000000, 1.000000000000000000 ) ) ;
#117 = VECTOR ( 'NONE', #290, 39.37007874015748143 ) ;
#118 = CARTESIAN_POINT ( 'NONE',  ( -1.332291259447422549, -1.630400000000000071, 0.7406249999999995337 ) ) ;
#119 = ORIENTED_EDGE ( 'NONE', *, *, #2517, .F. ) ;
#120 = ORIENTED_EDGE ( 'NONE', *, *, #1054, .T. ) ;
#121 = EDGE_CURVE ( 'NONE', #1211, #2317, #2659, .T. ) ;
#122 = CARTESIAN_POINT ( 'NONE',  ( 0.6374999999999999556, -1.242900000000000338, 0.6406250000000038858 ) ) ;
#123 = VECTOR ( 'NONE', #429, 39.37007874015748143 ) ;
#124 = ADVANCED_FACE ( 'NONE', ( #1631, #2227, #504 ), #776, .F. ) ;
#125 = CARTESIAN_POINT ( 'NONE',  ( -1.937499999999999778, -2.605399999999999050, 1.678125000000008527 ) ) ;
#126 = AXIS2_PLACEMENT_3D ( 'NONE', #1755, #1773, #1370 ) ;
#127 = CARTESIAN_POINT ( 'NONE',  ( -2.264843750000000711, -2.480358355299772111, 0.7888066600031444775 ) ) ;
#128 = CIRCLE ( 'NONE', #388, 0.2500000000000000000 ) ;
#129 = CARTESIAN_POINT ( 'NONE',  ( 1.937499999999999778, -2.505399999999998961, 1.483735236220480980 ) ) ;
#130 = CARTESIAN_POINT ( 'NONE',  ( -1.756640935476216248, -1.880400000000000071, 0.6406250000000045519 ) ) ;
#131 = CARTESIAN_POINT ( 'NONE',  ( -3.140624999999999112, 0.1195999999999999980, 0.4321383476483187103 ) ) ;
#132 = VECTOR ( 'NONE', #1092, 39.37007874015748143 ) ;
#133 = CARTESIAN_POINT ( 'NONE',  ( 2.257418810345435123, -2.499022016225158183, 0.8253637348201426915 ) ) ;
#134 = CARTESIAN_POINT ( 'NONE',  ( 3.296875000000000000, 0.1195999999999999980, 0.2241116523516816506 ) ) ;
#135 = ORIENTED_EDGE ( 'NONE', *, *, #979, .F. ) ;
#136 = ORIENTED_EDGE ( 'NONE', *, *, #2556, .F. ) ;
#137 = DIRECTION ( 'NONE',  ( -6.070773319253918263E-17, -3.502456781877057751E-15, -1.000000000000000000 ) ) ;
#138 = ADVANCED_FACE ( 'NONE', ( #2646 ), #969, .F. ) ;
#139 = CARTESIAN_POINT ( 'NONE',  ( 2.285625000000000018, -2.380399999999999405, 0.7406250000000085265 ) ) ;
#140 = CARTESIAN_POINT ( 'NONE',  ( -2.596181090567001526, 0.1195999999999999980, 0.000000000000000000 ) ) ;
#141 = LINE ( 'NONE', #347, #1831 ) ;
#142 = DIRECTION ( 'NONE',  ( 0.000000000000000000, 1.000000000000000000, 0.000000000000000000 ) ) ;
#143 = CARTESIAN_POINT ( 'NONE',  ( -1.937499999999999778, -2.605399999999999050, 1.365625000000008527 ) ) ;
#144 = DIRECTION ( 'NONE',  ( 0.000000000000000000, -0.000000000000000000, 1.000000000000000000 ) ) ;
#145 = PLANE ( 'NONE',  #2225 ) ;
#146 = ORIENTED_EDGE ( 'NONE', *, *, #1048, .F. ) ;
#147 = ORIENTED_EDGE ( 'NONE', *, *, #1333, .T. ) ;
#148 = DIRECTION ( 'NONE',  ( 0.000000000000000000, 0.000000000000000000, 1.000000000000000000 ) ) ;
#149 = VECTOR ( 'NONE', #1616, 39.37007874015748143 ) ;
#150 = CARTESIAN_POINT ( 'NONE',  ( -2.262637728201819964, -2.571464479159864425, 0.7465706670648398768 ) ) ;
#151 = DIRECTION ( 'NONE',  ( 6.070773319253918263E-17, 3.502456781877057751E-15, 1.000000000000000000 ) ) ;
#152 = EDGE_CURVE ( 'NONE', #659, #929, #2368, .T. ) ;
#153 = DIRECTION ( 'NONE',  ( 1.000000000000000000, 0.000000000000000000, 0.000000000000000000 ) ) ;
#154 = CARTESIAN_POINT ( 'NONE',  ( 3.203124999999999112, 0.1195999999999999980, 0.4321383476483182107 ) ) ;
#155 = ADVANCED_FACE ( 'NONE', ( #805 ), #169, .F. ) ;
#156 = LINE ( 'NONE', #611, #2448 ) ;
#157 = DIRECTION ( 'NONE',  ( -6.070773319253918263E-17, -3.502456781877057751E-15, -1.000000000000000000 ) ) ;
#158 = ADVANCED_FACE ( 'NONE', ( #2048 ), #1859, .F. ) ;
#159 = LINE ( 'NONE', #19, #1057 ) ;
#160 = ORIENTED_EDGE ( 'NONE', *, *, #1184, .T. ) ;
#161 = ORIENTED_EDGE ( 'NONE', *, *, #1621, .T. ) ;
#162 = CARTESIAN_POINT ( 'NONE',  ( 3.015625000000000444, 0.1195999999999999980, 0.1181102362204724116 ) ) ;
#163 = VERTEX_POINT ( 'NONE', #76 ) ;
#164 = CARTESIAN_POINT ( 'NONE',  ( -2.252979281709856618, -2.603942771480042495, 0.8360685233817228834 ) ) ;
#165 = DIRECTION ( 'NONE',  ( 1.000000000000000000, -9.750423418036215341E-16, -6.070773319253576834E-17 ) ) ;
#166 = VECTOR ( 'NONE', #1527, 39.37007874015748143 ) ;
#167 = AXIS2_PLACEMENT_3D ( 'NONE', #1841, #142, #2255 ) ;
#168 = CALENDAR_DATE ( 2026, 8, 7 ) ;
#169 = CYLINDRICAL_SURFACE ( 'NONE', #835, 0.1181102362204728279 ) ;
#170 = DIRECTION ( 'NONE',  ( -0.000000000000000000, -0.000000000000000000, 1.000000000000000000 ) ) ;
#171 = AXIS2_PLACEMENT_3D ( 'NONE', #154, #2374, #1970 ) ;
#172 = DIRECTION ( 'NONE',  ( 0.000000000000000000, 1.000000000000000000, 0.000000000000000000 ) ) ;
#173 = AXIS2_PLACEMENT_3D ( 'NONE', #558, #2237, #1624 ) ;
#174 = PLANE ( 'NONE',  #2709 ) ;
#175 = ORIENTED_EDGE ( 'NONE', *, *, #983, .T. ) ;
#176 = ADVANCED_FACE ( 'NONE', ( #917 ), #2383, .F. ) ;
#177 = VERTEX_POINT ( 'NONE', #1172 ) ;
#178 = DIRECTION ( 'NONE',  ( 1.000000000000000000, 0.000000000000000000, 0.000000000000000000 ) ) ;
#179 = VERTEX_POINT ( 'NONE', #2019 ) ;
#180 = VERTEX_POINT ( 'NONE', #130 ) ;
#181 = CARTESIAN_POINT ( 'NONE',  ( -1.414587483416202662, -2.605399999999999050, 1.365625000000008527 ) ) ;
#182 = EDGE_CURVE ( 'NONE', #929, #895, #2277, .T. ) ;
#183 = CALENDAR_DATE ( 2026, 8, 7 ) ;
#184 = DIRECTION ( 'NONE',  ( 0.7071067811865517916, -0.000000000000000000, 0.7071067811865431318 ) ) ;
#185 = PLANE ( 'NONE',  #606 ) ;
#186 = LINE ( 'NONE', #1675, #1647 ) ;
#187 = CARTESIAN_POINT ( 'NONE',  ( 4.605179909717615023E-17, 2.100376524822842211E-15, 0.7406249999999995337 ) ) ;
#188 = ORIENTED_EDGE ( 'NONE', *, *, #269, .T. ) ;
#189 = ORIENTED_EDGE ( 'NONE', *, *, #763, .F. ) ;
#190 = CARTESIAN_POINT ( 'NONE',  ( 2.249999999999999556, -2.605399999999999050, 1.365625000000008082 ) ) ;
#191 = ORIENTED_EDGE ( 'NONE', *, *, #899, .F. ) ;
#192 = VERTEX_POINT ( 'NONE', #209 ) ;
#193 = CARTESIAN_POINT ( 'NONE',  ( 2.285625000000000018, -2.380399999999999405, 0.7406250000000085265 ) ) ;
#194 = PERSON_AND_ORGANIZATION_ROLE ( 'design_owner' ) ;
#195 = CARTESIAN_POINT ( 'NONE',  ( -3.110918615261325293, -0.04251493337437294018, 0.6249035726915607158 ) ) ;
#196 = CARTESIAN_POINT ( 'NONE',  ( -2.279701520309210583, -2.412735328830250214, 0.7446057482967071151 ) ) ;
#197 = CARTESIAN_POINT ( 'NONE',  ( -2.250000000000000444, -2.505399999999998961, 0.8656250000000085265 ) ) ;
#198 = ORIENTED_EDGE ( 'NONE', *, *, #375, .T. ) ;
#199 = ORIENTED_EDGE ( 'NONE', *, *, #269, .F. ) ;
#200 = PLANE ( 'NONE',  #880 ) ;
#201 = EDGE_LOOP ( 'NONE', ( #1524, #2695 ) ) ;
#202 = ORIENTED_EDGE ( 'NONE', *, *, #274, .T. ) ;
#203 = EDGE_CURVE ( 'NONE', #919, #451, #2296, .T. ) ;
#204 = CARTESIAN_POINT ( 'NONE',  ( -1.332291259447422993, -0.8554000000000002712, 0.7406249999999995337 ) ) ;
#205 = EDGE_CURVE ( 'NONE', #2233, #2495, #1715, .T. ) ;
#206 = EDGE_CURVE ( 'NONE', #2317, #1415, #400, .T. ) ;
#207 = ADVANCED_FACE ( 'NONE', ( #624 ), #1481, .T. ) ;
#208 = PERSON_AND_ORGANIZATION ( #2016, #280 ) ;
#209 = CARTESIAN_POINT ( 'NONE',  ( 2.596181090567001526, 0.01959999999999999243, -9.561467977824920278E-16 ) ) ;
#210 = VECTOR ( 'NONE', #1661, 39.37007874015748143 ) ;
#211 = DIRECTION ( 'NONE',  ( 0.000000000000000000, 0.000000000000000000, 1.000000000000000000 ) ) ;
#212 = VECTOR ( 'NONE', #753, 39.37007874015748854 ) ;
#213 = LINE ( 'NONE', #2569, #341 ) ;
#214 = VECTOR ( 'NONE', #2252, 39.37007874015748143 ) ;
#215 = EDGE_LOOP ( 'NONE', ( #2159, #2522, #1346, #617 ) ) ;
#216 = AXIS2_PLACEMENT_3D ( 'NONE', #872, #1748, #1768 ) ;
#217 = LINE ( 'NONE', #1075, #1004 ) ;
#218 = ORIENTED_EDGE ( 'NONE', *, *, #1711, .T. ) ;
#219 = DIRECTION ( 'NONE',  ( -1.000000000000000000, -6.662942673733950341E-34, 0.000000000000000000 ) ) ;
#220 = ORIENTED_EDGE ( 'NONE', *, *, #1181, .T. ) ;
#221 = VECTOR ( 'NONE', #715, 39.37007874015748143 ) ;
#222 = ORIENTED_EDGE ( 'NONE', *, *, #899, .T. ) ;
#223 = DIRECTION ( 'NONE',  ( 0.000000000000000000, 0.000000000000000000, 1.000000000000000000 ) ) ;
#224 = CARTESIAN_POINT ( 'NONE',  ( -3.099841495777823308, -0.08887524125876143655, 0.6406249999999996669 ) ) ;
#225 = VECTOR ( 'NONE', #1788, 39.37007874015748143 ) ;
#226 = PLANE ( 'NONE',  #412 ) ;
#227 = CARTESIAN_POINT ( 'NONE',  ( 1.992142940765929682, -1.714297589384460085, 0.6406250000000043299 ) ) ;
#228 = ORIENTED_EDGE ( 'NONE', *, *, #571, .T. ) ;
#229 = FACE_OUTER_BOUND ( 'NONE', #2439, .T. ) ;
#230 = DIRECTION ( 'NONE',  ( 0.000000000000000000, 1.000000000000000000, 0.000000000000000000 ) ) ;
#231 = FACE_BOUND ( 'NONE', #1005, .T. ) ;
#232 = VERTEX_POINT ( 'NONE', #399 ) ;
#233 = EDGE_LOOP ( 'NONE', ( #218, #339, #12, #74 ) ) ;
#234 = ORIENTED_EDGE ( 'NONE', *, *, #2199, .T. ) ;
#235 = CARTESIAN_POINT ( 'NONE',  ( 2.272987271798182274, -2.499454332935168388, 0.6745605208401438402 ) ) ;
#236 = CARTESIAN_POINT ( 'NONE',  ( -1.937499999999999778, -2.505399999999998961, 1.365625000000008527 ) ) ;
#237 = CARTESIAN_POINT ( 'NONE',  ( -2.273762828971055416, -2.442981247688242430, 0.7571117174151791307 ) ) ;
#238 = EDGE_CURVE ( 'NONE', #1105, #1019, #1, .T. ) ;
#239 = CARTESIAN_POINT ( 'NONE',  ( -1.756640935476216248, -1.630399999999999627, -0.2500000000000009992 ) ) ;
#240 = ORIENTED_EDGE ( 'NONE', *, *, #983, .F. ) ;
#241 = EDGE_CURVE ( 'NONE', #2028, #451, #1451, .T. ) ;
#242 = LINE ( 'NONE', #1288, #252 ) ;
#243 = CARTESIAN_POINT ( 'NONE',  ( 3.234375000000000000, 0.1195999999999999980, 0.2241116523516816506 ) ) ;
#244 = CARTESIAN_POINT ( 'NONE',  ( 3.125800134738673020, 0.003878572691561030933, 0.5785100666256268731 ) ) ;
#245 = ORIENTED_EDGE ( 'NONE', *, *, #203, .F. ) ;
#246 = ORIENTED_EDGE ( 'NONE', *, *, #89, .F. ) ;
#247 = CARTESIAN_POINT ( 'NONE',  ( 2.269283476213757922, -2.529183711294283210, 0.6962032780324673986 ) ) ;
#248 = CARTESIAN_POINT ( 'NONE',  ( 3.125781249999997957, 0.09207572376806277825, 0.6294428895638228827 ) ) ;
#249 = CARTESIAN_POINT ( 'NONE',  ( 3.158930826175839979, 0.1195999999999999980, 0.3879441738241587445 ) ) ;
#250 = CARTESIAN_POINT ( 'NONE',  ( -1.332291259447422549, -1.630400000000000071, -0.2500000000000009992 ) ) ;
#251 = ORIENTED_EDGE ( 'NONE', *, *, #182, .F. ) ;
#252 = VECTOR ( 'NONE', #881, 39.37007874015748143 ) ;
#253 = CARTESIAN_POINT ( 'NONE',  ( -3.234375000000000888, 0.01959999999999999243, 0.2241116523516817061 ) ) ;
#254 = DIRECTION ( 'NONE',  ( -6.662942673733950341E-34, 1.000000000000000000, -1.097544303392439467E-17 ) ) ;
#255 = CARTESIAN_POINT ( 'NONE',  ( 3.096093749999999201, -0.1053999999999995774, 0.7406249999999993117 ) ) ;
#256 = APPLICATION_CONTEXT ( 'configuration controlled 3d designs of mechanical parts and assemblies' ) ;
#257 = ORIENTED_EDGE ( 'NONE', *, *, #2, .F. ) ;
#258 = AXIS2_PLACEMENT_3D ( 'NONE', #2168, #1613, #583 ) ;
#259 = EDGE_LOOP ( 'NONE', ( #2693, #1156, #1292, #338 ) ) ;
#260 = DIRECTION ( 'NONE',  ( -1.000000000000000000, 0.000000000000000000, 0.000000000000000000 ) ) ;
#261 = VECTOR ( 'NONE', #2249, 39.37007874015748143 ) ;
#262 = PRODUCT_DEFINITION_SHAPE ( 'NONE', 'NONE',  #1265 ) ;
#263 = CARTESIAN_POINT ( 'NONE',  ( 3.122070312499997780, 0.07452503953959103977, 0.6538980119943554881 ) ) ;
#264 = CARTESIAN_POINT ( 'NONE',  ( 3.096093749999999201, -0.1053999999999995774, 0.7406249999999996447 ) ) ;
#265 = CARTESIAN_POINT ( 'NONE',  ( 3.140624999999998668, 0.1195999999999999980, 0.4321383476483182107 ) ) ;
#266 = DIRECTION ( 'NONE',  ( 1.000000000000000000, -6.662942673733952051E-34, -1.214154663850783899E-16 ) ) ;
#267 = CARTESIAN_POINT ( 'NONE',  ( -1.332291259447422549, -1.880400000000000293, 0.7406249999999995337 ) ) ;
#268 = DIRECTION ( 'NONE',  ( -1.000000000000000000, -1.365923996832132102E-16, -0.000000000000000000 ) ) ;
#269 = EDGE_CURVE ( 'NONE', #2497, #1735, #1284, .T. ) ;
#270 = VERTEX_POINT ( 'NONE', #1252 ) ;
#271 = ORIENTED_EDGE ( 'NONE', *, *, #863, .F. ) ;
#272 = CARTESIAN_POINT ( 'NONE',  ( 2.273737571704547378, -2.493064201432580340, 0.6707249897244942360 ) ) ;
#273 = ADVANCED_FACE ( 'NONE', ( #1435 ), #651, .T. ) ;
#274 = EDGE_CURVE ( 'NONE', #870, #515, #1316, .T. ) ;
#275 = CARTESIAN_POINT ( 'NONE',  ( 3.140624999999998668, 0.01960000000000037060, 0.5156249999999996669 ) ) ;
#276 = DIRECTION ( 'NONE',  ( 0.7071067811865514585, 0.000000000000000000, -0.7071067811865433539 ) ) ;
#277 = LINE ( 'NONE', #738, #1934 ) ;
#278 = CIRCLE ( 'NONE', #1782, 0.2500000000000000555 ) ;
#279 = ORIENTED_EDGE ( 'NONE', *, *, #1266, .T. ) ;
#280 = ORGANIZATION ( 'UNSPECIFIED', 'UNSPECIFIED', '' ) ;
#281 = CARTESIAN_POINT ( 'NONE',  ( 2.249999999999999556, -2.605399999999999050, 1.365625000000008082 ) ) ;
#282 = FACE_OUTER_BOUND ( 'NONE', #946, .T. ) ;
#283 = DIRECTION ( 'NONE',  ( 6.662942673733950341E-34, -1.000000000000000000, 1.097544303392439621E-17 ) ) ;
#284 = ORIENTED_EDGE ( 'NONE', *, *, #1929, .T. ) ;
#285 = VECTOR ( 'NONE', #1189, 39.37007874015748143 ) ;
#286 = PRODUCT ( 'LS ECM Bracket', 'LS ECM Bracket', '', ( #1480 ) ) ;
#287 = ORIENTED_EDGE ( 'NONE', *, *, #1759, .T. ) ;
#288 = DIRECTION ( 'NONE',  ( 0.000000000000000000, 1.000000000000000000, -3.482355684231369469E-15 ) ) ;
#289 = ADVANCED_FACE ( 'NONE', ( #597 ), #1052, .F. ) ;
#290 = DIRECTION ( 'NONE',  ( -0.000000000000000000, -0.000000000000000000, 1.000000000000000000 ) ) ;
#291 = CARTESIAN_POINT ( 'NONE',  ( 3.133203124999997868, 0.1137438522503714522, 0.5745182739808375461 ) ) ;
#292 = EDGE_CURVE ( 'NONE', #192, #81, #1026, .T. ) ;
#293 = CARTESIAN_POINT ( 'NONE',  ( -3.103499235799197287, -0.04725696274386920887, 0.7331079311350030547 ) ) ;
#294 = CARTESIAN_POINT ( 'NONE',  ( -3.296875000000000444, 0.01959999999999999243, 1.707404996040164512E-16 ) ) ;
#295 = ORIENTED_EDGE ( 'NONE', *, *, #1397, .T. ) ;
#296 = CARTESIAN_POINT ( 'NONE',  ( 1.992142940765929682, -1.714297589384460085, 0.7406249999999995337 ) ) ;
#297 = DIRECTION ( 'NONE',  ( -0.000000000000000000, -0.000000000000000000, 1.000000000000000000 ) ) ;
#298 = LINE ( 'NONE', #1193, #221 ) ;
#299 = ORIENTED_EDGE ( 'NONE', *, *, #768, .T. ) ;
#300 = VECTOR ( 'NONE', #2572, 39.37007874015748143 ) ;
#301 = VERTEX_POINT ( 'NONE', #2124 ) ;
#302 = LINE ( 'NONE', #1988, #2496 ) ;
#303 = AXIS2_PLACEMENT_3D ( 'NONE', #2207, #1981, #1136 ) ;
#304 = AXIS2_PLACEMENT_3D ( 'NONE', #2224, #1812, #1405 ) ;
#305 = CARTESIAN_POINT ( 'NONE',  ( 2.282655731801176646, -2.396765317824492314, 0.7406250000000087486 ) ) ;
#306 = VECTOR ( 'NONE', #689, 39.37007874015748143 ) ;
#307 = CARTESIAN_POINT ( 'NONE',  ( 3.096093749999998312, -0.1053999999999995774, 0.6396149999999997116 ) ) ;
#308 = CARTESIAN_POINT ( 'NONE',  ( -3.136900468662834118, 0.1181426900778597550, 0.5451849344605164127 ) ) ;
#309 = DIRECTION ( 'NONE',  ( 0.000000000000000000, 0.000000000000000000, -1.000000000000000000 ) ) ;
#310 = ORIENTED_EDGE ( 'NONE', *, *, #1551, .T. ) ;
#311 = DIRECTION ( 'NONE',  ( 0.000000000000000000, 0.000000000000000000, 1.000000000000000000 ) ) ;
#312 = DIRECTION ( 'NONE',  ( -0.000000000000000000, -0.000000000000000000, 1.000000000000000000 ) ) ;
#313 = ORIENTED_EDGE ( 'NONE', *, *, #2, .T. ) ;
#314 = ORIENTED_EDGE ( 'NONE', *, *, #2322, .T. ) ;
#315 = CARTESIAN_POINT ( 'NONE',  ( -3.136913426159114504, 0.01959999999999948936, 0.5319902675253073143 ) ) ;
#316 = CARTESIAN_POINT ( 'NONE',  ( 2.282655720009366451, -2.409988611611097564, 0.6396250000000087699 ) ) ;
#317 = CYLINDRICAL_SURFACE ( 'NONE', #2661, 0.3125000000000000000 ) ;
#318 = ORIENTED_EDGE ( 'NONE', *, *, #763, .T. ) ;
#319 = LINE ( 'NONE', #2617, #59 ) ;
#320 = DIRECTION ( 'NONE',  ( 6.662942673733950341E-34, -1.000000000000000000, 1.097544303392439621E-17 ) ) ;
#321 = EDGE_CURVE ( 'NONE', #2344, #602, #1979, .T. ) ;
#322 = CARTESIAN_POINT ( 'NONE',  ( 2.260392428151858812, -2.492750527554219886, 0.8102218307269978270 ) ) ;
#323 = EDGE_CURVE ( 'NONE', #1919, #104, #1050, .T. ) ;
#324 = CYLINDRICAL_SURFACE ( 'NONE', #1888, 0.2499999999999999167 ) ;
#325 = ORIENTED_EDGE ( 'NONE', *, *, #2554, .F. ) ;
#326 = EDGE_CURVE ( 'NONE', #629, #1023, #386, .T. ) ;
#327 = AXIS2_PLACEMENT_3D ( 'NONE', #1832, #157, #1844 ) ;
#328 = ORIENTED_EDGE ( 'NONE', *, *, #203, .T. ) ;
#329 = CARTESIAN_POINT ( 'NONE',  ( -1.937499999999999778, -2.605399999999999050, 1.365625000000008527 ) ) ;
#330 = VECTOR ( 'NONE', #2409, 39.37007874015748143 ) ;
#331 = B_SPLINE_SURFACE_WITH_KNOTS ( 'NONE', 1, 3, ( 
 ( #774, #2655, #2442, #1600, #359, #112, #2429, #372, #537, #2015 ),
 ( #2604, #994, #101, #1628, #939, #952, #735, #2615, #2405, #1170 ),
 ( #750, #1588, #1575, #525, #1377, #127, #967, #1447, #2058, #2084 ),
 ( #1046, #857, #595, #2711, #2685, #2282, #2266, #2498, #424, #439 ) ),
 .UNSPECIFIED., .F., .F., .F.,
 ( 2, 1, 1, 2 ),
 ( 4, 2, 2, 2, 4 ),
 ( -0.01000000000000000021, 0.000000000000000000, 1.000000000000000000, 1.010099999999999998 ),
 ( 0.000000000000000000, 0.2500000000000000000, 0.5000000000000000000, 0.7500000000000000000, 1.000000000000000000 ),
 .UNSPECIFIED. ) ;
#332 = CARTESIAN_POINT ( 'NONE',  ( 2.273750000000000160, -2.443352372546361728, 0.7564017014557264940 ) ) ;
#333 = DIRECTION ( 'NONE',  ( 0.000000000000000000, 1.000000000000000000, -3.278217592397115862E-15 ) ) ;
#334 = DIRECTION ( 'NONE',  ( 0.000000000000000000, 0.000000000000000000, 1.000000000000000000 ) ) ;
#335 = FACE_OUTER_BOUND ( 'NONE', #1710, .T. ) ;
#336 = CARTESIAN_POINT ( 'NONE',  ( 2.251497415133453917, -2.505399999999998961, 0.8573718975743368498 ) ) ;
#337 = CARTESIAN_POINT ( 'NONE',  ( 3.015625000000000444, 0.1195999999999999980, -0.1181102362204724116 ) ) ;
#338 = ORIENTED_EDGE ( 'NONE', *, *, #1445, .F. ) ;
#339 = ORIENTED_EDGE ( 'NONE', *, *, #1412, .T. ) ;
#340 = CARTESIAN_POINT ( 'NONE',  ( -3.114648437499999201, -0.02858166000313604183, 0.6155833552997721503 ) ) ;
#341 = VECTOR ( 'NONE', #1523, 39.37007874015748143 ) ;
#342 = CARTESIAN_POINT ( 'NONE',  ( -3.078125000000000000, 0.01959999999999999243, 0.1181102362204724532 ) ) ;
#343 = CIRCLE ( 'NONE', #2614, 0.2499999999999998057 ) ;
#344 = CARTESIAN_POINT ( 'NONE',  ( 2.596181090567001970, 0.1195999999999999980, -0.2812500000000009437 ) ) ;
#345 = CIRCLE ( 'NONE', #1804, 0.6375000000000000666 ) ;
#346 = VECTOR ( 'NONE', #811, 39.37007874015748143 ) ;
#347 = CARTESIAN_POINT ( 'NONE',  ( 1.937499999999999778, -2.605399999999999050, 1.247514763779535407 ) ) ;
#348 = DIRECTION ( 'NONE',  ( 1.000000000000000000, 0.000000000000000000, 0.000000000000000000 ) ) ;
#349 = CARTESIAN_POINT ( 'NONE',  ( -2.032734685476215830, -0.8553999999999996051, 0.6406250000000026645 ) ) ;
#350 = AXIS2_PLACEMENT_3D ( 'NONE', #2181, #933, #972 ) ;
#351 = CARTESIAN_POINT ( 'NONE',  ( -3.140625000000000000, 0.01959999999999951711, 0.5156250000000000000 ) ) ;
#352 = FACE_OUTER_BOUND ( 'NONE', #809, .T. ) ;
#353 = EDGE_LOOP ( 'NONE', ( #991, #751, #673, #2401 ) ) ;
#354 = ADVANCED_FACE ( 'NONE', ( #2149 ), #2030, .F. ) ;
#355 = ORIENTED_EDGE ( 'NONE', *, *, #2269, .T. ) ;
#356 = DIRECTION ( 'NONE',  ( 6.070773319253918263E-17, 3.502456781877057751E-15, 1.000000000000000000 ) ) ;
#357 = ADVANCED_FACE ( 'NONE', ( #86 ), #925, .F. ) ;
#358 = CARTESIAN_POINT ( 'NONE',  ( 2.282734685476215386, -0.8553999999999989390, 0.7406249999999995337 ) ) ;
#359 = CARTESIAN_POINT ( 'NONE',  ( -2.270781250000000639, -2.519287558714330189, 0.6849002936180202950 ) ) ;
#360 = EDGE_CURVE ( 'NONE', #1019, #177, #790, .T. ) ;
#361 = DIRECTION ( 'NONE',  ( -0.000000000000000000, -0.000000000000000000, 1.000000000000000000 ) ) ;
#362 = DIRECTION ( 'NONE',  ( 0.000000000000000000, 0.000000000000000000, -1.000000000000000000 ) ) ;
#363 = DIRECTION ( 'NONE',  ( 0.000000000000000000, 1.000000000000000000, -3.278217592397118229E-15 ) ) ;
#364 = CARTESIAN_POINT ( 'NONE',  ( 3.234375000000000000, 0.01959999999999999243, 0.2241116523516816506 ) ) ;
#365 = DIRECTION ( 'NONE',  ( 0.000000000000000000, 0.000000000000000000, -1.000000000000000000 ) ) ;
#366 = ORIENTED_EDGE ( 'NONE', *, *, #2031, .T. ) ;
#367 = ORIENTED_EDGE ( 'NONE', *, *, #1819, .T. ) ;
#368 = CARTESIAN_POINT ( 'NONE',  ( 3.158930826175839979, 0.01959999999999999243, 0.3879441738241587445 ) ) ;
#369 = EDGE_LOOP ( 'NONE', ( #2041, #257, #1702, #1413 ) ) ;
#370 = CARTESIAN_POINT ( 'NONE',  ( -2.285625000000000462, -2.380399999999998517, 0.6406250000000079936 ) ) ;
#371 = CC_DESIGN_APPROVAL ( #2238, ( #1265 ) ) ;
#372 = CARTESIAN_POINT ( 'NONE',  ( -2.255937500000000817, -2.600517824927037758, 0.8064699781348114715 ) ) ;
#373 =( LENGTH_UNIT ( ) NAMED_UNIT ( * ) SI_UNIT ( $, .METRE. ) );
#374 = DIRECTION ( 'NONE',  ( 0.000000000000000000, -0.000000000000000000, 1.000000000000000000 ) ) ;
#375 = EDGE_CURVE ( 'NONE', #2198, #1086, #2703, .T. ) ;
#376 = DIRECTION ( 'NONE',  ( 1.000000000000000000, 1.365923996832132102E-16, 0.000000000000000000 ) ) ;
#377 = DIRECTION ( 'NONE',  ( -0.000000000000000000, -1.000000000000000000, -0.000000000000000000 ) ) ;
#378 = ORIENTED_EDGE ( 'NONE', *, *, #949, .T. ) ;
#379 = EDGE_LOOP ( 'NONE', ( #1035, #1255, #2455, #1441 ) ) ;
#380 = LINE ( 'NONE', #162, #85 ) ;
#381 = ORIENTED_EDGE ( 'NONE', *, *, #2567, .F. ) ;
#382 = VERTEX_POINT ( 'NONE', #720 ) ;
#383 = DIRECTION ( 'NONE',  ( 0.000000000000000000, 0.000000000000000000, 1.000000000000000000 ) ) ;
#384 = AXIS2_PLACEMENT_3D ( 'NONE', #2127, #1512, #2343 ) ;
#385 = PERSON_AND_ORGANIZATION ( #2016, #280 ) ;
#386 = LINE ( 'NONE', #1231, #700 ) ;
#387 = CARTESIAN_POINT ( 'NONE',  ( 3.140624999999998668, 0.01959999999999999243, -0.2812500000000009437 ) ) ;
#388 = AXIS2_PLACEMENT_3D ( 'NONE', #887, #1728, #333 ) ;
#389 = CARTESIAN_POINT ( 'NONE',  ( -1.937499999999999778, -2.605399999999999050, 1.365625000000008527 ) ) ;
#390 = CIRCLE ( 'NONE', #2664, 0.3125000000000000000 ) ;
#391 = FACE_BOUND ( 'NONE', #2220, .T. ) ;
#392 = ORIENTED_EDGE ( 'NONE', *, *, #1381, .F. ) ;
#393 = VERTEX_POINT ( 'NONE', #45 ) ;
#394 = CARTESIAN_POINT ( 'NONE',  ( 1.937499999999999778, -2.505399999999998961, 1.365625000000008082 ) ) ;
#395 = ORIENTED_EDGE ( 'NONE', *, *, #758, .T. ) ;
#396 = ORIENTED_EDGE ( 'NONE', *, *, #931, .T. ) ;
#397 = CARTESIAN_POINT ( 'NONE',  ( 3.278569173824158689, 0.1195999999999999980, 0.2683058261758410890 ) ) ;
#398 =( NAMED_UNIT ( * ) SI_UNIT ( $, .STERADIAN. ) SOLID_ANGLE_UNIT ( ) );
#399 = CARTESIAN_POINT ( 'NONE',  ( 1.414587483416202662, -2.505399999999998961, 1.365625000000008082 ) ) ;
#400 = B_SPLINE_CURVE_WITH_KNOTS ( 'NONE', 3,
 ( #15, #224, #819, #195, #834, #2096, #1685, #2475, #2500, #1908, #859, #441, #636, #845 ),
 .UNSPECIFIED., .F., .F.,
 ( 4, 2, 2, 2, 2, 2, 4 ),
 ( 5.204170427930420513E-18, 0.001265703566677429557, 0.002531407133354853910, 0.003164258916693570532, 0.003797110700032287588, 0.004429962483371003776, 0.005062814266709720831 ),
 .UNSPECIFIED. ) ;
#401 = LINE ( 'NONE', #2125, #2129 ) ;
#402 = CARTESIAN_POINT ( 'NONE',  ( 2.834783748502118783, 0.1195999999999999980, -0.1323529411764717001 ) ) ;
#403 = ORIENTED_EDGE ( 'NONE', *, *, #2126, .T. ) ;
#404 = EDGE_CURVE ( 'NONE', #1682, #1836, #1521, .T. ) ;
#405 = ORIENTED_EDGE ( 'NONE', *, *, #2269, .F. ) ;
#406 = DIRECTION ( 'NONE',  ( 2.913971193241881950E-15, 0.000000000000000000, -1.000000000000000000 ) ) ;
#407 = ADVANCED_FACE ( 'NONE', ( #2394 ), #2542, .F. ) ;
#408 = ORIENTED_EDGE ( 'NONE', *, *, #409, .F. ) ;
#409 = EDGE_CURVE ( 'NONE', #913, #520, #128, .T. ) ;
#410 = EDGE_LOOP ( 'NONE', ( #2263, #1042 ) ) ;
#411 = DIRECTION ( 'NONE',  ( -0.000000000000000000, -4.370956789862825094E-15, -1.000000000000000000 ) ) ;
#412 = AXIS2_PLACEMENT_3D ( 'NONE', #443, #1071, #1909 ) ;
#413 = DATE_TIME_ROLE ( 'creation_date' ) ;
#414 = ADVANCED_FACE ( 'NONE', ( #563 ), #317, .T. ) ;
#415 = CARTESIAN_POINT ( 'NONE',  ( 3.140624999999998668, 0.1195999999999999980, 0.4999999999999997224 ) ) ;
#416 = CARTESIAN_POINT ( 'NONE',  ( -2.252994830326256359, -2.505399999999998961, 0.8491187948215663805 ) ) ;
#417 = DIRECTION ( 'NONE',  ( 0.000000000000000000, 0.000000000000000000, 1.000000000000000000 ) ) ;
#418 = VERTEX_POINT ( 'NONE', #1188 ) ;
#419 = LINE ( 'NONE', #713, #2285 ) ;
#420 = CARTESIAN_POINT ( 'NONE',  ( -3.140624999999999112, 0.1195999999999999980, 0.4062500000000001665 ) ) ;
#421 = DIRECTION ( 'NONE',  ( -0.000000000000000000, -1.000000000000000000, 0.000000000000000000 ) ) ;
#422 = EDGE_CURVE ( 'NONE', #1221, #2344, #1494, .T. ) ;
#423 = ORIENTED_EDGE ( 'NONE', *, *, #814, .T. ) ;
#424 = CARTESIAN_POINT ( 'NONE',  ( -2.252969268080905696, -2.504389999999999006, 0.8493919151133820789 ) ) ;
#425 = CARTESIAN_POINT ( 'NONE',  ( 3.140624999999998668, 0.01960000000000037754, 0.5156250000000000000 ) ) ;
#426 = AXIS2_PLACEMENT_3D ( 'NONE', #2259, #377, #1678 ) ;
#427 = CARTESIAN_POINT ( 'NONE',  ( 3.130421588733792060, 0.1052955774438179837, 0.5949138762746397635 ) ) ;
#428 = AXIS2_PLACEMENT_3D ( 'NONE', #1340, #766, #1326 ) ;
#429 = DIRECTION ( 'NONE',  ( -1.000000000000000000, -1.365059278525069004E-15, 0.000000000000000000 ) ) ;
#430 = ORIENTED_EDGE ( 'NONE', *, *, #529, .F. ) ;
#431 = AXIS2_PLACEMENT_3D ( 'NONE', #2482, #421, #603 ) ;
#432 = CARTESIAN_POINT ( 'NONE',  ( -2.259664242003446510, -2.585389154466817718, 0.7725762464374515970 ) ) ;
#433 = CARTESIAN_POINT ( 'NONE',  ( 3.140624999999998668, 0.01960000000000034284, 0.7406249999999993117 ) ) ;
#434 = CARTESIAN_POINT ( 'NONE',  ( -1.414587483416202662, -2.605399999999999050, 1.646875000000008749 ) ) ;
#435 = ORIENTED_EDGE ( 'NONE', *, *, #2634, .T. ) ;
#436 = ORIENTED_EDGE ( 'NONE', *, *, #2301, .F. ) ;
#437 = EDGE_CURVE ( 'NONE', #2010, #2710, #345, .T. ) ;
#438 = ORIENTED_EDGE ( 'NONE', *, *, #1304, .T. ) ;
#439 = CARTESIAN_POINT ( 'NONE',  ( -2.250000000000000444, -2.504389999999999006, 0.8656250000000087486 ) ) ;
#440 = ADVANCED_FACE ( 'NONE', ( #2044, #1158, #1366 ), #1783, .T. ) ;
#441 = CARTESIAN_POINT ( 'NONE',  ( -3.136874546065513858, 0.01877154286356099225, 0.5321599872645329521 ) ) ;
#442 = EDGE_CURVE ( 'NONE', #1373, #2121, #581, .T. ) ;
#443 = CARTESIAN_POINT ( 'NONE',  ( 2.032734685476215386, -0.6053999999999989390, -0.2500000000000009992 ) ) ;
#444 = CARTESIAN_POINT ( 'NONE',  ( -3.296875000000001332, 0.1195999999999999980, 0.2241116523516814285 ) ) ;
#445 = VERTEX_POINT ( 'NONE', #1797 ) ;
#446 = DIRECTION ( 'NONE',  ( 1.000000000000000000, 0.000000000000000000, 0.000000000000000000 ) ) ;
#447 = ORIENTED_EDGE ( 'NONE', *, *, #1929, .F. ) ;
#448 = CARTESIAN_POINT ( 'NONE',  ( 3.140624999999998668, 0.1195999999999999980, 0.4321383476483182107 ) ) ;
#449 = ORIENTED_EDGE ( 'NONE', *, *, #1436, .T. ) ;
#450 = ORIENTED_EDGE ( 'NONE', *, *, #707, .F. ) ;
#451 = VERTEX_POINT ( 'NONE', #762 ) ;
#452 = CARTESIAN_POINT ( 'NONE',  ( -3.103515624999999556, -0.04650672601916209375, 0.7347688522503705855 ) ) ;
#453 = DIRECTION ( 'NONE',  ( 6.437728477207319456E-16, -1.000000000000000000, 0.000000000000000000 ) ) ;
#454 = CIRCLE ( 'NONE', #327, 0.2500000000000003331 ) ;
#455 = LINE ( 'NONE', #2151, #2253 ) ;
#456 = CC_DESIGN_PERSON_AND_ORGANIZATION_ASSIGNMENT ( #623, #194, ( #286 ) ) ;
#457 = CARTESIAN_POINT ( 'NONE',  ( 3.296875000000000000, 0.01959999999999999243, 1.707404996040164512E-16 ) ) ;
#458 = VERTEX_POINT ( 'NONE', #2241 ) ;
#459 = LINE ( 'NONE', #75, #225 ) ;
#460 = FACE_OUTER_BOUND ( 'NONE', #2589, .T. ) ;
#461 = CARTESIAN_POINT ( 'NONE',  ( 3.114683813697008752, -0.02902789876929008639, 0.6149166133672192558 ) ) ;
#462 = ORIENTED_EDGE ( 'NONE', *, *, #2634, .F. ) ;
#463 = ORIENTED_EDGE ( 'NONE', *, *, #851, .F. ) ;
#464 = CARTESIAN_POINT ( 'NONE',  ( -1.992142940765930126, -1.714297589384460307, 0.7406249999999995337 ) ) ;
#465 = EDGE_CURVE ( 'NONE', #1836, #1023, #2148, .T. ) ;
#466 = CIRCLE ( 'NONE', #2612, 0.06250000000000001388 ) ;
#467 = APPROVAL_ROLE ( '' ) ;
#468 = CARTESIAN_POINT ( 'NONE',  ( 3.103515624999998224, -0.04624497813480229341, 0.7357428249270389076 ) ) ;
#469 = LINE ( 'NONE', #264, #1296 ) ;
#470 = DIRECTION ( 'NONE',  ( 6.662942673733950341E-34, -1.000000000000000000, 1.097544303392439621E-17 ) ) ;
#471 = VECTOR ( 'NONE', #1154, 39.37007874015748143 ) ;
#472 = VECTOR ( 'NONE', #1277, 39.37007874015748143 ) ;
#473 = DIRECTION ( 'NONE',  ( 0.000000000000000000, 1.000000000000000000, 0.000000000000000000 ) ) ;
#474 = VECTOR ( 'NONE', #58, 39.37007874015748143 ) ;
#475 = EDGE_LOOP ( 'NONE', ( #1709, #1905, #1878, #1291 ) ) ;
#476 = CARTESIAN_POINT ( 'NONE',  ( 3.097967622892034090, -0.09713762061560644867, 0.6406249999999996669 ) ) ;
#477 = ORIENTED_EDGE ( 'NONE', *, *, #2049, .T. ) ;
#478 = CIRCLE ( 'NONE', #2024, 0.2499999999999998612 ) ;
#479 = ORIENTED_EDGE ( 'NONE', *, *, #897, .T. ) ;
#480 = CARTESIAN_POINT ( 'NONE',  ( -3.099805346338875722, -0.07581141775544258943, 0.7416249999999996456 ) ) ;
#481 = AXIS2_PLACEMENT_3D ( 'NONE', #1737, #1129, #27 ) ;
#482 = CARTESIAN_POINT ( 'NONE',  ( 3.136913426159113172, 0.01960000000000039488, 0.5319902675253068702 ) ) ;
#483 = CARTESIAN_POINT ( 'NONE',  ( -3.110920779977616402, 0.007241737309574594085, 0.7109519302747143721 ) ) ;
#484 = CARTESIAN_POINT ( 'NONE',  ( -3.015625000000000444, 0.1195999999999999980, -0.1181102362204724116 ) ) ;
#485 = FACE_OUTER_BOUND ( 'NONE', #1589, .T. ) ;
#486 = DIRECTION ( 'NONE',  ( -9.655988143861207629E-17, -1.097544303392439467E-17, -1.000000000000000000 ) ) ;
#487 = PLANE ( 'NONE',  #2698 ) ;
#488 = EDGE_CURVE ( 'NONE', #41, #1852, #658, .T. ) ;
#489 = ORIENTED_EDGE ( 'NONE', *, *, #2629, .F. ) ;
#490 = EDGE_CURVE ( 'NONE', #393, #2198, #1010, .T. ) ;
#491 = VERTEX_POINT ( 'NONE', #1839 ) ;
#492 = ADVANCED_FACE ( 'NONE', ( #1611 ), #331, .F. ) ;
#493 = CARTESIAN_POINT ( 'NONE',  ( -3.114648437499999201, 0.03348755871433038711, 0.6963497063819883426 ) ) ;
#494 = EDGE_CURVE ( 'NONE', #2704, #1915, #622, .T. ) ;
#495 = UNCERTAINTY_MEASURE_WITH_UNIT (LENGTH_MEASURE( 1.000000000000000082E-05 ), #1012, 'distance_accuracy_value', 'NONE');
#496 = DATE_AND_TIME ( #1727, #1650 ) ;
#497 = CARTESIAN_POINT ( 'NONE',  ( 3.099805346338875278, -0.07581141775544233963, 0.7416249999999996456 ) ) ;
#498 = LINE ( 'NONE', #927, #942 ) ;
#499 = DIRECTION ( 'NONE',  ( -0.000000000000000000, -1.000000000000000000, -0.000000000000000000 ) ) ;
#500 = VECTOR ( 'NONE', #1149, 39.37007874015748143 ) ;
#501 = EDGE_CURVE ( 'NONE', #1651, #1145, #878, .T. ) ;
#502 = ORIENTED_EDGE ( 'NONE', *, *, #507, .F. ) ;
#503 = CYLINDRICAL_SURFACE ( 'NONE', #1475, 0.2499999999999998612 ) ;
#504 = FACE_BOUND ( 'NONE', #1309, .T. ) ;
#505 = LINE ( 'NONE', #918, #2574 ) ;
#506 = ORIENTED_EDGE ( 'NONE', *, *, #552, .F. ) ;
#507 = EDGE_CURVE ( 'NONE', #1128, #717, #1009, .T. ) ;
#508 = EDGE_LOOP ( 'NONE', ( #2078, #240, #1518, #2278 ) ) ;
#509 = LINE ( 'NONE', #1347, #2109 ) ;
#510 = EDGE_CURVE ( 'NONE', #1363, #2083, #803, .T. ) ;
#511 = FACE_OUTER_BOUND ( 'NONE', #2539, .T. ) ;
#512 = CARTESIAN_POINT ( 'NONE',  ( 3.114648437499997868, 0.03348755871433124753, 0.6963497063819884536 ) ) ;
#513 = PLANE ( 'NONE',  #2473 ) ;
#514 = CARTESIAN_POINT ( 'NONE',  ( -1.756640935476216248, -1.630399999999999627, 0.7406249999999995337 ) ) ;
#515 = VERTEX_POINT ( 'NONE', #1250 ) ;
#516 = CARTESIAN_POINT ( 'NONE',  ( -2.250000000000000444, -2.605399999999999050, 0.8656250000000085265 ) ) ;
#517 = DIRECTION ( 'NONE',  ( 1.000000000000000000, 0.000000000000000000, 0.000000000000000000 ) ) ;
#518 = ORIENTED_EDGE ( 'NONE', *, *, #730, .F. ) ;
#519 = CIRCLE ( 'NONE', #2062, 0.2812500000000001665 ) ;
#520 = VERTEX_POINT ( 'NONE', #1893 ) ;
#521 = LINE ( 'NONE', #772, #1584 ) ;
#522 = AXIS2_PLACEMENT_3D ( 'NONE', #2328, #1898, #2688 ) ;
#523 = PLANE ( 'NONE',  #1217 ) ;
#524 = CIRCLE ( 'NONE', #2070, 0.6375000000000000666 ) ;
#525 = CARTESIAN_POINT ( 'NONE',  ( -2.273750000000000160, -2.443352372546361728, 0.7564017014557264940 ) ) ;
#526 = ORIENTED_EDGE ( 'NONE', *, *, #2199, .F. ) ;
#527 = EDGE_CURVE ( 'NONE', #1528, #1664, #478, .T. ) ;
#528 = CARTESIAN_POINT ( 'NONE',  ( 1.137499999999999512, -1.242900000000000338, -0.2500000000000009992 ) ) ;
#529 = EDGE_CURVE ( 'NONE', #382, #659, #1882, .T. ) ;
#530 = CARTESIAN_POINT ( 'NONE',  ( 1.937499999999999778, -2.605399999999999050, 1.365625000000008082 ) ) ;
#531 = CARTESIAN_POINT ( 'NONE',  ( -1.937499999999999778, -2.605399999999999050, 1.483735236220481202 ) ) ;
#532 = FACE_OUTER_BOUND ( 'NONE', #716, .T. ) ;
#533 = ORIENTED_EDGE ( 'NONE', *, *, #1761, .F. ) ;
#534 = ORIENTED_EDGE ( 'NONE', *, *, #2433, .F. ) ;
#535 = DIRECTION ( 'NONE',  ( 1.000000000000000000, 0.000000000000000000, -2.731847993664277517E-16 ) ) ;
#536 = DIRECTION ( 'NONE',  ( -8.741913579725642299E-16, 0.000000000000000000, -1.000000000000000000 ) ) ;
#537 = CARTESIAN_POINT ( 'NONE',  ( -2.252969279990634455, -2.606399999999998940, 0.8360363883889098124 ) ) ;
#538 = LINE ( 'NONE', #1799, #1604 ) ;
#539 = PLANE ( 'NONE',  #126 ) ;
#540 = DIRECTION ( 'NONE',  ( 0.000000000000000000, 1.000000000000000000, 0.000000000000000000 ) ) ;
#541 = CARTESIAN_POINT ( 'NONE',  ( -1.082291259447422327, -1.630400000000000071, 0.6406250000000052180 ) ) ;
#542 = ORIENTED_EDGE ( 'NONE', *, *, #610, .F. ) ;
#543 = AXIS2_PLACEMENT_3D ( 'NONE', #253, #94, #1101 ) ;
#544 = ORIENTED_EDGE ( 'NONE', *, *, #1864, .F. ) ;
#545 = DIRECTION ( 'NONE',  ( -7.105427357601001859E-15, 1.000000000000000000, -3.482355684231370258E-15 ) ) ;
#546 = LOCAL_TIME ( 11, 23, 40.00000000000000000, #608 ) ;
#547 = CARTESIAN_POINT ( 'NONE',  ( 2.252969268198822927, -2.505399999999998961, 0.8492596821755155068 ) ) ;
#548 = CARTESIAN_POINT ( 'NONE',  ( -1.937499999999999778, -2.605399999999999050, 1.365625000000008527 ) ) ;
#549 = CARTESIAN_POINT ( 'NONE',  ( -3.158930826175840423, 0.1195999999999999980, 0.3879441738241591886 ) ) ;
#550 = CARTESIAN_POINT ( 'NONE',  ( 2.596181090567001526, 0.1195999999999999980, -9.538214587709287948E-16 ) ) ;
#551 = FACE_OUTER_BOUND ( 'NONE', #2561, .T. ) ;
#552 = EDGE_CURVE ( 'NONE', #1222, #1653, #1227, .T. ) ;
#553 = CARTESIAN_POINT ( 'NONE',  ( 2.273728390521574827, -2.443147369085529430, 0.7572047688714256264 ) ) ;
#554 = CARTESIAN_POINT ( 'NONE',  ( 3.296875000000000000, 0.1195999999999999980, 0.2500000000000001110 ) ) ;
#555 = ORIENTED_EDGE ( 'NONE', *, *, #422, .F. ) ;
#556 = EDGE_CURVE ( 'NONE', #1044, #177, #1655, .T. ) ;
#557 = ORIENTED_EDGE ( 'NONE', *, *, #152, .F. ) ;
#558 = CARTESIAN_POINT ( 'NONE',  ( -1.937499999999999778, -2.505399999999998961, 1.365625000000008527 ) ) ;
#559 = EDGE_CURVE ( 'NONE', #904, #1260, #829, .T. ) ;
#560 = AXIS2_PLACEMENT_3D ( 'NONE', #1862, #2479, #2650 ) ;
#561 = CYLINDRICAL_SURFACE ( 'NONE', #652, 0.2499999999999998612 ) ;
#562 = AXIS2_PLACEMENT_3D ( 'NONE', #514, #2594, #568 ) ;
#563 = FACE_OUTER_BOUND ( 'NONE', #1778, .T. ) ;
#564 = AXIS2_PLACEMENT_3D ( 'NONE', #670, #453, #2136 ) ;
#565 = VECTOR ( 'NONE', #2471, 39.37007874015748143 ) ;
#566 = FACE_OUTER_BOUND ( 'NONE', #353, .T. ) ;
#567 = DIRECTION ( 'NONE',  ( 0.000000000000000000, 0.000000000000000000, 1.000000000000000000 ) ) ;
#568 = DIRECTION ( 'NONE',  ( -1.000000000000000000, 0.000000000000000000, 0.000000000000000000 ) ) ;
#569 = CIRCLE ( 'NONE', #1355, 0.1181102362204728279 ) ;
#570 = CARTESIAN_POINT ( 'NONE',  ( 2.032734685476215386, -0.6053999999999989390, -0.2500000000000009992 ) ) ;
#571 = EDGE_CURVE ( 'NONE', #1818, #179, #2072, .T. ) ;
#572 = CARTESIAN_POINT ( 'NONE',  ( -3.015625000000000444, 0.01959999999999999243, -1.148106374200637546E-17 ) ) ;
#573 = ORIENTED_EDGE ( 'NONE', *, *, #1707, .F. ) ;
#574 = VERTEX_POINT ( 'NONE', #1857 ) ;
#575 = EDGE_CURVE ( 'NONE', #491, #959, #816, .T. ) ;
#576 = CARTESIAN_POINT ( 'NONE',  ( -1.332291259447422549, -1.880400000000000293, -0.2500000000000009992 ) ) ;
#577 = ORIENTED_EDGE ( 'NONE', *, *, #935, .F. ) ;
#578 = VECTOR ( 'NONE', #1153, 39.37007874015748143 ) ;
#579 = CC_DESIGN_DATE_AND_TIME_ASSIGNMENT ( #2295, #413, ( #1265 ) ) ;
#580 = CARTESIAN_POINT ( 'NONE',  ( -2.284127556065854048, -2.395255870092667827, 0.6406250000000086597 ) ) ;
#581 = LINE ( 'NONE', #140, #214 ) ;
#582 = CYLINDRICAL_SURFACE ( 'NONE', #1877, 0.1181102362204728279 ) ;
#583 = DIRECTION ( 'NONE',  ( 0.000000000000000000, 0.000000000000000000, 1.000000000000000000 ) ) ;
#584 = FACE_OUTER_BOUND ( 'NONE', #1428, .T. ) ;
#585 = LINE ( 'NONE', #351, #1825 ) ;
#586 = CARTESIAN_POINT ( 'NONE',  ( -2.268236690765929708, -0.9392975893844600632, -0.2500000000000009992 ) ) ;
#587 = EDGE_CURVE ( 'NONE', #515, #2082, #1642, .T. ) ;
#588 = VERTEX_POINT ( 'NONE', #1460 ) ;
#589 = CARTESIAN_POINT ( 'NONE',  ( -2.285625000000000462, -2.380399999999999405, 0.7406250000000085265 ) ) ;
#590 = ORIENTED_EDGE ( 'NONE', *, *, #1261, .F. ) ;
#591 = AXIS2_PLACEMENT_3D ( 'NONE', #2061, #172, #1015 ) ;
#592 = ORIENTED_EDGE ( 'NONE', *, *, #640, .T. ) ;
#593 = CARTESIAN_POINT ( 'NONE',  ( -2.282654779133307610, -2.409864849332191472, 0.6420820531979768431 ) ) ;
#594 = CC_DESIGN_APPROVAL ( #2326, ( #725 ) ) ;
#595 = CARTESIAN_POINT ( 'NONE',  ( -2.279687500000000089, -2.412854120181706197, 0.7448621278199041296 ) ) ;
#596 = PERSON_AND_ORGANIZATION_ROLE ( 'classification_officer' ) ;
#597 = FACE_OUTER_BOUND ( 'NONE', #812, .T. ) ;
#598 = LINE ( 'NONE', #1027, #2357 ) ;
#599 = CARTESIAN_POINT ( 'NONE',  ( 3.110953619186328289, 0.007268252111275773537, 0.7105227591827399936 ) ) ;
#600 = LINE ( 'NONE', #1220, #912 ) ;
#601 = ORIENTED_EDGE ( 'NONE', *, *, #1300, .T. ) ;
#602 = VERTEX_POINT ( 'NONE', #605 ) ;
#603 = DIRECTION ( 'NONE',  ( 0.000000000000000000, 0.000000000000000000, -1.000000000000000000 ) ) ;
#604 = ORIENTED_EDGE ( 'NONE', *, *, #2314, .T. ) ;
#605 = CARTESIAN_POINT ( 'NONE',  ( -2.249999999999999556, -2.505399999999998961, 1.365625000000008527 ) ) ;
#606 = AXIS2_PLACEMENT_3D ( 'NONE', #1632, #2462, #170 ) ;
#607 = AXIS2_PLACEMENT_3D ( 'NONE', #1125, #2036, #997 ) ;
#608 = COORDINATED_UNIVERSAL_TIME_OFFSET ( 6, 0, .BEHIND. ) ;
#609 = DIRECTION ( 'NONE',  ( 6.662942673733950341E-34, -1.000000000000000000, 1.097544303392439621E-17 ) ) ;
#610 = EDGE_CURVE ( 'NONE', #382, #717, #755, .T. ) ;
#611 = CARTESIAN_POINT ( 'NONE',  ( -1.414587483416202662, -2.505399999999998961, 1.365625000000008527 ) ) ;
#612 = AXIS2_PLACEMENT_3D ( 'NONE', #1722, #1884, #1496 ) ;
#613 = CARTESIAN_POINT ( 'NONE',  ( 3.125797970022379690, 0.08992693027471559963, 0.6282667373095740526 ) ) ;
#614 = EDGE_CURVE ( 'NONE', #81, #2121, #2146, .T. ) ;
#615 = VECTOR ( 'NONE', #1853, 39.37007874015748143 ) ;
#616 = CARTESIAN_POINT ( 'NONE',  ( -1.937499999999999778, -2.605399999999999050, 1.365625000000008527 ) ) ;
#617 = ORIENTED_EDGE ( 'NONE', *, *, #2081, .F. ) ;
#618 = ORIENTED_EDGE ( 'NONE', *, *, #1018, .F. ) ;
#619 = CARTESIAN_POINT ( 'NONE',  ( 3.140624999999998668, 0.01960000000000037754, 0.5156250000000000000 ) ) ;
#620 = ORIENTED_EDGE ( 'NONE', *, *, #732, .T. ) ;
#621 = ORIENTED_EDGE ( 'NONE', *, *, #669, .T. ) ;
#622 = LINE ( 'NONE', #1036, #2066 ) ;
#623 = PERSON_AND_ORGANIZATION ( #2016, #280 ) ;
#624 = FACE_OUTER_BOUND ( 'NONE', #2552, .T. ) ;
#625 = EDGE_CURVE ( 'NONE', #1620, #232, #2123, .T. ) ;
#626 = EDGE_CURVE ( 'NONE', #2480, #913, #2194, .T. ) ;
#627 = CARTESIAN_POINT ( 'NONE',  ( 3.103556847769059601, -0.04674268283081057379, 0.7333506143752255291 ) ) ;
#628 = DIRECTION ( 'NONE',  ( -8.741913579725642299E-16, -1.097544303392439621E-17, -1.000000000000000000 ) ) ;
#629 = VERTEX_POINT ( 'NONE', #1530 ) ;
#630 = ORIENTED_EDGE ( 'NONE', *, *, #1973, .F. ) ;
#631 = CARTESIAN_POINT ( 'NONE',  ( -3.234375000000000888, 0.1195999999999999980, 0.2241116523516817061 ) ) ;
#632 = VERTEX_POINT ( 'NONE', #464 ) ;
#633 = ORIENTED_EDGE ( 'NONE', *, *, #490, .T. ) ;
#634 = CARTESIAN_POINT ( 'NONE',  ( 2.252970220866691520, -2.603942946802030090, 0.8361601506678170148 ) ) ;
#635 = AXIS2_PLACEMENT_3D ( 'NONE', #1393, #2649, #2635 ) ;
#636 = CARTESIAN_POINT ( 'NONE',  ( -3.138751127107962002, 0.01959999999999949283, 0.5238873793843930038 ) ) ;
#637 = CARTESIAN_POINT ( 'NONE',  ( -2.266340469400659252, -2.474527234127101849, 0.7829715460526808224 ) ) ;
#638 = DIRECTION ( 'NONE',  ( 0.000000000000000000, 0.000000000000000000, -1.000000000000000000 ) ) ;
#639 = ORIENTED_EDGE ( 'NONE', *, *, #2469, .T. ) ;
#640 = EDGE_CURVE ( 'NONE', #717, #2679, #1081, .T. ) ;
#641 = CARTESIAN_POINT ( 'NONE',  ( -2.273763532945309418, -2.493040458547386429, 0.6702971810965706601 ) ) ;
#642 = ORIENTED_EDGE ( 'NONE', *, *, #1759, .F. ) ;
#643 = DIRECTION ( 'NONE',  ( -1.000000000000000000, -0.000000000000000000, 0.000000000000000000 ) ) ;
#644 = ADVANCED_FACE ( 'NONE', ( #43 ), #1310, .F. ) ;
#645 = EDGE_LOOP ( 'NONE', ( #1544, #1281, #2491, #1774 ) ) ;
#646 = EDGE_LOOP ( 'NONE', ( #1289, #135, #328, #604 ) ) ;
#647 = ORIENTED_EDGE ( 'NONE', *, *, #2647, .T. ) ;
#648 = EDGE_CURVE ( 'NONE', #1983, #26, #2366, .T. ) ;
#649 = CARTESIAN_POINT ( 'NONE',  ( 2.255924423195775130, -2.597882868041080151, 0.8074816238672027913 ) ) ;
#650 = COORDINATED_UNIVERSAL_TIME_OFFSET ( 6, 0, .BEHIND. ) ;
#651 = PLANE ( 'NONE',  #2321 ) ;
#652 = AXIS2_PLACEMENT_3D ( 'NONE', #2393, #748, #1811 ) ;
#653 = CIRCLE ( 'NONE', #2656, 0.2500000000000000555 ) ;
#654 = CIRCLE ( 'NONE', #1007, 0.2812499999999998335 ) ;
#655 = CARTESIAN_POINT ( 'NONE',  ( 3.136912163221048377, 0.1181428643717259835, 0.5450903242563562845 ) ) ;
#656 = CIRCLE ( 'NONE', #562, 0.2500000000000003331 ) ;
#657 = CARTESIAN_POINT ( 'NONE',  ( 1.092238780267706488, -0.9252198198198203771, 0.7406249999999995337 ) ) ;
#658 = CIRCLE ( 'NONE', #2492, 0.1181102362204724116 ) ;
#659 = VERTEX_POINT ( 'NONE', #2576 ) ;
#660 = AXIS2_PLACEMENT_3D ( 'NONE', #914, #944, #726 ) ;
#661 = VECTOR ( 'NONE', #2525, 39.37007874015748143 ) ;
#662 = DIRECTION ( 'NONE',  ( 0.000000000000000000, 0.000000000000000000, 1.000000000000000000 ) ) ;
#663 = CYLINDRICAL_SURFACE ( 'NONE', #80, 0.06250000000000001388 ) ;
#664 = LINE ( 'NONE', #2120, #1183 ) ;
#665 = ORIENTED_EDGE ( 'NONE', *, *, #1973, .T. ) ;
#666 = ORIENTED_EDGE ( 'NONE', *, *, #931, .F. ) ;
#667 = ORIENTED_EDGE ( 'NONE', *, *, #1187, .F. ) ;
#668 = CARTESIAN_POINT ( 'NONE',  ( 2.284127556057740982, -2.395255870173148782, 0.6406250000000086597 ) ) ;
#669 = EDGE_CURVE ( 'NONE', #1679, #1044, #1270, .T. ) ;
#670 = CARTESIAN_POINT ( 'NONE',  ( 1.332291259447422549, -1.880400000000000071, -0.2500000000000009992 ) ) ;
#671 = DIRECTION ( 'NONE',  ( 0.000000000000000000, 0.000000000000000000, 1.000000000000000000 ) ) ;
#672 = DIRECTION ( 'NONE',  ( -0.000000000000000000, -0.000000000000000000, 1.000000000000000000 ) ) ;
#673 = ORIENTED_EDGE ( 'NONE', *, *, #1510, .T. ) ;
#674 = DIRECTION ( 'NONE',  ( 0.000000000000000000, -1.000000000000000000, 0.000000000000000000 ) ) ;
#675 = ORIENTED_EDGE ( 'NONE', *, *, #494, .F. ) ;
#676 = CARTESIAN_POINT ( 'NONE',  ( 3.110984447950456033, -0.04257786111269268314, 0.6239988953673026861 ) ) ;
#677 = ORIENTED_EDGE ( 'NONE', *, *, #206, .T. ) ;
#678 = ORIENTED_EDGE ( 'NONE', *, *, #1300, .F. ) ;
#679 = CARTESIAN_POINT ( 'NONE',  ( 1.414587483416202662, -2.605399999999999050, 1.365625000000008082 ) ) ;
#680 = CARTESIAN_POINT ( 'NONE',  ( 3.110937499999998135, 0.007914270583452811397, 0.7122269373797077696 ) ) ;
#681 = CARTESIAN_POINT ( 'NONE',  ( -2.596181090567001526, 0.1195999999999999980, 0.000000000000000000 ) ) ;
#682 = LINE ( 'NONE', #2356, #923 ) ;
#683 = ORIENTED_EDGE ( 'NONE', *, *, #1215, .F. ) ;
#684 = LINE ( 'NONE', #1113, #1684 ) ;
#685 = DIRECTION ( 'NONE',  ( -0.9420080211588558461, 0.3355903575378419990, -1.110252599851166768E-15 ) ) ;
#686 = CARTESIAN_POINT ( 'NONE',  ( -1.332291259447422549, -1.630400000000000071, 0.6406250000000052180 ) ) ;
#687 = EDGE_LOOP ( 'NONE', ( #1968, #1608, #489, #1468 ) ) ;
#688 = VERTEX_POINT ( 'NONE', #2553 ) ;
#689 = DIRECTION ( 'NONE',  ( -1.000000000000000000, -0.000000000000000000, 1.836970198721029688E-16 ) ) ;
#690 = CARTESIAN_POINT ( 'NONE',  ( 3.122070312499997780, -0.005441644700227021153, 0.5924433399968640490 ) ) ;
#691 = CARTESIAN_POINT ( 'NONE',  ( -3.131312960969821368, 0.1080146510398896642, 0.5883827873354305904 ) ) ;
#692 = ADVANCED_FACE ( 'NONE', ( #1712 ), #1766, .F. ) ;
#693 = DIRECTION ( 'NONE',  ( -0.000000000000000000, -0.000000000000000000, -1.000000000000000000 ) ) ;
#694 = ADVANCED_FACE ( 'NONE', ( #2403, #1146, #1793, #2625 ), #1375, .T. ) ;
#695 = AXIS2_PLACEMENT_3D ( 'NONE', #1996, #1372, #1764 ) ;
#696 = EDGE_CURVE ( 'NONE', #736, #728, #524, .T. ) ;
#697 = EDGE_CURVE ( 'NONE', #270, #870, #521, .T. ) ;
#698 = CARTESIAN_POINT ( 'NONE',  ( 1.332291259447422105, -0.8553999999999998272, 0.7406249999999995337 ) ) ;
#699 = VECTOR ( 'NONE', #1232, 39.37007874015748143 ) ;
#700 = VECTOR ( 'NONE', #184, 39.37007874015748854 ) ;
#701 = CARTESIAN_POINT ( 'NONE',  ( -1.756640935476216248, -1.880400000000000071, -0.2500000000000009992 ) ) ;
#702 = DIRECTION ( 'NONE',  ( -6.070773319253918263E-17, -3.502456781877057751E-15, -1.000000000000000000 ) ) ;
#703 = ORIENTED_EDGE ( 'NONE', *, *, #851, .T. ) ;
#704 = AXIS2_PLACEMENT_3D ( 'NONE', #841, #1890, #178 ) ;
#705 = CARTESIAN_POINT ( 'NONE',  ( 2.278175147639556197, -2.453159857400774690, 0.6522110850242408553 ) ) ;
#706 = CIRCLE ( 'NONE', #2234, 0.1181102362204728279 ) ;
#707 = EDGE_CURVE ( 'NONE', #688, #393, #1011, .T. ) ;
#708 = CARTESIAN_POINT ( 'NONE',  ( 3.133203124999997868, 0.01634658458353987001, 0.5483434855449096368 ) ) ;
#709 = LINE ( 'NONE', #88, #1738 ) ;
#710 = DIRECTION ( 'NONE',  ( -0.000000000000000000, -0.000000000000000000, 1.000000000000000000 ) ) ;
#711 = ORIENTED_EDGE ( 'NONE', *, *, #68, .F. ) ;
#712 = EDGE_CURVE ( 'NONE', #1235, #2093, #791, .T. ) ;
#713 = CARTESIAN_POINT ( 'NONE',  ( 2.282734685476215386, -0.8553999999999989390, -0.2500000000000009992 ) ) ;
#714 = PLANE ( 'NONE',  #1714 ) ;
#715 = DIRECTION ( 'NONE',  ( -0.000000000000000000, -0.000000000000000000, 1.000000000000000000 ) ) ;
#716 = EDGE_LOOP ( 'NONE', ( #1662, #1597, #2099, #1854 ) ) ;
#717 = VERTEX_POINT ( 'NONE', #1364 ) ;
#718 = CARTESIAN_POINT ( 'NONE',  ( -3.103515624999999556, -0.07268151445509020425, 0.6373715845835390414 ) ) ;
#719 = CARTESIAN_POINT ( 'NONE',  ( 2.273750000000000160, -2.494217889563822954, 0.6681492762319467538 ) ) ;
#720 = CARTESIAN_POINT ( 'NONE',  ( 2.249999999999999556, -2.605399999999999050, 0.8656250000000081934 ) ) ;
#721 = CARTESIAN_POINT ( 'NONE',  ( 3.015625000000000444, 0.01959999999999999243, -0.1181102362204724116 ) ) ;
#722 = LINE ( 'NONE', #1786, #1140 ) ;
#723 = AXIS2_PLACEMENT_3D ( 'NONE', #364, #1803, #2620 ) ;
#724 = EDGE_LOOP ( 'NONE', ( #518, #2563, #119, #1680 ) ) ;
#725 = PRODUCT_DEFINITION_FORMATION_WITH_SPECIFIED_SOURCE ( 'ANY', '', #286, .NOT_KNOWN. ) ;
#726 = DIRECTION ( 'NONE',  ( 0.000000000000000000, 0.000000000000000000, 1.000000000000000000 ) ) ;
#727 = CARTESIAN_POINT ( 'NONE',  ( -1.937499999999999778, -2.605399999999999050, 1.678125000000008527 ) ) ;
#728 = VERTEX_POINT ( 'NONE', #2653 ) ;
#729 = ORIENTED_EDGE ( 'NONE', *, *, #732, .F. ) ;
#730 = EDGE_CURVE ( 'NONE', #1128, #1596, #2212, .T. ) ;
#731 = CARTESIAN_POINT ( 'NONE',  ( -3.140625000000000000, 0.01959999999999951711, 0.5156250000000000000 ) ) ;
#732 = EDGE_CURVE ( 'NONE', #1848, #2415, #390, .T. ) ;
#733 = EDGE_CURVE ( 'NONE', #728, #2710, #1586, .T. ) ;
#734 = CARTESIAN_POINT ( 'NONE',  ( 2.264843749999999822, -2.479550691788949379, 0.7894273521903188984 ) ) ;
#735 = CARTESIAN_POINT ( 'NONE',  ( -2.261875000000000746, -2.577001937379706842, 0.7523107294165565229 ) ) ;
#736 = VERTEX_POINT ( 'NONE', #122 ) ;
#737 = DIRECTION ( 'NONE',  ( -6.662942673733950341E-34, 1.000000000000000000, -1.097544303392439467E-17 ) ) ;
#738 = CARTESIAN_POINT ( 'NONE',  ( 1.332291259447422549, -1.880400000000000071, 0.7406249999999995337 ) ) ;
#739 = CARTESIAN_POINT ( 'NONE',  ( 2.249999999999999556, -2.505399999999998961, 0.8656250000000085265 ) ) ;
#740 = LINE ( 'NONE', #727, #471 ) ;
#741 = ORIENTED_EDGE ( 'NONE', *, *, #2114, .T. ) ;
#742 = AXIS2_PLACEMENT_3D ( 'NONE', #852, #674, #2239 ) ;
#743 = AXIS2_PLACEMENT_3D ( 'NONE', #1742, #30, #1483 ) ;
#744 = AXIS2_PLACEMENT_3D ( 'NONE', #1691, #2155, #2547 ) ;
#745 = EDGE_LOOP ( 'NONE', ( #2652, #2338, #1986, #2537 ) ) ;
#746 = CARTESIAN_POINT ( 'NONE',  ( -9.163073478748884727E-17, -1.242900000000000338, 0.6406250000000038858 ) ) ;
#747 = AXIS2_PLACEMENT_3D ( 'NONE', #2631, #2113, #2511 ) ;
#748 = DIRECTION ( 'NONE',  ( 0.000000000000000000, 1.000000000000000000, 0.000000000000000000 ) ) ;
#749 = VECTOR ( 'NONE', #2279, 39.37007874015748143 ) ;
#750 = CARTESIAN_POINT ( 'NONE',  ( -2.285625000000000462, -2.380399999999999405, 0.7406250000000085265 ) ) ;
#751 = ORIENTED_EDGE ( 'NONE', *, *, #2632, .T. ) ;
#752 = CARTESIAN_POINT ( 'NONE',  ( -1.332291259447422993, -0.8554000000000002712, 0.7406249999999995337 ) ) ;
#753 = DIRECTION ( 'NONE',  ( 0.3355903575378423320, -0.9420080211588557351, 3.278969452403024749E-15 ) ) ;
#754 = LINE ( 'NONE', #1594, #1425 ) ;
#755 = B_SPLINE_CURVE_WITH_KNOTS ( 'NONE', 3,
 ( #2294, #2509, #634, #1479, #649, #1262, #2108, #13, #1491, #2324, #886, #247, #1108, #235, #272, #1561, #1323, #705, #1506, #2565, #668, #1920 ),
 .UNSPECIFIED., .F., .F.,
 ( 4, 2, 2, 2, 2, 2, 2, 2, 2, 2, 4 ),
 ( 6.938893903907228378E-18, 0.001121605434619188640, 0.001682408151928784261, 0.002243210869238380315, 0.003364816303857571557, 0.004486421738476763232, 0.005608027173095955775, 0.006168829890405551179, 0.006729632607715148318, 0.007851238042334266268, 0.008972843476953384217 ),
 .UNSPECIFIED. ) ;
#756 = DIRECTION ( 'NONE',  ( -1.000000000000000000, 9.750423418036215341E-16, 0.000000000000000000 ) ) ;
#757 = VERTEX_POINT ( 'NONE', #1182 ) ;
#758 = EDGE_CURVE ( 'NONE', #2092, #1553, #1449, .T. ) ;
#759 = ORIENTED_EDGE ( 'NONE', *, *, #1294, .T. ) ;
#760 = DIRECTION ( 'NONE',  ( -6.070773319253918263E-17, -3.502456781877057751E-15, -1.000000000000000000 ) ) ;
#761 = FACE_OUTER_BOUND ( 'NONE', #1159, .T. ) ;
#762 = CARTESIAN_POINT ( 'NONE',  ( 3.140624999999998668, 0.1196000000000004143, 0.5156250000000002220 ) ) ;
#763 = EDGE_CURVE ( 'NONE', #1430, #1559, #1756, .T. ) ;
#764 = CARTESIAN_POINT ( 'NONE',  ( -3.296875000000000444, 0.01959999999999999243, -0.2812500000000009437 ) ) ;
#765 = CYLINDRICAL_SURFACE ( 'NONE', #2064, 0.2500000000000000555 ) ;
#766 = DIRECTION ( 'NONE',  ( -0.000000000000000000, -1.000000000000000000, -0.000000000000000000 ) ) ;
#767 = CARTESIAN_POINT ( 'NONE',  ( 2.252970432720194705, -2.504590334016647990, 0.8492544865621104444 ) ) ;
#768 = EDGE_CURVE ( 'NONE', #1528, #2083, #509, .T. ) ;
#769 = CARTESIAN_POINT ( 'NONE',  ( 3.096093749999998312, -0.1053999999999990084, 0.6406249999999996669 ) ) ;
#770 = ORIENTED_EDGE ( 'NONE', *, *, #768, .F. ) ;
#771 = ORIENTED_EDGE ( 'NONE', *, *, #2583, .T. ) ;
#772 = CARTESIAN_POINT ( 'NONE',  ( -3.078125000000000000, 0.1195999999999999980, 0.1181102362204724116 ) ) ;
#773 = CARTESIAN_POINT ( 'NONE',  ( -3.140625000000000000, 0.01959999999999999243, 0.4321383476483186548 ) ) ;
#774 = CARTESIAN_POINT ( 'NONE',  ( -2.285625000000000462, -2.380400000000000293, 0.6396250000000086589 ) ) ;
#775 = FACE_OUTER_BOUND ( 'NONE', #1106, .T. ) ;
#776 = PLANE ( 'NONE',  #1622 ) ;
#777 = LINE ( 'NONE', #2487, #2189 ) ;
#778 = EDGE_CURVE ( 'NONE', #458, #2497, #302, .T. ) ;
#779 = LINE ( 'NONE', #2449, #2640 ) ;
#780 = LINE ( 'NONE', #1886, #1137 ) ;
#781 = ORIENTED_EDGE ( 'NONE', *, *, #1045, .T. ) ;
#782 = EDGE_CURVE ( 'NONE', #1086, #2480, #937, .T. ) ;
#783 = ORIENTED_EDGE ( 'NONE', *, *, #730, .T. ) ;
#784 = DIRECTION ( 'NONE',  ( 0.000000000000000000, 0.000000000000000000, 1.000000000000000000 ) ) ;
#785 = AXIS2_PLACEMENT_3D ( 'NONE', #2246, #2451, #2063 ) ;
#786 = AXIS2_PLACEMENT_3D ( 'NONE', #1319, #50, #892 ) ;
#787 = CARTESIAN_POINT ( 'NONE',  ( 3.234375000000000000, 0.1195999999999999980, 0.2241116523516816506 ) ) ;
#788 = AXIS2_PLACEMENT_3D ( 'NONE', #250, #1098, #1942 ) ;
#789 = CARTESIAN_POINT ( 'NONE',  ( -9.163073478748884727E-17, -1.242900000000000338, 0.6406250000000038858 ) ) ;
#790 = CIRCLE ( 'NONE', #1358, 0.2500000000000000555 ) ;
#791 = CIRCLE ( 'NONE', #1361, 0.2500000000000000555 ) ;
#792 = ADVANCED_FACE ( 'NONE', ( #1246 ), #200, .F. ) ;
#793 = DIRECTION ( 'NONE',  ( 1.000000000000000000, 0.000000000000000000, 0.000000000000000000 ) ) ;
#794 = CARTESIAN_POINT ( 'NONE',  ( -1.414587483416202662, -2.605399999999999050, 1.365625000000008527 ) ) ;
#795 = DIRECTION ( 'NONE',  ( -6.662942673733950341E-34, 1.000000000000000000, -1.097544303392439621E-17 ) ) ;
#796 = CARTESIAN_POINT ( 'NONE',  ( 2.285625000000000018, -2.380399999999999405, 0.7406250000000085265 ) ) ;
#797 = FACE_OUTER_BOUND ( 'NONE', #508, .T. ) ;
#798 = ORIENTED_EDGE ( 'NONE', *, *, #868, .F. ) ;
#799 = ORIENTED_EDGE ( 'NONE', *, *, #559, .T. ) ;
#800 = CARTESIAN_POINT ( 'NONE',  ( 3.015625000000000444, 0.01959999999999999243, 0.1181102362204724532 ) ) ;
#801 = ORIENTED_EDGE ( 'NONE', *, *, #1368, .F. ) ;
#802 = LINE ( 'NONE', #1060, #2551 ) ;
#803 = LINE ( 'NONE', #2308, #1670 ) ;
#804 = SECURITY_CLASSIFICATION_LEVEL ( 'unclassified' ) ;
#805 = FACE_OUTER_BOUND ( 'NONE', #2558, .T. ) ;
#806 = LINE ( 'NONE', #1829, #1353 ) ;
#807 = FACE_OUTER_BOUND ( 'NONE', #2545, .T. ) ;
#808 = CARTESIAN_POINT ( 'NONE',  ( 3.078125000000000000, 0.1195999999999999980, -1.148106374200637546E-17 ) ) ;
#809 = EDGE_LOOP ( 'NONE', ( #1116, #557, #403, #989 ) ) ;
#810 = ORIENTED_EDGE ( 'NONE', *, *, #1467, .T. ) ;
#811 = DIRECTION ( 'NONE',  ( 1.000000000000000000, 1.365059278525069004E-15, -6.070773319254396510E-17 ) ) ;
#812 = EDGE_LOOP ( 'NONE', ( #2337, #1167, #1080, #202 ) ) ;
#813 = ORIENTED_EDGE ( 'NONE', *, *, #2188, .F. ) ;
#814 = EDGE_CURVE ( 'NONE', #1505, #38, #1939, .T. ) ;
#815 = SECURITY_CLASSIFICATION ( '', '', #804 ) ;
#816 = LINE ( 'NONE', #2485, #920 ) ;
#817 = EDGE_CURVE ( 'NONE', #2582, #1207, #837, .T. ) ;
#818 =( NAMED_UNIT ( * ) PLANE_ANGLE_UNIT ( ) SI_UNIT ( $, .RADIAN. ) );
#819 = CARTESIAN_POINT ( 'NONE',  ( -3.103446877610489096, -0.07297130198926422839, 0.6374639001893186441 ) ) ;
#820 = DIRECTION ( 'NONE',  ( -6.070773319253918263E-17, -3.502456781877057751E-15, -1.000000000000000000 ) ) ;
#821 = CARTESIAN_POINT ( 'NONE',  ( -2.261896609478426079, -2.488820231128580307, 0.8028776309144788348 ) ) ;
#822 = DIRECTION ( 'NONE',  ( 0.000000000000000000, 1.000000000000000000, 0.000000000000000000 ) ) ;
#823 = EDGE_LOOP ( 'NONE', ( #783, #1225, #435, #1236 ) ) ;
#824 = AXIS2_PLACEMENT_3D ( 'NONE', #2332, #2654, #446 ) ;
#825 = ORIENTED_EDGE ( 'NONE', *, *, #733, .T. ) ;
#826 = CARTESIAN_POINT ( 'NONE',  ( -9.163073478748884727E-17, -1.242900000000000338, 0.7406249999999995337 ) ) ;
#827 = EDGE_LOOP ( 'NONE', ( #2609, #234, #449, #2302 ) ) ;
#828 = ORIENTED_EDGE ( 'NONE', *, *, #935, .T. ) ;
#829 = LINE ( 'NONE', #1669, #1317 ) ;
#830 = AXIS2_PLACEMENT_3D ( 'NONE', #1928, #36, #2143 ) ;
#831 = AXIS2_PLACEMENT_3D ( 'NONE', #955, #499, #2020 ) ;
#832 = AXIS2_PLACEMENT_3D ( 'NONE', #1922, #2310, #1068 ) ;
#833 = CALENDAR_DATE ( 2026, 8, 7 ) ;
#834 = CARTESIAN_POINT ( 'NONE',  ( -3.114598433271292155, -0.02875002055058100900, 0.6157267398047771012 ) ) ;
#835 = AXIS2_PLACEMENT_3D ( 'NONE', #1013, #1328, #1202 ) ;
#836 = CARTESIAN_POINT ( 'NONE',  ( 3.111891770914673838, 0.01366008340894274767, 0.7066857894211289182 ) ) ;
#837 = CIRCLE ( 'NONE', #966, 0.1181102362204728279 ) ;
#838 = DIRECTION ( 'NONE',  ( 0.000000000000000000, 1.000000000000000000, -3.502456781877057751E-15 ) ) ;
#839 = ORIENTED_EDGE ( 'NONE', *, *, #152, .T. ) ;
#840 = ORIENTED_EDGE ( 'NONE', *, *, #2472, .F. ) ;
#841 = CARTESIAN_POINT ( 'NONE',  ( -2.032734685476215830, -0.8553999999999996051, -0.2500000000000009992 ) ) ;
#842 = ORIENTED_EDGE ( 'NONE', *, *, #61, .T. ) ;
#843 = DIRECTION ( 'NONE',  ( -6.662942673733950341E-34, 1.000000000000000000, -1.097544303392439467E-17 ) ) ;
#844 = DIRECTION ( 'NONE',  ( 0.000000000000000000, 0.000000000000000000, 1.000000000000000000 ) ) ;
#845 = CARTESIAN_POINT ( 'NONE',  ( -3.140625000000000000, 0.01959999999999951711, 0.5156250000000000000 ) ) ;
#846 = EDGE_CURVE ( 'NONE', #574, #26, #1043, .T. ) ;
#847 = CARTESIAN_POINT ( 'NONE',  ( 3.140624999999998668, 0.1196000000000004143, 0.5156250000000002220 ) ) ;
#848 = ADVANCED_FACE ( 'NONE', ( #1637 ), #1904, .F. ) ;
#849 = PLANE ( 'NONE',  #2454 ) ;
#850 = ORIENTED_EDGE ( 'NONE', *, *, #556, .F. ) ;
#851 = EDGE_CURVE ( 'NONE', #904, #1239, #380, .T. ) ;
#852 = CARTESIAN_POINT ( 'NONE',  ( -3.203124999999999556, 0.1195999999999999980, 0.4321383476483187103 ) ) ;
#853 = PLANE ( 'NONE',  #744 ) ;
#854 = CARTESIAN_POINT ( 'NONE',  ( -1.937499999999999778, -2.605399999999999050, 1.247514763779535629 ) ) ;
#855 = VERTEX_POINT ( 'NONE', #1866 ) ;
#856 = ORIENTED_EDGE ( 'NONE', *, *, #422, .T. ) ;
#857 = CARTESIAN_POINT ( 'NONE',  ( -2.282655731919095654, -2.396633084886624854, 0.7416350000000087039 ) ) ;
#858 = VECTOR ( 'NONE', #1390, 39.37007874015748143 ) ;
#859 = CARTESIAN_POINT ( 'NONE',  ( -3.133162532781430087, 0.01555562742530172855, 0.5482089539514010124 ) ) ;
#860 = CARTESIAN_POINT ( 'NONE',  ( -2.264870669921606794, -2.479698445618223168, 0.7892574837189643144 ) ) ;
#861 = CYLINDRICAL_SURFACE ( 'NONE', #788, 0.2499999999999999167 ) ;
#862 = ORIENTED_EDGE ( 'NONE', *, *, #782, .F. ) ;
#863 = EDGE_CURVE ( 'NONE', #2233, #1430, #1237, .T. ) ;
#864 = B_SPLINE_CURVE_WITH_KNOTS ( 'NONE', 3,
 ( #1339, #1314, #57, #1729, #293, #1952, #2371, #1772, #483, #2568, #1753, #1298, #901, #2191, #1522, #1741, #2342, #691, #1325, #308, #1923, #2176 ),
 .UNSPECIFIED., .F., .F.,
 ( 4, 2, 2, 2, 2, 2, 2, 2, 2, 2, 4 ),
 ( 1.138360651264128102E-17, 0.001124766354894941259, 0.001687149532342403649, 0.002249532709789865605, 0.003374299064684789951, 0.004499065419579713863, 0.005623831774474639077, 0.006186214951922093877, 0.006748598129369548677, 0.007873364484264455676, 0.008998130839159361807 ),
 .UNSPECIFIED. ) ;
#865 = DIRECTION ( 'NONE',  ( 1.000000000000000000, -0.000000000000000000, -0.000000000000000000 ) ) ;
#866 = EDGE_LOOP ( 'NONE', ( #1280, #52, #1997, #2140 ) ) ;
#867 = CARTESIAN_POINT ( 'NONE',  ( -3.140625000000000000, -0.1054000000000003129, 0.5156249999999998890 ) ) ;
#868 = EDGE_CURVE ( 'NONE', #2710, #2010, #1626, .T. ) ;
#869 = VERTEX_POINT ( 'NONE', #2694 ) ;
#870 = VERTEX_POINT ( 'NONE', #1681 ) ;
#871 = ORIENTED_EDGE ( 'NONE', *, *, #2632, .F. ) ;
#872 = CARTESIAN_POINT ( 'NONE',  ( -9.163073478748884727E-17, -1.242900000000000338, -0.2500000000000009992 ) ) ;
#873 = CARTESIAN_POINT ( 'NONE',  ( 3.136913426384093206, 0.01859000000000039440, 0.5318580343781144082 ) ) ;
#874 = VECTOR ( 'NONE', #628, 39.37007874015748143 ) ;
#875 = ADVANCED_FACE ( 'NONE', ( #1652 ), #1414, .F. ) ;
#876 = FACE_OUTER_BOUND ( 'NONE', #92, .T. ) ;
#877 = DIRECTION ( 'NONE',  ( 1.000000000000000000, 0.000000000000000000, 0.000000000000000000 ) ) ;
#878 = CIRCLE ( 'NONE', #1752, 0.2500000000000000555 ) ;
#879 = ORIENTED_EDGE ( 'NONE', *, *, #1776, .T. ) ;
#880 = AXIS2_PLACEMENT_3D ( 'NONE', #190, #219, #1879 ) ;
#881 = DIRECTION ( 'NONE',  ( 0.000000000000000000, 1.000000000000000000, 0.000000000000000000 ) ) ;
#882 = ORIENTED_EDGE ( 'NONE', *, *, #241, .T. ) ;
#883 = DIRECTION ( 'NONE',  ( 0.000000000000000000, 1.000000000000000000, -3.278217592397115073E-15 ) ) ;
#884 = VERTEX_POINT ( 'NONE', #368 ) ;
#885 = ORIENTED_EDGE ( 'NONE', *, *, #956, .F. ) ;
#886 = CARTESIAN_POINT ( 'NONE',  ( 2.266325344373550710, -2.549927819801667273, 0.7169621904804757140 ) ) ;
#887 = CARTESIAN_POINT ( 'NONE',  ( 2.032734685476215386, -0.8553999999999989390, 0.6406250000000024425 ) ) ;
#888 = DIRECTION ( 'NONE',  ( 0.3355903575378419434, 0.9420080211588557351, -3.319715312177817658E-15 ) ) ;
#889 = CARTESIAN_POINT ( 'NONE',  ( 1.937499999999999778, -2.505399999999998961, 1.365625000000008082 ) ) ;
#890 = ORIENTED_EDGE ( 'NONE', *, *, #2359, .T. ) ;
#891 = LINE ( 'NONE', #2607, #578 ) ;
#892 = DIRECTION ( 'NONE',  ( 0.000000000000000000, 0.000000000000000000, 1.000000000000000000 ) ) ;
#893 = CARTESIAN_POINT ( 'NONE',  ( 3.133271872389507884, 0.01643890018931918814, 0.5480536980107353351 ) ) ;
#894 = EDGE_LOOP ( 'NONE', ( #2134, #25, #2158, #2065 ) ) ;
#895 = VERTEX_POINT ( 'NONE', #1470 ) ;
#896 = DIRECTION ( 'NONE',  ( 6.070773319253918263E-17, 3.502456781877057751E-15, 1.000000000000000000 ) ) ;
#897 = EDGE_CURVE ( 'NONE', #1490, #2170, #1186, .T. ) ;
#898 = CARTESIAN_POINT ( 'NONE',  ( 3.099805346116123239, -0.07594234166355372240, 0.7406249999999996447 ) ) ;
#899 = EDGE_CURVE ( 'NONE', #1373, #2092, #44, .T. ) ;
#900 = AXIS2_PLACEMENT_3D ( 'NONE', #1566, #2395, #1511 ) ;
#901 = CARTESIAN_POINT ( 'NONE',  ( -3.122035882120500094, 0.07333425831285571295, 0.6530920133800496297 ) ) ;
#902 = DIRECTION ( 'NONE',  ( 1.000000000000000000, 0.000000000000000000, -2.731847993664277517E-16 ) ) ;
#903 = LINE ( 'NONE', #2596, #97 ) ;
#904 = VERTEX_POINT ( 'NONE', #800 ) ;
#905 = CARTESIAN_POINT ( 'NONE',  ( -1.937499999999999778, -2.605399999999999050, 1.365625000000008527 ) ) ;
#906 = EDGE_LOOP ( 'NONE', ( #871, #633, #2468, #423 ) ) ;
#907 = EDGE_LOOP ( 'NONE', ( #962, #798 ) ) ;
#908 = CARTESIAN_POINT ( 'NONE',  ( -3.140625000000000000, 0.1195999999999995261, 0.5156250000000002220 ) ) ;
#909 = CARTESIAN_POINT ( 'NONE',  ( 2.285625000000000018, -2.380399999999998961, 0.8656250000000085265 ) ) ;
#910 = DIRECTION ( 'NONE',  ( -4.370956789862821938E-15, 0.000000000000000000, 1.000000000000000000 ) ) ;
#911 = FACE_OUTER_BOUND ( 'NONE', #215, .T. ) ;
#912 = VECTOR ( 'NONE', #2275, 39.37007874015748143 ) ;
#913 = VERTEX_POINT ( 'NONE', #1442 ) ;
#914 = CARTESIAN_POINT ( 'NONE',  ( -2.596181090567001970, 0.1195999999999999980, -0.2812500000000000000 ) ) ;
#915 = AXIS2_PLACEMENT_3D ( 'NONE', #1567, #2177, #928 ) ;
#916 = AXIS2_PLACEMENT_3D ( 'NONE', #2074, #609, #1673 ) ;
#917 = FACE_OUTER_BOUND ( 'NONE', #475, .T. ) ;
#918 = CARTESIAN_POINT ( 'NONE',  ( -1.082291259447422993, -0.8554000000000002712, -0.2500000000000009992 ) ) ;
#919 = VERTEX_POINT ( 'NONE', #619 ) ;
#920 = VECTOR ( 'NONE', #165, 39.37007874015748143 ) ;
#921 = ORIENTED_EDGE ( 'NONE', *, *, #1998, .F. ) ;
#922 = CARTESIAN_POINT ( 'NONE',  ( -3.136913403661123034, 0.1205999999999994715, 0.5452135822445574043 ) ) ;
#923 = VECTOR ( 'NONE', #1719, 39.37007874015748143 ) ;
#924 = CARTESIAN_POINT ( 'NONE',  ( 2.255937499999999929, -2.600517824927038202, 0.8064699781348109164 ) ) ;
#925 = CYLINDRICAL_SURFACE ( 'NONE', #1179, 0.1249999999999999029 ) ;
#926 = EDGE_CURVE ( 'NONE', #929, #1639, #1062, .T. ) ;
#927 = CARTESIAN_POINT ( 'NONE',  ( -3.296875000000000000, 0.1195999999999999980, 1.652950590382291866E-16 ) ) ;
#928 = DIRECTION ( 'NONE',  ( 0.000000000000000000, 1.000000000000000000, -3.278217592397115073E-15 ) ) ;
#929 = VERTEX_POINT ( 'NONE', #10 ) ;
#930 = CIRCLE ( 'NONE', #2460, 0.2500000000000000555 ) ;
#931 = EDGE_CURVE ( 'NONE', #2495, #1559, #1457, .T. ) ;
#932 = DIRECTION ( 'NONE',  ( -0.000000000000000000, -0.000000000000000000, 1.000000000000000000 ) ) ;
#933 = DIRECTION ( 'NONE',  ( -6.070773319253918263E-17, -3.502456781877057751E-15, -1.000000000000000000 ) ) ;
#934 = ORIENTED_EDGE ( 'NONE', *, *, #985, .F. ) ;
#935 = EDGE_CURVE ( 'NONE', #895, #1620, #2325, .T. ) ;
#936 = ORIENTED_EDGE ( 'NONE', *, *, #2567, .T. ) ;
#937 = LINE ( 'NONE', #1780, #346 ) ;
#938 = CARTESIAN_POINT ( 'NONE',  ( 2.282655720126117060, -2.409857687910239576, 0.6406250000000086597 ) ) ;
#939 = CARTESIAN_POINT ( 'NONE',  ( -2.270781250000000639, -2.518673011994355448, 0.6856999604604184784 ) ) ;
#940 = DIRECTION ( 'NONE',  ( -1.000000000000000000, -1.365923996832132102E-16, -0.000000000000000000 ) ) ;
#941 = CYLINDRICAL_SURFACE ( 'NONE', #1751, 0.2812499999999998335 ) ;
#942 = VECTOR ( 'NONE', #910, 39.37007874015748143 ) ;
#943 = ORIENTED_EDGE ( 'NONE', *, *, #2286, .T. ) ;
#944 = DIRECTION ( 'NONE',  ( 0.000000000000000000, 1.000000000000000000, 0.000000000000000000 ) ) ;
#945 = DIRECTION ( 'NONE',  ( -2.731847993664277517E-16, 0.000000000000000000, -1.000000000000000000 ) ) ;
#946 = EDGE_LOOP ( 'NONE', ( #2683, #506, #405, #1948 ) ) ;
#947 = CC_DESIGN_PERSON_AND_ORGANIZATION_ASSIGNMENT ( #1643, #596, ( #815 ) ) ;
#948 = ORIENTED_EDGE ( 'NONE', *, *, #1615, .F. ) ;
#949 = EDGE_CURVE ( 'NONE', #520, #1464, #2055, .T. ) ;
#950 = CARTESIAN_POINT ( 'NONE',  ( -3.103515624999999556, -0.07294587981829307732, 0.6363878721801040639 ) ) ;
#951 = FACE_OUTER_BOUND ( 'NONE', #1635, .T. ) ;
#952 = CARTESIAN_POINT ( 'NONE',  ( -2.264843750000000711, -2.560325039539590009, 0.7273519880056532605 ) ) ;
#953 = VERTEX_POINT ( 'NONE', #2669 ) ;
#954 = CARTESIAN_POINT ( 'NONE',  ( 1.332291259447422105, -0.8553999999999998272, -0.2500000000000009992 ) ) ;
#955 = CARTESIAN_POINT ( 'NONE',  ( -3.203124999999999556, 0.1195999999999999980, 0.4321383476483187103 ) ) ;
#956 = EDGE_CURVE ( 'NONE', #1596, #2679, #2467, .T. ) ;
#957 = DIRECTION ( 'NONE',  ( 0.000000000000000000, 0.000000000000000000, 1.000000000000000000 ) ) ;
#958 = DIRECTION ( 'NONE',  ( -1.000000000000000000, 0.000000000000000000, 0.000000000000000000 ) ) ;
#959 = VERTEX_POINT ( 'NONE', #51 ) ;
#960 = B_SPLINE_CURVE_WITH_KNOTS ( 'NONE', 3,
 ( #847, #1899, #655, #1873, #2115, #1028, #427, #1686, #613, #1660, #1453, #1646, #1285, #836, #599, #2076, #1253, #2329, #627, #2287, #2311, #2501 ),
 .UNSPECIFIED., .F., .F.,
 ( 4, 2, 2, 2, 2, 2, 2, 2, 2, 2, 4 ),
 ( 1.582786644015060892E-17, 0.001124766354894938007, 0.001687149532342396710, 0.002249532709789855197, 0.003374299064684777808, 0.004499065419579700853, 0.005623831774474621729, 0.006186214951922081734, 0.006748598129369540871, 0.007873364484264452207, 0.008998130839159365277 ),
 .UNSPECIFIED. ) ;
#961 = AXIS2_PLACEMENT_3D ( 'NONE', #889, #1301, #638 ) ;
#962 = ORIENTED_EDGE ( 'NONE', *, *, #437, .F. ) ;
#963 = CARTESIAN_POINT ( 'NONE',  ( -3.125781249999999734, 0.003823298544281739618, 0.5785773725463622119 ) ) ;
#964 = VECTOR ( 'NONE', #1699, 39.37007874015748143 ) ;
#965 = DIRECTION ( 'NONE',  ( 0.000000000000000000, 1.000000000000000000, -3.278217592397115073E-15 ) ) ;
#966 = AXIS2_PLACEMENT_3D ( 'NONE', #394, #2068, #2091 ) ;
#967 = CARTESIAN_POINT ( 'NONE',  ( -2.261875000000000746, -2.489623298544281216, 0.8026726274536464256 ) ) ;
#968 = DIRECTION ( 'NONE',  ( 0.000000000000000000, 1.000000000000000000, 0.000000000000000000 ) ) ;
#969 = CYLINDRICAL_SURFACE ( 'NONE', #1228, 0.1181102362204724116 ) ;
#970 = DIRECTION ( 'NONE',  ( 0.3355903575378419434, 0.9420080211588557351, -3.319715312177817658E-15 ) ) ;
#971 = CARTESIAN_POINT ( 'NONE',  ( 2.279652850265182717, -2.413300149390778415, 0.7439389650657196595 ) ) ;
#972 = DIRECTION ( 'NONE',  ( 0.000000000000000000, 1.000000000000000000, -3.428201403813976931E-15 ) ) ;
#973 = VERTEX_POINT ( 'NONE', #2549 ) ;
#974 = ORIENTED_EDGE ( 'NONE', *, *, #1194, .F. ) ;
#975 = CARTESIAN_POINT ( 'NONE',  ( 1.756640935476215803, -1.630399999999999627, 0.7406249999999995337 ) ) ;
#976 = DIRECTION ( 'NONE',  ( -6.662942673733950341E-34, 1.000000000000000000, -1.097544303392439467E-17 ) ) ;
#977 = DIRECTION ( 'NONE',  ( 0.000000000000000000, 1.000000000000000000, 0.000000000000000000 ) ) ;
#978 = EDGE_CURVE ( 'NONE', #1583, #1221, #1971, .T. ) ;
#979 = EDGE_CURVE ( 'NONE', #919, #1211, #1478, .T. ) ;
#980 = ADVANCED_FACE ( 'NONE', ( #1307 ), #63, .T. ) ;
#981 = DIRECTION ( 'NONE',  ( 0.000000000000000000, 1.000000000000000000, 0.000000000000000000 ) ) ;
#982 = CARTESIAN_POINT ( 'NONE',  ( 3.096093749999999201, -0.1053999999999995774, 0.6406249999999996669 ) ) ;
#983 = EDGE_CURVE ( 'NONE', #301, #41, #664, .T. ) ;
#984 = CARTESIAN_POINT ( 'NONE',  ( -1.414587483416202662, -2.505399999999998961, 1.646875000000008749 ) ) ;
#985 = EDGE_CURVE ( 'NONE', #1583, #1848, #2578, .T. ) ;
#986 = CARTESIAN_POINT ( 'NONE',  ( 1.937499999999999778, -2.605399999999999050, 1.365625000000008082 ) ) ;
#987 = VECTOR ( 'NONE', #1192, 39.37007874015748143 ) ;
#988 = CARTESIAN_POINT ( 'NONE',  ( -1.092238780267707154, -0.9252198198198201551, -0.2500000000000009992 ) ) ;
#989 = ORIENTED_EDGE ( 'NONE', *, *, #1471, .T. ) ;
#990 = CIRCLE ( 'NONE', #2391, 0.2500000000000000555 ) ;
#991 = ORIENTED_EDGE ( 'NONE', *, *, #707, .T. ) ;
#992 = CARTESIAN_POINT ( 'NONE',  ( 3.952798299290328569E-17, 1.751228390938528876E-15, 0.6406249999999995559 ) ) ;
#993 = DIRECTION ( 'NONE',  ( 0.000000000000000000, 1.000000000000000000, 0.000000000000000000 ) ) ;
#994 = CARTESIAN_POINT ( 'NONE',  ( -2.282655720126117505, -2.409857687910240909, 0.6406250000000086597 ) ) ;
#995 = B_SPLINE_CURVE_WITH_KNOTS ( 'NONE', 3,
 ( #739, #336, #767, #2663, #133, #322, #2434, #1164, #1204, #1218, #2023, #553, #2008, #971, #1382, #796 ),
 .UNSPECIFIED., .F., .F.,
 ( 4, 2, 2, 2, 2, 2, 2, 4 ),
 ( 6.938893903907228378E-18, 0.0006300810929777243699, 0.001260162185955441801, 0.001890243278933159340, 0.002520324371910876663, 0.003150405464888593986, 0.003780486557866311742, 0.005040648743821749857 ),
 .UNSPECIFIED. ) ;
#996 = CARTESIAN_POINT ( 'NONE',  ( 3.015625000000000444, 0.1195999999999999980, 0.000000000000000000 ) ) ;
#997 = DIRECTION ( 'NONE',  ( 1.000000000000000000, 0.000000000000000000, 0.000000000000000000 ) ) ;
#998 = CYLINDRICAL_SURFACE ( 'NONE', #1444, 0.6375000000000000666 ) ;
#999 = CARTESIAN_POINT ( 'NONE',  ( -3.140625000000000000, 0.01959999999999999243, -0.2812500000000009437 ) ) ;
#1000 = CARTESIAN_POINT ( 'NONE',  ( -2.250000000000000444, -2.505399999999998961, 0.7406250000000085265 ) ) ;
#1001 = ORIENTED_EDGE ( 'NONE', *, *, #238, .T. ) ;
#1002 = ORIENTED_EDGE ( 'NONE', *, *, #1362, .F. ) ;
#1003 = CARTESIAN_POINT ( 'NONE',  ( 2.309724888169228940, -0.8228394914102851176, 0.6406250000000022204 ) ) ;
#1004 = VECTOR ( 'NONE', #1914, 39.37007874015748143 ) ;
#1005 = EDGE_LOOP ( 'NONE', ( #2587, #1957 ) ) ;
#1006 = AXIS2_PLACEMENT_3D ( 'NONE', #337, #945, #2009 ) ;
#1007 = AXIS2_PLACEMENT_3D ( 'NONE', #2519, #2431, #1421 ) ;
#1008 = CARTESIAN_POINT ( 'NONE',  ( -2.275232989842145948, -2.480121793117255891, 0.6633926586348702914 ) ) ;
#1009 = LINE ( 'NONE', #193, #1581 ) ;
#1010 = CIRCLE ( 'NONE', #2538, 1.137499999999999512 ) ;
#1011 = CIRCLE ( 'NONE', #1402, 1.137499999999999512 ) ;
#1012 =( CONVERSION_BASED_UNIT ( 'INCH', #2267 ) LENGTH_UNIT ( ) NAMED_UNIT ( #2153 ) );
#1013 = CARTESIAN_POINT ( 'NONE',  ( 1.937499999999999778, -2.605399999999999050, 1.365625000000008082 ) ) ;
#1014 = CARTESIAN_POINT ( 'NONE',  ( -3.096093749999999645, -0.1054000000000003684, 0.7406250000000000888 ) ) ;
#1015 = DIRECTION ( 'NONE',  ( 0.000000000000000000, 0.000000000000000000, 1.000000000000000000 ) ) ;
#1016 = DIRECTION ( 'NONE',  ( 0.000000000000000000, 0.000000000000000000, 1.000000000000000000 ) ) ;
#1017 = EDGE_LOOP ( 'NONE', ( #378, #1930, #2419, #2550 ) ) ;
#1018 = EDGE_CURVE ( 'NONE', #1105, #574, #1749, .T. ) ;
#1019 = VERTEX_POINT ( 'NONE', #2318 ) ;
#1020 = DIRECTION ( 'NONE',  ( -0.000000000000000000, -0.000000000000000000, 1.000000000000000000 ) ) ;
#1021 = ADVANCED_FACE ( 'NONE', ( #1077 ), #77, .F. ) ;
#1022 = ORIENTED_EDGE ( 'NONE', *, *, #321, .T. ) ;
#1023 = VERTEX_POINT ( 'NONE', #1692 ) ;
#1024 = CARTESIAN_POINT ( 'NONE',  ( 3.046875000000000444, 0.01959999999999999243, -1.119403714845627541E-15 ) ) ;
#1025 = DATE_AND_TIME ( #183, #1477 ) ;
#1026 = LINE ( 'NONE', #2268, #83 ) ;
#1027 = CARTESIAN_POINT ( 'NONE',  ( 3.158930826175839979, 0.01959999999999999243, 0.3879441738241587445 ) ) ;
#1028 = CARTESIAN_POINT ( 'NONE',  ( 3.131360223647765118, 0.1078065389773150001, 0.5878912428368550103 ) ) ;
#1029 = FACE_OUTER_BOUND ( 'NONE', #894, .T. ) ;
#1030 = ORIENTED_EDGE ( 'NONE', *, *, #1828, .T. ) ;
#1031 = VERTEX_POINT ( 'NONE', #448 ) ;
#1032 = DIRECTION ( 'NONE',  ( -0.000000000000000000, -0.000000000000000000, -1.000000000000000000 ) ) ;
#1033 = ORIENTED_EDGE ( 'NONE', *, *, #1592, .F. ) ;
#1034 = CIRCLE ( 'NONE', #543, 0.06250000000000001388 ) ;
#1035 = ORIENTED_EDGE ( 'NONE', *, *, #241, .F. ) ;
#1036 = CARTESIAN_POINT ( 'NONE',  ( 1.332291259447422549, -1.880400000000000071, -0.2500000000000009992 ) ) ;
#1037 = APPLICATION_PROTOCOL_DEFINITION ( 'international standard', 'config_control_design', 1994, #256 ) ;
#1038 = DIRECTION ( 'NONE',  ( 0.000000000000000000, 0.000000000000000000, -1.000000000000000000 ) ) ;
#1039 = CARTESIAN_POINT ( 'NONE',  ( -2.270802830880201739, -2.456553572806086994, 0.7661655690323009305 ) ) ;
#1040 = LINE ( 'NONE', #988, #1047 ) ;
#1041 = ORIENTED_EDGE ( 'NONE', *, *, #571, .F. ) ;
#1042 = ORIENTED_EDGE ( 'NONE', *, *, #1381, .T. ) ;
#1043 = LINE ( 'NONE', #576, #2450 ) ;
#1044 = VERTEX_POINT ( 'NONE', #1946 ) ;
#1045 = EDGE_CURVE ( 'NONE', #2121, #1384, #1845, .T. ) ;
#1046 = CARTESIAN_POINT ( 'NONE',  ( -2.285625000000000462, -2.380399999999999405, 0.7416350000000085929 ) ) ;
#1047 = VECTOR ( 'NONE', #1206, 39.37007874015748143 ) ;
#1048 = EDGE_CURVE ( 'NONE', #2415, #602, #1745, .T. ) ;
#1049 = AXIS2_PLACEMENT_3D ( 'NONE', #1498, #693, #877 ) ;
#1050 = CIRCLE ( 'NONE', #1448, 0.2500000000000000555 ) ;
#1051 = APPROVAL_DATE_TIME ( #2095, #2326 ) ;
#1052 = CYLINDRICAL_SURFACE ( 'NONE', #522, 0.1181102362204724116 ) ;
#1053 = APPLICATION_CONTEXT ( 'configuration controlled 3d designs of mechanical parts and assemblies' ) ;
#1054 = EDGE_CURVE ( 'NONE', #1211, #1638, #1329, .T. ) ;
#1055 = VECTOR ( 'NONE', #2013, 39.37007874015748143 ) ;
#1056 = DIRECTION ( 'NONE',  ( -0.000000000000000000, -0.000000000000000000, 1.000000000000000000 ) ) ;
#1057 = VECTOR ( 'NONE', #902, 39.37007874015748143 ) ;
#1058 = CARTESIAN_POINT ( 'NONE',  ( -3.140625000000000000, 0.01959999999999951711, 0.5156250000000000000 ) ) ;
#1059 = EDGE_LOOP ( 'NONE', ( #48, #367, #2331, #228 ) ) ;
#1060 = CARTESIAN_POINT ( 'NONE',  ( -2.250000000000000444, -2.605399999999999050, 0.8656250000000087486 ) ) ;
#1061 = FACE_OUTER_BOUND ( 'NONE', #1321, .T. ) ;
#1062 = LINE ( 'NONE', #1258, #749 ) ;
#1063 = ORIENTED_EDGE ( 'NONE', *, *, #2469, .F. ) ;
#1064 = ORIENTED_EDGE ( 'NONE', *, *, #610, .T. ) ;
#1065 = EDGE_CURVE ( 'NONE', #959, #2004, #653, .T. ) ;
#1066 = DIRECTION ( 'NONE',  ( 0.000000000000000000, 0.000000000000000000, -1.000000000000000000 ) ) ;
#1067 = COORDINATED_UNIVERSAL_TIME_OFFSET ( 6, 0, .BEHIND. ) ;
#1068 = DIRECTION ( 'NONE',  ( 0.000000000000000000, 0.000000000000000000, 1.000000000000000000 ) ) ;
#1069 = ADVANCED_FACE ( 'NONE', ( #231, #1543, #1916 ), #487, .T. ) ;
#1070 = EDGE_CURVE ( 'NONE', #1222, #1583, #519, .T. ) ;
#1071 = DIRECTION ( 'NONE',  ( -1.365059278525069004E-15, 1.000000000000000000, 0.000000000000000000 ) ) ;
#1072 = CC_DESIGN_PERSON_AND_ORGANIZATION_ASSIGNMENT ( #385, #2112, ( #1265 ) ) ;
#1073 = CARTESIAN_POINT ( 'NONE',  ( 1.332291259447422549, -1.630399999999999849, 0.7406249999999995337 ) ) ;
#1074 = EDGE_LOOP ( 'NONE', ( #2481, #2056, #1572, #2493 ) ) ;
#1075 = CARTESIAN_POINT ( 'NONE',  ( 2.249999999999999556, -2.505399999999998961, 1.365625000000008082 ) ) ;
#1076 = CYLINDRICAL_SURFACE ( 'NONE', #786, 0.1181102362204724116 ) ;
#1077 = FACE_OUTER_BOUND ( 'NONE', #1090, .T. ) ;
#1078 = ORIENTED_EDGE ( 'NONE', *, *, #2504, .T. ) ;
#1079 = ORIENTED_EDGE ( 'NONE', *, *, #529, .T. ) ;
#1080 = ORIENTED_EDGE ( 'NONE', *, *, #1962, .T. ) ;
#1081 = LINE ( 'NONE', #2540, #1894 ) ;
#1082 = VECTOR ( 'NONE', #1980, 39.37007874015748143 ) ;
#1083 = DIRECTION ( 'NONE',  ( 6.662942673733950341E-34, -1.000000000000000000, 1.097544303392439621E-17 ) ) ;
#1084 = DIRECTION ( 'NONE',  ( 0.000000000000000000, 1.000000000000000000, 0.000000000000000000 ) ) ;
#1085 = FACE_BOUND ( 'NONE', #1513, .T. ) ;
#1086 = VERTEX_POINT ( 'NONE', #1142 ) ;
#1087 = CARTESIAN_POINT ( 'NONE',  ( 1.332291259447422549, -1.880400000000000071, 0.7406250000000059730 ) ) ;
#1088 = PLANE ( 'NONE',  #1446 ) ;
#1089 = CARTESIAN_POINT ( 'NONE',  ( 3.122120316728705269, -0.005298260195221908032, 0.5922749794494187592 ) ) ;
#1090 = EDGE_LOOP ( 'NONE', ( #1725, #665, #54, #526 ) ) ;
#1091 = EDGE_LOOP ( 'NONE', ( #948, #1504, #1892, #430 ) ) ;
#1092 = DIRECTION ( 'NONE',  ( 1.000000000000000000, -6.437728477207314526E-16, 0.000000000000000000 ) ) ;
#1093 = CARTESIAN_POINT ( 'NONE',  ( 3.125781249999997957, 0.003823298544282677670, 0.5785773725463621009 ) ) ;
#1094 = AXIS2_PLACEMENT_3D ( 'NONE', #1275, #2100, #8 ) ;
#1095 = CIRCLE ( 'NONE', #831, 0.06250000000000001388 ) ;
#1096 = CIRCLE ( 'NONE', #607, 0.2500000000000000555 ) ;
#1097 = DIRECTION ( 'NONE',  ( 0.000000000000000000, 0.000000000000000000, 1.000000000000000000 ) ) ;
#1098 = DIRECTION ( 'NONE',  ( -0.000000000000000000, -0.000000000000000000, 1.000000000000000000 ) ) ;
#1099 = EDGE_LOOP ( 'NONE', ( #2349, #974 ) ) ;
#1100 = AXIS2_PLACEMENT_3D ( 'NONE', #2102, #2506, #2262 ) ;
#1101 = DIRECTION ( 'NONE',  ( 0.000000000000000000, 0.000000000000000000, 1.000000000000000000 ) ) ;
#1102 = CARTESIAN_POINT ( 'NONE',  ( -3.078125000000000000, 0.01959999999999999243, -0.1181102362204724116 ) ) ;
#1103 = CARTESIAN_POINT ( 'NONE',  ( 3.105395107869314053, -0.06502257945559454522, 0.6342065707269453068 ) ) ;
#1104 = ADVANCED_FACE ( 'NONE', ( #2209 ), #1383, .T. ) ;
#1105 = VERTEX_POINT ( 'NONE', #541 ) ;
#1106 = EDGE_LOOP ( 'NONE', ( #1891, #2306, #2616, #677 ) ) ;
#1107 = EDGE_CURVE ( 'NONE', #959, #1145, #298, .T. ) ;
#1108 = CARTESIAN_POINT ( 'NONE',  ( 2.270753561656487562, -2.517868349753600743, 0.6868913144085797562 ) ) ;
#1109 = CARTESIAN_POINT ( 'NONE',  ( 3.096093749999998312, -0.1053999999999996745, 0.7416249999999996456 ) ) ;
#1110 = ADVANCED_FACE ( 'NONE', ( #2025 ), #324, .F. ) ;
#1111 = DIRECTION ( 'NONE',  ( -1.836970198721029688E-16, 0.000000000000000000, -1.000000000000000000 ) ) ;
#1112 = LINE ( 'NONE', #1953, #2701 ) ;
#1113 = CARTESIAN_POINT ( 'NONE',  ( -2.834783748502118783, 0.1195999999999999980, -0.1323529411764702013 ) ) ;
#1114 = PLANE ( 'NONE',  #1935 ) ;
#1115 = CARTESIAN_POINT ( 'NONE',  ( 3.140624999999998668, 0.01960000000000037754, 0.5156250000000000000 ) ) ;
#1116 = ORIENTED_EDGE ( 'NONE', *, *, #926, .F. ) ;
#1117 = ORIENTED_EDGE ( 'NONE', *, *, #527, .F. ) ;
#1118 = CARTESIAN_POINT ( 'NONE',  ( -3.099805346116123683, -0.07594234166355397220, 0.7406249999999996447 ) ) ;
#1119 = CARTESIAN_POINT ( 'NONE',  ( 3.096093749999998312, -0.1053999999999995774, 0.6406249999999996669 ) ) ;
#1120 = AXIS2_PLACEMENT_3D ( 'NONE', #986, #1409, #957 ) ;
#1121 = DIRECTION ( 'NONE',  ( 0.000000000000000000, 1.000000000000000000, 0.000000000000000000 ) ) ;
#1122 = CARTESIAN_POINT ( 'NONE',  ( -1.937499999999999778, -2.505399999999998961, 1.247514763779535629 ) ) ;
#1123 = ORIENTED_EDGE ( 'NONE', *, *, #39, .F. ) ;
#1124 = DIRECTION ( 'NONE',  ( -6.662942673733950341E-34, 1.000000000000000000, -1.097544303392439467E-17 ) ) ;
#1125 = CARTESIAN_POINT ( 'NONE',  ( -2.032734685476215830, -0.8553999999999996051, 0.7406249999999995337 ) ) ;
#1126 = CARTESIAN_POINT ( 'NONE',  ( -1.937499999999999778, -2.605399999999999050, 1.365625000000008527 ) ) ;
#1127 = ORIENTED_EDGE ( 'NONE', *, *, #1474, .T. ) ;
#1128 = VERTEX_POINT ( 'NONE', #1556 ) ;
#1129 = DIRECTION ( 'NONE',  ( -6.070773319253918263E-17, -3.502456781877057751E-15, -1.000000000000000000 ) ) ;
#1130 = ADVANCED_FACE ( 'NONE', ( #352 ), #1359, .T. ) ;
#1131 = DIRECTION ( 'NONE',  ( -6.070773319253918263E-17, -3.502456781877057751E-15, -1.000000000000000000 ) ) ;
#1132 = CARTESIAN_POINT ( 'NONE',  ( 3.125781249999997957, 0.09120193737970851144, 0.6289392705834520036 ) ) ;
#1133 = ADVANCED_FACE ( 'NONE', ( #1789 ), #2039, .F. ) ;
#1134 = CARTESIAN_POINT ( 'NONE',  ( 2.596181090567001970, 0.01959999999999999243, -9.561467977824920278E-16 ) ) ;
#1135 = EDGE_CURVE ( 'NONE', #2317, #1720, #2413, .T. ) ;
#1136 = DIRECTION ( 'NONE',  ( 1.000000000000000000, -6.437728477207314526E-16, 0.000000000000000000 ) ) ;
#1137 = VECTOR ( 'NONE', #2077, 39.37007874015748143 ) ;
#1138 = ORIENTED_EDGE ( 'NONE', *, *, #326, .F. ) ;
#1139 = DIRECTION ( 'NONE',  ( 0.000000000000000000, 0.000000000000000000, 1.000000000000000000 ) ) ;
#1140 = VECTOR ( 'NONE', #970, 39.37007874015748854 ) ;
#1141 = VECTOR ( 'NONE', #1564, 39.37007874015748143 ) ;
#1142 = CARTESIAN_POINT ( 'NONE',  ( 1.332291259447422105, -0.6053999999999998272, 0.6406250000000015543 ) ) ;
#1143 = ORIENTED_EDGE ( 'NONE', *, *, #1883, .F. ) ;
#1144 = AXIS2_PLACEMENT_3D ( 'NONE', #1210, #2291, #406 ) ;
#1145 = VERTEX_POINT ( 'NONE', #2400 ) ;
#1146 = FACE_BOUND ( 'NONE', #20, .T. ) ;
#1147 = CARTESIAN_POINT ( 'NONE',  ( 2.255937499999999929, -2.599543852250369991, 0.8067317260191702033 ) ) ;
#1148 = CARTESIAN_POINT ( 'NONE',  ( 3.114648437499997868, -0.02858166000313517446, 0.6155833552997722613 ) ) ;
#1149 = DIRECTION ( 'NONE',  ( 0.000000000000000000, 1.000000000000000000, 0.000000000000000000 ) ) ;
#1150 = DIRECTION ( 'NONE',  ( 1.000000000000000000, 0.000000000000000000, 0.000000000000000000 ) ) ;
#1151 = EDGE_LOOP ( 'NONE', ( #1078, #1001, #2598, #850 ) ) ;
#1152 = EDGE_CURVE ( 'NONE', #1363, #418, #2384, .T. ) ;
#1153 = DIRECTION ( 'NONE',  ( 0.3355903575378417769, -0.9420080211588559571, 0.000000000000000000 ) ) ;
#1154 = DIRECTION ( 'NONE',  ( -6.662942673733950341E-34, 1.000000000000000000, -1.097544303392439467E-17 ) ) ;
#1155 = ORIENTED_EDGE ( 'NONE', *, *, #2438, .T. ) ;
#1156 = ORIENTED_EDGE ( 'NONE', *, *, #1819, .F. ) ;
#1157 = CARTESIAN_POINT ( 'NONE',  ( 2.252969268080904808, -2.504389999999999006, 0.8493919151133816348 ) ) ;
#1158 = FACE_BOUND ( 'NONE', #866, .T. ) ;
#1159 = EDGE_LOOP ( 'NONE', ( #2250, #381, #2313, #66 ) ) ;
#1160 = LINE ( 'NONE', #102, #285 ) ;
#1161 = CARTESIAN_POINT ( 'NONE',  ( 1.414587483416202218, -2.605399999999999050, 1.365625000000008082 ) ) ;
#1162 = VECTOR ( 'NONE', #1826, 39.37007874015748143 ) ;
#1163 = APPROVAL_PERSON_ORGANIZATION ( #2352, #1434, #467 ) ;
#1164 = CARTESIAN_POINT ( 'NONE',  ( 2.264822169119799167, -2.479859430967707556, 0.7894714271939204941 ) ) ;
#1165 = CARTESIAN_POINT ( 'NONE',  ( 1.937499999999999778, -2.505399999999998961, 1.247514763779535407 ) ) ;
#1166 = ORIENTED_EDGE ( 'NONE', *, *, #2407, .T. ) ;
#1167 = ORIENTED_EDGE ( 'NONE', *, *, #1302, .F. ) ;
#1168 = CARTESIAN_POINT ( 'NONE',  ( -0.6375000000000002887, -1.242900000000000338, -0.2500000000000009992 ) ) ;
#1169 = CARTESIAN_POINT ( 'NONE',  ( 2.255937499999999929, -2.501162872180103136, 0.8331708798183011799 ) ) ;
#1170 = CARTESIAN_POINT ( 'NONE',  ( -2.250000000000000444, -2.605399999999999050, 0.8656250000000089706 ) ) ;
#1171 = LINE ( 'NONE', #764, #1248 ) ;
#1172 = CARTESIAN_POINT ( 'NONE',  ( -1.092238780267707154, -1.560580180180179966, 0.7406249999999995337 ) ) ;
#1173 = LINE ( 'NONE', #2581, #1668 ) ;
#1174 = CARTESIAN_POINT ( 'NONE',  ( 1.937499999999999778, -2.505399999999998961, 1.365625000000008082 ) ) ;
#1175 = AXIS2_PLACEMENT_3D ( 'NONE', #572, #1634, #1016 ) ;
#1176 = DIRECTION ( 'NONE',  ( 1.309078388005594620E-15, 1.299453081419167007E-31, 1.000000000000000000 ) ) ;
#1177 = ORIENTED_EDGE ( 'NONE', *, *, #712, .F. ) ;
#1178 = VECTOR ( 'NONE', #2116, 39.37007874015748143 ) ;
#1179 = AXIS2_PLACEMENT_3D ( 'NONE', #909, #1750, #2579 ) ;
#1180 = ORIENTED_EDGE ( 'NONE', *, *, #527, .T. ) ;
#1181 = EDGE_CURVE ( 'NONE', #1559, #1430, #2532, .T. ) ;
#1182 = CARTESIAN_POINT ( 'NONE',  ( -2.032734685476215830, -0.6053999999999996051, 0.7406249999999995337 ) ) ;
#1183 = VECTOR ( 'NONE', #643, 39.37007874015748143 ) ;
#1184 = EDGE_CURVE ( 'NONE', #1848, #2344, #740, .T. ) ;
#1185 = CARTESIAN_POINT ( 'NONE',  ( 2.252969279873882957, -2.605399999999999050, 0.8361673120897668010 ) ) ;
#1186 = CIRCLE ( 'NONE', #1229, 0.06250000000000001388 ) ;
#1187 = EDGE_CURVE ( 'NONE', #2004, #1651, #505, .T. ) ;
#1188 = CARTESIAN_POINT ( 'NONE',  ( 3.296875000000000000, 0.01959999999999999243, 0.2241116523516816783 ) ) ;
#1189 = DIRECTION ( 'NONE',  ( 1.000000000000000000, -6.662942673733952051E-34, -1.214154663850783899E-16 ) ) ;
#1190 = CARTESIAN_POINT ( 'NONE',  ( 2.032734685476215386, -0.8553999999999989390, -0.2500000000000009992 ) ) ;
#1191 = DIRECTION ( 'NONE',  ( -0.000000000000000000, -0.000000000000000000, 1.000000000000000000 ) ) ;
#1192 = DIRECTION ( 'NONE',  ( -1.000000000000000000, 3.934932107185855299E-34, 9.655988143861207629E-17 ) ) ;
#1193 = CARTESIAN_POINT ( 'NONE',  ( -1.332291259447422993, -0.6054000000000002712, -0.2500000000000009992 ) ) ;
#1194 = EDGE_CURVE ( 'NONE', #728, #736, #1263, .T. ) ;
#1195 = ORIENTED_EDGE ( 'NONE', *, *, #1754, .T. ) ;
#1196 = ORIENTED_EDGE ( 'NONE', *, *, #1625, .T. ) ;
#1197 = DIRECTION ( 'NONE',  ( 6.662942673733950341E-34, -1.000000000000000000, 1.097544303392439621E-17 ) ) ;
#1198 = ADVANCED_FACE ( 'NONE', ( #532 ), #1777, .F. ) ;
#1199 = CYLINDRICAL_SURFACE ( 'NONE', #1659, 0.2249999999999999223 ) ;
#1200 = DIRECTION ( 'NONE',  ( -6.662942673733950341E-34, 1.000000000000000000, -1.097544303392439467E-17 ) ) ;
#1201 = LINE ( 'NONE', #1591, #1960 ) ;
#1202 = DIRECTION ( 'NONE',  ( 0.000000000000000000, 0.000000000000000000, 1.000000000000000000 ) ) ;
#1203 = PLANE ( 'NONE',  #1802 ) ;
#1204 = CARTESIAN_POINT ( 'NONE',  ( 2.266324726884131557, -2.474584583450412101, 0.7830369022248826472 ) ) ;
#1205 = CIRCLE ( 'NONE', #1466, 0.1181102362204724116 ) ;
#1206 = DIRECTION ( 'NONE',  ( -0.000000000000000000, -0.000000000000000000, 1.000000000000000000 ) ) ;
#1207 = VERTEX_POINT ( 'NONE', #1165 ) ;
#1208 =( GEOMETRIC_REPRESENTATION_CONTEXT ( 3 ) GLOBAL_UNCERTAINTY_ASSIGNED_CONTEXT ( ( #495 ) ) GLOBAL_UNIT_ASSIGNED_CONTEXT ( ( #1012, #818, #398 ) ) REPRESENTATION_CONTEXT ( 'NONE', 'WORKASPACE' ) );
#1209 = ORIENTED_EDGE ( 'NONE', *, *, #2407, .F. ) ;
#1210 = CARTESIAN_POINT ( 'NONE',  ( 1.414587483416202662, -2.605399999999999050, 1.646875000000008082 ) ) ;
#1211 = VERTEX_POINT ( 'NONE', #769 ) ;
#1212 = CARTESIAN_POINT ( 'NONE',  ( -2.277462089481760543, -2.459690551130969016, 0.6549300843509683334 ) ) ;
#1213 = DIRECTION ( 'NONE',  ( 0.000000000000000000, 0.000000000000000000, 1.000000000000000000 ) ) ;
#1214 = DIRECTION ( 'NONE',  ( 1.000000000000000000, 0.000000000000000000, 0.000000000000000000 ) ) ;
#1215 = EDGE_CURVE ( 'NONE', #26, #1019, #1394, .T. ) ;
#1216 = DIRECTION ( 'NONE',  ( 1.000000000000000000, 0.000000000000000000, 0.000000000000000000 ) ) ;
#1217 = AXIS2_PLACEMENT_3D ( 'NONE', #1599, #1976, #536 ) ;
#1218 = CARTESIAN_POINT ( 'NONE',  ( 2.269284530599342986, -2.463053453947328109, 0.7714977658729055277 ) ) ;
#1219 = EDGE_CURVE ( 'NONE', #1145, #757, #1805, .T. ) ;
#1220 = CARTESIAN_POINT ( 'NONE',  ( 3.015625000000000444, 0.1195999999999999980, -0.1181102362204724116 ) ) ;
#1221 = VERTEX_POINT ( 'NONE', #1595 ) ;
#1222 = VERTEX_POINT ( 'NONE', #2423 ) ;
#1223 = CARTESIAN_POINT ( 'NONE',  ( -1.937499999999999778, -2.605399999999999050, 1.483735236220481202 ) ) ;
#1224 = ORIENTED_EDGE ( 'NONE', *, *, #2192, .T. ) ;
#1225 = ORIENTED_EDGE ( 'NONE', *, *, #2355, .T. ) ;
#1226 = CIRCLE ( 'NONE', #1540, 0.1181102362204724116 ) ;
#1227 = LINE ( 'NONE', #181, #1671 ) ;
#1228 = AXIS2_PLACEMENT_3D ( 'NONE', #1602, #2446, #567 ) ;
#1229 = AXIS2_PLACEMENT_3D ( 'NONE', #631, #2681, #2303 ) ;
#1230 = COORDINATED_UNIVERSAL_TIME_OFFSET ( 6, 0, .BEHIND. ) ;
#1231 = CARTESIAN_POINT ( 'NONE',  ( -3.140624999999999112, 0.01959999999999999243, 0.4062500000000001665 ) ) ;
#1232 = DIRECTION ( 'NONE',  ( -0.000000000000000000, 0.000000000000000000, -1.000000000000000000 ) ) ;
#1233 = DIRECTION ( 'NONE',  ( -6.662942673733950341E-34, 1.000000000000000000, -1.097544303392439467E-17 ) ) ;
#1234 = FACE_OUTER_BOUND ( 'NONE', #724, .T. ) ;
#1235 = VERTEX_POINT ( 'NONE', #2636 ) ;
#1236 = ORIENTED_EDGE ( 'NONE', *, *, #2236, .T. ) ;
#1237 = LINE ( 'NONE', #1223, #2370 ) ;
#1238 = ORIENTED_EDGE ( 'NONE', *, *, #2022, .T. ) ;
#1239 = VERTEX_POINT ( 'NONE', #1606 ) ;
#1240 = CARTESIAN_POINT ( 'NONE',  ( -1.092238780267707154, -1.560580180180179966, -0.2500000000000009992 ) ) ;
#1241 = DIRECTION ( 'NONE',  ( 0.000000000000000000, 1.000000000000000000, 0.000000000000000000 ) ) ;
#1242 = CARTESIAN_POINT ( 'NONE',  ( -2.284127584866546989, -2.388653102425670749, 0.7406250000000087486 ) ) ;
#1243 = CARTESIAN_POINT ( 'NONE',  ( -3.046875000000000444, 0.1195999999999999980, 0.000000000000000000 ) ) ;
#1244 = ORIENTED_EDGE ( 'NONE', *, *, #1828, .F. ) ;
#1245 = ORIENTED_EDGE ( 'NONE', *, *, #205, .T. ) ;
#1246 = FACE_OUTER_BOUND ( 'NONE', #1091, .T. ) ;
#1247 = ORIENTED_EDGE ( 'NONE', *, *, #1385, .T. ) ;
#1248 = VECTOR ( 'NONE', #2420, 39.37007874015748143 ) ;
#1249 = EDGE_LOOP ( 'NONE', ( #313, #1863, #175, #1568 ) ) ;
#1250 = CARTESIAN_POINT ( 'NONE',  ( -3.015625000000000444, 0.1195999999999999980, -0.1181102362204724116 ) ) ;
#1251 = APPROVAL_ROLE ( '' ) ;
#1252 = CARTESIAN_POINT ( 'NONE',  ( -3.078125000000000000, 0.1195999999999999980, 0.1181102362204724116 ) ) ;
#1253 = CARTESIAN_POINT ( 'NONE',  ( 3.108173859547392226, -0.01235263880984892142, 0.7206147943792712285 ) ) ;
#1254 = CARTESIAN_POINT ( 'NONE',  ( 1.937499999999999778, -2.505399999999998961, 1.365625000000008082 ) ) ;
#1255 = ORIENTED_EDGE ( 'NONE', *, *, #2397, .F. ) ;
#1256 = CYLINDRICAL_SURFACE ( 'NONE', #742, 0.06250000000000001388 ) ;
#1257 = CARTESIAN_POINT ( 'NONE',  ( 3.140624999999998668, 0.01959999999999999243, 0.4062499999999997224 ) ) ;
#1258 = CARTESIAN_POINT ( 'NONE',  ( 1.937499999999999778, -2.605399999999999050, 1.678125000000008304 ) ) ;
#1259 = ORIENTED_EDGE ( 'NONE', *, *, #978, .T. ) ;
#1260 = VERTEX_POINT ( 'NONE', #2435 ) ;
#1261 = EDGE_CURVE ( 'NONE', #602, #1374, #1648, .T. ) ;
#1262 = CARTESIAN_POINT ( 'NONE',  ( 2.257412019059286123, -2.593605933630895866, 0.7933568884702814072 ) ) ;
#1263 = CIRCLE ( 'NONE', #350, 0.6375000000000000666 ) ;
#1264 = CLOSED_SHELL ( 'NONE', ( #1110, #176, #1021, #2670, #1771, #2684, #155, #2389, #207, #5, #37, #1299, #694, #1133, #138, #875, #1283, #289, #1792, #2034, #2110, #1276, #18, #1794, #273, #1964, #1104, #1881, #1557, #2392, #2444, #42, #440, #124, #354, #692, #980, #2667, #492, #1843, #1895, #357, #1069, #1424, #1833, #792, #1130, #93, #87, #1198, #414, #2273, #1824, #1913, #158, #2304, #14, #644, #2011, #2240, #2601, #2358, #70, #1921, #1676, #407, #848, #1640, #1961, #2107, #1545, #1560, #1539, #1335 ) ) ;
#1265 = PRODUCT_DEFINITION ( 'UNKNOWN', '', #725, #1739 ) ;
#1266 = EDGE_CURVE ( 'NONE', #953, #1735, #600, .T. ) ;
#1267 = AXIS2_PLACEMENT_3D ( 'NONE', #984, #795, #1452 ) ;
#1268 = VECTOR ( 'NONE', #1241, 39.37007874015748143 ) ;
#1269 = DIRECTION ( 'NONE',  ( -1.365923996832132102E-16, 1.000000000000000000, 1.639108796198560298E-15 ) ) ;
#1270 = CIRCLE ( 'NONE', #1717, 1.137499999999999734 ) ;
#1271 = CARTESIAN_POINT ( 'NONE',  ( -2.282654567279806201, -2.396770513437897154, 0.7414346659833586095 ) ) ;
#1272 = CIRCLE ( 'NONE', #1896, 0.2499999999999998612 ) ;
#1273 = LINE ( 'NONE', #265, #1178 ) ;
#1274 = EDGE_LOOP ( 'NONE', ( #2503, #1705, #2069, #1623 ) ) ;
#1275 = CARTESIAN_POINT ( 'NONE',  ( 1.992142940765929682, -1.714297589384460085, -0.2500000000000009992 ) ) ;
#1276 = ADVANCED_FACE ( 'NONE', ( #2288 ), #1439, .T. ) ;
#1277 = DIRECTION ( 'NONE',  ( 1.000000000000000000, 0.000000000000000000, -0.000000000000000000 ) ) ;
#1278 = DIRECTION ( 'NONE',  ( -6.662942673733950341E-34, 1.000000000000000000, -1.097544303392439621E-17 ) ) ;
#1279 = ORIENTED_EDGE ( 'NONE', *, *, #669, .F. ) ;
#1280 = ORIENTED_EDGE ( 'NONE', *, *, #697, .F. ) ;
#1281 = ORIENTED_EDGE ( 'NONE', *, *, #1194, .T. ) ;
#1282 = CARTESIAN_POINT ( 'NONE',  ( -3.110937499999999467, -0.04244762745363792056, 0.6248482985442820326 ) ) ;
#1283 = ADVANCED_FACE ( 'NONE', ( #797 ), #2502, .F. ) ;
#1284 = LINE ( 'NONE', #2527, #1268 ) ;
#1285 = CARTESIAN_POINT ( 'NONE',  ( 3.114682867879496886, 0.03206701338005067681, 0.6943592583128553875 ) ) ;
#1286 = CARTESIAN_POINT ( 'NONE',  ( -1.937499999999999778, -2.505399999999998961, 1.365625000000008527 ) ) ;
#1287 = EDGE_LOOP ( 'NONE', ( #621, #2600, #1127, #1459 ) ) ;
#1288 = CARTESIAN_POINT ( 'NONE',  ( -3.015625000000000444, 0.1195999999999999980, 0.1181102362204723977 ) ) ;
#1289 = ORIENTED_EDGE ( 'NONE', *, *, #1054, .F. ) ;
#1290 = CARTESIAN_POINT ( 'NONE',  ( 3.103556217218567781, -0.07281604604859781560, 0.6365806274253017483 ) ) ;
#1291 = ORIENTED_EDGE ( 'NONE', *, *, #1107, .F. ) ;
#1292 = ORIENTED_EDGE ( 'NONE', *, *, #1703, .F. ) ;
#1293 = ORIENTED_EDGE ( 'NONE', *, *, #1368, .T. ) ;
#1294 = EDGE_CURVE ( 'NONE', #2495, #2233, #569, .T. ) ;
#1295 = CARTESIAN_POINT ( 'NONE',  ( -3.110937499999999467, 0.007914270583452046384, 0.7122269373797077696 ) ) ;
#1296 = VECTOR ( 'NONE', #1577, 39.37007874015748143 ) ;
#1297 = CARTESIAN_POINT ( 'NONE',  ( 3.099805323840883808, -0.08903473247469191609, 0.6406249999999996669 ) ) ;
#1298 = CARTESIAN_POINT ( 'NONE',  ( -3.120198385038918776, 0.06402333310606270200, 0.6644070699278048497 ) ) ;
#1299 = ADVANCED_FACE ( 'NONE', ( #391, #1426, #1875, #1234 ), #174, .F. ) ;
#1300 = EDGE_CURVE ( 'NONE', #1667, #953, #1226, .T. ) ;
#1301 = DIRECTION ( 'NONE',  ( 6.662942673733950341E-34, -1.000000000000000000, 1.097544303392439621E-17 ) ) ;
#1302 = EDGE_CURVE ( 'NONE', #1806, #301, #2443, .T. ) ;
#1303 = ORIENTED_EDGE ( 'NONE', *, *, #648, .T. ) ;
#1304 = EDGE_CURVE ( 'NONE', #1664, #192, #1617, .T. ) ;
#1305 = DIRECTION ( 'NONE',  ( 0.000000000000000000, 0.000000000000000000, 1.000000000000000000 ) ) ;
#1306 = CARTESIAN_POINT ( 'NONE',  ( 1.137499999999999512, -1.242900000000000338, 0.7406249999999995337 ) ) ;
#1307 = FACE_OUTER_BOUND ( 'NONE', #379, .T. ) ;
#1308 = EDGE_LOOP ( 'NONE', ( #1458, #1696, #2508, #678 ) ) ;
#1309 = EDGE_LOOP ( 'NONE', ( #799, #2692, #2638, #2026 ) ) ;
#1310 = CYLINDRICAL_SURFACE ( 'NONE', #216, 0.6375000000000000666 ) ;
#1311 = CARTESIAN_POINT ( 'NONE',  ( 3.110937499999998135, -0.04244762745363712259, 0.6248482985442820326 ) ) ;
#1312 = CIRCLE ( 'NONE', #384, 1.137499999999999734 ) ;
#1313 = VECTOR ( 'NONE', #1391, 39.37007874015748143 ) ;
#1314 = CARTESIAN_POINT ( 'NONE',  ( -3.097965541952579560, -0.09054423280688914111, 0.7406249999999994227 ) ) ;
#1315 = DIRECTION ( 'NONE',  ( 0.000000000000000000, -1.097544303392439621E-17, -1.000000000000000000 ) ) ;
#1316 = CIRCLE ( 'NONE', #612, 0.1181102362204724116 ) ;
#1317 = VECTOR ( 'NONE', #2094, 39.37007874015748143 ) ;
#1318 = CARTESIAN_POINT ( 'NONE',  ( -9.163073478748884727E-17, -1.242900000000000338, -0.2500000000000009992 ) ) ;
#1319 = CARTESIAN_POINT ( 'NONE',  ( 3.015625000000000444, 0.1195999999999999980, 0.000000000000000000 ) ) ;
#1320 = CARTESIAN_POINT ( 'NONE',  ( 3.099844203934484455, -0.08886501273546615343, 0.6397965428635612462 ) ) ;
#1321 = EDGE_LOOP ( 'NONE', ( #2484, #639, #120, #1033 ) ) ;
#1322 = ORIENTED_EDGE ( 'NONE', *, *, #2385, .T. ) ;
#1323 = CARTESIAN_POINT ( 'NONE',  ( 2.275960757996553951, -2.473448753562557112, 0.6606358455331908797 ) ) ;
#1324 = CARTESIAN_POINT ( 'NONE',  ( 3.096093749999998312, -0.1053999999999996745, 0.7406249999999996447 ) ) ;
#1325 = CARTESIAN_POINT ( 'NONE',  ( -3.133161902230939599, 0.1123256143752252856, 0.5742823171691884276 ) ) ;
#1326 = DIRECTION ( 'NONE',  ( 0.000000000000000000, 0.000000000000000000, 1.000000000000000000 ) ) ;
#1327 = DIRECTION ( 'NONE',  ( 1.000000000000000000, 0.000000000000000000, 0.000000000000000000 ) ) ;
#1328 = DIRECTION ( 'NONE',  ( -6.662942673733950341E-34, 1.000000000000000000, -1.097544303392439467E-17 ) ) ;
#1329 = LINE ( 'NONE', #255, #166 ) ;
#1330 = EDGE_CURVE ( 'NONE', #1553, #588, #780, .T. ) ;
#1331 = ORIENTED_EDGE ( 'NONE', *, *, #2437, .F. ) ;
#1332 = ORIENTED_EDGE ( 'NONE', *, *, #2236, .F. ) ;
#1333 = EDGE_CURVE ( 'NONE', #451, #1031, #2678, .T. ) ;
#1334 = CARTESIAN_POINT ( 'NONE',  ( -3.125781249999999734, 0.09207572376806176517, 0.6294428895638229937 ) ) ;
#1335 = ADVANCED_FACE ( 'NONE', ( #1029 ), #145, .F. ) ;
#1336 = CIRCLE ( 'NONE', #2002, 0.2499999999999998612 ) ;
#1337 = CARTESIAN_POINT ( 'NONE',  ( 3.136913403883874185, 0.1196000000000004282, 0.5450826583364453137 ) ) ;
#1338 = AXIS2_PLACEMENT_3D ( 'NONE', #1612, #940, #2445 ) ;
#1339 = CARTESIAN_POINT ( 'NONE',  ( -3.096093749999999645, -0.1054000000000003684, 0.7406250000000000888 ) ) ;
#1340 = CARTESIAN_POINT ( 'NONE',  ( 3.203124999999999112, 0.1195999999999999980, 0.4321383476483182107 ) ) ;
#1341 = ORIENTED_EDGE ( 'NONE', *, *, #1940, .T. ) ;
#1342 = DIRECTION ( 'NONE',  ( 0.000000000000000000, 1.000000000000000000, 0.000000000000000000 ) ) ;
#1343 = FACE_OUTER_BOUND ( 'NONE', #2406, .T. ) ;
#1344 = DIRECTION ( 'NONE',  ( -6.662942673733950341E-34, 1.000000000000000000, -1.097544303392439467E-17 ) ) ;
#1345 = ORIENTED_EDGE ( 'NONE', *, *, #72, .F. ) ;
#1346 = ORIENTED_EDGE ( 'NONE', *, *, #1219, .T. ) ;
#1347 = CARTESIAN_POINT ( 'NONE',  ( 3.296875000000000000, 0.1195999999999999980, 1.652950590382291866E-16 ) ) ;
#1348 = EDGE_CURVE ( 'NONE', #1679, #64, #1040, .T. ) ;
#1349 = CARTESIAN_POINT ( 'NONE',  ( 2.261874999999999858, -2.577001937379706398, 0.7523107294165563008 ) ) ;
#1350 = DIRECTION ( 'NONE',  ( 0.000000000000000000, 1.000000000000000000, -3.278217592397115862E-15 ) ) ;
#1351 = CC_DESIGN_PERSON_AND_ORGANIZATION_ASSIGNMENT ( #1495, #2712, ( #725 ) ) ;
#1352 = DIRECTION ( 'NONE',  ( -0.3355903575378418324, 0.9420080211588559571, -3.278969452403025143E-15 ) ) ;
#1353 = VECTOR ( 'NONE', #1191, 39.37007874015748143 ) ;
#1354 = CARTESIAN_POINT ( 'NONE',  ( 2.249999999999999556, -2.505399999999998961, 0.8656250000000081934 ) ) ;
#1355 = AXIS2_PLACEMENT_3D ( 'NONE', #616, #1846, #1463 ) ;
#1356 = ORIENTED_EDGE ( 'NONE', *, *, #2536, .F. ) ;
#1357 = CARTESIAN_POINT ( 'NONE',  ( -2.834783748502118783, 0.01959999999999999243, -0.1323529411764702013 ) ) ;
#1358 = AXIS2_PLACEMENT_3D ( 'NONE', #2378, #2175, #2592 ) ;
#1359 = CYLINDRICAL_SURFACE ( 'NONE', #2017, 0.3125000000000000000 ) ;
#1360 = ORIENTED_EDGE ( 'NONE', *, *, #490, .F. ) ;
#1361 = AXIS2_PLACEMENT_3D ( 'NONE', #975, #148, #1821 ) ;
#1362 = EDGE_CURVE ( 'NONE', #1664, #163, #1618, .T. ) ;
#1363 = VERTEX_POINT ( 'NONE', #1454 ) ;
#1364 = CARTESIAN_POINT ( 'NONE',  ( 2.285625000000000018, -2.380400000000000293, 0.6406250000000085487 ) ) ;
#1365 = CARTESIAN_POINT ( 'NONE',  ( 2.264843749999999822, -2.560325039539590009, 0.7273519880056528164 ) ) ;
#1366 = FACE_BOUND ( 'NONE', #1308, .T. ) ;
#1367 = EDGE_LOOP ( 'NONE', ( #630, #1503, #2145, #1238 ) ) ;
#1368 = EDGE_CURVE ( 'NONE', #1384, #588, #1272, .T. ) ;
#1369 = CARTESIAN_POINT ( 'NONE',  ( -3.078125000000000000, 0.1195999999999999980, 0.1181102362204724116 ) ) ;
#1370 = DIRECTION ( 'NONE',  ( -1.000000000000000000, 9.750423418036215341E-16, 0.000000000000000000 ) ) ;
#1371 = DIRECTION ( 'NONE',  ( 0.000000000000000000, 1.000000000000000000, 0.000000000000000000 ) ) ;
#1372 = DIRECTION ( 'NONE',  ( -6.662942673733950341E-34, 1.000000000000000000, -1.097544303392439467E-17 ) ) ;
#1373 = VERTEX_POINT ( 'NONE', #2087 ) ;
#1374 = VERTEX_POINT ( 'NONE', #197 ) ;
#1375 = PLANE ( 'NONE',  #2027 ) ;
#1376 = CARTESIAN_POINT ( 'NONE',  ( 2.270781249999999751, -2.519287558714330189, 0.6849002936180201839 ) ) ;
#1377 = CARTESIAN_POINT ( 'NONE',  ( -2.270781250000000639, -2.457218339996863676, 0.7656666447002362652 ) ) ;
#1378 = LINE ( 'NONE', #528, #330 ) ;
#1379 = CARTESIAN_POINT ( 'NONE',  ( 2.834783748502118783, 0.01959999999999999243, -0.1323529411764717001 ) ) ;
#1380 = CIRCLE ( 'NONE', #1874, 0.06250000000000001388 ) ;
#1381 = EDGE_CURVE ( 'NONE', #1207, #2582, #706, .T. ) ;
#1382 = CARTESIAN_POINT ( 'NONE',  ( 2.282630169673744547, -2.396906205178442217, 0.7406250000000087486 ) ) ;
#1383 = PLANE ( 'NONE',  #2186 ) ;
#1384 = VERTEX_POINT ( 'NONE', #2052 ) ;
#1385 = EDGE_CURVE ( 'NONE', #1239, #1667, #159, .T. ) ;
#1386 = ORIENTED_EDGE ( 'NONE', *, *, #2355, .F. ) ;
#1387 = CARTESIAN_POINT ( 'NONE',  ( -3.125781249999999734, 0.002940774292043939111, 0.5780687173761875908 ) ) ;
#1388 = CARTESIAN_POINT ( 'NONE',  ( 2.261874999999999858, -2.489623298544281216, 0.8026726274536460926 ) ) ;
#1389 = DIRECTION ( 'NONE',  ( 1.000000000000000000, 0.000000000000000000, 0.000000000000000000 ) ) ;
#1390 = DIRECTION ( 'NONE',  ( 0.000000000000000000, 1.000000000000000000, 0.000000000000000000 ) ) ;
#1391 = DIRECTION ( 'NONE',  ( -1.000000000000000000, -9.926472649196417146E-17, 6.070773319253952776E-17 ) ) ;
#1392 = DIRECTION ( 'NONE',  ( -0.000000000000000000, -0.000000000000000000, 1.000000000000000000 ) ) ;
#1393 = CARTESIAN_POINT ( 'NONE',  ( -9.163073478748884727E-17, -1.242900000000000338, -0.2500000000000009992 ) ) ;
#1394 = CIRCLE ( 'NONE', #1663, 0.2500000000000000555 ) ;
#1395 = DIRECTION ( 'NONE',  ( 0.000000000000000000, 0.000000000000000000, -1.000000000000000000 ) ) ;
#1396 = ORIENTED_EDGE ( 'NONE', *, *, #1474, .F. ) ;
#1397 = EDGE_CURVE ( 'NONE', #574, #180, #2312, .T. ) ;
#1398 = CIRCLE ( 'NONE', #428, 0.06250000000000001388 ) ;
#1399 = AXIS2_PLACEMENT_3D ( 'NONE', #1938, #1770, #1350 ) ;
#1400 = ORIENTED_EDGE ( 'NONE', *, *, #2307, .F. ) ;
#1401 = CARTESIAN_POINT ( 'NONE',  ( -3.133203124999999201, 0.01536287218010392967, 0.5480791201817071245 ) ) ;
#1402 = AXIS2_PLACEMENT_3D ( 'NONE', #2426, #356, #545 ) ;
#1403 = LINE ( 'NONE', #2626, #117 ) ;
#1404 = VECTOR ( 'NONE', #2529, 39.37007874015748143 ) ;
#1405 = DIRECTION ( 'NONE',  ( 0.000000000000000000, 0.000000000000000000, -1.000000000000000000 ) ) ;
#1406 = CYLINDRICAL_SURFACE ( 'NONE', #1694, 1.137499999999999512 ) ;
#1407 = DIRECTION ( 'NONE',  ( 6.662942673733950341E-34, -1.000000000000000000, 1.097544303392439621E-17 ) ) ;
#1408 = DIRECTION ( 'NONE',  ( -1.000000000000000000, 3.934932107185855299E-34, 9.655988143861207629E-17 ) ) ;
#1409 = DIRECTION ( 'NONE',  ( -6.662942673733950341E-34, 1.000000000000000000, -1.097544303392439467E-17 ) ) ;
#1410 = DIRECTION ( 'NONE',  ( 6.662942673733950341E-34, -1.000000000000000000, 1.097544303392439621E-17 ) ) ;
#1411 = ORIENTED_EDGE ( 'NONE', *, *, #1152, .T. ) ;
#1412 = EDGE_CURVE ( 'NONE', #2305, #1235, #213, .T. ) ;
#1413 = ORIENTED_EDGE ( 'NONE', *, *, #697, .T. ) ;
#1414 = PLANE ( 'NONE',  #2411 ) ;
#1415 = VERTEX_POINT ( 'NONE', #1058 ) ;
#1416 = EDGE_CURVE ( 'NONE', #2398, #1915, #1760, .T. ) ;
#1417 = FACE_OUTER_BOUND ( 'NONE', #1017, .T. ) ;
#1418 = CARTESIAN_POINT ( 'NONE',  ( -3.078125000000000000, 0.01959999999999999243, 0.000000000000000000 ) ) ;
#1419 = EDGE_CURVE ( 'NONE', #2170, #629, #682, .T. ) ;
#1420 = CARTESIAN_POINT ( 'NONE',  ( -1.937499999999999778, -2.605399999999999050, 1.365625000000008527 ) ) ;
#1421 = DIRECTION ( 'NONE',  ( 0.000000000000000000, 0.000000000000000000, 1.000000000000000000 ) ) ;
#1422 = DIRECTION ( 'NONE',  ( -0.000000000000000000, -0.000000000000000000, 1.000000000000000000 ) ) ;
#1423 = FACE_OUTER_BOUND ( 'NONE', #1274, .T. ) ;
#1424 = ADVANCED_FACE ( 'NONE', ( #1085, #6, #2557 ), #849, .F. ) ;
#1425 = VECTOR ( 'NONE', #540, 39.37007874015748143 ) ;
#1426 = FACE_BOUND ( 'NONE', #1455, .T. ) ;
#1427 = ORIENTED_EDGE ( 'NONE', *, *, #1397, .F. ) ;
#1428 = EDGE_LOOP ( 'NONE', ( #1472, #825, #1835, #2122 ) ) ;
#1429 = DIRECTION ( 'NONE',  ( 1.000000000000000000, 0.000000000000000000, 0.000000000000000000 ) ) ;
#1430 = VERTEX_POINT ( 'NONE', #1687 ) ;
#1431 = ORIENTED_EDGE ( 'NONE', *, *, #1754, .F. ) ;
#1432 = DIRECTION ( 'NONE',  ( 4.460043923636545643E-32, -1.000000000000000000, 6.123233995736766036E-17 ) ) ;
#1433 = DIRECTION ( 'NONE',  ( 1.000000000000000000, 0.000000000000000000, 0.000000000000000000 ) ) ;
#1434 = APPROVAL ( #1937, 'UNSPECIFIED' ) ;
#1435 = FACE_OUTER_BOUND ( 'NONE', #2067, .T. ) ;
#1436 = EDGE_CURVE ( 'NONE', #104, #2012, #2515, .T. ) ;
#1437 = CARTESIAN_POINT ( 'NONE',  ( 3.015625000000000444, 0.1195999999999999980, -0.1181102362204724116 ) ) ;
#1438 = CARTESIAN_POINT ( 'NONE',  ( 1.937499999999999778, -2.605399999999999050, 1.365625000000008082 ) ) ;
#1439 = PLANE ( 'NONE',  #785 ) ;
#1440 = EDGE_LOOP ( 'NONE', ( #2530, #534, #1889, #1427, #618, #1747, #1279, #1244, #7, #2221 ) ) ;
#1441 = ORIENTED_EDGE ( 'NONE', *, *, #2314, .F. ) ;
#1442 = CARTESIAN_POINT ( 'NONE',  ( 2.282734685476215386, -0.8553999999999989390, 0.6406250000000024425 ) ) ;
#1443 = ORIENTED_EDGE ( 'NONE', *, *, #1711, .F. ) ;
#1444 = AXIS2_PLACEMENT_3D ( 'NONE', #2075, #1392, #1216 ) ;
#1445 = EDGE_CURVE ( 'NONE', #445, #1031, #1273, .T. ) ;
#1446 = AXIS2_PLACEMENT_3D ( 'NONE', #420, #35, #9 ) ;
#1447 = CARTESIAN_POINT ( 'NONE',  ( -2.255937500000000817, -2.502146584583538225, 0.8329065144550986677 ) ) ;
#1448 = AXIS2_PLACEMENT_3D ( 'NONE', #2486, #2697, #1644 ) ;
#1449 = CIRCLE ( 'NONE', #1982, 0.2499999999999998612 ) ;
#1450 = PERSON_AND_ORGANIZATION ( #2016, #280 ) ;
#1451 = LINE ( 'NONE', #1461, #2106 ) ;
#1452 = DIRECTION ( 'NONE',  ( 0.000000000000000000, 0.000000000000000000, -1.000000000000000000 ) ) ;
#1453 = CARTESIAN_POINT ( 'NONE',  ( 3.120218523556055334, 0.06412898011257196773, 0.6642866797791601163 ) ) ;
#1454 = CARTESIAN_POINT ( 'NONE',  ( 3.296875000000000000, 0.1195999999999999980, 0.2241116523516816506 ) ) ;
#1455 = EDGE_LOOP ( 'NONE', ( #1820, #2610, #2671, #2436, #2211, #2053, #1724, #2071, #2680, #1177 ) ) ;
#1456 = VERTEX_POINT ( 'NONE', #2330 ) ;
#1457 = LINE ( 'NONE', #854, #261 ) ;
#1458 = ORIENTED_EDGE ( 'NONE', *, *, #1385, .F. ) ;
#1459 = ORIENTED_EDGE ( 'NONE', *, *, #1348, .F. ) ;
#1460 = CARTESIAN_POINT ( 'NONE',  ( -3.296875000000000000, 0.1195999999999999980, 1.761203499570054550E-16 ) ) ;
#1461 = CARTESIAN_POINT ( 'NONE',  ( -3.140625000000000000, 0.1195999999999995400, 0.5156250000000002220 ) ) ;
#1462 = CARTESIAN_POINT ( 'NONE',  ( -2.285625000000000462, -2.380399999999999405, 0.7406250000000085265 ) ) ;
#1463 = DIRECTION ( 'NONE',  ( 0.000000000000000000, 0.000000000000000000, -1.000000000000000000 ) ) ;
#1464 = VERTEX_POINT ( 'NONE', #227 ) ;
#1465 = EDGE_CURVE ( 'NONE', #688, #2398, #1112, .T. ) ;
#1466 = AXIS2_PLACEMENT_3D ( 'NONE', #2700, #2097, #211 ) ;
#1467 = EDGE_CURVE ( 'NONE', #1765, #232, #2274, .T. ) ;
#1468 = ORIENTED_EDGE ( 'NONE', *, *, #1419, .T. ) ;
#1469 = CC_DESIGN_DATE_AND_TIME_ASSIGNMENT ( #1025, #1870, ( #815 ) ) ;
#1470 = CARTESIAN_POINT ( 'NONE',  ( 1.662282886008527472, -2.605399999999999494, 1.513651315789481755 ) ) ;
#1471 = EDGE_CURVE ( 'NONE', #1636, #1639, #2489, .T. ) ;
#1472 = ORIENTED_EDGE ( 'NONE', *, *, #696, .T. ) ;
#1473 = MANIFOLD_SOLID_BREP ( 'Cut-Extrude1', #1264 ) ;
#1474 = EDGE_CURVE ( 'NONE', #177, #64, #1312, .T. ) ;
#1475 = AXIS2_PLACEMENT_3D ( 'NONE', #2570, #1342, #311 ) ;
#1476 = ORIENTED_EDGE ( 'NONE', *, *, #2160, .F. ) ;
#1477 = LOCAL_TIME ( 11, 23, 40.00000000000000000, #1230 ) ;
#1478 = B_SPLINE_CURVE_WITH_KNOTS ( 'NONE', 3,
 ( #1115, #1723, #893, #244, #1089, #2375, #461, #676, #2169, #1103, #1290, #1320, #476, #23 ),
 .UNSPECIFIED., .F., .F.,
 ( 4, 2, 2, 2, 2, 2, 4 ),
 ( 8.890457814381136359E-18, 0.001265703566677440616, 0.002531407133354872559, 0.003164258916693583543, 0.003797110700032297996, 0.004429962483371012449, 0.005062814266709727770 ),
 .UNSPECIFIED. ) ;
#1479 = CARTESIAN_POINT ( 'NONE',  ( 2.255185172425903772, -2.599661760298512370, 0.8146060126171408289 ) ) ;
#1480 = MECHANICAL_CONTEXT ( 'NONE', #1053, 'mechanical' ) ;
#1481 = CYLINDRICAL_SURFACE ( 'NONE', #832, 0.3125000000000000000 ) ;
#1482 = FACE_OUTER_BOUND ( 'NONE', #827, .T. ) ;
#1483 = DIRECTION ( 'NONE',  ( -9.713237310806273165E-16, 0.000000000000000000, -1.000000000000000000 ) ) ;
#1484 = EDGE_LOOP ( 'NONE', ( #1400, #1488, #703, #1247 ) ) ;
#1485 = CARTESIAN_POINT ( 'NONE',  ( -2.260402753622460015, -2.582250236398296650, 0.7659469264041127712 ) ) ;
#1486 = DIRECTION ( 'NONE',  ( -0.3355903575378419434, -0.9420080211588557351, 0.000000000000000000 ) ) ;
#1487 = DIRECTION ( 'NONE',  ( 1.000000000000000000, 0.000000000000000000, 0.000000000000000000 ) ) ;
#1488 = ORIENTED_EDGE ( 'NONE', *, *, #559, .F. ) ;
#1489 = ORIENTED_EDGE ( 'NONE', *, *, #1621, .F. ) ;
#1490 = VERTEX_POINT ( 'NONE', #444 ) ;
#1491 = CARTESIAN_POINT ( 'NONE',  ( 2.261861467054691488, -2.575727818903438937, 0.7529845414526226133 ) ) ;
#1492 = AXIS2_PLACEMENT_3D ( 'NONE', #905, #1516, #1734 ) ;
#1493 = VECTOR ( 'NONE', #1593, 39.37007874015748143 ) ;
#1494 = CIRCLE ( 'NONE', #304, 0.3125000000000000000 ) ;
#1495 = PERSON_AND_ORGANIZATION ( #2016, #280 ) ;
#1496 = DIRECTION ( 'NONE',  ( 0.000000000000000000, 0.000000000000000000, 1.000000000000000000 ) ) ;
#1497 = CARTESIAN_POINT ( 'NONE',  ( 3.203124999999999112, 0.01959999999999999243, 0.4321383476483182107 ) ) ;
#1498 = CARTESIAN_POINT ( 'NONE',  ( -9.163073478748884727E-17, -1.242900000000000338, 0.7406249999999995337 ) ) ;
#1499 = ORIENTED_EDGE ( 'NONE', *, *, #985, .T. ) ;
#1500 = CYLINDRICAL_SURFACE ( 'NONE', #824, 0.2500000000000000555 ) ;
#1501 = LINE ( 'NONE', #2347, #472 ) ;
#1502 = DIRECTION ( 'NONE',  ( -0.000000000000000000, -0.000000000000000000, 1.000000000000000000 ) ) ;
#1503 = ORIENTED_EDGE ( 'NONE', *, *, #409, .T. ) ;
#1504 = ORIENTED_EDGE ( 'NONE', *, *, #1910, .T. ) ;
#1505 = VERTEX_POINT ( 'NONE', #657 ) ;
#1506 = CARTESIAN_POINT ( 'NONE',  ( 2.279656006812740721, -2.439042986520926881, 0.6478959111694787554 ) ) ;
#1507 = EDGE_CURVE ( 'NONE', #301, #515, #2372, .T. ) ;
#1508 = SHAPE_DEFINITION_REPRESENTATION ( #262, #2206 ) ;
#1509 = CARTESIAN_POINT ( 'NONE',  ( 3.133203124999997868, 0.1147178249270397604, 0.5747800218651968329 ) ) ;
#1510 = EDGE_CURVE ( 'NONE', #38, #2398, #2021, .T. ) ;
#1511 = DIRECTION ( 'NONE',  ( 0.000000000000000000, 1.000000000000000000, -3.278217592397115073E-15 ) ) ;
#1512 = DIRECTION ( 'NONE',  ( -0.000000000000000000, -0.000000000000000000, -1.000000000000000000 ) ) ;
#1513 = EDGE_LOOP ( 'NONE', ( #318, #220 ) ) ;
#1514 = CARTESIAN_POINT ( 'NONE',  ( 0.6374999999999999556, -1.242900000000000338, 0.7406249999999995337 ) ) ;
#1515 = LINE ( 'NONE', #2533, #1847 ) ;
#1516 = DIRECTION ( 'NONE',  ( 6.662942673733950341E-34, -1.000000000000000000, 1.097544303392439621E-17 ) ) ;
#1517 = ORIENTED_EDGE ( 'NONE', *, *, #2045, .F. ) ;
#1518 = ORIENTED_EDGE ( 'NONE', *, *, #1507, .T. ) ;
#1519 = CARTESIAN_POINT ( 'NONE',  ( -3.122070312499999112, 0.07452503953959004057, 0.6538980119943557101 ) ) ;
#1520 = AXIS2_PLACEMENT_3D ( 'NONE', #1174, #2422, #1580 ) ;
#1521 = LINE ( 'NONE', #2353, #1141 ) ;
#1522 = CARTESIAN_POINT ( 'NONE',  ( -3.125765130813669135, 0.08949775918273968067, 0.6282932521112745139 ) ) ;
#1523 = DIRECTION ( 'NONE',  ( -0.000000000000000000, -0.000000000000000000, 1.000000000000000000 ) ) ;
#1524 = ORIENTED_EDGE ( 'NONE', *, *, #205, .F. ) ;
#1525 = FACE_OUTER_BOUND ( 'NONE', #1287, .T. ) ;
#1526 = ORIENTED_EDGE ( 'NONE', *, *, #1776, .F. ) ;
#1527 = DIRECTION ( 'NONE',  ( -1.178602065920136121E-15, -1.169936117164262228E-31, 1.000000000000000000 ) ) ;
#1528 = VERTEX_POINT ( 'NONE', #457 ) ;
#1529 = ORIENTED_EDGE ( 'NONE', *, *, #1416, .T. ) ;
#1530 = CARTESIAN_POINT ( 'NONE',  ( -3.278569173824160021, 0.01959999999999999243, 0.2683058261758411445 ) ) ;
#1531 = VECTOR ( 'NONE', #822, 39.37007874015748143 ) ;
#1532 = CARTESIAN_POINT ( 'NONE',  ( 3.110937499999998135, 0.008417889563823709523, 0.7131007237680618838 ) ) ;
#1533 = CIRCLE ( 'NONE', #167, 0.1181102362204724116 ) ;
#1534 = CIRCLE ( 'NONE', #915, 0.2500000000000000555 ) ;
#1535 = VECTOR ( 'NONE', #1269, 39.37007874015748143 ) ;
#1536 = DIRECTION ( 'NONE',  ( 0.000000000000000000, 1.000000000000000000, 0.000000000000000000 ) ) ;
#1537 = DIRECTION ( 'NONE',  ( -0.000000000000000000, -0.000000000000000000, 1.000000000000000000 ) ) ;
#1538 = VECTOR ( 'NONE', #1956, 39.37007874015748143 ) ;
#1539 = ADVANCED_FACE ( 'NONE', ( #1911 ), #2098, .F. ) ;
#1540 = AXIS2_PLACEMENT_3D ( 'NONE', #808, #2464, #2490 ) ;
#1541 = DIRECTION ( 'NONE',  ( -0.000000000000000000, -0.000000000000000000, 1.000000000000000000 ) ) ;
#1542 = DIRECTION ( 'NONE',  ( -0.000000000000000000, -0.000000000000000000, 1.000000000000000000 ) ) ;
#1543 = FACE_BOUND ( 'NONE', #201, .T. ) ;
#1544 = ORIENTED_EDGE ( 'NONE', *, *, #733, .F. ) ;
#1545 = ADVANCED_FACE ( 'NONE', ( #2138 ), #861, .F. ) ;
#1546 = ORIENTED_EDGE ( 'NONE', *, *, #2307, .T. ) ;
#1547 = DIRECTION ( 'NONE',  ( -6.662942673733950341E-34, 1.000000000000000000, -1.097544303392439467E-17 ) ) ;
#1548 = COORDINATED_UNIVERSAL_TIME_OFFSET ( 6, 0, .BEHIND. ) ;
#1549 = CARTESIAN_POINT ( 'NONE',  ( 3.114648437499997868, -0.02920235219030983820, 0.6147756917889500849 ) ) ;
#1550 = CARTESIAN_POINT ( 'NONE',  ( 2.032734685476215386, -0.6053999999999989390, 0.6406250000000015543 ) ) ;
#1551 = EDGE_CURVE ( 'NONE', #2317, #2679, #1701, .T. ) ;
#1552 = CARTESIAN_POINT ( 'NONE',  ( 3.096093749999998312, -0.1053999999999986614, 0.7406249999999996447 ) ) ;
#1553 = VERTEX_POINT ( 'NONE', #294 ) ;
#1554 = FACE_OUTER_BOUND ( 'NONE', #1649, .T. ) ;
#1555 = DIRECTION ( 'NONE',  ( 0.000000000000000000, 1.000000000000000000, 0.000000000000000000 ) ) ;
#1556 = CARTESIAN_POINT ( 'NONE',  ( 2.285625000000000018, -2.380399999999999405, 0.7406250000000085265 ) ) ;
#1557 = ADVANCED_FACE ( 'NONE', ( #2165 ), #941, .F. ) ;
#1558 = ORIENTED_EDGE ( 'NONE', *, *, #1965, .F. ) ;
#1559 = VERTEX_POINT ( 'NONE', #1122 ) ;
#1560 = ADVANCED_FACE ( 'NONE', ( #335 ), #1801, .F. ) ;
#1561 = CARTESIAN_POINT ( 'NONE',  ( 2.275222246377540891, -2.480078073595894494, 0.6637747636017120589 ) ) ;
#1562 = CARTESIAN_POINT ( 'NONE',  ( 2.282655731919094766, -2.396633084886626186, 0.7416350000000087039 ) ) ;
#1563 = VECTOR ( 'NONE', #144, 39.37007874015748143 ) ;
#1564 = DIRECTION ( 'NONE',  ( -0.000000000000000000, -1.000000000000000000, -0.000000000000000000 ) ) ;
#1565 = APPROVAL_PERSON_ORGANIZATION ( #1450, #2238, #2526 ) ;
#1566 = CARTESIAN_POINT ( 'NONE',  ( -1.332291259447422549, -1.630400000000000071, 0.6406250000000052180 ) ) ;
#1567 = CARTESIAN_POINT ( 'NONE',  ( 1.332291259447422549, -1.630399999999999849, 0.6406250000000051070 ) ) ;
#1568 = ORIENTED_EDGE ( 'NONE', *, *, #488, .T. ) ;
#1569 = CARTESIAN_POINT ( 'NONE',  ( -3.078125000000000000, 0.1195999999999999980, -0.1181102362204724116 ) ) ;
#1570 = CARTESIAN_POINT ( 'NONE',  ( -3.096093749999999201, -0.1054000000000001880, 0.6406250000000077716 ) ) ;
#1571 = ORIENTED_EDGE ( 'NONE', *, *, #1445, .T. ) ;
#1572 = ORIENTED_EDGE ( 'NONE', *, *, #846, .T. ) ;
#1573 = CARTESIAN_POINT ( 'NONE',  ( -3.096093749999999201, -0.1054000000000000908, 0.6396149999999997116 ) ) ;
#1574 = CARTESIAN_POINT ( 'NONE',  ( 2.270781249999999751, -2.456597647809688922, 0.7664743082110583305 ) ) ;
#1575 = CARTESIAN_POINT ( 'NONE',  ( -2.279687500000000089, -2.413118485544909486, 0.7438784154164691520 ) ) ;
#1576 = EDGE_LOOP ( 'NONE', ( #2182, #11, #840, #2103 ) ) ;
#1577 = DIRECTION ( 'NONE',  ( 1.000000000000000000, 9.926472649196417146E-17, -6.070773319253952776E-17 ) ) ;
#1578 = LINE ( 'NONE', #1354, #1850 ) ;
#1579 = AXIS2_PLACEMENT_3D ( 'NONE', #95, #2197, #2597 ) ;
#1580 = DIRECTION ( 'NONE',  ( 0.000000000000000000, 0.000000000000000000, -1.000000000000000000 ) ) ;
#1581 = VECTOR ( 'NONE', #411, 39.37007874015748143 ) ;
#1582 = DIRECTION ( 'NONE',  ( -0.000000000000000000, -0.000000000000000000, 1.000000000000000000 ) ) ;
#1583 = VERTEX_POINT ( 'NONE', #90 ) ;
#1584 = VECTOR ( 'NONE', #535, 39.37007874015748143 ) ;
#1585 = ORIENTED_EDGE ( 'NONE', *, *, #1615, .T. ) ;
#1586 = LINE ( 'NONE', #1168, #1055 ) ;
#1587 = CARTESIAN_POINT ( 'NONE',  ( 2.279687500000000089, -2.413118485544909486, 0.7438784154164691520 ) ) ;
#1588 = CARTESIAN_POINT ( 'NONE',  ( -2.282655731801177534, -2.396765317824490982, 0.7406250000000087486 ) ) ;
#1589 = EDGE_LOOP ( 'NONE', ( #2260, #395, #2516, #801 ) ) ;
#1590 = EDGE_CURVE ( 'NONE', #1915, #1235, #277, .T. ) ;
#1591 = CARTESIAN_POINT ( 'NONE',  ( 1.992142940765929682, -1.714297589384460085, 0.7406249999999995337 ) ) ;
#1592 = EDGE_CURVE ( 'NONE', #1128, #1638, #722, .T. ) ;
#1593 = DIRECTION ( 'NONE',  ( -0.000000000000000000, -0.000000000000000000, 1.000000000000000000 ) ) ;
#1594 = CARTESIAN_POINT ( 'NONE',  ( 3.078125000000000000, 0.1195999999999999980, 0.1181102362204723977 ) ) ;
#1595 = CARTESIAN_POINT ( 'NONE',  ( -1.662282886008527472, -2.505399999999998961, 1.513651315789482421 ) ) ;
#1596 = VERTEX_POINT ( 'NONE', #1967 ) ;
#1597 = ORIENTED_EDGE ( 'NONE', *, *, #978, .F. ) ;
#1598 = CARTESIAN_POINT ( 'NONE',  ( -3.122070312499999112, -0.005441644700227966577, 0.5924433399968641600 ) ) ;
#1599 = CARTESIAN_POINT ( 'NONE',  ( -2.250000000000000444, -2.605399999999999050, 0.7406250000000085265 ) ) ;
#1600 = CARTESIAN_POINT ( 'NONE',  ( -2.273750000000000160, -2.494217889563822954, 0.6681492762319467538 ) ) ;
#1601 = DIRECTION ( 'NONE',  ( 1.000000000000000000, 0.000000000000000000, 0.000000000000000000 ) ) ;
#1602 = CARTESIAN_POINT ( 'NONE',  ( 3.078125000000000000, 0.1195999999999999980, -1.148106374200637546E-17 ) ) ;
#1603 = DIRECTION ( 'NONE',  ( 1.000000000000000000, 6.437728477207318470E-16, 0.000000000000000000 ) ) ;
#1604 = VECTOR ( 'NONE', #968, 39.37007874015748143 ) ;
#1605 = CARTESIAN_POINT ( 'NONE',  ( 3.015625000000000444, 0.01959999999999999243, 0.000000000000000000 ) ) ;
#1606 = CARTESIAN_POINT ( 'NONE',  ( 3.015625000000000444, 0.1195999999999999980, 0.1181102362204724116 ) ) ;
#1607 = EDGE_LOOP ( 'NONE', ( #2622, #1932, #2708, #2651 ) ) ;
#1608 = ORIENTED_EDGE ( 'NONE', *, *, #2628, .T. ) ;
#1609 = DIRECTION ( 'NONE',  ( 0.000000000000000000, 0.000000000000000000, -1.000000000000000000 ) ) ;
#1610 = CARTESIAN_POINT ( 'NONE',  ( 2.261874999999999858, -2.488740774292043323, 0.8031812826238207137 ) ) ;
#1611 = FACE_OUTER_BOUND ( 'NONE', #2289, .T. ) ;
#1612 = CARTESIAN_POINT ( 'NONE',  ( -3.140625000000000000, -0.1054000000000003129, 0.5156249999999998890 ) ) ;
#1613 = DIRECTION ( 'NONE',  ( -6.662942673733950341E-34, 1.000000000000000000, -1.097544303392439467E-17 ) ) ;
#1614 = DIRECTION ( 'NONE',  ( 0.000000000000000000, 0.000000000000000000, 1.000000000000000000 ) ) ;
#1615 = EDGE_CURVE ( 'NONE', #1925, #382, #1578, .T. ) ;
#1616 = DIRECTION ( 'NONE',  ( -0.000000000000000000, -0.000000000000000000, 1.000000000000000000 ) ) ;
#1617 = CIRCLE ( 'NONE', #426, 0.2812499999999997780 ) ;
#1618 = LINE ( 'NONE', #402, #1531 ) ;
#1619 = VECTOR ( 'NONE', #1733, 39.37007874015748854 ) ;
#1620 = VERTEX_POINT ( 'NONE', #1161 ) ;
#1621 = EDGE_CURVE ( 'NONE', #2704, #688, #1534, .T. ) ;
#1622 = AXIS2_PLACEMENT_3D ( 'NONE', #1827, #1555, #374 ) ;
#1623 = ORIENTED_EDGE ( 'NONE', *, *, #2588, .F. ) ;
#1624 = DIRECTION ( 'NONE',  ( 0.000000000000000000, 0.000000000000000000, -1.000000000000000000 ) ) ;
#1625 = EDGE_CURVE ( 'NONE', #869, #973, #2229, .T. ) ;
#1626 = CIRCLE ( 'NONE', #1100, 0.6375000000000000666 ) ;
#1627 = FACE_OUTER_BOUND ( 'NONE', #2235, .T. ) ;
#1628 = CARTESIAN_POINT ( 'NONE',  ( -2.273750000000000160, -2.493714270583451853, 0.6690230626203008679 ) ) ;
#1629 = EDGE_CURVE ( 'NONE', #2466, #632, #73, .T. ) ;
#1630 = CARTESIAN_POINT ( 'NONE',  ( -2.285625000000000462, -2.380399999999998517, 0.6406250000000079936 ) ) ;
#1631 = FACE_OUTER_BOUND ( 'NONE', #1868, .T. ) ;
#1632 = CARTESIAN_POINT ( 'NONE',  ( -3.140624999999999112, 0.1195999999999999980, 0.5000000000000001110 ) ) ;
#1633 = CYLINDRICAL_SURFACE ( 'NONE', #635, 1.137499999999999512 ) ;
#1634 = DIRECTION ( 'NONE',  ( 0.000000000000000000, 1.000000000000000000, 0.000000000000000000 ) ) ;
#1635 = EDGE_LOOP ( 'NONE', ( #770, #1180, #1746, #1209 ) ) ;
#1636 = VERTEX_POINT ( 'NONE', #2421 ) ;
#1637 = FACE_OUTER_BOUND ( 'NONE', #745, .T. ) ;
#1638 = VERTEX_POINT ( 'NONE', #1552 ) ;
#1639 = VERTEX_POINT ( 'NONE', #2618 ) ;
#1640 = ADVANCED_FACE ( 'NONE', ( #911 ), #539, .F. ) ;
#1641 = CARTESIAN_POINT ( 'NONE',  ( -2.270801999375077873, -2.517483270910610749, 0.6866026366601506448 ) ) ;
#1642 = LINE ( 'NONE', #1683, #661 ) ;
#1643 = PERSON_AND_ORGANIZATION ( #2016, #280 ) ;
#1644 = DIRECTION ( 'NONE',  ( 1.000000000000000000, 0.000000000000000000, 0.000000000000000000 ) ) ;
#1645 = CARTESIAN_POINT ( 'NONE',  ( 3.278569173824158689, 0.01959999999999999243, 0.2683058261758410890 ) ) ;
#1646 = CARTESIAN_POINT ( 'NONE',  ( 3.116520364961079093, 0.04338206992780585525, 0.6850483331060622794 ) ) ;
#1647 = VECTOR ( 'NONE', #1056, 39.37007874015748143 ) ;
#1648 = LINE ( 'NONE', #1000, #874 ) ;
#1649 = EDGE_LOOP ( 'NONE', ( #161, #107, #1529, #675 ) ) ;
#1650 = LOCAL_TIME ( 11, 23, 40.00000000000000000, #1548 ) ;
#1651 = VERTEX_POINT ( 'NONE', #1815 ) ;
#1652 = FACE_OUTER_BOUND ( 'NONE', #1484, .T. ) ;
#1653 = VERTEX_POINT ( 'NONE', #103 ) ;
#1654 = ORIENTED_EDGE ( 'NONE', *, *, #465, .T. ) ;
#1655 = LINE ( 'NONE', #1240, #2231 ) ;
#1656 = APPLICATION_PROTOCOL_DEFINITION ( 'international standard', 'config_control_design', 1994, #1053 ) ;
#1657 = DIRECTION ( 'NONE',  ( 1.000000000000000000, -0.000000000000000000, 0.000000000000000000 ) ) ;
#1658 = CARTESIAN_POINT ( 'NONE',  ( -3.078125000000000000, 0.1195999999999999980, 0.1181102362204724116 ) ) ;
#1659 = AXIS2_PLACEMENT_3D ( 'NONE', #2546, #865, #2315 ) ;
#1660 = CARTESIAN_POINT ( 'NONE',  ( 3.122096559633558144, 0.07362375521718081406, 0.6527062377482841793 ) ) ;
#1661 = DIRECTION ( 'NONE',  ( 0.000000000000000000, 0.000000000000000000, -1.000000000000000000 ) ) ;
#1662 = ORIENTED_EDGE ( 'NONE', *, *, #1761, .T. ) ;
#1663 = AXIS2_PLACEMENT_3D ( 'NONE', #118, #1817, #958 ) ;
#1664 = VERTEX_POINT ( 'NONE', #1379 ) ;
#1665 = DIRECTION ( 'NONE',  ( 2.731847993664277517E-16, -0.000000000000000000, 1.000000000000000000 ) ) ;
#1666 = AXIS2_PLACEMENT_3D ( 'NONE', #349, #820, #2256 ) ;
#1667 = VERTEX_POINT ( 'NONE', #2217 ) ;
#1668 = VECTOR ( 'NONE', #2432, 39.37007874015748854 ) ;
#1669 = CARTESIAN_POINT ( 'NONE',  ( 2.596181090567001970, 0.01959999999999999243, 0.1181102362204724532 ) ) ;
#1670 = VECTOR ( 'NONE', #1066, 39.37007874015748143 ) ;
#1671 = VECTOR ( 'NONE', #843, 39.37007874015748143 ) ;
#1672 = CARTESIAN_POINT ( 'NONE',  ( 0.000000000000000000, 0.000000000000000000, 0.000000000000000000 ) ) ;
#1673 = DIRECTION ( 'NONE',  ( 0.000000000000000000, 0.000000000000000000, -1.000000000000000000 ) ) ;
#1674 = EDGE_CURVE ( 'NONE', #1720, #1596, #1173, .T. ) ;
#1675 = CARTESIAN_POINT ( 'NONE',  ( -2.268236690765929708, -0.9392975893844600632, -0.2500000000000009992 ) ) ;
#1676 = ADVANCED_FACE ( 'NONE', ( #2193 ), #2007, .F. ) ;
#1677 = EDGE_CURVE ( 'NONE', #1958, #1682, #1095, .T. ) ;
#1678 = DIRECTION ( 'NONE',  ( 0.000000000000000000, 0.000000000000000000, -1.000000000000000000 ) ) ;
#1679 = VERTEX_POINT ( 'NONE', #2633 ) ;
#1680 = ORIENTED_EDGE ( 'NONE', *, *, #1674, .T. ) ;
#1681 = CARTESIAN_POINT ( 'NONE',  ( -3.015625000000000444, 0.1195999999999999980, 0.1181102362204723977 ) ) ;
#1682 = VERTEX_POINT ( 'NONE', #131 ) ;
#1683 = CARTESIAN_POINT ( 'NONE',  ( -3.078125000000000000, 0.1195999999999999980, -0.1181102362204724116 ) ) ;
#1684 = VECTOR ( 'NONE', #473, 39.37007874015748143 ) ;
#1685 = CARTESIAN_POINT ( 'NONE',  ( -3.122034936302987784, -0.006108386632780599991, 0.5919971012307086999 ) ) ;
#1686 = CARTESIAN_POINT ( 'NONE',  ( 3.127634873792616066, 0.09683205116195063578, 0.6153476479030975943 ) ) ;
#1687 = CARTESIAN_POINT ( 'NONE',  ( -1.937499999999999778, -2.505399999999998961, 1.483735236220481202 ) ) ;
#1688 = EDGE_LOOP ( 'NONE', ( #198, #771, #741, #1143 ) ) ;
#1689 = AXIS2_PLACEMENT_3D ( 'NONE', #29, #1121, #671 ) ;
#1690 = CARTESIAN_POINT ( 'NONE',  ( -2.261887428295453972, -2.575300010275513252, 0.7529607985674263704 ) ) ;
#1691 = CARTESIAN_POINT ( 'NONE',  ( -2.250000000000000000, -2.480399999999999050, 0.7406250000000084155 ) ) ;
#1692 = CARTESIAN_POINT ( 'NONE',  ( -3.158930826175840423, 0.01959999999999999243, 0.3879441738241591886 ) ) ;
#1693 = ORIENTED_EDGE ( 'NONE', *, *, #2162, .T. ) ;
#1694 = AXIS2_PLACEMENT_3D ( 'NONE', #2658, #2605, #793 ) ;
#1695 = EDGE_LOOP ( 'NONE', ( #2195, #1411, #2505, #299 ) ) ;
#1696 = ORIENTED_EDGE ( 'NONE', *, *, #2662, .F. ) ;
#1697 = CARTESIAN_POINT ( 'NONE',  ( 2.249999999999999556, -2.605399999999999050, 1.365625000000008527 ) ) ;
#1698 = DIRECTION ( 'NONE',  ( 0.000000000000000000, 0.000000000000000000, 1.000000000000000000 ) ) ;
#1699 = DIRECTION ( 'NONE',  ( -0.000000000000000000, -0.000000000000000000, 1.000000000000000000 ) ) ;
#1700 = DIRECTION ( 'NONE',  ( 0.000000000000000000, 0.000000000000000000, -1.000000000000000000 ) ) ;
#1701 = LINE ( 'NONE', #47, #212 ) ;
#1702 = ORIENTED_EDGE ( 'NONE', *, *, #2554, .T. ) ;
#1703 = EDGE_CURVE ( 'NONE', #1031, #2402, #1398, .T. ) ;
#1704 = CARTESIAN_POINT ( 'NONE',  ( -2.278212980940715227, -2.452668111529727746, 0.6524190663691121772 ) ) ;
#1705 = ORIENTED_EDGE ( 'NONE', *, *, #1419, .F. ) ;
#1706 = CARTESIAN_POINT ( 'NONE',  ( -2.249999999999999556, -2.605399999999999050, 1.365625000000008527 ) ) ;
#1707 = EDGE_CURVE ( 'NONE', #632, #1983, #656, .T. ) ;
#1708 = ORIENTED_EDGE ( 'NONE', *, *, #2641, .T. ) ;
#1709 = ORIENTED_EDGE ( 'NONE', *, *, #1065, .T. ) ;
#1710 = EDGE_LOOP ( 'NONE', ( #295, #842, #1303, #2573 ) ) ;
#1711 = EDGE_CURVE ( 'NONE', #1464, #2305, #343, .T. ) ;
#1712 = FACE_OUTER_BOUND ( 'NONE', #1607, .T. ) ;
#1713 = AXIS2_PLACEMENT_3D ( 'NONE', #686, #2520, #883 ) ;
#1714 = AXIS2_PLACEMENT_3D ( 'NONE', #794, #486, #2675 ) ;
#1715 = CIRCLE ( 'NONE', #916, 0.1181102362204728279 ) ;
#1716 = CARTESIAN_POINT ( 'NONE',  ( 3.122070312499997780, -0.006249308211049183631, 0.5918226478096894061 ) ) ;
#1717 = AXIS2_PLACEMENT_3D ( 'NONE', #1726, #896, #288 ) ;
#1718 = CYLINDRICAL_SURFACE ( 'NONE', #1689, 0.1181102362204724116 ) ;
#1719 = DIRECTION ( 'NONE',  ( -0.000000000000000000, -1.000000000000000000, -0.000000000000000000 ) ) ;
#1720 = VERTEX_POINT ( 'NONE', #1014 ) ;
#1721 = FACE_OUTER_BOUND ( 'NONE', #1059, .T. ) ;
#1722 = CARTESIAN_POINT ( 'NONE',  ( -3.015625000000000444, 0.1195999999999999980, -1.148106374200637546E-17 ) ) ;
#1723 = CARTESIAN_POINT ( 'NONE',  ( 3.136877254222175448, 0.01960000000000039488, 0.5321497587412383767 ) ) ;
#1724 = ORIENTED_EDGE ( 'NONE', *, *, #323, .F. ) ;
#1725 = ORIENTED_EDGE ( 'NONE', *, *, #626, .T. ) ;
#1726 = CARTESIAN_POINT ( 'NONE',  ( -9.163073478748884727E-17, -1.242900000000000338, 0.6406250000000038858 ) ) ;
#1727 = CALENDAR_DATE ( 2026, 8, 7 ) ;
#1728 = DIRECTION ( 'NONE',  ( -6.070773319253918263E-17, -3.502456781877057751E-15, -1.000000000000000000 ) ) ;
#1729 = CARTESIAN_POINT ( 'NONE',  ( -3.102575219027640330, -0.05438098630155496077, 0.7348867491207708991 ) ) ;
#1730 = DIRECTION ( 'NONE',  ( 1.000000000000000000, 0.000000000000000000, 0.000000000000000000 ) ) ;
#1731 = ORIENTED_EDGE ( 'NONE', *, *, #61, .F. ) ;
#1732 = DIRECTION ( 'NONE',  ( 1.000000000000000000, 0.000000000000000000, 0.000000000000000000 ) ) ;
#1733 = DIRECTION ( 'NONE',  ( 0.7071067811865514585, 0.000000000000000000, -0.7071067811865433539 ) ) ;
#1734 = DIRECTION ( 'NONE',  ( 0.000000000000000000, 0.000000000000000000, -1.000000000000000000 ) ) ;
#1735 = VERTEX_POINT ( 'NONE', #1437 ) ;
#1736 = ORIENTED_EDGE ( 'NONE', *, *, #1181, .F. ) ;
#1737 = CARTESIAN_POINT ( 'NONE',  ( 2.032734685476215386, -0.8553999999999989390, 0.6406250000000024425 ) ) ;
#1738 = VECTOR ( 'NONE', #276, 39.37007874015748854 ) ;
#1739 = DESIGN_CONTEXT ( 'detailed design', #256, 'design' ) ;
#1740 = CARTESIAN_POINT ( 'NONE',  ( 3.136913403661121702, 0.1206000000000004291, 0.5452135822445567381 ) ) ;
#1741 = CARTESIAN_POINT ( 'NONE',  ( -3.127621577614530857, 0.09645037461004773993, 0.6153029706758037509 ) ) ;
#1742 = CARTESIAN_POINT ( 'NONE',  ( 1.414587483416202662, -2.505399999999998961, 1.646875000000008082 ) ) ;
#1743 = DIRECTION ( 'NONE',  ( 1.000000000000000000, 0.000000000000000000, 0.000000000000000000 ) ) ;
#1744 = LINE ( 'NONE', #701, #2657 ) ;
#1745 = LINE ( 'NONE', #1706, #300 ) ;
#1746 = ORIENTED_EDGE ( 'NONE', *, *, #1362, .T. ) ;
#1747 = ORIENTED_EDGE ( 'NONE', *, *, #2504, .F. ) ;
#1748 = DIRECTION ( 'NONE',  ( -0.000000000000000000, -0.000000000000000000, 1.000000000000000000 ) ) ;
#1749 = CIRCLE ( 'NONE', #1713, 0.2500000000000000555 ) ;
#1750 = DIRECTION ( 'NONE',  ( 1.000000000000000000, -0.000000000000000000, -0.000000000000000000 ) ) ;
#1751 = AXIS2_PLACEMENT_3D ( 'NONE', #2410, #2606, #2380 ) ;
#1752 = AXIS2_PLACEMENT_3D ( 'NONE', #204, #223, #1433 ) ;
#1753 = CARTESIAN_POINT ( 'NONE',  ( -3.116500226443941646, 0.04326167977916037244, 0.6851539801125707818 ) ) ;
#1754 = EDGE_CURVE ( 'NONE', #2305, #2704, #2270, .T. ) ;
#1755 = CARTESIAN_POINT ( 'NONE',  ( -1.332291259447422993, -0.6054000000000002712, -0.2500000000000009992 ) ) ;
#1756 = CIRCLE ( 'NONE', #173, 0.1181102362204728279 ) ;
#1757 = EDGE_CURVE ( 'NONE', #232, #1653, #156, .T. ) ;
#1758 = ORIENTED_EDGE ( 'NONE', *, *, #1412, .F. ) ;
#1759 = EDGE_CURVE ( 'NONE', #919, #445, #1872, .T. ) ;
#1760 = CIRCLE ( 'NONE', #2111, 0.2500000000000000555 ) ;
#1761 = EDGE_CURVE ( 'NONE', #1653, #1221, #1978, .T. ) ;
#1762 = LINE ( 'NONE', #1954, #108 ) ;
#1763 = FACE_OUTER_BOUND ( 'NONE', #1367, .T. ) ;
#1764 = DIRECTION ( 'NONE',  ( 0.000000000000000000, 0.000000000000000000, 1.000000000000000000 ) ) ;
#1765 = VERTEX_POINT ( 'NONE', #2447 ) ;
#1766 = B_SPLINE_SURFACE_WITH_KNOTS ( 'NONE', 1, 3, ( 
 ( #1949, #480, #2161, #2377, #493, #2339, #1334, #2135, #922, #2173 ),
 ( #67, #1118, #452, #1295, #1975, #1519, #2390, #55, #2590, #908 ),
 ( #2351, #1959, #718, #1282, #340, #1598, #963, #2201, #315, #731 ),
 ( #1573, #1809, #950, #1837, #2000, #2416, #1387, #1401, #2602, #110 ) ),
 .UNSPECIFIED., .F., .F., .F.,
 ( 2, 1, 1, 2 ),
 ( 4, 2, 2, 2, 4 ),
 ( -0.01000000000000000021, 0.000000000000000000, 1.000000000000000000, 1.010099999999999998 ),
 ( 0.000000000000000000, 0.2500000000000000000, 0.5000000000000000000, 0.7500000000000000000, 1.000000000000000000 ),
 .UNSPECIFIED. ) ;
#1767 = ORIENTED_EDGE ( 'NONE', *, *, #2079, .T. ) ;
#1768 = DIRECTION ( 'NONE',  ( 1.000000000000000000, 0.000000000000000000, 0.000000000000000000 ) ) ;
#1769 = CARTESIAN_POINT ( 'NONE',  ( 2.270781249999999751, -2.518673011994355448, 0.6856999604604183673 ) ) ;
#1770 = DIRECTION ( 'NONE',  ( -6.070773319253918263E-17, -3.502456781877057751E-15, -1.000000000000000000 ) ) ;
#1771 = ADVANCED_FACE ( 'NONE', ( #584 ), #998, .F. ) ;
#1772 = CARTESIAN_POINT ( 'NONE',  ( -3.109083876207379138, -0.005677352096901841678, 0.7178570511619496441 ) ) ;
#1773 = DIRECTION ( 'NONE',  ( 9.750423418036215341E-16, 1.000000000000000000, 0.000000000000000000 ) ) ;
#1774 = ORIENTED_EDGE ( 'NONE', *, *, #437, .T. ) ;
#1775 = CARTESIAN_POINT ( 'NONE',  ( 1.332291259447422549, -1.630399999999999849, -0.2500000000000009992 ) ) ;
#1776 = EDGE_CURVE ( 'NONE', #1682, #2028, #777, .T. ) ;
#1777 = CYLINDRICAL_SURFACE ( 'NONE', #695, 0.2812500000000001665 ) ;
#1778 = EDGE_LOOP ( 'NONE', ( #1791, #934, #1259, #856 ) ) ;
#1779 = ORIENTED_EDGE ( 'NONE', *, *, #2662, .T. ) ;
#1780 = CARTESIAN_POINT ( 'NONE',  ( 8.659348702119850319E-16, -0.6054000000000017145, 0.6406250000000017764 ) ) ;
#1781 = CARTESIAN_POINT ( 'NONE',  ( 2.285625000000000018, -2.380400000000000293, 0.6406250000000085487 ) ) ;
#1782 = AXIS2_PLACEMENT_3D ( 'NONE', #698, #1139, #1327 ) ;
#1783 = PLANE ( 'NONE',  #2408 ) ;
#1784 = CC_DESIGN_SECURITY_CLASSIFICATION ( #815, ( #725 ) ) ;
#1785 = CARTESIAN_POINT ( 'NONE',  ( 3.078125000000000000, 0.1195999999999999980, -0.1181102362204724532 ) ) ;
#1786 = CARTESIAN_POINT ( 'NONE',  ( 2.780728898748657141, -0.9906346701792058118, 0.7406250000000028644 ) ) ;
#1787 = EDGE_LOOP ( 'NONE', ( #1063, #592, #2292, #2350 ) ) ;
#1788 = DIRECTION ( 'NONE',  ( 0.000000000000000000, 1.000000000000000000, 0.000000000000000000 ) ) ;
#1789 = FACE_OUTER_BOUND ( 'NONE', #2300, .T. ) ;
#1790 = EDGE_LOOP ( 'NONE', ( #1224, #1808, #2425, #1731 ) ) ;
#1791 = ORIENTED_EDGE ( 'NONE', *, *, #1184, .F. ) ;
#1792 = ADVANCED_FACE ( 'NONE', ( #2244 ), #1203, .F. ) ;
#1793 = FACE_BOUND ( 'NONE', #1099, .T. ) ;
#1794 = ADVANCED_FACE ( 'NONE', ( #2676 ), #185, .T. ) ;
#1795 = EDGE_CURVE ( 'NONE', #1972, #491, #2147, .T. ) ;
#1796 = CARTESIAN_POINT ( 'NONE',  ( 2.249999999999999556, -2.605399999999999050, 0.8656250000000079714 ) ) ;
#1797 = CARTESIAN_POINT ( 'NONE',  ( 3.140624999999998668, 0.01959999999999999243, 0.4321383476483182107 ) ) ;
#1798 = ORIENTED_EDGE ( 'NONE', *, *, #2437, .T. ) ;
#1799 = CARTESIAN_POINT ( 'NONE',  ( -3.296875000000001332, 0.1195999999999999980, 0.2241116523516814285 ) ) ;
#1800 = AXIS2_PLACEMENT_3D ( 'NONE', #2457, #1856, #2672 ) ;
#1801 = PLANE ( 'NONE',  #303 ) ;
#1802 = AXIS2_PLACEMENT_3D ( 'NONE', #1658, #1842, #2660 ) ;
#1803 = DIRECTION ( 'NONE',  ( -0.000000000000000000, -1.000000000000000000, -0.000000000000000000 ) ) ;
#1804 = AXIS2_PLACEMENT_3D ( 'NONE', #2644, #2033, #1389 ) ;
#1805 = LINE ( 'NONE', #2621, #2364 ) ;
#1806 = VERTEX_POINT ( 'NONE', #1860 ) ;
#1807 = VECTOR ( 'NONE', #1547, 39.37007874015748143 ) ;
#1808 = ORIENTED_EDGE ( 'NONE', *, *, #1629, .T. ) ;
#1809 = CARTESIAN_POINT ( 'NONE',  ( -3.099805323615904662, -0.08916696562188523856, 0.6396149999999997116 ) ) ;
#1810 = EDGE_CURVE ( 'NONE', #736, #2010, #806, .T. ) ;
#1811 = DIRECTION ( 'NONE',  ( 0.000000000000000000, 0.000000000000000000, 1.000000000000000000 ) ) ;
#1812 = DIRECTION ( 'NONE',  ( 6.662942673733950341E-34, -1.000000000000000000, 1.097544303392439621E-17 ) ) ;
#1813 = CYLINDRICAL_SURFACE ( 'NONE', #2387, 0.2500000000000000555 ) ;
#1814 = CARTESIAN_POINT ( 'NONE',  ( -2.268236690765929708, -0.9392975893844599522, 0.7406250000000029754 ) ) ;
#1815 = CARTESIAN_POINT ( 'NONE',  ( -1.082291259447422993, -0.8554000000000002712, 0.7406249999999995337 ) ) ;
#1816 = FACE_OUTER_BOUND ( 'NONE', #906, .T. ) ;
#1817 = DIRECTION ( 'NONE',  ( 0.000000000000000000, 0.000000000000000000, 1.000000000000000000 ) ) ;
#1818 = VERTEX_POINT ( 'NONE', #1645 ) ;
#1819 = EDGE_CURVE ( 'NONE', #2402, #884, #598, .T. ) ;
#1820 = ORIENTED_EDGE ( 'NONE', *, *, #1590, .F. ) ;
#1821 = DIRECTION ( 'NONE',  ( 1.000000000000000000, 0.000000000000000000, 0.000000000000000000 ) ) ;
#1822 = CARTESIAN_POINT ( 'NONE',  ( 2.249999999999999556, -2.504389999999999006, 0.8656250000000081934 ) ) ;
#1823 = DIRECTION ( 'NONE',  ( 0.000000000000000000, 1.000000000000000000, 0.000000000000000000 ) ) ;
#1824 = ADVANCED_FACE ( 'NONE', ( #551 ), #2037, .F. ) ;
#1825 = VECTOR ( 'NONE', #376, 39.37007874015748143 ) ;
#1826 = DIRECTION ( 'NONE',  ( 0.000000000000000000, 1.000000000000000000, 0.000000000000000000 ) ) ;
#1827 = CARTESIAN_POINT ( 'NONE',  ( 2.596181090567001970, 0.01959999999999999243, -0.2812500000000009437 ) ) ;
#1828 = EDGE_CURVE ( 'NONE', #2004, #1679, #2271, .T. ) ;
#1829 = CARTESIAN_POINT ( 'NONE',  ( 0.6374999999999999556, -1.242900000000000338, -0.2500000000000009992 ) ) ;
#1830 = LOCAL_TIME ( 11, 23, 40.00000000000000000, #650 ) ;
#1831 = VECTOR ( 'NONE', #2006, 39.37007874015748143 ) ;
#1832 = CARTESIAN_POINT ( 'NONE',  ( -1.756640935476216248, -1.630399999999999627, 0.6406250000000054401 ) ) ;
#1833 = ADVANCED_FACE ( 'NONE', ( #761 ), #523, .F. ) ;
#1834 = DIRECTION ( 'NONE',  ( 0.000000000000000000, 1.000000000000000000, 0.000000000000000000 ) ) ;
#1835 = ORIENTED_EDGE ( 'NONE', *, *, #868, .T. ) ;
#1836 = VERTEX_POINT ( 'NONE', #773 ) ;
#1837 = CARTESIAN_POINT ( 'NONE',  ( -3.110937499999999467, -0.04295628262381252782, 0.6239657742920441397 ) ) ;
#1838 = CARTESIAN_POINT ( 'NONE',  ( -3.158930826175840423, 0.1195999999999999980, 0.3879441738241591886 ) ) ;
#1839 = CARTESIAN_POINT ( 'NONE',  ( -2.032734685476215830, -0.6053999999999996051, 0.6406250000000018874 ) ) ;
#1840 = CYLINDRICAL_SURFACE ( 'NONE', #1338, 0.1249999999999998335 ) ;
#1841 = CARTESIAN_POINT ( 'NONE',  ( 3.078125000000000000, 0.01959999999999999243, -1.148106374200637546E-17 ) ) ;
#1842 = DIRECTION ( 'NONE',  ( 2.731847993664277517E-16, -0.000000000000000000, 1.000000000000000000 ) ) ;
#1843 = ADVANCED_FACE ( 'NONE', ( #84 ), #2623, .F. ) ;
#1844 = DIRECTION ( 'NONE',  ( 0.000000000000000000, 1.000000000000000000, -3.278217592397111523E-15 ) ) ;
#1845 = CIRCLE ( 'NONE', #830, 0.2812499999999998890 ) ;
#1846 = DIRECTION ( 'NONE',  ( 6.662942673733950341E-34, -1.000000000000000000, 1.097544303392439621E-17 ) ) ;
#1847 = VECTOR ( 'NONE', #2131, 39.37007874015748143 ) ;
#1848 = VERTEX_POINT ( 'NONE', #125 ) ;
#1849 = CC_DESIGN_PERSON_AND_ORGANIZATION_ASSIGNMENT ( #1897, #2674, ( #725 ) ) ;
#1850 = VECTOR ( 'NONE', #1992, 39.37007874015748143 ) ;
#1851 = AXIS2_PLACEMENT_3D ( 'NONE', #2003, #977, #2203 ) ;
#1852 = VERTEX_POINT ( 'NONE', #342 ) ;
#1853 = DIRECTION ( 'NONE',  ( -0.3355903575378419434, -0.9420080211588559571, 3.319715312177817658E-15 ) ) ;
#1854 = ORIENTED_EDGE ( 'NONE', *, *, #552, .T. ) ;
#1855 = VECTOR ( 'NONE', #1907, 39.37007874015748143 ) ;
#1856 = DIRECTION ( 'NONE',  ( 0.7071067811865434649, -0.000000000000000000, 0.7071067811865515695 ) ) ;
#1857 = CARTESIAN_POINT ( 'NONE',  ( -1.332291259447422549, -1.880400000000000293, 0.6406250000000062172 ) ) ;
#1858 = APPROVAL_DATE_TIME ( #2073, #2238 ) ;
#1859 = CYLINDRICAL_SURFACE ( 'NONE', #171, 0.06250000000000001388 ) ;
#1860 = CARTESIAN_POINT ( 'NONE',  ( -3.015625000000000444, 0.01959999999999999243, 0.1181102362204723838 ) ) ;
#1861 = CARTESIAN_POINT ( 'NONE',  ( 1.756640935476215803, -1.880399999999999627, 0.6406250000000059952 ) ) ;
#1862 = CARTESIAN_POINT ( 'NONE',  ( -3.078125000000000000, 0.1195999999999999980, -0.1181102362204724116 ) ) ;
#1863 = ORIENTED_EDGE ( 'NONE', *, *, #1302, .T. ) ;
#1864 = EDGE_CURVE ( 'NONE', #895, #1765, #111, .T. ) ;
#1865 = ORIENTED_EDGE ( 'NONE', *, *, #321, .F. ) ;
#1866 = CARTESIAN_POINT ( 'NONE',  ( 2.268236690765929708, -0.9392975893844592861, 0.7406249999999995337 ) ) ;
#1867 = ORIENTED_EDGE ( 'NONE', *, *, #1045, .F. ) ;
#1868 = EDGE_LOOP ( 'NONE', ( #1138, #1767, #136, #2183, #191, #1331, #1943, #1117, #1517, #2388, #1901, #1322, #642, #813, #109, #1654 ) ) ;
#1869 = DIRECTION ( 'NONE',  ( 0.000000000000000000, 1.000000000000000000, 0.000000000000000000 ) ) ;
#1870 = DATE_TIME_ROLE ( 'classification_date' ) ;
#1871 = DIRECTION ( 'NONE',  ( 1.000000000000000000, 1.365923996832132102E-16, 0.000000000000000000 ) ) ;
#1872 = LINE ( 'NONE', #387, #699 ) ;
#1873 = CARTESIAN_POINT ( 'NONE',  ( 3.134143530972358427, 0.1138617491207713078, 0.5666440136984444154 ) ) ;
#1874 = AXIS2_PLACEMENT_3D ( 'NONE', #1497, #1084, #2677 ) ;
#1875 = FACE_BOUND ( 'NONE', #907, .T. ) ;
#1876 = ORIENTED_EDGE ( 'NONE', *, *, #1703, .T. ) ;
#1877 = AXIS2_PLACEMENT_3D ( 'NONE', #1420, #737, #844 ) ;
#1878 = ORIENTED_EDGE ( 'NONE', *, *, #501, .T. ) ;
#1879 = DIRECTION ( 'NONE',  ( 6.662942673733950341E-34, -1.000000000000000000, 0.000000000000000000 ) ) ;
#1880 = ORIENTED_EDGE ( 'NONE', *, *, #404, .T. ) ;
#1881 = ADVANCED_FACE ( 'NONE', ( #951 ), #561, .T. ) ;
#1882 = LINE ( 'NONE', #1697, #1855 ) ;
#1883 = EDGE_CURVE ( 'NONE', #2198, #1505, #1403, .T. ) ;
#1884 = DIRECTION ( 'NONE',  ( 0.000000000000000000, 1.000000000000000000, 0.000000000000000000 ) ) ;
#1885 = CARTESIAN_POINT ( 'NONE',  ( -2.269300273115869793, -2.462988097775124618, 0.7714404165495958310 ) ) ;
#1886 = CARTESIAN_POINT ( 'NONE',  ( -3.296875000000000000, 0.1195999999999999980, 1.761203499570054550E-16 ) ) ;
#1887 = ORIENTED_EDGE ( 'NONE', *, *, #1348, .T. ) ;
#1888 = AXIS2_PLACEMENT_3D ( 'NONE', #2232, #1582, #517 ) ;
#1889 = ORIENTED_EDGE ( 'NONE', *, *, #2192, .F. ) ;
#1890 = DIRECTION ( 'NONE',  ( -0.000000000000000000, -0.000000000000000000, 1.000000000000000000 ) ) ;
#1891 = ORIENTED_EDGE ( 'NONE', *, *, #2188, .T. ) ;
#1892 = ORIENTED_EDGE ( 'NONE', *, *, #2126, .F. ) ;
#1893 = CARTESIAN_POINT ( 'NONE',  ( 2.268236690765929708, -0.9392975893844592861, 0.6406250000000039968 ) ) ;
#1894 = VECTOR ( 'NONE', #260, 39.37007874015748143 ) ;
#1895 = ADVANCED_FACE ( 'NONE', ( #511 ), #1199, .T. ) ;
#1896 = AXIS2_PLACEMENT_3D ( 'NONE', #1243, #1834, #417 ) ;
#1897 = PERSON_AND_ORGANIZATION ( #2016, #280 ) ;
#1898 = DIRECTION ( 'NONE',  ( 0.000000000000000000, 1.000000000000000000, 0.000000000000000000 ) ) ;
#1899 = CARTESIAN_POINT ( 'NONE',  ( 3.138753208047419196, 0.1196000000000004004, 0.5304807671931104363 ) ) ;
#1900 = DIRECTION ( 'NONE',  ( 1.000000000000000000, 0.000000000000000000, 0.000000000000000000 ) ) ;
#1901 = ORIENTED_EDGE ( 'NONE', *, *, #53, .F. ) ;
#1902 = CARTESIAN_POINT ( 'NONE',  ( 2.249999999999999556, -2.505399999999998961, 0.8656250000000085265 ) ) ;
#1903 = FACE_OUTER_BOUND ( 'NONE', #687, .T. ) ;
#1904 = CYLINDRICAL_SURFACE ( 'NONE', #704, 0.2500000000000000555 ) ;
#1905 = ORIENTED_EDGE ( 'NONE', *, *, #1187, .T. ) ;
#1906 = EDGE_LOOP ( 'NONE', ( #936, #366, #1079, #839, #2575, #828, #355, #96, #1499, #620 ) ) ;
#1907 = DIRECTION ( 'NONE',  ( -7.312874775387087899E-51, 1.097544303392439621E-17, 1.000000000000000000 ) ) ;
#1908 = CARTESIAN_POINT ( 'NONE',  ( -3.131323642130684703, 0.01318157072694482040, 0.5560024205444045187 ) ) ;
#1909 = DIRECTION ( 'NONE',  ( -1.000000000000000000, -1.365059278525069004E-15, 0.000000000000000000 ) ) ;
#1910 = EDGE_CURVE ( 'NONE', #1925, #1636, #217, .T. ) ;
#1911 = FACE_OUTER_BOUND ( 'NONE', #1790, .T. ) ;
#1912 = ORIENTED_EDGE ( 'NONE', *, *, #956, .T. ) ;
#1913 = ADVANCED_FACE ( 'NONE', ( #1627 ), #1256, .F. ) ;
#1914 = DIRECTION ( 'NONE',  ( -7.312874775387087899E-51, 1.097544303392439621E-17, 1.000000000000000000 ) ) ;
#1915 = VERTEX_POINT ( 'NONE', #1087 ) ;
#1916 = FACE_OUTER_BOUND ( 'NONE', #1906, .T. ) ;
#1917 = ORIENTED_EDGE ( 'NONE', *, *, #488, .F. ) ;
#1918 = ORIENTED_EDGE ( 'NONE', *, *, #1994, .T. ) ;
#1919 = VERTEX_POINT ( 'NONE', #358 ) ;
#1920 = CARTESIAN_POINT ( 'NONE',  ( 2.285625000000000018, -2.380400000000000293, 0.6406250000000085487 ) ) ;
#1921 = ADVANCED_FACE ( 'NONE', ( #1417 ), #2518, .F. ) ;
#1922 = CARTESIAN_POINT ( 'NONE',  ( 1.937499999999999778, -2.605399999999999050, 1.365625000000008082 ) ) ;
#1923 = CARTESIAN_POINT ( 'NONE',  ( -3.138753208030935049, 0.1195999999999995123, 0.5304807673239451127 ) ) ;
#1924 = DIRECTION ( 'NONE',  ( 0.000000000000000000, 0.000000000000000000, 1.000000000000000000 ) ) ;
#1925 = VERTEX_POINT ( 'NONE', #1902 ) ;
#1926 = CARTESIAN_POINT ( 'NONE',  ( -2.266341523786243872, -2.549821721967541421, 0.7168412887057263871 ) ) ;
#1927 = ORIENTED_EDGE ( 'NONE', *, *, #2472, .T. ) ;
#1928 = CARTESIAN_POINT ( 'NONE',  ( -2.596181090567001970, 0.1195999999999999980, -0.2812500000000000000 ) ) ;
#1929 = EDGE_CURVE ( 'NONE', #2679, #2090, #2290, .T. ) ;
#1930 = ORIENTED_EDGE ( 'NONE', *, *, #2333, .T. ) ;
#1931 = VECTOR ( 'NONE', #976, 39.37007874015748143 ) ;
#1932 = ORIENTED_EDGE ( 'NONE', *, *, #1135, .T. ) ;
#1933 = CARTESIAN_POINT ( 'NONE',  ( -1.756640935476216248, -1.880400000000000071, 0.7406249999999995337 ) ) ;
#1934 = VECTOR ( 'NONE', #1603, 39.37007874015748143 ) ;
#1935 = AXIS2_PLACEMENT_3D ( 'NONE', #433, #685, #1486 ) ;
#1936 = AXIS2_PLACEMENT_3D ( 'NONE', #2243, #1407, #362 ) ;
#1937 = APPROVAL_STATUS ( 'not_yet_approved' ) ;
#1938 = CARTESIAN_POINT ( 'NONE',  ( 1.332291259447422105, -0.8553999999999998272, 0.6406250000000024425 ) ) ;
#1939 = CIRCLE ( 'NONE', #2619, 1.137499999999999512 ) ;
#1940 = EDGE_CURVE ( 'NONE', #179, #1363, #466, .T. ) ;
#1941 = CARTESIAN_POINT ( 'NONE',  ( -2.249999999999999556, -2.605399999999999050, 1.365625000000008527 ) ) ;
#1942 = DIRECTION ( 'NONE',  ( 1.000000000000000000, 0.000000000000000000, 0.000000000000000000 ) ) ;
#1943 = ORIENTED_EDGE ( 'NONE', *, *, #1304, .F. ) ;
#1944 = CARTESIAN_POINT ( 'NONE',  ( -1.756640935476216248, -1.880400000000000071, 0.7406249999999995337 ) ) ;
#1945 = FACE_OUTER_BOUND ( 'NONE', #78, .T. ) ;
#1946 = CARTESIAN_POINT ( 'NONE',  ( -1.092238780267707154, -1.560580180180179966, 0.6406250000000044409 ) ) ;
#1947 = ORIENTED_EDGE ( 'NONE', *, *, #2157, .T. ) ;
#1948 = ORIENTED_EDGE ( 'NONE', *, *, #625, .T. ) ;
#1949 = CARTESIAN_POINT ( 'NONE',  ( -3.096093749999999201, -0.1053999999999999243, 0.7416249999999996456 ) ) ;
#1950 = CARTESIAN_POINT ( 'NONE',  ( 3.133203124999997868, 0.01536287218010486989, 0.5480791201817067915 ) ) ;
#1951 = B_SPLINE_CURVE_WITH_KNOTS ( 'NONE', 3,
 ( #1462, #1242, #1271, #196, #3, #2086, #237, #1039, #1885, #637, #860, #821, #2297, #2488, #416, #2478 ),
 .UNSPECIFIED., .F., .F.,
 ( 4, 2, 2, 2, 2, 2, 2, 4 ),
 ( 0.000000000000000000, 0.0006300810929777179731, 0.001260162185955435946, 0.001890243278933153919, 0.002520324371910871893, 0.003150405464888589649, 0.003780486557866307839, 0.005040648743821755928 ),
 .UNSPECIFIED. ) ;
#1952 = CARTESIAN_POINT ( 'NONE',  ( -3.105358526352232751, -0.03313375716314474057, 0.7288315389773140085 ) ) ;
#1953 = CARTESIAN_POINT ( 'NONE',  ( 1.092238780267706488, -1.560580180180180632, -0.2500000000000009992 ) ) ;
#1954 = CARTESIAN_POINT ( 'NONE',  ( -2.032734685476215830, -0.6053999999999996051, -0.2500000000000009992 ) ) ;
#1955 = EDGE_LOOP ( 'NONE', ( #1927, #479, #2133, #2334, #879, #882, #147, #1876, #1155, #1341, #2682, #1166, #2323, #2172, #781, #1293 ) ) ;
#1956 = DIRECTION ( 'NONE',  ( -6.662942673733950341E-34, 1.000000000000000000, -1.097544303392439467E-17 ) ) ;
#1957 = ORIENTED_EDGE ( 'NONE', *, *, #2359, .F. ) ;
#1958 = VERTEX_POINT ( 'NONE', #1838 ) ;
#1959 = CARTESIAN_POINT ( 'NONE',  ( -3.099805323840884252, -0.08903473247469273488, 0.6406249999999996669 ) ) ;
#1960 = VECTOR ( 'NONE', #2254, 39.37007874015748143 ) ;
#1961 = ADVANCED_FACE ( 'NONE', ( #229 ), #1500, .F. ) ;
#1962 = EDGE_CURVE ( 'NONE', #1806, #870, #242, .T. ) ;
#1963 = CARTESIAN_POINT ( 'NONE',  ( 3.110937499999998135, -0.04295628262381172985, 0.6239657742920441397 ) ) ;
#1964 = ADVANCED_FACE ( 'NONE', ( #1721 ), #2470, .T. ) ;
#1965 = EDGE_CURVE ( 'NONE', #1374, #2090, #802, .T. ) ;
#1966 = LINE ( 'NONE', #2354, #16 ) ;
#1967 = CARTESIAN_POINT ( 'NONE',  ( -2.285625000000000462, -2.380399999999999405, 0.7406250000000085265 ) ) ;
#1968 = ORIENTED_EDGE ( 'NONE', *, *, #326, .T. ) ;
#1969 = LINE ( 'NONE', #999, #1563 ) ;
#1970 = DIRECTION ( 'NONE',  ( 0.000000000000000000, 0.000000000000000000, -1.000000000000000000 ) ) ;
#1971 = LINE ( 'NONE', #2156, #1538 ) ;
#1972 = VERTEX_POINT ( 'NONE', #2265 ) ;
#1973 = EDGE_CURVE ( 'NONE', #913, #1919, #419, .T. ) ;
#1974 = ORIENTED_EDGE ( 'NONE', *, *, #949, .F. ) ;
#1975 = CARTESIAN_POINT ( 'NONE',  ( -3.114648437499999201, 0.03287301199435547355, 0.6955500395395901592 ) ) ;
#1976 = DIRECTION ( 'NONE',  ( 1.000000000000000000, -8.928343182803491575E-33, -8.741913579725642299E-16 ) ) ;
#1977 = CARTESIAN_POINT ( 'NONE',  ( 3.103515624999998224, -0.04650672601916157334, 0.7347688522503705855 ) ) ;
#1978 = CIRCLE ( 'NONE', #1267, 0.2812500000000001665 ) ;
#1979 = CIRCLE ( 'NONE', #40, 0.3125000000000000000 ) ;
#1980 = DIRECTION ( 'NONE',  ( -1.000000000000000000, -0.000000000000000000, 0.000000000000000000 ) ) ;
#1981 = DIRECTION ( 'NONE',  ( -6.437728477207314526E-16, -1.000000000000000000, 0.000000000000000000 ) ) ;
#1982 = AXIS2_PLACEMENT_3D ( 'NONE', #2639, #2440, #784 ) ;
#1983 = VERTEX_POINT ( 'NONE', #1944 ) ;
#1984 = DIRECTION ( 'NONE',  ( -0.000000000000000000, -0.000000000000000000, 1.000000000000000000 ) ) ;
#1985 = DIRECTION ( 'NONE',  ( -0.000000000000000000, -1.000000000000000000, -0.000000000000000000 ) ) ;
#1986 = ORIENTED_EDGE ( 'NONE', *, *, #89, .T. ) ;
#1987 = ORIENTED_EDGE ( 'NONE', *, *, #1333, .F. ) ;
#1988 = CARTESIAN_POINT ( 'NONE',  ( 2.596181090567001970, 0.01959999999999999243, -0.1181102362204724532 ) ) ;
#1989 = CARTESIAN_POINT ( 'NONE',  ( -1.332291259447422993, -0.8554000000000002712, 0.6406250000000026645 ) ) ;
#1990 = CARTESIAN_POINT ( 'NONE',  ( 3.140624999999998668, 0.01859000000000037012, 0.5156249999999996669 ) ) ;
#1991 = DIRECTION ( 'NONE',  ( 0.7071067811865517916, -0.000000000000000000, 0.7071067811865431318 ) ) ;
#1992 = DIRECTION ( 'NONE',  ( 6.662942673733950341E-34, -1.000000000000000000, 6.123233995736766036E-17 ) ) ;
#1993 = ORIENTED_EDGE ( 'NONE', *, *, #494, .T. ) ;
#1994 = EDGE_CURVE ( 'NONE', #41, #2082, #459, .T. ) ;
#1995 = CARTESIAN_POINT ( 'NONE',  ( 2.032734685476215386, -0.8553999999999989390, 0.7406249999999995337 ) ) ;
#1996 = CARTESIAN_POINT ( 'NONE',  ( -1.414587483416202662, -2.605399999999999050, 1.646875000000008749 ) ) ;
#1997 = ORIENTED_EDGE ( 'NONE', *, *, #587, .F. ) ;
#1998 = EDGE_CURVE ( 'NONE', #98, #632, #891, .T. ) ;
#1999 = ORIENTED_EDGE ( 'NONE', *, *, #442, .T. ) ;
#2000 = CARTESIAN_POINT ( 'NONE',  ( -3.114648437499999201, -0.02920235219031070556, 0.6147756917889499739 ) ) ;
#2001 = CARTESIAN_POINT ( 'NONE',  ( 2.273750000000000160, -2.442843717376187218, 0.7572842257079643868 ) ) ;
#2002 = AXIS2_PLACEMENT_3D ( 'NONE', #2580, #1536, #2543 ) ;
#2003 = CARTESIAN_POINT ( 'NONE',  ( -3.203124999999999556, 0.01959999999999999243, 0.4321383476483187103 ) ) ;
#2004 = VERTEX_POINT ( 'NONE', #49 ) ;
#2005 = AXIS2_PLACEMENT_3D ( 'NONE', #1672, #1698, #2499 ) ;
#2006 = DIRECTION ( 'NONE',  ( -6.662942673733950341E-34, 1.000000000000000000, -1.097544303392439467E-17 ) ) ;
#2007 = CYLINDRICAL_SURFACE ( 'NONE', #2367, 0.2500000000000000555 ) ;
#2008 = CARTESIAN_POINT ( 'NONE',  ( 2.275223225911973124, -2.435848033640144905, 0.7533007225822020425 ) ) ;
#2009 = DIRECTION ( 'NONE',  ( -1.000000000000000000, -0.000000000000000000, 2.731847993664277517E-16 ) ) ;
#2010 = VERTEX_POINT ( 'NONE', #1514 ) ;
#2011 = ADVANCED_FACE ( 'NONE', ( #1554 ), #2346, .F. ) ;
#2012 = VERTEX_POINT ( 'NONE', #60 ) ;
#2013 = DIRECTION ( 'NONE',  ( -0.000000000000000000, -0.000000000000000000, 1.000000000000000000 ) ) ;
#2014 = CARTESIAN_POINT ( 'NONE',  ( 2.285625000000000018, -2.380399999999999405, 0.7416350000000085929 ) ) ;
#2015 = CARTESIAN_POINT ( 'NONE',  ( -2.250000000000000444, -2.606399999999998940, 0.8656250000000089706 ) ) ;
#2016 = PERSON ( 'UNSPECIFIED', 'UNSPECIFIED', 'UNSPECIFIED', ('UNSPECIFIED'), ('UNSPECIFIED'), ('UNSPECIFIED') ) ;
#2017 = AXIS2_PLACEMENT_3D ( 'NONE', #106, #1344, #2608 ) ;
#2018 = DIRECTION ( 'NONE',  ( -8.741913579725642299E-16, -1.097544303392439621E-17, -1.000000000000000000 ) ) ;
#2019 = CARTESIAN_POINT ( 'NONE',  ( 3.278569173824158689, 0.1195999999999999980, 0.2683058261758410890 ) ) ;
#2020 = DIRECTION ( 'NONE',  ( 8.741913579725640721E-15, 0.000000000000000000, 1.000000000000000000 ) ) ;
#2021 = CIRCLE ( 'NONE', #1049, 1.137499999999999512 ) ;
#2022 = EDGE_CURVE ( 'NONE', #855, #1919, #930, .T. ) ;
#2023 = CARTESIAN_POINT ( 'NONE',  ( 2.270754330078395000, -2.456767516281044728, 0.7663265543817842085 ) ) ;
#2024 = AXIS2_PLACEMENT_3D ( 'NONE', #1024, #1869, #383 ) ;
#2025 = FACE_OUTER_BOUND ( 'NONE', #1151, .T. ) ;
#2026 = ORIENTED_EDGE ( 'NONE', *, *, #2160, .T. ) ;
#2027 = AXIS2_PLACEMENT_3D ( 'NONE', #992, #760, #2611 ) ;
#2028 = VERTEX_POINT ( 'NONE', #2154 ) ;
#2029 = DIRECTION ( 'NONE',  ( 0.000000000000000000, 1.000000000000000000, -3.428201403813976931E-15 ) ) ;
#2030 = B_SPLINE_SURFACE_WITH_KNOTS ( 'NONE', 1, 3, ( 
 ( #2187, #1740, #1509, #248, #2163, #512, #1532, #468, #497, #1109 ),
 ( #2369, #1337, #291, #1132, #263, #2566, #680, #1977, #898, #1324 ),
 ( #275, #482, #708, #1093, #690, #1148, #1311, #56, #1297, #1119 ),
 ( #1990, #873, #1950, #2555, #1716, #1549, #1963, #2341, #69, #307 ) ),
 .UNSPECIFIED., .F., .F., .F.,
 ( 2, 1, 1, 2 ),
 ( 4, 2, 2, 2, 4 ),
 ( -0.01000000000000000021, 0.000000000000000000, 1.000000000000000000, 1.010099999999999998 ),
 ( 0.000000000000000000, 0.2500000000000000000, 0.5000000000000000000, 0.7500000000000000000, 1.000000000000000000 ),
 .UNSPECIFIED. ) ;
#2031 = EDGE_CURVE ( 'NONE', #2090, #382, #903, .T. ) ;
#2032 = CARTESIAN_POINT ( 'NONE',  ( 1.662282886008527472, -2.605399999999999050, 1.513651315789481977 ) ) ;
#2033 = DIRECTION ( 'NONE',  ( 0.000000000000000000, 0.000000000000000000, 1.000000000000000000 ) ) ;
#2034 = ADVANCED_FACE ( 'NONE', ( #2382 ), #105, .F. ) ;
#2035 = FACE_OUTER_BOUND ( 'NONE', #1688, .T. ) ;
#2036 = DIRECTION ( 'NONE',  ( 0.000000000000000000, 0.000000000000000000, 1.000000000000000000 ) ) ;
#2037 = CYLINDRICAL_SURFACE ( 'NONE', #32, 0.1181102362204728279 ) ;
#2038 = CYLINDRICAL_SURFACE ( 'NONE', #1120, 0.1181102362204728279 ) ;
#2039 = PLANE ( 'NONE',  #1006 ) ;
#2040 = EDGE_LOOP ( 'NONE', ( #462, #590, #1865, #555, #533, #2507, #2210, #2365, #2104, #2054 ) ) ;
#2041 = ORIENTED_EDGE ( 'NONE', *, *, #1962, .F. ) ;
#2042 = CARTESIAN_POINT ( 'NONE',  ( 2.285625000000000018, -2.380399999999999405, 0.7406250000000085265 ) ) ;
#2043 = CARTESIAN_POINT ( 'NONE',  ( -2.280439827574095801, -2.431418987382867325, 0.6463632397014946740 ) ) ;
#2044 = FACE_OUTER_BOUND ( 'NONE', #1955, .T. ) ;
#2045 = EDGE_CURVE ( 'NONE', #418, #1528, #2141, .T. ) ;
#2046 = VECTOR ( 'NONE', #2018, 39.37007874015748143 ) ;
#2047 = LINE ( 'NONE', #2226, #65 ) ;
#2048 = FACE_OUTER_BOUND ( 'NONE', #259, .T. ) ;
#2049 = EDGE_CURVE ( 'NONE', #2092, #1384, #684, .T. ) ;
#2050 = DIRECTION ( 'NONE',  ( -1.000000000000000000, -6.437728477207319456E-16, 6.070773319254143828E-17 ) ) ;
#2051 = FACE_OUTER_BOUND ( 'NONE', #2666, .T. ) ;
#2052 = CARTESIAN_POINT ( 'NONE',  ( -2.834783748502118783, 0.1195999999999999980, -0.1323529411764702013 ) ) ;
#2053 = ORIENTED_EDGE ( 'NONE', *, *, #1436, .F. ) ;
#2054 = ORIENTED_EDGE ( 'NONE', *, *, #1910, .F. ) ;
#2055 = LINE ( 'NONE', #1003, #615 ) ;
#2056 = ORIENTED_EDGE ( 'NONE', *, *, #1018, .T. ) ;
#2057 = CARTESIAN_POINT ( 'NONE',  ( -2.257449852360444709, -2.593813914975766188, 0.7928651425992345736 ) ) ;
#2058 = CARTESIAN_POINT ( 'NONE',  ( -2.252969268198823816, -2.505399999999998961, 0.8492596821755159509 ) ) ;
#2059 = CARTESIAN_POINT ( 'NONE',  ( 2.032734685476215386, -0.6053999999999989390, 0.7406249999999995337 ) ) ;
#2060 = CARTESIAN_POINT ( 'NONE',  ( 1.250078445846969657E-15, -1.880400000000000738, 0.6406250000000061062 ) ) ;
#2061 = CARTESIAN_POINT ( 'NONE',  ( -3.234375000000000888, 0.1195999999999999980, 0.2241116523516817061 ) ) ;
#2062 = AXIS2_PLACEMENT_3D ( 'NONE', #434, #1278, #1395 ) ;
#2063 = DIRECTION ( 'NONE',  ( -4.370956789862821938E-15, 0.000000000000000000, 1.000000000000000000 ) ) ;
#2064 = AXIS2_PLACEMENT_3D ( 'NONE', #1190, #2461, #1214 ) ;
#2065 = ORIENTED_EDGE ( 'NONE', *, *, #1629, .F. ) ;
#2066 = VECTOR ( 'NONE', #2673, 39.37007874015748143 ) ;
#2067 = EDGE_LOOP ( 'NONE', ( #287, #1571, #1987, #245 ) ) ;
#2068 = DIRECTION ( 'NONE',  ( 6.662942673733950341E-34, -1.000000000000000000, 1.097544303392439621E-17 ) ) ;
#2069 = ORIENTED_EDGE ( 'NONE', *, *, #897, .F. ) ;
#2070 = AXIS2_PLACEMENT_3D ( 'NONE', #746, #137, #2029 ) ;
#2071 = ORIENTED_EDGE ( 'NONE', *, *, #2022, .F. ) ;
#2072 = LINE ( 'NONE', #397, #565 ) ;
#2073 = DATE_AND_TIME ( #833, #546 ) ;
#2074 = CARTESIAN_POINT ( 'NONE',  ( -1.937499999999999778, -2.605399999999999050, 1.365625000000008527 ) ) ;
#2075 = CARTESIAN_POINT ( 'NONE',  ( -9.163073478748884727E-17, -1.242900000000000338, -0.2500000000000009992 ) ) ;
#2076 = CARTESIAN_POINT ( 'NONE',  ( 3.109097172385466124, -0.005722029324195348522, 0.7174753746100478446 ) ) ;
#2077 = DIRECTION ( 'NONE',  ( 0.000000000000000000, 1.000000000000000000, 0.000000000000000000 ) ) ;
#2078 = ORIENTED_EDGE ( 'NONE', *, *, #1994, .F. ) ;
#2079 = EDGE_CURVE ( 'NONE', #629, #1456, #1034, .T. ) ;
#2080 = CARTESIAN_POINT ( 'NONE',  ( 3.015625000000000444, 0.1195999999999999980, 0.1181102362204724116 ) ) ;
#2081 = EDGE_CURVE ( 'NONE', #491, #757, #1762, .T. ) ;
#2082 = VERTEX_POINT ( 'NONE', #1569 ) ;
#2083 = VERTEX_POINT ( 'NONE', #2399 ) ;
#2084 = CARTESIAN_POINT ( 'NONE',  ( -2.250000000000000444, -2.505399999999998961, 0.8656250000000087486 ) ) ;
#2085 = CARTESIAN_POINT ( 'NONE',  ( -1.082291259447422549, -1.630400000000000071, -0.2500000000000009992 ) ) ;
#2086 = CARTESIAN_POINT ( 'NONE',  ( -2.275232571848141649, -2.435803169273009772, 0.7532744724457874907 ) ) ;
#2087 = CARTESIAN_POINT ( 'NONE',  ( -2.596181090567001970, 0.01959999999999999243, 0.000000000000000000 ) ) ;
#2088 = ORIENTED_EDGE ( 'NONE', *, *, #626, .F. ) ;
#2089 = LOCAL_TIME ( 11, 23, 40.00000000000000000, #1067 ) ;
#2090 = VERTEX_POINT ( 'NONE', #516 ) ;
#2091 = DIRECTION ( 'NONE',  ( 0.000000000000000000, 0.000000000000000000, -1.000000000000000000 ) ) ;
#2092 = VERTEX_POINT ( 'NONE', #1357 ) ;
#2093 = VERTEX_POINT ( 'NONE', #296 ) ;
#2094 = DIRECTION ( 'NONE',  ( 1.000000000000000000, 0.000000000000000000, -0.000000000000000000 ) ) ;
#2095 = DATE_AND_TIME ( #2474, #1830 ) ;
#2096 = CARTESIAN_POINT ( 'NONE',  ( -3.120194374441075169, -0.01128431524923724331, 0.5982983469703498924 ) ) ;
#2097 = DIRECTION ( 'NONE',  ( 0.000000000000000000, 1.000000000000000000, 0.000000000000000000 ) ) ;
#2098 = CYLINDRICAL_SURFACE ( 'NONE', #2577, 0.2500000000000003331 ) ;
#2099 = ORIENTED_EDGE ( 'NONE', *, *, #1070, .F. ) ;
#2100 = DIRECTION ( 'NONE',  ( 0.9420080211588559571, -0.3355903575378419434, 0.000000000000000000 ) ) ;
#2101 = CARTESIAN_POINT ( 'NONE',  ( -1.092238780267707154, -0.9252198198198201551, 0.7406249999999995337 ) ) ;
#2102 = CARTESIAN_POINT ( 'NONE',  ( -9.163073478748884727E-17, -1.242900000000000338, 0.7406249999999995337 ) ) ;
#2103 = ORIENTED_EDGE ( 'NONE', *, *, #1330, .F. ) ;
#2104 = ORIENTED_EDGE ( 'NONE', *, *, #1471, .F. ) ;
#2105 = VECTOR ( 'NONE', #2050, 39.37007874015748143 ) ;
#2106 = VECTOR ( 'NONE', #1871, 39.37007874015748143 ) ;
#2107 = ADVANCED_FACE ( 'NONE', ( #1525 ), #2360, .T. ) ;
#2108 = CARTESIAN_POINT ( 'NONE',  ( 2.258162910518239919, -2.591094915649038821, 0.7863344488690403589 ) ) ;
#2109 = VECTOR ( 'NONE', #2184, 39.37007874015748143 ) ;
#2110 = ADVANCED_FACE ( 'NONE', ( #485 ), #503, .T. ) ;
#2111 = AXIS2_PLACEMENT_3D ( 'NONE', #1073, #1924, #1900 ) ;
#2112 = PERSON_AND_ORGANIZATION_ROLE ( 'creator' ) ;
#2113 = DIRECTION ( 'NONE',  ( 6.662942673733950341E-34, -1.000000000000000000, 1.097544303392439621E-17 ) ) ;
#2114 = EDGE_CURVE ( 'NONE', #2012, #1505, #278, .T. ) ;
#2115 = CARTESIAN_POINT ( 'NONE',  ( 3.133219514200801470, 0.1120829311350039353, 0.5737680372561305697 ) ) ;
#2116 = DIRECTION ( 'NONE',  ( 0.000000000000000000, 1.000000000000000000, -0.000000000000000000 ) ) ;
#2117 = EDGE_LOOP ( 'NONE', ( #436, #2264, #2571, #1041 ) ) ;
#2118 = CARTESIAN_POINT ( 'NONE',  ( -2.250000000000000444, -2.605399999999999050, 0.8656250000000085265 ) ) ;
#2119 = FACE_OUTER_BOUND ( 'NONE', #2117, .T. ) ;
#2120 = CARTESIAN_POINT ( 'NONE',  ( 2.596181090567001970, 0.01959999999999999243, -0.1181102362204724116 ) ) ;
#2121 = VERTEX_POINT ( 'NONE', #2179 ) ;
#2122 = ORIENTED_EDGE ( 'NONE', *, *, #1810, .F. ) ;
#2123 = LINE ( 'NONE', #679, #1807 ) ;
#2124 = CARTESIAN_POINT ( 'NONE',  ( -3.015625000000000444, 0.01959999999999999243, -0.1181102362204724116 ) ) ;
#2125 = CARTESIAN_POINT ( 'NONE',  ( 1.992142940765929682, -1.714297589384460085, -0.2500000000000009992 ) ) ;
#2126 = EDGE_CURVE ( 'NONE', #659, #1636, #2167, .T. ) ;
#2127 = CARTESIAN_POINT ( 'NONE',  ( -9.163073478748884727E-17, -1.242900000000000338, 0.7406249999999995337 ) ) ;
#2128 = EDGE_LOOP ( 'NONE', ( #1332, #1585, #1064, #502 ) ) ;
#2129 = VECTOR ( 'NONE', #2528, 39.37007874015748143 ) ;
#2130 = CARTESIAN_POINT ( 'NONE',  ( -2.255968993187260629, -2.598129088830530620, 0.8069820134790832711 ) ) ;
#2131 = DIRECTION ( 'NONE',  ( -0.000000000000000000, -0.000000000000000000, 1.000000000000000000 ) ) ;
#2132 = CARTESIAN_POINT ( 'NONE',  ( 2.032734685476215386, -0.8553999999999989390, -0.2500000000000009992 ) ) ;
#2133 = ORIENTED_EDGE ( 'NONE', *, *, #2629, .T. ) ;
#2134 = ORIENTED_EDGE ( 'NONE', *, *, #2433, .T. ) ;
#2135 = CARTESIAN_POINT ( 'NONE',  ( -3.133203124999999201, 0.1147178249270387890, 0.5747800218651972770 ) ) ;
#2136 = DIRECTION ( 'NONE',  ( 1.000000000000000000, 6.437728477207319456E-16, 0.000000000000000000 ) ) ;
#2137 = FACE_OUTER_BOUND ( 'NONE', #2414, .T. ) ;
#2138 = FACE_OUTER_BOUND ( 'NONE', #1074, .T. ) ;
#2139 = AXIS2_PLACEMENT_3D ( 'NONE', #1989, #1131, #965 ) ;
#2140 = ORIENTED_EDGE ( 'NONE', *, *, #274, .F. ) ;
#2141 = LINE ( 'NONE', #2560, #2453 ) ;
#2142 = CARTESIAN_POINT ( 'NONE',  ( 1.937499999999999778, -2.605399999999999050, 1.483735236220480980 ) ) ;
#2143 = DIRECTION ( 'NONE',  ( 0.000000000000000000, 0.000000000000000000, -1.000000000000000000 ) ) ;
#2144 = ORIENTED_EDGE ( 'NONE', *, *, #1677, .F. ) ;
#2145 = ORIENTED_EDGE ( 'NONE', *, *, #4, .T. ) ;
#2146 = LINE ( 'NONE', #82, #306 ) ;
#2147 = CIRCLE ( 'NONE', #1666, 0.2500000000000000555 ) ;
#2148 = CIRCLE ( 'NONE', #1851, 0.06250000000000001388 ) ;
#2149 = FACE_OUTER_BOUND ( 'NONE', #646, .T. ) ;
#2150 = VECTOR ( 'NONE', #2335, 39.37007874015748143 ) ;
#2151 = CARTESIAN_POINT ( 'NONE',  ( -2.309724888169228940, -0.8228394914102846736, 0.6406250000000025535 ) ) ;
#2152 = CARTESIAN_POINT ( 'NONE',  ( 2.032734685476215386, -0.6053999999999989390, 0.7406249999999995337 ) ) ;
#2153 = DIMENSIONAL_EXPONENTS ( 1.000000000000000000, 0.000000000000000000, 0.000000000000000000, 0.000000000000000000, 0.000000000000000000, 0.000000000000000000, 0.000000000000000000 ) ;
#2154 = CARTESIAN_POINT ( 'NONE',  ( -3.140625000000000000, 0.1195999999999995400, 0.5156250000000002220 ) ) ;
#2155 = DIRECTION ( 'NONE',  ( 0.9420080211588557351, 0.3355903575378423320, -1.233162341826975112E-15 ) ) ;
#2156 = CARTESIAN_POINT ( 'NONE',  ( -1.662282886008527472, -2.605399999999999050, 1.513651315789481977 ) ) ;
#2157 = EDGE_CURVE ( 'NONE', #1836, #1415, #1969, .T. ) ;
#2158 = ORIENTED_EDGE ( 'NONE', *, *, #1998, .T. ) ;
#2159 = ORIENTED_EDGE ( 'NONE', *, *, #575, .T. ) ;
#2160 = EDGE_CURVE ( 'NONE', #2497, #904, #2298, .T. ) ;
#2161 = CARTESIAN_POINT ( 'NONE',  ( -3.103515624999999556, -0.04624497813480281383, 0.7357428249270389076 ) ) ;
#2162 = EDGE_CURVE ( 'NONE', #1639, #1765, #2643, .T. ) ;
#2163 = CARTESIAN_POINT ( 'NONE',  ( 3.122070312499997780, 0.07532470638198922319, 0.6545125587143304502 ) ) ;
#2164 = LINE ( 'NONE', #1134, #1082 ) ;
#2165 = FACE_OUTER_BOUND ( 'NONE', #2363, .T. ) ;
#2166 = ORIENTED_EDGE ( 'NONE', *, *, #778, .F. ) ;
#2167 = LINE ( 'NONE', #281, #2686 ) ;
#2168 = CARTESIAN_POINT ( 'NONE',  ( 1.414587483416202662, -2.605399999999999050, 1.646875000000008082 ) ) ;
#2169 = CARTESIAN_POINT ( 'NONE',  ( 3.109105842739518177, -0.04991177339105596494, 0.6279325318653373733 ) ) ;
#2170 = VERTEX_POINT ( 'NONE', #2208 ) ;
#2171 = AXIS2_PLACEMENT_3D ( 'NONE', #1605, #1371, #116 ) ;
#2172 = ORIENTED_EDGE ( 'NONE', *, *, #614, .T. ) ;
#2173 = CARTESIAN_POINT ( 'NONE',  ( -3.140625000000000000, 0.1205999999999995270, 0.5156250000000002220 ) ) ;
#2174 = CIRCLE ( 'NONE', #2514, 0.1181102362204724116 ) ;
#2175 = DIRECTION ( 'NONE',  ( 0.000000000000000000, 0.000000000000000000, 1.000000000000000000 ) ) ;
#2176 = CARTESIAN_POINT ( 'NONE',  ( -3.140625000000000000, 0.1195999999999995400, 0.5156250000000002220 ) ) ;
#2177 = DIRECTION ( 'NONE',  ( -6.070773319253918263E-17, -3.502456781877057751E-15, -1.000000000000000000 ) ) ;
#2178 = ORIENTED_EDGE ( 'NONE', *, *, #863, .T. ) ;
#2179 = CARTESIAN_POINT ( 'NONE',  ( -2.596181090567001526, 0.1195999999999999980, 0.000000000000000000 ) ) ;
#2180 = CARTESIAN_POINT ( 'NONE',  ( -1.332291259447422993, -0.8554000000000002712, -0.2500000000000009992 ) ) ;
#2181 = CARTESIAN_POINT ( 'NONE',  ( -9.163073478748884727E-17, -1.242900000000000338, 0.6406250000000038858 ) ) ;
#2182 = ORIENTED_EDGE ( 'NONE', *, *, #2556, .T. ) ;
#2183 = ORIENTED_EDGE ( 'NONE', *, *, #758, .F. ) ;
#2184 = DIRECTION ( 'NONE',  ( 0.000000000000000000, 1.000000000000000000, 0.000000000000000000 ) ) ;
#2185 = CARTESIAN_POINT ( 'NONE',  ( 2.273750000000000160, -2.493714270583451853, 0.6690230626203008679 ) ) ;
#2186 = AXIS2_PLACEMENT_3D ( 'NONE', #554, #2219, #2586 ) ;
#2187 = CARTESIAN_POINT ( 'NONE',  ( 3.140624999999998668, 0.1206000000000003874, 0.5156249999999995559 ) ) ;
#2188 = EDGE_CURVE ( 'NONE', #1415, #919, #585, .T. ) ;
#2189 = VECTOR ( 'NONE', #1422, 39.37007874015748143 ) ;
#2190 = AXIS2_PLACEMENT_3D ( 'NONE', #2180, #297, #348 ) ;
#2191 = CARTESIAN_POINT ( 'NONE',  ( -3.124826979085321810, 0.08566078942112911876, 0.6346850834089412530 ) ) ;
#2192 = EDGE_CURVE ( 'NONE', #180, #2466, #454, .T. ) ;
#2193 = FACE_OUTER_BOUND ( 'NONE', #233, .T. ) ;
#2194 = CIRCLE ( 'NONE', #481, 0.2500000000000000000 ) ;
#2195 = ORIENTED_EDGE ( 'NONE', *, *, #510, .F. ) ;
#2196 = DIRECTION ( 'NONE',  ( -0.000000000000000000, -0.000000000000000000, 1.000000000000000000 ) ) ;
#2197 = DIRECTION ( 'NONE',  ( 6.662942673733950341E-34, -1.000000000000000000, 1.097544303392439621E-17 ) ) ;
#2198 = VERTEX_POINT ( 'NONE', #2412 ) ;
#2199 = EDGE_CURVE ( 'NONE', #2480, #104, #2218, .T. ) ;
#2200 = ORIENTED_EDGE ( 'NONE', *, *, #375, .F. ) ;
#2201 = CARTESIAN_POINT ( 'NONE',  ( -3.133203124999999201, 0.01634658458353892632, 0.5483434855449099699 ) ) ;
#2202 = CARTESIAN_POINT ( 'NONE',  ( 2.252969279990633567, -2.606399999999998940, 0.8360363883889093684 ) ) ;
#2203 = DIRECTION ( 'NONE',  ( 0.000000000000000000, 0.000000000000000000, 1.000000000000000000 ) ) ;
#2204 = EDGE_LOOP ( 'NONE', ( #1245, #396, #189, #271 ) ) ;
#2205 = DIRECTION ( 'NONE',  ( -0.000000000000000000, -0.000000000000000000, 1.000000000000000000 ) ) ;
#2206 = ADVANCED_BREP_SHAPE_REPRESENTATION ( 'LS ECM Bracket', ( #1473, #2005 ), #1208 ) ;
#2207 = CARTESIAN_POINT ( 'NONE',  ( -1.756640935476216248, -1.880400000000000071, -0.2500000000000009992 ) ) ;
#2208 = CARTESIAN_POINT ( 'NONE',  ( -3.278569173824160021, 0.1195999999999999980, 0.2683058261758411445 ) ) ;
#2209 = FACE_OUTER_BOUND ( 'NONE', #1695, .T. ) ;
#2210 = ORIENTED_EDGE ( 'NONE', *, *, #1467, .F. ) ;
#2211 = ORIENTED_EDGE ( 'NONE', *, *, #2114, .F. ) ;
#2212 = LINE ( 'NONE', #2042, #2541 ) ;
#2213 = CARTESIAN_POINT ( 'NONE',  ( 2.261874999999999858, -2.577875723768060734, 0.7518071104361853108 ) ) ;
#2214 = CIRCLE ( 'NONE', #723, 0.06250000000000001388 ) ;
#2215 = DIRECTION ( 'NONE',  ( 0.000000000000000000, 1.000000000000000000, -3.482355684231370258E-15 ) ) ;
#2216 = DIRECTION ( 'NONE',  ( 0.000000000000000000, 0.000000000000000000, 1.000000000000000000 ) ) ;
#2217 = CARTESIAN_POINT ( 'NONE',  ( 3.078125000000000000, 0.1195999999999999980, 0.1181102362204723977 ) ) ;
#2218 = LINE ( 'NONE', #570, #149 ) ;
#2219 = DIRECTION ( 'NONE',  ( 1.000000000000000000, -0.000000000000000000, 0.000000000000000000 ) ) ;
#2220 = EDGE_LOOP ( 'NONE', ( #921, #246, #2376, #2535, #2261, #1396, #2280, #683, #2668, #573 ) ) ;
#2221 = ORIENTED_EDGE ( 'NONE', *, *, #575, .F. ) ;
#2222 = DIRECTION ( 'NONE',  ( -1.000000000000000000, 0.000000000000000000, 0.000000000000000000 ) ) ;
#2223 = CARTESIAN_POINT ( 'NONE',  ( 2.279687500000000089, -2.412854120181706641, 0.7448621278199041296 ) ) ;
#2224 = CARTESIAN_POINT ( 'NONE',  ( -1.937499999999999778, -2.505399999999998961, 1.365625000000008527 ) ) ;
#2225 = AXIS2_PLACEMENT_3D ( 'NONE', #586, #2702, #2691 ) ;
#2226 = CARTESIAN_POINT ( 'NONE',  ( -3.140624999999999112, 0.1195999999999999980, 0.4062500000000001665 ) ) ;
#2227 = FACE_BOUND ( 'NONE', #1249, .T. ) ;
#2228 = DIRECTION ( 'NONE',  ( -6.070773319253918263E-17, -3.502456781877057751E-15, -1.000000000000000000 ) ) ;
#2229 = CIRCLE ( 'NONE', #2320, 0.1181102362204728279 ) ;
#2230 = LINE ( 'NONE', #2245, #987 ) ;
#2231 = VECTOR ( 'NONE', #2696, 39.37007874015748143 ) ;
#2232 = CARTESIAN_POINT ( 'NONE',  ( -1.332291259447422549, -1.630400000000000071, -0.2500000000000009992 ) ) ;
#2233 = VERTEX_POINT ( 'NONE', #531 ) ;
#2234 = AXIS2_PLACEMENT_3D ( 'NONE', #1254, #1410, #365 ) ;
#2235 = EDGE_LOOP ( 'NONE', ( #2523, #31, #2144, #2637 ) ) ;
#2236 = EDGE_CURVE ( 'NONE', #1925, #1128, #995, .T. ) ;
#2237 = DIRECTION ( 'NONE',  ( 6.662942673733950341E-34, -1.000000000000000000, 1.097544303392439621E-17 ) ) ;
#2238 = APPROVAL ( #2309, 'UNSPECIFIED' ) ;
#2239 = DIRECTION ( 'NONE',  ( 0.000000000000000000, 0.000000000000000000, -1.000000000000000000 ) ) ;
#2240 = ADVANCED_FACE ( 'NONE', ( #1816 ), #1633, .T. ) ;
#2241 = CARTESIAN_POINT ( 'NONE',  ( 3.078125000000000000, 0.01959999999999999243, -0.1181102362204724532 ) ) ;
#2242 = LINE ( 'NONE', #1785, #500 ) ;
#2243 = CARTESIAN_POINT ( 'NONE',  ( 1.937499999999999778, -2.605399999999999050, 1.365625000000008082 ) ) ;
#2244 = FACE_OUTER_BOUND ( 'NONE', #369, .T. ) ;
#2245 = CARTESIAN_POINT ( 'NONE',  ( -1.937499999999999778, -2.605399999999999050, 1.365625000000008527 ) ) ;
#2246 = CARTESIAN_POINT ( 'NONE',  ( -3.296875000000000000, 0.1195999999999999980, 1.652950590382291866E-16 ) ) ;
#2247 = EDGE_LOOP ( 'NONE', ( #1195, #1993, #2424, #1758 ) ) ;
#2248 = ORIENTED_EDGE ( 'NONE', *, *, #817, .F. ) ;
#2249 = DIRECTION ( 'NONE',  ( -6.662942673733950341E-34, 1.000000000000000000, -1.097544303392439467E-17 ) ) ;
#2250 = ORIENTED_EDGE ( 'NONE', *, *, #1965, .T. ) ;
#2251 = CARTESIAN_POINT ( 'NONE',  ( -2.279700576804225332, -2.438543376132806362, 0.6481421319589274477 ) ) ;
#2252 = DIRECTION ( 'NONE',  ( 0.000000000000000000, 1.000000000000000000, 0.000000000000000000 ) ) ;
#2253 = VECTOR ( 'NONE', #1352, 39.37007874015748143 ) ;
#2254 = DIRECTION ( 'NONE',  ( 0.3355903575378418879, 0.9420080211588559571, 0.000000000000000000 ) ) ;
#2255 = DIRECTION ( 'NONE',  ( 0.000000000000000000, 0.000000000000000000, 1.000000000000000000 ) ) ;
#2256 = DIRECTION ( 'NONE',  ( 0.000000000000000000, 1.000000000000000000, -3.278217592397115073E-15 ) ) ;
#2257 = CC_DESIGN_APPROVAL ( #1434, ( #815 ) ) ;
#2258 = CYLINDRICAL_SURFACE ( 'NONE', #591, 0.06250000000000001388 ) ;
#2259 = CARTESIAN_POINT ( 'NONE',  ( 2.596181090567001970, 0.01959999999999999243, -0.2812500000000009437 ) ) ;
#2260 = ORIENTED_EDGE ( 'NONE', *, *, #2049, .F. ) ;
#2261 = ORIENTED_EDGE ( 'NONE', *, *, #2647, .F. ) ;
#2262 = DIRECTION ( 'NONE',  ( 1.000000000000000000, 0.000000000000000000, 0.000000000000000000 ) ) ;
#2263 = ORIENTED_EDGE ( 'NONE', *, *, #817, .T. ) ;
#2264 = ORIENTED_EDGE ( 'NONE', *, *, #1152, .F. ) ;
#2265 = CARTESIAN_POINT ( 'NONE',  ( -2.268236690765929708, -0.9392975893844600632, 0.6406250000000043299 ) ) ;
#2266 = CARTESIAN_POINT ( 'NONE',  ( -2.261875000000000746, -2.488740774292043323, 0.8031812826238210468 ) ) ;
#2267 = LENGTH_MEASURE_WITH_UNIT ( LENGTH_MEASURE( 0.02539999999999999897 ), #373 );
#2268 = CARTESIAN_POINT ( 'NONE',  ( 2.596181090567001526, 0.1195999999999999980, -9.538214587709287948E-16 ) ) ;
#2269 = EDGE_CURVE ( 'NONE', #1620, #1222, #2230, .T. ) ;
#2270 = LINE ( 'NONE', #2060, #2105 ) ;
#2271 = CIRCLE ( 'NONE', #2139, 0.2500000000000000555 ) ;
#2272 = CYLINDRICAL_SURFACE ( 'NONE', #2345, 0.3125000000000000000 ) ;
#2273 = ADVANCED_FACE ( 'NONE', ( #2051 ), #2038, .F. ) ;
#2274 = CIRCLE ( 'NONE', #743, 0.2812499999999998890 ) ;
#2275 = DIRECTION ( 'NONE',  ( -1.000000000000000000, -0.000000000000000000, 2.731847993664277517E-16 ) ) ;
#2276 = ORIENTED_EDGE ( 'NONE', *, *, #39, .T. ) ;
#2277 = CIRCLE ( 'NONE', #747, 0.3125000000000000000 ) ;
#2278 = ORIENTED_EDGE ( 'NONE', *, *, #587, .T. ) ;
#2279 = DIRECTION ( 'NONE',  ( -6.662942673733950341E-34, 1.000000000000000000, -1.097544303392439467E-17 ) ) ;
#2280 = ORIENTED_EDGE ( 'NONE', *, *, #360, .F. ) ;
#2281 = EDGE_LOOP ( 'NONE', ( #1356, #1345, #1546, #601 ) ) ;
#2282 = CARTESIAN_POINT ( 'NONE',  ( -2.264843750000000711, -2.479550691788949379, 0.7894273521903191204 ) ) ;
#2283 = APPROVAL_STATUS ( 'not_yet_approved' ) ;
#2284 = DIRECTION ( 'NONE',  ( 0.000000000000000000, 1.000000000000000000, 0.000000000000000000 ) ) ;
#2285 = VECTOR ( 'NONE', #932, 39.37007874015748143 ) ;
#2286 = EDGE_CURVE ( 'NONE', #1415, #2028, #779, .T. ) ;
#2287 = CARTESIAN_POINT ( 'NONE',  ( 3.099818281337165526, -0.07584006553948254015, 0.7391676900778596515 ) ) ;
#2288 = FACE_OUTER_BOUND ( 'NONE', #1576, .T. ) ;
#2289 = EDGE_LOOP ( 'NONE', ( #1558, #1386, #1912, #284 ) ) ;
#2290 = B_SPLINE_CURVE_WITH_KNOTS ( 'NONE', 3,
 ( #370, #580, #593, #2043, #2251, #1704, #1212, #1008, #641, #1641, #21, #1926, #2531, #150, #1690, #1485, #432, #2057, #2130, #164, #33, #2118 ),
 .UNSPECIFIED., .F., .F.,
 ( 4, 2, 2, 2, 2, 2, 2, 2, 2, 2, 4 ),
 ( 3.605555036969182464E-17, 0.001121605434619226587, 0.001682408151928812016, 0.002243210869238397229, 0.003364816303857562016, 0.004486421738476726803, 0.005608027173095891590, 0.006168829890405474851, 0.006729632607715056378, 0.007851238042334226369, 0.008972843476953398095 ),
 .UNSPECIFIED. ) ;
#2291 = DIRECTION ( 'NONE',  ( -6.662942673733950341E-34, 1.000000000000000000, -1.097544303392439621E-17 ) ) ;
#2292 = ORIENTED_EDGE ( 'NONE', *, *, #1551, .F. ) ;
#2293 = ORIENTED_EDGE ( 'NONE', *, *, #614, .F. ) ;
#2294 = CARTESIAN_POINT ( 'NONE',  ( 2.249999999999999556, -2.605399999999999050, 0.8656250000000081934 ) ) ;
#2295 = DATE_AND_TIME ( #168, #2089 ) ;
#2296 = LINE ( 'NONE', #425, #1535 ) ;
#2297 = CARTESIAN_POINT ( 'NONE',  ( -2.260401774088027782, -2.492724277417803780, 0.8101769663598629156 ) ) ;
#2298 = CIRCLE ( 'NONE', #2171, 0.1181102362204724116 ) ;
#2299 = CARTESIAN_POINT ( 'NONE',  ( 3.140624999999998668, 0.1195999999999999980, 0.4999999999999997224 ) ) ;
#2300 = EDGE_LOOP ( 'NONE', ( #199, #2166, #2452, #279 ) ) ;
#2301 = EDGE_CURVE ( 'NONE', #418, #1818, #2214, .T. ) ;
#2302 = ORIENTED_EDGE ( 'NONE', *, *, #2583, .F. ) ;
#2303 = DIRECTION ( 'NONE',  ( 0.000000000000000000, 0.000000000000000000, 1.000000000000000000 ) ) ;
#2304 = ADVANCED_FACE ( 'NONE', ( #1423 ), #2258, .T. ) ;
#2305 = VERTEX_POINT ( 'NONE', #1861 ) ;
#2306 = ORIENTED_EDGE ( 'NONE', *, *, #979, .T. ) ;
#2307 = EDGE_CURVE ( 'NONE', #1260, #1667, #754, .T. ) ;
#2308 = CARTESIAN_POINT ( 'NONE',  ( 3.296875000000000000, 0.1195999999999999980, 0.2500000000000001110 ) ) ;
#2309 = APPROVAL_STATUS ( 'not_yet_approved' ) ;
#2310 = DIRECTION ( 'NONE',  ( -6.662942673733950341E-34, 1.000000000000000000, -1.097544303392439467E-17 ) ) ;
#2311 = CARTESIAN_POINT ( 'NONE',  ( 3.097965541969063707, -0.09054423267605496428, 0.7406249999999996447 ) ) ;
#2312 = LINE ( 'NONE', #2544, #1404 ) ;
#2313 = ORIENTED_EDGE ( 'NONE', *, *, #1048, .T. ) ;
#2314 = EDGE_CURVE ( 'NONE', #451, #1638, #960, .T. ) ;
#2315 = DIRECTION ( 'NONE',  ( 0.000000000000000000, -1.000000000000000000, 0.000000000000000000 ) ) ;
#2316 = VECTOR ( 'NONE', #1985, 39.37007874015748143 ) ;
#2317 = VERTEX_POINT ( 'NONE', #2513 ) ;
#2318 = CARTESIAN_POINT ( 'NONE',  ( -1.082291259447422327, -1.630400000000000071, 0.7406249999999995337 ) ) ;
#2319 = ORIENTED_EDGE ( 'NONE', *, *, #1135, .F. ) ;
#2320 = AXIS2_PLACEMENT_3D ( 'NONE', #530, #320, #309 ) ;
#2321 = AXIS2_PLACEMENT_3D ( 'NONE', #415, #1657, #1038 ) ;
#2322 = EDGE_CURVE ( 'NONE', #2082, #270, #1205, .T. ) ;
#2323 = ORIENTED_EDGE ( 'NONE', *, *, #68, .T. ) ;
#2324 = CARTESIAN_POINT ( 'NONE',  ( 2.264823000624923477, -2.559422363339858730, 0.7285417290893994036 ) ) ;
#2325 = CIRCLE ( 'NONE', #1144, 0.2812499999999998890 ) ;
#2326 = APPROVAL ( #2283, 'UNSPECIFIED' ) ;
#2327 = APPROVAL_DATE_TIME ( #496, #1434 ) ;
#2328 = CARTESIAN_POINT ( 'NONE',  ( -3.015625000000000444, 0.1195999999999999980, -1.148106374200637546E-17 ) ) ;
#2329 = CARTESIAN_POINT ( 'NONE',  ( 3.105405789030177832, -0.03264221266456843185, 0.7290396510398894359 ) ) ;
#2330 = CARTESIAN_POINT ( 'NONE',  ( -3.296875000000000444, 0.01959999999999999243, 0.2241116523516814008 ) ) ;
#2331 = ORIENTED_EDGE ( 'NONE', *, *, #53, .T. ) ;
#2332 = CARTESIAN_POINT ( 'NONE',  ( -1.332291259447422993, -0.8554000000000002712, -0.2500000000000009992 ) ) ;
#2333 = EDGE_CURVE ( 'NONE', #1464, #2093, #401, .T. ) ;
#2334 = ORIENTED_EDGE ( 'NONE', *, *, #1677, .T. ) ;
#2335 = DIRECTION ( 'NONE',  ( -0.000000000000000000, -4.370956789862825094E-15, -1.000000000000000000 ) ) ;
#2336 = ORIENTED_EDGE ( 'NONE', *, *, #2031, .F. ) ;
#2337 = ORIENTED_EDGE ( 'NONE', *, *, #1507, .F. ) ;
#2338 = ORIENTED_EDGE ( 'NONE', *, *, #2081, .T. ) ;
#2339 = CARTESIAN_POINT ( 'NONE',  ( -3.122070312499999112, 0.07532470638198822399, 0.6545125587143306722 ) ) ;
#2340 = EDGE_CURVE ( 'NONE', #1972, #98, #186, .T. ) ;
#2341 = CARTESIAN_POINT ( 'NONE',  ( 3.103515624999998224, -0.07294587981829241119, 0.6363878721801040639 ) ) ;
#2342 = CARTESIAN_POINT ( 'NONE',  ( -3.128544890452606531, 0.09958979437927152623, 0.6086723611901503350 ) ) ;
#2343 = DIRECTION ( 'NONE',  ( 1.000000000000000000, 0.000000000000000000, 0.000000000000000000 ) ) ;
#2344 = VERTEX_POINT ( 'NONE', #2690 ) ;
#2345 = AXIS2_PLACEMENT_3D ( 'NONE', #389, #1233, #1097 ) ;
#2346 = CYLINDRICAL_SURFACE ( 'NONE', #2548, 0.2500000000000000555 ) ;
#2347 = CARTESIAN_POINT ( 'NONE',  ( 2.596181090567001970, 0.01959999999999999243, 0.1181102362204724532 ) ) ;
#2348 = DIRECTION ( 'NONE',  ( 0.000000000000000000, -1.097544303392439621E-17, -1.000000000000000000 ) ) ;
#2349 = ORIENTED_EDGE ( 'NONE', *, *, #696, .F. ) ;
#2350 = ORIENTED_EDGE ( 'NONE', *, *, #121, .F. ) ;
#2351 = CARTESIAN_POINT ( 'NONE',  ( -3.096093749999999201, -0.1054000000000000908, 0.6406249999999996669 ) ) ;
#2352 = PERSON_AND_ORGANIZATION ( #2016, #280 ) ;
#2353 = CARTESIAN_POINT ( 'NONE',  ( -3.140624999999999112, 0.01959999999999999243, 0.4321383476483187103 ) ) ;
#2354 = CARTESIAN_POINT ( 'NONE',  ( 3.140624999999998668, 0.01959999999999999243, 0.6406249999999992228 ) ) ;
#2355 = EDGE_CURVE ( 'NONE', #1596, #1374, #1951, .T. ) ;
#2356 = CARTESIAN_POINT ( 'NONE',  ( -3.278569173824160021, 0.1195999999999999980, 0.2683058261758411445 ) ) ;
#2357 = VECTOR ( 'NONE', #2689, 39.37007874015748143 ) ;
#2358 = ADVANCED_FACE ( 'NONE', ( #1482 ), #226, .F. ) ;
#2359 = EDGE_CURVE ( 'NONE', #973, #869, #2428, .T. ) ;
#2360 = CYLINDRICAL_SURFACE ( 'NONE', #2559, 1.137499999999999734 ) ;
#2361 = DIRECTION ( 'NONE',  ( 0.000000000000000000, 0.000000000000000000, 1.000000000000000000 ) ) ;
#2362 = DIRECTION ( 'NONE',  ( 0.000000000000000000, 1.000000000000000000, -3.278217592397115073E-15 ) ) ;
#2363 = EDGE_LOOP ( 'NONE', ( #1002, #438, #113, #711 ) ) ;
#2364 = VECTOR ( 'NONE', #756, 39.37007874015748143 ) ;
#2365 = ORIENTED_EDGE ( 'NONE', *, *, #2162, .F. ) ;
#2366 = LINE ( 'NONE', #1933, #132 ) ;
#2367 = AXIS2_PLACEMENT_3D ( 'NONE', #115, #710, #1150 ) ;
#2368 = CIRCLE ( 'NONE', #1936, 0.3125000000000000000 ) ;
#2369 = CARTESIAN_POINT ( 'NONE',  ( 3.140624999999998668, 0.1196000000000003727, 0.5156249999999995559 ) ) ;
#2370 = VECTOR ( 'NONE', #2707, 39.37007874015748143 ) ;
#2371 = CARTESIAN_POINT ( 'NONE',  ( -3.106297161266203588, -0.02611112372535968895, 0.7263205774438169504 ) ) ;
#2372 = LINE ( 'NONE', #484, #474 ) ;
#2373 = DIRECTION ( 'NONE',  ( -0.000000000000000000, 0.000000000000000000, -1.000000000000000000 ) ) ;
#2374 = DIRECTION ( 'NONE',  ( 0.000000000000000000, -1.000000000000000000, 0.000000000000000000 ) ) ;
#2375 = CARTESIAN_POINT ( 'NONE',  ( 3.116524375558923143, -0.02272665302964910553, 0.6097406847507627070 ) ) ;
#2376 = ORIENTED_EDGE ( 'NONE', *, *, #1219, .F. ) ;
#2377 = CARTESIAN_POINT ( 'NONE',  ( -3.110937499999999467, 0.008417889563822946244, 0.7131007237680618838 ) ) ;
#2378 = CARTESIAN_POINT ( 'NONE',  ( -1.332291259447422549, -1.630400000000000071, 0.7406249999999995337 ) ) ;
#2379 = CARTESIAN_POINT ( 'NONE',  ( 1.092238780267706488, -1.560580180180180632, 0.7406249999999995337 ) ) ;
#2380 = DIRECTION ( 'NONE',  ( 0.000000000000000000, 0.000000000000000000, 1.000000000000000000 ) ) ;
#2381 = ORIENTED_EDGE ( 'NONE', *, *, #1864, .T. ) ;
#2382 = FACE_OUTER_BOUND ( 'NONE', #2465, .T. ) ;
#2383 = CYLINDRICAL_SURFACE ( 'NONE', #2190, 0.2500000000000000555 ) ;
#2384 = LINE ( 'NONE', #134, #2316 ) ;
#2385 = EDGE_CURVE ( 'NONE', #884, #445, #1380, .T. ) ;
#2386 = EDGE_LOOP ( 'NONE', ( #1526, #1880, #1947, #943 ) ) ;
#2387 = AXIS2_PLACEMENT_3D ( 'NONE', #954, #361, #1601 ) ;
#2388 = ORIENTED_EDGE ( 'NONE', *, *, #2301, .T. ) ;
#2389 = ADVANCED_FACE ( 'NONE', ( #807 ), #2272, .T. ) ;
#2390 = CARTESIAN_POINT ( 'NONE',  ( -3.125781249999999734, 0.09120193737970749837, 0.6289392705834521147 ) ) ;
#2391 = AXIS2_PLACEMENT_3D ( 'NONE', #752, #2216, #153 ) ;
#2392 = ADVANCED_FACE ( 'NONE', ( #876 ), #513, .T. ) ;
#2393 = CARTESIAN_POINT ( 'NONE',  ( 3.046875000000000444, 0.1195999999999999980, -1.119403714845627541E-15 ) ) ;
#2394 = FACE_OUTER_BOUND ( 'NONE', #2247, .T. ) ;
#2395 = DIRECTION ( 'NONE',  ( -6.070773319253918263E-17, -3.502456781877057751E-15, -1.000000000000000000 ) ) ;
#2396 = CARTESIAN_POINT ( 'NONE',  ( -1.992142940765930126, -1.714297589384460307, -0.2500000000000009992 ) ) ;
#2397 = EDGE_CURVE ( 'NONE', #1720, #2028, #864, .T. ) ;
#2398 = VERTEX_POINT ( 'NONE', #2379 ) ;
#2399 = CARTESIAN_POINT ( 'NONE',  ( 3.296875000000000000, 0.1195999999999999980, 1.652950590382291866E-16 ) ) ;
#2400 = CARTESIAN_POINT ( 'NONE',  ( -1.332291259447422993, -0.6054000000000002712, 0.7406249999999995337 ) ) ;
#2401 = ORIENTED_EDGE ( 'NONE', *, *, #1465, .F. ) ;
#2402 = VERTEX_POINT ( 'NONE', #249 ) ;
#2403 = FACE_BOUND ( 'NONE', #1440, .T. ) ;
#2404 = CARTESIAN_POINT ( 'NONE',  ( 2.249999999999999556, -2.505399999999998961, 0.8656250000000081934 ) ) ;
#2405 = CARTESIAN_POINT ( 'NONE',  ( -2.252969279873883846, -2.605399999999999050, 0.8361673120897673561 ) ) ;
#2406 = EDGE_LOOP ( 'NONE', ( #810, #2706, #577, #2381 ) ) ;
#2407 = EDGE_CURVE ( 'NONE', #2083, #163, #1336, .T. ) ;
#2408 = AXIS2_PLACEMENT_3D ( 'NONE', #344, #2458, #2627 ) ;
#2409 = DIRECTION ( 'NONE',  ( -0.000000000000000000, -0.000000000000000000, 1.000000000000000000 ) ) ;
#2410 = CARTESIAN_POINT ( 'NONE',  ( 2.596181090567001970, 0.1195999999999999980, -0.2812500000000009437 ) ) ;
#2411 = AXIS2_PLACEMENT_3D ( 'NONE', #2080, #1665, #2494 ) ;
#2412 = CARTESIAN_POINT ( 'NONE',  ( 1.092238780267706488, -0.9252198198198203771, 0.6406250000000015543 ) ) ;
#2413 = LINE ( 'NONE', #1570, #34 ) ;
#2414 = EDGE_LOOP ( 'NONE', ( #1917, #1918, #314, #325 ) ) ;
#2415 = VERTEX_POINT ( 'NONE', #1941 ) ;
#2416 = CARTESIAN_POINT ( 'NONE',  ( -3.122070312499999112, -0.006249308211050128188, 0.5918226478096895171 ) ) ;
#2417 = CARTESIAN_POINT ( 'NONE',  ( 2.285625000000000018, -2.380400000000000293, 0.6396250000000086589 ) ) ;
#2418 = DIRECTION ( 'NONE',  ( 0.000000000000000000, 0.000000000000000000, 1.000000000000000000 ) ) ;
#2419 = ORIENTED_EDGE ( 'NONE', *, *, #2521, .T. ) ;
#2420 = DIRECTION ( 'NONE',  ( 0.000000000000000000, -0.000000000000000000, 1.000000000000000000 ) ) ;
#2421 = CARTESIAN_POINT ( 'NONE',  ( 2.249999999999999556, -2.505399999999998961, 1.365625000000008082 ) ) ;
#2422 = DIRECTION ( 'NONE',  ( 6.662942673733950341E-34, -1.000000000000000000, 1.097544303392439621E-17 ) ) ;
#2423 = CARTESIAN_POINT ( 'NONE',  ( -1.414587483416202662, -2.605399999999999050, 1.365625000000008527 ) ) ;
#2424 = ORIENTED_EDGE ( 'NONE', *, *, #1590, .T. ) ;
#2425 = ORIENTED_EDGE ( 'NONE', *, *, #1707, .T. ) ;
#2426 = CARTESIAN_POINT ( 'NONE',  ( -9.163073478748884727E-17, -1.242900000000000338, 0.6406250000000038858 ) ) ;
#2427 = CARTESIAN_POINT ( 'NONE',  ( 2.279687500000000089, -2.439293273980837728, 0.6464811477496377190 ) ) ;
#2428 = CIRCLE ( 'NONE', #2512, 0.1181102362204728279 ) ;
#2429 = CARTESIAN_POINT ( 'NONE',  ( -2.261875000000000746, -2.577875723768061622, 0.7518071104361856438 ) ) ;
#2430 = LINE ( 'NONE', #549, #858 ) ;
#2431 = DIRECTION ( 'NONE',  ( -0.000000000000000000, -1.000000000000000000, -0.000000000000000000 ) ) ;
#2432 = DIRECTION ( 'NONE',  ( 0.3355903575378423320, -0.9420080211588557351, 3.278969452403024749E-15 ) ) ;
#2433 = EDGE_CURVE ( 'NONE', #2466, #1972, #455, .T. ) ;
#2434 = CARTESIAN_POINT ( 'NONE',  ( 2.261862171028944601, -2.488913282584829911, 0.8030437523117643916 ) ) ;
#2435 = CARTESIAN_POINT ( 'NONE',  ( 3.078125000000000000, 0.01959999999999999243, 0.1181102362204723838 ) ) ;
#2436 = ORIENTED_EDGE ( 'NONE', *, *, #814, .F. ) ;
#2437 = EDGE_CURVE ( 'NONE', #192, #1373, #2164, .T. ) ;
#2438 = EDGE_CURVE ( 'NONE', #2402, #179, #709, .T. ) ;
#2439 = EDGE_LOOP ( 'NONE', ( #667, #1030, #1887, #647 ) ) ;
#2440 = DIRECTION ( 'NONE',  ( 0.000000000000000000, 1.000000000000000000, 0.000000000000000000 ) ) ;
#2441 = CARTESIAN_POINT ( 'NONE',  ( 2.264843749999999822, -2.561124706381987970, 0.7267374412856778543 ) ) ;
#2442 = CARTESIAN_POINT ( 'NONE',  ( -2.279687500000000089, -2.439555021865197126, 0.6455071750729695079 ) ) ;
#2443 = CIRCLE ( 'NONE', #1175, 0.1181102362204724116 ) ;
#2444 = ADVANCED_FACE ( 'NONE', ( #2137 ), #1718, .F. ) ;
#2445 = DIRECTION ( 'NONE',  ( 0.000000000000000000, 3.551402391763547114E-15, 1.000000000000000000 ) ) ;
#2446 = DIRECTION ( 'NONE',  ( 0.000000000000000000, 1.000000000000000000, 0.000000000000000000 ) ) ;
#2447 = CARTESIAN_POINT ( 'NONE',  ( 1.662282886008527472, -2.505399999999998961, 1.513651315789481755 ) ) ;
#2448 = VECTOR ( 'NONE', #1408, 39.37007874015748143 ) ;
#2449 = CARTESIAN_POINT ( 'NONE',  ( -3.140625000000000000, 0.01959999999999951711, 0.5156250000000000000 ) ) ;
#2450 = VECTOR ( 'NONE', #1020, 39.37007874015748143 ) ;
#2451 = DIRECTION ( 'NONE',  ( -1.000000000000000000, 0.000000000000000000, -4.370956789862821938E-15 ) ) ;
#2452 = ORIENTED_EDGE ( 'NONE', *, *, #2536, .T. ) ;
#2453 = VECTOR ( 'NONE', #2373, 39.37007874015748143 ) ;
#2454 = AXIS2_PLACEMENT_3D ( 'NONE', #1286, #470, #1315 ) ;
#2455 = ORIENTED_EDGE ( 'NONE', *, *, #2517, .T. ) ;
#2456 = DIRECTION ( 'NONE',  ( 0.000000000000000000, 1.000000000000000000, 0.000000000000000000 ) ) ;
#2457 = CARTESIAN_POINT ( 'NONE',  ( 3.140624999999998668, 0.1195999999999999980, 0.4062499999999997224 ) ) ;
#2458 = DIRECTION ( 'NONE',  ( 0.000000000000000000, 1.000000000000000000, 0.000000000000000000 ) ) ;
#2459 = FACE_OUTER_BOUND ( 'NONE', #2204, .T. ) ;
#2460 = AXIS2_PLACEMENT_3D ( 'NONE', #1995, #1305, #1732 ) ;
#2461 = DIRECTION ( 'NONE',  ( -0.000000000000000000, -0.000000000000000000, 1.000000000000000000 ) ) ;
#2462 = DIRECTION ( 'NONE',  ( -1.000000000000000000, 0.000000000000000000, 0.000000000000000000 ) ) ;
#2463 = DIRECTION ( 'NONE',  ( -1.365923996832132102E-16, 1.000000000000000000, 1.639108796198560298E-15 ) ) ;
#2464 = DIRECTION ( 'NONE',  ( 0.000000000000000000, 1.000000000000000000, 0.000000000000000000 ) ) ;
#2465 = EDGE_LOOP ( 'NONE', ( #2564, #222, #477, #1867 ) ) ;
#2466 = VERTEX_POINT ( 'NONE', #46 ) ;
#2467 = LINE ( 'NONE', #589, #2150 ) ;
#2468 = ORIENTED_EDGE ( 'NONE', *, *, #1883, .T. ) ;
#2469 = EDGE_CURVE ( 'NONE', #717, #1211, #1966, .T. ) ;
#2470 = PLANE ( 'NONE',  #1800 ) ;
#2471 = DIRECTION ( 'NONE',  ( 0.000000000000000000, 1.000000000000000000, 0.000000000000000000 ) ) ;
#2472 = EDGE_CURVE ( 'NONE', #588, #1490, #498, .T. ) ;
#2473 = AXIS2_PLACEMENT_3D ( 'NONE', #681, #1111, #71 ) ;
#2474 = CALENDAR_DATE ( 2026, 8, 7 ) ;
#2475 = CARTESIAN_POINT ( 'NONE',  ( -3.125734302049540503, 0.002973895367302357637, 0.5784471388873062558 ) ) ;
#2476 = CARTESIAN_POINT ( 'NONE',  ( 1.756640935476215803, -1.630399999999999627, 0.6406250000000051070 ) ) ;
#2477 = APPROVAL_PERSON_ORGANIZATION ( #208, #2326, #1251 ) ;
#2478 = CARTESIAN_POINT ( 'NONE',  ( -2.250000000000000444, -2.505399999999998961, 0.8656250000000085265 ) ) ;
#2479 = DIRECTION ( 'NONE',  ( -2.731847993664277517E-16, 0.000000000000000000, -1.000000000000000000 ) ) ;
#2480 = VERTEX_POINT ( 'NONE', #1550 ) ;
#2481 = ORIENTED_EDGE ( 'NONE', *, *, #238, .F. ) ;
#2482 = CARTESIAN_POINT ( 'NONE',  ( -2.596181090567001970, 0.01959999999999999243, -0.2812500000000000000 ) ) ;
#2483 = ORIENTED_EDGE ( 'NONE', *, *, #640, .F. ) ;
#2484 = ORIENTED_EDGE ( 'NONE', *, *, #507, .T. ) ;
#2485 = CARTESIAN_POINT ( 'NONE',  ( -5.507626507350124868E-16, -0.6054000000000016035, 0.6406250000000017764 ) ) ;
#2486 = CARTESIAN_POINT ( 'NONE',  ( 2.032734685476215386, -0.8553999999999989390, 0.7406249999999995337 ) ) ;
#2487 = CARTESIAN_POINT ( 'NONE',  ( -3.140624999999999112, 0.1195999999999999980, 0.5000000000000001110 ) ) ;
#2488 = CARTESIAN_POINT ( 'NONE',  ( -2.255972149734819077, -2.502086034934287717, 0.8327248506092307379 ) ) ;
#2489 = CIRCLE ( 'NONE', #961, 0.3125000000000000000 ) ;
#2490 = DIRECTION ( 'NONE',  ( 0.000000000000000000, 0.000000000000000000, 1.000000000000000000 ) ) ;
#2491 = ORIENTED_EDGE ( 'NONE', *, *, #1810, .T. ) ;
#2492 = AXIS2_PLACEMENT_3D ( 'NONE', #1418, #1823, #2418 ) ;
#2493 = ORIENTED_EDGE ( 'NONE', *, *, #1215, .T. ) ;
#2494 = DIRECTION ( 'NONE',  ( 1.000000000000000000, 0.000000000000000000, -2.731847993664277517E-16 ) ) ;
#2495 = VERTEX_POINT ( 'NONE', #2593 ) ;
#2496 = VECTOR ( 'NONE', #99, 39.37007874015748143 ) ;
#2497 = VERTEX_POINT ( 'NONE', #721 ) ;
#2498 = CARTESIAN_POINT ( 'NONE',  ( -2.255937500000000817, -2.501162872180103136, 0.8331708798183015130 ) ) ;
#2499 = DIRECTION ( 'NONE',  ( 1.000000000000000000, 0.000000000000000000, 0.000000000000000000 ) ) ;
#2500 = CARTESIAN_POINT ( 'NONE',  ( -3.127612907260479247, 0.006907531865337148032, 0.5711132266089428144 ) ) ;
#2501 = CARTESIAN_POINT ( 'NONE',  ( 3.096093749999998312, -0.1053999999999986614, 0.7406249999999996447 ) ) ;
#2502 = PLANE ( 'NONE',  #560 ) ;
#2503 = ORIENTED_EDGE ( 'NONE', *, *, #2079, .F. ) ;
#2504 = EDGE_CURVE ( 'NONE', #1044, #1105, #2599, .T. ) ;
#2505 = ORIENTED_EDGE ( 'NONE', *, *, #2045, .T. ) ;
#2506 = DIRECTION ( 'NONE',  ( 0.000000000000000000, 0.000000000000000000, 1.000000000000000000 ) ) ;
#2507 = ORIENTED_EDGE ( 'NONE', *, *, #1757, .F. ) ;
#2508 = ORIENTED_EDGE ( 'NONE', *, *, #1266, .F. ) ;
#2509 = CARTESIAN_POINT ( 'NONE',  ( 2.251497443934147746, -2.605399999999999050, 0.8507691299073398827 ) ) ;
#2510 = CARTESIAN_POINT ( 'NONE',  ( 1.332291259447422549, -1.880400000000000071, 0.6406250000000059952 ) ) ;
#2511 = DIRECTION ( 'NONE',  ( 0.000000000000000000, 0.000000000000000000, -1.000000000000000000 ) ) ;
#2512 = AXIS2_PLACEMENT_3D ( 'NONE', #1438, #17, #1700 ) ;
#2513 = CARTESIAN_POINT ( 'NONE',  ( -3.096093749999999201, -0.1053999999999998688, 0.6406249999999996669 ) ) ;
#2514 = AXIS2_PLACEMENT_3D ( 'NONE', #996, #981, #334 ) ;
#2515 = LINE ( 'NONE', #2152, #123 ) ;
#2516 = ORIENTED_EDGE ( 'NONE', *, *, #1330, .T. ) ;
#2517 = EDGE_CURVE ( 'NONE', #1720, #1638, #469, .T. ) ;
#2518 = PLANE ( 'NONE',  #1094 ) ;
#2519 = CARTESIAN_POINT ( 'NONE',  ( 2.596181090567001970, 0.1195999999999999980, -0.2812500000000009437 ) ) ;
#2520 = DIRECTION ( 'NONE',  ( -6.070773319253918263E-17, -3.502456781877057751E-15, -1.000000000000000000 ) ) ;
#2521 = EDGE_CURVE ( 'NONE', #2093, #855, #1201, .T. ) ;
#2522 = ORIENTED_EDGE ( 'NONE', *, *, #1107, .T. ) ;
#2523 = ORIENTED_EDGE ( 'NONE', *, *, #465, .F. ) ;
#2524 = ORIENTED_EDGE ( 'NONE', *, *, #292, .F. ) ;
#2525 = DIRECTION ( 'NONE',  ( -1.000000000000000000, -0.000000000000000000, 2.731847993664277517E-16 ) ) ;
#2526 = APPROVAL_ROLE ( '' ) ;
#2527 = CARTESIAN_POINT ( 'NONE',  ( 3.015625000000000444, 0.1195999999999999980, -0.1181102362204724116 ) ) ;
#2528 = DIRECTION ( 'NONE',  ( -0.000000000000000000, -0.000000000000000000, 1.000000000000000000 ) ) ;
#2529 = DIRECTION ( 'NONE',  ( -1.000000000000000000, 6.437728477207314526E-16, 6.070773319253692698E-17 ) ) ;
#2530 = ORIENTED_EDGE ( 'NONE', *, *, #1795, .F. ) ;
#2531 = CARTESIAN_POINT ( 'NONE',  ( -2.264871438343513343, -2.559133685591429064, 0.7281566502464085211 ) ) ;
#2532 = CIRCLE ( 'NONE', #1579, 0.1181102362204728279 ) ;
#2533 = CARTESIAN_POINT ( 'NONE',  ( 2.268236690765929708, -0.9392975893844592861, -0.2500000000000009992 ) ) ;
#2534 = CARTESIAN_POINT ( 'NONE',  ( -1.332291259447422993, -0.8554000000000002712, 0.6406250000000026645 ) ) ;
#2535 = ORIENTED_EDGE ( 'NONE', *, *, #501, .F. ) ;
#2536 = EDGE_CURVE ( 'NONE', #458, #953, #2242, .T. ) ;
#2537 = ORIENTED_EDGE ( 'NONE', *, *, #2340, .F. ) ;
#2538 = AXIS2_PLACEMENT_3D ( 'NONE', #789, #151, #2215 ) ;
#2539 = EDGE_LOOP ( 'NONE', ( #2483, #542, #2336, #447 ) ) ;
#2540 = CARTESIAN_POINT ( 'NONE',  ( 2.285625000000000018, -2.380400000000000293, 0.6406250000000085487 ) ) ;
#2541 = VECTOR ( 'NONE', #2222, 39.37007874015748143 ) ;
#2542 = PLANE ( 'NONE',  #564 ) ;
#2543 = DIRECTION ( 'NONE',  ( 0.000000000000000000, 0.000000000000000000, 1.000000000000000000 ) ) ;
#2544 = CARTESIAN_POINT ( 'NONE',  ( -1.171022479861161459E-15, -1.880400000000000960, 0.6406250000000061062 ) ) ;
#2545 = EDGE_LOOP ( 'NONE', ( #729, #160, #1022, #146 ) ) ;
#2546 = CARTESIAN_POINT ( 'NONE',  ( 2.285625000000000018, -2.380399999999998961, 0.8656250000000085265 ) ) ;
#2547 = DIRECTION ( 'NONE',  ( -0.3355903575378423320, 0.9420080211588557351, 0.000000000000000000 ) ) ;
#2548 = AXIS2_PLACEMENT_3D ( 'NONE', #1775, #1541, #2584 ) ;
#2549 = CARTESIAN_POINT ( 'NONE',  ( 1.937499999999999778, -2.605399999999999050, 1.247514763779535407 ) ) ;
#2550 = ORIENTED_EDGE ( 'NONE', *, *, #4, .F. ) ;
#2551 = VECTOR ( 'NONE', #1432, 39.37007874015748143 ) ;
#2552 = EDGE_LOOP ( 'NONE', ( #251, #2624, #1693, #544 ) ) ;
#2553 = CARTESIAN_POINT ( 'NONE',  ( 1.092238780267706488, -1.560580180180180632, 0.6406250000000000000 ) ) ;
#2554 = EDGE_CURVE ( 'NONE', #1852, #270, #114, .T. ) ;
#2555 = CARTESIAN_POINT ( 'NONE',  ( 3.125781249999997957, 0.002940774292044876729, 0.5780687173761874798 ) ) ;
#2556 = EDGE_CURVE ( 'NONE', #1553, #1456, #1171, .T. ) ;
#2557 = FACE_OUTER_BOUND ( 'NONE', #2040, .T. ) ;
#2558 = EDGE_LOOP ( 'NONE', ( #1196, #1708, #2248, #1123 ) ) ;
#2559 = AXIS2_PLACEMENT_3D ( 'NONE', #1318, #2196, #1743 ) ;
#2560 = CARTESIAN_POINT ( 'NONE',  ( 3.296875000000000000, 0.01959999999999999243, -0.2812500000000009437 ) ) ;
#2561 = EDGE_LOOP ( 'NONE', ( #666, #759, #2178, #1736 ) ) ;
#2562 = DIRECTION ( 'NONE',  ( 0.000000000000000000, 3.490694658571004776E-15, 1.000000000000000000 ) ) ;
#2563 = ORIENTED_EDGE ( 'NONE', *, *, #1592, .T. ) ;
#2564 = ORIENTED_EDGE ( 'NONE', *, *, #442, .F. ) ;
#2565 = CARTESIAN_POINT ( 'NONE',  ( 2.282645718290144288, -2.409956476618285492, 0.6420822285199646595 ) ) ;
#2566 = CARTESIAN_POINT ( 'NONE',  ( 3.114648437499997868, 0.03287301199435633398, 0.6955500395395903812 ) ) ;
#2567 = EDGE_CURVE ( 'NONE', #2415, #2090, #2630, .T. ) ;
#2568 = CARTESIAN_POINT ( 'NONE',  ( -3.114622190366437948, 0.03168123774828461581, 0.6946487552171795032 ) ) ;
#2569 = CARTESIAN_POINT ( 'NONE',  ( 1.756640935476215803, -1.880399999999999405, -0.2500000000000009992 ) ) ;
#2570 = CARTESIAN_POINT ( 'NONE',  ( -3.046875000000000444, 0.1195999999999999980, 0.000000000000000000 ) ) ;
#2571 = ORIENTED_EDGE ( 'NONE', *, *, #1940, .F. ) ;
#2572 = DIRECTION ( 'NONE',  ( -6.662942673733950341E-34, 1.000000000000000000, -1.097544303392439467E-17 ) ) ;
#2573 = ORIENTED_EDGE ( 'NONE', *, *, #846, .F. ) ;
#2574 = VECTOR ( 'NONE', #312, 39.37007874015748143 ) ;
#2575 = ORIENTED_EDGE ( 'NONE', *, *, #182, .T. ) ;
#2576 = CARTESIAN_POINT ( 'NONE',  ( 2.249999999999999556, -2.605399999999999050, 1.365625000000008082 ) ) ;
#2577 = AXIS2_PLACEMENT_3D ( 'NONE', #239, #1537, #1730 ) ;
#2578 = CIRCLE ( 'NONE', #1492, 0.3125000000000000000 ) ;
#2579 = DIRECTION ( 'NONE',  ( 0.000000000000000000, -1.000000000000000000, 0.000000000000000000 ) ) ;
#2580 = CARTESIAN_POINT ( 'NONE',  ( 3.046875000000000444, 0.1195999999999999980, -1.119403714845627541E-15 ) ) ;
#2581 = CARTESIAN_POINT ( 'NONE',  ( -2.780728898748658029, -0.9906346701792072551, 0.7406250000000031974 ) ) ;
#2582 = VERTEX_POINT ( 'NONE', #129 ) ;
#2583 = EDGE_CURVE ( 'NONE', #1086, #2012, #319, .T. ) ;
#2584 = DIRECTION ( 'NONE',  ( 1.000000000000000000, 0.000000000000000000, 0.000000000000000000 ) ) ;
#2585 = CYLINDRICAL_SURFACE ( 'NONE', #258, 0.2812499999999998890 ) ;
#2586 = DIRECTION ( 'NONE',  ( 0.000000000000000000, 0.000000000000000000, -1.000000000000000000 ) ) ;
#2587 = ORIENTED_EDGE ( 'NONE', *, *, #1625, .F. ) ;
#2588 = EDGE_CURVE ( 'NONE', #1456, #1490, #538, .T. ) ;
#2589 = EDGE_LOOP ( 'NONE', ( #885, #2595, #2319, #310 ) ) ;
#2590 = CARTESIAN_POINT ( 'NONE',  ( -3.136913403883875073, 0.1195999999999994706, 0.5450826583364459799 ) ) ;
#2591 = CARTESIAN_POINT ( 'NONE',  ( 2.264843749999999822, -2.480358355299772111, 0.7888066600031442555 ) ) ;
#2592 = DIRECTION ( 'NONE',  ( -1.000000000000000000, 0.000000000000000000, 0.000000000000000000 ) ) ;
#2593 = CARTESIAN_POINT ( 'NONE',  ( -1.937499999999999778, -2.605399999999999050, 1.247514763779535629 ) ) ;
#2594 = DIRECTION ( 'NONE',  ( 0.000000000000000000, 0.000000000000000000, 1.000000000000000000 ) ) ;
#2595 = ORIENTED_EDGE ( 'NONE', *, *, #1674, .F. ) ;
#2596 = CARTESIAN_POINT ( 'NONE',  ( -1.937499999999999778, -2.605399999999999050, 0.8656250000000087486 ) ) ;
#2597 = DIRECTION ( 'NONE',  ( 0.000000000000000000, 0.000000000000000000, -1.000000000000000000 ) ) ;
#2598 = ORIENTED_EDGE ( 'NONE', *, *, #360, .T. ) ;
#2599 = CIRCLE ( 'NONE', #900, 0.2500000000000000555 ) ;
#2600 = ORIENTED_EDGE ( 'NONE', *, *, #556, .T. ) ;
#2601 = ADVANCED_FACE ( 'NONE', ( #2035 ), #1813, .F. ) ;
#2602 = CARTESIAN_POINT ( 'NONE',  ( -3.136913426384094095, 0.01858999999999948888, 0.5318580343781148523 ) ) ;
#2603 = CARTESIAN_POINT ( 'NONE',  ( 2.249999999999999556, -2.606399999999998940, 0.8656250000000079714 ) ) ;
#2604 = CARTESIAN_POINT ( 'NONE',  ( -2.285625000000000462, -2.380400000000000293, 0.6406250000000085487 ) ) ;
#2605 = DIRECTION ( 'NONE',  ( -0.000000000000000000, -0.000000000000000000, 1.000000000000000000 ) ) ;
#2606 = DIRECTION ( 'NONE',  ( 0.000000000000000000, 1.000000000000000000, 0.000000000000000000 ) ) ;
#2607 = CARTESIAN_POINT ( 'NONE',  ( -2.268236690765929708, -0.9392975893844600632, 0.7406249999999995337 ) ) ;
#2608 = DIRECTION ( 'NONE',  ( 0.000000000000000000, 0.000000000000000000, 1.000000000000000000 ) ) ;
#2609 = ORIENTED_EDGE ( 'NONE', *, *, #782, .T. ) ;
#2610 = ORIENTED_EDGE ( 'NONE', *, *, #1416, .F. ) ;
#2611 = DIRECTION ( 'NONE',  ( 0.000000000000000000, 1.000000000000000000, -3.502456781877057751E-15 ) ) ;
#2612 = AXIS2_PLACEMENT_3D ( 'NONE', #787, #993, #662 ) ;
#2613 = CARTESIAN_POINT ( 'NONE',  ( 2.270781249999999751, -2.457218339996863676, 0.7656666447002362652 ) ) ;
#2614 = AXIS2_PLACEMENT_3D ( 'NONE', #2476, #2228, #363 ) ;
#2615 = CARTESIAN_POINT ( 'NONE',  ( -2.255937500000000817, -2.599543852250369103, 0.8067317260191707584 ) ) ;
#2616 = ORIENTED_EDGE ( 'NONE', *, *, #121, .T. ) ;
#2617 = CARTESIAN_POINT ( 'NONE',  ( 1.332291259447422105, -0.6053999999999998272, -0.2500000000000009992 ) ) ;
#2618 = CARTESIAN_POINT ( 'NONE',  ( 1.937499999999999778, -2.505399999999998961, 1.678125000000008304 ) ) ;
#2619 = AXIS2_PLACEMENT_3D ( 'NONE', #826, #1032, #1429 ) ;
#2620 = DIRECTION ( 'NONE',  ( 0.000000000000000000, 0.000000000000000000, 1.000000000000000000 ) ) ;
#2621 = CARTESIAN_POINT ( 'NONE',  ( -1.332291259447422993, -0.6054000000000002712, 0.7406249999999995337 ) ) ;
#2622 = ORIENTED_EDGE ( 'NONE', *, *, #206, .F. ) ;
#2623 = B_SPLINE_SURFACE_WITH_KNOTS ( 'NONE', 1, 3, ( 
 ( #2603, #2202, #924, #2213, #2441, #1376, #719, #100, #316, #2417 ),
 ( #1796, #1185, #1147, #1349, #1365, #1769, #2185, #2427, #938, #1781 ),
 ( #2404, #547, #2642, #1388, #2591, #2613, #332, #1587, #305, #139 ),
 ( #1822, #1157, #1169, #1610, #734, #1574, #2001, #2223, #1562, #2014 ) ),
 .UNSPECIFIED., .F., .F., .F.,
 ( 2, 1, 1, 2 ),
 ( 4, 2, 2, 2, 4 ),
 ( -0.01000000000000000021, 0.000000000000000000, 1.000000000000000000, 1.010099999999999998 ),
 ( 0.000000000000000000, 0.2500000000000000000, 0.5000000000000000000, 0.7500000000000000000, 1.000000000000000000 ),
 .UNSPECIFIED. ) ;
#2624 = ORIENTED_EDGE ( 'NONE', *, *, #926, .T. ) ;
#2625 = FACE_OUTER_BOUND ( 'NONE', #1787, .T. ) ;
#2626 = CARTESIAN_POINT ( 'NONE',  ( 1.092238780267706488, -0.9252198198198203771, -0.2500000000000009992 ) ) ;
#2627 = DIRECTION ( 'NONE',  ( 0.000000000000000000, -0.000000000000000000, 1.000000000000000000 ) ) ;
#2628 = EDGE_CURVE ( 'NONE', #1023, #1958, #2430, .T. ) ;
#2629 = EDGE_CURVE ( 'NONE', #2170, #1958, #2047, .T. ) ;
#2630 = LINE ( 'NONE', #2645, #2046 ) ;
#2631 = CARTESIAN_POINT ( 'NONE',  ( 1.937499999999999778, -2.605399999999999050, 1.365625000000008082 ) ) ;
#2632 = EDGE_CURVE ( 'NONE', #393, #38, #1378, .T. ) ;
#2633 = CARTESIAN_POINT ( 'NONE',  ( -1.092238780267707154, -0.9252198198198201551, 0.6406250000000000000 ) ) ;
#2634 = EDGE_CURVE ( 'NONE', #1374, #1925, #1160, .T. ) ;
#2635 = DIRECTION ( 'NONE',  ( 1.000000000000000000, 0.000000000000000000, 0.000000000000000000 ) ) ;
#2636 = CARTESIAN_POINT ( 'NONE',  ( 1.756640935476215803, -1.880399999999999405, 0.7406249999999995337 ) ) ;
#2637 = ORIENTED_EDGE ( 'NONE', *, *, #2628, .F. ) ;
#2638 = ORIENTED_EDGE ( 'NONE', *, *, #778, .T. ) ;
#2639 = CARTESIAN_POINT ( 'NONE',  ( -3.046875000000000444, 0.01959999999999999243, 0.000000000000000000 ) ) ;
#2640 = VECTOR ( 'NONE', #2463, 39.37007874015748143 ) ;
#2641 = EDGE_CURVE ( 'NONE', #973, #1207, #141, .T. ) ;
#2642 = CARTESIAN_POINT ( 'NONE',  ( 2.255937499999999929, -2.502146584583538225, 0.8329065144550983346 ) ) ;
#2643 = CIRCLE ( 'NONE', #1520, 0.3125000000000000000 ) ;
#2644 = CARTESIAN_POINT ( 'NONE',  ( -9.163073478748884727E-17, -1.242900000000000338, 0.7406249999999995337 ) ) ;
#2645 = CARTESIAN_POINT ( 'NONE',  ( -2.249999999999999556, -2.605399999999999050, 1.365625000000008749 ) ) ;
#2646 = FACE_OUTER_BOUND ( 'NONE', #2281, .T. ) ;
#2647 = EDGE_CURVE ( 'NONE', #64, #1651, #990, .T. ) ;
#2648 = DIRECTION ( 'NONE',  ( -6.662942673733950341E-34, 1.000000000000000000, -1.097544303392439467E-17 ) ) ;
#2649 = DIRECTION ( 'NONE',  ( -0.000000000000000000, -0.000000000000000000, 1.000000000000000000 ) ) ;
#2650 = DIRECTION ( 'NONE',  ( -1.000000000000000000, -0.000000000000000000, 2.731847993664277517E-16 ) ) ;
#2651 = ORIENTED_EDGE ( 'NONE', *, *, #2286, .F. ) ;
#2652 = ORIENTED_EDGE ( 'NONE', *, *, #1795, .T. ) ;
#2653 = CARTESIAN_POINT ( 'NONE',  ( -0.6375000000000002887, -1.242900000000000338, 0.6406250000000038858 ) ) ;
#2654 = DIRECTION ( 'NONE',  ( -0.000000000000000000, -0.000000000000000000, 1.000000000000000000 ) ) ;
#2655 = CARTESIAN_POINT ( 'NONE',  ( -2.282655720009366895, -2.409988611611098452, 0.6396250000000087699 ) ) ;
#2656 = AXIS2_PLACEMENT_3D ( 'NONE', #2534, #702, #2362 ) ;
#2657 = VECTOR ( 'NONE', #1542, 39.37007874015748143 ) ;
#2658 = CARTESIAN_POINT ( 'NONE',  ( -9.163073478748884727E-17, -1.242900000000000338, -0.2500000000000009992 ) ) ;
#2659 = LINE ( 'NONE', #982, #1313 ) ;
#2660 = DIRECTION ( 'NONE',  ( 1.000000000000000000, 0.000000000000000000, -2.731847993664277517E-16 ) ) ;
#2661 = AXIS2_PLACEMENT_3D ( 'NONE', #548, #1200, #1213 ) ;
#2662 = EDGE_CURVE ( 'NONE', #1735, #1239, #2174, .T. ) ;
#2663 = CARTESIAN_POINT ( 'NONE',  ( 2.255923479690789435, -2.501419251703298929, 0.8332896711697567182 ) ) ;
#2664 = AXIS2_PLACEMENT_3D ( 'NONE', #329, #1197, #1609 ) ;
#2665 = DIRECTION ( 'NONE',  ( -6.070773319253918263E-17, -3.502456781877057751E-15, -1.000000000000000000 ) ) ;
#2666 = EDGE_LOOP ( 'NONE', ( #24, #890, #2276, #392 ) ) ;
#2667 = ADVANCED_FACE ( 'NONE', ( #775 ), #1840, .F. ) ;
#2668 = ORIENTED_EDGE ( 'NONE', *, *, #648, .F. ) ;
#2669 = CARTESIAN_POINT ( 'NONE',  ( 3.078125000000000000, 0.1195999999999999980, -0.1181102362204724532 ) ) ;
#2670 = ADVANCED_FACE ( 'NONE', ( #566 ), #1406, .T. ) ;
#2671 = ORIENTED_EDGE ( 'NONE', *, *, #1510, .F. ) ;
#2672 = DIRECTION ( 'NONE',  ( 0.7071067811865514585, 0.000000000000000000, -0.7071067811865433539 ) ) ;
#2673 = DIRECTION ( 'NONE',  ( -0.000000000000000000, -0.000000000000000000, 1.000000000000000000 ) ) ;
#2674 = PERSON_AND_ORGANIZATION_ROLE ( 'creator' ) ;
#2675 = DIRECTION ( 'NONE',  ( -1.000000000000000000, 0.000000000000000000, 9.655988143861207629E-17 ) ) ;
#2676 = FACE_OUTER_BOUND ( 'NONE', #2386, .T. ) ;
#2677 = DIRECTION ( 'NONE',  ( 0.000000000000000000, 0.000000000000000000, 1.000000000000000000 ) ) ;
#2678 = LINE ( 'NONE', #2299, #210 ) ;
#2679 = VERTEX_POINT ( 'NONE', #1630 ) ;
#2680 = ORIENTED_EDGE ( 'NONE', *, *, #2521, .F. ) ;
#2681 = DIRECTION ( 'NONE',  ( 0.000000000000000000, 1.000000000000000000, 0.000000000000000000 ) ) ;
#2682 = ORIENTED_EDGE ( 'NONE', *, *, #510, .T. ) ;
#2683 = ORIENTED_EDGE ( 'NONE', *, *, #1757, .T. ) ;
#2684 = ADVANCED_FACE ( 'NONE', ( #2459 ), #582, .F. ) ;
#2685 = CARTESIAN_POINT ( 'NONE',  ( -2.270781250000000639, -2.456597647809688922, 0.7664743082110583305 ) ) ;
#2686 = VECTOR ( 'NONE', #1124, 39.37007874015748143 ) ;
#2687 = CARTESIAN_POINT ( 'NONE',  ( -0.6375000000000002887, -1.242900000000000338, 0.7406249999999995337 ) ) ;
#2688 = DIRECTION ( 'NONE',  ( 0.000000000000000000, 0.000000000000000000, 1.000000000000000000 ) ) ;
#2689 = DIRECTION ( 'NONE',  ( -0.000000000000000000, -1.000000000000000000, -0.000000000000000000 ) ) ;
#2690 = CARTESIAN_POINT ( 'NONE',  ( -1.937499999999999778, -2.505399999999998961, 1.678125000000008527 ) ) ;
#2691 = DIRECTION ( 'NONE',  ( 0.3355903575378418324, -0.9420080211588559571, 0.000000000000000000 ) ) ;
#2692 = ORIENTED_EDGE ( 'NONE', *, *, #72, .T. ) ;
#2693 = ORIENTED_EDGE ( 'NONE', *, *, #2385, .F. ) ;
#2694 = CARTESIAN_POINT ( 'NONE',  ( 1.937499999999999778, -2.605399999999999050, 1.483735236220480980 ) ) ;
#2695 = ORIENTED_EDGE ( 'NONE', *, *, #1294, .F. ) ;
#2696 = DIRECTION ( 'NONE',  ( -0.000000000000000000, -0.000000000000000000, 1.000000000000000000 ) ) ;
#2697 = DIRECTION ( 'NONE',  ( 0.000000000000000000, 0.000000000000000000, 1.000000000000000000 ) ) ;
#2698 = AXIS2_PLACEMENT_3D ( 'NONE', #1126, #283, #2348 ) ;
#2699 = VECTOR ( 'NONE', #254, 39.37007874015748143 ) ;
#2700 = CARTESIAN_POINT ( 'NONE',  ( -3.078125000000000000, 0.1195999999999999980, 0.000000000000000000 ) ) ;
#2701 = VECTOR ( 'NONE', #672, 39.37007874015748143 ) ;
#2702 = DIRECTION ( 'NONE',  ( -0.9420080211588559571, -0.3355903575378418324, 0.000000000000000000 ) ) ;
#2703 = CIRCLE ( 'NONE', #1399, 0.2500000000000000000 ) ;
#2704 = VERTEX_POINT ( 'NONE', #2510 ) ;
#2705 = AXIS2_PLACEMENT_3D ( 'NONE', #867, #268, #2562 ) ;
#2706 = ORIENTED_EDGE ( 'NONE', *, *, #625, .F. ) ;
#2707 = DIRECTION ( 'NONE',  ( -6.662942673733950341E-34, 1.000000000000000000, -1.097544303392439467E-17 ) ) ;
#2708 = ORIENTED_EDGE ( 'NONE', *, *, #2397, .T. ) ;
#2709 = AXIS2_PLACEMENT_3D ( 'NONE', #187, #2665, #838 ) ;
#2710 = VERTEX_POINT ( 'NONE', #2687 ) ;
#2711 = CARTESIAN_POINT ( 'NONE',  ( -2.273750000000000160, -2.442843717376187218, 0.7572842257079643868 ) ) ;
#2712 = PERSON_AND_ORGANIZATION_ROLE ( 'design_supplier' ) ;
ENDSEC;
END-ISO-10303-21;
