ISO-10303-21;
HEADER;
/* Generated by software containing ST-Developer
 * from STEP Tools, Inc. (www.steptools.com) 
 */

FILE_DESCRIPTION(
/* description */ (''),
/* implementation_level */ '2;1');

FILE_NAME(
/* name */ 'Phone Holder.step',
/* time_stamp */ '2026-04-18T14:54:39-07:00',
/* author */ (''),
/* organization */ (''),
/* preprocessor_version */ 'ST-DEVELOPER v20.1',
/* originating_system */ 'Autodesk Translation Framework v15.8.0.0',
/* authorisation */ '');

FILE_SCHEMA (('AUTOMOTIVE_DESIGN { 1 0 10303 214 3 1 1 }'));
ENDSEC;

DATA;
#10=MECHANICAL_DESIGN_GEOMETRIC_PRESENTATION_REPRESENTATION('',(#17),#2931);
#11=ITEM_DEFINED_TRANSFORMATION($,$,#1711,#1900);
#12=(
REPRESENTATION_RELATIONSHIP($,$,#2942,#2941)
REPRESENTATION_RELATIONSHIP_WITH_TRANSFORMATION(#11)
SHAPE_REPRESENTATION_RELATIONSHIP()
);
#13=CONTEXT_DEPENDENT_SHAPE_REPRESENTATION(#12,#2940);
#14=NEXT_ASSEMBLY_USAGE_OCCURRENCE('Phone Holder:1','Phone Holder:1',
'Phone Holder:1',#2944,#2945,'Phone Holder:1');
#15=SHAPE_REPRESENTATION_RELATIONSHIP('SRR','None',#2942,#16);
#16=ADVANCED_BREP_SHAPE_REPRESENTATION('',(#18),#2930);
#17=STYLED_ITEM('',(#2956),#18);
#18=MANIFOLD_SOLID_BREP('Body1',#1697);
#19=FACE_BOUND('',#275,.T.);
#20=FACE_BOUND('',#276,.T.);
#21=FACE_BOUND('',#285,.T.);
#22=FACE_BOUND('',#288,.T.);
#23=FACE_BOUND('',#289,.T.);
#24=FACE_BOUND('',#292,.T.);
#25=SPHERICAL_SURFACE('',#1741,0.1);
#26=SPHERICAL_SURFACE('',#1747,0.0999999999999996);
#27=SPHERICAL_SURFACE('',#1754,0.0999999999999996);
#28=SPHERICAL_SURFACE('',#1760,0.1);
#29=SPHERICAL_SURFACE('',#1772,0.0999999999999996);
#30=SPHERICAL_SURFACE('',#1778,0.1);
#31=SPHERICAL_SURFACE('',#1784,0.1);
#32=SPHERICAL_SURFACE('',#1791,0.0999999999999996);
#33=SPHERICAL_SURFACE('',#1803,0.1);
#34=SPHERICAL_SURFACE('',#1809,0.1);
#35=SPHERICAL_SURFACE('',#1816,0.1);
#36=SPHERICAL_SURFACE('',#1822,0.1);
#37=SPHERICAL_SURFACE('',#1834,0.1);
#38=SPHERICAL_SURFACE('',#1840,0.1);
#39=SPHERICAL_SURFACE('',#1846,0.1);
#40=SPHERICAL_SURFACE('',#1853,0.1);
#41=PLANE('',#1715);
#42=PLANE('',#1716);
#43=PLANE('',#1720);
#44=PLANE('',#1721);
#45=PLANE('',#1725);
#46=PLANE('',#1726);
#47=PLANE('',#1730);
#48=PLANE('',#1736);
#49=PLANE('',#1737);
#50=PLANE('',#1769);
#51=PLANE('',#1770);
#52=PLANE('',#1771);
#53=PLANE('',#1800);
#54=PLANE('',#1801);
#55=PLANE('',#1802);
#56=PLANE('',#1831);
#57=PLANE('',#1832);
#58=PLANE('',#1833);
#59=PLANE('',#1862);
#60=PLANE('',#1863);
#61=PLANE('',#1864);
#62=PLANE('',#1865);
#63=PLANE('',#1866);
#64=PLANE('',#1867);
#65=PLANE('',#1868);
#66=PLANE('',#1869);
#67=PLANE('',#1870);
#68=PLANE('',#1871);
#69=PLANE('',#1872);
#70=PLANE('',#1873);
#71=PLANE('',#1874);
#72=PLANE('',#1875);
#73=PLANE('',#1879);
#74=PLANE('',#1880);
#75=PLANE('',#1881);
#76=PLANE('',#1882);
#77=PLANE('',#1883);
#78=PLANE('',#1887);
#79=PLANE('',#1891);
#80=PLANE('',#1892);
#81=PLANE('',#1895);
#82=PLANE('',#1898);
#83=PLANE('',#1899);
#84=FACE_OUTER_BOUND('',#186,.T.);
#85=FACE_OUTER_BOUND('',#187,.T.);
#86=FACE_OUTER_BOUND('',#188,.T.);
#87=FACE_OUTER_BOUND('',#189,.T.);
#88=FACE_OUTER_BOUND('',#190,.T.);
#89=FACE_OUTER_BOUND('',#191,.T.);
#90=FACE_OUTER_BOUND('',#192,.T.);
#91=FACE_OUTER_BOUND('',#193,.T.);
#92=FACE_OUTER_BOUND('',#194,.T.);
#93=FACE_OUTER_BOUND('',#195,.T.);
#94=FACE_OUTER_BOUND('',#196,.T.);
#95=FACE_OUTER_BOUND('',#197,.T.);
#96=FACE_OUTER_BOUND('',#198,.T.);
#97=FACE_OUTER_BOUND('',#199,.T.);
#98=FACE_OUTER_BOUND('',#200,.T.);
#99=FACE_OUTER_BOUND('',#201,.T.);
#100=FACE_OUTER_BOUND('',#202,.T.);
#101=FACE_OUTER_BOUND('',#203,.T.);
#102=FACE_OUTER_BOUND('',#204,.T.);
#103=FACE_OUTER_BOUND('',#205,.T.);
#104=FACE_OUTER_BOUND('',#206,.T.);
#105=FACE_OUTER_BOUND('',#207,.T.);
#106=FACE_OUTER_BOUND('',#208,.T.);
#107=FACE_OUTER_BOUND('',#209,.T.);
#108=FACE_OUTER_BOUND('',#210,.T.);
#109=FACE_OUTER_BOUND('',#211,.T.);
#110=FACE_OUTER_BOUND('',#212,.T.);
#111=FACE_OUTER_BOUND('',#213,.T.);
#112=FACE_OUTER_BOUND('',#214,.T.);
#113=FACE_OUTER_BOUND('',#215,.T.);
#114=FACE_OUTER_BOUND('',#216,.T.);
#115=FACE_OUTER_BOUND('',#217,.T.);
#116=FACE_OUTER_BOUND('',#218,.T.);
#117=FACE_OUTER_BOUND('',#219,.T.);
#118=FACE_OUTER_BOUND('',#220,.T.);
#119=FACE_OUTER_BOUND('',#221,.T.);
#120=FACE_OUTER_BOUND('',#222,.T.);
#121=FACE_OUTER_BOUND('',#223,.T.);
#122=FACE_OUTER_BOUND('',#224,.T.);
#123=FACE_OUTER_BOUND('',#225,.T.);
#124=FACE_OUTER_BOUND('',#226,.T.);
#125=FACE_OUTER_BOUND('',#227,.T.);
#126=FACE_OUTER_BOUND('',#228,.T.);
#127=FACE_OUTER_BOUND('',#229,.T.);
#128=FACE_OUTER_BOUND('',#230,.T.);
#129=FACE_OUTER_BOUND('',#231,.T.);
#130=FACE_OUTER_BOUND('',#232,.T.);
#131=FACE_OUTER_BOUND('',#233,.T.);
#132=FACE_OUTER_BOUND('',#234,.T.);
#133=FACE_OUTER_BOUND('',#235,.T.);
#134=FACE_OUTER_BOUND('',#236,.T.);
#135=FACE_OUTER_BOUND('',#237,.T.);
#136=FACE_OUTER_BOUND('',#238,.T.);
#137=FACE_OUTER_BOUND('',#239,.T.);
#138=FACE_OUTER_BOUND('',#240,.T.);
#139=FACE_OUTER_BOUND('',#241,.T.);
#140=FACE_OUTER_BOUND('',#242,.T.);
#141=FACE_OUTER_BOUND('',#243,.T.);
#142=FACE_OUTER_BOUND('',#244,.T.);
#143=FACE_OUTER_BOUND('',#245,.T.);
#144=FACE_OUTER_BOUND('',#246,.T.);
#145=FACE_OUTER_BOUND('',#247,.T.);
#146=FACE_OUTER_BOUND('',#248,.T.);
#147=FACE_OUTER_BOUND('',#249,.T.);
#148=FACE_OUTER_BOUND('',#250,.T.);
#149=FACE_OUTER_BOUND('',#251,.T.);
#150=FACE_OUTER_BOUND('',#252,.T.);
#151=FACE_OUTER_BOUND('',#253,.T.);
#152=FACE_OUTER_BOUND('',#254,.T.);
#153=FACE_OUTER_BOUND('',#255,.T.);
#154=FACE_OUTER_BOUND('',#256,.T.);
#155=FACE_OUTER_BOUND('',#257,.T.);
#156=FACE_OUTER_BOUND('',#258,.T.);
#157=FACE_OUTER_BOUND('',#259,.T.);
#158=FACE_OUTER_BOUND('',#260,.T.);
#159=FACE_OUTER_BOUND('',#261,.T.);
#160=FACE_OUTER_BOUND('',#262,.T.);
#161=FACE_OUTER_BOUND('',#263,.T.);
#162=FACE_OUTER_BOUND('',#264,.T.);
#163=FACE_OUTER_BOUND('',#265,.T.);
#164=FACE_OUTER_BOUND('',#266,.T.);
#165=FACE_OUTER_BOUND('',#267,.T.);
#166=FACE_OUTER_BOUND('',#268,.T.);
#167=FACE_OUTER_BOUND('',#269,.T.);
#168=FACE_OUTER_BOUND('',#270,.T.);
#169=FACE_OUTER_BOUND('',#271,.T.);
#170=FACE_OUTER_BOUND('',#272,.T.);
#171=FACE_OUTER_BOUND('',#273,.T.);
#172=FACE_OUTER_BOUND('',#274,.T.);
#173=FACE_OUTER_BOUND('',#277,.T.);
#174=FACE_OUTER_BOUND('',#278,.T.);
#175=FACE_OUTER_BOUND('',#279,.T.);
#176=FACE_OUTER_BOUND('',#280,.T.);
#177=FACE_OUTER_BOUND('',#281,.T.);
#178=FACE_OUTER_BOUND('',#282,.T.);
#179=FACE_OUTER_BOUND('',#283,.T.);
#180=FACE_OUTER_BOUND('',#284,.T.);
#181=FACE_OUTER_BOUND('',#286,.T.);
#182=FACE_OUTER_BOUND('',#287,.T.);
#183=FACE_OUTER_BOUND('',#290,.T.);
#184=FACE_OUTER_BOUND('',#291,.T.);
#185=FACE_OUTER_BOUND('',#293,.T.);
#186=EDGE_LOOP('',(#1072,#1073,#1074,#1075));
#187=EDGE_LOOP('',(#1076,#1077,#1078,#1079));
#188=EDGE_LOOP('',(#1080,#1081,#1082,#1083,#1084,#1085));
#189=EDGE_LOOP('',(#1086,#1087,#1088,#1089));
#190=EDGE_LOOP('',(#1090,#1091,#1092,#1093,#1094,#1095));
#191=EDGE_LOOP('',(#1096,#1097,#1098,#1099,#1100,#1101,#1102,#1103));
#192=EDGE_LOOP('',(#1104,#1105,#1106,#1107));
#193=EDGE_LOOP('',(#1108,#1109,#1110,#1111,#1112,#1113,#1114,#1115));
#194=EDGE_LOOP('',(#1116,#1117,#1118,#1119,#1120,#1121));
#195=EDGE_LOOP('',(#1122,#1123,#1124,#1125));
#196=EDGE_LOOP('',(#1126,#1127,#1128,#1129,#1130,#1131,#1132,#1133,#1134,
#1135,#1136,#1137,#1138,#1139));
#197=EDGE_LOOP('',(#1140,#1141,#1142,#1143));
#198=EDGE_LOOP('',(#1144,#1145,#1146,#1147));
#199=EDGE_LOOP('',(#1148,#1149,#1150,#1151,#1152,#1153));
#200=EDGE_LOOP('',(#1154,#1155,#1156,#1157));
#201=EDGE_LOOP('',(#1158,#1159,#1160));
#202=EDGE_LOOP('',(#1161,#1162,#1163,#1164));
#203=EDGE_LOOP('',(#1165,#1166,#1167));
#204=EDGE_LOOP('',(#1168,#1169,#1170,#1171));
#205=EDGE_LOOP('',(#1172,#1173,#1174,#1175));
#206=EDGE_LOOP('',(#1176,#1177,#1178));
#207=EDGE_LOOP('',(#1179,#1180,#1181,#1182));
#208=EDGE_LOOP('',(#1183,#1184,#1185));
#209=EDGE_LOOP('',(#1186,#1187,#1188,#1189));
#210=EDGE_LOOP('',(#1190,#1191,#1192,#1193));
#211=EDGE_LOOP('',(#1194,#1195,#1196,#1197));
#212=EDGE_LOOP('',(#1198,#1199,#1200,#1201));
#213=EDGE_LOOP('',(#1202,#1203,#1204,#1205));
#214=EDGE_LOOP('',(#1206,#1207,#1208,#1209));
#215=EDGE_LOOP('',(#1210,#1211,#1212,#1213));
#216=EDGE_LOOP('',(#1214,#1215,#1216));
#217=EDGE_LOOP('',(#1217,#1218,#1219,#1220));
#218=EDGE_LOOP('',(#1221,#1222,#1223));
#219=EDGE_LOOP('',(#1224,#1225,#1226,#1227));
#220=EDGE_LOOP('',(#1228,#1229,#1230));
#221=EDGE_LOOP('',(#1231,#1232,#1233,#1234));
#222=EDGE_LOOP('',(#1235,#1236,#1237,#1238));
#223=EDGE_LOOP('',(#1239,#1240,#1241));
#224=EDGE_LOOP('',(#1242,#1243,#1244,#1245));
#225=EDGE_LOOP('',(#1246,#1247,#1248,#1249));
#226=EDGE_LOOP('',(#1250,#1251,#1252,#1253));
#227=EDGE_LOOP('',(#1254,#1255,#1256,#1257));
#228=EDGE_LOOP('',(#1258,#1259,#1260,#1261));
#229=EDGE_LOOP('',(#1262,#1263,#1264,#1265));
#230=EDGE_LOOP('',(#1266,#1267,#1268,#1269));
#231=EDGE_LOOP('',(#1270,#1271,#1272));
#232=EDGE_LOOP('',(#1273,#1274,#1275,#1276));
#233=EDGE_LOOP('',(#1277,#1278,#1279));
#234=EDGE_LOOP('',(#1280,#1281,#1282,#1283));
#235=EDGE_LOOP('',(#1284,#1285,#1286,#1287));
#236=EDGE_LOOP('',(#1288,#1289,#1290));
#237=EDGE_LOOP('',(#1291,#1292,#1293,#1294));
#238=EDGE_LOOP('',(#1295,#1296,#1297));
#239=EDGE_LOOP('',(#1298,#1299,#1300,#1301));
#240=EDGE_LOOP('',(#1302,#1303,#1304,#1305));
#241=EDGE_LOOP('',(#1306,#1307,#1308,#1309));
#242=EDGE_LOOP('',(#1310,#1311,#1312,#1313));
#243=EDGE_LOOP('',(#1314,#1315,#1316,#1317));
#244=EDGE_LOOP('',(#1318,#1319,#1320,#1321));
#245=EDGE_LOOP('',(#1322,#1323,#1324,#1325));
#246=EDGE_LOOP('',(#1326,#1327,#1328));
#247=EDGE_LOOP('',(#1329,#1330,#1331,#1332));
#248=EDGE_LOOP('',(#1333,#1334,#1335));
#249=EDGE_LOOP('',(#1336,#1337,#1338,#1339));
#250=EDGE_LOOP('',(#1340,#1341,#1342));
#251=EDGE_LOOP('',(#1343,#1344,#1345,#1346));
#252=EDGE_LOOP('',(#1347,#1348,#1349,#1350));
#253=EDGE_LOOP('',(#1351,#1352,#1353));
#254=EDGE_LOOP('',(#1354,#1355,#1356,#1357));
#255=EDGE_LOOP('',(#1358,#1359,#1360,#1361));
#256=EDGE_LOOP('',(#1362,#1363,#1364,#1365));
#257=EDGE_LOOP('',(#1366,#1367,#1368,#1369));
#258=EDGE_LOOP('',(#1370,#1371,#1372,#1373));
#259=EDGE_LOOP('',(#1374,#1375,#1376,#1377));
#260=EDGE_LOOP('',(#1378,#1379,#1380,#1381));
#261=EDGE_LOOP('',(#1382,#1383,#1384,#1385));
#262=EDGE_LOOP('',(#1386,#1387,#1388,#1389));
#263=EDGE_LOOP('',(#1390,#1391,#1392,#1393));
#264=EDGE_LOOP('',(#1394,#1395,#1396,#1397));
#265=EDGE_LOOP('',(#1398,#1399,#1400,#1401));
#266=EDGE_LOOP('',(#1402,#1403,#1404,#1405));
#267=EDGE_LOOP('',(#1406,#1407,#1408,#1409));
#268=EDGE_LOOP('',(#1410,#1411,#1412,#1413));
#269=EDGE_LOOP('',(#1414,#1415,#1416,#1417));
#270=EDGE_LOOP('',(#1418,#1419,#1420,#1421));
#271=EDGE_LOOP('',(#1422,#1423,#1424,#1425,#1426,#1427,#1428,#1429));
#272=EDGE_LOOP('',(#1430,#1431,#1432,#1433));
#273=EDGE_LOOP('',(#1434,#1435,#1436,#1437,#1438,#1439,#1440,#1441));
#274=EDGE_LOOP('',(#1442,#1443,#1444,#1445));
#275=EDGE_LOOP('',(#1446,#1447,#1448,#1449,#1450,#1451,#1452,#1453));
#276=EDGE_LOOP('',(#1454,#1455,#1456,#1457,#1458,#1459,#1460,#1461));
#277=EDGE_LOOP('',(#1462,#1463,#1464,#1465));
#278=EDGE_LOOP('',(#1466,#1467,#1468,#1469,#1470,#1471));
#279=EDGE_LOOP('',(#1472,#1473,#1474,#1475));
#280=EDGE_LOOP('',(#1476,#1477,#1478,#1479));
#281=EDGE_LOOP('',(#1480,#1481,#1482,#1483));
#282=EDGE_LOOP('',(#1484,#1485,#1486,#1487));
#283=EDGE_LOOP('',(#1488,#1489,#1490,#1491,#1492,#1493));
#284=EDGE_LOOP('',(#1494,#1495,#1496,#1497));
#285=EDGE_LOOP('',(#1498,#1499,#1500,#1501));
#286=EDGE_LOOP('',(#1502,#1503,#1504,#1505));
#287=EDGE_LOOP('',(#1506,#1507,#1508,#1509));
#288=EDGE_LOOP('',(#1510,#1511,#1512,#1513,#1514,#1515,#1516,#1517));
#289=EDGE_LOOP('',(#1518,#1519,#1520,#1521,#1522,#1523,#1524,#1525));
#290=EDGE_LOOP('',(#1526,#1527,#1528,#1529));
#291=EDGE_LOOP('',(#1530,#1531,#1532,#1533));
#292=EDGE_LOOP('',(#1534,#1535,#1536,#1537));
#293=EDGE_LOOP('',(#1538,#1539,#1540,#1541,#1542,#1543,#1544,#1545,#1546,
#1547,#1548,#1549,#1550,#1551));
#294=LINE('',#2444,#448);
#295=LINE('',#2447,#449);
#296=LINE('',#2450,#450);
#297=LINE('',#2452,#451);
#298=LINE('',#2453,#452);
#299=LINE('',#2456,#453);
#300=LINE('',#2458,#454);
#301=LINE('',#2460,#455);
#302=LINE('',#2464,#456);
#303=LINE('',#2468,#457);
#304=LINE('',#2470,#458);
#305=LINE('',#2471,#459);
#306=LINE('',#2474,#460);
#307=LINE('',#2476,#461);
#308=LINE('',#2478,#462);
#309=LINE('',#2480,#463);
#310=LINE('',#2481,#464);
#311=LINE('',#2487,#465);
#312=LINE('',#2490,#466);
#313=LINE('',#2493,#467);
#314=LINE('',#2495,#468);
#315=LINE('',#2497,#469);
#316=LINE('',#2499,#470);
#317=LINE('',#2501,#471);
#318=LINE('',#2503,#472);
#319=LINE('',#2504,#473);
#320=LINE('',#2507,#474);
#321=LINE('',#2511,#475);
#322=LINE('',#2512,#476);
#323=LINE('',#2517,#477);
#324=LINE('',#2518,#478);
#325=LINE('',#2521,#479);
#326=LINE('',#2523,#480);
#327=LINE('',#2525,#481);
#328=LINE('',#2529,#482);
#329=LINE('',#2531,#483);
#330=LINE('',#2533,#484);
#331=LINE('',#2535,#485);
#332=LINE('',#2537,#486);
#333=LINE('',#2541,#487);
#334=LINE('',#2542,#488);
#335=LINE('',#2548,#489);
#336=LINE('',#2551,#490);
#337=LINE('',#2554,#491);
#338=LINE('',#2556,#492);
#339=LINE('',#2557,#493);
#340=LINE('',#2560,#494);
#341=LINE('',#2561,#495);
#342=LINE('',#2576,#496);
#343=LINE('',#2577,#497);
#344=LINE('',#2589,#498);
#345=LINE('',#2590,#499);
#346=LINE('',#2592,#500);
#347=LINE('',#2593,#501);
#348=LINE('',#2605,#502);
#349=LINE('',#2606,#503);
#350=LINE('',#2618,#504);
#351=LINE('',#2619,#505);
#352=LINE('',#2621,#506);
#353=LINE('',#2622,#507);
#354=LINE('',#2624,#508);
#355=LINE('',#2625,#509);
#356=LINE('',#2627,#510);
#357=LINE('',#2628,#511);
#358=LINE('',#2630,#512);
#359=LINE('',#2632,#513);
#360=LINE('',#2645,#514);
#361=LINE('',#2646,#515);
#362=LINE('',#2658,#516);
#363=LINE('',#2659,#517);
#364=LINE('',#2671,#518);
#365=LINE('',#2672,#519);
#366=LINE('',#2674,#520);
#367=LINE('',#2675,#521);
#368=LINE('',#2687,#522);
#369=LINE('',#2688,#523);
#370=LINE('',#2690,#524);
#371=LINE('',#2691,#525);
#372=LINE('',#2693,#526);
#373=LINE('',#2694,#527);
#374=LINE('',#2696,#528);
#375=LINE('',#2697,#529);
#376=LINE('',#2699,#530);
#377=LINE('',#2701,#531);
#378=LINE('',#2714,#532);
#379=LINE('',#2715,#533);
#380=LINE('',#2727,#534);
#381=LINE('',#2728,#535);
#382=LINE('',#2730,#536);
#383=LINE('',#2731,#537);
#384=LINE('',#2743,#538);
#385=LINE('',#2744,#539);
#386=LINE('',#2756,#540);
#387=LINE('',#2757,#541);
#388=LINE('',#2759,#542);
#389=LINE('',#2760,#543);
#390=LINE('',#2762,#544);
#391=LINE('',#2763,#545);
#392=LINE('',#2765,#546);
#393=LINE('',#2766,#547);
#394=LINE('',#2768,#548);
#395=LINE('',#2770,#549);
#396=LINE('',#2783,#550);
#397=LINE('',#2784,#551);
#398=LINE('',#2796,#552);
#399=LINE('',#2797,#553);
#400=LINE('',#2809,#554);
#401=LINE('',#2810,#555);
#402=LINE('',#2812,#556);
#403=LINE('',#2813,#557);
#404=LINE('',#2825,#558);
#405=LINE('',#2826,#559);
#406=LINE('',#2828,#560);
#407=LINE('',#2829,#561);
#408=LINE('',#2831,#562);
#409=LINE('',#2832,#563);
#410=LINE('',#2834,#564);
#411=LINE('',#2835,#565);
#412=LINE('',#2837,#566);
#413=LINE('',#2839,#567);
#414=LINE('',#2842,#568);
#415=LINE('',#2844,#569);
#416=LINE('',#2846,#570);
#417=LINE('',#2848,#571);
#418=LINE('',#2850,#572);
#419=LINE('',#2852,#573);
#420=LINE('',#2854,#574);
#421=LINE('',#2856,#575);
#422=LINE('',#2859,#576);
#423=LINE('',#2860,#577);
#424=LINE('',#2862,#578);
#425=LINE('',#2863,#579);
#426=LINE('',#2867,#580);
#427=LINE('',#2868,#581);
#428=LINE('',#2872,#582);
#429=LINE('',#2874,#583);
#430=LINE('',#2876,#584);
#431=LINE('',#2877,#585);
#432=LINE('',#2880,#586);
#433=LINE('',#2885,#587);
#434=LINE('',#2887,#588);
#435=LINE('',#2889,#589);
#436=LINE('',#2890,#590);
#437=LINE('',#2896,#591);
#438=LINE('',#2899,#592);
#439=LINE('',#2901,#593);
#440=LINE('',#2902,#594);
#441=LINE('',#2908,#595);
#442=LINE('',#2909,#596);
#443=LINE('',#2912,#597);
#444=LINE('',#2913,#598);
#445=LINE('',#2917,#599);
#446=LINE('',#2921,#600);
#447=LINE('',#2923,#601);
#448=VECTOR('',#1909,1.);
#449=VECTOR('',#1912,1.);
#450=VECTOR('',#1915,1.);
#451=VECTOR('',#1916,1.);
#452=VECTOR('',#1917,1.);
#453=VECTOR('',#1920,1.);
#454=VECTOR('',#1921,1.);
#455=VECTOR('',#1922,1.);
#456=VECTOR('',#1927,1.);
#457=VECTOR('',#1932,1.);
#458=VECTOR('',#1933,1.);
#459=VECTOR('',#1934,1.);
#460=VECTOR('',#1937,1.);
#461=VECTOR('',#1938,1.);
#462=VECTOR('',#1939,1.);
#463=VECTOR('',#1940,1.);
#464=VECTOR('',#1941,1.);
#465=VECTOR('',#1946,1.);
#466=VECTOR('',#1949,1.);
#467=VECTOR('',#1952,1.);
#468=VECTOR('',#1953,1.);
#469=VECTOR('',#1954,1.);
#470=VECTOR('',#1955,1.);
#471=VECTOR('',#1956,1.);
#472=VECTOR('',#1957,1.);
#473=VECTOR('',#1958,1.);
#474=VECTOR('',#1961,1.);
#475=VECTOR('',#1964,1.);
#476=VECTOR('',#1965,1.);
#477=VECTOR('',#1970,1.);
#478=VECTOR('',#1971,1.);
#479=VECTOR('',#1974,1.);
#480=VECTOR('',#1975,1.);
#481=VECTOR('',#1976,1.);
#482=VECTOR('',#1979,1.);
#483=VECTOR('',#1980,1.);
#484=VECTOR('',#1981,1.);
#485=VECTOR('',#1982,1.);
#486=VECTOR('',#1983,1.);
#487=VECTOR('',#1986,1.);
#488=VECTOR('',#1987,1.);
#489=VECTOR('',#1992,1.);
#490=VECTOR('',#1995,1.);
#491=VECTOR('',#1998,1.);
#492=VECTOR('',#1999,1.);
#493=VECTOR('',#2000,1.);
#494=VECTOR('',#2003,1.);
#495=VECTOR('',#2004,1.);
#496=VECTOR('',#2023,1.);
#497=VECTOR('',#2024,1.);
#498=VECTOR('',#2037,1.);
#499=VECTOR('',#2038,1.);
#500=VECTOR('',#2041,1.);
#501=VECTOR('',#2042,1.);
#502=VECTOR('',#2055,1.);
#503=VECTOR('',#2056,1.);
#504=VECTOR('',#2069,1.);
#505=VECTOR('',#2070,1.);
#506=VECTOR('',#2073,1.);
#507=VECTOR('',#2074,1.);
#508=VECTOR('',#2077,1.);
#509=VECTOR('',#2078,1.);
#510=VECTOR('',#2081,1.);
#511=VECTOR('',#2082,1.);
#512=VECTOR('',#2085,1.);
#513=VECTOR('',#2088,1.);
#514=VECTOR('',#2103,1.);
#515=VECTOR('',#2104,1.);
#516=VECTOR('',#2117,1.);
#517=VECTOR('',#2118,1.);
#518=VECTOR('',#2131,1.);
#519=VECTOR('',#2132,1.);
#520=VECTOR('',#2135,1.);
#521=VECTOR('',#2136,1.);
#522=VECTOR('',#2149,1.);
#523=VECTOR('',#2150,1.);
#524=VECTOR('',#2153,1.);
#525=VECTOR('',#2154,1.);
#526=VECTOR('',#2157,1.);
#527=VECTOR('',#2158,1.);
#528=VECTOR('',#2161,1.);
#529=VECTOR('',#2162,1.);
#530=VECTOR('',#2165,1.);
#531=VECTOR('',#2168,1.);
#532=VECTOR('',#2183,1.);
#533=VECTOR('',#2184,1.);
#534=VECTOR('',#2197,1.);
#535=VECTOR('',#2198,1.);
#536=VECTOR('',#2201,1.);
#537=VECTOR('',#2202,1.);
#538=VECTOR('',#2215,1.);
#539=VECTOR('',#2216,1.);
#540=VECTOR('',#2229,1.);
#541=VECTOR('',#2230,1.);
#542=VECTOR('',#2233,1.);
#543=VECTOR('',#2234,1.);
#544=VECTOR('',#2237,1.);
#545=VECTOR('',#2238,1.);
#546=VECTOR('',#2241,1.);
#547=VECTOR('',#2242,1.);
#548=VECTOR('',#2245,1.);
#549=VECTOR('',#2248,1.);
#550=VECTOR('',#2263,1.);
#551=VECTOR('',#2264,1.);
#552=VECTOR('',#2277,1.);
#553=VECTOR('',#2278,1.);
#554=VECTOR('',#2291,1.);
#555=VECTOR('',#2292,1.);
#556=VECTOR('',#2295,1.);
#557=VECTOR('',#2296,1.);
#558=VECTOR('',#2309,1.);
#559=VECTOR('',#2310,1.);
#560=VECTOR('',#2313,1.);
#561=VECTOR('',#2314,1.);
#562=VECTOR('',#2317,1.);
#563=VECTOR('',#2318,1.);
#564=VECTOR('',#2321,1.);
#565=VECTOR('',#2322,1.);
#566=VECTOR('',#2325,1.);
#567=VECTOR('',#2328,1.);
#568=VECTOR('',#2333,1.);
#569=VECTOR('',#2336,1.);
#570=VECTOR('',#2339,1.);
#571=VECTOR('',#2342,1.);
#572=VECTOR('',#2345,1.);
#573=VECTOR('',#2348,1.);
#574=VECTOR('',#2351,1.);
#575=VECTOR('',#2354,1.);
#576=VECTOR('',#2357,1.);
#577=VECTOR('',#2358,1.);
#578=VECTOR('',#2361,1.);
#579=VECTOR('',#2362,1.);
#580=VECTOR('',#2367,1.);
#581=VECTOR('',#2368,1.);
#582=VECTOR('',#2375,1.);
#583=VECTOR('',#2376,1.);
#584=VECTOR('',#2377,1.);
#585=VECTOR('',#2378,1.);
#586=VECTOR('',#2383,1.);
#587=VECTOR('',#2388,1.);
#588=VECTOR('',#2389,1.);
#589=VECTOR('',#2390,1.);
#590=VECTOR('',#2391,1.);
#591=VECTOR('',#2398,1.);
#592=VECTOR('',#2401,1.);
#593=VECTOR('',#2402,1.);
#594=VECTOR('',#2403,1.);
#595=VECTOR('',#2412,1.);
#596=VECTOR('',#2413,1.);
#597=VECTOR('',#2416,1.);
#598=VECTOR('',#2417,1.);
#599=VECTOR('',#2424,1.);
#600=VECTOR('',#2429,1.);
#601=VECTOR('',#2432,1.);
#602=CIRCLE('',#1713,0.5);
#603=CIRCLE('',#1714,0.5);
#604=CIRCLE('',#1717,0.5);
#605=CIRCLE('',#1719,0.5);
#606=CIRCLE('',#1723,0.5);
#607=CIRCLE('',#1724,0.5);
#608=CIRCLE('',#1727,0.5);
#609=CIRCLE('',#1729,0.5);
#610=CIRCLE('',#1731,0.75);
#611=CIRCLE('',#1732,1.1);
#612=CIRCLE('',#1734,1.5);
#613=CIRCLE('',#1735,1.5);
#614=CIRCLE('',#1738,1.5);
#615=CIRCLE('',#1740,1.5);
#616=CIRCLE('',#1742,0.0999999999999996);
#617=CIRCLE('',#1743,0.1);
#618=CIRCLE('',#1744,0.100000000000001);
#619=CIRCLE('',#1746,0.1);
#620=CIRCLE('',#1748,0.1);
#621=CIRCLE('',#1749,0.0999999999999996);
#622=CIRCLE('',#1750,0.100000000000001);
#623=CIRCLE('',#1752,0.1);
#624=CIRCLE('',#1755,0.1);
#625=CIRCLE('',#1756,0.0999999999999996);
#626=CIRCLE('',#1757,0.100000000000001);
#627=CIRCLE('',#1759,0.1);
#628=CIRCLE('',#1761,0.0999999999999996);
#629=CIRCLE('',#1762,0.1);
#630=CIRCLE('',#1763,0.100000000000001);
#631=CIRCLE('',#1765,0.1);
#632=CIRCLE('',#1773,0.1);
#633=CIRCLE('',#1774,0.0999999999999996);
#634=CIRCLE('',#1775,0.100000000000001);
#635=CIRCLE('',#1777,0.1);
#636=CIRCLE('',#1779,0.0999999999999996);
#637=CIRCLE('',#1780,0.1);
#638=CIRCLE('',#1781,0.100000000000001);
#639=CIRCLE('',#1783,0.1);
#640=CIRCLE('',#1785,0.0999999999999996);
#641=CIRCLE('',#1786,0.1);
#642=CIRCLE('',#1787,0.100000000000001);
#643=CIRCLE('',#1789,0.1);
#644=CIRCLE('',#1792,0.1);
#645=CIRCLE('',#1793,0.0999999999999996);
#646=CIRCLE('',#1794,0.100000000000001);
#647=CIRCLE('',#1796,0.1);
#648=CIRCLE('',#1804,0.1);
#649=CIRCLE('',#1805,0.1);
#650=CIRCLE('',#1806,0.100000000000001);
#651=CIRCLE('',#1808,0.1);
#652=CIRCLE('',#1810,0.1);
#653=CIRCLE('',#1811,0.1);
#654=CIRCLE('',#1812,0.100000000000001);
#655=CIRCLE('',#1814,0.1);
#656=CIRCLE('',#1817,0.1);
#657=CIRCLE('',#1818,0.1);
#658=CIRCLE('',#1819,0.100000000000001);
#659=CIRCLE('',#1821,0.1);
#660=CIRCLE('',#1823,0.1);
#661=CIRCLE('',#1824,0.1);
#662=CIRCLE('',#1825,0.100000000000001);
#663=CIRCLE('',#1827,0.1);
#664=CIRCLE('',#1835,0.1);
#665=CIRCLE('',#1836,0.1);
#666=CIRCLE('',#1837,0.100000000000001);
#667=CIRCLE('',#1839,0.1);
#668=CIRCLE('',#1841,0.1);
#669=CIRCLE('',#1842,0.1);
#670=CIRCLE('',#1843,0.100000000000001);
#671=CIRCLE('',#1845,0.1);
#672=CIRCLE('',#1847,0.1);
#673=CIRCLE('',#1848,0.1);
#674=CIRCLE('',#1849,0.100000000000001);
#675=CIRCLE('',#1851,0.1);
#676=CIRCLE('',#1854,0.1);
#677=CIRCLE('',#1855,0.1);
#678=CIRCLE('',#1856,0.100000000000001);
#679=CIRCLE('',#1858,0.1);
#680=CIRCLE('',#1876,0.75);
#681=CIRCLE('',#1878,0.75);
#682=CIRCLE('',#1885,0.75);
#683=CIRCLE('',#1886,0.75);
#684=CIRCLE('',#1889,0.75);
#685=CIRCLE('',#1890,0.75);
#686=CIRCLE('',#1894,0.75);
#687=CIRCLE('',#1897,1.1);
#688=VERTEX_POINT('',#2440);
#689=VERTEX_POINT('',#2441);
#690=VERTEX_POINT('',#2443);
#691=VERTEX_POINT('',#2445);
#692=VERTEX_POINT('',#2449);
#693=VERTEX_POINT('',#2451);
#694=VERTEX_POINT('',#2455);
#695=VERTEX_POINT('',#2457);
#696=VERTEX_POINT('',#2459);
#697=VERTEX_POINT('',#2463);
#698=VERTEX_POINT('',#2467);
#699=VERTEX_POINT('',#2469);
#700=VERTEX_POINT('',#2473);
#701=VERTEX_POINT('',#2475);
#702=VERTEX_POINT('',#2477);
#703=VERTEX_POINT('',#2479);
#704=VERTEX_POINT('',#2483);
#705=VERTEX_POINT('',#2484);
#706=VERTEX_POINT('',#2486);
#707=VERTEX_POINT('',#2488);
#708=VERTEX_POINT('',#2492);
#709=VERTEX_POINT('',#2494);
#710=VERTEX_POINT('',#2496);
#711=VERTEX_POINT('',#2498);
#712=VERTEX_POINT('',#2500);
#713=VERTEX_POINT('',#2502);
#714=VERTEX_POINT('',#2506);
#715=VERTEX_POINT('',#2508);
#716=VERTEX_POINT('',#2510);
#717=VERTEX_POINT('',#2514);
#718=VERTEX_POINT('',#2515);
#719=VERTEX_POINT('',#2520);
#720=VERTEX_POINT('',#2522);
#721=VERTEX_POINT('',#2524);
#722=VERTEX_POINT('',#2526);
#723=VERTEX_POINT('',#2528);
#724=VERTEX_POINT('',#2530);
#725=VERTEX_POINT('',#2532);
#726=VERTEX_POINT('',#2534);
#727=VERTEX_POINT('',#2536);
#728=VERTEX_POINT('',#2538);
#729=VERTEX_POINT('',#2540);
#730=VERTEX_POINT('',#2544);
#731=VERTEX_POINT('',#2545);
#732=VERTEX_POINT('',#2547);
#733=VERTEX_POINT('',#2549);
#734=VERTEX_POINT('',#2553);
#735=VERTEX_POINT('',#2555);
#736=VERTEX_POINT('',#2559);
#737=VERTEX_POINT('',#2566);
#738=VERTEX_POINT('',#2567);
#739=VERTEX_POINT('',#2569);
#740=VERTEX_POINT('',#2573);
#741=VERTEX_POINT('',#2574);
#742=VERTEX_POINT('',#2579);
#743=VERTEX_POINT('',#2580);
#744=VERTEX_POINT('',#2582);
#745=VERTEX_POINT('',#2586);
#746=VERTEX_POINT('',#2587);
#747=VERTEX_POINT('',#2595);
#748=VERTEX_POINT('',#2596);
#749=VERTEX_POINT('',#2598);
#750=VERTEX_POINT('',#2602);
#751=VERTEX_POINT('',#2603);
#752=VERTEX_POINT('',#2608);
#753=VERTEX_POINT('',#2609);
#754=VERTEX_POINT('',#2611);
#755=VERTEX_POINT('',#2615);
#756=VERTEX_POINT('',#2616);
#757=VERTEX_POINT('',#2635);
#758=VERTEX_POINT('',#2636);
#759=VERTEX_POINT('',#2638);
#760=VERTEX_POINT('',#2642);
#761=VERTEX_POINT('',#2643);
#762=VERTEX_POINT('',#2648);
#763=VERTEX_POINT('',#2649);
#764=VERTEX_POINT('',#2651);
#765=VERTEX_POINT('',#2655);
#766=VERTEX_POINT('',#2656);
#767=VERTEX_POINT('',#2661);
#768=VERTEX_POINT('',#2662);
#769=VERTEX_POINT('',#2664);
#770=VERTEX_POINT('',#2668);
#771=VERTEX_POINT('',#2669);
#772=VERTEX_POINT('',#2677);
#773=VERTEX_POINT('',#2678);
#774=VERTEX_POINT('',#2680);
#775=VERTEX_POINT('',#2684);
#776=VERTEX_POINT('',#2685);
#777=VERTEX_POINT('',#2704);
#778=VERTEX_POINT('',#2705);
#779=VERTEX_POINT('',#2707);
#780=VERTEX_POINT('',#2711);
#781=VERTEX_POINT('',#2712);
#782=VERTEX_POINT('',#2717);
#783=VERTEX_POINT('',#2718);
#784=VERTEX_POINT('',#2720);
#785=VERTEX_POINT('',#2724);
#786=VERTEX_POINT('',#2725);
#787=VERTEX_POINT('',#2733);
#788=VERTEX_POINT('',#2734);
#789=VERTEX_POINT('',#2736);
#790=VERTEX_POINT('',#2740);
#791=VERTEX_POINT('',#2741);
#792=VERTEX_POINT('',#2746);
#793=VERTEX_POINT('',#2747);
#794=VERTEX_POINT('',#2749);
#795=VERTEX_POINT('',#2753);
#796=VERTEX_POINT('',#2754);
#797=VERTEX_POINT('',#2773);
#798=VERTEX_POINT('',#2774);
#799=VERTEX_POINT('',#2776);
#800=VERTEX_POINT('',#2780);
#801=VERTEX_POINT('',#2781);
#802=VERTEX_POINT('',#2786);
#803=VERTEX_POINT('',#2787);
#804=VERTEX_POINT('',#2789);
#805=VERTEX_POINT('',#2793);
#806=VERTEX_POINT('',#2794);
#807=VERTEX_POINT('',#2799);
#808=VERTEX_POINT('',#2800);
#809=VERTEX_POINT('',#2802);
#810=VERTEX_POINT('',#2806);
#811=VERTEX_POINT('',#2807);
#812=VERTEX_POINT('',#2815);
#813=VERTEX_POINT('',#2816);
#814=VERTEX_POINT('',#2818);
#815=VERTEX_POINT('',#2822);
#816=VERTEX_POINT('',#2823);
#817=VERTEX_POINT('',#2858);
#818=VERTEX_POINT('',#2866);
#819=VERTEX_POINT('',#2873);
#820=VERTEX_POINT('',#2875);
#821=VERTEX_POINT('',#2883);
#822=VERTEX_POINT('',#2884);
#823=VERTEX_POINT('',#2886);
#824=VERTEX_POINT('',#2888);
#825=VERTEX_POINT('',#2892);
#826=VERTEX_POINT('',#2894);
#827=VERTEX_POINT('',#2898);
#828=VERTEX_POINT('',#2900);
#829=VERTEX_POINT('',#2907);
#830=VERTEX_POINT('',#2911);
#831=VERTEX_POINT('',#2919);
#832=EDGE_CURVE('',#688,#689,#602,.T.);
#833=EDGE_CURVE('',#689,#690,#294,.T.);
#834=EDGE_CURVE('',#690,#691,#603,.T.);
#835=EDGE_CURVE('',#691,#688,#295,.T.);
#836=EDGE_CURVE('',#689,#692,#296,.T.);
#837=EDGE_CURVE('',#693,#692,#297,.T.);
#838=EDGE_CURVE('',#690,#693,#298,.T.);
#839=EDGE_CURVE('',#694,#688,#299,.T.);
#840=EDGE_CURVE('',#694,#695,#300,.T.);
#841=EDGE_CURVE('',#695,#696,#301,.T.);
#842=EDGE_CURVE('',#692,#696,#604,.T.);
#843=EDGE_CURVE('',#696,#697,#302,.T.);
#844=EDGE_CURVE('',#697,#693,#605,.T.);
#845=EDGE_CURVE('',#697,#698,#303,.T.);
#846=EDGE_CURVE('',#699,#698,#304,.T.);
#847=EDGE_CURVE('',#699,#691,#305,.T.);
#848=EDGE_CURVE('',#700,#695,#306,.T.);
#849=EDGE_CURVE('',#701,#700,#307,.T.);
#850=EDGE_CURVE('',#702,#701,#308,.T.);
#851=EDGE_CURVE('',#703,#702,#309,.T.);
#852=EDGE_CURVE('',#698,#703,#310,.T.);
#853=EDGE_CURVE('',#704,#705,#606,.T.);
#854=EDGE_CURVE('',#705,#706,#311,.T.);
#855=EDGE_CURVE('',#706,#707,#607,.T.);
#856=EDGE_CURVE('',#707,#704,#312,.T.);
#857=EDGE_CURVE('',#708,#707,#313,.T.);
#858=EDGE_CURVE('',#709,#708,#314,.T.);
#859=EDGE_CURVE('',#710,#709,#315,.T.);
#860=EDGE_CURVE('',#710,#711,#316,.T.);
#861=EDGE_CURVE('',#712,#711,#317,.T.);
#862=EDGE_CURVE('',#713,#712,#318,.T.);
#863=EDGE_CURVE('',#704,#713,#319,.T.);
#864=EDGE_CURVE('',#706,#714,#320,.T.);
#865=EDGE_CURVE('',#715,#714,#608,.T.);
#866=EDGE_CURVE('',#716,#715,#321,.T.);
#867=EDGE_CURVE('',#708,#716,#322,.T.);
#868=EDGE_CURVE('',#717,#718,#609,.T.);
#869=EDGE_CURVE('',#718,#715,#323,.T.);
#870=EDGE_CURVE('',#714,#717,#324,.T.);
#871=EDGE_CURVE('',#718,#719,#325,.T.);
#872=EDGE_CURVE('',#719,#720,#326,.T.);
#873=EDGE_CURVE('',#720,#721,#327,.T.);
#874=EDGE_CURVE('',#721,#722,#610,.T.);
#875=EDGE_CURVE('',#722,#723,#328,.T.);
#876=EDGE_CURVE('',#723,#724,#329,.T.);
#877=EDGE_CURVE('',#725,#724,#330,.T.);
#878=EDGE_CURVE('',#725,#726,#331,.T.);
#879=EDGE_CURVE('',#726,#727,#332,.T.);
#880=EDGE_CURVE('',#727,#728,#611,.T.);
#881=EDGE_CURVE('',#728,#729,#333,.T.);
#882=EDGE_CURVE('',#729,#716,#334,.T.);
#883=EDGE_CURVE('',#730,#731,#612,.T.);
#884=EDGE_CURVE('',#731,#732,#335,.T.);
#885=EDGE_CURVE('',#732,#733,#613,.T.);
#886=EDGE_CURVE('',#733,#730,#336,.T.);
#887=EDGE_CURVE('',#731,#734,#337,.T.);
#888=EDGE_CURVE('',#735,#734,#338,.T.);
#889=EDGE_CURVE('',#732,#735,#339,.T.);
#890=EDGE_CURVE('',#730,#736,#340,.T.);
#891=EDGE_CURVE('',#736,#726,#341,.T.);
#892=EDGE_CURVE('',#734,#725,#614,.T.);
#893=EDGE_CURVE('',#724,#735,#615,.T.);
#894=EDGE_CURVE('',#737,#738,#616,.F.);
#895=EDGE_CURVE('',#739,#737,#617,.F.);
#896=EDGE_CURVE('',#738,#739,#618,.F.);
#897=EDGE_CURVE('',#740,#741,#619,.F.);
#898=EDGE_CURVE('',#741,#739,#342,.T.);
#899=EDGE_CURVE('',#737,#740,#343,.T.);
#900=EDGE_CURVE('',#742,#743,#620,.F.);
#901=EDGE_CURVE('',#744,#742,#621,.F.);
#902=EDGE_CURVE('',#743,#744,#622,.F.);
#903=EDGE_CURVE('',#745,#746,#623,.F.);
#904=EDGE_CURVE('',#746,#744,#344,.T.);
#905=EDGE_CURVE('',#742,#745,#345,.T.);
#906=EDGE_CURVE('',#738,#743,#346,.T.);
#907=EDGE_CURVE('',#744,#737,#347,.T.);
#908=EDGE_CURVE('',#747,#748,#624,.F.);
#909=EDGE_CURVE('',#749,#747,#625,.F.);
#910=EDGE_CURVE('',#748,#749,#626,.F.);
#911=EDGE_CURVE('',#750,#751,#627,.F.);
#912=EDGE_CURVE('',#751,#749,#348,.T.);
#913=EDGE_CURVE('',#747,#750,#349,.T.);
#914=EDGE_CURVE('',#752,#753,#628,.F.);
#915=EDGE_CURVE('',#754,#752,#629,.F.);
#916=EDGE_CURVE('',#753,#754,#630,.F.);
#917=EDGE_CURVE('',#755,#756,#631,.F.);
#918=EDGE_CURVE('',#756,#754,#350,.T.);
#919=EDGE_CURVE('',#752,#755,#351,.T.);
#920=EDGE_CURVE('',#743,#753,#352,.T.);
#921=EDGE_CURVE('',#754,#742,#353,.T.);
#922=EDGE_CURVE('',#753,#748,#354,.T.);
#923=EDGE_CURVE('',#749,#752,#355,.T.);
#924=EDGE_CURVE('',#748,#738,#356,.T.);
#925=EDGE_CURVE('',#739,#747,#357,.T.);
#926=EDGE_CURVE('',#740,#746,#358,.T.);
#927=EDGE_CURVE('',#745,#756,#359,.T.);
#928=EDGE_CURVE('',#757,#758,#632,.F.);
#929=EDGE_CURVE('',#759,#757,#633,.F.);
#930=EDGE_CURVE('',#758,#759,#634,.F.);
#931=EDGE_CURVE('',#760,#761,#635,.F.);
#932=EDGE_CURVE('',#761,#759,#360,.T.);
#933=EDGE_CURVE('',#757,#760,#361,.T.);
#934=EDGE_CURVE('',#762,#763,#636,.F.);
#935=EDGE_CURVE('',#764,#762,#637,.F.);
#936=EDGE_CURVE('',#763,#764,#638,.F.);
#937=EDGE_CURVE('',#765,#766,#639,.F.);
#938=EDGE_CURVE('',#766,#764,#362,.T.);
#939=EDGE_CURVE('',#762,#765,#363,.T.);
#940=EDGE_CURVE('',#767,#768,#640,.F.);
#941=EDGE_CURVE('',#769,#767,#641,.F.);
#942=EDGE_CURVE('',#768,#769,#642,.F.);
#943=EDGE_CURVE('',#770,#771,#643,.F.);
#944=EDGE_CURVE('',#771,#769,#364,.T.);
#945=EDGE_CURVE('',#767,#770,#365,.T.);
#946=EDGE_CURVE('',#758,#768,#366,.T.);
#947=EDGE_CURVE('',#769,#757,#367,.T.);
#948=EDGE_CURVE('',#772,#773,#644,.F.);
#949=EDGE_CURVE('',#774,#772,#645,.F.);
#950=EDGE_CURVE('',#773,#774,#646,.F.);
#951=EDGE_CURVE('',#775,#776,#647,.F.);
#952=EDGE_CURVE('',#776,#774,#368,.T.);
#953=EDGE_CURVE('',#772,#775,#369,.T.);
#954=EDGE_CURVE('',#768,#773,#370,.T.);
#955=EDGE_CURVE('',#774,#767,#371,.T.);
#956=EDGE_CURVE('',#773,#763,#372,.T.);
#957=EDGE_CURVE('',#764,#772,#373,.T.);
#958=EDGE_CURVE('',#763,#758,#374,.T.);
#959=EDGE_CURVE('',#759,#762,#375,.T.);
#960=EDGE_CURVE('',#760,#771,#376,.T.);
#961=EDGE_CURVE('',#770,#776,#377,.T.);
#962=EDGE_CURVE('',#777,#778,#648,.F.);
#963=EDGE_CURVE('',#779,#777,#649,.F.);
#964=EDGE_CURVE('',#778,#779,#650,.F.);
#965=EDGE_CURVE('',#780,#781,#651,.F.);
#966=EDGE_CURVE('',#781,#779,#378,.T.);
#967=EDGE_CURVE('',#777,#780,#379,.T.);
#968=EDGE_CURVE('',#782,#783,#652,.F.);
#969=EDGE_CURVE('',#784,#782,#653,.F.);
#970=EDGE_CURVE('',#783,#784,#654,.F.);
#971=EDGE_CURVE('',#785,#786,#655,.F.);
#972=EDGE_CURVE('',#786,#784,#380,.T.);
#973=EDGE_CURVE('',#782,#785,#381,.T.);
#974=EDGE_CURVE('',#778,#783,#382,.T.);
#975=EDGE_CURVE('',#784,#777,#383,.T.);
#976=EDGE_CURVE('',#787,#788,#656,.F.);
#977=EDGE_CURVE('',#789,#787,#657,.F.);
#978=EDGE_CURVE('',#788,#789,#658,.F.);
#979=EDGE_CURVE('',#790,#791,#659,.F.);
#980=EDGE_CURVE('',#791,#789,#384,.T.);
#981=EDGE_CURVE('',#787,#790,#385,.T.);
#982=EDGE_CURVE('',#792,#793,#660,.F.);
#983=EDGE_CURVE('',#794,#792,#661,.F.);
#984=EDGE_CURVE('',#793,#794,#662,.F.);
#985=EDGE_CURVE('',#795,#796,#663,.F.);
#986=EDGE_CURVE('',#796,#794,#386,.T.);
#987=EDGE_CURVE('',#792,#795,#387,.T.);
#988=EDGE_CURVE('',#783,#793,#388,.T.);
#989=EDGE_CURVE('',#794,#782,#389,.T.);
#990=EDGE_CURVE('',#793,#788,#390,.T.);
#991=EDGE_CURVE('',#789,#792,#391,.T.);
#992=EDGE_CURVE('',#788,#778,#392,.T.);
#993=EDGE_CURVE('',#779,#787,#393,.T.);
#994=EDGE_CURVE('',#780,#786,#394,.T.);
#995=EDGE_CURVE('',#785,#796,#395,.T.);
#996=EDGE_CURVE('',#797,#798,#664,.F.);
#997=EDGE_CURVE('',#799,#797,#665,.F.);
#998=EDGE_CURVE('',#798,#799,#666,.F.);
#999=EDGE_CURVE('',#800,#801,#667,.F.);
#1000=EDGE_CURVE('',#801,#799,#396,.T.);
#1001=EDGE_CURVE('',#797,#800,#397,.T.);
#1002=EDGE_CURVE('',#802,#803,#668,.F.);
#1003=EDGE_CURVE('',#804,#802,#669,.F.);
#1004=EDGE_CURVE('',#803,#804,#670,.F.);
#1005=EDGE_CURVE('',#805,#806,#671,.F.);
#1006=EDGE_CURVE('',#806,#804,#398,.T.);
#1007=EDGE_CURVE('',#802,#805,#399,.T.);
#1008=EDGE_CURVE('',#807,#808,#672,.F.);
#1009=EDGE_CURVE('',#809,#807,#673,.F.);
#1010=EDGE_CURVE('',#808,#809,#674,.F.);
#1011=EDGE_CURVE('',#810,#811,#675,.F.);
#1012=EDGE_CURVE('',#811,#809,#400,.T.);
#1013=EDGE_CURVE('',#807,#810,#401,.T.);
#1014=EDGE_CURVE('',#798,#808,#402,.T.);
#1015=EDGE_CURVE('',#809,#797,#403,.T.);
#1016=EDGE_CURVE('',#812,#813,#676,.F.);
#1017=EDGE_CURVE('',#814,#812,#677,.F.);
#1018=EDGE_CURVE('',#813,#814,#678,.F.);
#1019=EDGE_CURVE('',#815,#816,#679,.F.);
#1020=EDGE_CURVE('',#816,#814,#404,.T.);
#1021=EDGE_CURVE('',#812,#815,#405,.T.);
#1022=EDGE_CURVE('',#808,#813,#406,.T.);
#1023=EDGE_CURVE('',#814,#807,#407,.T.);
#1024=EDGE_CURVE('',#813,#803,#408,.T.);
#1025=EDGE_CURVE('',#804,#812,#409,.T.);
#1026=EDGE_CURVE('',#803,#798,#410,.T.);
#1027=EDGE_CURVE('',#799,#802,#411,.T.);
#1028=EDGE_CURVE('',#800,#811,#412,.T.);
#1029=EDGE_CURVE('',#810,#816,#413,.T.);
#1030=EDGE_CURVE('',#775,#766,#414,.T.);
#1031=EDGE_CURVE('',#765,#761,#415,.T.);
#1032=EDGE_CURVE('',#815,#806,#416,.T.);
#1033=EDGE_CURVE('',#805,#801,#417,.T.);
#1034=EDGE_CURVE('',#750,#741,#418,.T.);
#1035=EDGE_CURVE('',#755,#751,#419,.T.);
#1036=EDGE_CURVE('',#790,#781,#420,.T.);
#1037=EDGE_CURVE('',#795,#791,#421,.T.);
#1038=EDGE_CURVE('',#817,#694,#422,.T.);
#1039=EDGE_CURVE('',#817,#700,#423,.T.);
#1040=EDGE_CURVE('',#712,#720,#424,.T.);
#1041=EDGE_CURVE('',#713,#719,#425,.T.);
#1042=EDGE_CURVE('',#711,#701,#680,.T.);
#1043=EDGE_CURVE('',#818,#817,#426,.T.);
#1044=EDGE_CURVE('',#818,#721,#427,.T.);
#1045=EDGE_CURVE('',#702,#710,#681,.T.);
#1046=EDGE_CURVE('',#709,#729,#428,.T.);
#1047=EDGE_CURVE('',#819,#728,#429,.T.);
#1048=EDGE_CURVE('',#819,#820,#430,.T.);
#1049=EDGE_CURVE('',#820,#703,#431,.T.);
#1050=EDGE_CURVE('',#705,#717,#432,.T.);
#1051=EDGE_CURVE('',#821,#822,#433,.T.);
#1052=EDGE_CURVE('',#823,#821,#434,.T.);
#1053=EDGE_CURVE('',#824,#823,#435,.T.);
#1054=EDGE_CURVE('',#824,#822,#436,.T.);
#1055=EDGE_CURVE('',#822,#825,#682,.T.);
#1056=EDGE_CURVE('',#826,#824,#683,.T.);
#1057=EDGE_CURVE('',#826,#825,#437,.T.);
#1058=EDGE_CURVE('',#825,#827,#438,.T.);
#1059=EDGE_CURVE('',#828,#826,#439,.T.);
#1060=EDGE_CURVE('',#828,#827,#440,.T.);
#1061=EDGE_CURVE('',#827,#821,#684,.T.);
#1062=EDGE_CURVE('',#823,#828,#685,.T.);
#1063=EDGE_CURVE('',#829,#723,#441,.T.);
#1064=EDGE_CURVE('',#733,#829,#442,.T.);
#1065=EDGE_CURVE('',#829,#830,#443,.T.);
#1066=EDGE_CURVE('',#830,#722,#444,.T.);
#1067=EDGE_CURVE('',#830,#818,#686,.T.);
#1068=EDGE_CURVE('',#820,#699,#445,.T.);
#1069=EDGE_CURVE('',#831,#819,#687,.T.);
#1070=EDGE_CURVE('',#831,#727,#446,.T.);
#1071=EDGE_CURVE('',#736,#831,#447,.T.);
#1072=ORIENTED_EDGE('',*,*,#832,.T.);
#1073=ORIENTED_EDGE('',*,*,#833,.T.);
#1074=ORIENTED_EDGE('',*,*,#834,.T.);
#1075=ORIENTED_EDGE('',*,*,#835,.T.);
#1076=ORIENTED_EDGE('',*,*,#833,.F.);
#1077=ORIENTED_EDGE('',*,*,#836,.T.);
#1078=ORIENTED_EDGE('',*,*,#837,.F.);
#1079=ORIENTED_EDGE('',*,*,#838,.F.);
#1080=ORIENTED_EDGE('',*,*,#832,.F.);
#1081=ORIENTED_EDGE('',*,*,#839,.F.);
#1082=ORIENTED_EDGE('',*,*,#840,.T.);
#1083=ORIENTED_EDGE('',*,*,#841,.T.);
#1084=ORIENTED_EDGE('',*,*,#842,.F.);
#1085=ORIENTED_EDGE('',*,*,#836,.F.);
#1086=ORIENTED_EDGE('',*,*,#842,.T.);
#1087=ORIENTED_EDGE('',*,*,#843,.T.);
#1088=ORIENTED_EDGE('',*,*,#844,.T.);
#1089=ORIENTED_EDGE('',*,*,#837,.T.);
#1090=ORIENTED_EDGE('',*,*,#834,.F.);
#1091=ORIENTED_EDGE('',*,*,#838,.T.);
#1092=ORIENTED_EDGE('',*,*,#844,.F.);
#1093=ORIENTED_EDGE('',*,*,#845,.T.);
#1094=ORIENTED_EDGE('',*,*,#846,.F.);
#1095=ORIENTED_EDGE('',*,*,#847,.T.);
#1096=ORIENTED_EDGE('',*,*,#843,.F.);
#1097=ORIENTED_EDGE('',*,*,#841,.F.);
#1098=ORIENTED_EDGE('',*,*,#848,.F.);
#1099=ORIENTED_EDGE('',*,*,#849,.F.);
#1100=ORIENTED_EDGE('',*,*,#850,.F.);
#1101=ORIENTED_EDGE('',*,*,#851,.F.);
#1102=ORIENTED_EDGE('',*,*,#852,.F.);
#1103=ORIENTED_EDGE('',*,*,#845,.F.);
#1104=ORIENTED_EDGE('',*,*,#853,.T.);
#1105=ORIENTED_EDGE('',*,*,#854,.T.);
#1106=ORIENTED_EDGE('',*,*,#855,.T.);
#1107=ORIENTED_EDGE('',*,*,#856,.T.);
#1108=ORIENTED_EDGE('',*,*,#856,.F.);
#1109=ORIENTED_EDGE('',*,*,#857,.F.);
#1110=ORIENTED_EDGE('',*,*,#858,.F.);
#1111=ORIENTED_EDGE('',*,*,#859,.F.);
#1112=ORIENTED_EDGE('',*,*,#860,.T.);
#1113=ORIENTED_EDGE('',*,*,#861,.F.);
#1114=ORIENTED_EDGE('',*,*,#862,.F.);
#1115=ORIENTED_EDGE('',*,*,#863,.F.);
#1116=ORIENTED_EDGE('',*,*,#855,.F.);
#1117=ORIENTED_EDGE('',*,*,#864,.T.);
#1118=ORIENTED_EDGE('',*,*,#865,.F.);
#1119=ORIENTED_EDGE('',*,*,#866,.F.);
#1120=ORIENTED_EDGE('',*,*,#867,.F.);
#1121=ORIENTED_EDGE('',*,*,#857,.T.);
#1122=ORIENTED_EDGE('',*,*,#868,.T.);
#1123=ORIENTED_EDGE('',*,*,#869,.T.);
#1124=ORIENTED_EDGE('',*,*,#865,.T.);
#1125=ORIENTED_EDGE('',*,*,#870,.T.);
#1126=ORIENTED_EDGE('',*,*,#869,.F.);
#1127=ORIENTED_EDGE('',*,*,#871,.T.);
#1128=ORIENTED_EDGE('',*,*,#872,.T.);
#1129=ORIENTED_EDGE('',*,*,#873,.T.);
#1130=ORIENTED_EDGE('',*,*,#874,.T.);
#1131=ORIENTED_EDGE('',*,*,#875,.T.);
#1132=ORIENTED_EDGE('',*,*,#876,.T.);
#1133=ORIENTED_EDGE('',*,*,#877,.F.);
#1134=ORIENTED_EDGE('',*,*,#878,.T.);
#1135=ORIENTED_EDGE('',*,*,#879,.T.);
#1136=ORIENTED_EDGE('',*,*,#880,.T.);
#1137=ORIENTED_EDGE('',*,*,#881,.T.);
#1138=ORIENTED_EDGE('',*,*,#882,.T.);
#1139=ORIENTED_EDGE('',*,*,#866,.T.);
#1140=ORIENTED_EDGE('',*,*,#883,.T.);
#1141=ORIENTED_EDGE('',*,*,#884,.T.);
#1142=ORIENTED_EDGE('',*,*,#885,.T.);
#1143=ORIENTED_EDGE('',*,*,#886,.T.);
#1144=ORIENTED_EDGE('',*,*,#884,.F.);
#1145=ORIENTED_EDGE('',*,*,#887,.T.);
#1146=ORIENTED_EDGE('',*,*,#888,.F.);
#1147=ORIENTED_EDGE('',*,*,#889,.F.);
#1148=ORIENTED_EDGE('',*,*,#883,.F.);
#1149=ORIENTED_EDGE('',*,*,#890,.T.);
#1150=ORIENTED_EDGE('',*,*,#891,.T.);
#1151=ORIENTED_EDGE('',*,*,#878,.F.);
#1152=ORIENTED_EDGE('',*,*,#892,.F.);
#1153=ORIENTED_EDGE('',*,*,#887,.F.);
#1154=ORIENTED_EDGE('',*,*,#892,.T.);
#1155=ORIENTED_EDGE('',*,*,#877,.T.);
#1156=ORIENTED_EDGE('',*,*,#893,.T.);
#1157=ORIENTED_EDGE('',*,*,#888,.T.);
#1158=ORIENTED_EDGE('',*,*,#894,.F.);
#1159=ORIENTED_EDGE('',*,*,#895,.F.);
#1160=ORIENTED_EDGE('',*,*,#896,.F.);
#1161=ORIENTED_EDGE('',*,*,#897,.T.);
#1162=ORIENTED_EDGE('',*,*,#898,.T.);
#1163=ORIENTED_EDGE('',*,*,#895,.T.);
#1164=ORIENTED_EDGE('',*,*,#899,.T.);
#1165=ORIENTED_EDGE('',*,*,#900,.F.);
#1166=ORIENTED_EDGE('',*,*,#901,.F.);
#1167=ORIENTED_EDGE('',*,*,#902,.F.);
#1168=ORIENTED_EDGE('',*,*,#903,.T.);
#1169=ORIENTED_EDGE('',*,*,#904,.T.);
#1170=ORIENTED_EDGE('',*,*,#901,.T.);
#1171=ORIENTED_EDGE('',*,*,#905,.T.);
#1172=ORIENTED_EDGE('',*,*,#894,.T.);
#1173=ORIENTED_EDGE('',*,*,#906,.T.);
#1174=ORIENTED_EDGE('',*,*,#902,.T.);
#1175=ORIENTED_EDGE('',*,*,#907,.T.);
#1176=ORIENTED_EDGE('',*,*,#908,.F.);
#1177=ORIENTED_EDGE('',*,*,#909,.F.);
#1178=ORIENTED_EDGE('',*,*,#910,.F.);
#1179=ORIENTED_EDGE('',*,*,#911,.T.);
#1180=ORIENTED_EDGE('',*,*,#912,.T.);
#1181=ORIENTED_EDGE('',*,*,#909,.T.);
#1182=ORIENTED_EDGE('',*,*,#913,.T.);
#1183=ORIENTED_EDGE('',*,*,#914,.F.);
#1184=ORIENTED_EDGE('',*,*,#915,.F.);
#1185=ORIENTED_EDGE('',*,*,#916,.F.);
#1186=ORIENTED_EDGE('',*,*,#917,.T.);
#1187=ORIENTED_EDGE('',*,*,#918,.T.);
#1188=ORIENTED_EDGE('',*,*,#915,.T.);
#1189=ORIENTED_EDGE('',*,*,#919,.T.);
#1190=ORIENTED_EDGE('',*,*,#900,.T.);
#1191=ORIENTED_EDGE('',*,*,#920,.T.);
#1192=ORIENTED_EDGE('',*,*,#916,.T.);
#1193=ORIENTED_EDGE('',*,*,#921,.T.);
#1194=ORIENTED_EDGE('',*,*,#914,.T.);
#1195=ORIENTED_EDGE('',*,*,#922,.T.);
#1196=ORIENTED_EDGE('',*,*,#910,.T.);
#1197=ORIENTED_EDGE('',*,*,#923,.T.);
#1198=ORIENTED_EDGE('',*,*,#908,.T.);
#1199=ORIENTED_EDGE('',*,*,#924,.T.);
#1200=ORIENTED_EDGE('',*,*,#896,.T.);
#1201=ORIENTED_EDGE('',*,*,#925,.T.);
#1202=ORIENTED_EDGE('',*,*,#899,.F.);
#1203=ORIENTED_EDGE('',*,*,#907,.F.);
#1204=ORIENTED_EDGE('',*,*,#904,.F.);
#1205=ORIENTED_EDGE('',*,*,#926,.F.);
#1206=ORIENTED_EDGE('',*,*,#905,.F.);
#1207=ORIENTED_EDGE('',*,*,#921,.F.);
#1208=ORIENTED_EDGE('',*,*,#918,.F.);
#1209=ORIENTED_EDGE('',*,*,#927,.F.);
#1210=ORIENTED_EDGE('',*,*,#906,.F.);
#1211=ORIENTED_EDGE('',*,*,#924,.F.);
#1212=ORIENTED_EDGE('',*,*,#922,.F.);
#1213=ORIENTED_EDGE('',*,*,#920,.F.);
#1214=ORIENTED_EDGE('',*,*,#928,.F.);
#1215=ORIENTED_EDGE('',*,*,#929,.F.);
#1216=ORIENTED_EDGE('',*,*,#930,.F.);
#1217=ORIENTED_EDGE('',*,*,#931,.T.);
#1218=ORIENTED_EDGE('',*,*,#932,.T.);
#1219=ORIENTED_EDGE('',*,*,#929,.T.);
#1220=ORIENTED_EDGE('',*,*,#933,.T.);
#1221=ORIENTED_EDGE('',*,*,#934,.F.);
#1222=ORIENTED_EDGE('',*,*,#935,.F.);
#1223=ORIENTED_EDGE('',*,*,#936,.F.);
#1224=ORIENTED_EDGE('',*,*,#937,.T.);
#1225=ORIENTED_EDGE('',*,*,#938,.T.);
#1226=ORIENTED_EDGE('',*,*,#935,.T.);
#1227=ORIENTED_EDGE('',*,*,#939,.T.);
#1228=ORIENTED_EDGE('',*,*,#940,.F.);
#1229=ORIENTED_EDGE('',*,*,#941,.F.);
#1230=ORIENTED_EDGE('',*,*,#942,.F.);
#1231=ORIENTED_EDGE('',*,*,#943,.T.);
#1232=ORIENTED_EDGE('',*,*,#944,.T.);
#1233=ORIENTED_EDGE('',*,*,#941,.T.);
#1234=ORIENTED_EDGE('',*,*,#945,.T.);
#1235=ORIENTED_EDGE('',*,*,#928,.T.);
#1236=ORIENTED_EDGE('',*,*,#946,.T.);
#1237=ORIENTED_EDGE('',*,*,#942,.T.);
#1238=ORIENTED_EDGE('',*,*,#947,.T.);
#1239=ORIENTED_EDGE('',*,*,#948,.F.);
#1240=ORIENTED_EDGE('',*,*,#949,.F.);
#1241=ORIENTED_EDGE('',*,*,#950,.F.);
#1242=ORIENTED_EDGE('',*,*,#951,.T.);
#1243=ORIENTED_EDGE('',*,*,#952,.T.);
#1244=ORIENTED_EDGE('',*,*,#949,.T.);
#1245=ORIENTED_EDGE('',*,*,#953,.T.);
#1246=ORIENTED_EDGE('',*,*,#940,.T.);
#1247=ORIENTED_EDGE('',*,*,#954,.T.);
#1248=ORIENTED_EDGE('',*,*,#950,.T.);
#1249=ORIENTED_EDGE('',*,*,#955,.T.);
#1250=ORIENTED_EDGE('',*,*,#948,.T.);
#1251=ORIENTED_EDGE('',*,*,#956,.T.);
#1252=ORIENTED_EDGE('',*,*,#936,.T.);
#1253=ORIENTED_EDGE('',*,*,#957,.T.);
#1254=ORIENTED_EDGE('',*,*,#934,.T.);
#1255=ORIENTED_EDGE('',*,*,#958,.T.);
#1256=ORIENTED_EDGE('',*,*,#930,.T.);
#1257=ORIENTED_EDGE('',*,*,#959,.T.);
#1258=ORIENTED_EDGE('',*,*,#933,.F.);
#1259=ORIENTED_EDGE('',*,*,#947,.F.);
#1260=ORIENTED_EDGE('',*,*,#944,.F.);
#1261=ORIENTED_EDGE('',*,*,#960,.F.);
#1262=ORIENTED_EDGE('',*,*,#945,.F.);
#1263=ORIENTED_EDGE('',*,*,#955,.F.);
#1264=ORIENTED_EDGE('',*,*,#952,.F.);
#1265=ORIENTED_EDGE('',*,*,#961,.F.);
#1266=ORIENTED_EDGE('',*,*,#946,.F.);
#1267=ORIENTED_EDGE('',*,*,#958,.F.);
#1268=ORIENTED_EDGE('',*,*,#956,.F.);
#1269=ORIENTED_EDGE('',*,*,#954,.F.);
#1270=ORIENTED_EDGE('',*,*,#962,.F.);
#1271=ORIENTED_EDGE('',*,*,#963,.F.);
#1272=ORIENTED_EDGE('',*,*,#964,.F.);
#1273=ORIENTED_EDGE('',*,*,#965,.T.);
#1274=ORIENTED_EDGE('',*,*,#966,.T.);
#1275=ORIENTED_EDGE('',*,*,#963,.T.);
#1276=ORIENTED_EDGE('',*,*,#967,.T.);
#1277=ORIENTED_EDGE('',*,*,#968,.F.);
#1278=ORIENTED_EDGE('',*,*,#969,.F.);
#1279=ORIENTED_EDGE('',*,*,#970,.F.);
#1280=ORIENTED_EDGE('',*,*,#971,.T.);
#1281=ORIENTED_EDGE('',*,*,#972,.T.);
#1282=ORIENTED_EDGE('',*,*,#969,.T.);
#1283=ORIENTED_EDGE('',*,*,#973,.T.);
#1284=ORIENTED_EDGE('',*,*,#962,.T.);
#1285=ORIENTED_EDGE('',*,*,#974,.T.);
#1286=ORIENTED_EDGE('',*,*,#970,.T.);
#1287=ORIENTED_EDGE('',*,*,#975,.T.);
#1288=ORIENTED_EDGE('',*,*,#976,.F.);
#1289=ORIENTED_EDGE('',*,*,#977,.F.);
#1290=ORIENTED_EDGE('',*,*,#978,.F.);
#1291=ORIENTED_EDGE('',*,*,#979,.T.);
#1292=ORIENTED_EDGE('',*,*,#980,.T.);
#1293=ORIENTED_EDGE('',*,*,#977,.T.);
#1294=ORIENTED_EDGE('',*,*,#981,.T.);
#1295=ORIENTED_EDGE('',*,*,#982,.F.);
#1296=ORIENTED_EDGE('',*,*,#983,.F.);
#1297=ORIENTED_EDGE('',*,*,#984,.F.);
#1298=ORIENTED_EDGE('',*,*,#985,.T.);
#1299=ORIENTED_EDGE('',*,*,#986,.T.);
#1300=ORIENTED_EDGE('',*,*,#983,.T.);
#1301=ORIENTED_EDGE('',*,*,#987,.T.);
#1302=ORIENTED_EDGE('',*,*,#968,.T.);
#1303=ORIENTED_EDGE('',*,*,#988,.T.);
#1304=ORIENTED_EDGE('',*,*,#984,.T.);
#1305=ORIENTED_EDGE('',*,*,#989,.T.);
#1306=ORIENTED_EDGE('',*,*,#982,.T.);
#1307=ORIENTED_EDGE('',*,*,#990,.T.);
#1308=ORIENTED_EDGE('',*,*,#978,.T.);
#1309=ORIENTED_EDGE('',*,*,#991,.T.);
#1310=ORIENTED_EDGE('',*,*,#976,.T.);
#1311=ORIENTED_EDGE('',*,*,#992,.T.);
#1312=ORIENTED_EDGE('',*,*,#964,.T.);
#1313=ORIENTED_EDGE('',*,*,#993,.T.);
#1314=ORIENTED_EDGE('',*,*,#967,.F.);
#1315=ORIENTED_EDGE('',*,*,#975,.F.);
#1316=ORIENTED_EDGE('',*,*,#972,.F.);
#1317=ORIENTED_EDGE('',*,*,#994,.F.);
#1318=ORIENTED_EDGE('',*,*,#973,.F.);
#1319=ORIENTED_EDGE('',*,*,#989,.F.);
#1320=ORIENTED_EDGE('',*,*,#986,.F.);
#1321=ORIENTED_EDGE('',*,*,#995,.F.);
#1322=ORIENTED_EDGE('',*,*,#974,.F.);
#1323=ORIENTED_EDGE('',*,*,#992,.F.);
#1324=ORIENTED_EDGE('',*,*,#990,.F.);
#1325=ORIENTED_EDGE('',*,*,#988,.F.);
#1326=ORIENTED_EDGE('',*,*,#996,.F.);
#1327=ORIENTED_EDGE('',*,*,#997,.F.);
#1328=ORIENTED_EDGE('',*,*,#998,.F.);
#1329=ORIENTED_EDGE('',*,*,#999,.T.);
#1330=ORIENTED_EDGE('',*,*,#1000,.T.);
#1331=ORIENTED_EDGE('',*,*,#997,.T.);
#1332=ORIENTED_EDGE('',*,*,#1001,.T.);
#1333=ORIENTED_EDGE('',*,*,#1002,.F.);
#1334=ORIENTED_EDGE('',*,*,#1003,.F.);
#1335=ORIENTED_EDGE('',*,*,#1004,.F.);
#1336=ORIENTED_EDGE('',*,*,#1005,.T.);
#1337=ORIENTED_EDGE('',*,*,#1006,.T.);
#1338=ORIENTED_EDGE('',*,*,#1003,.T.);
#1339=ORIENTED_EDGE('',*,*,#1007,.T.);
#1340=ORIENTED_EDGE('',*,*,#1008,.F.);
#1341=ORIENTED_EDGE('',*,*,#1009,.F.);
#1342=ORIENTED_EDGE('',*,*,#1010,.F.);
#1343=ORIENTED_EDGE('',*,*,#1011,.T.);
#1344=ORIENTED_EDGE('',*,*,#1012,.T.);
#1345=ORIENTED_EDGE('',*,*,#1009,.T.);
#1346=ORIENTED_EDGE('',*,*,#1013,.T.);
#1347=ORIENTED_EDGE('',*,*,#996,.T.);
#1348=ORIENTED_EDGE('',*,*,#1014,.T.);
#1349=ORIENTED_EDGE('',*,*,#1010,.T.);
#1350=ORIENTED_EDGE('',*,*,#1015,.T.);
#1351=ORIENTED_EDGE('',*,*,#1016,.F.);
#1352=ORIENTED_EDGE('',*,*,#1017,.F.);
#1353=ORIENTED_EDGE('',*,*,#1018,.F.);
#1354=ORIENTED_EDGE('',*,*,#1019,.T.);
#1355=ORIENTED_EDGE('',*,*,#1020,.T.);
#1356=ORIENTED_EDGE('',*,*,#1017,.T.);
#1357=ORIENTED_EDGE('',*,*,#1021,.T.);
#1358=ORIENTED_EDGE('',*,*,#1008,.T.);
#1359=ORIENTED_EDGE('',*,*,#1022,.T.);
#1360=ORIENTED_EDGE('',*,*,#1018,.T.);
#1361=ORIENTED_EDGE('',*,*,#1023,.T.);
#1362=ORIENTED_EDGE('',*,*,#1016,.T.);
#1363=ORIENTED_EDGE('',*,*,#1024,.T.);
#1364=ORIENTED_EDGE('',*,*,#1004,.T.);
#1365=ORIENTED_EDGE('',*,*,#1025,.T.);
#1366=ORIENTED_EDGE('',*,*,#1002,.T.);
#1367=ORIENTED_EDGE('',*,*,#1026,.T.);
#1368=ORIENTED_EDGE('',*,*,#998,.T.);
#1369=ORIENTED_EDGE('',*,*,#1027,.T.);
#1370=ORIENTED_EDGE('',*,*,#1001,.F.);
#1371=ORIENTED_EDGE('',*,*,#1015,.F.);
#1372=ORIENTED_EDGE('',*,*,#1012,.F.);
#1373=ORIENTED_EDGE('',*,*,#1028,.F.);
#1374=ORIENTED_EDGE('',*,*,#1013,.F.);
#1375=ORIENTED_EDGE('',*,*,#1023,.F.);
#1376=ORIENTED_EDGE('',*,*,#1020,.F.);
#1377=ORIENTED_EDGE('',*,*,#1029,.F.);
#1378=ORIENTED_EDGE('',*,*,#1014,.F.);
#1379=ORIENTED_EDGE('',*,*,#1026,.F.);
#1380=ORIENTED_EDGE('',*,*,#1024,.F.);
#1381=ORIENTED_EDGE('',*,*,#1022,.F.);
#1382=ORIENTED_EDGE('',*,*,#938,.F.);
#1383=ORIENTED_EDGE('',*,*,#1030,.F.);
#1384=ORIENTED_EDGE('',*,*,#953,.F.);
#1385=ORIENTED_EDGE('',*,*,#957,.F.);
#1386=ORIENTED_EDGE('',*,*,#932,.F.);
#1387=ORIENTED_EDGE('',*,*,#1031,.F.);
#1388=ORIENTED_EDGE('',*,*,#939,.F.);
#1389=ORIENTED_EDGE('',*,*,#959,.F.);
#1390=ORIENTED_EDGE('',*,*,#1006,.F.);
#1391=ORIENTED_EDGE('',*,*,#1032,.F.);
#1392=ORIENTED_EDGE('',*,*,#1021,.F.);
#1393=ORIENTED_EDGE('',*,*,#1025,.F.);
#1394=ORIENTED_EDGE('',*,*,#1000,.F.);
#1395=ORIENTED_EDGE('',*,*,#1033,.F.);
#1396=ORIENTED_EDGE('',*,*,#1007,.F.);
#1397=ORIENTED_EDGE('',*,*,#1027,.F.);
#1398=ORIENTED_EDGE('',*,*,#898,.F.);
#1399=ORIENTED_EDGE('',*,*,#1034,.F.);
#1400=ORIENTED_EDGE('',*,*,#913,.F.);
#1401=ORIENTED_EDGE('',*,*,#925,.F.);
#1402=ORIENTED_EDGE('',*,*,#912,.F.);
#1403=ORIENTED_EDGE('',*,*,#1035,.F.);
#1404=ORIENTED_EDGE('',*,*,#919,.F.);
#1405=ORIENTED_EDGE('',*,*,#923,.F.);
#1406=ORIENTED_EDGE('',*,*,#966,.F.);
#1407=ORIENTED_EDGE('',*,*,#1036,.F.);
#1408=ORIENTED_EDGE('',*,*,#981,.F.);
#1409=ORIENTED_EDGE('',*,*,#993,.F.);
#1410=ORIENTED_EDGE('',*,*,#980,.F.);
#1411=ORIENTED_EDGE('',*,*,#1037,.F.);
#1412=ORIENTED_EDGE('',*,*,#987,.F.);
#1413=ORIENTED_EDGE('',*,*,#991,.F.);
#1414=ORIENTED_EDGE('',*,*,#848,.T.);
#1415=ORIENTED_EDGE('',*,*,#840,.F.);
#1416=ORIENTED_EDGE('',*,*,#1038,.F.);
#1417=ORIENTED_EDGE('',*,*,#1039,.T.);
#1418=ORIENTED_EDGE('',*,*,#862,.T.);
#1419=ORIENTED_EDGE('',*,*,#1040,.T.);
#1420=ORIENTED_EDGE('',*,*,#872,.F.);
#1421=ORIENTED_EDGE('',*,*,#1041,.F.);
#1422=ORIENTED_EDGE('',*,*,#861,.T.);
#1423=ORIENTED_EDGE('',*,*,#1042,.T.);
#1424=ORIENTED_EDGE('',*,*,#849,.T.);
#1425=ORIENTED_EDGE('',*,*,#1039,.F.);
#1426=ORIENTED_EDGE('',*,*,#1043,.F.);
#1427=ORIENTED_EDGE('',*,*,#1044,.T.);
#1428=ORIENTED_EDGE('',*,*,#873,.F.);
#1429=ORIENTED_EDGE('',*,*,#1040,.F.);
#1430=ORIENTED_EDGE('',*,*,#1042,.F.);
#1431=ORIENTED_EDGE('',*,*,#860,.F.);
#1432=ORIENTED_EDGE('',*,*,#1045,.F.);
#1433=ORIENTED_EDGE('',*,*,#850,.T.);
#1434=ORIENTED_EDGE('',*,*,#859,.T.);
#1435=ORIENTED_EDGE('',*,*,#1046,.T.);
#1436=ORIENTED_EDGE('',*,*,#881,.F.);
#1437=ORIENTED_EDGE('',*,*,#1047,.F.);
#1438=ORIENTED_EDGE('',*,*,#1048,.T.);
#1439=ORIENTED_EDGE('',*,*,#1049,.T.);
#1440=ORIENTED_EDGE('',*,*,#851,.T.);
#1441=ORIENTED_EDGE('',*,*,#1045,.T.);
#1442=ORIENTED_EDGE('',*,*,#858,.T.);
#1443=ORIENTED_EDGE('',*,*,#867,.T.);
#1444=ORIENTED_EDGE('',*,*,#882,.F.);
#1445=ORIENTED_EDGE('',*,*,#1046,.F.);
#1446=ORIENTED_EDGE('',*,*,#1030,.T.);
#1447=ORIENTED_EDGE('',*,*,#937,.F.);
#1448=ORIENTED_EDGE('',*,*,#1031,.T.);
#1449=ORIENTED_EDGE('',*,*,#931,.F.);
#1450=ORIENTED_EDGE('',*,*,#960,.T.);
#1451=ORIENTED_EDGE('',*,*,#943,.F.);
#1452=ORIENTED_EDGE('',*,*,#961,.T.);
#1453=ORIENTED_EDGE('',*,*,#951,.F.);
#1454=ORIENTED_EDGE('',*,*,#1034,.T.);
#1455=ORIENTED_EDGE('',*,*,#897,.F.);
#1456=ORIENTED_EDGE('',*,*,#926,.T.);
#1457=ORIENTED_EDGE('',*,*,#903,.F.);
#1458=ORIENTED_EDGE('',*,*,#927,.T.);
#1459=ORIENTED_EDGE('',*,*,#917,.F.);
#1460=ORIENTED_EDGE('',*,*,#1035,.T.);
#1461=ORIENTED_EDGE('',*,*,#911,.F.);
#1462=ORIENTED_EDGE('',*,*,#854,.F.);
#1463=ORIENTED_EDGE('',*,*,#1050,.T.);
#1464=ORIENTED_EDGE('',*,*,#870,.F.);
#1465=ORIENTED_EDGE('',*,*,#864,.F.);
#1466=ORIENTED_EDGE('',*,*,#853,.F.);
#1467=ORIENTED_EDGE('',*,*,#863,.T.);
#1468=ORIENTED_EDGE('',*,*,#1041,.T.);
#1469=ORIENTED_EDGE('',*,*,#871,.F.);
#1470=ORIENTED_EDGE('',*,*,#868,.F.);
#1471=ORIENTED_EDGE('',*,*,#1050,.F.);
#1472=ORIENTED_EDGE('',*,*,#1051,.F.);
#1473=ORIENTED_EDGE('',*,*,#1052,.F.);
#1474=ORIENTED_EDGE('',*,*,#1053,.F.);
#1475=ORIENTED_EDGE('',*,*,#1054,.T.);
#1476=ORIENTED_EDGE('',*,*,#1055,.F.);
#1477=ORIENTED_EDGE('',*,*,#1054,.F.);
#1478=ORIENTED_EDGE('',*,*,#1056,.F.);
#1479=ORIENTED_EDGE('',*,*,#1057,.T.);
#1480=ORIENTED_EDGE('',*,*,#1058,.F.);
#1481=ORIENTED_EDGE('',*,*,#1057,.F.);
#1482=ORIENTED_EDGE('',*,*,#1059,.F.);
#1483=ORIENTED_EDGE('',*,*,#1060,.T.);
#1484=ORIENTED_EDGE('',*,*,#1061,.F.);
#1485=ORIENTED_EDGE('',*,*,#1060,.F.);
#1486=ORIENTED_EDGE('',*,*,#1062,.F.);
#1487=ORIENTED_EDGE('',*,*,#1052,.T.);
#1488=ORIENTED_EDGE('',*,*,#885,.F.);
#1489=ORIENTED_EDGE('',*,*,#889,.T.);
#1490=ORIENTED_EDGE('',*,*,#893,.F.);
#1491=ORIENTED_EDGE('',*,*,#876,.F.);
#1492=ORIENTED_EDGE('',*,*,#1063,.F.);
#1493=ORIENTED_EDGE('',*,*,#1064,.F.);
#1494=ORIENTED_EDGE('',*,*,#1065,.F.);
#1495=ORIENTED_EDGE('',*,*,#1063,.T.);
#1496=ORIENTED_EDGE('',*,*,#875,.F.);
#1497=ORIENTED_EDGE('',*,*,#1066,.F.);
#1498=ORIENTED_EDGE('',*,*,#1058,.T.);
#1499=ORIENTED_EDGE('',*,*,#1061,.T.);
#1500=ORIENTED_EDGE('',*,*,#1051,.T.);
#1501=ORIENTED_EDGE('',*,*,#1055,.T.);
#1502=ORIENTED_EDGE('',*,*,#1067,.F.);
#1503=ORIENTED_EDGE('',*,*,#1066,.T.);
#1504=ORIENTED_EDGE('',*,*,#874,.F.);
#1505=ORIENTED_EDGE('',*,*,#1044,.F.);
#1506=ORIENTED_EDGE('',*,*,#852,.T.);
#1507=ORIENTED_EDGE('',*,*,#1049,.F.);
#1508=ORIENTED_EDGE('',*,*,#1068,.T.);
#1509=ORIENTED_EDGE('',*,*,#846,.T.);
#1510=ORIENTED_EDGE('',*,*,#1032,.T.);
#1511=ORIENTED_EDGE('',*,*,#1005,.F.);
#1512=ORIENTED_EDGE('',*,*,#1033,.T.);
#1513=ORIENTED_EDGE('',*,*,#999,.F.);
#1514=ORIENTED_EDGE('',*,*,#1028,.T.);
#1515=ORIENTED_EDGE('',*,*,#1011,.F.);
#1516=ORIENTED_EDGE('',*,*,#1029,.T.);
#1517=ORIENTED_EDGE('',*,*,#1019,.F.);
#1518=ORIENTED_EDGE('',*,*,#1036,.T.);
#1519=ORIENTED_EDGE('',*,*,#965,.F.);
#1520=ORIENTED_EDGE('',*,*,#994,.T.);
#1521=ORIENTED_EDGE('',*,*,#971,.F.);
#1522=ORIENTED_EDGE('',*,*,#995,.T.);
#1523=ORIENTED_EDGE('',*,*,#985,.F.);
#1524=ORIENTED_EDGE('',*,*,#1037,.T.);
#1525=ORIENTED_EDGE('',*,*,#979,.F.);
#1526=ORIENTED_EDGE('',*,*,#1069,.T.);
#1527=ORIENTED_EDGE('',*,*,#1047,.T.);
#1528=ORIENTED_EDGE('',*,*,#880,.F.);
#1529=ORIENTED_EDGE('',*,*,#1070,.F.);
#1530=ORIENTED_EDGE('',*,*,#1071,.T.);
#1531=ORIENTED_EDGE('',*,*,#1070,.T.);
#1532=ORIENTED_EDGE('',*,*,#879,.F.);
#1533=ORIENTED_EDGE('',*,*,#891,.F.);
#1534=ORIENTED_EDGE('',*,*,#1059,.T.);
#1535=ORIENTED_EDGE('',*,*,#1056,.T.);
#1536=ORIENTED_EDGE('',*,*,#1053,.T.);
#1537=ORIENTED_EDGE('',*,*,#1062,.T.);
#1538=ORIENTED_EDGE('',*,*,#835,.F.);
#1539=ORIENTED_EDGE('',*,*,#847,.F.);
#1540=ORIENTED_EDGE('',*,*,#1068,.F.);
#1541=ORIENTED_EDGE('',*,*,#1048,.F.);
#1542=ORIENTED_EDGE('',*,*,#1069,.F.);
#1543=ORIENTED_EDGE('',*,*,#1071,.F.);
#1544=ORIENTED_EDGE('',*,*,#890,.F.);
#1545=ORIENTED_EDGE('',*,*,#886,.F.);
#1546=ORIENTED_EDGE('',*,*,#1064,.T.);
#1547=ORIENTED_EDGE('',*,*,#1065,.T.);
#1548=ORIENTED_EDGE('',*,*,#1067,.T.);
#1549=ORIENTED_EDGE('',*,*,#1043,.T.);
#1550=ORIENTED_EDGE('',*,*,#1038,.T.);
#1551=ORIENTED_EDGE('',*,*,#839,.T.);
#1552=CYLINDRICAL_SURFACE('',#1712,0.5);
#1553=CYLINDRICAL_SURFACE('',#1718,0.5);
#1554=CYLINDRICAL_SURFACE('',#1722,0.5);
#1555=CYLINDRICAL_SURFACE('',#1728,0.5);
#1556=CYLINDRICAL_SURFACE('',#1733,1.5);
#1557=CYLINDRICAL_SURFACE('',#1739,1.5);
#1558=CYLINDRICAL_SURFACE('',#1745,0.1);
#1559=CYLINDRICAL_SURFACE('',#1751,0.1);
#1560=CYLINDRICAL_SURFACE('',#1753,0.1);
#1561=CYLINDRICAL_SURFACE('',#1758,0.1);
#1562=CYLINDRICAL_SURFACE('',#1764,0.1);
#1563=CYLINDRICAL_SURFACE('',#1766,0.1);
#1564=CYLINDRICAL_SURFACE('',#1767,0.1);
#1565=CYLINDRICAL_SURFACE('',#1768,0.1);
#1566=CYLINDRICAL_SURFACE('',#1776,0.1);
#1567=CYLINDRICAL_SURFACE('',#1782,0.1);
#1568=CYLINDRICAL_SURFACE('',#1788,0.1);
#1569=CYLINDRICAL_SURFACE('',#1790,0.1);
#1570=CYLINDRICAL_SURFACE('',#1795,0.1);
#1571=CYLINDRICAL_SURFACE('',#1797,0.1);
#1572=CYLINDRICAL_SURFACE('',#1798,0.1);
#1573=CYLINDRICAL_SURFACE('',#1799,0.1);
#1574=CYLINDRICAL_SURFACE('',#1807,0.1);
#1575=CYLINDRICAL_SURFACE('',#1813,0.1);
#1576=CYLINDRICAL_SURFACE('',#1815,0.1);
#1577=CYLINDRICAL_SURFACE('',#1820,0.1);
#1578=CYLINDRICAL_SURFACE('',#1826,0.1);
#1579=CYLINDRICAL_SURFACE('',#1828,0.1);
#1580=CYLINDRICAL_SURFACE('',#1829,0.1);
#1581=CYLINDRICAL_SURFACE('',#1830,0.1);
#1582=CYLINDRICAL_SURFACE('',#1838,0.1);
#1583=CYLINDRICAL_SURFACE('',#1844,0.1);
#1584=CYLINDRICAL_SURFACE('',#1850,0.1);
#1585=CYLINDRICAL_SURFACE('',#1852,0.1);
#1586=CYLINDRICAL_SURFACE('',#1857,0.1);
#1587=CYLINDRICAL_SURFACE('',#1859,0.1);
#1588=CYLINDRICAL_SURFACE('',#1860,0.1);
#1589=CYLINDRICAL_SURFACE('',#1861,0.1);
#1590=CYLINDRICAL_SURFACE('',#1877,0.75);
#1591=CYLINDRICAL_SURFACE('',#1884,0.75);
#1592=CYLINDRICAL_SURFACE('',#1888,0.75);
#1593=CYLINDRICAL_SURFACE('',#1893,0.75);
#1594=CYLINDRICAL_SURFACE('',#1896,1.1);
#1595=ADVANCED_FACE('',(#84),#1552,.T.);
#1596=ADVANCED_FACE('',(#85),#41,.T.);
#1597=ADVANCED_FACE('',(#86),#42,.T.);
#1598=ADVANCED_FACE('',(#87),#1553,.T.);
#1599=ADVANCED_FACE('',(#88),#43,.T.);
#1600=ADVANCED_FACE('',(#89),#44,.F.);
#1601=ADVANCED_FACE('',(#90),#1554,.T.);
#1602=ADVANCED_FACE('',(#91),#45,.F.);
#1603=ADVANCED_FACE('',(#92),#46,.T.);
#1604=ADVANCED_FACE('',(#93),#1555,.T.);
#1605=ADVANCED_FACE('',(#94),#47,.T.);
#1606=ADVANCED_FACE('',(#95),#1556,.T.);
#1607=ADVANCED_FACE('',(#96),#48,.T.);
#1608=ADVANCED_FACE('',(#97),#49,.T.);
#1609=ADVANCED_FACE('',(#98),#1557,.T.);
#1610=ADVANCED_FACE('',(#99),#25,.T.);
#1611=ADVANCED_FACE('',(#100),#1558,.T.);
#1612=ADVANCED_FACE('',(#101),#26,.T.);
#1613=ADVANCED_FACE('',(#102),#1559,.T.);
#1614=ADVANCED_FACE('',(#103),#1560,.T.);
#1615=ADVANCED_FACE('',(#104),#27,.T.);
#1616=ADVANCED_FACE('',(#105),#1561,.T.);
#1617=ADVANCED_FACE('',(#106),#28,.T.);
#1618=ADVANCED_FACE('',(#107),#1562,.T.);
#1619=ADVANCED_FACE('',(#108),#1563,.T.);
#1620=ADVANCED_FACE('',(#109),#1564,.T.);
#1621=ADVANCED_FACE('',(#110),#1565,.T.);
#1622=ADVANCED_FACE('',(#111),#50,.T.);
#1623=ADVANCED_FACE('',(#112),#51,.T.);
#1624=ADVANCED_FACE('',(#113),#52,.T.);
#1625=ADVANCED_FACE('',(#114),#29,.T.);
#1626=ADVANCED_FACE('',(#115),#1566,.T.);
#1627=ADVANCED_FACE('',(#116),#30,.T.);
#1628=ADVANCED_FACE('',(#117),#1567,.T.);
#1629=ADVANCED_FACE('',(#118),#31,.T.);
#1630=ADVANCED_FACE('',(#119),#1568,.T.);
#1631=ADVANCED_FACE('',(#120),#1569,.T.);
#1632=ADVANCED_FACE('',(#121),#32,.T.);
#1633=ADVANCED_FACE('',(#122),#1570,.T.);
#1634=ADVANCED_FACE('',(#123),#1571,.T.);
#1635=ADVANCED_FACE('',(#124),#1572,.T.);
#1636=ADVANCED_FACE('',(#125),#1573,.T.);
#1637=ADVANCED_FACE('',(#126),#53,.T.);
#1638=ADVANCED_FACE('',(#127),#54,.T.);
#1639=ADVANCED_FACE('',(#128),#55,.T.);
#1640=ADVANCED_FACE('',(#129),#33,.T.);
#1641=ADVANCED_FACE('',(#130),#1574,.T.);
#1642=ADVANCED_FACE('',(#131),#34,.T.);
#1643=ADVANCED_FACE('',(#132),#1575,.T.);
#1644=ADVANCED_FACE('',(#133),#1576,.T.);
#1645=ADVANCED_FACE('',(#134),#35,.T.);
#1646=ADVANCED_FACE('',(#135),#1577,.T.);
#1647=ADVANCED_FACE('',(#136),#36,.T.);
#1648=ADVANCED_FACE('',(#137),#1578,.T.);
#1649=ADVANCED_FACE('',(#138),#1579,.T.);
#1650=ADVANCED_FACE('',(#139),#1580,.T.);
#1651=ADVANCED_FACE('',(#140),#1581,.T.);
#1652=ADVANCED_FACE('',(#141),#56,.T.);
#1653=ADVANCED_FACE('',(#142),#57,.T.);
#1654=ADVANCED_FACE('',(#143),#58,.T.);
#1655=ADVANCED_FACE('',(#144),#37,.T.);
#1656=ADVANCED_FACE('',(#145),#1582,.T.);
#1657=ADVANCED_FACE('',(#146),#38,.T.);
#1658=ADVANCED_FACE('',(#147),#1583,.T.);
#1659=ADVANCED_FACE('',(#148),#39,.T.);
#1660=ADVANCED_FACE('',(#149),#1584,.T.);
#1661=ADVANCED_FACE('',(#150),#1585,.T.);
#1662=ADVANCED_FACE('',(#151),#40,.T.);
#1663=ADVANCED_FACE('',(#152),#1586,.T.);
#1664=ADVANCED_FACE('',(#153),#1587,.T.);
#1665=ADVANCED_FACE('',(#154),#1588,.T.);
#1666=ADVANCED_FACE('',(#155),#1589,.T.);
#1667=ADVANCED_FACE('',(#156),#59,.T.);
#1668=ADVANCED_FACE('',(#157),#60,.T.);
#1669=ADVANCED_FACE('',(#158),#61,.T.);
#1670=ADVANCED_FACE('',(#159),#62,.T.);
#1671=ADVANCED_FACE('',(#160),#63,.T.);
#1672=ADVANCED_FACE('',(#161),#64,.T.);
#1673=ADVANCED_FACE('',(#162),#65,.T.);
#1674=ADVANCED_FACE('',(#163),#66,.T.);
#1675=ADVANCED_FACE('',(#164),#67,.T.);
#1676=ADVANCED_FACE('',(#165),#68,.T.);
#1677=ADVANCED_FACE('',(#166),#69,.T.);
#1678=ADVANCED_FACE('',(#167),#70,.T.);
#1679=ADVANCED_FACE('',(#168),#71,.T.);
#1680=ADVANCED_FACE('',(#169),#72,.T.);
#1681=ADVANCED_FACE('',(#170),#1590,.F.);
#1682=ADVANCED_FACE('',(#171),#73,.T.);
#1683=ADVANCED_FACE('',(#172,#19,#20),#74,.T.);
#1684=ADVANCED_FACE('',(#173),#75,.T.);
#1685=ADVANCED_FACE('',(#174),#76,.T.);
#1686=ADVANCED_FACE('',(#175),#77,.F.);
#1687=ADVANCED_FACE('',(#176),#1591,.F.);
#1688=ADVANCED_FACE('',(#177),#78,.F.);
#1689=ADVANCED_FACE('',(#178),#1592,.F.);
#1690=ADVANCED_FACE('',(#179),#79,.T.);
#1691=ADVANCED_FACE('',(#180,#21),#80,.T.);
#1692=ADVANCED_FACE('',(#181),#1593,.F.);
#1693=ADVANCED_FACE('',(#182,#22,#23),#81,.T.);
#1694=ADVANCED_FACE('',(#183),#1594,.T.);
#1695=ADVANCED_FACE('',(#184,#24),#82,.T.);
#1696=ADVANCED_FACE('',(#185),#83,.F.);
#1697=CLOSED_SHELL('',(#1595,#1596,#1597,#1598,#1599,#1600,#1601,#1602,
#1603,#1604,#1605,#1606,#1607,#1608,#1609,#1610,#1611,#1612,#1613,#1614,
#1615,#1616,#1617,#1618,#1619,#1620,#1621,#1622,#1623,#1624,#1625,#1626,
#1627,#1628,#1629,#1630,#1631,#1632,#1633,#1634,#1635,#1636,#1637,#1638,
#1639,#1640,#1641,#1642,#1643,#1644,#1645,#1646,#1647,#1648,#1649,#1650,
#1651,#1652,#1653,#1654,#1655,#1656,#1657,#1658,#1659,#1660,#1661,#1662,
#1663,#1664,#1665,#1666,#1667,#1668,#1669,#1670,#1671,#1672,#1673,#1674,
#1675,#1676,#1677,#1678,#1679,#1680,#1681,#1682,#1683,#1684,#1685,#1686,
#1687,#1688,#1689,#1690,#1691,#1692,#1693,#1694,#1695,#1696));
#1698=DERIVED_UNIT_ELEMENT(#1700,1.);
#1699=DERIVED_UNIT_ELEMENT(#2933,-3.);
#1700=(
MASS_UNIT()
NAMED_UNIT(*)
SI_UNIT(.KILO.,.GRAM.)
);
#1701=DERIVED_UNIT((#1698,#1699));
#1702=MEASURE_REPRESENTATION_ITEM('density measure',
POSITIVE_RATIO_MEASURE(7850.),#1701);
#1703=PROPERTY_DEFINITION_REPRESENTATION(#1708,#1705);
#1704=PROPERTY_DEFINITION_REPRESENTATION(#1709,#1706);
#1705=REPRESENTATION('material name',(#1707),#2930);
#1706=REPRESENTATION('density',(#1702),#2930);
#1707=DESCRIPTIVE_REPRESENTATION_ITEM('Steel','Steel');
#1708=PROPERTY_DEFINITION('material property','material name',#2945);
#1709=PROPERTY_DEFINITION('material property','density of part',#2945);
#1710=AXIS2_PLACEMENT_3D('',#2437,#1901,#1902);
#1711=AXIS2_PLACEMENT_3D('',#2438,#1903,#1904);
#1712=AXIS2_PLACEMENT_3D('',#2439,#1905,#1906);
#1713=AXIS2_PLACEMENT_3D('',#2442,#1907,#1908);
#1714=AXIS2_PLACEMENT_3D('',#2446,#1910,#1911);
#1715=AXIS2_PLACEMENT_3D('',#2448,#1913,#1914);
#1716=AXIS2_PLACEMENT_3D('',#2454,#1918,#1919);
#1717=AXIS2_PLACEMENT_3D('',#2461,#1923,#1924);
#1718=AXIS2_PLACEMENT_3D('',#2462,#1925,#1926);
#1719=AXIS2_PLACEMENT_3D('',#2465,#1928,#1929);
#1720=AXIS2_PLACEMENT_3D('',#2466,#1930,#1931);
#1721=AXIS2_PLACEMENT_3D('',#2472,#1935,#1936);
#1722=AXIS2_PLACEMENT_3D('',#2482,#1942,#1943);
#1723=AXIS2_PLACEMENT_3D('',#2485,#1944,#1945);
#1724=AXIS2_PLACEMENT_3D('',#2489,#1947,#1948);
#1725=AXIS2_PLACEMENT_3D('',#2491,#1950,#1951);
#1726=AXIS2_PLACEMENT_3D('',#2505,#1959,#1960);
#1727=AXIS2_PLACEMENT_3D('',#2509,#1962,#1963);
#1728=AXIS2_PLACEMENT_3D('',#2513,#1966,#1967);
#1729=AXIS2_PLACEMENT_3D('',#2516,#1968,#1969);
#1730=AXIS2_PLACEMENT_3D('',#2519,#1972,#1973);
#1731=AXIS2_PLACEMENT_3D('',#2527,#1977,#1978);
#1732=AXIS2_PLACEMENT_3D('',#2539,#1984,#1985);
#1733=AXIS2_PLACEMENT_3D('',#2543,#1988,#1989);
#1734=AXIS2_PLACEMENT_3D('',#2546,#1990,#1991);
#1735=AXIS2_PLACEMENT_3D('',#2550,#1993,#1994);
#1736=AXIS2_PLACEMENT_3D('',#2552,#1996,#1997);
#1737=AXIS2_PLACEMENT_3D('',#2558,#2001,#2002);
#1738=AXIS2_PLACEMENT_3D('',#2562,#2005,#2006);
#1739=AXIS2_PLACEMENT_3D('',#2563,#2007,#2008);
#1740=AXIS2_PLACEMENT_3D('',#2564,#2009,#2010);
#1741=AXIS2_PLACEMENT_3D('',#2565,#2011,#2012);
#1742=AXIS2_PLACEMENT_3D('',#2568,#2013,#2014);
#1743=AXIS2_PLACEMENT_3D('',#2570,#2015,#2016);
#1744=AXIS2_PLACEMENT_3D('',#2571,#2017,#2018);
#1745=AXIS2_PLACEMENT_3D('',#2572,#2019,#2020);
#1746=AXIS2_PLACEMENT_3D('',#2575,#2021,#2022);
#1747=AXIS2_PLACEMENT_3D('',#2578,#2025,#2026);
#1748=AXIS2_PLACEMENT_3D('',#2581,#2027,#2028);
#1749=AXIS2_PLACEMENT_3D('',#2583,#2029,#2030);
#1750=AXIS2_PLACEMENT_3D('',#2584,#2031,#2032);
#1751=AXIS2_PLACEMENT_3D('',#2585,#2033,#2034);
#1752=AXIS2_PLACEMENT_3D('',#2588,#2035,#2036);
#1753=AXIS2_PLACEMENT_3D('',#2591,#2039,#2040);
#1754=AXIS2_PLACEMENT_3D('',#2594,#2043,#2044);
#1755=AXIS2_PLACEMENT_3D('',#2597,#2045,#2046);
#1756=AXIS2_PLACEMENT_3D('',#2599,#2047,#2048);
#1757=AXIS2_PLACEMENT_3D('',#2600,#2049,#2050);
#1758=AXIS2_PLACEMENT_3D('',#2601,#2051,#2052);
#1759=AXIS2_PLACEMENT_3D('',#2604,#2053,#2054);
#1760=AXIS2_PLACEMENT_3D('',#2607,#2057,#2058);
#1761=AXIS2_PLACEMENT_3D('',#2610,#2059,#2060);
#1762=AXIS2_PLACEMENT_3D('',#2612,#2061,#2062);
#1763=AXIS2_PLACEMENT_3D('',#2613,#2063,#2064);
#1764=AXIS2_PLACEMENT_3D('',#2614,#2065,#2066);
#1765=AXIS2_PLACEMENT_3D('',#2617,#2067,#2068);
#1766=AXIS2_PLACEMENT_3D('',#2620,#2071,#2072);
#1767=AXIS2_PLACEMENT_3D('',#2623,#2075,#2076);
#1768=AXIS2_PLACEMENT_3D('',#2626,#2079,#2080);
#1769=AXIS2_PLACEMENT_3D('',#2629,#2083,#2084);
#1770=AXIS2_PLACEMENT_3D('',#2631,#2086,#2087);
#1771=AXIS2_PLACEMENT_3D('',#2633,#2089,#2090);
#1772=AXIS2_PLACEMENT_3D('',#2634,#2091,#2092);
#1773=AXIS2_PLACEMENT_3D('',#2637,#2093,#2094);
#1774=AXIS2_PLACEMENT_3D('',#2639,#2095,#2096);
#1775=AXIS2_PLACEMENT_3D('',#2640,#2097,#2098);
#1776=AXIS2_PLACEMENT_3D('',#2641,#2099,#2100);
#1777=AXIS2_PLACEMENT_3D('',#2644,#2101,#2102);
#1778=AXIS2_PLACEMENT_3D('',#2647,#2105,#2106);
#1779=AXIS2_PLACEMENT_3D('',#2650,#2107,#2108);
#1780=AXIS2_PLACEMENT_3D('',#2652,#2109,#2110);
#1781=AXIS2_PLACEMENT_3D('',#2653,#2111,#2112);
#1782=AXIS2_PLACEMENT_3D('',#2654,#2113,#2114);
#1783=AXIS2_PLACEMENT_3D('',#2657,#2115,#2116);
#1784=AXIS2_PLACEMENT_3D('',#2660,#2119,#2120);
#1785=AXIS2_PLACEMENT_3D('',#2663,#2121,#2122);
#1786=AXIS2_PLACEMENT_3D('',#2665,#2123,#2124);
#1787=AXIS2_PLACEMENT_3D('',#2666,#2125,#2126);
#1788=AXIS2_PLACEMENT_3D('',#2667,#2127,#2128);
#1789=AXIS2_PLACEMENT_3D('',#2670,#2129,#2130);
#1790=AXIS2_PLACEMENT_3D('',#2673,#2133,#2134);
#1791=AXIS2_PLACEMENT_3D('',#2676,#2137,#2138);
#1792=AXIS2_PLACEMENT_3D('',#2679,#2139,#2140);
#1793=AXIS2_PLACEMENT_3D('',#2681,#2141,#2142);
#1794=AXIS2_PLACEMENT_3D('',#2682,#2143,#2144);
#1795=AXIS2_PLACEMENT_3D('',#2683,#2145,#2146);
#1796=AXIS2_PLACEMENT_3D('',#2686,#2147,#2148);
#1797=AXIS2_PLACEMENT_3D('',#2689,#2151,#2152);
#1798=AXIS2_PLACEMENT_3D('',#2692,#2155,#2156);
#1799=AXIS2_PLACEMENT_3D('',#2695,#2159,#2160);
#1800=AXIS2_PLACEMENT_3D('',#2698,#2163,#2164);
#1801=AXIS2_PLACEMENT_3D('',#2700,#2166,#2167);
#1802=AXIS2_PLACEMENT_3D('',#2702,#2169,#2170);
#1803=AXIS2_PLACEMENT_3D('',#2703,#2171,#2172);
#1804=AXIS2_PLACEMENT_3D('',#2706,#2173,#2174);
#1805=AXIS2_PLACEMENT_3D('',#2708,#2175,#2176);
#1806=AXIS2_PLACEMENT_3D('',#2709,#2177,#2178);
#1807=AXIS2_PLACEMENT_3D('',#2710,#2179,#2180);
#1808=AXIS2_PLACEMENT_3D('',#2713,#2181,#2182);
#1809=AXIS2_PLACEMENT_3D('',#2716,#2185,#2186);
#1810=AXIS2_PLACEMENT_3D('',#2719,#2187,#2188);
#1811=AXIS2_PLACEMENT_3D('',#2721,#2189,#2190);
#1812=AXIS2_PLACEMENT_3D('',#2722,#2191,#2192);
#1813=AXIS2_PLACEMENT_3D('',#2723,#2193,#2194);
#1814=AXIS2_PLACEMENT_3D('',#2726,#2195,#2196);
#1815=AXIS2_PLACEMENT_3D('',#2729,#2199,#2200);
#1816=AXIS2_PLACEMENT_3D('',#2732,#2203,#2204);
#1817=AXIS2_PLACEMENT_3D('',#2735,#2205,#2206);
#1818=AXIS2_PLACEMENT_3D('',#2737,#2207,#2208);
#1819=AXIS2_PLACEMENT_3D('',#2738,#2209,#2210);
#1820=AXIS2_PLACEMENT_3D('',#2739,#2211,#2212);
#1821=AXIS2_PLACEMENT_3D('',#2742,#2213,#2214);
#1822=AXIS2_PLACEMENT_3D('',#2745,#2217,#2218);
#1823=AXIS2_PLACEMENT_3D('',#2748,#2219,#2220);
#1824=AXIS2_PLACEMENT_3D('',#2750,#2221,#2222);
#1825=AXIS2_PLACEMENT_3D('',#2751,#2223,#2224);
#1826=AXIS2_PLACEMENT_3D('',#2752,#2225,#2226);
#1827=AXIS2_PLACEMENT_3D('',#2755,#2227,#2228);
#1828=AXIS2_PLACEMENT_3D('',#2758,#2231,#2232);
#1829=AXIS2_PLACEMENT_3D('',#2761,#2235,#2236);
#1830=AXIS2_PLACEMENT_3D('',#2764,#2239,#2240);
#1831=AXIS2_PLACEMENT_3D('',#2767,#2243,#2244);
#1832=AXIS2_PLACEMENT_3D('',#2769,#2246,#2247);
#1833=AXIS2_PLACEMENT_3D('',#2771,#2249,#2250);
#1834=AXIS2_PLACEMENT_3D('',#2772,#2251,#2252);
#1835=AXIS2_PLACEMENT_3D('',#2775,#2253,#2254);
#1836=AXIS2_PLACEMENT_3D('',#2777,#2255,#2256);
#1837=AXIS2_PLACEMENT_3D('',#2778,#2257,#2258);
#1838=AXIS2_PLACEMENT_3D('',#2779,#2259,#2260);
#1839=AXIS2_PLACEMENT_3D('',#2782,#2261,#2262);
#1840=AXIS2_PLACEMENT_3D('',#2785,#2265,#2266);
#1841=AXIS2_PLACEMENT_3D('',#2788,#2267,#2268);
#1842=AXIS2_PLACEMENT_3D('',#2790,#2269,#2270);
#1843=AXIS2_PLACEMENT_3D('',#2791,#2271,#2272);
#1844=AXIS2_PLACEMENT_3D('',#2792,#2273,#2274);
#1845=AXIS2_PLACEMENT_3D('',#2795,#2275,#2276);
#1846=AXIS2_PLACEMENT_3D('',#2798,#2279,#2280);
#1847=AXIS2_PLACEMENT_3D('',#2801,#2281,#2282);
#1848=AXIS2_PLACEMENT_3D('',#2803,#2283,#2284);
#1849=AXIS2_PLACEMENT_3D('',#2804,#2285,#2286);
#1850=AXIS2_PLACEMENT_3D('',#2805,#2287,#2288);
#1851=AXIS2_PLACEMENT_3D('',#2808,#2289,#2290);
#1852=AXIS2_PLACEMENT_3D('',#2811,#2293,#2294);
#1853=AXIS2_PLACEMENT_3D('',#2814,#2297,#2298);
#1854=AXIS2_PLACEMENT_3D('',#2817,#2299,#2300);
#1855=AXIS2_PLACEMENT_3D('',#2819,#2301,#2302);
#1856=AXIS2_PLACEMENT_3D('',#2820,#2303,#2304);
#1857=AXIS2_PLACEMENT_3D('',#2821,#2305,#2306);
#1858=AXIS2_PLACEMENT_3D('',#2824,#2307,#2308);
#1859=AXIS2_PLACEMENT_3D('',#2827,#2311,#2312);
#1860=AXIS2_PLACEMENT_3D('',#2830,#2315,#2316);
#1861=AXIS2_PLACEMENT_3D('',#2833,#2319,#2320);
#1862=AXIS2_PLACEMENT_3D('',#2836,#2323,#2324);
#1863=AXIS2_PLACEMENT_3D('',#2838,#2326,#2327);
#1864=AXIS2_PLACEMENT_3D('',#2840,#2329,#2330);
#1865=AXIS2_PLACEMENT_3D('',#2841,#2331,#2332);
#1866=AXIS2_PLACEMENT_3D('',#2843,#2334,#2335);
#1867=AXIS2_PLACEMENT_3D('',#2845,#2337,#2338);
#1868=AXIS2_PLACEMENT_3D('',#2847,#2340,#2341);
#1869=AXIS2_PLACEMENT_3D('',#2849,#2343,#2344);
#1870=AXIS2_PLACEMENT_3D('',#2851,#2346,#2347);
#1871=AXIS2_PLACEMENT_3D('',#2853,#2349,#2350);
#1872=AXIS2_PLACEMENT_3D('',#2855,#2352,#2353);
#1873=AXIS2_PLACEMENT_3D('',#2857,#2355,#2356);
#1874=AXIS2_PLACEMENT_3D('',#2861,#2359,#2360);
#1875=AXIS2_PLACEMENT_3D('',#2864,#2363,#2364);
#1876=AXIS2_PLACEMENT_3D('',#2865,#2365,#2366);
#1877=AXIS2_PLACEMENT_3D('',#2869,#2369,#2370);
#1878=AXIS2_PLACEMENT_3D('',#2870,#2371,#2372);
#1879=AXIS2_PLACEMENT_3D('',#2871,#2373,#2374);
#1880=AXIS2_PLACEMENT_3D('',#2878,#2379,#2380);
#1881=AXIS2_PLACEMENT_3D('',#2879,#2381,#2382);
#1882=AXIS2_PLACEMENT_3D('',#2881,#2384,#2385);
#1883=AXIS2_PLACEMENT_3D('',#2882,#2386,#2387);
#1884=AXIS2_PLACEMENT_3D('',#2891,#2392,#2393);
#1885=AXIS2_PLACEMENT_3D('',#2893,#2394,#2395);
#1886=AXIS2_PLACEMENT_3D('',#2895,#2396,#2397);
#1887=AXIS2_PLACEMENT_3D('',#2897,#2399,#2400);
#1888=AXIS2_PLACEMENT_3D('',#2903,#2404,#2405);
#1889=AXIS2_PLACEMENT_3D('',#2904,#2406,#2407);
#1890=AXIS2_PLACEMENT_3D('',#2905,#2408,#2409);
#1891=AXIS2_PLACEMENT_3D('',#2906,#2410,#2411);
#1892=AXIS2_PLACEMENT_3D('',#2910,#2414,#2415);
#1893=AXIS2_PLACEMENT_3D('',#2914,#2418,#2419);
#1894=AXIS2_PLACEMENT_3D('',#2915,#2420,#2421);
#1895=AXIS2_PLACEMENT_3D('',#2916,#2422,#2423);
#1896=AXIS2_PLACEMENT_3D('',#2918,#2425,#2426);
#1897=AXIS2_PLACEMENT_3D('',#2920,#2427,#2428);
#1898=AXIS2_PLACEMENT_3D('',#2922,#2430,#2431);
#1899=AXIS2_PLACEMENT_3D('',#2924,#2433,#2434);
#1900=AXIS2_PLACEMENT_3D('',#2925,#2435,#2436);
#1901=DIRECTION('axis',(0.,0.,1.));
#1902=DIRECTION('refdir',(1.,0.,0.));
#1903=DIRECTION('axis',(0.,0.,1.));
#1904=DIRECTION('refdir',(1.,0.,0.));
#1905=DIRECTION('center_axis',(0.,1.,0.));
#1906=DIRECTION('ref_axis',(-0.707106781186548,0.,0.707106781186548));
#1907=DIRECTION('center_axis',(0.,1.,0.));
#1908=DIRECTION('ref_axis',(-0.707106781186548,0.,0.707106781186548));
#1909=DIRECTION('',(0.,1.,0.));
#1910=DIRECTION('center_axis',(0.,-1.,1.70803542250024E-16));
#1911=DIRECTION('ref_axis',(-0.707106781186548,0.,0.707106781186548));
#1912=DIRECTION('',(0.,-1.,0.));
#1913=DIRECTION('center_axis',(0.,0.,1.));
#1914=DIRECTION('ref_axis',(0.,-1.,0.));
#1915=DIRECTION('',(1.,0.,0.));
#1916=DIRECTION('',(0.,-1.,0.));
#1917=DIRECTION('',(1.,0.,0.));
#1918=DIRECTION('center_axis',(0.,-1.,0.));
#1919=DIRECTION('ref_axis',(0.,0.,-1.));
#1920=DIRECTION('',(0.,0.,1.));
#1921=DIRECTION('',(1.,0.,0.));
#1922=DIRECTION('',(0.,0.,1.));
#1923=DIRECTION('center_axis',(0.,1.,0.));
#1924=DIRECTION('ref_axis',(0.707106781186548,0.,0.707106781186548));
#1925=DIRECTION('center_axis',(0.,1.,0.));
#1926=DIRECTION('ref_axis',(0.707106781186548,0.,0.707106781186548));
#1927=DIRECTION('',(0.,1.,0.));
#1928=DIRECTION('center_axis',(0.,-1.,1.70803542250024E-16));
#1929=DIRECTION('ref_axis',(0.707106781186548,0.,0.707106781186548));
#1930=DIRECTION('center_axis',(0.,1.,-1.70803542250024E-16));
#1931=DIRECTION('ref_axis',(0.,1.70803542250024E-16,1.));
#1932=DIRECTION('',(0.,-1.70803542250024E-16,-1.));
#1933=DIRECTION('',(1.,0.,0.));
#1934=DIRECTION('',(0.,1.70803542250024E-16,1.));
#1935=DIRECTION('center_axis',(-1.,0.,0.));
#1936=DIRECTION('ref_axis',(0.,0.,1.));
#1937=DIRECTION('',(0.,-1.,0.));
#1938=DIRECTION('',(-4.93038065763132E-31,-0.5,-0.866025403784439));
#1939=DIRECTION('',(-6.34413156928661E-16,0.866025403784439,-0.5));
#1940=DIRECTION('',(0.,0.5,0.866025403784439));
#1941=DIRECTION('',(0.,1.,-9.20120459236113E-16));
#1942=DIRECTION('center_axis',(5.49417910395304E-16,-1.,0.));
#1943=DIRECTION('ref_axis',(-0.707106781186548,-6.2803698347351E-16,0.707106781186548));
#1944=DIRECTION('center_axis',(0.,1.,0.));
#1945=DIRECTION('ref_axis',(-0.707106781186548,-6.2803698347351E-16,0.707106781186548));
#1946=DIRECTION('',(-5.49417910395304E-16,1.,0.));
#1947=DIRECTION('center_axis',(0.,-1.,1.70803542250024E-16));
#1948=DIRECTION('ref_axis',(-0.707106781186548,-6.2803698347351E-16,0.707106781186548));
#1949=DIRECTION('',(5.49417910395304E-16,-1.,0.));
#1950=DIRECTION('center_axis',(1.,5.49417910395304E-16,-3.1720657846433E-16));
#1951=DIRECTION('ref_axis',(0.,-0.5,-0.866025403784439));
#1952=DIRECTION('',(0.,1.70803542250024E-16,1.));
#1953=DIRECTION('',(0.,-1.,9.20120459236113E-16));
#1954=DIRECTION('',(0.,-0.5,-0.866025403784439));
#1955=DIRECTION('',(-6.34413156928661E-16,0.866025403784439,-0.5));
#1956=DIRECTION('',(2.46519032881566E-31,0.5,0.866025403784439));
#1957=DIRECTION('',(0.,1.,0.));
#1958=DIRECTION('',(0.,0.,-1.));
#1959=DIRECTION('center_axis',(0.,1.,-1.70803542250024E-16));
#1960=DIRECTION('ref_axis',(0.,1.70803542250024E-16,1.));
#1961=DIRECTION('',(1.,0.,0.));
#1962=DIRECTION('center_axis',(0.,-1.,1.70803542250024E-16));
#1963=DIRECTION('ref_axis',(0.707106781186548,0.,0.707106781186548));
#1964=DIRECTION('',(0.,1.70803542250024E-16,1.));
#1965=DIRECTION('',(1.,0.,0.));
#1966=DIRECTION('center_axis',(0.,-1.,0.));
#1967=DIRECTION('ref_axis',(0.707106781186548,0.,0.707106781186548));
#1968=DIRECTION('center_axis',(0.,1.,0.));
#1969=DIRECTION('ref_axis',(0.707106781186548,0.,0.707106781186548));
#1970=DIRECTION('',(0.,1.,0.));
#1971=DIRECTION('',(0.,-1.,0.));
#1972=DIRECTION('center_axis',(1.,0.,0.));
#1973=DIRECTION('ref_axis',(0.,1.,0.));
#1974=DIRECTION('',(0.,0.,-1.));
#1975=DIRECTION('',(0.,1.,0.));
#1976=DIRECTION('',(0.,0.5,0.866025403784439));
#1977=DIRECTION('center_axis',(-1.,0.,0.));
#1978=DIRECTION('ref_axis',(0.,0.939692620785909,0.342020143325668));
#1979=DIRECTION('',(0.,0.342020143325669,-0.939692620785908));
#1980=DIRECTION('',(0.,-1.,0.));
#1981=DIRECTION('',(0.,0.,1.));
#1982=DIRECTION('',(0.,1.,1.85040217717928E-17));
#1983=DIRECTION('',(0.,-0.342020143325669,0.939692620785908));
#1984=DIRECTION('center_axis',(1.,0.,0.));
#1985=DIRECTION('ref_axis',(0.,0.939692620785909,0.342020143325668));
#1986=DIRECTION('',(0.,-0.5,-0.866025403784439));
#1987=DIRECTION('',(0.,-1.,9.20120459236113E-16));
#1988=DIRECTION('center_axis',(0.,0.,1.));
#1989=DIRECTION('ref_axis',(-0.707106781186547,-0.707106781186547,0.));
#1990=DIRECTION('center_axis',(0.,-1.85040217717928E-17,1.));
#1991=DIRECTION('ref_axis',(-0.707106781186547,-0.707106781186547,0.));
#1992=DIRECTION('',(0.,0.,1.));
#1993=DIRECTION('center_axis',(0.,0.,-1.));
#1994=DIRECTION('ref_axis',(-0.707106781186547,-0.707106781186547,0.));
#1995=DIRECTION('',(0.,0.,-1.));
#1996=DIRECTION('center_axis',(0.,-1.,0.));
#1997=DIRECTION('ref_axis',(0.,0.,-1.));
#1998=DIRECTION('',(1.,0.,0.));
#1999=DIRECTION('',(0.,0.,-1.));
#2000=DIRECTION('',(1.,0.,0.));
#2001=DIRECTION('center_axis',(0.,1.85040217717928E-17,-1.));
#2002=DIRECTION('ref_axis',(0.,1.,1.85040217717928E-17));
#2003=DIRECTION('',(0.,1.,1.85040217717928E-17));
#2004=DIRECTION('',(1.,0.,0.));
#2005=DIRECTION('center_axis',(0.,-1.85040217717928E-17,1.));
#2006=DIRECTION('ref_axis',(0.707106781186547,-0.707106781186547,0.));
#2007=DIRECTION('center_axis',(0.,0.,-1.));
#2008=DIRECTION('ref_axis',(0.707106781186547,-0.707106781186547,0.));
#2009=DIRECTION('center_axis',(0.,0.,-1.));
#2010=DIRECTION('ref_axis',(0.707106781186547,-0.707106781186547,0.));
#2011=DIRECTION('center_axis',(0.40824829046386,-0.816496580927727,0.408248290463865));
#2012=DIRECTION('ref_axis',(0.577350269189623,0.577350269189627,0.577350269189627));
#2013=DIRECTION('center_axis',(0.,1.,0.));
#2014=DIRECTION('ref_axis',(1.,0.,0.));
#2015=DIRECTION('center_axis',(0.,0.,1.));
#2016=DIRECTION('ref_axis',(0.,1.,0.));
#2017=DIRECTION('center_axis',(1.,0.,0.));
#2018=DIRECTION('ref_axis',(0.,0.,1.));
#2019=DIRECTION('center_axis',(0.,0.,1.));
#2020=DIRECTION('ref_axis',(0.707106781186546,0.707106781186549,0.));
#2021=DIRECTION('center_axis',(0.,-9.20120459236113E-16,-1.));
#2022=DIRECTION('ref_axis',(0.707106781186546,0.707106781186549,0.));
#2023=DIRECTION('',(0.,0.,1.));
#2024=DIRECTION('',(0.,0.,-1.));
#2025=DIRECTION('center_axis',(-0.408248290463861,-0.816496580927726,-0.408248290463865));
#2026=DIRECTION('ref_axis',(0.577350269189624,-0.577350269189624,0.577350269189629));
#2027=DIRECTION('center_axis',(1.,0.,0.));
#2028=DIRECTION('ref_axis',(0.,-1.,0.));
#2029=DIRECTION('center_axis',(0.,0.,1.));
#2030=DIRECTION('ref_axis',(1.,0.,0.));
#2031=DIRECTION('center_axis',(0.,-1.,0.));
#2032=DIRECTION('ref_axis',(0.,0.,1.));
#2033=DIRECTION('center_axis',(0.,0.,1.));
#2034=DIRECTION('ref_axis',(0.707106781186546,-0.707106781186549,0.));
#2035=DIRECTION('center_axis',(0.,-9.20120459236113E-16,-1.));
#2036=DIRECTION('ref_axis',(0.707106781186546,-0.707106781186549,0.));
#2037=DIRECTION('',(0.,0.,1.));
#2038=DIRECTION('',(0.,0.,-1.));
#2039=DIRECTION('center_axis',(0.,1.,0.));
#2040=DIRECTION('ref_axis',(0.707106781186544,0.,0.707106781186551));
#2041=DIRECTION('',(0.,-1.,0.));
#2042=DIRECTION('',(0.,1.,0.));
#2043=DIRECTION('center_axis',(-0.408248290463861,-0.816496580927726,0.408248290463865));
#2044=DIRECTION('ref_axis',(-0.577350269189624,0.577350269189624,0.577350269189629));
#2045=DIRECTION('center_axis',(-1.,0.,0.));
#2046=DIRECTION('ref_axis',(0.,1.,0.));
#2047=DIRECTION('center_axis',(0.,0.,1.));
#2048=DIRECTION('ref_axis',(-1.,0.,0.));
#2049=DIRECTION('center_axis',(0.,1.,0.));
#2050=DIRECTION('ref_axis',(0.,0.,1.));
#2051=DIRECTION('center_axis',(0.,0.,1.));
#2052=DIRECTION('ref_axis',(-0.707106781186546,0.707106781186549,0.));
#2053=DIRECTION('center_axis',(0.,-9.20120459236113E-16,-1.));
#2054=DIRECTION('ref_axis',(-0.707106781186546,0.707106781186549,0.));
#2055=DIRECTION('',(0.,0.,1.));
#2056=DIRECTION('',(0.,0.,-1.));
#2057=DIRECTION('center_axis',(0.40824829046386,-0.816496580927727,-0.408248290463865));
#2058=DIRECTION('ref_axis',(-0.577350269189623,-0.577350269189627,0.577350269189627));
#2059=DIRECTION('center_axis',(0.,-1.,0.));
#2060=DIRECTION('ref_axis',(-1.,0.,0.));
#2061=DIRECTION('center_axis',(0.,0.,1.));
#2062=DIRECTION('ref_axis',(0.,-1.,0.));
#2063=DIRECTION('center_axis',(-1.,0.,0.));
#2064=DIRECTION('ref_axis',(0.,0.,1.));
#2065=DIRECTION('center_axis',(0.,0.,1.));
#2066=DIRECTION('ref_axis',(-0.707106781186546,-0.707106781186549,0.));
#2067=DIRECTION('center_axis',(0.,-9.20120459236113E-16,-1.));
#2068=DIRECTION('ref_axis',(-0.707106781186546,-0.707106781186549,0.));
#2069=DIRECTION('',(0.,0.,1.));
#2070=DIRECTION('',(0.,0.,-1.));
#2071=DIRECTION('center_axis',(1.,0.,0.));
#2072=DIRECTION('ref_axis',(0.,-0.707106781186546,0.707106781186549));
#2073=DIRECTION('',(-1.,0.,0.));
#2074=DIRECTION('',(1.,0.,0.));
#2075=DIRECTION('center_axis',(0.,-1.,0.));
#2076=DIRECTION('ref_axis',(-0.707106781186544,0.,0.707106781186551));
#2077=DIRECTION('',(0.,1.,0.));
#2078=DIRECTION('',(0.,-1.,0.));
#2079=DIRECTION('center_axis',(-1.,0.,0.));
#2080=DIRECTION('ref_axis',(0.,0.707106781186546,0.707106781186549));
#2081=DIRECTION('',(1.,0.,0.));
#2082=DIRECTION('',(-1.,0.,0.));
#2083=DIRECTION('center_axis',(1.,0.,0.));
#2084=DIRECTION('ref_axis',(0.,1.,0.));
#2085=DIRECTION('',(0.,-1.,9.20120459236113E-16));
#2086=DIRECTION('center_axis',(0.,-1.,0.));
#2087=DIRECTION('ref_axis',(1.,0.,0.));
#2088=DIRECTION('',(-1.,0.,0.));
#2089=DIRECTION('center_axis',(0.,0.,1.));
#2090=DIRECTION('ref_axis',(1.,0.,0.));
#2091=DIRECTION('center_axis',(-0.408248290463861,-0.816496580927726,-0.408248290463866));
#2092=DIRECTION('ref_axis',(0.577350269189624,-0.577350269189625,0.577350269189628));
#2093=DIRECTION('center_axis',(1.,0.,0.));
#2094=DIRECTION('ref_axis',(0.,-1.,0.));
#2095=DIRECTION('center_axis',(0.,0.,1.));
#2096=DIRECTION('ref_axis',(1.,0.,0.));
#2097=DIRECTION('center_axis',(1.11022302462516E-15,-1.,0.));
#2098=DIRECTION('ref_axis',(0.,0.,1.));
#2099=DIRECTION('center_axis',(0.,0.,1.));
#2100=DIRECTION('ref_axis',(0.707106781186546,-0.707106781186549,0.));
#2101=DIRECTION('center_axis',(0.,-9.20120459236113E-16,-1.));
#2102=DIRECTION('ref_axis',(0.707106781186546,-0.707106781186549,0.));
#2103=DIRECTION('',(0.,0.,1.));
#2104=DIRECTION('',(0.,0.,-1.));
#2105=DIRECTION('center_axis',(0.40824829046386,-0.816496580927727,0.408248290463865));
#2106=DIRECTION('ref_axis',(0.577350269189624,0.577350269189626,0.577350269189628));
#2107=DIRECTION('center_axis',(0.,1.,0.));
#2108=DIRECTION('ref_axis',(1.,0.,0.));
#2109=DIRECTION('center_axis',(0.,0.,1.));
#2110=DIRECTION('ref_axis',(0.,1.,0.));
#2111=DIRECTION('center_axis',(1.,0.,0.));
#2112=DIRECTION('ref_axis',(0.,0.,1.));
#2113=DIRECTION('center_axis',(0.,0.,1.));
#2114=DIRECTION('ref_axis',(0.707106781186547,0.707106781186548,0.));
#2115=DIRECTION('center_axis',(0.,-9.20120459236113E-16,-1.));
#2116=DIRECTION('ref_axis',(0.707106781186547,0.707106781186548,0.));
#2117=DIRECTION('',(0.,0.,1.));
#2118=DIRECTION('',(0.,0.,-1.));
#2119=DIRECTION('center_axis',(0.40824829046386,-0.816496580927727,-0.408248290463865));
#2120=DIRECTION('ref_axis',(-0.577350269189624,-0.577350269189626,0.577350269189628));
#2121=DIRECTION('center_axis',(0.,-1.,0.));
#2122=DIRECTION('ref_axis',(-1.,0.,0.));
#2123=DIRECTION('center_axis',(0.,0.,1.));
#2124=DIRECTION('ref_axis',(0.,-1.,0.));
#2125=DIRECTION('center_axis',(-1.,0.,0.));
#2126=DIRECTION('ref_axis',(0.,0.,1.));
#2127=DIRECTION('center_axis',(0.,0.,1.));
#2128=DIRECTION('ref_axis',(-0.707106781186547,-0.707106781186548,0.));
#2129=DIRECTION('center_axis',(0.,-9.20120459236113E-16,-1.));
#2130=DIRECTION('ref_axis',(-0.707106781186547,-0.707106781186548,0.));
#2131=DIRECTION('',(0.,0.,1.));
#2132=DIRECTION('',(0.,0.,-1.));
#2133=DIRECTION('center_axis',(1.,0.,0.));
#2134=DIRECTION('ref_axis',(0.,-0.707106781186545,0.70710678118655));
#2135=DIRECTION('',(-1.,0.,0.));
#2136=DIRECTION('',(1.,0.,0.));
#2137=DIRECTION('center_axis',(-0.408248290463861,-0.816496580927726,0.408248290463866));
#2138=DIRECTION('ref_axis',(-0.577350269189624,0.577350269189625,0.577350269189628));
#2139=DIRECTION('center_axis',(-1.,0.,0.));
#2140=DIRECTION('ref_axis',(0.,1.,0.));
#2141=DIRECTION('center_axis',(0.,0.,1.));
#2142=DIRECTION('ref_axis',(-1.,0.,0.));
#2143=DIRECTION('center_axis',(-1.11022302462516E-15,1.,0.));
#2144=DIRECTION('ref_axis',(0.,0.,1.));
#2145=DIRECTION('center_axis',(0.,0.,1.));
#2146=DIRECTION('ref_axis',(-0.707106781186546,0.707106781186549,0.));
#2147=DIRECTION('center_axis',(0.,-9.20120459236113E-16,-1.));
#2148=DIRECTION('ref_axis',(-0.707106781186546,0.707106781186549,0.));
#2149=DIRECTION('',(0.,0.,1.));
#2150=DIRECTION('',(0.,0.,-1.));
#2151=DIRECTION('center_axis',(0.,-1.,0.));
#2152=DIRECTION('ref_axis',(-0.707106781186544,0.,0.707106781186551));
#2153=DIRECTION('',(0.,1.,0.));
#2154=DIRECTION('',(0.,-1.,0.));
#2155=DIRECTION('center_axis',(-1.,0.,0.));
#2156=DIRECTION('ref_axis',(0.,0.707106781186545,0.70710678118655));
#2157=DIRECTION('',(1.,0.,0.));
#2158=DIRECTION('',(-1.,0.,0.));
#2159=DIRECTION('center_axis',(0.,1.,0.));
#2160=DIRECTION('ref_axis',(0.707106781186544,0.,0.707106781186551));
#2161=DIRECTION('',(0.,-1.,0.));
#2162=DIRECTION('',(0.,1.,0.));
#2163=DIRECTION('center_axis',(0.,-1.,0.));
#2164=DIRECTION('ref_axis',(1.,0.,0.));
#2165=DIRECTION('',(-1.,0.,0.));
#2166=DIRECTION('center_axis',(-1.,0.,0.));
#2167=DIRECTION('ref_axis',(0.,-1.,0.));
#2168=DIRECTION('',(0.,1.,-9.20120459236113E-16));
#2169=DIRECTION('center_axis',(0.,0.,1.));
#2170=DIRECTION('ref_axis',(1.,0.,0.));
#2171=DIRECTION('center_axis',(0.408248290463859,-0.816496580927725,0.408248290463868));
#2172=DIRECTION('ref_axis',(0.577350269189621,0.577350269189626,0.57735026918963));
#2173=DIRECTION('center_axis',(0.,1.,0.));
#2174=DIRECTION('ref_axis',(1.,0.,0.));
#2175=DIRECTION('center_axis',(0.,0.,1.));
#2176=DIRECTION('ref_axis',(0.,1.,0.));
#2177=DIRECTION('center_axis',(1.,-4.44089209850062E-15,0.));
#2178=DIRECTION('ref_axis',(0.,0.,1.));
#2179=DIRECTION('center_axis',(0.,0.,1.));
#2180=DIRECTION('ref_axis',(0.707106781186546,0.707106781186549,0.));
#2181=DIRECTION('center_axis',(0.,-9.20120459236113E-16,-1.));
#2182=DIRECTION('ref_axis',(0.707106781186546,0.707106781186549,0.));
#2183=DIRECTION('',(0.,0.,1.));
#2184=DIRECTION('',(0.,0.,-1.));
#2185=DIRECTION('center_axis',(-0.408248290463863,-0.816496580927726,-0.408248290463863));
#2186=DIRECTION('ref_axis',(0.577350269189627,-0.577350269189624,0.577350269189627));
#2187=DIRECTION('center_axis',(1.,0.,0.));
#2188=DIRECTION('ref_axis',(0.,-1.,0.));
#2189=DIRECTION('center_axis',(0.,0.,1.));
#2190=DIRECTION('ref_axis',(1.,0.,0.));
#2191=DIRECTION('center_axis',(0.,-1.,0.));
#2192=DIRECTION('ref_axis',(0.,0.,1.));
#2193=DIRECTION('center_axis',(0.,0.,1.));
#2194=DIRECTION('ref_axis',(0.707106781186549,-0.707106781186546,0.));
#2195=DIRECTION('center_axis',(0.,-9.20120459236113E-16,-1.));
#2196=DIRECTION('ref_axis',(0.707106781186549,-0.707106781186546,0.));
#2197=DIRECTION('',(0.,0.,1.));
#2198=DIRECTION('',(0.,0.,-1.));
#2199=DIRECTION('center_axis',(0.,1.,0.));
#2200=DIRECTION('ref_axis',(0.707106781186548,0.,0.707106781186548));
#2201=DIRECTION('',(0.,-1.,0.));
#2202=DIRECTION('',(0.,1.,0.));
#2203=DIRECTION('center_axis',(-0.408248290463862,-0.816496580927726,0.408248290463864));
#2204=DIRECTION('ref_axis',(-0.577350269189624,0.577350269189625,0.577350269189628));
#2205=DIRECTION('center_axis',(-1.,0.,0.));
#2206=DIRECTION('ref_axis',(0.,1.,0.));
#2207=DIRECTION('center_axis',(0.,0.,1.));
#2208=DIRECTION('ref_axis',(-1.,0.,0.));
#2209=DIRECTION('center_axis',(0.,1.,0.));
#2210=DIRECTION('ref_axis',(0.,0.,1.));
#2211=DIRECTION('center_axis',(0.,0.,1.));
#2212=DIRECTION('ref_axis',(-0.707106781186547,0.707106781186548,0.));
#2213=DIRECTION('center_axis',(0.,-9.20120459236113E-16,-1.));
#2214=DIRECTION('ref_axis',(-0.707106781186547,0.707106781186548,0.));
#2215=DIRECTION('',(0.,0.,1.));
#2216=DIRECTION('',(0.,0.,-1.));
#2217=DIRECTION('center_axis',(0.408248290463861,-0.816496580927727,-0.408248290463863));
#2218=DIRECTION('ref_axis',(-0.577350269189626,-0.577350269189625,0.577350269189627));
#2219=DIRECTION('center_axis',(0.,-1.,0.));
#2220=DIRECTION('ref_axis',(-1.,0.,0.));
#2221=DIRECTION('center_axis',(0.,0.,1.));
#2222=DIRECTION('ref_axis',(0.,-1.,0.));
#2223=DIRECTION('center_axis',(-1.,-1.11022302462516E-15,0.));
#2224=DIRECTION('ref_axis',(0.,0.,1.));
#2225=DIRECTION('center_axis',(0.,0.,1.));
#2226=DIRECTION('ref_axis',(-0.707106781186547,-0.707106781186547,0.));
#2227=DIRECTION('center_axis',(0.,-9.20120459236113E-16,-1.));
#2228=DIRECTION('ref_axis',(-0.707106781186547,-0.707106781186547,0.));
#2229=DIRECTION('',(0.,0.,1.));
#2230=DIRECTION('',(0.,0.,-1.));
#2231=DIRECTION('center_axis',(1.,0.,0.));
#2232=DIRECTION('ref_axis',(0.,-0.707106781186546,0.707106781186549));
#2233=DIRECTION('',(-1.,0.,0.));
#2234=DIRECTION('',(1.,0.,0.));
#2235=DIRECTION('center_axis',(0.,-1.,0.));
#2236=DIRECTION('ref_axis',(-0.707106781186545,0.,0.70710678118655));
#2237=DIRECTION('',(0.,1.,0.));
#2238=DIRECTION('',(0.,-1.,0.));
#2239=DIRECTION('center_axis',(-1.,0.,0.));
#2240=DIRECTION('ref_axis',(0.,0.707106781186546,0.707106781186549));
#2241=DIRECTION('',(1.,0.,0.));
#2242=DIRECTION('',(-1.,0.,0.));
#2243=DIRECTION('center_axis',(1.,0.,0.));
#2244=DIRECTION('ref_axis',(0.,1.,0.));
#2245=DIRECTION('',(0.,-1.,9.20120459236113E-16));
#2246=DIRECTION('center_axis',(0.,-1.,0.));
#2247=DIRECTION('ref_axis',(1.,0.,0.));
#2248=DIRECTION('',(-1.,0.,0.));
#2249=DIRECTION('center_axis',(0.,0.,1.));
#2250=DIRECTION('ref_axis',(1.,0.,0.));
#2251=DIRECTION('center_axis',(-0.408248290463863,-0.816496580927726,-0.408248290463863));
#2252=DIRECTION('ref_axis',(0.577350269189626,-0.577350269189625,0.577350269189626));
#2253=DIRECTION('center_axis',(1.,0.,0.));
#2254=DIRECTION('ref_axis',(0.,-1.,0.));
#2255=DIRECTION('center_axis',(0.,0.,1.));
#2256=DIRECTION('ref_axis',(1.,0.,0.));
#2257=DIRECTION('center_axis',(1.11022302462516E-15,-1.,0.));
#2258=DIRECTION('ref_axis',(0.,0.,1.));
#2259=DIRECTION('center_axis',(0.,0.,1.));
#2260=DIRECTION('ref_axis',(0.707106781186549,-0.707106781186546,0.));
#2261=DIRECTION('center_axis',(0.,-9.20120459236113E-16,-1.));
#2262=DIRECTION('ref_axis',(0.707106781186549,-0.707106781186546,0.));
#2263=DIRECTION('',(0.,0.,1.));
#2264=DIRECTION('',(0.,0.,-1.));
#2265=DIRECTION('center_axis',(0.40824829046386,-0.816496580927727,0.408248290463865));
#2266=DIRECTION('ref_axis',(0.577350269189622,0.577350269189625,0.577350269189631));
#2267=DIRECTION('center_axis',(0.,1.,0.));
#2268=DIRECTION('ref_axis',(1.,0.,0.));
#2269=DIRECTION('center_axis',(0.,0.,1.));
#2270=DIRECTION('ref_axis',(0.,1.,0.));
#2271=DIRECTION('center_axis',(1.,-4.44089209850063E-15,0.));
#2272=DIRECTION('ref_axis',(0.,0.,1.));
#2273=DIRECTION('center_axis',(0.,0.,1.));
#2274=DIRECTION('ref_axis',(0.707106781186547,0.707106781186548,0.));
#2275=DIRECTION('center_axis',(0.,-9.20120459236113E-16,-1.));
#2276=DIRECTION('ref_axis',(0.707106781186547,0.707106781186548,0.));
#2277=DIRECTION('',(0.,0.,1.));
#2278=DIRECTION('',(0.,0.,-1.));
#2279=DIRECTION('center_axis',(0.408248290463861,-0.816496580927727,-0.408248290463864));
#2280=DIRECTION('ref_axis',(-0.577350269189625,-0.577350269189624,0.577350269189628));
#2281=DIRECTION('center_axis',(0.,-1.,0.));
#2282=DIRECTION('ref_axis',(-1.,0.,0.));
#2283=DIRECTION('center_axis',(0.,0.,1.));
#2284=DIRECTION('ref_axis',(0.,-1.,0.));
#2285=DIRECTION('center_axis',(-1.,-1.11022302462516E-15,0.));
#2286=DIRECTION('ref_axis',(0.,0.,1.));
#2287=DIRECTION('center_axis',(0.,0.,1.));
#2288=DIRECTION('ref_axis',(-0.707106781186548,-0.707106781186547,0.));
#2289=DIRECTION('center_axis',(0.,-9.20120459236113E-16,-1.));
#2290=DIRECTION('ref_axis',(-0.707106781186548,-0.707106781186547,0.));
#2291=DIRECTION('',(0.,0.,1.));
#2292=DIRECTION('',(0.,0.,-1.));
#2293=DIRECTION('center_axis',(1.,0.,0.));
#2294=DIRECTION('ref_axis',(0.,-0.707106781186545,0.70710678118655));
#2295=DIRECTION('',(-1.,0.,0.));
#2296=DIRECTION('',(1.,0.,0.));
#2297=DIRECTION('center_axis',(-0.408248290463862,-0.816496580927726,0.408248290463864));
#2298=DIRECTION('ref_axis',(-0.577350269189624,0.577350269189626,0.577350269189627));
#2299=DIRECTION('center_axis',(-1.,0.,0.));
#2300=DIRECTION('ref_axis',(0.,1.,0.));
#2301=DIRECTION('center_axis',(0.,0.,1.));
#2302=DIRECTION('ref_axis',(-1.,0.,0.));
#2303=DIRECTION('center_axis',(-1.11022302462516E-15,1.,0.));
#2304=DIRECTION('ref_axis',(0.,0.,1.));
#2305=DIRECTION('center_axis',(0.,0.,1.));
#2306=DIRECTION('ref_axis',(-0.707106781186547,0.707106781186548,0.));
#2307=DIRECTION('center_axis',(0.,-9.20120459236113E-16,-1.));
#2308=DIRECTION('ref_axis',(-0.707106781186547,0.707106781186548,0.));
#2309=DIRECTION('',(0.,0.,1.));
#2310=DIRECTION('',(0.,0.,-1.));
#2311=DIRECTION('center_axis',(0.,-1.,0.));
#2312=DIRECTION('ref_axis',(-0.707106781186545,0.,0.70710678118655));
#2313=DIRECTION('',(0.,1.,0.));
#2314=DIRECTION('',(0.,-1.,0.));
#2315=DIRECTION('center_axis',(-1.,0.,0.));
#2316=DIRECTION('ref_axis',(0.,0.707106781186545,0.70710678118655));
#2317=DIRECTION('',(1.,0.,0.));
#2318=DIRECTION('',(-1.,0.,0.));
#2319=DIRECTION('center_axis',(0.,1.,0.));
#2320=DIRECTION('ref_axis',(0.707106781186548,0.,0.707106781186548));
#2321=DIRECTION('',(0.,-1.,0.));
#2322=DIRECTION('',(0.,1.,0.));
#2323=DIRECTION('center_axis',(0.,-1.,0.));
#2324=DIRECTION('ref_axis',(1.,0.,0.));
#2325=DIRECTION('',(-1.,0.,0.));
#2326=DIRECTION('center_axis',(-1.,0.,0.));
#2327=DIRECTION('ref_axis',(0.,-1.,0.));
#2328=DIRECTION('',(0.,1.,-9.20120459236113E-16));
#2329=DIRECTION('center_axis',(0.,0.,1.));
#2330=DIRECTION('ref_axis',(1.,0.,0.));
#2331=DIRECTION('center_axis',(0.,1.,0.));
#2332=DIRECTION('ref_axis',(-1.,0.,0.));
#2333=DIRECTION('',(1.,0.,0.));
#2334=DIRECTION('center_axis',(1.,0.,0.));
#2335=DIRECTION('ref_axis',(0.,1.,0.));
#2336=DIRECTION('',(0.,-1.,9.20120459236113E-16));
#2337=DIRECTION('center_axis',(0.,1.,0.));
#2338=DIRECTION('ref_axis',(-1.,0.,0.));
#2339=DIRECTION('',(1.,0.,0.));
#2340=DIRECTION('center_axis',(1.,0.,0.));
#2341=DIRECTION('ref_axis',(0.,1.,0.));
#2342=DIRECTION('',(0.,-1.,9.20120459236113E-16));
#2343=DIRECTION('center_axis',(0.,1.,0.));
#2344=DIRECTION('ref_axis',(-1.,0.,0.));
#2345=DIRECTION('',(1.,0.,0.));
#2346=DIRECTION('center_axis',(-1.,0.,0.));
#2347=DIRECTION('ref_axis',(0.,-1.,0.));
#2348=DIRECTION('',(0.,1.,-9.20120459236113E-16));
#2349=DIRECTION('center_axis',(0.,1.,0.));
#2350=DIRECTION('ref_axis',(-1.,0.,0.));
#2351=DIRECTION('',(1.,0.,0.));
#2352=DIRECTION('center_axis',(-1.,0.,0.));
#2353=DIRECTION('ref_axis',(0.,-1.,0.));
#2354=DIRECTION('',(0.,1.,-9.20120459236113E-16));
#2355=DIRECTION('center_axis',(0.,0.,-1.));
#2356=DIRECTION('ref_axis',(0.,1.,0.));
#2357=DIRECTION('',(0.,-1.,0.));
#2358=DIRECTION('',(1.,0.,0.));
#2359=DIRECTION('center_axis',(0.,0.,-1.));
#2360=DIRECTION('ref_axis',(0.,1.,0.));
#2361=DIRECTION('',(1.,0.,0.));
#2362=DIRECTION('',(1.,0.,0.));
#2363=DIRECTION('center_axis',(0.,0.866025403784439,-0.5));
#2364=DIRECTION('ref_axis',(0.,0.5,0.866025403784439));
#2365=DIRECTION('center_axis',(0.,-0.866025403784439,0.5));
#2366=DIRECTION('ref_axis',(1.,5.49417910395304E-16,-3.1720657846433E-16));
#2367=DIRECTION('',(0.,-0.5,-0.866025403784439));
#2368=DIRECTION('',(1.,0.,0.));
#2369=DIRECTION('center_axis',(-6.34413156928661E-16,0.866025403784439,
-0.5));
#2370=DIRECTION('ref_axis',(1.,5.49417910395304E-16,-3.1720657846433E-16));
#2371=DIRECTION('center_axis',(0.,0.866025403784439,-0.5));
#2372=DIRECTION('ref_axis',(1.,5.49417910395304E-16,-3.1720657846433E-16));
#2373=DIRECTION('center_axis',(0.,-0.866025403784439,0.5));
#2374=DIRECTION('ref_axis',(0.,-0.5,-0.866025403784439));
#2375=DIRECTION('',(1.,0.,0.));
#2376=DIRECTION('',(1.,0.,0.));
#2377=DIRECTION('',(0.,-0.5,-0.866025403784439));
#2378=DIRECTION('',(1.,0.,0.));
#2379=DIRECTION('center_axis',(0.,9.20120459236113E-16,1.));
#2380=DIRECTION('ref_axis',(0.,-1.,9.20120459236113E-16));
#2381=DIRECTION('center_axis',(0.,0.,1.));
#2382=DIRECTION('ref_axis',(0.,-1.,0.));
#2383=DIRECTION('',(1.,0.,0.));
#2384=DIRECTION('center_axis',(0.,-1.,0.));
#2385=DIRECTION('ref_axis',(0.,0.,-1.));
#2386=DIRECTION('center_axis',(-1.,0.,0.));
#2387=DIRECTION('ref_axis',(0.,0.342020143325669,-0.939692620785909));
#2388=DIRECTION('',(0.,-0.342020143325669,0.939692620785908));
#2389=DIRECTION('',(0.,-0.939692620785908,-0.342020143325669));
#2390=DIRECTION('',(0.,0.342020143325669,-0.939692620785908));
#2391=DIRECTION('',(0.,-0.939692620785908,-0.342020143325669));
#2392=DIRECTION('center_axis',(0.,-0.939692620785908,-0.342020143325669));
#2393=DIRECTION('ref_axis',(-1.,0.,0.));
#2394=DIRECTION('center_axis',(0.,0.939692620785908,0.342020143325669));
#2395=DIRECTION('ref_axis',(-1.,0.,0.));
#2396=DIRECTION('center_axis',(0.,-0.939692620785908,-0.342020143325669));
#2397=DIRECTION('ref_axis',(-1.,0.,0.));
#2398=DIRECTION('',(0.,-0.939692620785908,-0.342020143325669));
#2399=DIRECTION('center_axis',(1.,0.,0.));
#2400=DIRECTION('ref_axis',(0.,-0.342020143325669,0.939692620785909));
#2401=DIRECTION('',(0.,0.342020143325669,-0.939692620785908));
#2402=DIRECTION('',(0.,-0.342020143325669,0.939692620785908));
#2403=DIRECTION('',(0.,-0.939692620785908,-0.342020143325669));
#2404=DIRECTION('center_axis',(0.,-0.939692620785908,-0.342020143325669));
#2405=DIRECTION('ref_axis',(1.,0.,0.));
#2406=DIRECTION('center_axis',(0.,0.939692620785908,0.342020143325669));
#2407=DIRECTION('ref_axis',(1.,0.,0.));
#2408=DIRECTION('center_axis',(0.,-0.939692620785908,-0.342020143325669));
#2409=DIRECTION('ref_axis',(1.,0.,0.));
#2410=DIRECTION('center_axis',(0.,0.,1.));
#2411=DIRECTION('ref_axis',(0.,-1.,0.));
#2412=DIRECTION('',(1.,0.,0.));
#2413=DIRECTION('',(0.,1.,0.));
#2414=DIRECTION('center_axis',(0.,-0.939692620785908,-0.342020143325669));
#2415=DIRECTION('ref_axis',(0.,0.342020143325669,-0.939692620785908));
#2416=DIRECTION('',(0.,-0.342020143325669,0.939692620785908));
#2417=DIRECTION('',(1.,0.,0.));
#2418=DIRECTION('center_axis',(1.,0.,0.));
#2419=DIRECTION('ref_axis',(0.,0.939692620785909,0.342020143325668));
#2420=DIRECTION('center_axis',(1.,0.,0.));
#2421=DIRECTION('ref_axis',(0.,0.939692620785909,0.342020143325668));
#2422=DIRECTION('center_axis',(0.,9.20120459236113E-16,1.));
#2423=DIRECTION('ref_axis',(0.,-1.,9.20120459236113E-16));
#2424=DIRECTION('',(0.,-1.,9.20120459236113E-16));
#2425=DIRECTION('center_axis',(1.,0.,0.));
#2426=DIRECTION('ref_axis',(0.,0.939692620785909,0.342020143325668));
#2427=DIRECTION('center_axis',(1.,0.,0.));
#2428=DIRECTION('ref_axis',(0.,0.939692620785909,0.342020143325668));
#2429=DIRECTION('',(1.,0.,0.));
#2430=DIRECTION('center_axis',(0.,0.939692620785908,0.342020143325669));
#2431=DIRECTION('ref_axis',(0.,-0.342020143325669,0.939692620785908));
#2432=DIRECTION('',(0.,-0.342020143325669,0.939692620785908));
#2433=DIRECTION('center_axis',(1.,0.,0.));
#2434=DIRECTION('ref_axis',(0.,1.,0.));
#2435=DIRECTION('',(0.,0.,1.));
#2436=DIRECTION('',(1.,0.,0.));
#2437=CARTESIAN_POINT('',(0.,0.,0.));
#2438=CARTESIAN_POINT('',(0.,0.,0.));
#2439=CARTESIAN_POINT('Origin',(0.5,2.4652431539048,3.33605252947787));
#2440=CARTESIAN_POINT('',(0.,0.0805604066297254,3.33605252947787));
#2441=CARTESIAN_POINT('',(0.5,0.0805604066297254,3.83605252947787));
#2442=CARTESIAN_POINT('Origin',(0.5,0.0805604066297256,3.33605252947787));
#2443=CARTESIAN_POINT('',(0.5,0.430560406629725,3.83605252947787));
#2444=CARTESIAN_POINT('',(0.5,2.4652431539048,3.83605252947787));
#2445=CARTESIAN_POINT('',(0.,0.430560406629725,3.33605252947787));
#2446=CARTESIAN_POINT('Origin',(0.5,0.430560406629725,3.33605252947787));
#2447=CARTESIAN_POINT('',(0.,2.4652431539048,3.33605252947787));
#2448=CARTESIAN_POINT('Origin',(0.,0.430560406629725,3.83605252947787));
#2449=CARTESIAN_POINT('',(2.5,0.0805604066297254,3.83605252947787));
#2450=CARTESIAN_POINT('',(0.,0.0805604066297254,3.83605252947787));
#2451=CARTESIAN_POINT('',(2.5,0.430560406629725,3.83605252947787));
#2452=CARTESIAN_POINT('',(2.5,0.255560406629726,3.83605252947787));
#2453=CARTESIAN_POINT('',(0.,0.430560406629725,3.83605252947787));
#2454=CARTESIAN_POINT('Origin',(0.,0.0805604066297254,3.83605252947787));
#2455=CARTESIAN_POINT('',(0.,0.0805604066297254,2.83605252947787));
#2456=CARTESIAN_POINT('',(0.,0.0805604066297254,2.83605252947787));
#2457=CARTESIAN_POINT('',(3.,0.0805604066297256,2.83605252947787));
#2458=CARTESIAN_POINT('',(0.,0.0805604066297254,2.83605252947787));
#2459=CARTESIAN_POINT('',(3.,0.0805604066297254,3.33605252947787));
#2460=CARTESIAN_POINT('',(3.,0.0805604066297254,3.33605252947787));
#2461=CARTESIAN_POINT('Origin',(2.5,0.0805604066297254,3.33605252947787));
#2462=CARTESIAN_POINT('Origin',(2.5,0.255560406629726,3.33605252947787));
#2463=CARTESIAN_POINT('',(3.,0.430560406629725,3.33605252947787));
#2464=CARTESIAN_POINT('',(3.,0.255560406629726,3.33605252947787));
#2465=CARTESIAN_POINT('Origin',(2.5,0.430560406629725,3.33605252947787));
#2466=CARTESIAN_POINT('Origin',(0.,0.430560406629725,3.18605252947787));
#2467=CARTESIAN_POINT('',(3.,0.430560406629725,3.18605252947787));
#2468=CARTESIAN_POINT('',(3.,0.430560406629725,3.01105252947787));
#2469=CARTESIAN_POINT('',(0.,0.430560406629725,3.18605252947787));
#2470=CARTESIAN_POINT('',(0.,0.430560406629725,3.18605252947787));
#2471=CARTESIAN_POINT('',(0.,0.430560406629725,3.18605252947787));
#2472=CARTESIAN_POINT('Origin',(3.,0.0805604066297256,2.83605252947787));
#2473=CARTESIAN_POINT('',(3.,2.08056040662973,2.83605252947787));
#2474=CARTESIAN_POINT('',(3.,0.0805604066297255,2.83605252947787));
#2475=CARTESIAN_POINT('',(3.,2.93366929795428,4.31368047364075));
#2476=CARTESIAN_POINT('',(3.,2.132114852292,2.92534744872098));
#2477=CARTESIAN_POINT('',(3.,2.63056040662973,4.48868047364075));
#2478=CARTESIAN_POINT('',(3.,2.63056040662973,4.48868047364075));
#2479=CARTESIAN_POINT('',(3.,1.87848781241336,3.18605252947787));
#2480=CARTESIAN_POINT('',(3.,2.77745151530517,4.74310333704675));
#2481=CARTESIAN_POINT('',(3.,0.979524109521541,3.18605252947787));
#2482=CARTESIAN_POINT('Origin',(5.,1.53056040662973,3.33605252947787));
#2483=CARTESIAN_POINT('',(4.5,0.0805604066297254,3.33605252947787));
#2484=CARTESIAN_POINT('',(5.,0.0805604066297254,3.83605252947787));
#2485=CARTESIAN_POINT('Origin',(5.,0.0805604066297281,3.33605252947787));
#2486=CARTESIAN_POINT('',(5.,0.430560406629725,3.83605252947787));
#2487=CARTESIAN_POINT('',(5.,1.53056040662973,3.83605252947787));
#2488=CARTESIAN_POINT('',(4.5,0.430560406629725,3.33605252947787));
#2489=CARTESIAN_POINT('Origin',(5.,0.430560406629728,3.33605252947787));
#2490=CARTESIAN_POINT('',(4.5,1.53056040662973,3.33605252947787));
#2491=CARTESIAN_POINT('Origin',(4.5,2.63056040662973,4.48868047364075));
#2492=CARTESIAN_POINT('',(4.5,0.430560406629725,3.18605252947787));
#2493=CARTESIAN_POINT('',(4.5,0.430560406629725,3.51105252947787));
#2494=CARTESIAN_POINT('',(4.5,1.87848781241336,3.18605252947787));
#2495=CARTESIAN_POINT('',(4.5,0.97952410952154,3.18605252947787));
#2496=CARTESIAN_POINT('',(4.5,2.63056040662973,4.48868047364075));
#2497=CARTESIAN_POINT('',(4.5,2.99395786625128,5.11810333704675));
#2498=CARTESIAN_POINT('',(4.5,2.93366929795428,4.31368047364075));
#2499=CARTESIAN_POINT('',(4.5,2.63056040662973,4.48868047364075));
#2500=CARTESIAN_POINT('',(4.5,2.08056040662973,2.83605252947787));
#2501=CARTESIAN_POINT('',(4.5,2.132114852292,2.92534744872098));
#2502=CARTESIAN_POINT('',(4.5,0.0805604066297256,2.83605252947787));
#2503=CARTESIAN_POINT('',(4.5,0.0805604066297255,2.83605252947787));
#2504=CARTESIAN_POINT('',(4.5,0.0805604066297254,3.83605252947787));
#2505=CARTESIAN_POINT('Origin',(0.,0.430560406629725,3.18605252947787));
#2506=CARTESIAN_POINT('',(7.,0.430560406629725,3.83605252947787));
#2507=CARTESIAN_POINT('',(0.,0.430560406629725,3.83605252947787));
#2508=CARTESIAN_POINT('',(7.5,0.430560406629725,3.33605252947787));
#2509=CARTESIAN_POINT('Origin',(7.,0.430560406629725,3.33605252947787));
#2510=CARTESIAN_POINT('',(7.5,0.430560406629725,3.18605252947787));
#2511=CARTESIAN_POINT('',(7.5,0.430560406629725,3.18605252947787));
#2512=CARTESIAN_POINT('',(0.,0.430560406629725,3.18605252947787));
#2513=CARTESIAN_POINT('Origin',(7.,2.4652431539048,3.33605252947787));
#2514=CARTESIAN_POINT('',(7.,0.0805604066297254,3.83605252947787));
#2515=CARTESIAN_POINT('',(7.5,0.0805604066297254,3.33605252947787));
#2516=CARTESIAN_POINT('Origin',(7.,0.0805604066297256,3.33605252947787));
#2517=CARTESIAN_POINT('',(7.5,2.4652431539048,3.33605252947787));
#2518=CARTESIAN_POINT('',(7.,2.4652431539048,3.83605252947787));
#2519=CARTESIAN_POINT('Origin',(7.5,4.49992590117987,3.77058977420003));
#2520=CARTESIAN_POINT('',(7.5,0.0805604066297256,2.83605252947787));
#2521=CARTESIAN_POINT('',(7.5,0.0805604066297254,2.83605252947787));
#2522=CARTESIAN_POINT('',(7.5,2.08056040662973,2.83605252947787));
#2523=CARTESIAN_POINT('',(7.5,2.08056040662973,2.83605252947787));
#2524=CARTESIAN_POINT('',(7.5,4.58056040662972,7.16617954840006));
#2525=CARTESIAN_POINT('',(7.5,4.58056040662972,7.16617954840006));
#2526=CARTESIAN_POINT('',(7.5,5.93484892505748,7.04769465589431));
#2527=CARTESIAN_POINT('Origin',(7.5,5.23007945946805,6.79117954840006));
#2528=CARTESIAN_POINT('',(7.5,8.5,0.));
#2529=CARTESIAN_POINT('',(7.5,8.5,0.));
#2530=CARTESIAN_POINT('',(7.5,1.5,0.));
#2531=CARTESIAN_POINT('',(7.5,0.,0.));
#2532=CARTESIAN_POINT('',(7.5,1.5,-0.35));
#2533=CARTESIAN_POINT('',(7.5,1.5,1.88529488710002));
#2534=CARTESIAN_POINT('',(7.5,8.99985180235974,-0.35));
#2535=CARTESIAN_POINT('',(7.5,0.,-0.35));
#2536=CARTESIAN_POINT('',(7.5,6.26374134233255,7.1674017060583));
#2537=CARTESIAN_POINT('',(7.5,8.99985180235974,-0.35));
#2538=CARTESIAN_POINT('',(7.5,4.27745151530517,7.34117954840006));
#2539=CARTESIAN_POINT('Origin',(7.5,5.23007945946805,6.79117954840006));
#2540=CARTESIAN_POINT('',(7.5,1.87848781241336,3.18605252947787));
#2541=CARTESIAN_POINT('',(7.5,4.27745151530517,7.34117954840006));
#2542=CARTESIAN_POINT('',(7.5,1.87848781241336,3.18605252947787));
#2543=CARTESIAN_POINT('Origin',(1.5,1.5,1.88529488710002));
#2544=CARTESIAN_POINT('',(0.,1.5,-0.35));
#2545=CARTESIAN_POINT('',(1.5,0.,-0.35));
#2546=CARTESIAN_POINT('Origin',(1.5,1.5,-0.35));
#2547=CARTESIAN_POINT('',(1.5,0.,0.));
#2548=CARTESIAN_POINT('',(1.5,0.,1.88529488710002));
#2549=CARTESIAN_POINT('',(0.,1.5,0.));
#2550=CARTESIAN_POINT('Origin',(1.5,1.5,0.));
#2551=CARTESIAN_POINT('',(0.,1.5,1.88529488710002));
#2552=CARTESIAN_POINT('Origin',(0.,0.,0.));
#2553=CARTESIAN_POINT('',(6.,0.,-0.35));
#2554=CARTESIAN_POINT('',(0.,0.,-0.35));
#2555=CARTESIAN_POINT('',(6.,0.,0.));
#2556=CARTESIAN_POINT('',(6.,0.,1.88529488710002));
#2557=CARTESIAN_POINT('',(0.,0.,0.));
#2558=CARTESIAN_POINT('Origin',(0.,0.,-0.35));
#2559=CARTESIAN_POINT('',(0.,8.99985180235974,-0.35));
#2560=CARTESIAN_POINT('',(0.,0.,-0.35));
#2561=CARTESIAN_POINT('',(0.,8.99985180235974,-0.35));
#2562=CARTESIAN_POINT('Origin',(6.,1.5,-0.35));
#2563=CARTESIAN_POINT('Origin',(6.,1.5,1.88529488710002));
#2564=CARTESIAN_POINT('Origin',(6.,1.5,0.));
#2565=CARTESIAN_POINT('Origin',(7.,1.43056040662972,3.38605252947787));
#2566=CARTESIAN_POINT('',(7.1,1.43056040662972,3.38605252947787));
#2567=CARTESIAN_POINT('',(7.,1.43056040662972,3.48605252947787));
#2568=CARTESIAN_POINT('Origin',(7.,1.43056040662972,3.38605252947787));
#2569=CARTESIAN_POINT('',(7.,1.53056040662972,3.38605252947787));
#2570=CARTESIAN_POINT('Origin',(7.,1.43056040662972,3.38605252947787));
#2571=CARTESIAN_POINT('Origin',(7.,1.43056040662972,3.38605252947787));
#2572=CARTESIAN_POINT('Origin',(7.,1.43056040662972,3.18605252947787));
#2573=CARTESIAN_POINT('',(7.1,1.43056040662972,3.18605252947787));
#2574=CARTESIAN_POINT('',(7.,1.53056040662972,3.18605252947787));
#2575=CARTESIAN_POINT('Origin',(7.,1.43056040662972,3.18605252947787));
#2576=CARTESIAN_POINT('',(7.,1.53056040662972,3.18605252947787));
#2577=CARTESIAN_POINT('',(7.1,1.43056040662972,3.18605252947787));
#2578=CARTESIAN_POINT('Origin',(7.,1.33056040662972,3.38605252947787));
#2579=CARTESIAN_POINT('',(7.,1.23056040662972,3.38605252947787));
#2580=CARTESIAN_POINT('',(7.,1.33056040662972,3.48605252947787));
#2581=CARTESIAN_POINT('Origin',(7.,1.33056040662972,3.38605252947787));
#2582=CARTESIAN_POINT('',(7.1,1.33056040662972,3.38605252947787));
#2583=CARTESIAN_POINT('Origin',(7.,1.33056040662972,3.38605252947787));
#2584=CARTESIAN_POINT('Origin',(7.,1.33056040662972,3.38605252947787));
#2585=CARTESIAN_POINT('Origin',(7.,1.33056040662972,3.18605252947787));
#2586=CARTESIAN_POINT('',(7.,1.23056040662972,3.18605252947787));
#2587=CARTESIAN_POINT('',(7.1,1.33056040662972,3.18605252947787));
#2588=CARTESIAN_POINT('Origin',(7.,1.33056040662972,3.18605252947787));
#2589=CARTESIAN_POINT('',(7.1,1.33056040662972,3.18605252947787));
#2590=CARTESIAN_POINT('',(7.,1.23056040662972,3.18605252947787));
#2591=CARTESIAN_POINT('Origin',(7.,1.30556040662972,3.38605252947787));
#2592=CARTESIAN_POINT('',(7.,1.30556040662972,3.48605252947787));
#2593=CARTESIAN_POINT('',(7.1,1.30556040662972,3.38605252947787));
#2594=CARTESIAN_POINT('Origin',(5.2,1.43056040662972,3.38605252947787));
#2595=CARTESIAN_POINT('',(5.2,1.53056040662972,3.38605252947787));
#2596=CARTESIAN_POINT('',(5.2,1.43056040662972,3.48605252947787));
#2597=CARTESIAN_POINT('Origin',(5.2,1.43056040662972,3.38605252947787));
#2598=CARTESIAN_POINT('',(5.1,1.43056040662972,3.38605252947787));
#2599=CARTESIAN_POINT('Origin',(5.2,1.43056040662972,3.38605252947787));
#2600=CARTESIAN_POINT('Origin',(5.2,1.43056040662972,3.38605252947787));
#2601=CARTESIAN_POINT('Origin',(5.2,1.43056040662972,3.18605252947787));
#2602=CARTESIAN_POINT('',(5.2,1.53056040662972,3.18605252947787));
#2603=CARTESIAN_POINT('',(5.1,1.43056040662972,3.18605252947787));
#2604=CARTESIAN_POINT('Origin',(5.2,1.43056040662972,3.18605252947787));
#2605=CARTESIAN_POINT('',(5.1,1.43056040662972,3.18605252947787));
#2606=CARTESIAN_POINT('',(5.2,1.53056040662972,3.18605252947787));
#2607=CARTESIAN_POINT('Origin',(5.2,1.33056040662972,3.38605252947787));
#2608=CARTESIAN_POINT('',(5.1,1.33056040662972,3.38605252947787));
#2609=CARTESIAN_POINT('',(5.2,1.33056040662972,3.48605252947787));
#2610=CARTESIAN_POINT('Origin',(5.2,1.33056040662972,3.38605252947787));
#2611=CARTESIAN_POINT('',(5.2,1.23056040662972,3.38605252947787));
#2612=CARTESIAN_POINT('Origin',(5.2,1.33056040662972,3.38605252947787));
#2613=CARTESIAN_POINT('Origin',(5.2,1.33056040662972,3.38605252947787));
#2614=CARTESIAN_POINT('Origin',(5.2,1.33056040662972,3.18605252947787));
#2615=CARTESIAN_POINT('',(5.1,1.33056040662972,3.18605252947787));
#2616=CARTESIAN_POINT('',(5.2,1.23056040662972,3.18605252947787));
#2617=CARTESIAN_POINT('Origin',(5.2,1.33056040662972,3.18605252947787));
#2618=CARTESIAN_POINT('',(5.2,1.23056040662972,3.18605252947787));
#2619=CARTESIAN_POINT('',(5.1,1.33056040662972,3.18605252947787));
#2620=CARTESIAN_POINT('Origin',(5.6,1.33056040662972,3.38605252947787));
#2621=CARTESIAN_POINT('',(5.6,1.33056040662972,3.48605252947787));
#2622=CARTESIAN_POINT('',(5.6,1.23056040662972,3.38605252947787));
#2623=CARTESIAN_POINT('Origin',(5.2,1.45556040662972,3.38605252947787));
#2624=CARTESIAN_POINT('',(5.2,1.45556040662972,3.48605252947787));
#2625=CARTESIAN_POINT('',(5.1,1.45556040662972,3.38605252947787));
#2626=CARTESIAN_POINT('Origin',(6.6,1.43056040662972,3.38605252947787));
#2627=CARTESIAN_POINT('',(6.6,1.43056040662972,3.48605252947787));
#2628=CARTESIAN_POINT('',(6.6,1.53056040662972,3.38605252947787));
#2629=CARTESIAN_POINT('Origin',(7.1,1.23056040662972,3.18605252947787));
#2630=CARTESIAN_POINT('',(7.1,1.55452410952154,3.18605252947787));
#2631=CARTESIAN_POINT('Origin',(5.1,1.23056040662972,3.18605252947787));
#2632=CARTESIAN_POINT('',(2.55,1.23056040662972,3.18605252947787));
#2633=CARTESIAN_POINT('Origin',(6.1,1.38056040662972,3.48605252947787));
#2634=CARTESIAN_POINT('Origin',(7.,0.730560406629722,3.38605252947787));
#2635=CARTESIAN_POINT('',(7.,0.630560406629722,3.38605252947787));
#2636=CARTESIAN_POINT('',(7.,0.730560406629722,3.48605252947787));
#2637=CARTESIAN_POINT('Origin',(7.,0.730560406629722,3.38605252947787));
#2638=CARTESIAN_POINT('',(7.1,0.730560406629722,3.38605252947787));
#2639=CARTESIAN_POINT('Origin',(7.,0.730560406629722,3.38605252947787));
#2640=CARTESIAN_POINT('Origin',(7.,0.730560406629722,3.38605252947787));
#2641=CARTESIAN_POINT('Origin',(7.,0.730560406629722,3.18605252947787));
#2642=CARTESIAN_POINT('',(7.,0.630560406629722,3.18605252947787));
#2643=CARTESIAN_POINT('',(7.1,0.730560406629722,3.18605252947787));
#2644=CARTESIAN_POINT('Origin',(7.,0.730560406629722,3.18605252947787));
#2645=CARTESIAN_POINT('',(7.1,0.730560406629722,3.18605252947787));
#2646=CARTESIAN_POINT('',(7.,0.630560406629722,3.18605252947787));
#2647=CARTESIAN_POINT('Origin',(7.,0.830560406629722,3.38605252947787));
#2648=CARTESIAN_POINT('',(7.1,0.830560406629722,3.38605252947787));
#2649=CARTESIAN_POINT('',(7.,0.830560406629722,3.48605252947787));
#2650=CARTESIAN_POINT('Origin',(7.,0.830560406629722,3.38605252947787));
#2651=CARTESIAN_POINT('',(7.,0.930560406629722,3.38605252947787));
#2652=CARTESIAN_POINT('Origin',(7.,0.830560406629722,3.38605252947787));
#2653=CARTESIAN_POINT('Origin',(7.,0.830560406629722,3.38605252947787));
#2654=CARTESIAN_POINT('Origin',(7.,0.830560406629722,3.18605252947787));
#2655=CARTESIAN_POINT('',(7.1,0.830560406629722,3.18605252947787));
#2656=CARTESIAN_POINT('',(7.,0.930560406629722,3.18605252947787));
#2657=CARTESIAN_POINT('Origin',(7.,0.830560406629722,3.18605252947787));
#2658=CARTESIAN_POINT('',(7.,0.930560406629722,3.18605252947787));
#2659=CARTESIAN_POINT('',(7.1,0.830560406629722,3.18605252947787));
#2660=CARTESIAN_POINT('Origin',(5.2,0.730560406629722,3.38605252947787));
#2661=CARTESIAN_POINT('',(5.1,0.730560406629722,3.38605252947787));
#2662=CARTESIAN_POINT('',(5.2,0.730560406629722,3.48605252947787));
#2663=CARTESIAN_POINT('Origin',(5.2,0.730560406629722,3.38605252947787));
#2664=CARTESIAN_POINT('',(5.2,0.630560406629722,3.38605252947787));
#2665=CARTESIAN_POINT('Origin',(5.2,0.730560406629722,3.38605252947787));
#2666=CARTESIAN_POINT('Origin',(5.2,0.730560406629722,3.38605252947787));
#2667=CARTESIAN_POINT('Origin',(5.2,0.730560406629722,3.18605252947787));
#2668=CARTESIAN_POINT('',(5.1,0.730560406629722,3.18605252947787));
#2669=CARTESIAN_POINT('',(5.2,0.630560406629722,3.18605252947787));
#2670=CARTESIAN_POINT('Origin',(5.2,0.730560406629722,3.18605252947787));
#2671=CARTESIAN_POINT('',(5.2,0.630560406629722,3.18605252947787));
#2672=CARTESIAN_POINT('',(5.1,0.730560406629722,3.18605252947787));
#2673=CARTESIAN_POINT('Origin',(5.6,0.730560406629722,3.38605252947787));
#2674=CARTESIAN_POINT('',(5.6,0.730560406629722,3.48605252947787));
#2675=CARTESIAN_POINT('',(5.6,0.630560406629722,3.38605252947787));
#2676=CARTESIAN_POINT('Origin',(5.2,0.830560406629722,3.38605252947787));
#2677=CARTESIAN_POINT('',(5.2,0.930560406629722,3.38605252947787));
#2678=CARTESIAN_POINT('',(5.2,0.830560406629722,3.48605252947787));
#2679=CARTESIAN_POINT('Origin',(5.2,0.830560406629722,3.38605252947787));
#2680=CARTESIAN_POINT('',(5.1,0.830560406629722,3.38605252947787));
#2681=CARTESIAN_POINT('Origin',(5.2,0.830560406629722,3.38605252947787));
#2682=CARTESIAN_POINT('Origin',(5.2,0.830560406629722,3.38605252947787));
#2683=CARTESIAN_POINT('Origin',(5.2,0.830560406629722,3.18605252947787));
#2684=CARTESIAN_POINT('',(5.2,0.930560406629722,3.18605252947787));
#2685=CARTESIAN_POINT('',(5.1,0.830560406629722,3.18605252947787));
#2686=CARTESIAN_POINT('Origin',(5.2,0.830560406629722,3.18605252947787));
#2687=CARTESIAN_POINT('',(5.1,0.830560406629722,3.18605252947787));
#2688=CARTESIAN_POINT('',(5.2,0.930560406629722,3.18605252947787));
#2689=CARTESIAN_POINT('Origin',(5.2,0.855560406629722,3.38605252947787));
#2690=CARTESIAN_POINT('',(5.2,0.855560406629722,3.48605252947787));
#2691=CARTESIAN_POINT('',(5.1,0.855560406629722,3.38605252947787));
#2692=CARTESIAN_POINT('Origin',(6.6,0.830560406629722,3.38605252947787));
#2693=CARTESIAN_POINT('',(6.6,0.830560406629722,3.48605252947787));
#2694=CARTESIAN_POINT('',(6.6,0.930560406629722,3.38605252947787));
#2695=CARTESIAN_POINT('Origin',(7.,0.705560406629722,3.38605252947787));
#2696=CARTESIAN_POINT('',(7.,0.705560406629722,3.48605252947787));
#2697=CARTESIAN_POINT('',(7.1,0.705560406629722,3.38605252947787));
#2698=CARTESIAN_POINT('Origin',(5.1,0.630560406629722,3.18605252947787));
#2699=CARTESIAN_POINT('',(2.55,0.630560406629722,3.18605252947787));
#2700=CARTESIAN_POINT('Origin',(5.1,0.930560406629722,3.18605252947787));
#2701=CARTESIAN_POINT('',(5.1,1.40452410952154,3.18605252947787));
#2702=CARTESIAN_POINT('Origin',(6.1,0.780560406629722,3.48605252947787));
#2703=CARTESIAN_POINT('Origin',(2.4,1.43056040662972,3.38605252947787));
#2704=CARTESIAN_POINT('',(2.5,1.43056040662972,3.38605252947787));
#2705=CARTESIAN_POINT('',(2.4,1.43056040662972,3.48605252947787));
#2706=CARTESIAN_POINT('Origin',(2.4,1.43056040662972,3.38605252947787));
#2707=CARTESIAN_POINT('',(2.4,1.53056040662972,3.38605252947787));
#2708=CARTESIAN_POINT('Origin',(2.4,1.43056040662972,3.38605252947787));
#2709=CARTESIAN_POINT('Origin',(2.4,1.43056040662972,3.38605252947787));
#2710=CARTESIAN_POINT('Origin',(2.4,1.43056040662972,3.18605252947787));
#2711=CARTESIAN_POINT('',(2.5,1.43056040662972,3.18605252947787));
#2712=CARTESIAN_POINT('',(2.4,1.53056040662972,3.18605252947787));
#2713=CARTESIAN_POINT('Origin',(2.4,1.43056040662972,3.18605252947787));
#2714=CARTESIAN_POINT('',(2.4,1.53056040662972,3.18605252947787));
#2715=CARTESIAN_POINT('',(2.5,1.43056040662972,3.18605252947787));
#2716=CARTESIAN_POINT('Origin',(2.4,1.33056040662972,3.38605252947787));
#2717=CARTESIAN_POINT('',(2.4,1.23056040662972,3.38605252947787));
#2718=CARTESIAN_POINT('',(2.4,1.33056040662972,3.48605252947787));
#2719=CARTESIAN_POINT('Origin',(2.4,1.33056040662972,3.38605252947787));
#2720=CARTESIAN_POINT('',(2.5,1.33056040662972,3.38605252947787));
#2721=CARTESIAN_POINT('Origin',(2.4,1.33056040662972,3.38605252947787));
#2722=CARTESIAN_POINT('Origin',(2.4,1.33056040662972,3.38605252947787));
#2723=CARTESIAN_POINT('Origin',(2.4,1.33056040662972,3.18605252947787));
#2724=CARTESIAN_POINT('',(2.4,1.23056040662972,3.18605252947787));
#2725=CARTESIAN_POINT('',(2.5,1.33056040662972,3.18605252947787));
#2726=CARTESIAN_POINT('Origin',(2.4,1.33056040662972,3.18605252947787));
#2727=CARTESIAN_POINT('',(2.5,1.33056040662972,3.18605252947787));
#2728=CARTESIAN_POINT('',(2.4,1.23056040662972,3.18605252947787));
#2729=CARTESIAN_POINT('Origin',(2.4,1.30556040662972,3.38605252947787));
#2730=CARTESIAN_POINT('',(2.4,1.30556040662972,3.48605252947787));
#2731=CARTESIAN_POINT('',(2.5,1.30556040662972,3.38605252947787));
#2732=CARTESIAN_POINT('Origin',(0.6,1.43056040662972,3.38605252947787));
#2733=CARTESIAN_POINT('',(0.6,1.53056040662972,3.38605252947787));
#2734=CARTESIAN_POINT('',(0.6,1.43056040662972,3.48605252947787));
#2735=CARTESIAN_POINT('Origin',(0.6,1.43056040662972,3.38605252947787));
#2736=CARTESIAN_POINT('',(0.5,1.43056040662972,3.38605252947787));
#2737=CARTESIAN_POINT('Origin',(0.6,1.43056040662972,3.38605252947787));
#2738=CARTESIAN_POINT('Origin',(0.6,1.43056040662972,3.38605252947787));
#2739=CARTESIAN_POINT('Origin',(0.6,1.43056040662972,3.18605252947787));
#2740=CARTESIAN_POINT('',(0.6,1.53056040662972,3.18605252947787));
#2741=CARTESIAN_POINT('',(0.5,1.43056040662972,3.18605252947787));
#2742=CARTESIAN_POINT('Origin',(0.6,1.43056040662972,3.18605252947787));
#2743=CARTESIAN_POINT('',(0.5,1.43056040662972,3.18605252947787));
#2744=CARTESIAN_POINT('',(0.6,1.53056040662972,3.18605252947787));
#2745=CARTESIAN_POINT('Origin',(0.6,1.33056040662972,3.38605252947787));
#2746=CARTESIAN_POINT('',(0.5,1.33056040662972,3.38605252947787));
#2747=CARTESIAN_POINT('',(0.6,1.33056040662972,3.48605252947787));
#2748=CARTESIAN_POINT('Origin',(0.6,1.33056040662972,3.38605252947787));
#2749=CARTESIAN_POINT('',(0.6,1.23056040662972,3.38605252947787));
#2750=CARTESIAN_POINT('Origin',(0.6,1.33056040662972,3.38605252947787));
#2751=CARTESIAN_POINT('Origin',(0.6,1.33056040662972,3.38605252947787));
#2752=CARTESIAN_POINT('Origin',(0.6,1.33056040662972,3.18605252947787));
#2753=CARTESIAN_POINT('',(0.5,1.33056040662972,3.18605252947787));
#2754=CARTESIAN_POINT('',(0.6,1.23056040662972,3.18605252947787));
#2755=CARTESIAN_POINT('Origin',(0.6,1.33056040662972,3.18605252947787));
#2756=CARTESIAN_POINT('',(0.6,1.23056040662972,3.18605252947787));
#2757=CARTESIAN_POINT('',(0.5,1.33056040662972,3.18605252947787));
#2758=CARTESIAN_POINT('Origin',(1.,1.33056040662972,3.38605252947787));
#2759=CARTESIAN_POINT('',(1.,1.33056040662972,3.48605252947787));
#2760=CARTESIAN_POINT('',(1.,1.23056040662972,3.38605252947787));
#2761=CARTESIAN_POINT('Origin',(0.6,1.45556040662972,3.38605252947787));
#2762=CARTESIAN_POINT('',(0.6,1.45556040662972,3.48605252947787));
#2763=CARTESIAN_POINT('',(0.5,1.45556040662972,3.38605252947787));
#2764=CARTESIAN_POINT('Origin',(2.,1.43056040662972,3.38605252947787));
#2765=CARTESIAN_POINT('',(2.,1.43056040662972,3.48605252947787));
#2766=CARTESIAN_POINT('',(2.,1.53056040662972,3.38605252947787));
#2767=CARTESIAN_POINT('Origin',(2.5,1.23056040662972,3.18605252947787));
#2768=CARTESIAN_POINT('',(2.5,1.55452410952154,3.18605252947787));
#2769=CARTESIAN_POINT('Origin',(0.5,1.23056040662972,3.18605252947787));
#2770=CARTESIAN_POINT('',(0.25,1.23056040662972,3.18605252947787));
#2771=CARTESIAN_POINT('Origin',(1.5,1.38056040662972,3.48605252947787));
#2772=CARTESIAN_POINT('Origin',(2.4,0.730560406629722,3.38605252947787));
#2773=CARTESIAN_POINT('',(2.4,0.630560406629722,3.38605252947787));
#2774=CARTESIAN_POINT('',(2.4,0.730560406629722,3.48605252947787));
#2775=CARTESIAN_POINT('Origin',(2.4,0.730560406629722,3.38605252947787));
#2776=CARTESIAN_POINT('',(2.5,0.730560406629722,3.38605252947787));
#2777=CARTESIAN_POINT('Origin',(2.4,0.730560406629722,3.38605252947787));
#2778=CARTESIAN_POINT('Origin',(2.4,0.730560406629722,3.38605252947787));
#2779=CARTESIAN_POINT('Origin',(2.4,0.730560406629722,3.18605252947787));
#2780=CARTESIAN_POINT('',(2.4,0.630560406629722,3.18605252947787));
#2781=CARTESIAN_POINT('',(2.5,0.730560406629722,3.18605252947787));
#2782=CARTESIAN_POINT('Origin',(2.4,0.730560406629722,3.18605252947787));
#2783=CARTESIAN_POINT('',(2.5,0.730560406629722,3.18605252947787));
#2784=CARTESIAN_POINT('',(2.4,0.630560406629722,3.18605252947787));
#2785=CARTESIAN_POINT('Origin',(2.4,0.830560406629722,3.38605252947787));
#2786=CARTESIAN_POINT('',(2.5,0.830560406629722,3.38605252947787));
#2787=CARTESIAN_POINT('',(2.4,0.830560406629722,3.48605252947787));
#2788=CARTESIAN_POINT('Origin',(2.4,0.830560406629722,3.38605252947787));
#2789=CARTESIAN_POINT('',(2.4,0.930560406629722,3.38605252947787));
#2790=CARTESIAN_POINT('Origin',(2.4,0.830560406629722,3.38605252947787));
#2791=CARTESIAN_POINT('Origin',(2.4,0.830560406629722,3.38605252947787));
#2792=CARTESIAN_POINT('Origin',(2.4,0.830560406629722,3.18605252947787));
#2793=CARTESIAN_POINT('',(2.5,0.830560406629722,3.18605252947787));
#2794=CARTESIAN_POINT('',(2.4,0.930560406629722,3.18605252947787));
#2795=CARTESIAN_POINT('Origin',(2.4,0.830560406629722,3.18605252947787));
#2796=CARTESIAN_POINT('',(2.4,0.930560406629722,3.18605252947787));
#2797=CARTESIAN_POINT('',(2.5,0.830560406629722,3.18605252947787));
#2798=CARTESIAN_POINT('Origin',(0.6,0.730560406629722,3.38605252947787));
#2799=CARTESIAN_POINT('',(0.5,0.730560406629722,3.38605252947787));
#2800=CARTESIAN_POINT('',(0.6,0.730560406629722,3.48605252947787));
#2801=CARTESIAN_POINT('Origin',(0.6,0.730560406629722,3.38605252947787));
#2802=CARTESIAN_POINT('',(0.6,0.630560406629722,3.38605252947787));
#2803=CARTESIAN_POINT('Origin',(0.6,0.730560406629722,3.38605252947787));
#2804=CARTESIAN_POINT('Origin',(0.6,0.730560406629722,3.38605252947787));
#2805=CARTESIAN_POINT('Origin',(0.6,0.730560406629722,3.18605252947787));
#2806=CARTESIAN_POINT('',(0.5,0.730560406629722,3.18605252947787));
#2807=CARTESIAN_POINT('',(0.6,0.630560406629722,3.18605252947787));
#2808=CARTESIAN_POINT('Origin',(0.6,0.730560406629722,3.18605252947787));
#2809=CARTESIAN_POINT('',(0.6,0.630560406629722,3.18605252947787));
#2810=CARTESIAN_POINT('',(0.5,0.730560406629722,3.18605252947787));
#2811=CARTESIAN_POINT('Origin',(1.,0.730560406629722,3.38605252947787));
#2812=CARTESIAN_POINT('',(1.,0.730560406629722,3.48605252947787));
#2813=CARTESIAN_POINT('',(1.,0.630560406629722,3.38605252947787));
#2814=CARTESIAN_POINT('Origin',(0.6,0.830560406629722,3.38605252947787));
#2815=CARTESIAN_POINT('',(0.6,0.930560406629722,3.38605252947787));
#2816=CARTESIAN_POINT('',(0.6,0.830560406629722,3.48605252947787));
#2817=CARTESIAN_POINT('Origin',(0.6,0.830560406629722,3.38605252947787));
#2818=CARTESIAN_POINT('',(0.5,0.830560406629722,3.38605252947787));
#2819=CARTESIAN_POINT('Origin',(0.6,0.830560406629722,3.38605252947787));
#2820=CARTESIAN_POINT('Origin',(0.6,0.830560406629722,3.38605252947787));
#2821=CARTESIAN_POINT('Origin',(0.6,0.830560406629722,3.18605252947787));
#2822=CARTESIAN_POINT('',(0.6,0.930560406629722,3.18605252947787));
#2823=CARTESIAN_POINT('',(0.5,0.830560406629722,3.18605252947787));
#2824=CARTESIAN_POINT('Origin',(0.6,0.830560406629722,3.18605252947787));
#2825=CARTESIAN_POINT('',(0.5,0.830560406629722,3.18605252947787));
#2826=CARTESIAN_POINT('',(0.6,0.930560406629722,3.18605252947787));
#2827=CARTESIAN_POINT('Origin',(0.6,0.855560406629722,3.38605252947787));
#2828=CARTESIAN_POINT('',(0.6,0.855560406629722,3.48605252947787));
#2829=CARTESIAN_POINT('',(0.5,0.855560406629722,3.38605252947787));
#2830=CARTESIAN_POINT('Origin',(2.,0.830560406629722,3.38605252947787));
#2831=CARTESIAN_POINT('',(2.,0.830560406629722,3.48605252947787));
#2832=CARTESIAN_POINT('',(2.,0.930560406629722,3.38605252947787));
#2833=CARTESIAN_POINT('Origin',(2.4,0.705560406629722,3.38605252947787));
#2834=CARTESIAN_POINT('',(2.4,0.705560406629722,3.48605252947787));
#2835=CARTESIAN_POINT('',(2.5,0.705560406629722,3.38605252947787));
#2836=CARTESIAN_POINT('Origin',(0.5,0.630560406629722,3.18605252947787));
#2837=CARTESIAN_POINT('',(0.25,0.630560406629722,3.18605252947787));
#2838=CARTESIAN_POINT('Origin',(0.5,0.930560406629722,3.18605252947787));
#2839=CARTESIAN_POINT('',(0.5,1.40452410952154,3.18605252947787));
#2840=CARTESIAN_POINT('Origin',(1.5,0.780560406629722,3.48605252947787));
#2841=CARTESIAN_POINT('Origin',(7.1,0.930560406629722,3.18605252947787));
#2842=CARTESIAN_POINT('',(3.55,0.930560406629722,3.18605252947787));
#2843=CARTESIAN_POINT('Origin',(7.1,0.630560406629722,3.18605252947787));
#2844=CARTESIAN_POINT('',(7.1,1.25452410952154,3.18605252947787));
#2845=CARTESIAN_POINT('Origin',(2.5,0.930560406629722,3.18605252947787));
#2846=CARTESIAN_POINT('',(1.25,0.930560406629722,3.18605252947787));
#2847=CARTESIAN_POINT('Origin',(2.5,0.630560406629722,3.18605252947787));
#2848=CARTESIAN_POINT('',(2.5,1.25452410952154,3.18605252947787));
#2849=CARTESIAN_POINT('Origin',(7.1,1.53056040662972,3.18605252947787));
#2850=CARTESIAN_POINT('',(3.55,1.53056040662972,3.18605252947787));
#2851=CARTESIAN_POINT('Origin',(5.1,1.53056040662972,3.18605252947787));
#2852=CARTESIAN_POINT('',(5.1,1.70452410952154,3.18605252947787));
#2853=CARTESIAN_POINT('Origin',(2.5,1.53056040662972,3.18605252947787));
#2854=CARTESIAN_POINT('',(1.25,1.53056040662972,3.18605252947787));
#2855=CARTESIAN_POINT('Origin',(0.5,1.53056040662972,3.18605252947787));
#2856=CARTESIAN_POINT('',(0.5,1.70452410952154,3.18605252947787));
#2857=CARTESIAN_POINT('Origin',(0.,0.0805604066297254,2.83605252947787));
#2858=CARTESIAN_POINT('',(0.,2.08056040662973,2.83605252947787));
#2859=CARTESIAN_POINT('',(0.,2.08056040662973,2.83605252947787));
#2860=CARTESIAN_POINT('',(0.,2.08056040662973,2.83605252947787));
#2861=CARTESIAN_POINT('Origin',(0.,0.0805604066297254,2.83605252947787));
#2862=CARTESIAN_POINT('',(0.,2.08056040662973,2.83605252947787));
#2863=CARTESIAN_POINT('',(0.,0.0805604066297254,2.83605252947787));
#2864=CARTESIAN_POINT('Origin',(0.,2.08056040662973,2.83605252947787));
#2865=CARTESIAN_POINT('Origin',(3.75,2.93366929795428,4.31368047364075));
#2866=CARTESIAN_POINT('',(0.,4.58056040662972,7.16617954840006));
#2867=CARTESIAN_POINT('',(0.,4.58056040662972,7.16617954840006));
#2868=CARTESIAN_POINT('',(0.,4.58056040662972,7.16617954840006));
#2869=CARTESIAN_POINT('Origin',(3.75,2.63056040662973,4.48868047364075));
#2870=CARTESIAN_POINT('Origin',(3.75,2.63056040662973,4.48868047364075));
#2871=CARTESIAN_POINT('Origin',(0.,4.27745151530517,7.34117954840006));
#2872=CARTESIAN_POINT('',(0.,1.87848781241336,3.18605252947787));
#2873=CARTESIAN_POINT('',(0.,4.27745151530517,7.34117954840006));
#2874=CARTESIAN_POINT('',(0.,4.27745151530517,7.34117954840006));
#2875=CARTESIAN_POINT('',(0.,1.87848781241336,3.18605252947787));
#2876=CARTESIAN_POINT('',(0.,4.27745151530517,7.34117954840006));
#2877=CARTESIAN_POINT('',(0.,1.87848781241336,3.18605252947787));
#2878=CARTESIAN_POINT('Origin',(0.,1.87848781241336,3.18605252947787));
#2879=CARTESIAN_POINT('Origin',(0.,0.430560406629725,3.83605252947787));
#2880=CARTESIAN_POINT('',(0.,0.0805604066297254,3.83605252947787));
#2881=CARTESIAN_POINT('Origin',(0.,0.0805604066297254,3.83605252947787));
#2882=CARTESIAN_POINT('Origin',(3.,6.94775628569481,5.28808609460097));
#2883=CARTESIAN_POINT('',(3.,7.98694444172242,1.40960856129335));
#2884=CARTESIAN_POINT('',(3.,6.61886386841974,5.16837904443698));
#2885=CARTESIAN_POINT('',(3.,6.27685639673861,6.10803685016565));
#2886=CARTESIAN_POINT('',(3.,8.31583685899748,1.52931561145733));
#2887=CARTESIAN_POINT('',(3.,8.31583685899748,1.52931561145733));
#2888=CARTESIAN_POINT('',(3.,6.94775628569481,5.28808609460097));
#2889=CARTESIAN_POINT('',(3.,7.97380404402727,2.46904304730048));
#2890=CARTESIAN_POINT('',(3.,6.94775628569481,5.28808609460097));
#2891=CARTESIAN_POINT('Origin',(3.75,6.94775628569481,5.28808609460097));
#2892=CARTESIAN_POINT('',(4.5,6.61886386841974,5.16837904443698));
#2893=CARTESIAN_POINT('Origin',(3.75,6.61886386841974,5.16837904443698));
#2894=CARTESIAN_POINT('',(4.5,6.94775628569481,5.28808609460097));
#2895=CARTESIAN_POINT('Origin',(3.75,6.94775628569481,5.28808609460097));
#2896=CARTESIAN_POINT('',(4.5,6.94775628569481,5.28808609460097));
#2897=CARTESIAN_POINT('Origin',(4.5,8.31583685899748,1.52931561145733));
#2898=CARTESIAN_POINT('',(4.5,7.98694444172242,1.40960856129335));
#2899=CARTESIAN_POINT('',(4.5,6.96089668338995,4.22865160859383));
#2900=CARTESIAN_POINT('',(4.5,8.31583685899748,1.52931561145733));
#2901=CARTESIAN_POINT('',(4.5,8.65784433067861,0.589657805728666));
#2902=CARTESIAN_POINT('',(4.5,8.31583685899748,1.52931561145733));
#2903=CARTESIAN_POINT('Origin',(3.75,8.31583685899748,1.52931561145733));
#2904=CARTESIAN_POINT('Origin',(3.75,7.98694444172242,1.40960856129335));
#2905=CARTESIAN_POINT('Origin',(3.75,8.31583685899748,1.52931561145733));
#2906=CARTESIAN_POINT('Origin',(0.,8.5,0.));
#2907=CARTESIAN_POINT('',(0.,8.5,0.));
#2908=CARTESIAN_POINT('',(0.,8.5,0.));
#2909=CARTESIAN_POINT('',(0.,0.,0.));
#2910=CARTESIAN_POINT('Origin',(0.,5.93484892505748,7.04769465589431));
#2911=CARTESIAN_POINT('',(0.,5.93484892505748,7.04769465589431));
#2912=CARTESIAN_POINT('',(0.,8.5,0.));
#2913=CARTESIAN_POINT('',(0.,5.93484892505748,7.04769465589431));
#2914=CARTESIAN_POINT('Origin',(0.,5.23007945946805,6.79117954840006));
#2915=CARTESIAN_POINT('Origin',(0.,5.23007945946805,6.79117954840006));
#2916=CARTESIAN_POINT('Origin',(0.,1.87848781241336,3.18605252947787));
#2917=CARTESIAN_POINT('',(0.,1.87848781241336,3.18605252947787));
#2918=CARTESIAN_POINT('Origin',(0.,5.23007945946805,6.79117954840006));
#2919=CARTESIAN_POINT('',(0.,6.26374134233255,7.1674017060583));
#2920=CARTESIAN_POINT('Origin',(0.,5.23007945946805,6.79117954840006));
#2921=CARTESIAN_POINT('',(0.,6.26374134233255,7.1674017060583));
#2922=CARTESIAN_POINT('Origin',(0.,8.99985180235974,-0.35));
#2923=CARTESIAN_POINT('',(0.,8.99985180235974,-0.35));
#2924=CARTESIAN_POINT('Origin',(0.,4.49992590117987,3.77058977420003));
#2925=CARTESIAN_POINT('',(0.,0.,0.));
#2926=UNCERTAINTY_MEASURE_WITH_UNIT(LENGTH_MEASURE(0.001),#2932,
'DISTANCE_ACCURACY_VALUE',
'Maximum model space distance between geometric entities at asserted c
onnectivities');
#2927=UNCERTAINTY_MEASURE_WITH_UNIT(LENGTH_MEASURE(0.001),#2932,
'DISTANCE_ACCURACY_VALUE',
'Maximum model space distance between geometric entities at asserted c
onnectivities');
#2928=UNCERTAINTY_MEASURE_WITH_UNIT(LENGTH_MEASURE(0.001),#2932,
'DISTANCE_ACCURACY_VALUE',
'Maximum model space distance between geometric entities at asserted c
onnectivities');
#2929=(
GEOMETRIC_REPRESENTATION_CONTEXT(3)
GLOBAL_UNCERTAINTY_ASSIGNED_CONTEXT((#2926))
GLOBAL_UNIT_ASSIGNED_CONTEXT((#2932,#2934,#2935))
REPRESENTATION_CONTEXT('','3D')
);
#2930=(
GEOMETRIC_REPRESENTATION_CONTEXT(3)
GLOBAL_UNCERTAINTY_ASSIGNED_CONTEXT((#2927))
GLOBAL_UNIT_ASSIGNED_CONTEXT((#2932,#2934,#2935))
REPRESENTATION_CONTEXT('','3D')
);
#2931=(
GEOMETRIC_REPRESENTATION_CONTEXT(3)
GLOBAL_UNCERTAINTY_ASSIGNED_CONTEXT((#2928))
GLOBAL_UNIT_ASSIGNED_CONTEXT((#2932,#2934,#2935))
REPRESENTATION_CONTEXT('','3D')
);
#2932=(
LENGTH_UNIT()
NAMED_UNIT(*)
SI_UNIT(.CENTI.,.METRE.)
);
#2933=(
LENGTH_UNIT()
NAMED_UNIT(*)
SI_UNIT($,.METRE.)
);
#2934=(
NAMED_UNIT(*)
PLANE_ANGLE_UNIT()
SI_UNIT($,.RADIAN.)
);
#2935=(
NAMED_UNIT(*)
SI_UNIT($,.STERADIAN.)
SOLID_ANGLE_UNIT()
);
#2936=SHAPE_DEFINITION_REPRESENTATION(#2938,#2941);
#2937=SHAPE_DEFINITION_REPRESENTATION(#2939,#2942);
#2938=PRODUCT_DEFINITION_SHAPE('',$,#2944);
#2939=PRODUCT_DEFINITION_SHAPE('',$,#2945);
#2940=PRODUCT_DEFINITION_SHAPE($,$,#14);
#2941=SHAPE_REPRESENTATION('',(#1710,#1900),#2929);
#2942=SHAPE_REPRESENTATION('',(#1711),#2930);
#2943=PRODUCT_DEFINITION_CONTEXT('part definition',#2951,'design');
#2944=PRODUCT_DEFINITION('2026-04-18-12-48-00-565','Phone Holder (1)',#2946,
#2943);
#2945=PRODUCT_DEFINITION('2026-04-18-12-51-10-714','Phone Holder',#2947,
#2943);
#2946=PRODUCT_DEFINITION_FORMATION('',$,#2953);
#2947=PRODUCT_DEFINITION_FORMATION('',$,#2954);
#2948=PRODUCT_RELATED_PRODUCT_CATEGORY('Phone Holder (1)',
'Phone Holder (1)',(#2953));
#2949=PRODUCT_RELATED_PRODUCT_CATEGORY('Phone Holder','Phone Holder',(#2954));
#2950=APPLICATION_PROTOCOL_DEFINITION('international standard',
'automotive_design',2009,#2951);
#2951=APPLICATION_CONTEXT(
'Core Data for Automotive Mechanical Design Process');
#2952=PRODUCT_CONTEXT('part definition',#2951,'mechanical');
#2953=PRODUCT('2026-04-18-12-48-00-565','Phone Holder (1)',$,(#2952));
#2954=PRODUCT('2026-04-18-12-51-10-714','Phone Holder',$,(#2952));
#2955=PRESENTATION_STYLE_ASSIGNMENT((#2957));
#2956=PRESENTATION_STYLE_ASSIGNMENT((#2958));
#2957=SURFACE_STYLE_USAGE(.BOTH.,#2959);
#2958=SURFACE_STYLE_USAGE(.BOTH.,#2960);
#2959=SURFACE_SIDE_STYLE('',(#2961));
#2960=SURFACE_SIDE_STYLE('',(#2962));
#2961=SURFACE_STYLE_FILL_AREA(#2963);
#2962=SURFACE_STYLE_FILL_AREA(#2964);
#2963=FILL_AREA_STYLE('Steel - Satin',(#2965));
#2964=FILL_AREA_STYLE('Aluminum - Anodized Glossy (Grey)',(#2966));
#2965=FILL_AREA_STYLE_COLOUR('Steel - Satin',#2967);
#2966=FILL_AREA_STYLE_COLOUR('Aluminum - Anodized Glossy (Grey)',#2968);
#2967=COLOUR_RGB('Steel - Satin',0.627450980392157,0.627450980392157,0.627450980392157);
#2968=COLOUR_RGB('Aluminum - Anodized Glossy (Grey)',0.537254901960784,
0.537254901960784,0.537254901960784);
ENDSEC;
END-ISO-10303-21;
