ISO-10303-21;
HEADER;
FILE_DESCRIPTION (( 'STEP AP214' ),
    '1' );
FILE_NAME ('STAND ASSEMBLY.STEP',
    '2026-07-17T08:14:25',
    ( '' ),
    ( '' ),
    'SwSTEP 2.0',
    'SolidWorks 2019',
    '' );
FILE_SCHEMA (( 'AUTOMOTIVE_DESIGN' ));
ENDSEC;

DATA;
#1 = ORIENTED_EDGE ( 'NONE', *, *, #1491, .F. ) ;
#2 = ORIENTED_EDGE ( 'NONE', *, *, #1441, .F. ) ;
#3 = CARTESIAN_POINT ( 'NONE',  ( -314.7522128562179091, 3.000000000000000888, -28.49778714378309985 ) ) ;
#4 = CARTESIAN_POINT ( 'NONE',  ( 313.5848085708109920, 3.143150278324265745, -27.05817377980696037 ) ) ;
#5 = CARTESIAN_POINT ( 'NONE',  ( 232.2919641127278965, 30.99753937703852813, -22.99778714378314959 ) ) ;
#6 = CARTESIAN_POINT ( 'NONE',  ( -320.2500000000001705, 48.10061979014948719, -23.90159306607084488 ) ) ;
#7 = ORIENTED_EDGE ( 'NONE', *, *, #1744, .F. ) ;
#8 = CIRCLE ( 'NONE', #1362, 6.999999999999666045 ) ;
#9 = VERTEX_POINT ( 'NONE', #1931 ) ;
#10 =( LENGTH_UNIT ( ) NAMED_UNIT ( * ) SI_UNIT ( .MILLI., .METRE. ) );
#11 = DIRECTION ( 'NONE',  ( 0.000000000000000000, 1.000000000000000000, -3.784851220313302949E-15 ) ) ;
#12 = DIRECTION ( 'NONE',  ( 0.000000000000000000, -6.938893903907300164E-15, -1.000000000000000000 ) ) ;
#13 = ORIENTED_EDGE ( 'NONE', *, *, #712, .T. ) ;
#14 = ORIENTED_EDGE ( 'NONE', *, *, #114, .F. ) ;
#15 = ADVANCED_FACE ( 'NONE', ( #174 ), #1146, .F. ) ;
#16 = ORIENTED_EDGE ( 'NONE', *, *, #2243, .F. ) ;
#17 = VECTOR ( 'NONE', #2493, 1000.000000000000000 ) ;
#18 = FACE_BOUND ( 'NONE', #136, .T. ) ;
#19 = CIRCLE ( 'NONE', #2439, 6.999999999999697131 ) ;
#20 = VECTOR ( 'NONE', #1817, 1000.000000000000000 ) ;
#21 = CARTESIAN_POINT ( 'NONE',  ( 170.2522128562176533, 7.000000000000000000, -28.49778714378212641 ) ) ;
#22 = CARTESIAN_POINT ( 'NONE',  ( 316.3337021427020659, 4.101832366810015174, -25.11778018392095646 ) ) ;
#23 = CARTESIAN_POINT ( 'NONE',  ( 172.0848085708134079, 55.86127543411014784, -27.05817377980624272 ) ) ;
#24 = FACE_OUTER_BOUND ( 'NONE', #1518, .T. ) ;
#25 = ORIENTED_EDGE ( 'NONE', *, *, #1376, .F. ) ;
#26 = VERTEX_POINT ( 'NONE', #1739 ) ;
#27 = DIRECTION ( 'NONE',  ( -1.000000000000000000, 1.882846976416524661E-16, -1.882846976416531317E-16 ) ) ;
#28 =( NAMED_UNIT ( * ) SI_UNIT ( $, .STERADIAN. ) SOLID_ANGLE_UNIT ( ) );
#29 = VERTEX_POINT ( 'NONE', #1538 ) ;
#30 = VERTEX_POINT ( 'NONE', #1600 ) ;
#31 = EDGE_LOOP ( 'NONE', ( #2276, #160 ) ) ;
#32 = FACE_BOUND ( 'NONE', #1915, .T. ) ;
#33 = VECTOR ( 'NONE', #1165, 1000.000000000000000 ) ;
#34 = VECTOR ( 'NONE', #1285, 1000.000000000000000 ) ;
#35 = CARTESIAN_POINT ( 'NONE',  ( -318.4174042854060076, 3.694174864051593232, -25.72788275174315942 ) ) ;
#36 = CYLINDRICAL_SURFACE ( 'NONE', #951, 5.499999999999616307 ) ;
#37 = CARTESIAN_POINT ( 'NONE',  ( 317.2499999999991473, 26.00221285621878309, -19.99778714378311761 ) ) ;
#38 = CARTESIAN_POINT ( 'NONE',  ( -132.7499999999997158, 59.00442571243414136, -64.00000000000140687 ) ) ;
#39 = CARTESIAN_POINT ( 'NONE',  ( -235.2919641127278965, 30.99753937703856366, -22.99778714378323841 ) ) ;
#40 = VERTEX_POINT ( 'NONE', #2519 ) ;
#41 = ORIENTED_EDGE ( 'NONE', *, *, #870, .T. ) ;
#42 = EDGE_CURVE ( 'NONE', #663, #135, #767, .T. ) ;
#43 = PRESENTATION_STYLE_ASSIGNMENT (( #245 ) ) ;
#44 = B_SPLINE_SURFACE_WITH_KNOTS ( 'NONE', 1, 3, ( 
 ( #1253, #1241, #2041, #2029, #2249, #1669 ),
 ( #1641, #2238, #270, #103, #1274, #2424 ) ),
 .UNSPECIFIED., .F., .F., .F.,
 ( 2, 2 ),
 ( 4, 2, 4 ),
 ( 0.000000000000000000, 1.000000000000000000 ),
 ( 0.000000000000000000, 0.5000000000000000000, 1.000000000000000000 ),
 .UNSPECIFIED. ) ;
#45 = CARTESIAN_POINT ( 'NONE',  ( -122.7499999999999147, 33.00221285621688594, -22.99778714378217259 ) ) ;
#46 = LINE ( 'NONE', #1827, #1633 ) ;
#47 = EDGE_LOOP ( 'NONE', ( #373, #1344, #1018, #1145, #1920 ) ) ;
#48 = ORIENTED_EDGE ( 'NONE', *, *, #1257, .T. ) ;
#49 = FACE_OUTER_BOUND ( 'NONE', #2525, .T. ) ;
#50 = CARTESIAN_POINT ( 'NONE',  ( -71.71876416784984087, 31.50221285621275413, -22.99778714378322775 ) ) ;
#51 = EDGE_CURVE ( 'NONE', #553, #135, #725, .T. ) ;
#52 = CARTESIAN_POINT ( 'NONE',  ( 68.73723456523642028, 20.50221285621033118, -22.99778714378313893 ) ) ;
#53 = DIRECTION ( 'NONE',  ( -0.000000000000000000, -0.000000000000000000, 1.000000000000000000 ) ) ;
#54 = CARTESIAN_POINT ( 'NONE',  ( -62.75000000000030553, 33.00221285621778122, -19.99778714378217614 ) ) ;
#55 = EDGE_LOOP ( 'NONE', ( #987, #729, #1354, #623 ) ) ;
#56 =( NAMED_UNIT ( * ) PLANE_ANGLE_UNIT ( ) SI_UNIT ( $, .RADIAN. ) );
#57 = ADVANCED_FACE ( 'NONE', ( #1794 ), #36, .F. ) ;
#58 = FACE_BOUND ( 'NONE', #1151, .T. ) ;
#59 = CARTESIAN_POINT ( 'NONE',  ( -71.71876416784984087, 26.00221285621154266, -19.99778714378308564 ) ) ;
#60 = ORIENTED_EDGE ( 'NONE', *, *, #1460, .F. ) ;
#61 = VERTEX_POINT ( 'NONE', #695 ) ;
#62 = MECHANICAL_DESIGN_GEOMETRIC_PRESENTATION_REPRESENTATION (  '', ( #2396 ), #298 ) ;
#63 = ADVANCED_FACE ( 'NONE', ( #911 ), #2080, .F. ) ;
#64 = DIRECTION ( 'NONE',  ( -1.882846976416524415E-16, 3.552713678800500929E-15, 1.000000000000000000 ) ) ;
#65 = FACE_OUTER_BOUND ( 'NONE', #2055, .T. ) ;
#66 = EDGE_CURVE ( 'NONE', #443, #195, #1613, .T. ) ;
#67 = VECTOR ( 'NONE', #2270, 1000.000000000000000 ) ;
#68 = VECTOR ( 'NONE', #1183, 1000.000000000000000 ) ;
#69 = ADVANCED_FACE ( 'NONE', ( #323 ), #1668, .T. ) ;
#70 =( GEOMETRIC_REPRESENTATION_CONTEXT ( 3 ) GLOBAL_UNCERTAINTY_ASSIGNED_CONTEXT ( ( #1859 ) ) GLOBAL_UNIT_ASSIGNED_CONTEXT ( ( #2097, #1741, #2509 ) ) REPRESENTATION_CONTEXT ( 'NONE', 'WORKASPACE' ) );
#71 = VECTOR ( 'NONE', #737, 1000.000000000000000 ) ;
#72 = DIRECTION ( 'NONE',  ( 0.000000000000000000, 0.000000000000000000, 1.000000000000000000 ) ) ;
#73 = CARTESIAN_POINT ( 'NONE',  ( 69.25000000000025580, 27.50221285621816136, -22.99778714378215483 ) ) ;
#74 = CARTESIAN_POINT ( 'NONE',  ( 144.2500000000004263, 27.50221285621816136, -22.99778714378215838 ) ) ;
#75 = DIRECTION ( 'NONE',  ( -3.491481338843133355E-15, 1.000000000000000000, -3.491481338843133355E-15 ) ) ;
#76 = DIRECTION ( 'NONE',  ( -3.590114524212230926E-17, -1.000000000000000000, 6.982962677686266711E-15 ) ) ;
#77 = VERTEX_POINT ( 'NONE', #502 ) ;
#78 = VERTEX_POINT ( 'NONE', #129 ) ;
#79 = PLANE ( 'NONE',  #1053 ) ;
#80 = CARTESIAN_POINT ( 'NONE',  ( -314.7522128562180228, 49.00442571243682011, -28.49778714378333433 ) ) ;
#81 = AXIS2_PLACEMENT_3D ( 'NONE', #372, #1936, #257 ) ;
#82 = VECTOR ( 'NONE', #716, 1000.000000000000114 ) ;
#83 = DIRECTION ( 'NONE',  ( -1.000000000000000000, 0.000000000000000000, -0.000000000000000000 ) ) ;
#84 = LINE ( 'NONE', #2081, #1468 ) ;
#85 = ADVANCED_FACE ( 'NONE', ( #902 ), #1863, .T. ) ;
#86 = FACE_OUTER_BOUND ( 'NONE', #2132, .T. ) ;
#87 = DIRECTION ( 'NONE',  ( 0.7071067811865483499, -4.963086205417592833E-15, -0.7071067811865465735 ) ) ;
#88 = ORIENTED_EDGE ( 'NONE', *, *, #1717, .F. ) ;
#89 = CARTESIAN_POINT ( 'NONE',  ( -190.2919641127279817, 24.06003937703971474, -22.99778714378320643 ) ) ;
#90 = CARTESIAN_POINT ( 'NONE',  ( -122.7499999999999147, 33.00221285621688594, -22.99778714378217259 ) ) ;
#91 = ADVANCED_FACE ( 'NONE', ( #1492 ), #2257, .F. ) ;
#92 = CARTESIAN_POINT ( 'NONE',  ( -1.464864967414381619E-16, 59.00442571243459611, -1.410330185969144168E-12 ) ) ;
#93 = CARTESIAN_POINT ( 'NONE',  ( -137.7499999999996021, 33.00221285621783096, -22.99778714378217259 ) ) ;
#94 = PLANE ( 'NONE',  #680 ) ;
#95 = VERTEX_POINT ( 'NONE', #2069 ) ;
#96 = EDGE_CURVE ( 'NONE', #1353, #1314, #1678, .T. ) ;
#97 = CARTESIAN_POINT ( 'NONE',  ( 0.000000000000000000, 3.000000000000000000, -69.00000000000272848 ) ) ;
#98 = CARTESIAN_POINT ( 'NONE',  ( 311.7522128562168859, 0.9999999999999986677, -28.49778714378301103 ) ) ;
#99 = EDGE_CURVE ( 'NONE', #1203, #40, #1506, .T. ) ;
#100 = AXIS2_PLACEMENT_3D ( 'NONE', #1493, #406, #1182 ) ;
#101 = CARTESIAN_POINT ( 'NONE',  ( -235.2919641127278965, 23.99753937703887630, -19.99778714378321354 ) ) ;
#102 = VECTOR ( 'NONE', #596, 1000.000000000000114 ) ;
#103 = CARTESIAN_POINT ( 'NONE',  ( 173.9174042854075140, 55.31025084838284300, -25.72788275174232098 ) ) ;
#104 = DIRECTION ( 'NONE',  ( 1.000000000000000000, -0.000000000000000000, -1.126435722581393873E-17 ) ) ;
#105 = EDGE_LOOP ( 'NONE', ( #796, #739 ) ) ;
#106 = CARTESIAN_POINT ( 'NONE',  ( -318.4174042854060644, 1.072815698988826449, -24.21702581063045301 ) ) ;
#107 = CARTESIAN_POINT ( 'NONE',  ( -294.7071128519618810, 50.50442571243439716, -28.49778714378223299 ) ) ;
#108 = EDGE_CURVE ( 'NONE', #231, #1539, #2317, .T. ) ;
#109 = DIRECTION ( 'NONE',  ( 1.000000000000000000, 0.000000000000000000, -0.000000000000000000 ) ) ;
#110 = FACE_OUTER_BOUND ( 'NONE', #2036, .T. ) ;
#111 = LINE ( 'NONE', #709, #552 ) ;
#112 = CONTEXT_DEPENDENT_SHAPE_REPRESENTATION ( #2308, #1414 ) ;
#113 = EDGE_LOOP ( 'NONE', ( #960, #1355, #1289, #2451, #483 ) ) ;
#114 = EDGE_CURVE ( 'NONE', #663, #801, #8, .T. ) ;
#115 = LINE ( 'NONE', #1117, #928 ) ;
#116 = CARTESIAN_POINT ( 'NONE',  ( 317.2499999999991473, 3.196699141100906250, -23.19448628488388664 ) ) ;
#117 = DIRECTION ( 'NONE',  ( 0.000000000000000000, 0.000000000000000000, 1.000000000000000000 ) ) ;
#118 = CARTESIAN_POINT ( 'NONE',  ( -67.26276543476359393, 31.50221285621275413, -19.99778714378308564 ) ) ;
#119 = CARTESIAN_POINT ( 'NONE',  ( 311.7522128562168859, 52.00442571243679168, -28.49778714378324551 ) ) ;
#120 = EDGE_CURVE ( 'NONE', #78, #1389, #789, .T. ) ;
#121 = FACE_OUTER_BOUND ( 'NONE', #662, .T. ) ;
#122 = EDGE_LOOP ( 'NONE', ( #1193, #794, #1374, #1968, #351 ) ) ;
#123 = ADVANCED_FACE ( 'NONE', ( #1484 ), #1510, .F. ) ;
#124 = CARTESIAN_POINT ( 'NONE',  ( 68.73723456523642028, 26.00221285621154266, -22.99778714378315669 ) ) ;
#125 = FACE_OUTER_BOUND ( 'NONE', #2498, .T. ) ;
#126 = EDGE_CURVE ( 'NONE', #2520, #2484, #1116, .T. ) ;
#127 = AXIS2_PLACEMENT_3D ( 'NONE', #1101, #2072, #145 ) ;
#128 = ADVANCED_FACE ( 'NONE', ( #2284 ), #905, .F. ) ;
#129 = CARTESIAN_POINT ( 'NONE',  ( 144.2500000000004263, 38.50221285621738332, -22.99778714378220101 ) ) ;
#130 = EDGE_CURVE ( 'NONE', #2375, #2127, #2337, .T. ) ;
#131 = DIRECTION ( 'NONE',  ( -0.7071067811865473507, -4.912314318911466175E-15, -0.7071067811865477948 ) ) ;
#132 = DIRECTION ( 'NONE',  ( -0.7071067811865492381, 0.000000000000000000, -0.7071067811865457964 ) ) ;
#133 = DIRECTION ( 'NONE',  ( -1.000000000000000000, 0.000000000000000000, 1.126435722581393873E-17 ) ) ;
#134 = ORIENTED_EDGE ( 'NONE', *, *, #1928, .F. ) ;
#135 = VERTEX_POINT ( 'NONE', #1143 ) ;
#136 = EDGE_LOOP ( 'NONE', ( #2146, #1637 ) ) ;
#137 = CIRCLE ( 'NONE', #471, 8.500000000000000000 ) ;
#138 = CARTESIAN_POINT ( 'NONE',  ( -235.2919641127278965, 30.99753937703857432, -19.99778714378323841 ) ) ;
#139 = AXIS2_PLACEMENT_3D ( 'NONE', #1064, #1223, #1848 ) ;
#140 = CARTESIAN_POINT ( 'NONE',  ( -3.097947501127970847E-16, 50.50442571243442558, -22.99778714378223654 ) ) ;
#141 = DIRECTION ( 'NONE',  ( 0.000000000000000000, 1.000000000000000000, -3.469446951953779850E-15 ) ) ;
#142 = ORIENTED_EDGE ( 'NONE', *, *, #2213, .F. ) ;
#143 = CARTESIAN_POINT ( 'NONE',  ( 175.7500000000015632, 56.51483335252009965, -22.48737950369661576 ) ) ;
#144 = DIRECTION ( 'NONE',  ( 0.000000000000000000, 1.000000000000000000, -3.784851220313302949E-15 ) ) ;
#145 = DIRECTION ( 'NONE',  ( 0.000000000000000000, 1.000000000000000000, -3.469446951953777877E-15 ) ) ;
#146 = EDGE_CURVE ( 'NONE', #1949, #2487, #1327, .T. ) ;
#147 = ORIENTED_EDGE ( 'NONE', *, *, #492, .T. ) ;
#148 = VERTEX_POINT ( 'NONE', #1927 ) ;
#149 = VECTOR ( 'NONE', #2326, 1000.000000000000000 ) ;
#150 = ORIENTED_EDGE ( 'NONE', *, *, #2363, .T. ) ;
#151 = AXIS2_PLACEMENT_3D ( 'NONE', #1005, #27, #2372 ) ;
#152 = DIRECTION ( 'NONE',  ( 1.882846976416524415E-16, -3.491481338843133355E-15, -1.000000000000000000 ) ) ;
#153 = CARTESIAN_POINT ( 'NONE',  ( -137.7499999999996021, 59.00442571243439005, -28.49778714378230049 ) ) ;
#154 = CARTESIAN_POINT ( 'NONE',  ( 129.7499999999996021, 10.00000000000000000, -69.00000000000000000 ) ) ;
#155 = VERTEX_POINT ( 'NONE', #172 ) ;
#156 = ADVANCED_FACE ( 'NONE', ( #1902 ), #1535, .T. ) ;
#157 = CARTESIAN_POINT ( 'NONE',  ( 175.7500000000015632, 54.39351300896043284, -24.60869984725625059 ) ) ;
#158 = LINE ( 'NONE', #1154, #1688 ) ;
#159 = LINE ( 'NONE', #1708, #1682 ) ;
#160 = ORIENTED_EDGE ( 'NONE', *, *, #1356, .F. ) ;
#161 = ORIENTED_EDGE ( 'NONE', *, *, #1004, .F. ) ;
#162 = B_SPLINE_CURVE_WITH_KNOTS ( 'NONE', 3,
 ( #1761, #1377, #982, #2170, #2366, #1970 ),
 .UNSPECIFIED., .F., .F.,
 ( 4, 2, 4 ),
 ( 0.000000000000000000, 0.5000000000000000000, 1.000000000000000000 ),
 .UNSPECIFIED. ) ;
#163 = ORIENTED_EDGE ( 'NONE', *, *, #1632, .T. ) ;
#164 = DIRECTION ( 'NONE',  ( 0.000000000000000000, 1.000000000000000000, -3.469446951953764467E-15 ) ) ;
#165 = CYLINDRICAL_SURFACE ( 'NONE', #1505, 6.999999999999697131 ) ;
#166 = CARTESIAN_POINT ( 'NONE',  ( 129.7499999999996021, 56.00442571243410583, -69.00000000000139266 ) ) ;
#167 = EDGE_CURVE ( 'NONE', #95, #2383, #159, .T. ) ;
#168 = VERTEX_POINT ( 'NONE', #942 ) ;
#169 = AXIS2_PLACEMENT_3D ( 'NONE', #704, #109, #1284 ) ;
#170 = CYLINDRICAL_SURFACE ( 'NONE', #849, 4.999999999999948486 ) ;
#171 = STYLED_ITEM ( 'NONE', ( #43 ), #1896 ) ;
#172 = CARTESIAN_POINT ( 'NONE',  ( 271.2499999999972715, 0.000000000000000000, -69.00000000000272848 ) ) ;
#173 = ORIENTED_EDGE ( 'NONE', *, *, #610, .T. ) ;
#174 = FACE_OUTER_BOUND ( 'NONE', #787, .T. ) ;
#175 = EDGE_LOOP ( 'NONE', ( #774, #1991, #622, #1889 ) ) ;
#176 = VECTOR ( 'NONE', #874, 1000.000000000000000 ) ;
#177 = CIRCLE ( 'NONE', #1620, 6.999999999999693578 ) ;
#178 = EDGE_CURVE ( 'NONE', #30, #785, #908, .T. ) ;
#179 = CARTESIAN_POINT ( 'NONE',  ( 144.2500000000004263, 27.50221285621816136, -22.99778714378215838 ) ) ;
#180 = FACE_OUTER_BOUND ( 'NONE', #1160, .T. ) ;
#181 = STYLED_ITEM ( 'NONE', ( #1698 ), #2476 ) ;
#182 = VECTOR ( 'NONE', #1076, 1000.000000000000000 ) ;
#183 = ORIENTED_EDGE ( 'NONE', *, *, #1705, .F. ) ;
#184 = EDGE_LOOP ( 'NONE', ( #1585, #1725, #601, #357 ) ) ;
#185 = ADVANCED_FACE ( 'NONE', ( #365 ), #2495, .F. ) ;
#186 = DIRECTION ( 'NONE',  ( 0.000000000000000000, 1.000000000000000000, -3.784851220313297427E-15 ) ) ;
#187 = DIRECTION ( 'NONE',  ( -0.000000000000000000, -0.000000000000000000, 1.000000000000000000 ) ) ;
#188 = EDGE_LOOP ( 'NONE', ( #1709, #1078, #889, #571 ) ) ;
#189 = DIRECTION ( 'NONE',  ( 0.000000000000000000, 0.000000000000000000, 1.000000000000000000 ) ) ;
#190 = ORIENTED_EDGE ( 'NONE', *, *, #577, .F. ) ;
#191 = CIRCLE ( 'NONE', #2361, 6.999999999999693578 ) ;
#192 = DIRECTION ( 'NONE',  ( 1.000000000000000000, 0.000000000000000000, 0.000000000000000000 ) ) ;
#193 = DIRECTION ( 'NONE',  ( 1.882846976416524415E-16, -3.491481338843133355E-15, -1.000000000000000000 ) ) ;
#194 = CARTESIAN_POINT ( 'NONE',  ( 144.2500000000004263, 33.00221285621778833, -19.99778714378217614 ) ) ;
#195 = VERTEX_POINT ( 'NONE', #1521 ) ;
#196 = ORIENTED_EDGE ( 'NONE', *, *, #1499, .F. ) ;
#197 = CARTESIAN_POINT ( 'NONE',  ( 172.0848085708116741, 7.221232248319318536, -26.27293012672823380 ) ) ;
#198 = CARTESIAN_POINT ( 'NONE',  ( -320.2500000000000568, 26.00221285621890033, -19.99778714378323485 ) ) ;
#199 = CARTESIAN_POINT ( 'NONE',  ( -71.71876416784984087, 20.50221285621033118, -19.99778714378316735 ) ) ;
#200 = EDGE_CURVE ( 'NONE', #1476, #1569, #544, .T. ) ;
#201 = ORIENTED_EDGE ( 'NONE', *, *, #1558, .T. ) ;
#202 = ORIENTED_EDGE ( 'NONE', *, *, #66, .F. ) ;
#203 = DIRECTION ( 'NONE',  ( 0.000000000000000000, 0.000000000000000000, 1.000000000000000000 ) ) ;
#204 = FACE_OUTER_BOUND ( 'NONE', #55, .T. ) ;
#205 = FACE_OUTER_BOUND ( 'NONE', #925, .T. ) ;
#206 = ORIENTED_EDGE ( 'NONE', *, *, #556, .F. ) ;
#207 = VERTEX_POINT ( 'NONE', #1134 ) ;
#208 = ORIENTED_EDGE ( 'NONE', *, *, #1461, .F. ) ;
#209 = DIRECTION ( 'NONE',  ( 1.000000000000000000, 1.126435722581393873E-17, -1.126435722581397879E-17 ) ) ;
#210 = CARTESIAN_POINT ( 'NONE',  ( 5.996690582878776610E-15, 49.00442571243680590, -28.49778714378326683 ) ) ;
#211 = CARTESIAN_POINT ( 'NONE',  ( -319.3336037003597880, 50.30167839833744381, -23.27422454951265607 ) ) ;
#212 = CARTESIAN_POINT ( 'NONE',  ( -319.3336390829962852, 4.101797331852211848, -25.11781521887888857 ) ) ;
#213 = DIRECTION ( 'NONE',  ( -1.126435722581393873E-17, -3.491481338843133355E-15, -1.000000000000000000 ) ) ;
#214 = EDGE_LOOP ( 'NONE', ( #2219, #41, #389, #545, #2533 ) ) ;
#215 = CIRCLE ( 'NONE', #260, 5.500000000001212364 ) ;
#216 = EDGE_LOOP ( 'NONE', ( #959, #1948, #2507, #961 ) ) ;
#217 = CARTESIAN_POINT ( 'NONE',  ( 129.7499999999996021, 10.00000000000000000, -69.00000000000000000 ) ) ;
#218 = DIRECTION ( 'NONE',  ( -1.126435722581393873E-17, -3.491481338843133355E-15, -1.000000000000000000 ) ) ;
#219 = ORIENTED_EDGE ( 'NONE', *, *, #2005, .F. ) ;
#220 = ORIENTED_EDGE ( 'NONE', *, *, #2429, .F. ) ;
#221 = ORIENTED_EDGE ( 'NONE', *, *, #321, .F. ) ;
#222 = VECTOR ( 'NONE', #1806, 1000.000000000000000 ) ;
#223 = CARTESIAN_POINT ( 'NONE',  ( 1.193203578734568194E-15, 43.50442571243682011, -22.99778714378323841 ) ) ;
#224 = PRODUCT ( 'upper stand', 'upper stand', '', ( #1077 ) ) ;
#225 = AXIS2_PLACEMENT_3D ( 'NONE', #1560, #409, #1750 ) ;
#226 = CARTESIAN_POINT ( 'NONE',  ( -316.5848085708120720, 3.143150278324271074, -27.05817377980707050 ) ) ;
#227 = AXIS2_PLACEMENT_3D ( 'NONE', #1845, #877, #2229 ) ;
#228 = LINE ( 'NONE', #37, #1249 ) ;
#229 = LINE ( 'NONE', #1199, #1295 ) ;
#230 = DIRECTION ( 'NONE',  ( 1.882846976416524415E-16, -3.491481338843133355E-15, -1.000000000000000000 ) ) ;
#231 = VERTEX_POINT ( 'NONE', #1722 ) ;
#232 = ORIENTED_EDGE ( 'NONE', *, *, #1055, .T. ) ;
#233 = ADVANCED_FACE ( 'NONE', ( #121 ), #1736, .F. ) ;
#234 = CARTESIAN_POINT ( 'NONE',  ( 74.23723456523762820, 26.00221285621154266, -69.00002500000289274 ) ) ;
#235 = CARTESIAN_POINT ( 'NONE',  ( -171.6250000000002842, 3.000000000000000000, -171.6250000000005400 ) ) ;
#236 = ORIENTED_EDGE ( 'NONE', *, *, #2483, .F. ) ;
#237 = VERTEX_POINT ( 'NONE', #354 ) ;
#238 = PLANE ( 'NONE',  #431 ) ;
#239 = AXIS2_PLACEMENT_3D ( 'NONE', #45, #1606, #2386 ) ;
#240 = CARTESIAN_POINT ( 'NONE',  ( -314.7522128562180228, 49.00442571243682011, -28.49778714378333433 ) ) ;
#241 = CARTESIAN_POINT ( 'NONE',  ( -320.2500000000001137, 4.610912703474004282, -24.60869984725710324 ) ) ;
#242 = DIRECTION ( 'NONE',  ( 1.000000000000000000, -0.000000000000000000, -1.126435722581393873E-17 ) ) ;
#243 = ORIENTED_EDGE ( 'NONE', *, *, #1677, .F. ) ;
#244 = EDGE_CURVE ( 'NONE', #2297, #934, #215, .T. ) ;
#245 = SURFACE_STYLE_USAGE ( .BOTH. , #2204 ) ;
#246 = CARTESIAN_POINT ( 'NONE',  ( -137.7499999999996021, 56.00442571243459611, -1.387778780781445676E-12 ) ) ;
#247 = DIRECTION ( 'NONE',  ( -0.7071067811865466846, -4.912314318911470119E-15, -0.7071067811865484609 ) ) ;
#248 = ORIENTED_EDGE ( 'NONE', *, *, #2211, .T. ) ;
#249 = EDGE_LOOP ( 'NONE', ( #2131, #1758 ) ) ;
#250 = ADVANCED_FACE ( 'NONE', ( #326, #1110, #2186, #2334, #1364, #808, #1379 ), #1185, .T. ) ;
#251 = LINE ( 'NONE', #1039, #1899 ) ;
#252 = DIRECTION ( 'NONE',  ( -1.882846976416524415E-16, 3.552713678800500929E-15, 1.000000000000000000 ) ) ;
#253 = DIRECTION ( 'NONE',  ( -1.126435722581393873E-17, -3.491481338843133355E-15, -1.000000000000000000 ) ) ;
#254 = LINE ( 'NONE', #2002, #1914 ) ;
#255 = EDGE_CURVE ( 'NONE', #2526, #95, #2288, .T. ) ;
#256 = CARTESIAN_POINT ( 'NONE',  ( -137.7499999999996021, 10.00000000000000000, -28.49778714378211575 ) ) ;
#257 = DIRECTION ( 'NONE',  ( 0.000000000000000000, 0.000000000000000000, -1.000000000000000000 ) ) ;
#258 = APPLICATION_CONTEXT ( 'automotive_design' ) ;
#259 = CARTESIAN_POINT ( 'NONE',  ( 170.2522128562193586, 59.00442571243439716, -28.49778714378229694 ) ) ;
#260 = AXIS2_PLACEMENT_3D ( 'NONE', #2505, #751, #2307 ) ;
#261 = VERTEX_POINT ( 'NONE', #1549 ) ;
#262 = ORIENTED_EDGE ( 'NONE', *, *, #2263, .F. ) ;
#263 = ADVANCED_FACE ( 'NONE', ( #2130 ), #2319, .T. ) ;
#264 = DIRECTION ( 'NONE',  ( -1.000000000000000000, 0.000000000000000000, 0.000000000000000000 ) ) ;
#265 = FACE_BOUND ( 'NONE', #727, .T. ) ;
#266 = PRODUCT_DEFINITION_CONTEXT ( 'detailed design', #386, 'design' ) ;
#267 = EDGE_CURVE ( 'NONE', #986, #1578, #2000, .T. ) ;
#268 = VECTOR ( 'NONE', #1901, 1000.000000000000000 ) ;
#269 = DIRECTION ( 'NONE',  ( 0.000000000000000000, -1.000000000000000000, 3.673532066774414791E-15 ) ) ;
#270 = CARTESIAN_POINT ( 'NONE',  ( 172.0848085708134079, 55.86127543411014784, -27.05817377980622851 ) ) ;
#271 = FACE_OUTER_BOUND ( 'NONE', #1696, .T. ) ;
#272 = DIRECTION ( 'NONE',  ( -0.000000000000000000, -0.000000000000000000, 1.000000000000000000 ) ) ;
#273 = VERTEX_POINT ( 'NONE', #1795 ) ;
#274 = EDGE_CURVE ( 'NONE', #2152, #1445, #971, .T. ) ;
#275 = CARTESIAN_POINT ( 'NONE',  ( -1.126934250639960576E-16, 56.00442571243459611, -1.389513504257422483E-12 ) ) ;
#276 = PLANE ( 'NONE',  #703 ) ;
#277 = AXIS2_PLACEMENT_3D ( 'NONE', #589, #1911, #1346 ) ;
#278 = VECTOR ( 'NONE', #1279, 1000.000000000000000 ) ;
#279 = AXIS2_PLACEMENT_3D ( 'NONE', #494, #2070, #1099 ) ;
#280 = DIRECTION ( 'NONE',  ( -1.126435722581393873E-17, -3.491481338843133355E-15, -1.000000000000000000 ) ) ;
#281 = DIRECTION ( 'NONE',  ( -0.000000000000000000, 1.000000000000000000, 0.000000000000000000 ) ) ;
#282 = DIRECTION ( 'NONE',  ( 0.000000000000000000, 0.000000000000000000, -1.000000000000000000 ) ) ;
#283 = EDGE_CURVE ( 'NONE', #607, #61, #628, .T. ) ;
#284 = DIRECTION ( 'NONE',  ( 1.219044193948983948E-29, -3.491481338843133355E-15, -1.000000000000000000 ) ) ;
#285 = EDGE_CURVE ( 'NONE', #95, #1982, #1433, .T. ) ;
#286 = ORIENTED_EDGE ( 'NONE', *, *, #1762, .T. ) ;
#287 = DIRECTION ( 'NONE',  ( 0.000000000000000000, 0.000000000000000000, -1.000000000000000000 ) ) ;
#288 = PLANE ( 'NONE',  #2300 ) ;
#289 = B_SPLINE_CURVE_WITH_KNOTS ( 'NONE', 3,
 ( #648, #1426, #6, #827 ),
 .UNSPECIFIED., .F., .F.,
 ( 4, 4 ),
 ( 0.000000000000000000, 1.000000000000000000 ),
 .UNSPECIFIED. ) ;
#290 = CARTESIAN_POINT ( 'NONE',  ( 175.7499999999999716, 9.489592359914361452, -22.48737950369644878 ) ) ;
#291 = DIRECTION ( 'NONE',  ( 1.000000000000000000, -3.590114524212097806E-17, 1.882846976416525647E-16 ) ) ;
#292 = FACE_OUTER_BOUND ( 'NONE', #1584, .T. ) ;
#293 = ADVANCED_FACE ( 'NONE', ( #1171 ), #1972, .T. ) ;
#294 = ORIENTED_EDGE ( 'NONE', *, *, #1187, .F. ) ;
#295 = UNCERTAINTY_MEASURE_WITH_UNIT (LENGTH_MEASURE( 1.000000000000000082E-05 ), #1020, 'distance_accuracy_value', 'NONE');
#296 = DIRECTION ( 'NONE',  ( -1.000000000000000000, 3.590114524211989337E-17, -3.406682500411840035E-16 ) ) ;
#297 = CARTESIAN_POINT ( 'NONE',  ( 317.2499999999991473, 43.50442571243677747, -19.99778714378317446 ) ) ;
#298 =( GEOMETRIC_REPRESENTATION_CONTEXT ( 3 ) GLOBAL_UNCERTAINTY_ASSIGNED_CONTEXT ( ( #2244 ) ) GLOBAL_UNIT_ASSIGNED_CONTEXT ( ( #603, #988, #2384 ) ) REPRESENTATION_CONTEXT ( 'NONE', 'WORKASPACE' ) );
#299 = DIRECTION ( 'NONE',  ( 0.000000000000000000, -1.000000000000000000, 3.784851220313034736E-15 ) ) ;
#300 = CYLINDRICAL_SURFACE ( 'NONE', #1381, 5.499999999999998224 ) ;
#301 = EDGE_CURVE ( 'NONE', #1604, #168, #2531, .T. ) ;
#302 = MECHANICAL_DESIGN_GEOMETRIC_PRESENTATION_REPRESENTATION (  '', ( #171 ), #631 ) ;
#303 = FACE_BOUND ( 'NONE', #811, .T. ) ;
#304 = ORIENTED_EDGE ( 'NONE', *, *, #1934, .F. ) ;
#305 = AXIS2_PLACEMENT_3D ( 'NONE', #1640, #866, #668 ) ;
#306 = PLANE ( 'NONE',  #723 ) ;
#307 = CARTESIAN_POINT ( 'NONE',  ( 99.37499999999947420, 10.00000000000000000, -99.37499999999995737 ) ) ;
#308 = ADVANCED_FACE ( 'NONE', ( #1959 ), #582, .T. ) ;
#309 = AXIS2_PLACEMENT_3D ( 'NONE', #551, #990, #2313 ) ;
#310 = CARTESIAN_POINT ( 'NONE',  ( -274.2499999999984084, 49.00442571243652878, -69.00000000000288480 ) ) ;
#311 = LINE ( 'NONE', #93, #34 ) ;
#312 = CARTESIAN_POINT ( 'NONE',  ( 316.3336390829953757, 47.90262838058455230, -25.11781521887892055 ) ) ;
#313 = EDGE_CURVE ( 'NONE', #1523, #1361, #1642, .T. ) ;
#314 = AXIS2_PLACEMENT_3D ( 'NONE', #1067, #876, #688 ) ;
#315 = DIRECTION ( 'NONE',  ( -1.126435722581393873E-17, -3.491481338843133355E-15, -1.000000000000000000 ) ) ;
#316 = APPLICATION_PROTOCOL_DEFINITION ( 'draft international standard', 'automotive_design', 1998, #333 ) ;
#317 = B_SPLINE_CURVE_WITH_KNOTS ( 'NONE', 3,
 ( #1470, #116, #1094, #2057 ),
 .UNSPECIFIED., .F., .F.,
 ( 4, 4 ),
 ( 0.000000000000000000, 1.000000000000000000 ),
 .UNSPECIFIED. ) ;
#318 = ORIENTED_EDGE ( 'NONE', *, *, #178, .T. ) ;
#319 = LINE ( 'NONE', #140, #1590 ) ;
#320 = DIRECTION ( 'NONE',  ( 1.000000000000000000, -3.590114524212098422E-17, 1.882846976416525647E-16 ) ) ;
#321 = EDGE_CURVE ( 'NONE', #1539, #1147, #2100, .T. ) ;
#322 = EDGE_CURVE ( 'NONE', #1929, #1010, #19, .T. ) ;
#323 = FACE_OUTER_BOUND ( 'NONE', #358, .T. ) ;
#324 = CARTESIAN_POINT ( 'NONE',  ( 174.8336037003595607, 8.702747314099472220, -23.27422454951133091 ) ) ;
#325 = DIRECTION ( 'NONE',  ( -1.126435722581397879E-17, 1.000000000000000000, -3.491481338843133355E-15 ) ) ;
#326 = FACE_BOUND ( 'NONE', #1626, .T. ) ;
#327 = ORIENTED_EDGE ( 'NONE', *, *, #200, .T. ) ;
#328 = ORIENTED_EDGE ( 'NONE', *, *, #1922, .F. ) ;
#329 = ORIENTED_EDGE ( 'NONE', *, *, #624, .F. ) ;
#330 = CARTESIAN_POINT ( 'NONE',  ( -320.2500000000001705, 49.51483335252260076, -22.48737950369778460 ) ) ;
#331 = CARTESIAN_POINT ( 'NONE',  ( 5.365697235823364207E-15, 3.000000000000000000, -28.49778714378306432 ) ) ;
#332 = FACE_OUTER_BOUND ( 'NONE', #585, .T. ) ;
#333 = APPLICATION_CONTEXT ( 'automotive_design' ) ;
#334 = ORIENTED_EDGE ( 'NONE', *, *, #1427, .F. ) ;
#335 = AXIS2_PLACEMENT_3D ( 'NONE', #2083, #726, #738 ) ;
#336 = EDGE_CURVE ( 'NONE', #403, #2127, #228, .T. ) ;
#337 = DIRECTION ( 'NONE',  ( 0.000000000000000000, 1.000000000000000000, -0.000000000000000000 ) ) ;
#338 = CYLINDRICAL_SURFACE ( 'NONE', #1283, 5.499999999999616307 ) ;
#339 = AXIS2_PLACEMENT_3D ( 'NONE', #491, #1861, #693 ) ;
#340 = DIRECTION ( 'NONE',  ( 1.000000000000000000, -3.590114524212107667E-17, 1.745346932985495383E-16 ) ) ;
#341 = ORIENTED_EDGE ( 'NONE', *, *, #1570, .T. ) ;
#342 = ORIENTED_EDGE ( 'NONE', *, *, #355, .T. ) ;
#343 = ORIENTED_EDGE ( 'NONE', *, *, #981, .F. ) ;
#344 = AXIS2_PLACEMENT_3D ( 'NONE', #378, #1157, #1945 ) ;
#345 = FILL_AREA_STYLE ('',( #730 ) ) ;
#346 = B_SPLINE_CURVE_WITH_KNOTS ( 'NONE', 3,
 ( #574, #1964, #1358, #1768 ),
 .UNSPECIFIED., .F., .F.,
 ( 4, 4 ),
 ( 0.000000000000000000, 1.000000000000000000 ),
 .UNSPECIFIED. ) ;
#347 = CIRCLE ( 'NONE', #595, 8.499999999999996447 ) ;
#348 = DIRECTION ( 'NONE',  ( 1.000000000000000000, 0.000000000000000000, 0.000000000000000000 ) ) ;
#349 = CARTESIAN_POINT ( 'NONE',  ( 317.2499999999991473, 43.50442571243679168, -28.49778714378317801 ) ) ;
#350 = ADVANCED_FACE ( 'NONE', ( #1406 ), #1601, .F. ) ;
#351 = ORIENTED_EDGE ( 'NONE', *, *, #1376, .T. ) ;
#352 = LINE ( 'NONE', #2272, #1796 ) ;
#353 = CARTESIAN_POINT ( 'NONE',  ( 69.25000000000025580, 33.00221285621777412, -22.99778714378217614 ) ) ;
#354 = CARTESIAN_POINT ( 'NONE',  ( 69.25000000000025580, 38.50221285621738332, -22.99778714378219746 ) ) ;
#355 = EDGE_CURVE ( 'NONE', #1476, #1152, #1326, .T. ) ;
#356 = ORIENTED_EDGE ( 'NONE', *, *, #1819, .F. ) ;
#357 = ORIENTED_EDGE ( 'NONE', *, *, #610, .F. ) ;
#358 = EDGE_LOOP ( 'NONE', ( #2492, #1434, #456, #2107 ) ) ;
#359 = VECTOR ( 'NONE', #2466, 1000.000000000000000 ) ;
#360 = FACE_OUTER_BOUND ( 'NONE', #834, .T. ) ;
#361 = CARTESIAN_POINT ( 'NONE',  ( 311.7522128562168859, 0.000000000000000000, -28.49778714378301103 ) ) ;
#362 = CARTESIAN_POINT ( 'NONE',  ( -71.71876416784984087, 20.50221285621033118, -69.00002500000289274 ) ) ;
#363 = ORIENTED_EDGE ( 'NONE', *, *, #355, .F. ) ;
#364 = FACE_OUTER_BOUND ( 'NONE', #1130, .T. ) ;
#365 = FACE_OUTER_BOUND ( 'NONE', #2177, .T. ) ;
#366 = VERTEX_POINT ( 'NONE', #52 ) ;
#367 = DIRECTION ( 'NONE',  ( -1.126435722581393873E-17, -3.491481338843133355E-15, -1.000000000000000000 ) ) ;
#368 = ORIENTED_EDGE ( 'NONE', *, *, #2019, .T. ) ;
#369 = EDGE_CURVE ( 'NONE', #2315, #2084, #883, .T. ) ;
#370 = CARTESIAN_POINT ( 'NONE',  ( -294.7071128519618810, 50.50442571243439716, -28.49778714378223299 ) ) ;
#371 = CARTESIAN_POINT ( 'NONE',  ( -132.7499999999997158, 56.00442571243414136, -64.00000000000139266 ) ) ;
#372 = CARTESIAN_POINT ( 'NONE',  ( -639.1018762942225067, 8.500000000000000000, -28.49778714378318512 ) ) ;
#373 = ORIENTED_EDGE ( 'NONE', *, *, #2321, .F. ) ;
#374 = ORIENTED_EDGE ( 'NONE', *, *, #2251, .F. ) ;
#375 = B_SPLINE_CURVE_WITH_KNOTS ( 'NONE', 1,
 ( #1104, #923 ),
 .UNSPECIFIED., .F., .F.,
 ( 2, 2 ),
 ( 0.000000000000000000, 1.000000000000000000 ),
 .UNSPECIFIED. ) ;
#376 = DIRECTION ( 'NONE',  ( 0.000000000000000000, 0.000000000000000000, 1.000000000000000000 ) ) ;
#377 = AXIS2_PLACEMENT_3D ( 'NONE', #2262, #1090, #1475 ) ;
#378 = CARTESIAN_POINT ( 'NONE',  ( 1.022838044051394198E-15, 49.00442571243700485, -9.783840404509192012E-13 ) ) ;
#379 = ADVANCED_FACE ( 'NONE', ( #2051 ), #1252, .F. ) ;
#380 = VERTEX_POINT ( 'NONE', #884 ) ;
#381 = ORIENTED_EDGE ( 'NONE', *, *, #1816, .F. ) ;
#382 = ORIENTED_EDGE ( 'NONE', *, *, #2281, .T. ) ;
#383 = CARTESIAN_POINT ( 'NONE',  ( -6.349539288468064967E-17, 8.500000000000079936, -22.99778714378311761 ) ) ;
#384 = LINE ( 'NONE', #1951, #2241 ) ;
#385 = DIRECTION ( 'NONE',  ( 0.000000000000000000, -1.000000000000000000, 1.632680918566406596E-15 ) ) ;
#386 = APPLICATION_CONTEXT ( 'automotive_design' ) ;
#387 = AXIS2_PLACEMENT_3D ( 'NONE', #2073, #509, #2450 ) ;
#388 = VECTOR ( 'NONE', #2143, 1000.000000000000000 ) ;
#389 = ORIENTED_EDGE ( 'NONE', *, *, #2154, .T. ) ;
#390 = VERTEX_POINT ( 'NONE', #290 ) ;
#391 = EDGE_CURVE ( 'NONE', #897, #2298, #1615, .T. ) ;
#392 = DIRECTION ( 'NONE',  ( -0.000000000000000000, -0.000000000000000000, 1.000000000000000000 ) ) ;
#393 = CARTESIAN_POINT ( 'NONE',  ( -320.2500000000001705, 49.51483335252260076, -22.48737950369778460 ) ) ;
#394 = LINE ( 'NONE', #2160, #2201 ) ;
#395 = ADVANCED_FACE ( 'NONE', ( #2028 ), #473, .F. ) ;
#396 = VERTEX_POINT ( 'NONE', #101 ) ;
#397 = ORIENTED_EDGE ( 'NONE', *, *, #1437, .F. ) ;
#398 = DIRECTION ( 'NONE',  ( -1.126435722581393873E-17, -3.491481338843133355E-15, -1.000000000000000000 ) ) ;
#399 = DIRECTION ( 'NONE',  ( 1.882846976416524415E-16, -3.491481338843133355E-15, -1.000000000000000000 ) ) ;
#400 = VECTOR ( 'NONE', #731, 1000.000000000000000 ) ;
#401 = PRODUCT_DEFINITION ( 'UNKNOWN', '', #1883, #1238 ) ;
#402 = ORIENTED_EDGE ( 'NONE', *, *, #2243, .T. ) ;
#403 = VERTEX_POINT ( 'NONE', #658 ) ;
#404 = ORIENTED_EDGE ( 'NONE', *, *, #1293, .T. ) ;
#405 = VECTOR ( 'NONE', #1343, 1000.000000000000000 ) ;
#406 = DIRECTION ( 'NONE',  ( -1.000000000000000000, 1.882846976416524415E-16, -1.882846976416531071E-16 ) ) ;
#407 = EDGE_CURVE ( 'NONE', #1840, #986, #137, .T. ) ;
#408 = CARTESIAN_POINT ( 'NONE',  ( 175.7499999999998579, 9.489592359914359676, -22.48737950369644878 ) ) ;
#409 = DIRECTION ( 'NONE',  ( 0.000000000000000000, 1.000000000000000000, -0.000000000000000000 ) ) ;
#410 = DIRECTION ( 'NONE',  ( 0.000000000000000000, 0.000000000000000000, 1.000000000000000000 ) ) ;
#411 = DIRECTION ( 'NONE',  ( 1.882846976416524415E-16, -3.491481338843133355E-15, -1.000000000000000000 ) ) ;
#412 = ORIENTED_EDGE ( 'NONE', *, *, #1983, .T. ) ;
#413 = ORIENTED_EDGE ( 'NONE', *, *, #627, .T. ) ;
#414 = DIRECTION ( 'NONE',  ( 1.000000000000000000, 0.000000000000000000, 0.000000000000000000 ) ) ;
#415 = CARTESIAN_POINT ( 'NONE',  ( 170.2522128562176533, 7.000000000000000000, -28.49778714378212285 ) ) ;
#416 = EDGE_LOOP ( 'NONE', ( #1800, #1189, #1938, #402 ) ) ;
#417 = ORIENTED_EDGE ( 'NONE', *, *, #1548, .F. ) ;
#418 = VERTEX_POINT ( 'NONE', #1056 ) ;
#419 = PLANE ( 'NONE',  #795 ) ;
#420 = EDGE_CURVE ( 'NONE', #2140, #366, #1897, .T. ) ;
#421 = CARTESIAN_POINT ( 'NONE',  ( 172.0848085708116741, 10.14315027832426530, -27.05817377980607574 ) ) ;
#422 = CARTESIAN_POINT ( 'NONE',  ( 317.2499999999991473, 4.610912703473999841, -24.60869984725698956 ) ) ;
#423 = CYLINDRICAL_SURFACE ( 'NONE', #769, 6.999999999999666045 ) ;
#424 = DIRECTION ( 'NONE',  ( -3.860518867321550031E-14, -1.000000000000000000, 3.491481338843133750E-15 ) ) ;
#425 = ORIENTED_EDGE ( 'NONE', *, *, #1532, .F. ) ;
#426 = ORIENTED_EDGE ( 'NONE', *, *, #2037, .F. ) ;
#427 = FACE_OUTER_BOUND ( 'NONE', #1890, .T. ) ;
#428 = CARTESIAN_POINT ( 'NONE',  ( -61.76276543476237890, 26.00221285621154266, -69.00002500000289274 ) ) ;
#429 = ORIENTED_EDGE ( 'NONE', *, *, #313, .F. ) ;
#430 = ORIENTED_EDGE ( 'NONE', *, *, #734, .F. ) ;
#431 = AXIS2_PLACEMENT_3D ( 'NONE', #460, #1599, #1013 ) ;
#432 = MECHANICAL_DESIGN_GEOMETRIC_PRESENTATION_REPRESENTATION (  '', ( #181 ), #70 ) ;
#433 = CARTESIAN_POINT ( 'NONE',  ( -274.2499999999997726, 3.000000000000000000, -69.00000000000115108 ) ) ;
#434 = B_SPLINE_SURFACE_WITH_KNOTS ( 'NONE', 1, 3, ( 
 ( #119, #488, #689, #1265, #495, #1653 ),
 ( #1089, #1643, #1474, #1299, #312, #1275 ) ),
 .UNSPECIFIED., .F., .F., .F.,
 ( 2, 2 ),
 ( 4, 2, 4 ),
 ( 0.000000000000000000, 1.000000000000000000 ),
 ( 0.000000000000000000, 0.5000000000000000000, 1.000000000000000000 ),
 .UNSPECIFIED. ) ;
#435 = AXIS2_PLACEMENT_3D ( 'NONE', #2434, #2059, #687 ) ;
#436 = DIRECTION ( 'NONE',  ( 1.882846976416524415E-16, -3.491481338843133355E-15, -1.000000000000000000 ) ) ;
#437 = DIRECTION ( 'NONE',  ( -1.000000000000000000, -1.126435722581393873E-17, 1.126435722581397879E-17 ) ) ;
#438 = CARTESIAN_POINT ( 'NONE',  ( -1.126934250639966739E-16, 56.00442571243439005, -28.49778714378228273 ) ) ;
#439 = EDGE_LOOP ( 'NONE', ( #1397, #1811, #745, #691 ) ) ;
#440 = CARTESIAN_POINT ( 'NONE',  ( 64.28123583215017334, 31.50221285621275413, -19.99778714378308564 ) ) ;
#441 = PLANE ( 'NONE',  #1131 ) ;
#442 = ORIENTED_EDGE ( 'NONE', *, *, #579, .F. ) ;
#443 = VERTEX_POINT ( 'NONE', #2237 ) ;
#444 = CIRCLE ( 'NONE', #516, 5.499999999999609201 ) ;
#445 = LINE ( 'NONE', #2038, #2233 ) ;
#446 = DIRECTION ( 'NONE',  ( -1.000000000000000000, 1.882846976416524415E-16, -1.882846976416531071E-16 ) ) ;
#447 = VECTOR ( 'NONE', #2169, 1000.000000000000000 ) ;
#448 = CARTESIAN_POINT ( 'NONE',  ( -122.7499999999999147, 33.00221285621689304, -19.99778714378217259 ) ) ;
#449 = CARTESIAN_POINT ( 'NONE',  ( -320.2500000000001137, 4.610912703474004282, -24.60869984725710324 ) ) ;
#450 = LINE ( 'NONE', #1634, #847 ) ;
#451 = ADVANCED_FACE ( 'NONE', ( #853 ), #2016, .T. ) ;
#452 = SHAPE_REPRESENTATION_RELATIONSHIP ( 'NONE' , 'NONE' ,  #1050, #2142 ) ;
#453 = PRODUCT_DEFINITION_SHAPE ( 'NONE', 'NONE',  #401 ) ;
#454 = CARTESIAN_POINT ( 'NONE',  ( 170.2522128562193302, 56.00442571243439716, -28.49778714378227207 ) ) ;
#455 = CARTESIAN_POINT ( 'NONE',  ( 311.7522128562168859, 52.00442571243679879, -28.49778714378323485 ) ) ;
#456 = ORIENTED_EDGE ( 'NONE', *, *, #1235, .T. ) ;
#457 = EDGE_CURVE ( 'NONE', #2084, #2162, #1042, .T. ) ;
#458 = ORIENTED_EDGE ( 'NONE', *, *, #1532, .T. ) ;
#459 = LINE ( 'NONE', #1435, #2035 ) ;
#460 = CARTESIAN_POINT ( 'NONE',  ( 0.000000000000000000, 26.00221285621884348, -19.99778714378317446 ) ) ;
#461 = LINE ( 'NONE', #1074, #2192 ) ;
#462 = DIRECTION ( 'NONE',  ( 1.000000000000000000, 0.000000000000000000, 0.000000000000000000 ) ) ;
#463 = CARTESIAN_POINT ( 'NONE',  ( -67.26276543476359393, 31.50221285621275413, -69.00002500000289274 ) ) ;
#464 = DIRECTION ( 'NONE',  ( -0.000000000000000000, -0.000000000000000000, 1.000000000000000000 ) ) ;
#465 = AXIS2_PLACEMENT_3D ( 'NONE', #1301, #133, #917 ) ;
#466 = ORIENTED_EDGE ( 'NONE', *, *, #244, .T. ) ;
#467 = ORIENTED_EDGE ( 'NONE', *, *, #1928, .T. ) ;
#468 = CYLINDRICAL_SURFACE ( 'NONE', #2440, 5.500000000001212364 ) ;
#469 = DIRECTION ( 'NONE',  ( 1.882846976416531071E-16, 1.000000000000000000, -3.491481338843133355E-15 ) ) ;
#470 = AXIS2_PLACEMENT_3D ( 'NONE', #1457, #2198, #1649 ) ;
#471 = AXIS2_PLACEMENT_3D ( 'NONE', #1438, #1240, #269 ) ;
#472 = EDGE_CURVE ( 'NONE', #2296, #1578, #1419, .T. ) ;
#473 = PLANE ( 'NONE',  #1122 ) ;
#474 = VECTOR ( 'NONE', #2012, 1000.000000000000000 ) ;
#475 = CARTESIAN_POINT ( 'NONE',  ( 64.28123583215017334, 31.50221285621275413, -69.00002500000289274 ) ) ;
#476 = CARTESIAN_POINT ( 'NONE',  ( -314.7522128562179091, 2.000000000000000888, -28.49778714378309274 ) ) ;
#477 = SHAPE_REPRESENTATION_RELATIONSHIP ( 'NONE' , 'NONE' ,  #1222, #1896 ) ;
#478 = LINE ( 'NONE', #383, #1866 ) ;
#479 = ORIENTED_EDGE ( 'NONE', *, *, #1717, .T. ) ;
#480 = CARTESIAN_POINT ( 'NONE',  ( 0.000000000000000000, 10.00000000000000000, -69.00000000000000000 ) ) ;
#481 = DIRECTION ( 'NONE',  ( -1.000000000000000000, -1.126435722581393873E-17, 1.126435722581397879E-17 ) ) ;
#482 = CIRCLE ( 'NONE', #2410, 5.499999999999998224 ) ;
#483 = ORIENTED_EDGE ( 'NONE', *, *, #643, .F. ) ;
#484 = AXIS2_PLACEMENT_3D ( 'NONE', #1786, #2136, #11 ) ;
#485 = VECTOR ( 'NONE', #1400, 1000.000000000000000 ) ;
#486 = DIRECTION ( 'NONE',  ( 0.000000000000000000, 1.000000000000000000, -3.784851220313302949E-15 ) ) ;
#487 = CARTESIAN_POINT ( 'NONE',  ( -639.1018762942225067, 43.50442571243682721, -28.49778714378335565 ) ) ;
#488 = CARTESIAN_POINT ( 'NONE',  ( 312.6686091558572684, 52.00442571243679879, -27.38502020850571128 ) ) ;
#489 = ORIENTED_EDGE ( 'NONE', *, *, #1450, .F. ) ;
#490 = CARTESIAN_POINT ( 'NONE',  ( 317.2499999999991473, 8.500000000000069278, -22.99778714378305366 ) ) ;
#491 = CARTESIAN_POINT ( 'NONE',  ( 144.2500000000004263, 33.00221285621777412, -22.99778714378217970 ) ) ;
#492 = EDGE_CURVE ( 'NONE', #155, #1330, #1832, .T. ) ;
#493 = CARTESIAN_POINT ( 'NONE',  ( 68.73723456523642028, 26.00221285621154266, -19.99778714378308564 ) ) ;
#494 = CARTESIAN_POINT ( 'NONE',  ( 68.73723456523642028, 26.00221285621154266, -19.99778714378308564 ) ) ;
#495 = CARTESIAN_POINT ( 'NONE',  ( 316.3336037003587649, 50.30167839833742249, -23.27422454951251041 ) ) ;
#496 = APPLICATION_PROTOCOL_DEFINITION ( 'draft international standard', 'automotive_design', 1998, #258 ) ;
#497 = VERTEX_POINT ( 'NONE', #1472 ) ;
#498 = EDGE_CURVE ( 'NONE', #2084, #2315, #759, .T. ) ;
#499 = CARTESIAN_POINT ( 'NONE',  ( 187.2919641127279817, 37.99753937703821549, -19.99778714378318156 ) ) ;
#500 = CARTESIAN_POINT ( 'NONE',  ( -62.75000000000030553, 38.50221285621739753, -19.99778714378219746 ) ) ;
#501 = AXIS2_PLACEMENT_3D ( 'NONE', #1879, #1667, #1676 ) ;
#502 = CARTESIAN_POINT ( 'NONE',  ( -67.26276543476359393, 20.50221285621033118, -22.99778714378316735 ) ) ;
#503 = VECTOR ( 'NONE', #1798, 1000.000000000000000 ) ;
#504 = CARTESIAN_POINT ( 'NONE',  ( -320.2500000000001705, 47.39351300896291264, -24.60869984725737680 ) ) ;
#505 = EDGE_CURVE ( 'NONE', #1003, #2469, #2103, .T. ) ;
#506 = AXIS2_PLACEMENT_3D ( 'NONE', #2494, #2480, #2516 ) ;
#507 = CARTESIAN_POINT ( 'NONE',  ( 170.1249999999996874, 49.00442571243581114, -170.1250000000005400 ) ) ;
#508 = CARTESIAN_POINT ( 'NONE',  ( -320.2500000000001137, 4.610912703474004282, -24.60869984725710324 ) ) ;
#509 = DIRECTION ( 'NONE',  ( -1.396592535537265964E-14, -3.491481338842829644E-15, 1.000000000000000000 ) ) ;
#510 = EDGE_CURVE ( 'NONE', #939, #207, #461, .T. ) ;
#511 = ORIENTED_EDGE ( 'NONE', *, *, #1759, .F. ) ;
#512 = EDGE_CURVE ( 'NONE', #1314, #155, #2446, .T. ) ;
#513 = PLANE ( 'NONE',  #1459 ) ;
#514 = CARTESIAN_POINT ( 'NONE',  ( -122.7499999999999147, 27.50221285621727318, -22.99778714378215128 ) ) ;
#515 =( REPRESENTATION_RELATIONSHIP ('NONE','NONE', #2015, #1222 ) REPRESENTATION_RELATIONSHIP_WITH_TRANSFORMATION ( #1672 )SHAPE_REPRESENTATION_RELATIONSHIP( ) );
#516 = AXIS2_PLACEMENT_3D ( 'NONE', #871, #218, #832 ) ;
#517 = DIRECTION ( 'NONE',  ( 0.000000000000000000, 1.000000000000000000, -0.000000000000000000 ) ) ;
#518 = CARTESIAN_POINT ( 'NONE',  ( -62.75000000000030553, 27.50221285621815781, -22.99778714378215483 ) ) ;
#519 = CYLINDRICAL_SURFACE ( 'NONE', #644, 8.500000000000003553 ) ;
#520 = DIRECTION ( 'NONE',  ( 0.000000000000000000, 1.000000000000000000, -3.469446951953766045E-15 ) ) ;
#521 = EDGE_CURVE ( 'NONE', #682, #1445, #1536, .T. ) ;
#522 = ORIENTED_EDGE ( 'NONE', *, *, #921, .F. ) ;
#523 = ORIENTED_EDGE ( 'NONE', *, *, #1943, .F. ) ;
#524 = LINE ( 'NONE', #535, #1096 ) ;
#525 = CARTESIAN_POINT ( 'NONE',  ( -314.7522128562179660, 0.000000000000000000, -28.49778714378310696 ) ) ;
#526 = DIRECTION ( 'NONE',  ( 0.000000000000000000, 1.000000000000000000, -3.469446951953779850E-15 ) ) ;
#527 = ADVANCED_FACE ( 'NONE', ( #572 ), #519, .T. ) ;
#528 = LINE ( 'NONE', #2116, #561 ) ;
#529 = FACE_OUTER_BOUND ( 'NONE', #560, .T. ) ;
#530 = DIRECTION ( 'NONE',  ( 1.000000000000000000, 0.000000000000000000, -0.000000000000000000 ) ) ;
#531 = EDGE_CURVE ( 'NONE', #1432, #1402, #1296, .T. ) ;
#532 = ORIENTED_EDGE ( 'NONE', *, *, #1545, .T. ) ;
#533 = ORIENTED_EDGE ( 'NONE', *, *, #760, .F. ) ;
#534 = ORIENTED_EDGE ( 'NONE', *, *, #1499, .T. ) ;
#535 = CARTESIAN_POINT ( 'NONE',  ( 232.2919641127278965, 37.99753937703819417, -22.99778714378317446 ) ) ;
#536 = CARTESIAN_POINT ( 'NONE',  ( 68.73723456523642028, 26.00221285621154266, -69.00002500000289274 ) ) ;
#537 = CARTESIAN_POINT ( 'NONE',  ( 311.7522128562168859, 49.00442571243679168, -28.49778714378322064 ) ) ;
#538 = ORIENTED_EDGE ( 'NONE', *, *, #837, .T. ) ;
#539 = ADVANCED_FACE ( 'NONE', ( #1495 ), #94, .F. ) ;
#540 = DIRECTION ( 'NONE',  ( -1.126435722581393873E-17, -3.491481338843133355E-15, -1.000000000000000000 ) ) ;
#541 = CARTESIAN_POINT ( 'NONE',  ( -71.71876416784984087, 31.50221285621275413, -19.99778714378308564 ) ) ;
#542 = ADVANCED_FACE ( 'NONE', ( #292 ), #434, .F. ) ;
#543 = CIRCLE ( 'NONE', #749, 5.499999999999609201 ) ;
#544 = LINE ( 'NONE', #711, #2432 ) ;
#545 = ORIENTED_EDGE ( 'NONE', *, *, #734, .T. ) ;
#546 = EDGE_LOOP ( 'NONE', ( #343, #1567 ) ) ;
#547 = ORIENTED_EDGE ( 'NONE', *, *, #1946, .T. ) ;
#548 = VECTOR ( 'NONE', #1589, 1000.000000000000000 ) ;
#549 = CARTESIAN_POINT ( 'NONE',  ( -314.7522128562180228, 49.00442571243680590, -28.49778714378333788 ) ) ;
#550 = DIRECTION ( 'NONE',  ( 1.882846976416524415E-16, -3.491481338843133355E-15, -1.000000000000000000 ) ) ;
#551 = CARTESIAN_POINT ( 'NONE',  ( -137.7499999999996021, 33.00221285621783096, -22.99778714378217259 ) ) ;
#552 = VECTOR ( 'NONE', #325, 1000.000000000000000 ) ;
#553 = VERTEX_POINT ( 'NONE', #1451 ) ;
#554 = DIRECTION ( 'NONE',  ( 1.882846976416531071E-16, 1.000000000000000000, -3.491481338843133355E-15 ) ) ;
#555 = LINE ( 'NONE', #953, #388 ) ;
#556 = EDGE_CURVE ( 'NONE', #231, #607, #1993, .T. ) ;
#557 = DIRECTION ( 'NONE',  ( 0.000000000000000000, 1.000000000000000000, -3.784851220313302949E-15 ) ) ;
#558 = ORIENTED_EDGE ( 'NONE', *, *, #719, .T. ) ;
#559 = EDGE_LOOP ( 'NONE', ( #966, #1947 ) ) ;
#560 = EDGE_LOOP ( 'NONE', ( #381, #2388, #824, #617 ) ) ;
#561 = VECTOR ( 'NONE', #1680, 1000.000000000000000 ) ;
#562 = LINE ( 'NONE', #620, #149 ) ;
#563 = DIRECTION ( 'NONE',  ( 0.000000000000000000, -0.000000000000000000, 1.000000000000000000 ) ) ;
#564 =( REPRESENTATION_RELATIONSHIP ('NONE','NONE', #2015, #1222 ) REPRESENTATION_RELATIONSHIP_WITH_TRANSFORMATION ( #1635 )SHAPE_REPRESENTATION_RELATIONSHIP( ) );
#565 = ORIENTED_EDGE ( 'NONE', *, *, #1497, .T. ) ;
#566 = ORIENTED_EDGE ( 'NONE', *, *, #837, .F. ) ;
#567 = B_SPLINE_SURFACE_WITH_KNOTS ( 'NONE', 1, 3, ( 
 ( #1501, #1526, #962, #2134, #2299, #2289 ),
 ( #976, #1163, #715, #1754, #2325, #549 ) ),
 .UNSPECIFIED., .F., .F., .F.,
 ( 2, 2 ),
 ( 4, 2, 4 ),
 ( 0.000000000000000000, 1.000000000000000000 ),
 ( 0.000000000000000000, 0.5000000000000000000, 1.000000000000000000 ),
 .UNSPECIFIED. ) ;
#568 = ADVANCED_FACE ( 'NONE', ( #1835, #2260, #303, #1681, #2448 ), #2273, .T. ) ;
#569 = FACE_OUTER_BOUND ( 'NONE', #2133, .T. ) ;
#570 = CARTESIAN_POINT ( 'NONE',  ( 68.73723456523642028, 31.50221285621275413, -69.00002500000289274 ) ) ;
#571 = ORIENTED_EDGE ( 'NONE', *, *, #900, .T. ) ;
#572 = FACE_OUTER_BOUND ( 'NONE', #945, .T. ) ;
#573 = ORIENTED_EDGE ( 'NONE', *, *, #705, .T. ) ;
#574 = CARTESIAN_POINT ( 'NONE',  ( 175.7499999999999716, 9.489592359914361452, -22.48737950369644878 ) ) ;
#575 = LINE ( 'NONE', #154, #1544 ) ;
#576 = ORIENTED_EDGE ( 'NONE', *, *, #1568, .T. ) ;
#577 = EDGE_CURVE ( 'NONE', #168, #1594, #1659, .T. ) ;
#578 = VERTEX_POINT ( 'NONE', #681 ) ;
#579 = EDGE_CURVE ( 'NONE', #1353, #29, #718, .T. ) ;
#580 = VECTOR ( 'NONE', #1098, 1000.000000000000000 ) ;
#581 = DIRECTION ( 'NONE',  ( -1.126435722581393873E-17, -3.491481338843133355E-15, -1.000000000000000000 ) ) ;
#582 = PLANE ( 'NONE',  #1989 ) ;
#583 = PRODUCT_RELATED_PRODUCT_CATEGORY ( 'part', '', ( #2399 ) ) ;
#584 = CARTESIAN_POINT ( 'NONE',  ( -2.760016784353552762E-16, 50.50442571243443979, -19.99778714378223654 ) ) ;
#585 = EDGE_LOOP ( 'NONE', ( #592, #972, #522, #163, #699 ) ) ;
#586 = ORIENTED_EDGE ( 'NONE', *, *, #1286, .T. ) ;
#587 = EDGE_CURVE ( 'NONE', #2484, #2298, #111, .T. ) ;
#588 = DIRECTION ( 'NONE',  ( 1.000000000000000000, 1.126435722581393873E-17, -1.126435722581397879E-17 ) ) ;
#589 = CARTESIAN_POINT ( 'NONE',  ( -137.7499999999996021, 10.00000000000000000, 0.000000000000000000 ) ) ;
#590 = ADVANCED_FACE ( 'NONE', ( #86 ), #896, .T. ) ;
#591 = CIRCLE ( 'NONE', #2031, 5.499999999999609201 ) ;
#592 = ORIENTED_EDGE ( 'NONE', *, *, #1277, .T. ) ;
#593 = ORIENTED_EDGE ( 'NONE', *, *, #510, .T. ) ;
#594 = ORIENTED_EDGE ( 'NONE', *, *, #1308, .F. ) ;
#595 = AXIS2_PLACEMENT_3D ( 'NONE', #1611, #1627, #1446 ) ;
#596 = DIRECTION ( 'NONE',  ( 0.7071067811865483499, -4.963086205417592833E-15, -0.7071067811865465735 ) ) ;
#597 = DIRECTION ( 'NONE',  ( 1.882846976416531071E-16, 1.000000000000000000, -3.491481338843133355E-15 ) ) ;
#598 = CARTESIAN_POINT ( 'NONE',  ( -316.5848085708120152, 0.2212322483193268352, -26.27293012672921435 ) ) ;
#599 = LINE ( 'NONE', #1032, #2511 ) ;
#600 = ORIENTED_EDGE ( 'NONE', *, *, #420, .F. ) ;
#601 = ORIENTED_EDGE ( 'NONE', *, *, #1268, .F. ) ;
#602 = AXIS2_PLACEMENT_3D ( 'NONE', #194, #2327, #1334 ) ;
#603 =( LENGTH_UNIT ( ) NAMED_UNIT ( * ) SI_UNIT ( .MILLI., .METRE. ) );
#604 = LINE ( 'NONE', #1563, #33 ) ;
#605 = FACE_OUTER_BOUND ( 'NONE', #439, .T. ) ;
#606 = VECTOR ( 'NONE', #540, 1000.000000000000000 ) ;
#607 = VERTEX_POINT ( 'NONE', #697 ) ;
#608 = EDGE_LOOP ( 'NONE', ( #991, #232, #1368, #943 ) ) ;
#609 = ORIENTED_EDGE ( 'NONE', *, *, #285, .T. ) ;
#610 = EDGE_CURVE ( 'NONE', #2151, #768, #670, .T. ) ;
#611 = DIRECTION ( 'NONE',  ( 1.000000000000000000, 0.000000000000000000, 1.882846976416524661E-16 ) ) ;
#612 = CARTESIAN_POINT ( 'NONE',  ( 175.7499999999998579, 11.61091270347399629, -24.60869984725609783 ) ) ;
#613 = DIRECTION ( 'NONE',  ( -1.000000000000000000, 0.000000000000000000, 0.000000000000000000 ) ) ;
#614 = DIRECTION ( 'NONE',  ( 1.126435722581401884E-17, -1.000000000000000000, 6.982962677686266711E-15 ) ) ;
#615 = LINE ( 'NONE', #1383, #503 ) ;
#616 = VERTEX_POINT ( 'NONE', #1254 ) ;
#617 = ORIENTED_EDGE ( 'NONE', *, *, #472, .F. ) ;
#618 = EDGE_CURVE ( 'NONE', #1195, #1904, #2043, .T. ) ;
#619 = SURFACE_STYLE_FILL_AREA ( #1216 ) ;
#620 = CARTESIAN_POINT ( 'NONE',  ( 187.2919641127279817, 23.99753937703887274, -22.99778714378313182 ) ) ;
#621 = CYLINDRICAL_SURFACE ( 'NONE', #1588, 6.999999999999669598 ) ;
#622 = ORIENTED_EDGE ( 'NONE', *, *, #1922, .T. ) ;
#623 = ORIENTED_EDGE ( 'NONE', *, *, #1956, .F. ) ;
#624 = EDGE_CURVE ( 'NONE', #2428, #754, #1942, .T. ) ;
#625 = CARTESIAN_POINT ( 'NONE',  ( -122.7499999999999147, 38.50221285621649514, -22.99778714378219391 ) ) ;
#626 = CARTESIAN_POINT ( 'NONE',  ( -62.75000000000030553, 33.00221285621777412, -22.99778714378217614 ) ) ;
#627 = EDGE_CURVE ( 'NONE', #1578, #965, #555, .T. ) ;
#628 = LINE ( 'NONE', #198, #1658 ) ;
#629 = LINE ( 'NONE', #1228, #1063 ) ;
#630 = CARTESIAN_POINT ( 'NONE',  ( -274.2499999999997726, 0.000000000000000000, -69.00000000000115108 ) ) ;
#631 =( GEOMETRIC_REPRESENTATION_CONTEXT ( 3 ) GLOBAL_UNCERTAINTY_ASSIGNED_CONTEXT ( ( #295 ) ) GLOBAL_UNIT_ASSIGNED_CONTEXT ( ( #1020, #56, #1854 ) ) REPRESENTATION_CONTEXT ( 'NONE', 'WORKASPACE' ) );
#632 = ORIENTED_EDGE ( 'NONE', *, *, #99, .F. ) ;
#633 = EDGE_LOOP ( 'NONE', ( #329, #2208, #2441, #819 ) ) ;
#634 = CARTESIAN_POINT ( 'NONE',  ( 312.6685107135140242, 49.00442571243679168, -27.77783882733555743 ) ) ;
#635 = CARTESIAN_POINT ( 'NONE',  ( 187.2919641127279817, 30.99753937703853879, -22.99778714378315669 ) ) ;
#636 = ORIENTED_EDGE ( 'NONE', *, *, #1169, .F. ) ;
#637 = ORIENTED_EDGE ( 'NONE', *, *, #146, .T. ) ;
#638 = VECTOR ( 'NONE', #1065, 1000.000000000000000 ) ;
#639 = CIRCLE ( 'NONE', #1411, 6.999999999999669598 ) ;
#640 = CIRCLE ( 'NONE', #752, 4.999999999999948486 ) ;
#641 = FACE_OUTER_BOUND ( 'NONE', #1663, .T. ) ;
#642 = CARTESIAN_POINT ( 'NONE',  ( 317.2499999999991473, 2.489592359914360120, -22.48737950369734051 ) ) ;
#643 = EDGE_CURVE ( 'NONE', #1402, #939, #1885, .T. ) ;
#644 = AXIS2_PLACEMENT_3D ( 'NONE', #1100, #104, #282 ) ;
#645 = DIRECTION ( 'NONE',  ( 0.000000000000000000, 1.000000000000000000, -0.000000000000000000 ) ) ;
#646 = CARTESIAN_POINT ( 'NONE',  ( -318.4174042854060644, 3.694174864051593676, -25.72788275174316297 ) ) ;
#647 = EDGE_CURVE ( 'NONE', #1550, #2153, #1825, .T. ) ;
#648 = CARTESIAN_POINT ( 'NONE',  ( -320.2500000000001705, 49.51483335252260076, -22.48737950369778460 ) ) ;
#649 = FILL_AREA_STYLE ('',( #1204 ) ) ;
#650 = FACE_OUTER_BOUND ( 'NONE', #1803, .T. ) ;
#651 = FACE_OUTER_BOUND ( 'NONE', #2518, .T. ) ;
#652 = EDGE_LOOP ( 'NONE', ( #2470, #1543, #318, #7 ) ) ;
#653 = ORIENTED_EDGE ( 'NONE', *, *, #719, .F. ) ;
#654 = AXIS2_PLACEMENT_3D ( 'NONE', #2373, #272, #1607 ) ;
#655 = LINE ( 'NONE', #2245, #2102 ) ;
#656 = CARTESIAN_POINT ( 'NONE',  ( 313.5848085708109920, 51.78319346411748825, -26.27293012672935646 ) ) ;
#657 = VECTOR ( 'NONE', #2089, 1000.000000000000000 ) ;
#658 = CARTESIAN_POINT ( 'NONE',  ( 317.2499999999991473, 8.500000000000031974, -19.99778714378305366 ) ) ;
#659 = CARTESIAN_POINT ( 'NONE',  ( 316.3336390829953757, 4.101797331852265138, -25.11781521887871449 ) ) ;
#660 = CARTESIAN_POINT ( 'NONE',  ( -137.7499999999996021, 50.50442571243442558, -22.99778714378223654 ) ) ;
#661 = CARTESIAN_POINT ( 'NONE',  ( -235.2919641127278965, 30.99753937703856366, -22.99778714378323841 ) ) ;
#662 = EDGE_LOOP ( 'NONE', ( #1609, #1304, #2360, #2023 ) ) ;
#663 = VERTEX_POINT ( 'NONE', #1108 ) ;
#664 = PLANE ( 'NONE',  #139 ) ;
#665 = CARTESIAN_POINT ( 'NONE',  ( 317.2499999999991473, 49.51483335252247997, -22.48737950369755723 ) ) ;
#666 = ADVANCED_FACE ( 'NONE', ( #529 ), #1944, .F. ) ;
#667 = ADVANCED_FACE ( 'NONE', ( #1142 ), #170, .T. ) ;
#668 = DIRECTION ( 'NONE',  ( 0.000000000000000000, 1.000000000000000000, -3.784851220312199333E-15 ) ) ;
#669 = CARTESIAN_POINT ( 'NONE',  ( -318.4174042854060644, 48.31025084838528016, -25.72788275174344008 ) ) ;
#670 = LINE ( 'NONE', #507, #1365 ) ;
#671 = CARTESIAN_POINT ( 'NONE',  ( 248.7675003595326189, 185.4334623298042288, 127.6454953043943163 ) ) ;
#672 = AXIS2_PLACEMENT_3D ( 'NONE', #2468, #315, #557 ) ;
#673 = EDGE_LOOP ( 'NONE', ( #979, #1409, #2338, #538, #820, #2485 ) ) ;
#674 = CARTESIAN_POINT ( 'NONE',  ( -320.2500000000001137, 8.500000000000138556, -22.99778714378317446 ) ) ;
#675 = CARTESIAN_POINT ( 'NONE',  ( -137.7499999999996021, 50.50442571243440426, -28.49778714378223299 ) ) ;
#676 = AXIS2_PLACEMENT_3D ( 'NONE', #717, #2454, #1478 ) ;
#677 = CARTESIAN_POINT ( 'NONE',  ( -137.7499999999996021, 50.50442571243442558, -22.99778714378223654 ) ) ;
#678 = CIRCLE ( 'NONE', #2473, 5.500000000001212364 ) ;
#679 = CARTESIAN_POINT ( 'NONE',  ( 313.5848085708109920, 3.143150278324266633, -27.05817377980696037 ) ) ;
#680 = AXIS2_PLACEMENT_3D ( 'NONE', #1287, #1875, #904 ) ;
#681 = CARTESIAN_POINT ( 'NONE',  ( -122.7499999999999147, 38.50221285621649514, -22.99778714378219391 ) ) ;
#682 = VERTEX_POINT ( 'NONE', #1559 ) ;
#683 = LINE ( 'NONE', #1071, #1250 ) ;
#684 = FACE_OUTER_BOUND ( 'NONE', #1598, .T. ) ;
#685 = AXIS2_PLACEMENT_3D ( 'NONE', #1192, #247, #87 ) ;
#686 = VECTOR ( 'NONE', #437, 1000.000000000000000 ) ;
#687 = DIRECTION ( 'NONE',  ( 0.000000000000000000, -1.000000000000000000, 3.673532066774414791E-15 ) ) ;
#688 = DIRECTION ( 'NONE',  ( 0.000000000000000000, 1.000000000000000000, -3.469446951953766045E-15 ) ) ;
#689 = CARTESIAN_POINT ( 'NONE',  ( 313.5848085708109920, 51.78319346411748825, -26.27293012672935646 ) ) ;
#690 = SHAPE_DEFINITION_REPRESENTATION ( #2532, #2015 ) ;
#691 = ORIENTED_EDGE ( 'NONE', *, *, #1731, .F. ) ;
#692 = DIRECTION ( 'NONE',  ( 1.000000000000000000, -0.000000000000000000, -1.126435722581393873E-17 ) ) ;
#693 = DIRECTION ( 'NONE',  ( 0.000000000000000000, 1.000000000000000000, -3.784851220313302949E-15 ) ) ;
#694 = ADVANCED_FACE ( 'NONE', ( #364 ), #338, .F. ) ;
#695 = CARTESIAN_POINT ( 'NONE',  ( -320.2500000000001705, 43.50442571243684142, -19.99778714378329880 ) ) ;
#696 = CARTESIAN_POINT ( 'NONE',  ( 317.2499999999991473, 8.500000000000000000, -28.49778714378300748 ) ) ;
#697 = CARTESIAN_POINT ( 'NONE',  ( -320.2500000000000568, 8.500000000000149214, -19.99778714378317446 ) ) ;
#698 = DIRECTION ( 'NONE',  ( 0.000000000000000000, 1.000000000000000000, -3.469446951953779850E-15 ) ) ;
#699 = ORIENTED_EDGE ( 'NONE', *, *, #472, .T. ) ;
#700 = DIRECTION ( 'NONE',  ( -1.000000000000000000, -1.126435722581393873E-17, 1.126435722581397879E-17 ) ) ;
#701 = FACE_OUTER_BOUND ( 'NONE', #122, .T. ) ;
#702 = ADVANCED_FACE ( 'NONE', ( #569 ), #2306, .F. ) ;
#703 = AXIS2_PLACEMENT_3D ( 'NONE', #1831, #446, #469 ) ;
#704 = CARTESIAN_POINT ( 'NONE',  ( -137.7499999999996021, 15.50000000000000000, -28.49778714378211575 ) ) ;
#705 = EDGE_CURVE ( 'NONE', #1904, #9, #724, .T. ) ;
#706 = LINE ( 'NONE', #2479, #657 ) ;
#707 = AXIS2_PLACEMENT_3D ( 'NONE', #671, #1243, #1452 ) ;
#708 = AXIS2_PLACEMENT_3D ( 'NONE', #1926, #581, #186 ) ;
#709 = CARTESIAN_POINT ( 'NONE',  ( -137.7499999999996021, 33.00221285621783807, -19.99778714378217259 ) ) ;
#710 = B_SPLINE_CURVE_WITH_KNOTS ( 'NONE', 3,
 ( #1830, #909, #1878, #2066, #743, #2098 ),
 .UNSPECIFIED., .F., .F.,
 ( 4, 2, 4 ),
 ( 0.000000000000000000, 0.5000000000000000000, 1.000000000000000000 ),
 .UNSPECIFIED. ) ;
#711 = CARTESIAN_POINT ( 'NONE',  ( 69.25000000000025580, 27.50221285621816136, -22.99778714378215483 ) ) ;
#712 = EDGE_CURVE ( 'NONE', #2484, #1704, #969, .T. ) ;
#713 = ORIENTED_EDGE ( 'NONE', *, *, #2027, .T. ) ;
#714 = ORIENTED_EDGE ( 'NONE', *, *, #1471, .F. ) ;
#715 = CARTESIAN_POINT ( 'NONE',  ( -318.4174042854060644, 48.31025084838528016, -25.72788275174344008 ) ) ;
#716 = DIRECTION ( 'NONE',  ( -0.7071067811865474617, 0.000000000000000000, -0.7071067811865474617 ) ) ;
#717 = CARTESIAN_POINT ( 'NONE',  ( -71.71876416784984087, 26.00221285621154266, -22.99778714378318512 ) ) ;
#718 = B_SPLINE_CURVE_WITH_KNOTS ( 'NONE', 3,
 ( #2082, #2467, #476, #1464 ),
 .UNSPECIFIED., .F., .F.,
 ( 4, 4 ),
 ( 0.000000000000000000, 1.000000000000000000 ),
 .UNSPECIFIED. ) ;
#719 = EDGE_CURVE ( 'NONE', #616, #1203, #1311, .T. ) ;
#720 = AXIS2_PLACEMENT_3D ( 'NONE', #370, #946, #1148 ) ;
#721 = CARTESIAN_POINT ( 'NONE',  ( 170.1249999999999716, 3.000000000000000000, -170.1249999999999716 ) ) ;
#722 = CARTESIAN_POINT ( 'NONE',  ( 170.2522128562176533, 7.000000000000000000, -28.49778714378212285 ) ) ;
#723 = AXIS2_PLACEMENT_3D ( 'NONE', #1333, #1290, #296 ) ;
#724 = LINE ( 'NONE', #1509, #1159 ) ;
#725 = CIRCLE ( 'NONE', #2157, 6.999999999999666045 ) ;
#726 = DIRECTION ( 'NONE',  ( -1.126435722581393873E-17, -3.491481338843133355E-15, -1.000000000000000000 ) ) ;
#727 = EDGE_LOOP ( 'NONE', ( #1684, #2418 ) ) ;
#728 = ORIENTED_EDGE ( 'NONE', *, *, #2483, .T. ) ;
#729 = ORIENTED_EDGE ( 'NONE', *, *, #1351, .T. ) ;
#730 = FILL_AREA_STYLE_COLOUR ( '', #1378 ) ;
#731 = DIRECTION ( 'NONE',  ( -1.000000000000000000, 0.000000000000000000, -1.882846976416524661E-16 ) ) ;
#732 = CYLINDRICAL_SURFACE ( 'NONE', #1939, 6.999999999999697131 ) ;
#733 = ADVANCED_FACE ( 'NONE', ( #1520 ), #2129, .F. ) ;
#734 = EDGE_CURVE ( 'NONE', #1443, #380, #158, .T. ) ;
#735 = VERTEX_POINT ( 'NONE', #1749 ) ;
#736 = LINE ( 'NONE', #1774, #606 ) ;
#737 = DIRECTION ( 'NONE',  ( 1.000000000000000000, 1.126435722581393873E-17, -1.126435722581397879E-17 ) ) ;
#738 = DIRECTION ( 'NONE',  ( 0.000000000000000000, 1.000000000000000000, -3.784851220313302949E-15 ) ) ;
#739 = ORIENTED_EDGE ( 'NONE', *, *, #498, .T. ) ;
#740 = ORIENTED_EDGE ( 'NONE', *, *, #577, .T. ) ;
#741 = ORIENTED_EDGE ( 'NONE', *, *, #130, .T. ) ;
#742 = DIRECTION ( 'NONE',  ( 0.000000000000000000, 1.000000000000000000, -0.000000000000000000 ) ) ;
#743 = CARTESIAN_POINT ( 'NONE',  ( 174.8336037003612375, 57.30167839833498533, -23.27422454951151920 ) ) ;
#744 = CARTESIAN_POINT ( 'NONE',  ( -137.7499999999996021, 15.50000000000001066, -22.99778714378210864 ) ) ;
#745 = ORIENTED_EDGE ( 'NONE', *, *, #99, .T. ) ;
#746 = B_SPLINE_CURVE_WITH_KNOTS ( 'NONE', 3,
 ( #1237, #2025, #656, #863, #1639, #665 ),
 .UNSPECIFIED., .F., .F.,
 ( 4, 2, 4 ),
 ( 0.000000000000000000, 0.5000000000000000000, 1.000000000000000000 ),
 .UNSPECIFIED. ) ;
#747 = CARTESIAN_POINT ( 'NONE',  ( -132.7499999999997158, 10.00000000000000000, -64.00000000000000000 ) ) ;
#748 = CARTESIAN_POINT ( 'NONE',  ( -132.7499999999997158, 10.00000000000000000, -64.00000000000000000 ) ) ;
#749 = AXIS2_PLACEMENT_3D ( 'NONE', #90, #1028, #2421 ) ;
#750 = CIRCLE ( 'NONE', #2185, 5.499999999999616307 ) ;
#751 = DIRECTION ( 'NONE',  ( 0.000000000000000000, 0.000000000000000000, 1.000000000000000000 ) ) ;
#752 = AXIS2_PLACEMENT_3D ( 'NONE', #2278, #742, #203 ) ;
#753 = VERTEX_POINT ( 'NONE', #541 ) ;
#754 = VERTEX_POINT ( 'NONE', #1325 ) ;
#755 = ORIENTED_EDGE ( 'NONE', *, *, #968, .T. ) ;
#756 = DIRECTION ( 'NONE',  ( 1.000000000000000000, 0.000000000000000000, -0.000000000000000000 ) ) ;
#757 = DIRECTION ( 'NONE',  ( 1.000000000000000000, -1.882846976416524415E-16, 1.882846976416530824E-16 ) ) ;
#758 = DIRECTION ( 'NONE',  ( 0.000000000000000000, 1.000000000000000000, -0.000000000000000000 ) ) ;
#759 = CIRCLE ( 'NONE', #1737, 5.499999999999609201 ) ;
#760 = EDGE_CURVE ( 'NONE', #1152, #1476, #591, .T. ) ;
#761 = ORIENTED_EDGE ( 'NONE', *, *, #1444, .T. ) ;
#762 = CARTESIAN_POINT ( 'NONE',  ( 1.183006772739738929E-16, 15.50000000000002487, -19.99778714378211575 ) ) ;
#763 = AXIS2_PLACEMENT_3D ( 'NONE', #138, #1317, #164 ) ;
#764 = CARTESIAN_POINT ( 'NONE',  ( -314.7522128562180228, 52.00442571243682011, -28.49778714378335209 ) ) ;
#765 = EDGE_CURVE ( 'NONE', #1569, #237, #913, .T. ) ;
#766 = ORIENTED_EDGE ( 'NONE', *, *, #983, .T. ) ;
#767 = LINE ( 'NONE', #2378, #405 ) ;
#768 = VERTEX_POINT ( 'NONE', #1917 ) ;
#769 = AXIS2_PLACEMENT_3D ( 'NONE', #5, #1382, #1574 ) ;
#770 = DIRECTION ( 'NONE',  ( 0.000000000000000000, 1.000000000000000000, -3.784851220312199333E-15 ) ) ;
#771 = LINE ( 'NONE', #1728, #2486 ) ;
#772 = FACE_OUTER_BOUND ( 'NONE', #1347, .T. ) ;
#773 = ORIENTED_EDGE ( 'NONE', *, *, #120, .T. ) ;
#774 = ORIENTED_EDGE ( 'NONE', *, *, #492, .F. ) ;
#775 = EDGE_CURVE ( 'NONE', #897, #781, #2397, .T. ) ;
#776 = DIRECTION ( 'NONE',  ( -1.000000000000000000, -0.000000000000000000, 0.000000000000000000 ) ) ;
#777 = EDGE_CURVE ( 'NONE', #1982, #2151, #1534, .T. ) ;
#778 = CARTESIAN_POINT ( 'NONE',  ( -316.5848085708120152, 51.78319346411752377, -26.27293012672952699 ) ) ;
#779 = EDGE_CURVE ( 'NONE', #95, #1203, #2158, .T. ) ;
#780 = EDGE_LOOP ( 'NONE', ( #1595, #1783, #2370, #1998 ) ) ;
#781 = VERTEX_POINT ( 'NONE', #997 ) ;
#782 =( NAMED_UNIT ( * ) SI_UNIT ( $, .STERADIAN. ) SOLID_ANGLE_UNIT ( ) );
#783 = CYLINDRICAL_SURFACE ( 'NONE', #1259, 5.500000000001212364 ) ;
#784 = CARTESIAN_POINT ( 'NONE',  ( -137.7499999999996021, 50.50442571243443979, -19.99778714378223654 ) ) ;
#785 = VERTEX_POINT ( 'NONE', #1791 ) ;
#786 = ORIENTED_EDGE ( 'NONE', *, *, #1351, .F. ) ;
#787 = EDGE_LOOP ( 'NONE', ( #1562, #933, #1925, #1723 ) ) ;
#788 = FACE_OUTER_BOUND ( 'NONE', #932, .T. ) ;
#789 = CIRCLE ( 'NONE', #672, 5.499999999999609201 ) ;
#790 = CARTESIAN_POINT ( 'NONE',  ( 64.28123583215017334, 31.50221285621275413, -69.00002500000289274 ) ) ;
#791 = CARTESIAN_POINT ( 'NONE',  ( 175.7500000000013927, 50.50442571243442558, -22.99778714378224009 ) ) ;
#792 = DIRECTION ( 'NONE',  ( 1.126435722581397879E-17, -1.000000000000000000, 3.491481338843133355E-15 ) ) ;
#793 = DIRECTION ( 'NONE',  ( 0.000000000000000000, 1.000000000000000000, -3.784851220313297427E-15 ) ) ;
#794 = ORIENTED_EDGE ( 'NONE', *, *, #797, .T. ) ;
#795 = AXIS2_PLACEMENT_3D ( 'NONE', #2305, #2503, #554 ) ;
#796 = ORIENTED_EDGE ( 'NONE', *, *, #369, .T. ) ;
#797 = EDGE_CURVE ( 'NONE', #735, #1432, #162, .T. ) ;
#798 = CARTESIAN_POINT ( 'NONE',  ( -190.2919641127279817, 31.06003937703940920, -22.99778714378323130 ) ) ;
#799 = DIRECTION ( 'NONE',  ( 0.000000000000000000, 1.000000000000000000, -3.784851220313034736E-15 ) ) ;
#800 = ORIENTED_EDGE ( 'NONE', *, *, #2010, .F. ) ;
#801 = VERTEX_POINT ( 'NONE', #1587 ) ;
#802 = VECTOR ( 'NONE', #2159, 1000.000000000000000 ) ;
#803 = EDGE_LOOP ( 'NONE', ( #219, #1525, #1997, #374, #341, #2328 ) ) ;
#804 = VECTOR ( 'NONE', #1805, 1000.000000000000000 ) ;
#805 = DIRECTION ( 'NONE',  ( 0.7071067811865483499, -4.963086205417592833E-15, -0.7071067811865465735 ) ) ;
#806 = CARTESIAN_POINT ( 'NONE',  ( 173.9174042854057802, 8.072815698988813793, -24.21702581062946535 ) ) ;
#807 = EDGE_CURVE ( 'NONE', #195, #2297, #1777, .T. ) ;
#808 = FACE_BOUND ( 'NONE', #1418, .T. ) ;
#809 = CARTESIAN_POINT ( 'NONE',  ( 173.9174042854075424, 55.31025084838283590, -25.72788275174232453 ) ) ;
#810 = CARTESIAN_POINT ( 'NONE',  ( -62.75000000000030553, 33.00221285621777412, -22.99778714378217614 ) ) ;
#811 = EDGE_LOOP ( 'NONE', ( #1907, #2125 ) ) ;
#812 = ORIENTED_EDGE ( 'NONE', *, *, #775, .F. ) ;
#813 = CIRCLE ( 'NONE', #2239, 5.500000000001212364 ) ;
#814 = CARTESIAN_POINT ( 'NONE',  ( 68.73723456523642028, 31.50221285621275413, -19.99778714378308564 ) ) ;
#815 = SURFACE_SIDE_STYLE ('',( #2404 ) ) ;
#816 = AXIS2_PLACEMENT_3D ( 'NONE', #2474, #1502, #1080 ) ;
#817 = VECTOR ( 'NONE', #792, 1000.000000000000000 ) ;
#818 = ORIENTED_EDGE ( 'NONE', *, *, #2436, .F. ) ;
#819 = ORIENTED_EDGE ( 'NONE', *, *, #1751, .F. ) ;
#820 = ORIENTED_EDGE ( 'NONE', *, *, #321, .T. ) ;
#821 = DIRECTION ( 'NONE',  ( -1.126435722581393873E-17, -3.491481338843133355E-15, -1.000000000000000000 ) ) ;
#822 = ADVANCED_FACE ( 'NONE', ( #1958 ), #2014, .F. ) ;
#823 = CARTESIAN_POINT ( 'NONE',  ( 173.9174042854057802, 10.69417486405158613, -25.72788275174216466 ) ) ;
#824 = ORIENTED_EDGE ( 'NONE', *, *, #267, .T. ) ;
#825 = DIRECTION ( 'NONE',  ( 1.882846976416531071E-16, 1.000000000000000000, -3.491481338843133355E-15 ) ) ;
#826 = CARTESIAN_POINT ( 'NONE',  ( -67.26276543476359393, 26.00221285621154266, -22.99778714378318512 ) ) ;
#827 = CARTESIAN_POINT ( 'NONE',  ( -320.2500000000001705, 47.39351300896291264, -24.60869984725737680 ) ) ;
#828 = ORIENTED_EDGE ( 'NONE', *, *, #255, .T. ) ;
#829 = EDGE_LOOP ( 'NONE', ( #1220, #828, #609, #2371 ) ) ;
#830 = FILL_AREA_STYLE_COLOUR ( '', #1153 ) ;
#831 = FACE_BOUND ( 'NONE', #105, .T. ) ;
#832 = DIRECTION ( 'NONE',  ( 0.000000000000000000, 1.000000000000000000, -3.784851220313302949E-15 ) ) ;
#833 = ORIENTED_EDGE ( 'NONE', *, *, #244, .F. ) ;
#834 = EDGE_LOOP ( 'NONE', ( #196, #1049, #636, #1348, #1561 ) ) ;
#835 = DIRECTION ( 'NONE',  ( 1.126435722581401884E-17, -1.000000000000000000, 6.982962677686266711E-15 ) ) ;
#836 = LINE ( 'NONE', #1612, #176 ) ;
#837 = EDGE_CURVE ( 'NONE', #29, #1539, #1239, .T. ) ;
#838 = CARTESIAN_POINT ( 'NONE',  ( -122.7499999999999147, 27.50221285621727318, -22.99778714378215128 ) ) ;
#839 = DIRECTION ( 'NONE',  ( 1.882846976416524415E-16, -3.491481338843133355E-15, -1.000000000000000000 ) ) ;
#840 = DIRECTION ( 'NONE',  ( -1.000000000000000000, -1.126435722581401884E-17, 1.001483571081363957E-31 ) ) ;
#841 = ORIENTED_EDGE ( 'NONE', *, *, #66, .T. ) ;
#842 = DIRECTION ( 'NONE',  ( 0.000000000000000000, 0.000000000000000000, 1.000000000000000000 ) ) ;
#843 = PLANE ( 'NONE',  #1260 ) ;
#844 = FILL_AREA_STYLE_COLOUR ( '', #1955 ) ;
#845 = EDGE_LOOP ( 'NONE', ( #1556, #1583, #1888, #1135 ) ) ;
#846 = ORIENTED_EDGE ( 'NONE', *, *, #1497, .F. ) ;
#847 = VECTOR ( 'NONE', #411, 1000.000000000000000 ) ;
#848 = EDGE_CURVE ( 'NONE', #2324, #1767, #1490, .T. ) ;
#849 = AXIS2_PLACEMENT_3D ( 'NONE', #748, #1735, #1363 ) ;
#850 = DIRECTION ( 'NONE',  ( -1.000000000000000000, 0.000000000000000000, -0.000000000000000000 ) ) ;
#851 = DIRECTION ( 'NONE',  ( 1.882846976416524415E-16, -3.491481338843133355E-15, -1.000000000000000000 ) ) ;
#852 = B_SPLINE_CURVE_WITH_KNOTS ( 'NONE', 3,
 ( #259, #2179, #1205, #454 ),
 .UNSPECIFIED., .F., .F.,
 ( 4, 4 ),
 ( 0.000000000000000000, 1.000000000000000000 ),
 .UNSPECIFIED. ) ;
#853 = FACE_OUTER_BOUND ( 'NONE', #803, .T. ) ;
#854 = CARTESIAN_POINT ( 'NONE',  ( -61.76276543476237890, 26.00221285621154266, -19.99778714378308564 ) ) ;
#855 = DIRECTION ( 'NONE',  ( -1.126435722581393873E-17, -3.491481338843133355E-15, -1.000000000000000000 ) ) ;
#856 = CONTEXT_DEPENDENT_SHAPE_REPRESENTATION ( #515, #936 ) ;
#857 = EDGE_CURVE ( 'NONE', #135, #553, #1282, .T. ) ;
#858 =( LENGTH_UNIT ( ) NAMED_UNIT ( * ) SI_UNIT ( .MILLI., .METRE. ) );
#859 = ORIENTED_EDGE ( 'NONE', *, *, #848, .T. ) ;
#860 = ORIENTED_EDGE ( 'NONE', *, *, #900, .F. ) ;
#861 = MECHANICAL_DESIGN_GEOMETRIC_PRESENTATION_REPRESENTATION (  '', ( #1793 ), #1834 ) ;
#862 = CARTESIAN_POINT ( 'NONE',  ( -71.71876416784984087, 31.50221285621275413, -19.99778714378308564 ) ) ;
#863 = CARTESIAN_POINT ( 'NONE',  ( 315.4174042854050413, 50.93161001344800809, -24.21702581063058091 ) ) ;
#864 = EDGE_CURVE ( 'NONE', #2153, #1550, #750, .T. ) ;
#865 = PRODUCT_RELATED_PRODUCT_CATEGORY ( 'part', '', ( #224 ) ) ;
#866 = DIRECTION ( 'NONE',  ( 1.882846976416524415E-16, -3.491481338843133355E-15, -1.000000000000000000 ) ) ;
#867 = CARTESIAN_POINT ( 'NONE',  ( 312.6686091558572116, 9.996283066972014448E-16, -27.38502020850552299 ) ) ;
#868 = CARTESIAN_POINT ( 'NONE',  ( -320.2500000000001137, 8.500000000000000000, -28.49778714378312827 ) ) ;
#869 = ADVANCED_FACE ( 'NONE', ( #24 ), #1000, .F. ) ;
#870 = EDGE_CURVE ( 'NONE', #1003, #1432, #599, .T. ) ;
#871 = CARTESIAN_POINT ( 'NONE',  ( 69.25000000000025580, 33.00221285621777412, -22.99778714378217614 ) ) ;
#872 = ORIENTED_EDGE ( 'NONE', *, *, #1079, .F. ) ;
#873 = DIRECTION ( 'NONE',  ( 1.882846976416524415E-16, -3.552713678800500929E-15, -1.000000000000000000 ) ) ;
#874 = DIRECTION ( 'NONE',  ( 1.882846976416524415E-16, -3.491481338843133355E-15, -1.000000000000000000 ) ) ;
#875 = DIRECTION ( 'NONE',  ( 0.000000000000000000, 1.000000000000000000, -3.784851220313302949E-15 ) ) ;
#876 = DIRECTION ( 'NONE',  ( 1.882846976416524415E-16, -3.491481338843133355E-15, -1.000000000000000000 ) ) ;
#877 = DIRECTION ( 'NONE',  ( 0.000000000000000000, 0.000000000000000000, 1.000000000000000000 ) ) ;
#878 = ORIENTED_EDGE ( 'NONE', *, *, #2402, .T. ) ;
#879 = ORIENTED_EDGE ( 'NONE', *, *, #1225, .F. ) ;
#880 = CARTESIAN_POINT ( 'NONE',  ( 317.2499999999991473, 43.50442571243681300, -22.99778714378317801 ) ) ;
#881 = CARTESIAN_POINT ( 'NONE',  ( -122.7499999999999147, 27.50221285621728029, -19.99778714378215128 ) ) ;
#882 = AXIS2_PLACEMENT_3D ( 'NONE', #2137, #1359, #563 ) ;
#883 = CIRCLE ( 'NONE', #2032, 5.499999999999609201 ) ;
#884 = CARTESIAN_POINT ( 'NONE',  ( -132.7499999999997158, 10.00000000000000000, -69.00000000000000000 ) ) ;
#885 = CARTESIAN_POINT ( 'NONE',  ( 99.37499999999870681, 59.00442571243389978, -99.37500000000177636 ) ) ;
#886 = AXIS2_PLACEMENT_3D ( 'NONE', #868, #2061, #2425 ) ;
#887 = CARTESIAN_POINT ( 'NONE',  ( 170.2522128562176533, 10.00000000000000000, -28.49778714378212285 ) ) ;
#888 = SHAPE_DEFINITION_REPRESENTATION ( #1030, #1050 ) ;
#889 = ORIENTED_EDGE ( 'NONE', *, *, #1744, .T. ) ;
#890 = UNCERTAINTY_MEASURE_WITH_UNIT (LENGTH_MEASURE( 1.000000000000000082E-05 ), #858, 'distance_accuracy_value', 'NONE');
#891 = LINE ( 'NONE', #1869, #1579 ) ;
#892 = DIRECTION ( 'NONE',  ( 0.000000000000000000, -1.000000000000000000, 3.784851220313034736E-15 ) ) ;
#893 = CIRCLE ( 'NONE', #2076, 5.499999999999998224 ) ;
#894 = DIRECTION ( 'NONE',  ( 1.882846976416524415E-16, -3.491481338843133355E-15, -1.000000000000000000 ) ) ;
#895 = CARTESIAN_POINT ( 'NONE',  ( 175.7500000000015632, 54.39351300896043284, -24.60869984725625059 ) ) ;
#896 = PLANE ( 'NONE',  #2304 ) ;
#897 = VERTEX_POINT ( 'NONE', #660 ) ;
#898 = CYLINDRICAL_SURFACE ( 'NONE', #816, 6.999999999999669598 ) ;
#899 = DIRECTION ( 'NONE',  ( -1.126435722581393873E-17, -3.491481338843133355E-15, -1.000000000000000000 ) ) ;
#900 = EDGE_CURVE ( 'NONE', #785, #30, #639, .T. ) ;
#901 = ADVANCED_FACE ( 'NONE', ( #1242 ), #2216, .F. ) ;
#902 = FACE_OUTER_BOUND ( 'NONE', #1037, .T. ) ;
#903 = CARTESIAN_POINT ( 'NONE',  ( 99.37499999999947420, 10.00000000000000000, -99.37499999999995737 ) ) ;
#904 = DIRECTION ( 'NONE',  ( 0.000000000000000000, 0.000000000000000000, 1.000000000000000000 ) ) ;
#905 = PLANE ( 'NONE',  #2026 ) ;
#906 = ORIENTED_EDGE ( 'NONE', *, *, #2128, .F. ) ;
#907 = EDGE_LOOP ( 'NONE', ( #1102, #220, #2534, #183, #190 ) ) ;
#908 = CIRCLE ( 'NONE', #127, 6.999999999999669598 ) ;
#909 = CARTESIAN_POINT ( 'NONE',  ( 171.1686091558596559, 59.00442571243441137, -27.38502020850475560 ) ) ;
#910 = CYLINDRICAL_SURFACE ( 'NONE', #1489, 4.999999999999948486 ) ;
#911 = FACE_OUTER_BOUND ( 'NONE', #2113, .T. ) ;
#912 = CARTESIAN_POINT ( 'NONE',  ( -235.2919641127278965, 23.99753937703886919, -22.99778714378321354 ) ) ;
#913 = CIRCLE ( 'NONE', #2345, 5.499999999999609201 ) ;
#914 = DIRECTION ( 'NONE',  ( -1.126435722581397879E-17, 1.000000000000000000, -3.491481338843133355E-15 ) ) ;
#915 = AXIS2_PLACEMENT_3D ( 'NONE', #1352, #436, #1015 ) ;
#916 = VECTOR ( 'NONE', #692, 1000.000000000000000 ) ;
#917 = DIRECTION ( 'NONE',  ( 0.000000000000000000, 0.000000000000000000, -1.000000000000000000 ) ) ;
#918 = ORIENTED_EDGE ( 'NONE', *, *, #1759, .T. ) ;
#919 = ORIENTED_EDGE ( 'NONE', *, *, #457, .F. ) ;
#920 = ORIENTED_EDGE ( 'NONE', *, *, #1486, .F. ) ;
#921 = EDGE_CURVE ( 'NONE', #148, #781, #1603, .T. ) ;
#922 = SURFACE_STYLE_FILL_AREA ( #345 ) ;
#923 = CARTESIAN_POINT ( 'NONE',  ( 311.7522128562168859, 52.00442571243679879, -28.49778714378323485 ) ) ;
#924 = CYLINDRICAL_SURFACE ( 'NONE', #1002, 5.499999999999998224 ) ;
#925 = EDGE_LOOP ( 'NONE', ( #879, #1636, #2220, #328 ) ) ;
#926 = VECTOR ( 'NONE', #464, 1000.000000000000000 ) ;
#927 = DIRECTION ( 'NONE',  ( 0.000000000000000000, 0.000000000000000000, -1.000000000000000000 ) ) ;
#928 = VECTOR ( 'NONE', #1675, 1000.000000000000000 ) ;
#929 = AXIS2_PLACEMENT_3D ( 'NONE', #903, #1120, #1900 ) ;
#930 = CARTESIAN_POINT ( 'NONE',  ( 175.7500000000015632, 50.50442571243441137, -28.49778714378224009 ) ) ;
#931 = CARTESIAN_POINT ( 'NONE',  ( 0.000000000000000000, 3.000000000000000000, -69.00000000000272848 ) ) ;
#932 = EDGE_LOOP ( 'NONE', ( #841, #1919, #466, #511 ) ) ;
#933 = ORIENTED_EDGE ( 'NONE', *, *, #1225, .T. ) ;
#934 = VERTEX_POINT ( 'NONE', #1440 ) ;
#935 = CARTESIAN_POINT ( 'NONE',  ( -137.7499999999996021, 15.50000000000002487, -19.99778714378211575 ) ) ;
#936 = PRODUCT_DEFINITION_SHAPE ( 'NONE', 'NONE',  #2536 ) ;
#937 = LINE ( 'NONE', #1893, #2347 ) ;
#938 = DIRECTION ( 'NONE',  ( 1.000000000000000000, -1.882846976416524415E-16, 1.882846976416531071E-16 ) ) ;
#939 = VERTEX_POINT ( 'NONE', #1593 ) ;
#940 = FACE_OUTER_BOUND ( 'NONE', #1417, .T. ) ;
#941 = CARTESIAN_POINT ( 'NONE',  ( -137.7499999999996021, 50.50442571243440426, -28.49778714378223299 ) ) ;
#942 = CARTESIAN_POINT ( 'NONE',  ( -67.26276543476359393, 20.50221285621033118, -19.99778714378308564 ) ) ;
#943 = ORIENTED_EDGE ( 'NONE', *, *, #2472, .F. ) ;
#944 = ORIENTED_EDGE ( 'NONE', *, *, #114, .T. ) ;
#945 = EDGE_LOOP ( 'NONE', ( #1278, #1322, #1313, #2359, #1403 ) ) ;
#946 = DIRECTION ( 'NONE',  ( 1.000000000000000000, 1.126435722581393873E-17, -1.126435722581397879E-17 ) ) ;
#947 = ADVANCED_FACE ( 'NONE', ( #2018 ), #2161, .T. ) ;
#948 = FACE_OUTER_BOUND ( 'NONE', #1309, .T. ) ;
#949 = CARTESIAN_POINT ( 'NONE',  ( 64.28123583215017334, 31.50221285621275413, -19.99778714378308564 ) ) ;
#950 = ORIENTED_EDGE ( 'NONE', *, *, #2164, .F. ) ;
#951 = AXIS2_PLACEMENT_3D ( 'NONE', #626, #367, #2478 ) ;
#952 = EDGE_CURVE ( 'NONE', #2487, #1724, #1781, .T. ) ;
#953 = CARTESIAN_POINT ( 'NONE',  ( 175.7500000000007390, 33.00221285621104528, -22.99778714378217970 ) ) ;
#954 = VECTOR ( 'NONE', #320, 1000.000000000000000 ) ;
#955 = AXIS2_PLACEMENT_3D ( 'NONE', #2369, #2189, #424 ) ;
#956 = CARTESIAN_POINT ( 'NONE',  ( 232.2919641127278965, 30.99753937703854234, -19.99778714378314959 ) ) ;
#957 = B_SPLINE_SURFACE_WITH_KNOTS ( 'NONE', 1, 3, ( 
 ( #2228, #1075, #2435, #1631, #867, #1844 ),
 ( #1652, #659, #1852, #679, #1463, #1087 ) ),
 .UNSPECIFIED., .F., .F., .F.,
 ( 2, 2 ),
 ( 4, 2, 4 ),
 ( 0.000000000000000000, 1.000000000000000000 ),
 ( 0.000000000000000000, 0.5000000000000000000, 1.000000000000000000 ),
 .UNSPECIFIED. ) ;
#958 = VECTOR ( 'NONE', #2522, 1000.000000000000000 ) ;
#959 = ORIENTED_EDGE ( 'NONE', *, *, #498, .F. ) ;
#960 = ORIENTED_EDGE ( 'NONE', *, *, #1211, .F. ) ;
#961 = ORIENTED_EDGE ( 'NONE', *, *, #1903, .F. ) ;
#962 = CARTESIAN_POINT ( 'NONE',  ( -318.4174042854060644, 50.93161001344807914, -24.21702581063078696 ) ) ;
#963 = DIRECTION ( 'NONE',  ( 1.126435722581401884E-17, -1.000000000000000000, 6.982962677686266711E-15 ) ) ;
#964 = PLANE ( 'NONE',  #882 ) ;
#965 = VERTEX_POINT ( 'NONE', #1058 ) ;
#966 = ORIENTED_EDGE ( 'NONE', *, *, #1908, .T. ) ;
#967 = EDGE_CURVE ( 'NONE', #2375, #1485, #2331, .T. ) ;
#968 = EDGE_CURVE ( 'NONE', #1147, #1331, #615, .T. ) ;
#969 = LINE ( 'NONE', #762, #71 ) ;
#970 = CIRCLE ( 'NONE', #2042, 5.499999999999609201 ) ;
#971 = LINE ( 'NONE', #570, #1780 ) ;
#972 = ORIENTED_EDGE ( 'NONE', *, *, #775, .T. ) ;
#973 = CARTESIAN_POINT ( 'NONE',  ( 0.000000000000000000, 0.000000000000000000, 0.000000000000000000 ) ) ;
#974 = EDGE_LOOP ( 'NONE', ( #2309, #1061, #1168, #1190 ) ) ;
#975 = AXIS2_PLACEMENT_3D ( 'NONE', #747, #337, #1519 ) ;
#976 = CARTESIAN_POINT ( 'NONE',  ( -320.2500000000000568, 47.39351300896291264, -24.60869984725737680 ) ) ;
#977 = CARTESIAN_POINT ( 'NONE',  ( -314.7522128562179660, 0.000000000000000000, -28.49778714378310696 ) ) ;
#978 = CARTESIAN_POINT ( 'NONE',  ( 175.7500000000015632, 54.39351300896043284, -24.60869984725625059 ) ) ;
#979 = ORIENTED_EDGE ( 'NONE', *, *, #1677, .T. ) ;
#980 = ORIENTED_EDGE ( 'NONE', *, *, #505, .F. ) ;
#981 = EDGE_CURVE ( 'NONE', #418, #1757, #177, .T. ) ;
#982 = CARTESIAN_POINT ( 'NONE',  ( 173.9174042854057802, 10.69417486405158968, -25.72788275174216821 ) ) ;
#983 = EDGE_CURVE ( 'NONE', #2526, #1125, #289, .T. ) ;
#984 = DIRECTION ( 'NONE',  ( -1.126435722581389867E-17, -6.982962677686266711E-15, -1.000000000000000000 ) ) ;
#985 = CARTESIAN_POINT ( 'NONE',  ( -314.7522128562179660, 3.000000000000000888, -28.49778714378310340 ) ) ;
#986 = VERTEX_POINT ( 'NONE', #2203 ) ;
#987 = ORIENTED_EDGE ( 'NONE', *, *, #1715, .F. ) ;
#988 =( NAMED_UNIT ( * ) PLANE_ANGLE_UNIT ( ) SI_UNIT ( $, .RADIAN. ) );
#989 = CARTESIAN_POINT ( 'NONE',  ( 170.2522128562176533, 10.00000000000000000, -28.49778714378212285 ) ) ;
#990 = DIRECTION ( 'NONE',  ( -1.000000000000000000, -1.126435722581393873E-17, 1.126435722581397879E-17 ) ) ;
#991 = ORIENTED_EDGE ( 'NONE', *, *, #1045, .T. ) ;
#992 = ORIENTED_EDGE ( 'NONE', *, *, #1103, .T. ) ;
#993 = ORIENTED_EDGE ( 'NONE', *, *, #2211, .F. ) ;
#994 = EDGE_CURVE ( 'NONE', #396, #1757, #450, .T. ) ;
#995 = CARTESIAN_POINT ( 'NONE',  ( 172.0848085708116741, 7.221232248319318536, -26.27293012672823380 ) ) ;
#996 = VECTOR ( 'NONE', #1918, 1000.000000000000000 ) ;
#997 = CARTESIAN_POINT ( 'NONE',  ( -137.7499999999996021, 56.00442571243439005, -28.49778714378228273 ) ) ;
#998 = CARTESIAN_POINT ( 'NONE',  ( -137.7499999999996021, 56.00442571243459611, -1.387778780781445676E-12 ) ) ;
#999 = CARTESIAN_POINT ( 'NONE',  ( 170.2522128562193302, 56.00442571243439716, -28.49778714378227207 ) ) ;
#1000 = CYLINDRICAL_SURFACE ( 'NONE', #1083, 5.499999999999609201 ) ;
#1001 = VERTEX_POINT ( 'NONE', #630 ) ;
#1002 = AXIS2_PLACEMENT_3D ( 'NONE', #107, #1516, #892 ) ;
#1003 = VERTEX_POINT ( 'NONE', #256 ) ;
#1004 = EDGE_CURVE ( 'NONE', #2428, #1389, #2030, .T. ) ;
#1005 = CARTESIAN_POINT ( 'NONE',  ( -320.2500000000001705, 43.50442571243682011, -28.49778714378329880 ) ) ;
#1006 = ORIENTED_EDGE ( 'NONE', *, *, #1427, .T. ) ;
#1007 = EDGE_LOOP ( 'NONE', ( #2108, #1092, #429, #426 ) ) ;
#1008 = AXIS2_PLACEMENT_3D ( 'NONE', #2379, #1851, #2040 ) ;
#1009 = ADVANCED_FACE ( 'NONE', ( #271 ), #2235, .T. ) ;
#1010 = VERTEX_POINT ( 'NONE', #89 ) ;
#1011 = AXIS2_PLACEMENT_3D ( 'NONE', #2049, #1456, #1051 ) ;
#1012 = AXIS2_PLACEMENT_3D ( 'NONE', #2240, #2071, #1865 ) ;
#1013 = DIRECTION ( 'NONE',  ( 1.882846976416531071E-16, 1.000000000000000000, -3.491481338843133355E-15 ) ) ;
#1014 = CARTESIAN_POINT ( 'NONE',  ( -315.6685107135149906, 3.000000000000003553, -27.77783882733544374 ) ) ;
#1015 = DIRECTION ( 'NONE',  ( 1.882846976416531071E-16, 1.000000000000000000, -3.491481338843133355E-15 ) ) ;
#1016 = CARTESIAN_POINT ( 'NONE',  ( 317.2499999999991473, 4.610912703473999841, -24.60869984725698956 ) ) ;
#1017 = DIRECTION ( 'NONE',  ( 0.000000000000000000, 1.000000000000000000, -3.469446951953779850E-15 ) ) ;
#1018 = ORIENTED_EDGE ( 'NONE', *, *, #1460, .T. ) ;
#1019 = ORIENTED_EDGE ( 'NONE', *, *, #2339, .T. ) ;
#1020 =( LENGTH_UNIT ( ) NAMED_UNIT ( * ) SI_UNIT ( .MILLI., .METRE. ) );
#1021 = CARTESIAN_POINT ( 'NONE',  ( 69.25000000000025580, 27.50221285621817557, -19.99778714378215483 ) ) ;
#1022 = DIRECTION ( 'NONE',  ( 0.7071067811865480168, 0.000000000000000000, -0.7071067811865470176 ) ) ;
#1023 = VECTOR ( 'NONE', #53, 1000.000000000000000 ) ;
#1024 = ORIENTED_EDGE ( 'NONE', *, *, #2005, .T. ) ;
#1025 = ADVANCED_FACE ( 'NONE', ( #1638 ), #2392, .T. ) ;
#1026 = VERTEX_POINT ( 'NONE', #880 ) ;
#1027 = DIRECTION ( 'NONE',  ( 0.000000000000000000, -0.000000000000000000, -1.000000000000000000 ) ) ;
#1028 = DIRECTION ( 'NONE',  ( -1.126435722581393873E-17, -3.491481338843133355E-15, -1.000000000000000000 ) ) ;
#1029 = CARTESIAN_POINT ( 'NONE',  ( -320.2500000000000568, 8.500000000000000000, -28.49778714378312472 ) ) ;
#1030 = PRODUCT_DEFINITION_SHAPE ( 'NONE', 'NONE',  #1337 ) ;
#1031 = LINE ( 'NONE', #2202, #2527 ) ;
#1032 = CARTESIAN_POINT ( 'NONE',  ( -3.210092545327696665E-16, 10.00000000000000000, -28.49778714378211575 ) ) ;
#1033 = ORIENTED_EDGE ( 'NONE', *, *, #1307, .F. ) ;
#1034 = ADVANCED_FACE ( 'NONE', ( #49 ), #664, .F. ) ;
#1035 = DIRECTION ( 'NONE',  ( -1.000000000000000000, -0.000000000000000000, -0.000000000000000000 ) ) ;
#1036 = DIRECTION ( 'NONE',  ( 1.000000000000000000, 0.000000000000000000, 1.882846976416524661E-16 ) ) ;
#1037 = EDGE_LOOP ( 'NONE', ( #2088, #713, #2242, #147 ) ) ;
#1038 = ORIENTED_EDGE ( 'NONE', *, *, #1568, .F. ) ;
#1039 = CARTESIAN_POINT ( 'NONE',  ( 0.000000000000000000, 0.000000000000000000, -69.00000000000272848 ) ) ;
#1040 = DIRECTION ( 'NONE',  ( 0.000000000000000000, 1.000000000000000000, -3.469446951953766045E-15 ) ) ;
#1041 = EDGE_CURVE ( 'NONE', #2153, #2324, #683, .T. ) ;
#1042 = LINE ( 'NONE', #838, #1328 ) ;
#1043 = DIRECTION ( 'NONE',  ( 1.000000000000000000, 1.126435722581393873E-17, -1.126435722581397879E-17 ) ) ;
#1044 = CARTESIAN_POINT ( 'NONE',  ( 232.2919641127278965, 30.99753937703852813, -22.99778714378314959 ) ) ;
#1045 = EDGE_CURVE ( 'NONE', #965, #1704, #655, .T. ) ;
#1046 = CARTESIAN_POINT ( 'NONE',  ( -7.885050058069758187E-17, 33.00221285621783807, -19.99778714378217614 ) ) ;
#1047 = CYLINDRICAL_SURFACE ( 'NONE', #654, 5.500000000001212364 ) ;
#1048 = EDGE_LOOP ( 'NONE', ( #632, #653, #878, #2234 ) ) ;
#1049 = ORIENTED_EDGE ( 'NONE', *, *, #407, .F. ) ;
#1050 = SHAPE_REPRESENTATION ( 'upper stand', ( #1824 ), #1621 ) ;
#1051 = DIRECTION ( 'NONE',  ( 0.000000000000000000, 1.000000000000000000, -3.784851220313297427E-15 ) ) ;
#1052 = LINE ( 'NONE', #433, #1855 ) ;
#1053 = AXIS2_PLACEMENT_3D ( 'NONE', #1271, #2443, #1027 ) ;
#1054 = ADVANCED_FACE ( 'NONE', ( #641 ), #79, .F. ) ;
#1055 = EDGE_CURVE ( 'NONE', #1704, #390, #347, .T. ) ;
#1056 = CARTESIAN_POINT ( 'NONE',  ( -235.2919641127278965, 37.99753937703825812, -22.99778714378326328 ) ) ;
#1057 = DIRECTION ( 'NONE',  ( 0.000000000000000000, 0.000000000000000000, 1.000000000000000000 ) ) ;
#1058 = CARTESIAN_POINT ( 'NONE',  ( 175.7499999999999716, 15.50000000000002665, -22.99778714378211575 ) ) ;
#1059 = PRODUCT_CONTEXT ( 'NONE', #333, 'mechanical' ) ;
#1060 = LINE ( 'NONE', #428, #926 ) ;
#1061 = ORIENTED_EDGE ( 'NONE', *, *, #2164, .T. ) ;
#1062 = CIRCLE ( 'NONE', #2482, 5.500000000000001776 ) ;
#1063 = VECTOR ( 'NONE', #1366, 1000.000000000000000 ) ;
#1064 = CARTESIAN_POINT ( 'NONE',  ( 170.1249999999996874, 49.00442571243581114, -170.1250000000005400 ) ) ;
#1065 = DIRECTION ( 'NONE',  ( 0.000000000000000000, 1.000000000000000000, -6.123233995736766036E-17 ) ) ;
#1066 = DIRECTION ( 'NONE',  ( -1.126435722581389867E-17, -6.982962677686266711E-15, -1.000000000000000000 ) ) ;
#1067 = CARTESIAN_POINT ( 'NONE',  ( -190.2919641127279817, 31.06003937703941986, -19.99778714378322775 ) ) ;
#1068 = EDGE_CURVE ( 'NONE', #1330, #497, #2223, .T. ) ;
#1069 = CARTESIAN_POINT ( 'NONE',  ( -137.7499999999996021, 59.00442571243459611, -1.408595462493167361E-12 ) ) ;
#1070 = ORIENTED_EDGE ( 'NONE', *, *, #531, .F. ) ;
#1071 = CARTESIAN_POINT ( 'NONE',  ( -62.75000000000030553, 38.50221285621739042, -22.99778714378219746 ) ) ;
#1072 = CARTESIAN_POINT ( 'NONE',  ( 99.37499999999870681, 56.00442571243389978, -99.37500000000174794 ) ) ;
#1073 = ADVANCED_FACE ( 'NONE', ( #1420 ), #468, .F. ) ;
#1074 = CARTESIAN_POINT ( 'NONE',  ( 0.000000000000000000, 7.000000000000000000, -69.00000000000000000 ) ) ;
#1075 = CARTESIAN_POINT ( 'NONE',  ( 316.3336037003587649, 1.702747314099443132, -23.27422454951224751 ) ) ;
#1076 = DIRECTION ( 'NONE',  ( -1.126435722581389867E-17, -6.982962677686266711E-15, -1.000000000000000000 ) ) ;
#1077 = PRODUCT_CONTEXT ( 'NONE', #1905, 'mechanical' ) ;
#1078 = ORIENTED_EDGE ( 'NONE', *, *, #2079, .F. ) ;
#1079 = EDGE_CURVE ( 'NONE', #2094, #1003, #445, .T. ) ;
#1080 = DIRECTION ( 'NONE',  ( 0.000000000000000000, 1.000000000000000000, -3.469446951953777877E-15 ) ) ;
#1081 = CYLINDRICAL_SURFACE ( 'NONE', #1892, 5.499999999999609201 ) ;
#1082 = VECTOR ( 'NONE', #1743, 1000.000000000000000 ) ;
#1083 = AXIS2_PLACEMENT_3D ( 'NONE', #1396, #213, #1229 ) ;
#1084 = COLOUR_RGB ( '',1.000000000000000000, 1.000000000000000000, 1.000000000000000000 ) ;
#1085 = B_SPLINE_CURVE_WITH_KNOTS ( 'NONE', 1,
 ( #1132, #157 ),
 .UNSPECIFIED., .F., .F.,
 ( 2, 2 ),
 ( 0.000000000000000000, 1.000000000000000000 ),
 .UNSPECIFIED. ) ;
#1086 = DIRECTION ( 'NONE',  ( 0.7071067811865475727, 0.000000000000000000, -0.7071067811865475727 ) ) ;
#1087 = CARTESIAN_POINT ( 'NONE',  ( 311.7522128562168859, 3.000000000000000888, -28.49778714378300748 ) ) ;
#1088 = VECTOR ( 'NONE', #2248, 1000.000000000000114 ) ;
#1089 = CARTESIAN_POINT ( 'NONE',  ( 311.7522128562168859, 49.00442571243679168, -28.49778714378322064 ) ) ;
#1090 = DIRECTION ( 'NONE',  ( 0.000000000000000000, 0.000000000000000000, 1.000000000000000000 ) ) ;
#1091 = EDGE_CURVE ( 'NONE', #77, #168, #2407, .T. ) ;
#1092 = ORIENTED_EDGE ( 'NONE', *, *, #2027, .F. ) ;
#1093 = FACE_OUTER_BOUND ( 'NONE', #1111, .T. ) ;
#1094 = CARTESIAN_POINT ( 'NONE',  ( 317.2499999999991473, 3.903805922287453267, -23.90159306607043987 ) ) ;
#1095 = EDGE_CURVE ( 'NONE', #2419, #403, #1469, .T. ) ;
#1096 = VECTOR ( 'NONE', #152, 1000.000000000000000 ) ;
#1097 = CIRCLE ( 'NONE', #2449, 4.999999999999948486 ) ;
#1098 = DIRECTION ( 'NONE',  ( -3.590114524212230926E-17, -1.000000000000000000, 6.982962677686266711E-15 ) ) ;
#1099 = DIRECTION ( 'NONE',  ( 1.000000000000000000, 0.000000000000000000, 0.000000000000000000 ) ) ;
#1100 = CARTESIAN_POINT ( 'NONE',  ( -297.4560064238537507, 15.50000000000000000, -28.49778714378211220 ) ) ;
#1101 = CARTESIAN_POINT ( 'NONE',  ( 187.2919641127279817, 30.99753937703853879, -22.99778714378315669 ) ) ;
#1102 = ORIENTED_EDGE ( 'NONE', *, *, #301, .F. ) ;
#1103 = EDGE_CURVE ( 'NONE', #1724, #753, #2056, .T. ) ;
#1104 = CARTESIAN_POINT ( 'NONE',  ( 311.7522128562168859, 49.00442571243679168, -28.49778714378322064 ) ) ;
#1105 = CARTESIAN_POINT ( 'NONE',  ( 232.2919641127278965, 30.99753937703854234, -19.99778714378314959 ) ) ;
#1106 = CARTESIAN_POINT ( 'NONE',  ( 0.000000000000000000, 3.000000000000000000, 0.000000000000000000 ) ) ;
#1107 = CARTESIAN_POINT ( 'NONE',  ( -171.6250000000002842, 3.000000000000000000, -171.6250000000005400 ) ) ;
#1108 = CARTESIAN_POINT ( 'NONE',  ( 232.2919641127278965, 23.99753937703887630, -19.99778714378312472 ) ) ;
#1109 = EDGE_CURVE ( 'NONE', #155, #1001, #251, .T. ) ;
#1110 = FACE_BOUND ( 'NONE', #2515, .T. ) ;
#1111 = EDGE_LOOP ( 'NONE', ( #404, #382, #2287, #1770 ) ) ;
#1112 = ORIENTED_EDGE ( 'NONE', *, *, #2199, .F. ) ;
#1113 = ORIENTED_EDGE ( 'NONE', *, *, #521, .F. ) ;
#1114 = EDGE_CURVE ( 'NONE', #607, #1147, #459, .T. ) ;
#1115 = CARTESIAN_POINT ( 'NONE',  ( -137.7499999999996021, 15.50000000000001066, -22.99778714378211220 ) ) ;
#1116 = CIRCLE ( 'NONE', #465, 8.500000000000000000 ) ;
#1117 = CARTESIAN_POINT ( 'NONE',  ( 2.452894729689369061E-14, 49.00442571243652168, -69.00000000000278533 ) ) ;
#1118 = DIRECTION ( 'NONE',  ( 1.882846976416524415E-16, -3.491481338843133355E-15, -1.000000000000000000 ) ) ;
#1119 = ORIENTED_EDGE ( 'NONE', *, *, #2138, .T. ) ;
#1120 = DIRECTION ( 'NONE',  ( 0.7071067811865457964, 0.000000000000000000, -0.7071067811865492381 ) ) ;
#1121 = DIRECTION ( 'NONE',  ( -1.126435722581393873E-17, -3.491481338843133355E-15, -1.000000000000000000 ) ) ;
#1122 = AXIS2_PLACEMENT_3D ( 'NONE', #1630, #645, #1843 ) ;
#1123 = CIRCLE ( 'NONE', #1011, 5.499999999999616307 ) ;
#1124 = CARTESIAN_POINT ( 'NONE',  ( 317.2499999999991473, 43.50442571243679168, -28.49778714378317801 ) ) ;
#1125 = VERTEX_POINT ( 'NONE', #1648 ) ;
#1126 = VERTEX_POINT ( 'NONE', #2430 ) ;
#1127 = ORIENTED_EDGE ( 'NONE', *, *, #1956, .T. ) ;
#1128 = FACE_OUTER_BOUND ( 'NONE', #633, .T. ) ;
#1129 = LINE ( 'NONE', #744, #1082 ) ;
#1130 = EDGE_LOOP ( 'NONE', ( #1176, #1006, #1513, #1360 ) ) ;
#1131 = AXIS2_PLACEMENT_3D ( 'NONE', #235, #1442, #1022 ) ;
#1132 = CARTESIAN_POINT ( 'NONE',  ( 175.7500000000015632, 56.51483335252009965, -22.48737950369661576 ) ) ;
#1133 = DIRECTION ( 'NONE',  ( -1.126435722581393873E-17, -3.491481338843133355E-15, -1.000000000000000000 ) ) ;
#1134 = CARTESIAN_POINT ( 'NONE',  ( -132.7499999999997158, 7.000000000000000000, -69.00000000000000000 ) ) ;
#1135 = ORIENTED_EDGE ( 'NONE', *, *, #1946, .F. ) ;
#1136 = ORIENTED_EDGE ( 'NONE', *, *, #1558, .F. ) ;
#1137 = ORIENTED_EDGE ( 'NONE', *, *, #1114, .T. ) ;
#1138 = DIRECTION ( 'NONE',  ( 0.000000000000000000, 0.000000000000000000, -1.000000000000000000 ) ) ;
#1139 = CARTESIAN_POINT ( 'NONE',  ( -190.2919641127279817, 31.06003937703940920, -22.99778714378323130 ) ) ;
#1140 = LINE ( 'NONE', #362, #1747 ) ;
#1141 = ORIENTED_EDGE ( 'NONE', *, *, #2530, .T. ) ;
#1142 = FACE_OUTER_BOUND ( 'NONE', #2147, .T. ) ;
#1143 = CARTESIAN_POINT ( 'NONE',  ( 232.2919641127278965, 23.99753937703886209, -22.99778714378312472 ) ) ;
#1144 = PRODUCT_RELATED_PRODUCT_CATEGORY ( 'part', '', ( #1807 ) ) ;
#1145 = ORIENTED_EDGE ( 'NONE', *, *, #1450, .T. ) ;
#1146 = PLANE ( 'NONE',  #1175 ) ;
#1147 = VERTEX_POINT ( 'NONE', #674 ) ;
#1148 = DIRECTION ( 'NONE',  ( 0.000000000000000000, -1.000000000000000000, 3.673532066774414791E-15 ) ) ;
#1149 = CARTESIAN_POINT ( 'NONE',  ( -320.2500000000001705, 43.50442571243682011, -28.49778714378329880 ) ) ;
#1150 = DIRECTION ( 'NONE',  ( 0.000000000000000000, 1.000000000000000000, -3.469446951953766045E-15 ) ) ;
#1151 = EDGE_LOOP ( 'NONE', ( #1577, #342 ) ) ;
#1152 = VERTEX_POINT ( 'NONE', #2024 ) ;
#1153 = COLOUR_RGB ( '',1.000000000000000000, 1.000000000000000000, 1.000000000000000000 ) ;
#1154 = CARTESIAN_POINT ( 'NONE',  ( 0.000000000000000000, 10.00000000000000000, -69.00000000000000000 ) ) ;
#1155 = AXIS2_PLACEMENT_3D ( 'NONE', #675, #481, #1272 ) ;
#1156 = VECTOR ( 'NONE', #392, 1000.000000000000000 ) ;
#1157 = DIRECTION ( 'NONE',  ( -3.590114524212230926E-17, -1.000000000000000000, 6.982962677686266711E-15 ) ) ;
#1158 = B_SPLINE_SURFACE_WITH_KNOTS ( 'NONE', 1, 3, ( 
 ( #2351, #1973, #598, #1616, #2187, #1213 ),
 ( #985, #1765, #2400, #646, #212, #449 ) ),
 .UNSPECIFIED., .F., .F., .F.,
 ( 2, 2 ),
 ( 4, 2, 4 ),
 ( 0.000000000000000000, 1.000000000000000000 ),
 ( 0.000000000000000000, 0.5000000000000000000, 1.000000000000000000 ),
 .UNSPECIFIED. ) ;
#1159 = VECTOR ( 'NONE', #2090, 1000.000000000000000 ) ;
#1160 = EDGE_LOOP ( 'NONE', ( #993, #2374, #2121, #2048 ) ) ;
#1161 = DIRECTION ( 'NONE',  ( 0.000000000000000000, 1.000000000000000000, -0.000000000000000000 ) ) ;
#1162 = ORIENTED_EDGE ( 'NONE', *, *, #994, .T. ) ;
#1163 = CARTESIAN_POINT ( 'NONE',  ( -319.3336390829962284, 47.90262838058469441, -25.11781521887917989 ) ) ;
#1164 = EDGE_CURVE ( 'NONE', #1767, #2324, #1123, .T. ) ;
#1165 = DIRECTION ( 'NONE',  ( 1.882846976416524415E-16, -3.491481338843133355E-15, -1.000000000000000000 ) ) ;
#1166 = FACE_OUTER_BOUND ( 'NONE', #1329, .T. ) ;
#1167 = ORIENTED_EDGE ( 'NONE', *, *, #1226, .F. ) ;
#1168 = ORIENTED_EDGE ( 'NONE', *, *, #336, .T. ) ;
#1169 = EDGE_CURVE ( 'NONE', #2358, #1840, #710, .T. ) ;
#1170 = CARTESIAN_POINT ( 'NONE',  ( 171.1686091558579506, 6.999999999999999112, -27.38502020850461349 ) ) ;
#1171 = FACE_OUTER_BOUND ( 'NONE', #214, .T. ) ;
#1172 = VECTOR ( 'NONE', #1554, 1000.000000000000000 ) ;
#1173 = CARTESIAN_POINT ( 'NONE',  ( 68.73723456523642028, 20.50221285621033118, -69.00002500000289274 ) ) ;
#1174 = ORIENTED_EDGE ( 'NONE', *, *, #1091, .T. ) ;
#1175 = AXIS2_PLACEMENT_3D ( 'NONE', #973, #1161, #189 ) ;
#1176 = ORIENTED_EDGE ( 'NONE', *, *, #647, .F. ) ;
#1177 = LINE ( 'NONE', #1596, #2045 ) ;
#1178 = DIRECTION ( 'NONE',  ( 0.000000000000000000, 1.000000000000000000, -0.000000000000000000 ) ) ;
#1179 = EDGE_LOOP ( 'NONE', ( #2497, #1718 ) ) ;
#1180 = ORIENTED_EDGE ( 'NONE', *, *, #2409, .F. ) ;
#1181 = ORIENTED_EDGE ( 'NONE', *, *, #952, .F. ) ;
#1182 = DIRECTION ( 'NONE',  ( 1.882846976416531071E-16, 1.000000000000000000, -3.491481338843133355E-15 ) ) ;
#1183 = DIRECTION ( 'NONE',  ( 1.000000000000000000, -3.590114524212107667E-17, 1.745346932985495383E-16 ) ) ;
#1184 = ADVANCED_FACE ( 'NONE', ( #1093 ), #513, .F. ) ;
#1185 = PLANE ( 'NONE',  #915 ) ;
#1186 = LINE ( 'NONE', #1592, #1748 ) ;
#1187 = EDGE_CURVE ( 'NONE', #2152, #2140, #678, .T. ) ;
#1188 = CARTESIAN_POINT ( 'NONE',  ( -319.3337021427030891, 4.101832366810024055, -25.11778018392108081 ) ) ;
#1189 = ORIENTED_EDGE ( 'NONE', *, *, #531, .T. ) ;
#1190 = ORIENTED_EDGE ( 'NONE', *, *, #1570, .F. ) ;
#1191 = DIRECTION ( 'NONE',  ( -0.000000000000000000, -0.000000000000000000, 1.000000000000000000 ) ) ;
#1192 = CARTESIAN_POINT ( 'NONE',  ( -171.6249999999997726, 49.00442571243581114, -171.6250000000012221 ) ) ;
#1193 = ORIENTED_EDGE ( 'NONE', *, *, #2472, .T. ) ;
#1194 = ORIENTED_EDGE ( 'NONE', *, *, #1522, .F. ) ;
#1195 = VERTEX_POINT ( 'NONE', #153 ) ;
#1196 = CARTESIAN_POINT ( 'NONE',  ( -639.1018762942225067, 8.500000000000000000, -28.49778714378318512 ) ) ;
#1197 = CARTESIAN_POINT ( 'NONE',  ( 171.1685737732214534, 10.00000000000000000, -27.77778928042200945 ) ) ;
#1198 = CARTESIAN_POINT ( 'NONE',  ( -314.7522128562180228, 52.00442571243682011, -28.49778714378335209 ) ) ;
#1199 = CARTESIAN_POINT ( 'NONE',  ( -132.7499999999997158, 56.00442571243410583, -69.00000000000139266 ) ) ;
#1200 = DIRECTION ( 'NONE',  ( 1.882846976416524415E-16, -3.491481338843133355E-15, -1.000000000000000000 ) ) ;
#1201 = ORIENTED_EDGE ( 'NONE', *, *, #1764, .F. ) ;
#1202 = CIRCLE ( 'NONE', #470, 6.999999999999666045 ) ;
#1203 = VERTEX_POINT ( 'NONE', #1487 ) ;
#1204 = FILL_AREA_STYLE_COLOUR ( '', #1084 ) ;
#1205 = CARTESIAN_POINT ( 'NONE',  ( 170.2522128562193586, 57.00442571243439716, -28.49778714378227917 ) ) ;
#1206 = CARTESIAN_POINT ( 'NONE',  ( 1.130541479777760287E-15, 52.00442571243700485, -9.992007221626408864E-13 ) ) ;
#1207 = ORIENTED_EDGE ( 'NONE', *, *, #864, .F. ) ;
#1208 = ORIENTED_EDGE ( 'NONE', *, *, #2281, .F. ) ;
#1209 = AXIS2_PLACEMENT_3D ( 'NONE', #2214, #1227, #299 ) ;
#1210 = DIRECTION ( 'NONE',  ( 0.000000000000000000, 1.000000000000000000, -0.000000000000000000 ) ) ;
#1211 = EDGE_CURVE ( 'NONE', #2520, #1402, #1666, .T. ) ;
#1212 = CARTESIAN_POINT ( 'NONE',  ( -318.4174042854060644, 50.93161001344807914, -24.21702581063078696 ) ) ;
#1213 = CARTESIAN_POINT ( 'NONE',  ( -320.2500000000001137, 2.489592359914369002, -22.48737950369745420 ) ) ;
#1214 = DIRECTION ( 'NONE',  ( 1.882846976416524415E-16, -3.491481338843133355E-15, -1.000000000000000000 ) ) ;
#1215 = ORIENTED_EDGE ( 'NONE', *, *, #952, .T. ) ;
#1216 = FILL_AREA_STYLE ('',( #830 ) ) ;
#1217 = CARTESIAN_POINT ( 'NONE',  ( 317.2499999999991473, 47.39351300896282027, -24.60869984725718496 ) ) ;
#1218 = DIRECTION ( 'NONE',  ( 0.000000000000000000, 1.000000000000000000, -3.784851220313302949E-15 ) ) ;
#1219 = VECTOR ( 'NONE', #1801, 1000.000000000000000 ) ;
#1220 = ORIENTED_EDGE ( 'NONE', *, *, #983, .F. ) ;
#1221 = ORIENTED_EDGE ( 'NONE', *, *, #1277, .F. ) ;
#1222 = SHAPE_REPRESENTATION ( 'stand', ( #1824 ), #2065 ) ;
#1223 = DIRECTION ( 'NONE',  ( -0.7071067811865477948, 4.963086205417598355E-15, 0.7071067811865473507 ) ) ;
#1224 = LINE ( 'NONE', #2013, #1453 ) ;
#1225 = EDGE_CURVE ( 'NONE', #1353, #1001, #937, .T. ) ;
#1226 = EDGE_CURVE ( 'NONE', #1949, #753, #891, .T. ) ;
#1227 = DIRECTION ( 'NONE',  ( 1.000000000000000000, 1.126435722581393873E-17, -1.126435722581397879E-17 ) ) ;
#1228 = CARTESIAN_POINT ( 'NONE',  ( 317.2499999999991473, 26.00221285621877243, -22.99778714378311761 ) ) ;
#1229 = DIRECTION ( 'NONE',  ( 0.000000000000000000, 1.000000000000000000, -3.784851220313302949E-15 ) ) ;
#1230 = CYLINDRICAL_SURFACE ( 'NONE', #239, 5.499999999999609201 ) ;
#1231 = SURFACE_STYLE_USAGE ( .BOTH. , #815 ) ;
#1232 = ORIENTED_EDGE ( 'NONE', *, *, #797, .F. ) ;
#1233 = ORIENTED_EDGE ( 'NONE', *, *, #51, .F. ) ;
#1234 = ADVANCED_FACE ( 'NONE', ( #2500 ), #898, .F. ) ;
#1235 = EDGE_CURVE ( 'NONE', #1361, #1330, #2462, .T. ) ;
#1236 = DIRECTION ( 'NONE',  ( -1.126435722581393873E-17, -3.491481338843133355E-15, -1.000000000000000000 ) ) ;
#1237 = CARTESIAN_POINT ( 'NONE',  ( 311.7522128562168859, 52.00442571243679879, -28.49778714378323485 ) ) ;
#1238 = PRODUCT_DEFINITION_CONTEXT ( 'detailed design', #258, 'design' ) ;
#1239 = B_SPLINE_CURVE_WITH_KNOTS ( 'NONE', 3,
 ( #3, #1014, #226, #35, #1188, #1974 ),
 .UNSPECIFIED., .F., .F.,
 ( 4, 2, 4 ),
 ( 0.000000000000000000, 0.5000000000000000000, 1.000000000000000000 ),
 .UNSPECIFIED. ) ;
#1240 = DIRECTION ( 'NONE',  ( 1.000000000000000000, 1.126435722581393873E-17, -1.126435722581397879E-17 ) ) ;
#1241 = CARTESIAN_POINT ( 'NONE',  ( 171.1686091558596559, 59.00442571243441137, -27.38502020850475560 ) ) ;
#1242 = FACE_OUTER_BOUND ( 'NONE', #2119, .T. ) ;
#1243 = DIRECTION ( 'NONE',  ( 3.562031225983574453E-15, -5.689893001203900448E-15, -1.000000000000000000 ) ) ;
#1244 = FACE_OUTER_BOUND ( 'NONE', #188, .T. ) ;
#1245 = ORIENTED_EDGE ( 'NONE', *, *, #2402, .F. ) ;
#1246 = AXIS2_PLACEMENT_3D ( 'NONE', #1853, #1121, #144 ) ;
#1247 = CARTESIAN_POINT ( 'NONE',  ( 68.73723456523642028, 26.00221285621154266, -69.00002500000289274 ) ) ;
#1248 = CARTESIAN_POINT ( 'NONE',  ( 129.7499999999996021, 59.00442571243411294, -69.00000000000140687 ) ) ;
#1249 = VECTOR ( 'NONE', #825, 1000.000000000000000 ) ;
#1250 = VECTOR ( 'NONE', #1236, 1000.000000000000000 ) ;
#1251 = ADVANCED_FACE ( 'NONE', ( #1527 ), #306, .F. ) ;
#1252 = PLANE ( 'NONE',  #1458 ) ;
#1253 = CARTESIAN_POINT ( 'NONE',  ( 170.2522128562193302, 59.00442571243440426, -28.49778714378228983 ) ) ;
#1254 = CARTESIAN_POINT ( 'NONE',  ( 271.2499999999989200, 52.00442571243651457, -69.00000000000130740 ) ) ;
#1255 = PRODUCT_CONTEXT ( 'NONE', #1349, 'mechanical' ) ;
#1256 = VERTEX_POINT ( 'NONE', #499 ) ;
#1257 = EDGE_CURVE ( 'NONE', #1353, #231, #1324, .T. ) ;
#1258 = VECTOR ( 'NONE', #2150, 1000.000000000000000 ) ;
#1259 = AXIS2_PLACEMENT_3D ( 'NONE', #2149, #1191, #1541 ) ;
#1260 = AXIS2_PLACEMENT_3D ( 'NONE', #1046, #1623, #1429 ) ;
#1261 = DIRECTION ( 'NONE',  ( 1.126435722581630377E-17, 3.552713678800500929E-15, 1.000000000000000000 ) ) ;
#1262 = CARTESIAN_POINT ( 'NONE',  ( -190.2919641127279817, 38.06003937703910367, -22.99778714378325617 ) ) ;
#1263 = DIRECTION ( 'NONE',  ( -1.126435722581393873E-17, -3.491481338843133355E-15, -1.000000000000000000 ) ) ;
#1264 = CARTESIAN_POINT ( 'NONE',  ( -319.3337021427030322, 47.90259334562686178, -25.11778018392135436 ) ) ;
#1265 = CARTESIAN_POINT ( 'NONE',  ( 315.4174042854050413, 50.93161001344800809, -24.21702581063058091 ) ) ;
#1266 = EDGE_CURVE ( 'NONE', #29, #1361, #2077, .T. ) ;
#1267 =( LENGTH_UNIT ( ) NAMED_UNIT ( * ) SI_UNIT ( .MILLI., .METRE. ) );
#1268 = EDGE_CURVE ( 'NONE', #768, #40, #115, .T. ) ;
#1269 = ORIENTED_EDGE ( 'NONE', *, *, #587, .F. ) ;
#1270 = UNCERTAINTY_MEASURE_WITH_UNIT (LENGTH_MEASURE( 1.000000000000000082E-05 ), #10, 'distance_accuracy_value', 'NONE');
#1271 = CARTESIAN_POINT ( 'NONE',  ( 64.28123583215017334, 20.50221285621033118, -69.00002500000289274 ) ) ;
#1272 = DIRECTION ( 'NONE',  ( 0.000000000000000000, -1.000000000000000000, 1.632680918566406596E-15 ) ) ;
#1273 = DIRECTION ( 'NONE',  ( 0.000000000000000000, 0.000000000000000000, 1.000000000000000000 ) ) ;
#1274 = CARTESIAN_POINT ( 'NONE',  ( 174.8336390829977347, 54.90262838058221462, -25.11781521887803592 ) ) ;
#1275 = CARTESIAN_POINT ( 'NONE',  ( 317.2499999999991473, 47.39351300896282027, -24.60869984725718496 ) ) ;
#1276 = APPLICATION_PROTOCOL_DEFINITION ( 'draft international standard', 'automotive_design', 1998, #386 ) ;
#1277 = EDGE_CURVE ( 'NONE', #1578, #897, #319, .T. ) ;
#1278 = ORIENTED_EDGE ( 'NONE', *, *, #1055, .F. ) ;
#1279 = DIRECTION ( 'NONE',  ( 1.000000000000000000, 0.000000000000000000, 1.882846976416524415E-16 ) ) ;
#1280 = DIRECTION ( 'NONE',  ( 1.882846976416524415E-16, -3.491481338843133355E-15, -1.000000000000000000 ) ) ;
#1281 = VECTOR ( 'NONE', #1436, 1000.000000000000000 ) ;
#1282 = CIRCLE ( 'NONE', #1856, 6.999999999999666045 ) ;
#1283 = AXIS2_PLACEMENT_3D ( 'NONE', #2318, #1692, #1707 ) ;
#1284 = DIRECTION ( 'NONE',  ( -0.000000000000000000, 0.000000000000000000, -1.000000000000000000 ) ) ;
#1285 = DIRECTION ( 'NONE',  ( -1.126435722581397879E-17, 1.000000000000000000, -3.491481338843133355E-15 ) ) ;
#1286 = EDGE_CURVE ( 'NONE', #2151, #2383, #375, .T. ) ;
#1287 = CARTESIAN_POINT ( 'NONE',  ( 317.2499999999991473, 8.500000000000000000, -28.49778714378300748 ) ) ;
#1288 = CARTESIAN_POINT ( 'NONE',  ( 5.648540929249609975E-16, 31.50221285621275413, -22.99778714378319577 ) ) ;
#1289 = ORIENTED_EDGE ( 'NONE', *, *, #2530, .F. ) ;
#1290 = DIRECTION ( 'NONE',  ( -3.406682500411837569E-16, 6.982962677686266711E-15, 1.000000000000000000 ) ) ;
#1291 = LINE ( 'NONE', #2078, #954 ) ;
#1292 = CIRCLE ( 'NONE', #1701, 8.500000000000000000 ) ;
#1293 = EDGE_CURVE ( 'NONE', #77, #2191, #1699, .T. ) ;
#1294 = CLOSED_SHELL ( 'NONE', ( #1303, #869, #694, #123, #1479, #947, #2221, #1494, #57, #185, #2091, #568, #1664, #666, #91, #2135, #2455, #590, #2171, #1025, #308, #379, #2074, #667, #1009, #293, #1838, #395, #2222, #63, #733, #822, #2115, #527 ) ) ;
#1295 = VECTOR ( 'NONE', #614, 1000.000000000000000 ) ;
#1296 = B_SPLINE_CURVE_WITH_KNOTS ( 'NONE', 3,
 ( #887, #2053, #1662, #2250 ),
 .UNSPECIFIED., .F., .F.,
 ( 4, 4 ),
 ( 0.000000000000000000, 1.000000000000000000 ),
 .UNSPECIFIED. ) ;
#1297 = DIRECTION ( 'NONE',  ( 1.000000000000000000, 1.126435722581393873E-17, -1.126435722581397879E-17 ) ) ;
#1298 = LINE ( 'NONE', #2104, #359 ) ;
#1299 = CARTESIAN_POINT ( 'NONE',  ( 315.4174042854050413, 48.31025084838522332, -25.72788275174326245 ) ) ;
#1300 = ADVANCED_FACE ( 'NONE', ( #1515 ), #2290, .F. ) ;
#1301 = CARTESIAN_POINT ( 'NONE',  ( -137.7499999999996021, 15.50000000000000000, -28.49778714378211575 ) ) ;
#1302 = ORIENTED_EDGE ( 'NONE', *, *, #51, .T. ) ;
#1303 = ADVANCED_FACE ( 'NONE', ( #1128 ), #1386, .F. ) ;
#1304 = ORIENTED_EDGE ( 'NONE', *, *, #1994, .F. ) ;
#1305 = CARTESIAN_POINT ( 'NONE',  ( -316.5848085708120152, 0.2212322483193268352, -26.27293012672921435 ) ) ;
#1306 = CARTESIAN_POINT ( 'NONE',  ( -190.2919641127279817, 31.06003937703940920, -22.99778714378323130 ) ) ;
#1307 = EDGE_CURVE ( 'NONE', #781, #1195, #1371, .T. ) ;
#1308 = EDGE_CURVE ( 'NONE', #2354, #2094, #771, .T. ) ;
#1309 = EDGE_LOOP ( 'NONE', ( #397, #1646, #766, #1787 ) ) ;
#1310 = CARTESIAN_POINT ( 'NONE',  ( 175.7499999999999716, 9.489592359914361452, -22.48737950369644878 ) ) ;
#1311 = LINE ( 'NONE', #1340, #268 ) ;
#1312 = DIRECTION ( 'NONE',  ( 1.000000000000000000, -3.590114524212097806E-17, 1.882846976416525647E-16 ) ) ;
#1313 = ORIENTED_EDGE ( 'NONE', *, *, #126, .F. ) ;
#1314 = VERTEX_POINT ( 'NONE', #361 ) ;
#1315 = ORIENTED_EDGE ( 'NONE', *, *, #1308, .T. ) ;
#1316 = ADVANCED_FACE ( 'NONE', ( #204 ), #165, .F. ) ;
#1317 = DIRECTION ( 'NONE',  ( 1.882846976416524415E-16, -3.491481338843133355E-15, -1.000000000000000000 ) ) ;
#1318 = AXIS2_PLACEMENT_3D ( 'NONE', #1683, #2274, #520 ) ;
#1319 = DIRECTION ( 'NONE',  ( -0.000000000000000000, -0.000000000000000000, 1.000000000000000000 ) ) ;
#1320 = CYLINDRICAL_SURFACE ( 'NONE', #1530, 6.999999999999693578 ) ;
#1321 = CIRCLE ( 'NONE', #2226, 6.999999999999693578 ) ;
#1322 = ORIENTED_EDGE ( 'NONE', *, *, #712, .F. ) ;
#1323 = CYLINDRICAL_SURFACE ( 'NONE', #2394, 5.500000000000001776 ) ;
#1324 = B_SPLINE_CURVE_WITH_KNOTS ( 'NONE', 3,
 ( #525, #1686, #1305, #106, #2086, #2269 ),
 .UNSPECIFIED., .F., .F.,
 ( 4, 2, 4 ),
 ( 0.000000000000000000, 0.5000000000000000000, 1.000000000000000000 ),
 .UNSPECIFIED. ) ;
#1325 = CARTESIAN_POINT ( 'NONE',  ( 144.2500000000004263, 38.50221285621739753, -19.99778714378219746 ) ) ;
#1326 = CIRCLE ( 'NONE', #2231, 5.499999999999609201 ) ;
#1327 = LINE ( 'NONE', #1288, #996 ) ;
#1328 = VECTOR ( 'NONE', #2398, 1000.000000000000000 ) ;
#1329 = EDGE_LOOP ( 'NONE', ( #637, #1215, #992, #1167 ) ) ;
#1330 = VERTEX_POINT ( 'NONE', #2512 ) ;
#1331 = VERTEX_POINT ( 'NONE', #1935 ) ;
#1332 = SURFACE_SIDE_STYLE ('',( #922 ) ) ;
#1333 = CARTESIAN_POINT ( 'NONE',  ( 2.452894729689369061E-14, 49.00442571243652168, -69.00000000000278533 ) ) ;
#1334 = DIRECTION ( 'NONE',  ( 0.000000000000000000, 1.000000000000000000, -3.784851220313302949E-15 ) ) ;
#1335 = ADVANCED_FACE ( 'NONE', ( #948 ), #2123, .F. ) ;
#1336 = ORIENTED_EDGE ( 'NONE', *, *, #2033, .F. ) ;
#1337 = PRODUCT_DEFINITION ( 'UNKNOWN', '', #1977, #266 ) ;
#1338 = PLANE ( 'NONE',  #100 ) ;
#1339 = AXIS2_PLACEMENT_3D ( 'NONE', #475, #281, #1833 ) ;
#1340 = CARTESIAN_POINT ( 'NONE',  ( 2.463665073261957510E-14, 52.00442571243652878, -69.00000000000139266 ) ) ;
#1341 = DIRECTION ( 'NONE',  ( -1.126435722581393873E-17, -3.491481338843133355E-15, -1.000000000000000000 ) ) ;
#1342 = ORIENTED_EDGE ( 'NONE', *, *, #274, .T. ) ;
#1343 = DIRECTION ( 'NONE',  ( 1.882846976416524415E-16, -3.491481338843133355E-15, -1.000000000000000000 ) ) ;
#1344 = ORIENTED_EDGE ( 'NONE', *, *, #921, .T. ) ;
#1345 = DIRECTION ( 'NONE',  ( 1.882846976416524415E-16, -3.552713678800500929E-15, -1.000000000000000000 ) ) ;
#1346 = DIRECTION ( 'NONE',  ( 0.000000000000000000, 0.000000000000000000, 1.000000000000000000 ) ) ;
#1347 = EDGE_LOOP ( 'NONE', ( #1373, #1162, #2266, #1937 ) ) ;
#1348 = ORIENTED_EDGE ( 'NONE', *, *, #2477, .T. ) ;
#1349 = APPLICATION_CONTEXT ( 'automotive_design' ) ;
#1350 = CARTESIAN_POINT ( 'NONE',  ( 99.37499999999947420, 7.000000000000000000, -99.37499999999995737 ) ) ;
#1351 = EDGE_CURVE ( 'NONE', #273, #1010, #604, .T. ) ;
#1352 = CARTESIAN_POINT ( 'NONE',  ( 5.648540929249573490E-16, 26.00221285621883283, -22.99778714378317446 ) ) ;
#1353 = VERTEX_POINT ( 'NONE', #977 ) ;
#1354 = ORIENTED_EDGE ( 'NONE', *, *, #1356, .T. ) ;
#1355 = ORIENTED_EDGE ( 'NONE', *, *, #1545, .F. ) ;
#1356 = EDGE_CURVE ( 'NONE', #1010, #1929, #1380, .T. ) ;
#1357 = CARTESIAN_POINT ( 'NONE',  ( 64.28123583215017334, 20.50221285621033118, -19.99778714378308564 ) ) ;
#1358 = CARTESIAN_POINT ( 'NONE',  ( 175.7500000000000853, 10.90380592228745193, -23.90159306606954814 ) ) ;
#1359 = DIRECTION ( 'NONE',  ( -0.000000000000000000, 1.000000000000000000, 0.000000000000000000 ) ) ;
#1360 = ORIENTED_EDGE ( 'NONE', *, *, #1041, .F. ) ;
#1361 = VERTEX_POINT ( 'NONE', #2340 ) ;
#1362 = AXIS2_PLACEMENT_3D ( 'NONE', #956, #2118, #698 ) ;
#1363 = DIRECTION ( 'NONE',  ( 0.000000000000000000, 0.000000000000000000, 1.000000000000000000 ) ) ;
#1364 = FACE_BOUND ( 'NONE', #31, .T. ) ;
#1365 = VECTOR ( 'NONE', #1483, 1000.000000000000000 ) ;
#1366 = DIRECTION ( 'NONE',  ( 1.882846976416531071E-16, 1.000000000000000000, -3.491481338843133355E-15 ) ) ;
#1367 = ORIENTED_EDGE ( 'NONE', *, *, #1437, .T. ) ;
#1368 = ORIENTED_EDGE ( 'NONE', *, *, #1441, .T. ) ;
#1369 = AXIS2_PLACEMENT_3D ( 'NONE', #275, #835, #2420 ) ;
#1370 =( NAMED_UNIT ( * ) PLANE_ANGLE_UNIT ( ) SI_UNIT ( $, .RADIAN. ) );
#1371 = LINE ( 'NONE', #2111, #1172 ) ;
#1372 = CARTESIAN_POINT ( 'NONE',  ( -235.2919641127278965, 37.99753937703825812, -22.99778714378326328 ) ) ;
#1373 = ORIENTED_EDGE ( 'NONE', *, *, #2445, .F. ) ;
#1374 = ORIENTED_EDGE ( 'NONE', *, *, #870, .F. ) ;
#1375 = EDGE_LOOP ( 'NONE', ( #818, #755, #467, #425 ) ) ;
#1376 = EDGE_CURVE ( 'NONE', #2469, #965, #384, .T. ) ;
#1377 = CARTESIAN_POINT ( 'NONE',  ( 174.8337021427028617, 11.10183236681001340, -25.11778018392007183 ) ) ;
#1378 = COLOUR_RGB ( '',1.000000000000000000, 1.000000000000000000, 1.000000000000000000 ) ;
#1379 = FACE_BOUND ( 'NONE', #546, .T. ) ;
#1380 = CIRCLE ( 'NONE', #1913, 6.999999999999697131 ) ;
#1381 = AXIS2_PLACEMENT_3D ( 'NONE', #487, #291, #2060 ) ;
#1382 = DIRECTION ( 'NONE',  ( 1.882846976416524415E-16, -3.491481338843133355E-15, -1.000000000000000000 ) ) ;
#1383 = CARTESIAN_POINT ( 'NONE',  ( -320.2500000000001137, 26.00221285621888967, -22.99778714378323841 ) ) ;
#1384 = ORIENTED_EDGE ( 'NONE', *, *, #618, .F. ) ;
#1385 = EDGE_LOOP ( 'NONE', ( #1697, #833, #714, #1113, #88 ) ) ;
#1386 = CYLINDRICAL_SURFACE ( 'NONE', #484, 5.499999999999609201 ) ;
#1387 = PLANE ( 'NONE',  #685 ) ;
#1388 = ORIENTED_EDGE ( 'NONE', *, *, #968, .F. ) ;
#1389 = VERTEX_POINT ( 'NONE', #179 ) ;
#1390 = ORIENTED_EDGE ( 'NONE', *, *, #1760, .T. ) ;
#1391 = B_SPLINE_CURVE_WITH_KNOTS ( 'NONE', 3,
 ( #1415, #634, #1826, #2403, #2193, #1217 ),
 .UNSPECIFIED., .F., .F.,
 ( 4, 2, 4 ),
 ( 0.000000000000000000, 0.5000000000000000000, 1.000000000000000000 ),
 .UNSPECIFIED. ) ;
#1392 = FACE_OUTER_BOUND ( 'NONE', #1753, .T. ) ;
#1393 = CARTESIAN_POINT ( 'NONE',  ( 174.8336390829960010, 11.10179733185220918, -25.11781521887788315 ) ) ;
#1394 = DIRECTION ( 'NONE',  ( 0.000000000000000000, 0.000000000000000000, 1.000000000000000000 ) ) ;
#1395 = CARTESIAN_POINT ( 'NONE',  ( 175.7500000000015916, 33.00221285621784517, -19.99778714378217614 ) ) ;
#1396 = CARTESIAN_POINT ( 'NONE',  ( 69.25000000000025580, 33.00221285621777412, -22.99778714378217614 ) ) ;
#1397 = ORIENTED_EDGE ( 'NONE', *, *, #285, .F. ) ;
#1398 = ORIENTED_EDGE ( 'NONE', *, *, #1819, .T. ) ;
#1399 =( NAMED_UNIT ( * ) PLANE_ANGLE_UNIT ( ) SI_UNIT ( $, .RADIAN. ) );
#1400 = DIRECTION ( 'NONE',  ( -1.126435722581389867E-17, -6.982962677686266711E-15, -1.000000000000000000 ) ) ;
#1401 = DIRECTION ( 'NONE',  ( 0.000000000000000000, 1.000000000000000000, -3.469446951953777877E-15 ) ) ;
#1402 = VERTEX_POINT ( 'NONE', #415 ) ;
#1403 = ORIENTED_EDGE ( 'NONE', *, *, #1762, .F. ) ;
#1404 = FACE_OUTER_BOUND ( 'NONE', #974, .T. ) ;
#1405 = AXIS2_PLACEMENT_3D ( 'NONE', #1882, #1297, #2457 ) ;
#1406 = FACE_OUTER_BOUND ( 'NONE', #2329, .T. ) ;
#1407 = FACE_OUTER_BOUND ( 'NONE', #1498, .T. ) ;
#1408 = DIRECTION ( 'NONE',  ( 0.000000000000000000, 1.000000000000000000, -3.784851220313297427E-15 ) ) ;
#1409 = ORIENTED_EDGE ( 'NONE', *, *, #313, .T. ) ;
#1410 = AXIS2_PLACEMENT_3D ( 'NONE', #2431, #851, #2408 ) ;
#1411 = AXIS2_PLACEMENT_3D ( 'NONE', #2003, #2175, #1822 ) ;
#1412 = ORIENTED_EDGE ( 'NONE', *, *, #1610, .F. ) ;
#1413 = ADVANCED_FACE ( 'NONE', ( #788 ), #783, .F. ) ;
#1414 = PRODUCT_DEFINITION_SHAPE ( 'NONE', 'NONE',  #2535 ) ;
#1415 = CARTESIAN_POINT ( 'NONE',  ( 311.7522128562168859, 49.00442571243679168, -28.49778714378322064 ) ) ;
#1416 = CARTESIAN_POINT ( 'NONE',  ( 317.2499999999991473, 49.51483335252247997, -22.48737950369755723 ) ) ;
#1417 = EDGE_LOOP ( 'NONE', ( #741, #2181, #142, #2095 ) ) ;
#1418 = EDGE_LOOP ( 'NONE', ( #1233, #1685 ) ) ;
#1419 = CIRCLE ( 'NONE', #1209, 5.499999999999998224 ) ;
#1420 = FACE_OUTER_BOUND ( 'NONE', #780, .T. ) ;
#1421 = CARTESIAN_POINT ( 'NONE',  ( 313.5848085708109920, 0.2212322483193206457, -26.27293012672911843 ) ) ;
#1422 = UNCERTAINTY_MEASURE_WITH_UNIT (LENGTH_MEASURE( 1.000000000000000082E-05 ), #1267, 'distance_accuracy_value', 'NONE');
#1423 = CARTESIAN_POINT ( 'NONE',  ( 271.2499999999972715, 3.000000000000000000, -69.00000000000272848 ) ) ;
#1424 = LINE ( 'NONE', #1395, #817 ) ;
#1425 = CIRCLE ( 'NONE', #1912, 8.499999999999996447 ) ;
#1426 = CARTESIAN_POINT ( 'NONE',  ( -320.2500000000001705, 48.80772657133604042, -23.19448628488431297 ) ) ;
#1427 = EDGE_CURVE ( 'NONE', #1550, #1767, #2312, .T. ) ;
#1428 = EDGE_CURVE ( 'NONE', #2461, #30, #562, .T. ) ;
#1429 = DIRECTION ( 'NONE',  ( -1.126435722581397879E-17, 1.000000000000000000, -3.491481338843133355E-15 ) ) ;
#1430 = CARTESIAN_POINT ( 'NONE',  ( -137.7499999999996021, 7.000000000000000000, -64.00000000000000000 ) ) ;
#1431 = CIRCLE ( 'NONE', #279, 5.500000000001212364 ) ;
#1432 = VERTEX_POINT ( 'NONE', #989 ) ;
#1433 = B_SPLINE_CURVE_WITH_KNOTS ( 'NONE', 1,
 ( #1198, #240 ),
 .UNSPECIFIED., .F., .F.,
 ( 2, 2 ),
 ( 0.000000000000000000, 1.000000000000000000 ),
 .UNSPECIFIED. ) ;
#1434 = ORIENTED_EDGE ( 'NONE', *, *, #1266, .T. ) ;
#1435 = CARTESIAN_POINT ( 'NONE',  ( -320.2500000000001137, 8.500000000000090594, -22.99778714378317446 ) ) ;
#1436 = DIRECTION ( 'NONE',  ( 1.000000000000000000, -3.590114524212098422E-17, 1.882846976416525647E-16 ) ) ;
#1437 = EDGE_CURVE ( 'NONE', #61, #1331, #1177, .T. ) ;
#1438 = CARTESIAN_POINT ( 'NONE',  ( 175.7500000000015632, 50.50442571243441137, -28.49778714378224009 ) ) ;
#1439 = DIRECTION ( 'NONE',  ( 1.000000000000000000, -0.000000000000000000, -0.000000000000000000 ) ) ;
#1440 = CARTESIAN_POINT ( 'NONE',  ( 64.28123583215017334, 20.50221285621033118, -19.99778714378314604 ) ) ;
#1441 = EDGE_CURVE ( 'NONE', #390, #735, #346, .T. ) ;
#1442 = DIRECTION ( 'NONE',  ( 0.7071067811865470176, 0.000000000000000000, 0.7071067811865480168 ) ) ;
#1443 = VERTEX_POINT ( 'NONE', #217 ) ;
#1444 = EDGE_CURVE ( 'NONE', #1331, #1125, #2364, .T. ) ;
#1445 = VERTEX_POINT ( 'NONE', #814 ) ;
#1446 = DIRECTION ( 'NONE',  ( 0.000000000000000000, 0.000000000000000000, -1.000000000000000000 ) ) ;
#1447 = LINE ( 'NONE', #223, #1281 ) ;
#1448 = CARTESIAN_POINT ( 'NONE',  ( 170.1249999999999716, 0.000000000000000000, -170.1249999999999716 ) ) ;
#1449 = LINE ( 'NONE', #885, #2001 ) ;
#1450 = EDGE_CURVE ( 'NONE', #9, #2303, #2156, .T. ) ;
#1451 = CARTESIAN_POINT ( 'NONE',  ( 232.2919641127278965, 37.99753937703819417, -22.99778714378317446 ) ) ;
#1452 = DIRECTION ( 'NONE',  ( -7.008948865385367857E-15, 1.000000000000000000, -5.689893001203925692E-15 ) ) ;
#1453 = VECTOR ( 'NONE', #252, 1000.000000000000000 ) ;
#1454 = DIRECTION ( 'NONE',  ( 0.000000000000000000, 0.000000000000000000, 1.000000000000000000 ) ) ;
#1455 = EDGE_LOOP ( 'NONE', ( #161, #262, #1500, #773 ) ) ;
#1456 = DIRECTION ( 'NONE',  ( -1.126435722581393873E-17, -3.491481338843133355E-15, -1.000000000000000000 ) ) ;
#1457 = CARTESIAN_POINT ( 'NONE',  ( 187.2919641127279817, 30.99753937703854945, -19.99778714378316025 ) ) ;
#1458 = AXIS2_PLACEMENT_3D ( 'NONE', #92, #2411, #1066 ) ;
#1459 = AXIS2_PLACEMENT_3D ( 'NONE', #2301, #1910, #2453 ) ;
#1460 = EDGE_CURVE ( 'NONE', #781, #9, #2523, .T. ) ;
#1461 = EDGE_CURVE ( 'NONE', #2151, #1485, #1391, .T. ) ;
#1462 = DIRECTION ( 'NONE',  ( 0.000000000000000000, 1.000000000000000000, -0.000000000000000000 ) ) ;
#1463 = CARTESIAN_POINT ( 'NONE',  ( 312.6685737732206576, 3.000000000000000888, -27.77778928042293671 ) ) ;
#1464 = CARTESIAN_POINT ( 'NONE',  ( -314.7522128562179091, 3.000000000000000888, -28.49778714378309985 ) ) ;
#1465 = APPLICATION_PROTOCOL_DEFINITION ( 'draft international standard', 'automotive_design', 1998, #1565 ) ;
#1466 = ORIENTED_EDGE ( 'NONE', *, *, #1671, .T. ) ;
#1467 = AXIS2_PLACEMENT_3D ( 'NONE', #1206, #76, #1813 ) ;
#1468 = VECTOR ( 'NONE', #805, 1000.000000000000114 ) ;
#1469 = LINE ( 'NONE', #490, #1689 ) ;
#1470 = CARTESIAN_POINT ( 'NONE',  ( 317.2499999999991473, 2.489592359914360120, -22.48737950369734051 ) ) ;
#1471 = EDGE_CURVE ( 'NONE', #1445, #2297, #1812, .T. ) ;
#1472 = CARTESIAN_POINT ( 'NONE',  ( -274.2499999999997726, 3.000000000000000000, -69.00000000000115108 ) ) ;
#1473 = CARTESIAN_POINT ( 'NONE',  ( -315.6685107135149906, 49.00442571243682011, -27.77783882733569598 ) ) ;
#1474 = CARTESIAN_POINT ( 'NONE',  ( 313.5848085708109920, 48.86127543411253527, -27.05817377980717353 ) ) ;
#1475 = DIRECTION ( 'NONE',  ( 1.000000000000000000, 0.000000000000000000, 0.000000000000000000 ) ) ;
#1476 = VERTEX_POINT ( 'NONE', #1021 ) ;
#1477 = CARTESIAN_POINT ( 'NONE',  ( -3.210092545327696665E-16, 7.000000000000000000, -28.49778714378211575 ) ) ;
#1478 = DIRECTION ( 'NONE',  ( 0.000000000000000000, 1.000000000000000000, -3.784851220312199333E-15 ) ) ;
#1479 = ADVANCED_FACE ( 'NONE', ( #831, #2007, #58, #2020, #427 ), #843, .F. ) ;
#1480 = DIRECTION ( 'NONE',  ( -0.7071067811865474617, 0.000000000000000000, -0.7071067811865474617 ) ) ;
#1481 = B_SPLINE_CURVE_WITH_KNOTS ( 'NONE', 3,
 ( #999, #1779, #23, #809, #2368, #895 ),
 .UNSPECIFIED., .F., .F.,
 ( 4, 2, 4 ),
 ( 0.000000000000000000, 0.5000000000000000000, 1.000000000000000000 ),
 .UNSPECIFIED. ) ;
#1482 = FACE_OUTER_BOUND ( 'NONE', #1772, .T. ) ;
#1483 = DIRECTION ( 'NONE',  ( -0.7071067811865473507, -4.912314318911466175E-15, -0.7071067811865477948 ) ) ;
#1484 = FACE_OUTER_BOUND ( 'NONE', #216, .T. ) ;
#1485 = VERTEX_POINT ( 'NONE', #2205 ) ;
#1486 = EDGE_CURVE ( 'NONE', #2358, #148, #852, .T. ) ;
#1487 = CARTESIAN_POINT ( 'NONE',  ( -274.2499999999984084, 52.00442571243653589, -69.00000000000289901 ) ) ;
#1488 = CARTESIAN_POINT ( 'NONE',  ( 68.73723456523642028, 31.50221285621275413, -22.99778714378319222 ) ) ;
#1489 = AXIS2_PLACEMENT_3D ( 'NONE', #1687, #1582, #12 ) ;
#1490 = CIRCLE ( 'NONE', #1531, 5.499999999999616307 ) ;
#1491 = EDGE_CURVE ( 'NONE', #2140, #682, #1995, .T. ) ;
#1492 = FACE_OUTER_BOUND ( 'NONE', #2353, .T. ) ;
#1493 = CARTESIAN_POINT ( 'NONE',  ( -320.2500000000001137, 26.00221285621888967, -22.99778714378323841 ) ) ;
#1494 = ADVANCED_FACE ( 'NONE', ( #650 ), #1230, .F. ) ;
#1495 = FACE_OUTER_BOUND ( 'NONE', #2190, .T. ) ;
#1496 = DIRECTION ( 'NONE',  ( -1.000000000000000000, 0.000000000000000000, 0.000000000000000000 ) ) ;
#1497 = EDGE_CURVE ( 'NONE', #1557, #2004, #254, .T. ) ;
#1498 = EDGE_LOOP ( 'NONE', ( #442, #48, #1980, #566 ) ) ;
#1499 = EDGE_CURVE ( 'NONE', #986, #2298, #2335, .T. ) ;
#1500 = ORIENTED_EDGE ( 'NONE', *, *, #1751, .T. ) ;
#1501 = CARTESIAN_POINT ( 'NONE',  ( -320.2500000000000568, 49.51483335252260076, -22.48737950369778460 ) ) ;
#1502 = DIRECTION ( 'NONE',  ( 1.882846976416524415E-16, -3.491481338843133355E-15, -1.000000000000000000 ) ) ;
#1503 = DIRECTION ( 'NONE',  ( 0.000000000000000000, 1.000000000000000000, -3.784851220313302949E-15 ) ) ;
#1504 = PRESENTATION_LAYER_ASSIGNMENT (  '', '', ( #1793 ) ) ;
#1505 = AXIS2_PLACEMENT_3D ( 'NONE', #798, #193, #1581 ) ;
#1506 = LINE ( 'NONE', #310, #580 ) ;
#1507 = FACE_OUTER_BOUND ( 'NONE', #416, .T. ) ;
#1508 = EDGE_CURVE ( 'NONE', #986, #1704, #1424, .T. ) ;
#1509 = CARTESIAN_POINT ( 'NONE',  ( -137.7499999999996021, 56.00442571243414136, -64.00000000000139266 ) ) ;
#1510 = CYLINDRICAL_SURFACE ( 'NONE', #2092, 5.499999999999609201 ) ;
#1511 = ORIENTED_EDGE ( 'NONE', *, *, #1041, .T. ) ;
#1512 = ORIENTED_EDGE ( 'NONE', *, *, #96, .T. ) ;
#1513 = ORIENTED_EDGE ( 'NONE', *, *, #1164, .T. ) ;
#1514 = FACE_OUTER_BOUND ( 'NONE', #829, .T. ) ;
#1515 = FACE_OUTER_BOUND ( 'NONE', #1788, .T. ) ;
#1516 = DIRECTION ( 'NONE',  ( 1.000000000000000000, 1.126435722581393873E-17, -1.126435722581397879E-17 ) ) ;
#1517 = ADVANCED_FACE ( 'NONE', ( #1602 ), #423, .F. ) ;
#1518 = EDGE_LOOP ( 'NONE', ( #363, #327, #2139, #356 ) ) ;
#1519 = DIRECTION ( 'NONE',  ( 0.000000000000000000, 0.000000000000000000, 1.000000000000000000 ) ) ;
#1520 = FACE_OUTER_BOUND ( 'NONE', #608, .T. ) ;
#1521 = CARTESIAN_POINT ( 'NONE',  ( 64.28123583215017334, 31.50221285621275413, -22.99778714378319933 ) ) ;
#1522 = EDGE_CURVE ( 'NONE', #195, #2152, #394, .T. ) ;
#1523 = VERTEX_POINT ( 'NONE', #1016 ) ;
#1524 = ORIENTED_EDGE ( 'NONE', *, *, #120, .F. ) ;
#1525 = ORIENTED_EDGE ( 'NONE', *, *, #167, .F. ) ;
#1526 = CARTESIAN_POINT ( 'NONE',  ( -319.3336037003597880, 50.30167839833744381, -23.27422454951265607 ) ) ;
#1527 = FACE_OUTER_BOUND ( 'NONE', #1048, .T. ) ;
#1528 = DIRECTION ( 'NONE',  ( -1.000000000000000000, 3.590114524212097806E-17, -1.882846976416525647E-16 ) ) ;
#1529 = ORIENTED_EDGE ( 'NONE', *, *, #807, .F. ) ;
#1530 = AXIS2_PLACEMENT_3D ( 'NONE', #2357, #399, #1150 ) ;
#1531 = AXIS2_PLACEMENT_3D ( 'NONE', #810, #1810, #793 ) ;
#1532 = EDGE_CURVE ( 'NONE', #2419, #1026, #629, .T. ) ;
#1533 = CARTESIAN_POINT ( 'NONE',  ( 173.9174042854057802, 8.072815698988813793, -24.21702581062946535 ) ) ;
#1534 = LINE ( 'NONE', #210, #68 ) ;
#1535 = PLANE ( 'NONE',  #1773 ) ;
#1536 = CIRCLE ( 'NONE', #1862, 5.500000000001212364 ) ;
#1537 = ORIENTED_EDGE ( 'NONE', *, *, #1694, .T. ) ;
#1538 = CARTESIAN_POINT ( 'NONE',  ( -314.7522128562179091, 3.000000000000000888, -28.49778714378309985 ) ) ;
#1539 = VERTEX_POINT ( 'NONE', #241 ) ;
#1540 = CARTESIAN_POINT ( 'NONE',  ( 187.2919641127279817, 23.99753937703888340, -19.99778714378313538 ) ) ;
#1541 = DIRECTION ( 'NONE',  ( 1.000000000000000000, 0.000000000000000000, 0.000000000000000000 ) ) ;
#1542 = LINE ( 'NONE', #1564, #1258 ) ;
#1543 = ORIENTED_EDGE ( 'NONE', *, *, #1428, .T. ) ;
#1544 = VECTOR ( 'NONE', #758, 1000.000000000000000 ) ;
#1545 = EDGE_CURVE ( 'NONE', #2354, #2520, #1031, .T. ) ;
#1546 = AXIS2_PLACEMENT_3D ( 'NONE', #2413, #1874, #462 ) ;
#1547 = DIRECTION ( 'NONE',  ( -1.000000000000000000, 0.000000000000000000, 0.000000000000000000 ) ) ;
#1548 = EDGE_CURVE ( 'NONE', #1557, #2303, #229, .T. ) ;
#1549 = CARTESIAN_POINT ( 'NONE',  ( -190.2919641127279817, 38.06003937703911078, -19.99778714378325262 ) ) ;
#1550 = VERTEX_POINT ( 'NONE', #2017 ) ;
#1551 = CARTESIAN_POINT ( 'NONE',  ( 232.2919641127278965, 30.99753937703852813, -22.99778714378314959 ) ) ;
#1552 = ORIENTED_EDGE ( 'NONE', *, *, #178, .F. ) ;
#1553 = LINE ( 'NONE', #1357, #1734 ) ;
#1554 = DIRECTION ( 'NONE',  ( -1.126435722581401884E-17, 1.000000000000000000, -7.044195017643634285E-15 ) ) ;
#1555 = CYLINDRICAL_SURFACE ( 'NONE', #81, 8.499999999999996447 ) ;
#1556 = ORIENTED_EDGE ( 'NONE', *, *, #1674, .F. ) ;
#1557 = VERTEX_POINT ( 'NONE', #1809 ) ;
#1558 = EDGE_CURVE ( 'NONE', #366, #2096, #2173, .T. ) ;
#1559 = CARTESIAN_POINT ( 'NONE',  ( 74.23723456523762820, 26.00221285621154266, -19.99778714378308564 ) ) ;
#1560 = CARTESIAN_POINT ( 'NONE',  ( 0.000000000000000000, 10.00000000000000000, 0.000000000000000000 ) ) ;
#1561 = ORIENTED_EDGE ( 'NONE', *, *, #2019, .F. ) ;
#1562 = ORIENTED_EDGE ( 'NONE', *, *, #96, .F. ) ;
#1563 = CARTESIAN_POINT ( 'NONE',  ( -190.2919641127279817, 24.06003937703971118, -22.99778714378320643 ) ) ;
#1564 = CARTESIAN_POINT ( 'NONE',  ( 99.37499999999870681, 56.00442571243389978, -99.37500000000174794 ) ) ;
#1565 = APPLICATION_CONTEXT ( 'automotive_design' ) ;
#1566 = ORIENTED_EDGE ( 'NONE', *, *, #705, .F. ) ;
#1567 = ORIENTED_EDGE ( 'NONE', *, *, #2391, .F. ) ;
#1568 = EDGE_CURVE ( 'NONE', #1904, #1557, #1097, .T. ) ;
#1569 = VERTEX_POINT ( 'NONE', #73 ) ;
#1570 = EDGE_CURVE ( 'NONE', #61, #2127, #1186, .T. ) ;
#1571 = CARTESIAN_POINT ( 'NONE',  ( 174.8336037003595607, 8.702747314099472220, -23.27422454951133091 ) ) ;
#1572 = CARTESIAN_POINT ( 'NONE',  ( 312.6685107135139106, 3.000000000000001776, -27.77783882733534426 ) ) ;
#1573 = PRODUCT_DEFINITION ( 'UNKNOWN', '', #1850, #2212 ) ;
#1574 = DIRECTION ( 'NONE',  ( 0.000000000000000000, 1.000000000000000000, -3.469446951953779850E-15 ) ) ;
#1575 = AXIS2_PLACEMENT_3D ( 'NONE', #1029, #613, #1394 ) ;
#1576 = CARTESIAN_POINT ( 'NONE',  ( 232.2919641127278965, 30.99753937703852813, -22.99778714378314959 ) ) ;
#1577 = ORIENTED_EDGE ( 'NONE', *, *, #760, .T. ) ;
#1578 = VERTEX_POINT ( 'NONE', #1821 ) ;
#1579 = VECTOR ( 'NONE', #2279, 1000.000000000000000 ) ;
#1580 =( NAMED_UNIT ( * ) SI_UNIT ( $, .STERADIAN. ) SOLID_ANGLE_UNIT ( ) );
#1581 = DIRECTION ( 'NONE',  ( 0.000000000000000000, 1.000000000000000000, -3.469446951953764467E-15 ) ) ;
#1582 = DIRECTION ( 'NONE',  ( 1.126435722581401884E-17, -1.000000000000000000, 6.982962677686266711E-15 ) ) ;
#1583 = ORIENTED_EDGE ( 'NONE', *, *, #1486, .T. ) ;
#1584 = EDGE_LOOP ( 'NONE', ( #586, #1024, #2182, #208 ) ) ;
#1585 = ORIENTED_EDGE ( 'NONE', *, *, #777, .F. ) ;
#1586 = CARTESIAN_POINT ( 'NONE',  ( 187.2919641127279817, 37.99753937703820839, -22.99778714378318156 ) ) ;
#1587 = CARTESIAN_POINT ( 'NONE',  ( 232.2919641127278965, 37.99753937703820839, -19.99778714378317090 ) ) ;
#1588 = AXIS2_PLACEMENT_3D ( 'NONE', #635, #1839, #1401 ) ;
#1589 = DIRECTION ( 'NONE',  ( 1.000000000000000000, 0.000000000000000000, 0.000000000000000000 ) ) ;
#1590 = VECTOR ( 'NONE', #700, 1000.000000000000000 ) ;
#1591 = VECTOR ( 'NONE', #1035, 1000.000000000000000 ) ;
#1592 = CARTESIAN_POINT ( 'NONE',  ( 6.283494858096107460E-16, 43.50442571243683432, -19.99778714378323841 ) ) ;
#1593 = CARTESIAN_POINT ( 'NONE',  ( 129.7499999999996021, 7.000000000000000000, -69.00000000000000000 ) ) ;
#1594 = VERTEX_POINT ( 'NONE', #854 ) ;
#1595 = ORIENTED_EDGE ( 'NONE', *, *, #1187, .T. ) ;
#1596 = CARTESIAN_POINT ( 'NONE',  ( -320.2500000000001137, 43.50442571243683432, -22.99778714378329525 ) ) ;
#1597 = ORIENTED_EDGE ( 'NONE', *, *, #2339, .F. ) ;
#1598 = EDGE_LOOP ( 'NONE', ( #786, #2101, #1127, #1867 ) ) ;
#1599 = DIRECTION ( 'NONE',  ( 1.882846976416524415E-16, -3.491481338843133355E-15, -1.000000000000000000 ) ) ;
#1600 = CARTESIAN_POINT ( 'NONE',  ( 187.2919641127279817, 23.99753937703887274, -22.99778714378313182 ) ) ;
#1601 = CYLINDRICAL_SURFACE ( 'NONE', #1008, 5.500000000001212364 ) ;
#1602 = FACE_OUTER_BOUND ( 'NONE', #2176, .T. ) ;
#1603 = LINE ( 'NONE', #438, #1733 ) ;
#1604 = VERTEX_POINT ( 'NONE', #199 ) ;
#1605 = ORIENTED_EDGE ( 'NONE', *, *, #108, .F. ) ;
#1606 = DIRECTION ( 'NONE',  ( -1.126435722581393873E-17, -3.491481338843133355E-15, -1.000000000000000000 ) ) ;
#1607 = DIRECTION ( 'NONE',  ( 1.000000000000000000, 0.000000000000000000, 0.000000000000000000 ) ) ;
#1608 = ORIENTED_EDGE ( 'NONE', *, *, #1816, .T. ) ;
#1609 = ORIENTED_EDGE ( 'NONE', *, *, #994, .F. ) ;
#1610 = EDGE_CURVE ( 'NONE', #2487, #2277, #2114, .T. ) ;
#1611 = CARTESIAN_POINT ( 'NONE',  ( 175.7499999999999716, 15.50000000000000000, -28.49778714378211930 ) ) ;
#1612 = CARTESIAN_POINT ( 'NONE',  ( -190.2919641127279817, 38.06003937703910367, -22.99778714378325617 ) ) ;
#1613 = CIRCLE ( 'NONE', #2058, 5.500000000001212364 ) ;
#1614 = AXIS2_PLACEMENT_3D ( 'NONE', #2252, #75, #284 ) ;
#1615 = LINE ( 'NONE', #677, #2346 ) ;
#1616 = CARTESIAN_POINT ( 'NONE',  ( -318.4174042854060644, 1.072815698988826449, -24.21702581063045301 ) ) ;
#1617 = CARTESIAN_POINT ( 'NONE',  ( 317.2499999999991473, 47.39351300896282027, -24.60869984725718496 ) ) ;
#1618 = ORIENTED_EDGE ( 'NONE', *, *, #2138, .F. ) ;
#1619 = CIRCLE ( 'NONE', #2433, 6.999999999999666045 ) ;
#1620 = AXIS2_PLACEMENT_3D ( 'NONE', #39, #1214, #2401 ) ;
#1621 =( GEOMETRIC_REPRESENTATION_CONTEXT ( 3 ) GLOBAL_UNCERTAINTY_ASSIGNED_CONTEXT ( ( #2452 ) ) GLOBAL_UNIT_ASSIGNED_CONTEXT ( ( #2178, #1370, #1580 ) ) REPRESENTATION_CONTEXT ( 'NONE', 'WORKASPACE' ) );
#1622 = AXIS2_PLACEMENT_3D ( 'NONE', #2294, #776, #376 ) ;
#1623 = DIRECTION ( 'NONE',  ( -1.126435722581393873E-17, -3.491481338843133355E-15, -1.000000000000000000 ) ) ;
#1624 = FILL_AREA_STYLE ('',( #844 ) ) ;
#1625 = ORIENTED_EDGE ( 'NONE', *, *, #2429, .T. ) ;
#1626 = EDGE_LOOP ( 'NONE', ( #202, #2064, #600, #294, #1194 ) ) ;
#1627 = DIRECTION ( 'NONE',  ( 1.000000000000000000, -0.000000000000000000, -1.126435722581393873E-17 ) ) ;
#1628 = CARTESIAN_POINT ( 'NONE',  ( 312.6686091558572116, 9.996283066972014448E-16, -27.38502020850552299 ) ) ;
#1629 = ADVANCED_FACE ( 'NONE', ( #1407 ), #1158, .F. ) ;
#1630 = CARTESIAN_POINT ( 'NONE',  ( 0.000000000000000000, 7.000000000000000000, 0.000000000000000000 ) ) ;
#1631 = CARTESIAN_POINT ( 'NONE',  ( 313.5848085708109920, 0.2212322483193206457, -26.27293012672911843 ) ) ;
#1632 = EDGE_CURVE ( 'NONE', #148, #2296, #1481, .T. ) ;
#1633 = VECTOR ( 'NONE', #2206, 1000.000000000000000 ) ;
#1634 = CARTESIAN_POINT ( 'NONE',  ( -235.2919641127278965, 23.99753937703886919, -22.99778714378321354 ) ) ;
#1635 = ITEM_DEFINED_TRANSFORMATION ( 'NONE', 'NONE', #707,  #1824 ) ;
#1636 = ORIENTED_EDGE ( 'NONE', *, *, #579, .T. ) ;
#1637 = ORIENTED_EDGE ( 'NONE', *, *, #1957, .T. ) ;
#1638 = FACE_OUTER_BOUND ( 'NONE', #47, .T. ) ;
#1639 = CARTESIAN_POINT ( 'NONE',  ( 316.3336037003587649, 50.30167839833742249, -23.27422454951251041 ) ) ;
#1640 = CARTESIAN_POINT ( 'NONE',  ( 68.73723456523642028, 26.00221285621154266, -22.99778714378315669 ) ) ;
#1641 = CARTESIAN_POINT ( 'NONE',  ( 170.2522128562193302, 56.00442571243439716, -28.49778714378226852 ) ) ;
#1642 = B_SPLINE_CURVE_WITH_KNOTS ( 'NONE', 3,
 ( #422, #22, #1763, #4, #1572, #2350 ),
 .UNSPECIFIED., .F., .F.,
 ( 4, 2, 4 ),
 ( 0.000000000000000000, 0.5000000000000000000, 1.000000000000000000 ),
 .UNSPECIFIED. ) ;
#1643 = CARTESIAN_POINT ( 'NONE',  ( 312.6685737732207144, 49.00442571243679168, -27.77778928042307882 ) ) ;
#1644 = APPLICATION_PROTOCOL_DEFINITION ( 'draft international standard', 'automotive_design', 1998, #1905 ) ;
#1645 =( NAMED_UNIT ( * ) PLANE_ANGLE_UNIT ( ) SI_UNIT ( $, .RADIAN. ) );
#1646 = ORIENTED_EDGE ( 'NONE', *, *, #2251, .T. ) ;
#1647 = ADVANCED_FACE ( 'NONE', ( #110 ), #300, .F. ) ;
#1648 = CARTESIAN_POINT ( 'NONE',  ( -320.2500000000001705, 47.39351300896291264, -24.60869984725737680 ) ) ;
#1649 = DIRECTION ( 'NONE',  ( 0.000000000000000000, 1.000000000000000000, -3.469446951953779850E-15 ) ) ;
#1650 = ADVANCED_FACE ( 'NONE', ( #2458 ), #957, .F. ) ;
#1651 = DIRECTION ( 'NONE',  ( 0.000000000000000000, 1.000000000000000000, -3.784851220313302949E-15 ) ) ;
#1652 = CARTESIAN_POINT ( 'NONE',  ( 317.2499999999991473, 4.610912703473998064, -24.60869984725698600 ) ) ;
#1653 = CARTESIAN_POINT ( 'NONE',  ( 317.2499999999991473, 49.51483335252247997, -22.48737950369755723 ) ) ;
#1654 = CIRCLE ( 'NONE', #1410, 6.999999999999697131 ) ;
#1655 = EDGE_LOOP ( 'NONE', ( #1180, #950, #206, #2389, #1512, #304 ) ) ;
#1656 = DIRECTION ( 'NONE',  ( 0.000000000000000000, 0.000000000000000000, 1.000000000000000000 ) ) ;
#1657 = FACE_OUTER_BOUND ( 'NONE', #1455, .T. ) ;
#1658 = VECTOR ( 'NONE', #597, 1000.000000000000000 ) ;
#1659 = CIRCLE ( 'NONE', #227, 5.500000000001212364 ) ;
#1660 = CARTESIAN_POINT ( 'NONE',  ( -122.7499999999999147, 33.00221285621689304, -19.99778714378217259 ) ) ;
#1661 = DIRECTION ( 'NONE',  ( -0.7071067811865534569, -4.945665365544571788E-15, -0.7071067811865416886 ) ) ;
#1662 = CARTESIAN_POINT ( 'NONE',  ( 170.2522128562176533, 8.000000000000000000, -28.49778714378212285 ) ) ;
#1663 = EDGE_LOOP ( 'NONE', ( #1390, #918, #2163, #1136 ) ) ;
#1664 = ADVANCED_FACE ( 'NONE', ( #2215 ), #44, .F. ) ;
#1665 = CIRCLE ( 'NONE', #314, 6.999999999999693578 ) ;
#1666 = LINE ( 'NONE', #1477, #916 ) ;
#1667 = DIRECTION ( 'NONE',  ( 1.000000000000000000, -0.000000000000000000, -1.126435722581393873E-17 ) ) ;
#1668 = PLANE ( 'NONE',  #2385 ) ;
#1669 = CARTESIAN_POINT ( 'NONE',  ( 175.7500000000015632, 56.51483335252009255, -22.48737950369661576 ) ) ;
#1670 = CARTESIAN_POINT ( 'NONE',  ( -8.899340736451551626E-16, 56.00442571243410583, -69.00000000000139266 ) ) ;
#1671 = EDGE_CURVE ( 'NONE', #1125, #1982, #1721, .T. ) ;
#1672 = ITEM_DEFINED_TRANSFORMATION ( 'NONE', 'NONE', #387,  #1824 ) ;
#1673 = ORIENTED_EDGE ( 'NONE', *, *, #1792, .T. ) ;
#1674 = EDGE_CURVE ( 'NONE', #2358, #2004, #1449, .T. ) ;
#1675 = DIRECTION ( 'NONE',  ( -1.000000000000000000, 3.590114524211989337E-17, -3.406682500411840035E-16 ) ) ;
#1676 = DIRECTION ( 'NONE',  ( 0.000000000000000000, 0.000000000000000000, -1.000000000000000000 ) ) ;
#1677 = EDGE_CURVE ( 'NONE', #2419, #1523, #893, .T. ) ;
#1678 = LINE ( 'NONE', #2465, #2225 ) ;
#1679 = ADVANCED_FACE ( 'NONE', ( #1482 ), #2259, .F. ) ;
#1680 = DIRECTION ( 'NONE',  ( -1.126435722581393873E-17, -3.491481338843133355E-15, -1.000000000000000000 ) ) ;
#1681 = FACE_BOUND ( 'NONE', #1179, .T. ) ;
#1682 = VECTOR ( 'NONE', #340, 1000.000000000000000 ) ;
#1683 = CARTESIAN_POINT ( 'NONE',  ( -235.2919641127278965, 30.99753937703856366, -22.99778714378323841 ) ) ;
#1684 = ORIENTED_EDGE ( 'NONE', *, *, #1994, .T. ) ;
#1685 = ORIENTED_EDGE ( 'NONE', *, *, #857, .F. ) ;
#1686 = CARTESIAN_POINT ( 'NONE',  ( -315.6686091558582348, 5.142680598501812002E-15, -27.38502020850560115 ) ) ;
#1687 = CARTESIAN_POINT ( 'NONE',  ( -132.7499999999997158, 56.00442571243414136, -64.00000000000139266 ) ) ;
#1688 = VECTOR ( 'NONE', #1547, 1000.000000000000000 ) ;
#1689 = VECTOR ( 'NONE', #64, 1000.000000000000000 ) ;
#1690 = DIRECTION ( 'NONE',  ( 1.000000000000000000, 0.000000000000000000, 1.882846976416524415E-16 ) ) ;
#1691 = CARTESIAN_POINT ( 'NONE',  ( 171.1686091558579506, 6.999999999999999112, -27.38502020850461349 ) ) ;
#1692 = DIRECTION ( 'NONE',  ( -1.126435722581393873E-17, -3.491481338843133355E-15, -1.000000000000000000 ) ) ;
#1693 = CARTESIAN_POINT ( 'NONE',  ( -320.2500000000001137, 2.489592359914369002, -22.48737950369745064 ) ) ;
#1694 = EDGE_CURVE ( 'NONE', #2469, #897, #311, .T. ) ;
#1695 = ORIENTED_EDGE ( 'NONE', *, *, #2464, .F. ) ;
#1696 = EDGE_LOOP ( 'NONE', ( #16, #593, #1745, #430 ) ) ;
#1697 = ORIENTED_EDGE ( 'NONE', *, *, #2528, .F. ) ;
#1698 = PRESENTATION_STYLE_ASSIGNMENT (( #1933 ) ) ;
#1699 = LINE ( 'NONE', #2490, #400 ) ;
#1700 = DIRECTION ( 'NONE',  ( 1.882846976416524415E-16, -3.491481338843133355E-15, -1.000000000000000000 ) ) ;
#1701 = AXIS2_PLACEMENT_3D ( 'NONE', #1952, #1528, #385 ) ;
#1702 = VECTOR ( 'NONE', #398, 1000.000000000000000 ) ;
#1703 = CIRCLE ( 'NONE', #975, 4.999999999999948486 ) ;
#1704 = VERTEX_POINT ( 'NONE', #2447 ) ;
#1705 = EDGE_CURVE ( 'NONE', #1594, #1724, #2412, .T. ) ;
#1706 = PLANE ( 'NONE',  #929 ) ;
#1707 = DIRECTION ( 'NONE',  ( 0.000000000000000000, 1.000000000000000000, -3.784851220313297427E-15 ) ) ;
#1708 = CARTESIAN_POINT ( 'NONE',  ( 6.104394018605143883E-15, 52.00442571243680590, -28.49778714378328814 ) ) ;
#1709 = ORIENTED_EDGE ( 'NONE', *, *, #1428, .F. ) ;
#1710 = ORIENTED_EDGE ( 'NONE', *, *, #283, .T. ) ;
#1711 = ORIENTED_EDGE ( 'NONE', *, *, #420, .T. ) ;
#1712 = CARTESIAN_POINT ( 'NONE',  ( -67.26276543476359393, 31.50221285621275413, -22.99778714378322064 ) ) ;
#1713 = DIRECTION ( 'NONE',  ( 0.000000000000000000, 1.000000000000000000, -3.784851220312199333E-15 ) ) ;
#1714 = CARTESIAN_POINT ( 'NONE',  ( -71.71876416784984087, 20.50221285621033118, -22.99778714378318512 ) ) ;
#1715 = EDGE_CURVE ( 'NONE', #273, #261, #1665, .T. ) ;
#1716 = ORIENTED_EDGE ( 'NONE', *, *, #1461, .T. ) ;
#1717 = EDGE_CURVE ( 'NONE', #2096, #682, #1431, .T. ) ;
#1718 = ORIENTED_EDGE ( 'NONE', *, *, #765, .F. ) ;
#1719 = FACE_OUTER_BOUND ( 'NONE', #673, .T. ) ;
#1720 = DIRECTION ( 'NONE',  ( -1.000000000000000000, -1.126435722581394027E-17, 1.126435722581398033E-17 ) ) ;
#1721 = B_SPLINE_CURVE_WITH_KNOTS ( 'NONE', 3,
 ( #504, #1264, #669, #1864, #1473, #2052 ),
 .UNSPECIFIED., .F., .F.,
 ( 4, 2, 4 ),
 ( 0.000000000000000000, 0.5000000000000000000, 1.000000000000000000 ),
 .UNSPECIFIED. ) ;
#1722 = CARTESIAN_POINT ( 'NONE',  ( -320.2500000000001137, 2.489592359914369002, -22.48737950369745064 ) ) ;
#1723 = ORIENTED_EDGE ( 'NONE', *, *, #512, .F. ) ;
#1724 = VERTEX_POINT ( 'NONE', #118 ) ;
#1725 = ORIENTED_EDGE ( 'NONE', *, *, #1731, .T. ) ;
#1726 = DIRECTION ( 'NONE',  ( 1.882846976416524415E-16, -3.491481338843133355E-15, -1.000000000000000000 ) ) ;
#1727 = PRESENTATION_LAYER_ASSIGNMENT (  '', '', ( #171 ) ) ;
#1728 = CARTESIAN_POINT ( 'NONE',  ( -137.7499999999996021, 10.00000000000000000, -64.00000000000000000 ) ) ;
#1729 = CARTESIAN_POINT ( 'NONE',  ( -132.7499999999997158, 56.00442571243410583, -69.00000000000139266 ) ) ;
#1730 = ORIENTED_EDGE ( 'NONE', *, *, #336, .F. ) ;
#1731 = EDGE_CURVE ( 'NONE', #1982, #40, #84, .T. ) ;
#1732 = VECTOR ( 'NONE', #821, 1000.000000000000000 ) ;
#1733 = VECTOR ( 'NONE', #840, 1000.000000000000000 ) ;
#1734 = VECTOR ( 'NONE', #192, 1000.000000000000000 ) ;
#1735 = DIRECTION ( 'NONE',  ( 0.000000000000000000, 1.000000000000000000, -0.000000000000000000 ) ) ;
#1736 = CYLINDRICAL_SURFACE ( 'NONE', #1318, 6.999999999999693578 ) ;
#1737 = AXIS2_PLACEMENT_3D ( 'NONE', #1660, #253, #486 ) ;
#1738 = ORIENTED_EDGE ( 'NONE', *, *, #126, .T. ) ;
#1739 = CARTESIAN_POINT ( 'NONE',  ( -235.2919641127278965, 37.99753937703827233, -19.99778714378326328 ) ) ;
#1740 = ORIENTED_EDGE ( 'NONE', *, *, #1226, .T. ) ;
#1741 =( NAMED_UNIT ( * ) PLANE_ANGLE_UNIT ( ) SI_UNIT ( $, .RADIAN. ) );
#1742 = DIRECTION ( 'NONE',  ( 0.000000000000000000, -6.938893903907300164E-15, -1.000000000000000000 ) ) ;
#1743 = DIRECTION ( 'NONE',  ( -1.126435722581393873E-17, -3.552713678800500929E-15, -1.000000000000000000 ) ) ;
#1744 = EDGE_CURVE ( 'NONE', #1256, #785, #2282, .T. ) ;
#1745 = ORIENTED_EDGE ( 'NONE', *, *, #2199, .T. ) ;
#1746 = ORIENTED_EDGE ( 'NONE', *, *, #1632, .F. ) ;
#1747 = VECTOR ( 'NONE', #1924, 1000.000000000000000 ) ;
#1748 = VECTOR ( 'NONE', #1988, 1000.000000000000000 ) ;
#1749 = CARTESIAN_POINT ( 'NONE',  ( 175.7500000000000853, 11.61091270347399806, -24.60869984725609783 ) ) ;
#1750 = DIRECTION ( 'NONE',  ( 0.000000000000000000, 0.000000000000000000, 1.000000000000000000 ) ) ;
#1751 = EDGE_CURVE ( 'NONE', #754, #78, #528, .T. ) ;
#1752 = ORIENTED_EDGE ( 'NONE', *, *, #2409, .T. ) ;
#1753 = EDGE_LOOP ( 'NONE', ( #1953, #1710, #1367, #1388 ) ) ;
#1754 = CARTESIAN_POINT ( 'NONE',  ( -316.5848085708120152, 48.86127543411256369, -27.05817377980732630 ) ) ;
#1755 = DIRECTION ( 'NONE',  ( 0.000000000000000000, 1.000000000000000000, -0.000000000000000000 ) ) ;
#1756 = PLANE ( 'NONE',  #309 ) ;
#1757 = VERTEX_POINT ( 'NONE', #912 ) ;
#1758 = ORIENTED_EDGE ( 'NONE', *, *, #647, .T. ) ;
#1759 = EDGE_CURVE ( 'NONE', #443, #934, #706, .T. ) ;
#1760 = EDGE_CURVE ( 'NONE', #366, #443, #1298, .T. ) ;
#1761 = CARTESIAN_POINT ( 'NONE',  ( 175.7500000000000853, 11.61091270347399806, -24.60869984725609783 ) ) ;
#1762 = EDGE_CURVE ( 'NONE', #390, #1402, #2330, .T. ) ;
#1763 = CARTESIAN_POINT ( 'NONE',  ( 315.4174042854050413, 3.694174864051588347, -25.72788275174305284 ) ) ;
#1764 = EDGE_CURVE ( 'NONE', #2303, #2286, #352, .T. ) ;
#1765 = CARTESIAN_POINT ( 'NONE',  ( -315.6685737732217945, 3.000000000000003553, -27.77778928042295092 ) ) ;
#1766 = EDGE_LOOP ( 'NONE', ( #334, #1207, #1511, #859 ) ) ;
#1767 = VERTEX_POINT ( 'NONE', #518 ) ;
#1768 = CARTESIAN_POINT ( 'NONE',  ( 175.7500000000000853, 11.61091270347399806, -24.60869984725609783 ) ) ;
#1769 = PLANE ( 'NONE',  #277 ) ;
#1770 = ORIENTED_EDGE ( 'NONE', *, *, #1091, .F. ) ;
#1771 = ORIENTED_EDGE ( 'NONE', *, *, #2033, .T. ) ;
#1772 = EDGE_LOOP ( 'NONE', ( #1975, #1342, #1857, #1529 ) ) ;
#1773 = AXIS2_PLACEMENT_3D ( 'NONE', #931, #2295, #1496 ) ;
#1774 = CARTESIAN_POINT ( 'NONE',  ( 69.25000000000025580, 38.50221285621738332, -22.99778714378219746 ) ) ;
#1775 = EDGE_CURVE ( 'NONE', #380, #2094, #1703, .T. ) ;
#1776 = AXIS2_PLACEMENT_3D ( 'NONE', #2444, #1280, #141 ) ;
#1777 = LINE ( 'NONE', #790, #1156 ) ;
#1778 = CARTESIAN_POINT ( 'NONE',  ( -315.6686091558582348, 52.00442571243682011, -27.38502020850591734 ) ) ;
#1779 = CARTESIAN_POINT ( 'NONE',  ( 171.1685107135163548, 56.00442571243439005, -27.77783882733460175 ) ) ;
#1780 = VECTOR ( 'NONE', #187, 1000.000000000000000 ) ;
#1781 = LINE ( 'NONE', #463, #2395 ) ;
#1782 = ORIENTED_EDGE ( 'NONE', *, *, #146, .F. ) ;
#1783 = ORIENTED_EDGE ( 'NONE', *, *, #1491, .T. ) ;
#1784 = AXIS2_PLACEMENT_3D ( 'NONE', #480, #287, #264 ) ;
#1785 = CARTESIAN_POINT ( 'NONE',  ( 0.000000000000000000, 0.000000000000000000, 0.000000000000000000 ) ) ;
#1786 = CARTESIAN_POINT ( 'NONE',  ( 144.2500000000004263, 33.00221285621777412, -22.99778714378217970 ) ) ;
#1787 = ORIENTED_EDGE ( 'NONE', *, *, #1444, .F. ) ;
#1788 = EDGE_LOOP ( 'NONE', ( #1, #1711, #201, #479 ) ) ;
#1789 = ORIENTED_EDGE ( 'NONE', *, *, #624, .T. ) ;
#1790 = DIRECTION ( 'NONE',  ( 1.882846976416524415E-16, -3.491481338843133355E-15, -1.000000000000000000 ) ) ;
#1791 = CARTESIAN_POINT ( 'NONE',  ( 187.2919641127279817, 37.99753937703820839, -22.99778714378318156 ) ) ;
#1792 = EDGE_CURVE ( 'NONE', #2383, #616, #2293, .T. ) ;
#1793 = STYLED_ITEM ( 'NONE', ( #2021 ), #2422 ) ;
#1794 = FACE_OUTER_BOUND ( 'NONE', #1766, .T. ) ;
#1795 = CARTESIAN_POINT ( 'NONE',  ( -190.2919641127279817, 24.06003937703972539, -19.99778714378320288 ) ) ;
#1796 = VECTOR ( 'NONE', #209, 1000.000000000000000 ) ;
#1797 = DIRECTION ( 'NONE',  ( 1.000000000000000000, 0.000000000000000000, 1.882846976416524661E-16 ) ) ;
#1798 = DIRECTION ( 'NONE',  ( 1.882846976416531071E-16, 1.000000000000000000, -3.491481338843133355E-15 ) ) ;
#1799 = ORIENTED_EDGE ( 'NONE', *, *, #1674, .T. ) ;
#1800 = ORIENTED_EDGE ( 'NONE', *, *, #2154, .F. ) ;
#1801 = DIRECTION ( 'NONE',  ( -0.000000000000000000, -0.000000000000000000, 1.000000000000000000 ) ) ;
#1802 = DIRECTION ( 'NONE',  ( 1.882846976416524415E-16, -3.491481338843133355E-15, -1.000000000000000000 ) ) ;
#1803 = EDGE_LOOP ( 'NONE', ( #919, #1804, #2009, #1019 ) ) ;
#1804 = ORIENTED_EDGE ( 'NONE', *, *, #369, .F. ) ;
#1805 = DIRECTION ( 'NONE',  ( -1.000000000000000000, 0.000000000000000000, 0.000000000000000000 ) ) ;
#1806 = DIRECTION ( 'NONE',  ( 1.126435722581401884E-17, -1.000000000000000000, 6.982962677686266711E-15 ) ) ;
#1807 = PRODUCT ( 'STAND ASSEMBLY', 'STAND ASSEMBLY', '', ( #1255 ) ) ;
#1808 = DIRECTION ( 'NONE',  ( 1.000000000000000000, 0.000000000000000000, 0.000000000000000000 ) ) ;
#1809 = CARTESIAN_POINT ( 'NONE',  ( -132.7499999999997158, 59.00442571243411294, -69.00000000000140687 ) ) ;
#1810 = DIRECTION ( 'NONE',  ( -1.126435722581393873E-17, -3.491481338843133355E-15, -1.000000000000000000 ) ) ;
#1811 = ORIENTED_EDGE ( 'NONE', *, *, #779, .T. ) ;
#1812 = LINE ( 'NONE', #440, #1591 ) ;
#1813 = DIRECTION ( 'NONE',  ( 3.406682500411838062E-16, -6.982962677686266711E-15, -1.000000000000000000 ) ) ;
#1814 = ORIENTED_EDGE ( 'NONE', *, *, #2263, .T. ) ;
#1815 = ORIENTED_EDGE ( 'NONE', *, *, #2363, .F. ) ;
#1816 = EDGE_CURVE ( 'NONE', #1840, #2296, #1085, .T. ) ;
#1817 = DIRECTION ( 'NONE',  ( -0.000000000000000000, -0.000000000000000000, 1.000000000000000000 ) ) ;
#1818 = CARTESIAN_POINT ( 'NONE',  ( 316.3336037003587649, 1.702747314099443132, -23.27422454951224751 ) ) ;
#1819 = EDGE_CURVE ( 'NONE', #1152, #237, #736, .T. ) ;
#1820 = DIRECTION ( 'NONE',  ( -1.000000000000000000, 0.000000000000000000, 0.000000000000000000 ) ) ;
#1821 = CARTESIAN_POINT ( 'NONE',  ( 175.7500000000015632, 50.50442571243442558, -22.99778714378223654 ) ) ;
#1822 = DIRECTION ( 'NONE',  ( 0.000000000000000000, 1.000000000000000000, -3.469446951953777877E-15 ) ) ;
#1823 = CIRCLE ( 'NONE', #1776, 6.999999999999666045 ) ;
#1824 = AXIS2_PLACEMENT_3D ( 'NONE', #1785, #842, #414 ) ;
#1825 = CIRCLE ( 'NONE', #708, 5.499999999999616307 ) ;
#1826 = CARTESIAN_POINT ( 'NONE',  ( 313.5848085708110489, 48.86127543411254237, -27.05817377980717708 ) ) ;
#1827 = CARTESIAN_POINT ( 'NONE',  ( 271.2499999999989200, 49.00442571243651457, -69.00000000000127898 ) ) ;
#1828 = EDGE_LOOP ( 'NONE', ( #1814, #1789 ) ) ;
#1829 = EDGE_LOOP ( 'NONE', ( #1524, #906 ) ) ;
#1830 = CARTESIAN_POINT ( 'NONE',  ( 170.2522128562193586, 59.00442571243439716, -28.49778714378229694 ) ) ;
#1831 = CARTESIAN_POINT ( 'NONE',  ( 317.2499999999991473, 26.00221285621877243, -22.99778714378311761 ) ) ;
#1832 = LINE ( 'NONE', #1423, #2068 ) ;
#1833 = DIRECTION ( 'NONE',  ( 0.000000000000000000, -0.000000000000000000, 1.000000000000000000 ) ) ;
#1834 =( GEOMETRIC_REPRESENTATION_CONTEXT ( 3 ) GLOBAL_UNCERTAINTY_ASSIGNED_CONTEXT ( ( #890 ) ) GLOBAL_UNIT_ASSIGNED_CONTEXT ( ( #858, #1645, #28 ) ) REPRESENTATION_CONTEXT ( 'NONE', 'WORKASPACE' ) );
#1835 = FACE_OUTER_BOUND ( 'NONE', #1877, .T. ) ;
#1836 = AXIS2_PLACEMENT_3D ( 'NONE', #536, #1319, #348 ) ;
#1837 = CONTEXT_DEPENDENT_SHAPE_REPRESENTATION ( #564, #2320 ) ;
#1838 = ADVANCED_FACE ( 'NONE', ( #1507 ), #1706, .T. ) ;
#1839 = DIRECTION ( 'NONE',  ( 1.882846976416524415E-16, -3.491481338843133355E-15, -1.000000000000000000 ) ) ;
#1840 = VERTEX_POINT ( 'NONE', #143 ) ;
#1841 = CARTESIAN_POINT ( 'NONE',  ( -67.26276543476359393, 20.50221285621033118, -69.00002500000289274 ) ) ;
#1842 = CARTESIAN_POINT ( 'NONE',  ( 129.7499999999996021, 56.00442571243410583, -69.00000000000139266 ) ) ;
#1843 = DIRECTION ( 'NONE',  ( 0.000000000000000000, 0.000000000000000000, 1.000000000000000000 ) ) ;
#1844 = CARTESIAN_POINT ( 'NONE',  ( 311.7522128562168859, 8.673617379884035472E-16, -28.49778714378300748 ) ) ;
#1845 = CARTESIAN_POINT ( 'NONE',  ( -67.26276543476359393, 26.00221285621154266, -19.99778714378308564 ) ) ;
#1846 =( NAMED_UNIT ( * ) SI_UNIT ( $, .STERADIAN. ) SOLID_ANGLE_UNIT ( ) );
#1847 = EDGE_LOOP ( 'NONE', ( #286, #1070, #1232, #2 ) ) ;
#1848 = DIRECTION ( 'NONE',  ( -0.7071067811865473507, -4.912314318911466175E-15, -0.7071067811865477948 ) ) ;
#1849 = DIRECTION ( 'NONE',  ( -0.7071067811865534569, -4.945665365544571788E-15, -0.7071067811865416886 ) ) ;
#1850 = PRODUCT_DEFINITION_FORMATION_WITH_SPECIFIED_SOURCE ( 'ANY', '', #1807, .NOT_KNOWN. ) ;
#1851 = DIRECTION ( 'NONE',  ( -0.000000000000000000, -0.000000000000000000, 1.000000000000000000 ) ) ;
#1852 = CARTESIAN_POINT ( 'NONE',  ( 315.4174042854050413, 3.694174864051587459, -25.72788275174304928 ) ) ;
#1853 = CARTESIAN_POINT ( 'NONE',  ( 144.2500000000004263, 33.00221285621778833, -19.99778714378217614 ) ) ;
#1854 =( NAMED_UNIT ( * ) SI_UNIT ( $, .STERADIAN. ) SOLID_ANGLE_UNIT ( ) );
#1855 = VECTOR ( 'NONE', #1210, 1000.000000000000000 ) ;
#1856 = AXIS2_PLACEMENT_3D ( 'NONE', #1576, #1200, #2414 ) ;
#1857 = ORIENTED_EDGE ( 'NONE', *, *, #1471, .T. ) ;
#1858 = AXIS2_PLACEMENT_3D ( 'NONE', #2489, #1726, #770 ) ;
#1859 = UNCERTAINTY_MEASURE_WITH_UNIT (LENGTH_MEASURE( 1.000000000000000082E-05 ), #2097, 'distance_accuracy_value', 'NONE');
#1860 = DIRECTION ( 'NONE',  ( 0.7071067811865480168, 0.000000000000000000, -0.7071067811865470176 ) ) ;
#1861 = DIRECTION ( 'NONE',  ( -1.126435722581393873E-17, -3.491481338843133355E-15, -1.000000000000000000 ) ) ;
#1862 = AXIS2_PLACEMENT_3D ( 'NONE', #493, #1273, #1808 ) ;
#1863 = PLANE ( 'NONE',  #1930 ) ;
#1864 = CARTESIAN_POINT ( 'NONE',  ( -316.5848085708120152, 48.86127543411256369, -27.05817377980732985 ) ) ;
#1865 = DIRECTION ( 'NONE',  ( -1.126435722581397879E-17, 1.000000000000000000, -3.491481338843133355E-15 ) ) ;
#1866 = VECTOR ( 'NONE', #2110, 1000.000000000000000 ) ;
#1867 = ORIENTED_EDGE ( 'NONE', *, *, #322, .T. ) ;
#1868 = AXIS2_PLACEMENT_3D ( 'NONE', #371, #963, #1742 ) ;
#1869 = CARTESIAN_POINT ( 'NONE',  ( -71.71876416784984087, 31.50221285621275413, -69.00002500000289274 ) ) ;
#1870 = FACE_OUTER_BOUND ( 'NONE', #845, .T. ) ;
#1871 = ADVANCED_FACE ( 'NONE', ( #1719 ), #1323, .F. ) ;
#1872 = EDGE_CURVE ( 'NONE', #29, #497, #1916, .T. ) ;
#1873 = DIRECTION ( 'NONE',  ( 0.000000000000000000, 1.000000000000000000, -3.784851220312199333E-15 ) ) ;
#1874 = DIRECTION ( 'NONE',  ( 0.000000000000000000, 0.000000000000000000, 1.000000000000000000 ) ) ;
#1875 = DIRECTION ( 'NONE',  ( -1.000000000000000000, 0.000000000000000000, 0.000000000000000000 ) ) ;
#1876 = DIRECTION ( 'NONE',  ( 0.000000000000000000, 1.000000000000000000, -3.784851220313302949E-15 ) ) ;
#1877 = EDGE_LOOP ( 'NONE', ( #25, #1537, #1221, #413 ) ) ;
#1878 = CARTESIAN_POINT ( 'NONE',  ( 172.0848085708134079, 58.78319346411510082, -26.27293012672840433 ) ) ;
#1879 = CARTESIAN_POINT ( 'NONE',  ( -297.4560064238537507, 15.50000000000000000, -28.49778714378211220 ) ) ;
#1880 = ADVANCED_FACE ( 'NONE', ( #940 ), #419, .F. ) ;
#1881 = ADVANCED_FACE ( 'NONE', ( #1392 ), #1338, .T. ) ;
#1882 = CARTESIAN_POINT ( 'NONE',  ( -137.7499999999996021, 50.50442571243440426, -28.49778714378223299 ) ) ;
#1883 = PRODUCT_DEFINITION_FORMATION_WITH_SPECIFIED_SOURCE ( 'ANY', '', #2399, .NOT_KNOWN. ) ;
#1884 = FACE_BOUND ( 'NONE', #1385, .T. ) ;
#1885 = LINE ( 'NONE', #1350, #2268 ) ;
#1886 = AXIS2_PLACEMENT_3D ( 'NONE', #1124, #1312, #2093 ) ;
#1887 = CARTESIAN_POINT ( 'NONE',  ( -122.7499999999999147, 33.00221285621688594, -22.99778714378217259 ) ) ;
#1888 = ORIENTED_EDGE ( 'NONE', *, *, #2321, .T. ) ;
#1889 = ORIENTED_EDGE ( 'NONE', *, *, #1068, .F. ) ;
#1890 = EDGE_LOOP ( 'NONE', ( #1269, #13, #1966, #534 ) ) ;
#1891 = CARTESIAN_POINT ( 'NONE',  ( 175.7500000000000853, 15.50000000000000000, -28.49778714378211930 ) ) ;
#1892 = AXIS2_PLACEMENT_3D ( 'NONE', #2475, #899, #1503 ) ;
#1893 = CARTESIAN_POINT ( 'NONE',  ( -171.6250000000002842, 0.000000000000000000, -171.6250000000005400 ) ) ;
#1894 = CARTESIAN_POINT ( 'NONE',  ( 311.7522128562168859, 0.000000000000000000, -28.49778714378301103 ) ) ;
#1895 = ADVANCED_FACE ( 'NONE', ( #1884, #1969, #18, #1984, #32, #265, #1404 ), #238, .F. ) ;
#1896 = ADVANCED_BREP_SHAPE_REPRESENTATION ( '', ( #2476, #1824 ), #2065 ) ;
#1897 = CIRCLE ( 'NONE', #305, 5.500000000001212364 ) ;
#1898 = EDGE_LOOP ( 'NONE', ( #2311, #2406, #1673, #558 ) ) ;
#1899 = VECTOR ( 'NONE', #850, 1000.000000000000000 ) ;
#1900 = DIRECTION ( 'NONE',  ( -0.7071067811865492381, 0.000000000000000000, -0.7071067811865457964 ) ) ;
#1901 = DIRECTION ( 'NONE',  ( -1.000000000000000000, 3.590114524211989337E-17, -3.406682500411840035E-16 ) ) ;
#1902 = FACE_OUTER_BOUND ( 'NONE', #175, .T. ) ;
#1903 = EDGE_CURVE ( 'NONE', #2315, #578, #2376, .T. ) ;
#1904 = VERTEX_POINT ( 'NONE', #2393 ) ;
#1905 = APPLICATION_CONTEXT ( 'automotive_design' ) ;
#1906 = EDGE_LOOP ( 'NONE', ( #860, #1552 ) ) ;
#1907 = ORIENTED_EDGE ( 'NONE', *, *, #848, .F. ) ;
#1908 = EDGE_CURVE ( 'NONE', #261, #273, #1321, .T. ) ;
#1909 = CYLINDRICAL_SURFACE ( 'NONE', #720, 8.500000000000000000 ) ;
#1910 = DIRECTION ( 'NONE',  ( 0.000000000000000000, -1.000000000000000000, 0.000000000000000000 ) ) ;
#1911 = DIRECTION ( 'NONE',  ( -1.000000000000000000, 0.000000000000000000, 0.000000000000000000 ) ) ;
#1912 = AXIS2_PLACEMENT_3D ( 'NONE', #1979, #1036, #2218 ) ;
#1913 = AXIS2_PLACEMENT_3D ( 'NONE', #1139, #2165, #1923 ) ;
#1914 = VECTOR ( 'NONE', #1043, 1000.000000000000000 ) ;
#1915 = EDGE_LOOP ( 'NONE', ( #1771, #944 ) ) ;
#1916 = LINE ( 'NONE', #1107, #17 ) ;
#1917 = CARTESIAN_POINT ( 'NONE',  ( 271.2499999999989200, 49.00442571243651457, -69.00000000000127898 ) ) ;
#1918 = DIRECTION ( 'NONE',  ( 1.000000000000000000, 0.000000000000000000, 1.882846976416524661E-16 ) ) ;
#1919 = ORIENTED_EDGE ( 'NONE', *, *, #807, .T. ) ;
#1920 = ORIENTED_EDGE ( 'NONE', *, *, #1764, .T. ) ;
#1921 = ORIENTED_EDGE ( 'NONE', *, *, #391, .T. ) ;
#1922 = EDGE_CURVE ( 'NONE', #1001, #497, #1052, .T. ) ;
#1923 = DIRECTION ( 'NONE',  ( 0.000000000000000000, 1.000000000000000000, -3.469446951953764467E-15 ) ) ;
#1924 = DIRECTION ( 'NONE',  ( -0.000000000000000000, -0.000000000000000000, 1.000000000000000000 ) ) ;
#1925 = ORIENTED_EDGE ( 'NONE', *, *, #1109, .F. ) ;
#1926 = CARTESIAN_POINT ( 'NONE',  ( -62.75000000000030553, 33.00221285621778122, -19.99778714378217614 ) ) ;
#1927 = CARTESIAN_POINT ( 'NONE',  ( 170.2522128562193302, 56.00442571243439716, -28.49778714378227207 ) ) ;
#1928 = EDGE_CURVE ( 'NONE', #1331, #1026, #1447, .T. ) ;
#1929 = VERTEX_POINT ( 'NONE', #1262 ) ;
#1930 = AXIS2_PLACEMENT_3D ( 'NONE', #721, #1086, #1480 ) ;
#1931 = CARTESIAN_POINT ( 'NONE',  ( -137.7499999999996021, 56.00442571243414136, -64.00000000000139266 ) ) ;
#1932 = ORIENTED_EDGE ( 'NONE', *, *, #618, .T. ) ;
#1933 = SURFACE_STYLE_USAGE ( .BOTH. , #1332 ) ;
#1934 = EDGE_CURVE ( 'NONE', #1126, #1314, #1941, .T. ) ;
#1935 = CARTESIAN_POINT ( 'NONE',  ( -320.2500000000001705, 43.50442571243683432, -22.99778714378329525 ) ) ;
#1936 = DIRECTION ( 'NONE',  ( 1.000000000000000000, 0.000000000000000000, 1.882846976416524661E-16 ) ) ;
#1937 = ORIENTED_EDGE ( 'NONE', *, *, #2258, .F. ) ;
#1938 = ORIENTED_EDGE ( 'NONE', *, *, #643, .T. ) ;
#1939 = AXIS2_PLACEMENT_3D ( 'NONE', #1306, #1700, #2067 ) ;
#1940 = AXIS2_PLACEMENT_3D ( 'NONE', #941, #1720, #2504 ) ;
#1941 = B_SPLINE_CURVE_WITH_KNOTS ( 'NONE', 3,
 ( #642, #1818, #2236, #1421, #1628, #1999 ),
 .UNSPECIFIED., .F., .F.,
 ( 4, 2, 4 ),
 ( 0.000000000000000000, 0.5000000000000000000, 1.000000000000000000 ),
 .UNSPECIFIED. ) ;
#1942 = CIRCLE ( 'NONE', #1246, 5.499999999999609201 ) ;
#1943 = EDGE_CURVE ( 'NONE', #2162, #578, #543, .T. ) ;
#1944 = PLANE ( 'NONE',  #2141 ) ;
#1945 = DIRECTION ( 'NONE',  ( 3.406682500411838062E-16, -6.982962677686266711E-15, -1.000000000000000000 ) ) ;
#1946 = EDGE_CURVE ( 'NONE', #2004, #2286, #2210, .T. ) ;
#1947 = ORIENTED_EDGE ( 'NONE', *, *, #1715, .T. ) ;
#1948 = ORIENTED_EDGE ( 'NONE', *, *, #457, .T. ) ;
#1949 = VERTEX_POINT ( 'NONE', #50 ) ;
#1950 = CARTESIAN_POINT ( 'NONE',  ( -1.464864967414387289E-16, 59.00442571243439005, -28.49778714378230049 ) ) ;
#1951 = CARTESIAN_POINT ( 'NONE',  ( 8.450760559653208443E-17, 15.50000000000001421, -22.99778714378211575 ) ) ;
#1952 = CARTESIAN_POINT ( 'NONE',  ( -320.2500000000001705, 43.50442571243682011, -28.49778714378329880 ) ) ;
#1953 = ORIENTED_EDGE ( 'NONE', *, *, #1114, .F. ) ;
#1954 = ORIENTED_EDGE ( 'NONE', *, *, #42, .F. ) ;
#1955 = COLOUR_RGB ( '',1.000000000000000000, 1.000000000000000000, 1.000000000000000000 ) ;
#1956 = EDGE_CURVE ( 'NONE', #261, #1929, #836, .T. ) ;
#1957 = EDGE_CURVE ( 'NONE', #2461, #1256, #1202, .T. ) ;
#1958 = FACE_OUTER_BOUND ( 'NONE', #1847, .T. ) ;
#1959 = FACE_OUTER_BOUND ( 'NONE', #2506, .T. ) ;
#1960 = DIRECTION ( 'NONE',  ( 0.000000000000000000, -6.938893903907300164E-15, -1.000000000000000000 ) ) ;
#1961 = ORIENTED_EDGE ( 'NONE', *, *, #1045, .F. ) ;
#1962 = ORIENTED_EDGE ( 'NONE', *, *, #2037, .T. ) ;
#1963 = PRESENTATION_STYLE_ASSIGNMENT (( #2148 ) ) ;
#1964 = CARTESIAN_POINT ( 'NONE',  ( 175.7500000000000853, 10.19669914110090758, -23.19448628488299491 ) ) ;
#1965 = CARTESIAN_POINT ( 'NONE',  ( -62.75000000000030553, 38.50221285621739042, -22.99778714378219746 ) ) ;
#1966 = ORIENTED_EDGE ( 'NONE', *, *, #1508, .F. ) ;
#1967 = ORIENTED_EDGE ( 'NONE', *, *, #1095, .T. ) ;
#1968 = ORIENTED_EDGE ( 'NONE', *, *, #505, .T. ) ;
#1969 = FACE_BOUND ( 'NONE', #907, .T. ) ;
#1970 = CARTESIAN_POINT ( 'NONE',  ( 170.2522128562176533, 10.00000000000000000, -28.49778714378212285 ) ) ;
#1971 = ADVANCED_FACE ( 'NONE', ( #65 ), #276, .F. ) ;
#1972 = PLANE ( 'NONE',  #225 ) ;
#1973 = CARTESIAN_POINT ( 'NONE',  ( -315.6686091558582348, 5.142680598501812002E-15, -27.38502020850560115 ) ) ;
#1974 = CARTESIAN_POINT ( 'NONE',  ( -320.2500000000001137, 4.610912703474004282, -24.60869984725710324 ) ) ;
#1975 = ORIENTED_EDGE ( 'NONE', *, *, #1522, .T. ) ;
#1976 = EDGE_LOOP ( 'NONE', ( #1961, #2285, #2314, #2343 ) ) ;
#1977 = PRODUCT_DEFINITION_FORMATION_WITH_SPECIFIED_SOURCE ( 'ANY', '', #224, .NOT_KNOWN. ) ;
#1978 = CARTESIAN_POINT ( 'NONE',  ( -62.75000000000030553, 27.50221285621815781, -22.99778714378215483 ) ) ;
#1979 = CARTESIAN_POINT ( 'NONE',  ( 317.2499999999991473, 8.500000000000000000, -28.49778714378300748 ) ) ;
#1980 = ORIENTED_EDGE ( 'NONE', *, *, #108, .T. ) ;
#1981 = ORIENTED_EDGE ( 'NONE', *, *, #857, .T. ) ;
#1982 = VERTEX_POINT ( 'NONE', #80 ) ;
#1983 = EDGE_CURVE ( 'NONE', #1026, #2127, #1224, .T. ) ;
#1984 = FACE_BOUND ( 'NONE', #559, .T. ) ;
#1985 = CIRCLE ( 'NONE', #339, 5.499999999999609201 ) ;
#1986 = CARTESIAN_POINT ( 'NONE',  ( 170.2522128562176533, 10.00000000000000000, -28.49778714378212285 ) ) ;
#1987 = DIRECTION ( 'NONE',  ( 1.882846976416524415E-16, -3.491481338843133355E-15, -1.000000000000000000 ) ) ;
#1988 = DIRECTION ( 'NONE',  ( 1.000000000000000000, -3.590114524212098422E-17, 1.882846976416525647E-16 ) ) ;
#1989 = AXIS2_PLACEMENT_3D ( 'NONE', #998, #2367, #984 ) ;
#1990 = CARTESIAN_POINT ( 'NONE',  ( 317.2499999999991473, 49.51483335252247997, -22.48737950369755723 ) ) ;
#1991 = ORIENTED_EDGE ( 'NONE', *, *, #1109, .T. ) ;
#1992 = ORIENTED_EDGE ( 'NONE', *, *, #777, .T. ) ;
#1993 = CIRCLE ( 'NONE', #886, 8.500000000000000000 ) ;
#1994 = EDGE_CURVE ( 'NONE', #26, #396, #1654, .T. ) ;
#1995 = LINE ( 'NONE', #234, #1219 ) ;
#1996 = DIRECTION ( 'NONE',  ( -1.126435722581393873E-17, -3.491481338843133355E-15, -1.000000000000000000 ) ) ;
#1997 = ORIENTED_EDGE ( 'NONE', *, *, #255, .F. ) ;
#1998 = ORIENTED_EDGE ( 'NONE', *, *, #274, .F. ) ;
#1999 = CARTESIAN_POINT ( 'NONE',  ( 311.7522128562168859, 0.000000000000000000, -28.49778714378301103 ) ) ;
#2000 = LINE ( 'NONE', #791, #802 ) ;
#2001 = VECTOR ( 'NONE', #1661, 1000.000000000000000 ) ;
#2002 = CARTESIAN_POINT ( 'NONE',  ( -9.237271453225972176E-16, 59.00442571243411294, -69.00000000000140687 ) ) ;
#2003 = CARTESIAN_POINT ( 'NONE',  ( 187.2919641127279817, 30.99753937703853879, -22.99778714378315669 ) ) ;
#2004 = VERTEX_POINT ( 'NONE', #1248 ) ;
#2005 = EDGE_CURVE ( 'NONE', #2383, #2375, #746, .T. ) ;
#2006 = SURFACE_STYLE_FILL_AREA ( #649 ) ;
#2007 = FACE_BOUND ( 'NONE', #249, .T. ) ;
#2008 = DIRECTION ( 'NONE',  ( 0.000000000000000000, 1.000000000000000000, -3.469446951953766045E-15 ) ) ;
#2009 = ORIENTED_EDGE ( 'NONE', *, *, #1903, .T. ) ;
#2010 = EDGE_CURVE ( 'NONE', #2520, #1003, #2224, .T. ) ;
#2011 = ORIENTED_EDGE ( 'NONE', *, *, #2010, .T. ) ;
#2012 = DIRECTION ( 'NONE',  ( -1.000000000000000000, -0.000000000000000000, -0.000000000000000000 ) ) ;
#2013 = CARTESIAN_POINT ( 'NONE',  ( 317.2499999999991473, 43.50442571243681300, -22.99778714378317801 ) ) ;
#2014 = B_SPLINE_SURFACE_WITH_KNOTS ( 'NONE', 1, 3, ( 
 ( #408, #1571, #806, #197, #1170, #21 ),
 ( #612, #1393, #823, #421, #1197, #1986 ) ),
 .UNSPECIFIED., .F., .F., .F.,
 ( 2, 2 ),
 ( 4, 2, 4 ),
 ( 0.000000000000000000, 1.000000000000000000 ),
 ( 0.000000000000000000, 0.5000000000000000000, 1.000000000000000000 ),
 .UNSPECIFIED. ) ;
#2015 = SHAPE_REPRESENTATION ( 'STAND ASSEMBLY', ( #377, #1614, #387, #707 ), #2256 ) ;
#2016 = CYLINDRICAL_SURFACE ( 'NONE', #435, 8.500000000000000000 ) ;
#2017 = CARTESIAN_POINT ( 'NONE',  ( -62.75000000000030553, 27.50221285621816492, -19.99778714378215483 ) ) ;
#2018 = FACE_OUTER_BOUND ( 'NONE', #1976, .T. ) ;
#2019 = EDGE_CURVE ( 'NONE', #2298, #1195, #2510, .T. ) ;
#2020 = FACE_BOUND ( 'NONE', #1828, .T. ) ;
#2021 = PRESENTATION_STYLE_ASSIGNMENT (( #1231 ) ) ;
#2022 = ORIENTED_EDGE ( 'NONE', *, *, #1610, .T. ) ;
#2023 = ORIENTED_EDGE ( 'NONE', *, *, #981, .T. ) ;
#2024 = CARTESIAN_POINT ( 'NONE',  ( 69.25000000000025580, 38.50221285621739753, -19.99778714378219746 ) ) ;
#2025 = CARTESIAN_POINT ( 'NONE',  ( 312.6686091558572684, 52.00442571243679879, -27.38502020850571128 ) ) ;
#2026 = AXIS2_PLACEMENT_3D ( 'NONE', #2261, #530, #2481 ) ;
#2027 = EDGE_CURVE ( 'NONE', #1361, #1314, #2460, .T. ) ;
#2028 = FACE_OUTER_BOUND ( 'NONE', #113, .T. ) ;
#2029 = CARTESIAN_POINT ( 'NONE',  ( 173.9174042854075140, 57.93161001344562067, -24.21702581062963588 ) ) ;
#2030 = LINE ( 'NONE', #74, #2265 ) ;
#2031 = AXIS2_PLACEMENT_3D ( 'NONE', #2529, #2105, #2332 ) ;
#2032 = AXIS2_PLACEMENT_3D ( 'NONE', #448, #280, #1651 ) ;
#2033 = EDGE_CURVE ( 'NONE', #801, #663, #1619, .T. ) ;
#2034 = CARTESIAN_POINT ( 'NONE',  ( 170.2522128562193586, 59.00442571243439716, -28.49778714378229694 ) ) ;
#2035 = VECTOR ( 'NONE', #873, 1000.000000000000000 ) ;
#2036 = EDGE_LOOP ( 'NONE', ( #1716, #2344, #134, #761, #1466, #1992 ) ) ;
#2037 = EDGE_CURVE ( 'NONE', #1126, #1523, #317, .T. ) ;
#2038 = CARTESIAN_POINT ( 'NONE',  ( -137.7499999999996021, 10.00000000000000000, 0.000000000000000000 ) ) ;
#2039 = CARTESIAN_POINT ( 'NONE',  ( -137.7499999999996021, 9.999999999999998224, -28.49778714378211575 ) ) ;
#2040 = DIRECTION ( 'NONE',  ( 1.000000000000000000, 0.000000000000000000, 0.000000000000000000 ) ) ;
#2041 = CARTESIAN_POINT ( 'NONE',  ( 172.0848085708134079, 58.78319346411510082, -26.27293012672840433 ) ) ;
#2042 = AXIS2_PLACEMENT_3D ( 'NONE', #2417, #1996, #1218 ) ;
#2043 = LINE ( 'NONE', #1069, #182 ) ;
#2044 = AXIS2_PLACEMENT_3D ( 'NONE', #1149, #757, #2356 ) ;
#2045 = VECTOR ( 'NONE', #1345, 1000.000000000000000 ) ;
#2046 = CARTESIAN_POINT ( 'NONE',  ( 0.000000000000000000, 0.000000000000000000, 0.000000000000000000 ) ) ;
#2047 = CLOSED_SHELL ( 'NONE', ( #1073, #350, #2174, #1517, #1316, #1234, #1895, #1971, #1881, #250, #2365, #2126, #901, #233, #1335, #2456, #542, #1880, #1647, #451, #1251, #263, #2377, #2415, #1034, #156, #69, #85, #15, #2333, #1629, #128, #539, #1650, #1871, #2247, #702, #2188, #2349, #1184, #1413, #1679, #1300, #1054 ) ) ;
#2048 = ORIENTED_EDGE ( 'NONE', *, *, #1694, .F. ) ;
#2049 = CARTESIAN_POINT ( 'NONE',  ( -62.75000000000030553, 33.00221285621777412, -22.99778714378217614 ) ) ;
#2050 = CARTESIAN_POINT ( 'NONE',  ( 311.7522128562168859, 3.000000000000000888, -28.49778714378301103 ) ) ;
#2051 = FACE_OUTER_BOUND ( 'NONE', #2166, .T. ) ;
#2052 = CARTESIAN_POINT ( 'NONE',  ( -314.7522128562180228, 49.00442571243682011, -28.49778714378333433 ) ) ;
#2053 = CARTESIAN_POINT ( 'NONE',  ( 170.2522128562176533, 9.000000000000001776, -28.49778714378212285 ) ) ;
#2054 = SHAPE_DEFINITION_REPRESENTATION ( #453, #1222 ) ;
#2055 = EDGE_LOOP ( 'NONE', ( #2253, #458, #412, #1730 ) ) ;
#2056 = LINE ( 'NONE', #862, #474 ) ;
#2057 = CARTESIAN_POINT ( 'NONE',  ( 317.2499999999991473, 4.610912703473999841, -24.60869984725698956 ) ) ;
#2058 = AXIS2_PLACEMENT_3D ( 'NONE', #2271, #894, #1873 ) ;
#2059 = DIRECTION ( 'NONE',  ( 1.000000000000000000, -3.590114524212097806E-17, 1.882846976416525647E-16 ) ) ;
#2060 = DIRECTION ( 'NONE',  ( 0.000000000000000000, -1.000000000000000000, 3.784851220313034736E-15 ) ) ;
#2061 = DIRECTION ( 'NONE',  ( -1.000000000000000000, -0.000000000000000000, -1.882846976416524661E-16 ) ) ;
#2062 = ITEM_DEFINED_TRANSFORMATION ( 'NONE', 'NONE', #1614,  #1824 ) ;
#2063 = AXIS2_PLACEMENT_3D ( 'NONE', #1044, #230, #1017 ) ;
#2064 = ORIENTED_EDGE ( 'NONE', *, *, #1760, .F. ) ;
#2065 =( GEOMETRIC_REPRESENTATION_CONTEXT ( 3 ) GLOBAL_UNCERTAINTY_ASSIGNED_CONTEXT ( ( #1270 ) ) GLOBAL_UNIT_ASSIGNED_CONTEXT ( ( #10, #1399, #782 ) ) REPRESENTATION_CONTEXT ( 'NONE', 'WORKASPACE' ) );
#2066 = CARTESIAN_POINT ( 'NONE',  ( 173.9174042854075140, 57.93161001344562067, -24.21702581062963588 ) ) ;
#2067 = DIRECTION ( 'NONE',  ( 0.000000000000000000, 1.000000000000000000, -3.469446951953764467E-15 ) ) ;
#2068 = VECTOR ( 'NONE', #1462, 1000.000000000000000 ) ;
#2069 = CARTESIAN_POINT ( 'NONE',  ( -314.7522128562180228, 52.00442571243682011, -28.49778714378335209 ) ) ;
#2070 = DIRECTION ( 'NONE',  ( 0.000000000000000000, 0.000000000000000000, 1.000000000000000000 ) ) ;
#2071 = DIRECTION ( 'NONE',  ( -1.126435722581393873E-17, -3.491481338843133355E-15, -1.000000000000000000 ) ) ;
#2072 = DIRECTION ( 'NONE',  ( 1.882846976416524415E-16, -3.491481338843133355E-15, -1.000000000000000000 ) ) ;
#2073 = CARTESIAN_POINT ( 'NONE',  ( 314.7719260719617864, 185.4149919324110840, 811.1269594346913436 ) ) ;
#2074 = ADVANCED_FACE ( 'NONE', ( #1870 ), #288, .F. ) ;
#2075 = ORIENTED_EDGE ( 'NONE', *, *, #1293, .F. ) ;
#2076 = AXIS2_PLACEMENT_3D ( 'NONE', #696, #1439, #1057 ) ;
#2077 = LINE ( 'NONE', #331, #278 ) ;
#2078 = CARTESIAN_POINT ( 'NONE',  ( -6.283494858096380603E-16, 8.500000000000090594, -19.99778714378311406 ) ) ;
#2079 = EDGE_CURVE ( 'NONE', #1256, #2461, #1823, .T. ) ;
#2080 = PLANE ( 'NONE',  #169 ) ;
#2081 = CARTESIAN_POINT ( 'NONE',  ( -171.6249999999997726, 49.00442571243581114, -171.6250000000012221 ) ) ;
#2082 = CARTESIAN_POINT ( 'NONE',  ( -314.7522128562179660, 0.000000000000000000, -28.49778714378310696 ) ) ;
#2083 = CARTESIAN_POINT ( 'NONE',  ( 69.25000000000025580, 33.00221285621777412, -22.99778714378217614 ) ) ;
#2084 = VERTEX_POINT ( 'NONE', #881 ) ;
#2085 = ORIENTED_EDGE ( 'NONE', *, *, #42, .T. ) ;
#2086 = CARTESIAN_POINT ( 'NONE',  ( -319.3336037003598449, 1.702747314099511078, -23.27422454951230790 ) ) ;
#2087 = CARTESIAN_POINT ( 'NONE',  ( 68.73723456523642028, 20.50221285621033118, -19.99778714378308564 ) ) ;
#2088 = ORIENTED_EDGE ( 'NONE', *, *, #1235, .F. ) ;
#2089 = DIRECTION ( 'NONE',  ( -0.000000000000000000, -0.000000000000000000, 1.000000000000000000 ) ) ;
#2090 = DIRECTION ( 'NONE',  ( 1.126435722581401884E-17, -1.000000000000000000, 6.982962677686266711E-15 ) ) ;
#2091 = ADVANCED_FACE ( 'NONE', ( #1657 ), #1081, .F. ) ;
#2092 = AXIS2_PLACEMENT_3D ( 'NONE', #1887, #1341, #1876 ) ;
#2093 = DIRECTION ( 'NONE',  ( 0.000000000000000000, -1.000000000000000000, 3.673532066774414791E-15 ) ) ;
#2094 = VERTEX_POINT ( 'NONE', #2246 ) ;
#2095 = ORIENTED_EDGE ( 'NONE', *, *, #967, .F. ) ;
#2096 = VERTEX_POINT ( 'NONE', #2087 ) ;
#2097 =( LENGTH_UNIT ( ) NAMED_UNIT ( * ) SI_UNIT ( .MILLI., .METRE. ) );
#2098 = CARTESIAN_POINT ( 'NONE',  ( 175.7500000000015632, 56.51483335252009965, -22.48737950369661576 ) ) ;
#2099 = FACE_OUTER_BOUND ( 'NONE', #2167, .T. ) ;
#2100 = CIRCLE ( 'NONE', #1575, 5.499999999999994671 ) ;
#2101 = ORIENTED_EDGE ( 'NONE', *, *, #1908, .F. ) ;
#2102 = VECTOR ( 'NONE', #1261, 1000.000000000000000 ) ;
#2103 = CIRCLE ( 'NONE', #2442, 5.499999999999998224 ) ;
#2104 = CARTESIAN_POINT ( 'NONE',  ( 5.648540929249537005E-16, 20.50221285621033118, -22.99778714378315314 ) ) ;
#2105 = DIRECTION ( 'NONE',  ( -1.126435722581393873E-17, -3.491481338843133355E-15, -1.000000000000000000 ) ) ;
#2106 = DIRECTION ( 'NONE',  ( -1.126435722581393873E-17, -3.491481338843133355E-15, -1.000000000000000000 ) ) ;
#2107 = ORIENTED_EDGE ( 'NONE', *, *, #1068, .T. ) ;
#2108 = ORIENTED_EDGE ( 'NONE', *, *, #1934, .T. ) ;
#2109 = EDGE_LOOP ( 'NONE', ( #1605, #2508, #1137, #221 ) ) ;
#2110 = DIRECTION ( 'NONE',  ( 1.000000000000000000, -3.590114524212098422E-17, 1.882846976416525647E-16 ) ) ;
#2111 = CARTESIAN_POINT ( 'NONE',  ( -137.7499999999996021, 56.00442571243439005, -28.49778714378228273 ) ) ;
#2112 = CARTESIAN_POINT ( 'NONE',  ( -61.76276543476237890, 26.00221285621154266, -22.99778714378318512 ) ) ;
#2113 = EDGE_LOOP ( 'NONE', ( #800, #1738, #248, #980 ) ) ;
#2114 = CIRCLE ( 'NONE', #2488, 5.500000000001212364 ) ;
#2115 = ADVANCED_FACE ( 'NONE', ( #701 ), #2491, .F. ) ;
#2116 = CARTESIAN_POINT ( 'NONE',  ( 144.2500000000004263, 38.50221285621738332, -22.99778714378220101 ) ) ;
#2117 = DIRECTION ( 'NONE',  ( 0.000000000000000000, 1.000000000000000000, -3.784851220313302949E-15 ) ) ;
#2118 = DIRECTION ( 'NONE',  ( 1.882846976416524415E-16, -3.491481338843133355E-15, -1.000000000000000000 ) ) ;
#2119 = EDGE_LOOP ( 'NONE', ( #1954, #1336, #2207, #1302 ) ) ;
#2120 = DIRECTION ( 'NONE',  ( 1.882846976416524415E-16, -3.491481338843133355E-15, -1.000000000000000000 ) ) ;
#2121 = ORIENTED_EDGE ( 'NONE', *, *, #391, .F. ) ;
#2122 = LINE ( 'NONE', #1950, #958 ) ;
#2123 = PLANE ( 'NONE',  #2044 ) ;
#2124 = LINE ( 'NONE', #2341, #2184 ) ;
#2125 = ORIENTED_EDGE ( 'NONE', *, *, #1164, .F. ) ;
#2126 = ADVANCED_FACE ( 'NONE', ( #684 ), #732, .F. ) ;
#2127 = VERTEX_POINT ( 'NONE', #297 ) ;
#2128 = EDGE_CURVE ( 'NONE', #1389, #78, #1985, .T. ) ;
#2129 = PLANE ( 'NONE',  #1622 ) ;
#2130 = FACE_OUTER_BOUND ( 'NONE', #184, .T. ) ;
#2131 = ORIENTED_EDGE ( 'NONE', *, *, #864, .T. ) ;
#2132 = EDGE_LOOP ( 'NONE', ( #417, #565, #547, #1201 ) ) ;
#2133 = EDGE_LOOP ( 'NONE', ( #1119, #1740, #1625, #1208 ) ) ;
#2134 = CARTESIAN_POINT ( 'NONE',  ( -316.5848085708120152, 51.78319346411752377, -26.27293012672952699 ) ) ;
#2135 = ADVANCED_FACE ( 'NONE', ( #332 ), #924, .F. ) ;
#2136 = DIRECTION ( 'NONE',  ( -1.126435722581393873E-17, -3.491481338843133355E-15, -1.000000000000000000 ) ) ;
#2137 = CARTESIAN_POINT ( 'NONE',  ( -71.71876416784984087, 31.50221285621275413, -69.00002500000289274 ) ) ;
#2138 = EDGE_CURVE ( 'NONE', #2191, #1949, #2264, .T. ) ;
#2139 = ORIENTED_EDGE ( 'NONE', *, *, #765, .T. ) ;
#2140 = VERTEX_POINT ( 'NONE', #2255 ) ;
#2141 = AXIS2_PLACEMENT_3D ( 'NONE', #930, #2283, #914 ) ;
#2142 = ADVANCED_BREP_SHAPE_REPRESENTATION ( '', ( #2422, #1824 ), #1621 ) ;
#2143 = DIRECTION ( 'NONE',  ( -3.860518867321550031E-14, -1.000000000000000000, 3.491481338843133750E-15 ) ) ;
#2144 = CARTESIAN_POINT ( 'NONE',  ( -71.71876416784984087, 20.50221285621033118, -19.99778714378308564 ) ) ;
#2145 = DIRECTION ( 'NONE',  ( 1.126435722581401884E-17, -1.000000000000000000, 6.982962677686266711E-15 ) ) ;
#2146 = ORIENTED_EDGE ( 'NONE', *, *, #2079, .T. ) ;
#2147 = EDGE_LOOP ( 'NONE', ( #1112, #1141, #1315, #2195 ) ) ;
#2148 = SURFACE_STYLE_USAGE ( .BOTH. , #2355 ) ;
#2149 = CARTESIAN_POINT ( 'NONE',  ( 64.28123583215017334, 26.00221285621154266, -69.00002500000289274 ) ) ;
#2150 = DIRECTION ( 'NONE',  ( -0.7071067811865534569, -4.945665365544571788E-15, -0.7071067811865416886 ) ) ;
#2151 = VERTEX_POINT ( 'NONE', #537 ) ;
#2152 = VERTEX_POINT ( 'NONE', #1488 ) ;
#2153 = VERTEX_POINT ( 'NONE', #500 ) ;
#2154 = EDGE_CURVE ( 'NONE', #1432, #1443, #2463, .T. ) ;
#2155 = VECTOR ( 'NONE', #2524, 1000.000000000000000 ) ;
#2156 = CIRCLE ( 'NONE', #1868, 4.999999999999948486 ) ;
#2157 = AXIS2_PLACEMENT_3D ( 'NONE', #1551, #2120, #2323 ) ;
#2158 = LINE ( 'NONE', #2348, #102 ) ;
#2159 = DIRECTION ( 'NONE',  ( -1.126435722581630377E-17, -3.552713678800500929E-15, -1.000000000000000000 ) ) ;
#2160 = CARTESIAN_POINT ( 'NONE',  ( 5.648540929249609975E-16, 31.50221285621275413, -22.99778714378319577 ) ) ;
#2161 = PLANE ( 'NONE',  #955 ) ;
#2162 = VERTEX_POINT ( 'NONE', #514 ) ;
#2163 = ORIENTED_EDGE ( 'NONE', *, *, #2528, .T. ) ;
#2164 = EDGE_CURVE ( 'NONE', #607, #403, #1291, .T. ) ;
#2165 = DIRECTION ( 'NONE',  ( 1.882846976416524415E-16, -3.491481338843133355E-15, -1.000000000000000000 ) ) ;
#2166 = EDGE_LOOP ( 'NONE', ( #2496, #1799, #846, #1038, #1384 ) ) ;
#2167 = EDGE_LOOP ( 'NONE', ( #532, #2011, #872, #594 ) ) ;
#2168 = ORIENTED_EDGE ( 'NONE', *, *, #2416, .T. ) ;
#2169 = DIRECTION ( 'NONE',  ( 1.882846976416524415E-16, -3.491481338843133355E-15, -1.000000000000000000 ) ) ;
#2170 = CARTESIAN_POINT ( 'NONE',  ( 172.0848085708116457, 10.14315027832426352, -27.05817377980607219 ) ) ;
#2171 = ADVANCED_FACE ( 'NONE', ( #125 ), #910, .T. ) ;
#2172 = CARTESIAN_POINT ( 'NONE',  ( -190.2919641127279817, 31.06003937703940920, -22.99778714378323130 ) ) ;
#2173 = LINE ( 'NONE', #1173, #1023 ) ;
#2174 = ADVANCED_FACE ( 'NONE', ( #772 ), #1320, .F. ) ;
#2175 = DIRECTION ( 'NONE',  ( 1.882846976416524415E-16, -3.491481338843133355E-15, -1.000000000000000000 ) ) ;
#2176 = EDGE_LOOP ( 'NONE', ( #14, #2085, #1981, #1695 ) ) ;
#2177 = EDGE_LOOP ( 'NONE', ( #2292, #533, #1398, #2168 ) ) ;
#2178 =( LENGTH_UNIT ( ) NAMED_UNIT ( * ) SI_UNIT ( .MILLI., .METRE. ) );
#2179 = CARTESIAN_POINT ( 'NONE',  ( 170.2522128562193870, 58.00442571243439716, -28.49778714378227917 ) ) ;
#2180 = PLANE ( 'NONE',  #1467 ) ;
#2181 = ORIENTED_EDGE ( 'NONE', *, *, #1983, .F. ) ;
#2182 = ORIENTED_EDGE ( 'NONE', *, *, #967, .T. ) ;
#2183 = CARTESIAN_POINT ( 'NONE',  ( -190.2919641127279817, 31.06003937703941986, -19.99778714378322775 ) ) ;
#2184 = VECTOR ( 'NONE', #1178, 1000.000000000000000 ) ;
#2185 = AXIS2_PLACEMENT_3D ( 'NONE', #54, #2352, #1408 ) ;
#2186 = FACE_OUTER_BOUND ( 'NONE', #1375, .T. ) ;
#2187 = CARTESIAN_POINT ( 'NONE',  ( -319.3336037003598449, 1.702747314099511078, -23.27422454951230790 ) ) ;
#2188 = ADVANCED_FACE ( 'NONE', ( #1166 ), #964, .F. ) ;
#2189 = DIRECTION ( 'NONE',  ( 1.000000000000000000, -3.860518867321550031E-14, -1.126435722567914982E-17 ) ) ;
#2190 = EDGE_LOOP ( 'NONE', ( #1967, #1752, #1962, #243 ) ) ;
#2191 = VERTEX_POINT ( 'NONE', #1714 ) ;
#2192 = VECTOR ( 'NONE', #83, 1000.000000000000000 ) ;
#2193 = CARTESIAN_POINT ( 'NONE',  ( 316.3337021427021227, 47.90259334562680493, -25.11778018392116962 ) ) ;
#2194 = FACE_OUTER_BOUND ( 'NONE', #1898, .T. ) ;
#2195 = ORIENTED_EDGE ( 'NONE', *, *, #1775, .F. ) ;
#2196 = ORIENTED_EDGE ( 'NONE', *, *, #1548, .T. ) ;
#2197 = DIRECTION ( 'NONE',  ( -0.000000000000000000, -0.000000000000000000, 1.000000000000000000 ) ) ;
#2198 = DIRECTION ( 'NONE',  ( 1.882846976416524415E-16, -3.491481338843133355E-15, -1.000000000000000000 ) ) ;
#2199 = EDGE_CURVE ( 'NONE', #207, #380, #2124, .T. ) ;
#2200 = CARTESIAN_POINT ( 'NONE',  ( -137.7499999999996021, 15.50000000000000000, -28.49778714378211575 ) ) ;
#2201 = VECTOR ( 'NONE', #1797, 1000.000000000000000 ) ;
#2202 = CARTESIAN_POINT ( 'NONE',  ( -137.7499999999996021, 7.000000000000000000, 0.000000000000000000 ) ) ;
#2203 = CARTESIAN_POINT ( 'NONE',  ( 175.7500000000015916, 50.50442571243443979, -19.99778714378224009 ) ) ;
#2204 = SURFACE_SIDE_STYLE ('',( #619 ) ) ;
#2205 = CARTESIAN_POINT ( 'NONE',  ( 317.2499999999991473, 47.39351300896282027, -24.60869984725718496 ) ) ;
#2206 = DIRECTION ( 'NONE',  ( -3.590114524212230926E-17, -1.000000000000000000, 6.982962677686266711E-15 ) ) ;
#2207 = ORIENTED_EDGE ( 'NONE', *, *, #2464, .T. ) ;
#2208 = ORIENTED_EDGE ( 'NONE', *, *, #1004, .T. ) ;
#2209 = DIRECTION ( 'NONE',  ( 1.000000000000000000, 0.000000000000000000, 0.000000000000000000 ) ) ;
#2210 = LINE ( 'NONE', #1842, #222 ) ;
#2211 = EDGE_CURVE ( 'NONE', #2484, #2469, #1129, .T. ) ;
#2212 = PRODUCT_DEFINITION_CONTEXT ( 'detailed design', #1565, 'design' ) ;
#2213 = EDGE_CURVE ( 'NONE', #1485, #1026, #482, .T. ) ;
#2214 = CARTESIAN_POINT ( 'NONE',  ( 175.7500000000015632, 50.50442571243441137, -28.49778714378224009 ) ) ;
#2215 = FACE_OUTER_BOUND ( 'NONE', #2502, .T. ) ;
#2216 = CYLINDRICAL_SURFACE ( 'NONE', #2063, 6.999999999999666045 ) ;
#2217 =( NAMED_UNIT ( * ) PLANE_ANGLE_UNIT ( ) SI_UNIT ( $, .RADIAN. ) );
#2218 = DIRECTION ( 'NONE',  ( 0.000000000000000000, 0.000000000000000000, -1.000000000000000000 ) ) ;
#2219 = ORIENTED_EDGE ( 'NONE', *, *, #1079, .T. ) ;
#2220 = ORIENTED_EDGE ( 'NONE', *, *, #1872, .T. ) ;
#2221 = ADVANCED_FACE ( 'NONE', ( #180 ), #1756, .T. ) ;
#2222 = ADVANCED_FACE ( 'NONE', ( #2099 ), #1769, .T. ) ;
#2223 = LINE ( 'NONE', #97, #804 ) ;
#2224 = LINE ( 'NONE', #2039, #638 ) ;
#2225 = VECTOR ( 'NONE', #1690, 1000.000000000000000 ) ;
#2226 = AXIS2_PLACEMENT_3D ( 'NONE', #2183, #1790, #1040 ) ;
#2227 = DIRECTION ( 'NONE',  ( 1.126435722581393873E-17, 3.552713678800500929E-15, 1.000000000000000000 ) ) ;
#2228 = CARTESIAN_POINT ( 'NONE',  ( 317.2499999999991473, 2.489592359914360564, -22.48737950369733696 ) ) ;
#2229 = DIRECTION ( 'NONE',  ( 1.000000000000000000, 0.000000000000000000, 0.000000000000000000 ) ) ;
#2230 = APPLICATION_PROTOCOL_DEFINITION ( 'draft international standard', 'automotive_design', 1998, #1349 ) ;
#2231 = AXIS2_PLACEMENT_3D ( 'NONE', #2423, #1263, #875 ) ;
#2232 = DIRECTION ( 'NONE',  ( 1.000000000000000000, 0.000000000000000000, 0.000000000000000000 ) ) ;
#2233 = VECTOR ( 'NONE', #1656, 1000.000000000000000 ) ;
#2234 = ORIENTED_EDGE ( 'NONE', *, *, #1268, .T. ) ;
#2235 = PLANE ( 'NONE',  #1784 ) ;
#2236 = CARTESIAN_POINT ( 'NONE',  ( 315.4174042854050413, 1.072815698988816235, -24.21702581063034643 ) ) ;
#2237 = CARTESIAN_POINT ( 'NONE',  ( 64.28123583215017334, 20.50221285621033118, -22.99778714378315669 ) ) ;
#2238 = CARTESIAN_POINT ( 'NONE',  ( 171.1685737732231587, 56.00442571243440426, -27.77778928042212669 ) ) ;
#2239 = AXIS2_PLACEMENT_3D ( 'NONE', #59, #1454, #2232 ) ;
#2240 = CARTESIAN_POINT ( 'NONE',  ( -1.126435722581393780E-16, 33.00221285621783096, -22.99778714378217614 ) ) ;
#2241 = VECTOR ( 'NONE', #588, 1000.000000000000000 ) ;
#2242 = ORIENTED_EDGE ( 'NONE', *, *, #512, .T. ) ;
#2243 = EDGE_CURVE ( 'NONE', #939, #1443, #575, .T. ) ;
#2244 = UNCERTAINTY_MEASURE_WITH_UNIT (LENGTH_MEASURE( 1.000000000000000082E-05 ), #603, 'distance_accuracy_value', 'NONE');
#2245 = CARTESIAN_POINT ( 'NONE',  ( 175.7500000000000853, 15.50000000000001776, -22.99778714378211575 ) ) ;
#2246 = CARTESIAN_POINT ( 'NONE',  ( -137.7499999999996021, 10.00000000000000000, -64.00000000000000000 ) ) ;
#2247 = ADVANCED_FACE ( 'NONE', ( #2501 ), #1555, .T. ) ;
#2248 = DIRECTION ( 'NONE',  ( -0.7071067811865474617, 0.000000000000000000, -0.7071067811865474617 ) ) ;
#2249 = CARTESIAN_POINT ( 'NONE',  ( 174.8336037003612375, 57.30167839833498533, -23.27422454951151920 ) ) ;
#2250 = CARTESIAN_POINT ( 'NONE',  ( 170.2522128562176533, 7.000000000000000000, -28.49778714378212285 ) ) ;
#2251 = EDGE_CURVE ( 'NONE', #61, #2526, #1292, .T. ) ;
#2252 = CARTESIAN_POINT ( 'NONE',  ( 307.7719260719687782, 384.1834950659608694, 467.8954625682323467 ) ) ;
#2253 = ORIENTED_EDGE ( 'NONE', *, *, #1095, .F. ) ;
#2254 = CARTESIAN_POINT ( 'NONE',  ( 170.1249999999999716, 3.000000000000000000, -170.1249999999999716 ) ) ;
#2255 = CARTESIAN_POINT ( 'NONE',  ( 74.23723456523762820, 26.00221285621154266, -22.99778714378315669 ) ) ;
#2256 =( GEOMETRIC_REPRESENTATION_CONTEXT ( 3 ) GLOBAL_UNCERTAINTY_ASSIGNED_CONTEXT ( ( #1422 ) ) GLOBAL_UNIT_ASSIGNED_CONTEXT ( ( #1267, #2217, #1846 ) ) REPRESENTATION_CONTEXT ( 'NONE', 'WORKASPACE' ) );
#2257 = PLANE ( 'NONE',  #1405 ) ;
#2258 = EDGE_CURVE ( 'NONE', #26, #418, #2302, .T. ) ;
#2259 = PLANE ( 'NONE',  #1339 ) ;
#2260 = FACE_BOUND ( 'NONE', #2310, .T. ) ;
#2261 = CARTESIAN_POINT ( 'NONE',  ( -320.2500000000000568, 8.500000000000000000, -28.49778714378312472 ) ) ;
#2262 = CARTESIAN_POINT ( 'NONE',  ( 0.000000000000000000, 0.000000000000000000, 0.000000000000000000 ) ) ;
#2263 = EDGE_CURVE ( 'NONE', #754, #2428, #2521, .T. ) ;
#2264 = CIRCLE ( 'NONE', #676, 5.500000000001212364 ) ;
#2265 = VECTOR ( 'NONE', #855, 1000.000000000000000 ) ;
#2266 = ORIENTED_EDGE ( 'NONE', *, *, #2391, .T. ) ;
#2267 = AXIS2_PLACEMENT_3D ( 'NONE', #2046, #2438, #2426 ) ;
#2268 = VECTOR ( 'NONE', #132, 1000.000000000000000 ) ;
#2269 = CARTESIAN_POINT ( 'NONE',  ( -320.2500000000001137, 2.489592359914369002, -22.48737950369745064 ) ) ;
#2270 = DIRECTION ( 'NONE',  ( -0.7071067811865492381, 0.000000000000000000, -0.7071067811865457964 ) ) ;
#2271 = CARTESIAN_POINT ( 'NONE',  ( 64.28123583215017334, 26.00221285621154266, -22.99778714378315669 ) ) ;
#2272 = CARTESIAN_POINT ( 'NONE',  ( -8.899340736451551626E-16, 56.00442571243410583, -69.00000000000139266 ) ) ;
#2273 = PLANE ( 'NONE',  #1012 ) ;
#2274 = DIRECTION ( 'NONE',  ( 1.882846976416524415E-16, -3.491481338843133355E-15, -1.000000000000000000 ) ) ;
#2275 = CIRCLE ( 'NONE', #763, 6.999999999999697131 ) ;
#2276 = ORIENTED_EDGE ( 'NONE', *, *, #322, .F. ) ;
#2277 = VERTEX_POINT ( 'NONE', #2112 ) ;
#2278 = CARTESIAN_POINT ( 'NONE',  ( -132.7499999999997158, 7.000000000000000000, -64.00000000000000000 ) ) ;
#2279 = DIRECTION ( 'NONE',  ( -0.000000000000000000, -0.000000000000000000, 1.000000000000000000 ) ) ;
#2280 = DIRECTION ( 'NONE',  ( -0.7071067811865416886, 4.929735158784491953E-15, 0.7071067811865534569 ) ) ;
#2281 = EDGE_CURVE ( 'NONE', #2191, #1604, #1140, .T. ) ;
#2282 = LINE ( 'NONE', #1586, #447 ) ;
#2283 = DIRECTION ( 'NONE',  ( -1.000000000000000000, -1.126435722581393873E-17, 1.126435722581397879E-17 ) ) ;
#2284 = FACE_OUTER_BOUND ( 'NONE', #2109, .T. ) ;
#2285 = ORIENTED_EDGE ( 'NONE', *, *, #627, .F. ) ;
#2286 = VERTEX_POINT ( 'NONE', #166 ) ;
#2287 = ORIENTED_EDGE ( 'NONE', *, *, #301, .T. ) ;
#2288 = B_SPLINE_CURVE_WITH_KNOTS ( 'NONE', 3,
 ( #393, #211, #1212, #778, #1778, #764 ),
 .UNSPECIFIED., .F., .F.,
 ( 4, 2, 4 ),
 ( 0.000000000000000000, 0.5000000000000000000, 1.000000000000000000 ),
 .UNSPECIFIED. ) ;
#2289 = CARTESIAN_POINT ( 'NONE',  ( -314.7522128562180228, 52.00442571243681300, -28.49778714378336275 ) ) ;
#2290 = CYLINDRICAL_SURFACE ( 'NONE', #1836, 5.500000000001212364 ) ;
#2291 = CARTESIAN_POINT ( 'NONE',  ( 311.7522128562168859, 1.999999999999999556, -28.49778714378301103 ) ) ;
#2292 = ORIENTED_EDGE ( 'NONE', *, *, #200, .F. ) ;
#2293 = LINE ( 'NONE', #2362, #2316 ) ;
#2294 = CARTESIAN_POINT ( 'NONE',  ( 175.7500000000000853, 15.50000000000000000, -28.49778714378211930 ) ) ;
#2295 = DIRECTION ( 'NONE',  ( 0.000000000000000000, 0.000000000000000000, -1.000000000000000000 ) ) ;
#2296 = VERTEX_POINT ( 'NONE', #978 ) ;
#2297 = VERTEX_POINT ( 'NONE', #949 ) ;
#2298 = VERTEX_POINT ( 'NONE', #784 ) ;
#2299 = CARTESIAN_POINT ( 'NONE',  ( -315.6686091558582348, 52.00442571243682011, -27.38502020850591734 ) ) ;
#2300 = AXIS2_PLACEMENT_3D ( 'NONE', #1072, #2280, #1849 ) ;
#2301 = CARTESIAN_POINT ( 'NONE',  ( -71.71876416784984087, 20.50221285621033118, -69.00002500000289274 ) ) ;
#2302 = LINE ( 'NONE', #1372, #2155 ) ;
#2303 = VERTEX_POINT ( 'NONE', #1729 ) ;
#2304 = AXIS2_PLACEMENT_3D ( 'NONE', #1670, #2437, #2459 ) ;
#2305 = CARTESIAN_POINT ( 'NONE',  ( 317.2499999999991473, 43.50442571243679168, -28.49778714378317801 ) ) ;
#2306 = CYLINDRICAL_SURFACE ( 'NONE', #506, 5.500000000001212364 ) ;
#2307 = DIRECTION ( 'NONE',  ( 1.000000000000000000, 0.000000000000000000, 0.000000000000000000 ) ) ;
#2308 =( REPRESENTATION_RELATIONSHIP ('NONE','NONE', #2015, #1050 ) REPRESENTATION_RELATIONSHIP_WITH_TRANSFORMATION ( #2062 )SHAPE_REPRESENTATION_RELATIONSHIP( ) );
#2309 = ORIENTED_EDGE ( 'NONE', *, *, #283, .F. ) ;
#2310 = EDGE_LOOP ( 'NONE', ( #1597, #523 ) ) ;
#2311 = ORIENTED_EDGE ( 'NONE', *, *, #779, .F. ) ;
#2312 = LINE ( 'NONE', #1978, #1702 ) ;
#2313 = DIRECTION ( 'NONE',  ( -1.126435722581397879E-17, 1.000000000000000000, -3.491481338843133355E-15 ) ) ;
#2314 = ORIENTED_EDGE ( 'NONE', *, *, #267, .F. ) ;
#2315 = VERTEX_POINT ( 'NONE', #2513 ) ;
#2316 = VECTOR ( 'NONE', #131, 1000.000000000000000 ) ;
#2317 = B_SPLINE_CURVE_WITH_KNOTS ( 'NONE', 1,
 ( #1693, #508 ),
 .UNSPECIFIED., .F., .F.,
 ( 2, 2 ),
 ( 0.000000000000000000, 1.000000000000000000 ),
 .UNSPECIFIED. ) ;
#2318 = CARTESIAN_POINT ( 'NONE',  ( -62.75000000000030553, 33.00221285621777412, -22.99778714378217614 ) ) ;
#2319 = PLANE ( 'NONE',  #344 ) ;
#2320 = PRODUCT_DEFINITION_SHAPE ( 'NONE', 'NONE',  #2537 ) ;
#2321 = EDGE_CURVE ( 'NONE', #148, #2286, #1542, .T. ) ;
#2322 = ORIENTED_EDGE ( 'NONE', *, *, #1286, .F. ) ;
#2323 = DIRECTION ( 'NONE',  ( 0.000000000000000000, 1.000000000000000000, -3.469446951953779850E-15 ) ) ;
#2324 = VERTEX_POINT ( 'NONE', #1965 ) ;
#2325 = CARTESIAN_POINT ( 'NONE',  ( -315.6685737732218513, 49.00442571243681300, -27.77778928042318896 ) ) ;
#2326 = DIRECTION ( 'NONE',  ( 1.882846976416524415E-16, -3.491481338843133355E-15, -1.000000000000000000 ) ) ;
#2327 = DIRECTION ( 'NONE',  ( -1.126435722581393873E-17, -3.491481338843133355E-15, -1.000000000000000000 ) ) ;
#2328 = ORIENTED_EDGE ( 'NONE', *, *, #130, .F. ) ;
#2329 = EDGE_LOOP ( 'NONE', ( #2022, #150, #2342, #1181 ) ) ;
#2330 = B_SPLINE_CURVE_WITH_KNOTS ( 'NONE', 3,
 ( #1310, #324, #1533, #995, #1691, #722 ),
 .UNSPECIFIED., .F., .F.,
 ( 4, 2, 4 ),
 ( 0.000000000000000000, 0.5000000000000000000, 1.000000000000000000 ),
 .UNSPECIFIED. ) ;
#2331 = B_SPLINE_CURVE_WITH_KNOTS ( 'NONE', 1,
 ( #1990, #1617 ),
 .UNSPECIFIED., .F., .F.,
 ( 2, 2 ),
 ( 0.000000000000000000, 1.000000000000000000 ),
 .UNSPECIFIED. ) ;
#2332 = DIRECTION ( 'NONE',  ( 0.000000000000000000, 1.000000000000000000, -3.784851220313302949E-15 ) ) ;
#2333 = ADVANCED_FACE ( 'NONE', ( #205 ), #441, .F. ) ;
#2334 = FACE_BOUND ( 'NONE', #1906, .T. ) ;
#2335 = LINE ( 'NONE', #584, #686 ) ;
#2336 = ORIENTED_EDGE ( 'NONE', *, *, #1792, .F. ) ;
#2337 = CIRCLE ( 'NONE', #1886, 8.500000000000000000 ) ;
#2338 = ORIENTED_EDGE ( 'NONE', *, *, #1266, .F. ) ;
#2339 = EDGE_CURVE ( 'NONE', #578, #2162, #970, .T. ) ;
#2340 = CARTESIAN_POINT ( 'NONE',  ( 311.7522128562168859, 3.000000000000000888, -28.49778714378301103 ) ) ;
#2341 = CARTESIAN_POINT ( 'NONE',  ( -132.7499999999997158, 10.00000000000000000, -69.00000000000000000 ) ) ;
#2342 = ORIENTED_EDGE ( 'NONE', *, *, #1705, .T. ) ;
#2343 = ORIENTED_EDGE ( 'NONE', *, *, #1508, .T. ) ;
#2344 = ORIENTED_EDGE ( 'NONE', *, *, #2213, .T. ) ;
#2345 = AXIS2_PLACEMENT_3D ( 'NONE', #353, #1133, #2117 ) ;
#2346 = VECTOR ( 'NONE', #2227, 1000.000000000000000 ) ;
#2347 = VECTOR ( 'NONE', #1860, 1000.000000000000000 ) ;
#2348 = CARTESIAN_POINT ( 'NONE',  ( -171.6249999999997726, 52.00442571243581114, -171.6250000000012221 ) ) ;
#2349 = ADVANCED_FACE ( 'NONE', ( #651 ), #1047, .F. ) ;
#2350 = CARTESIAN_POINT ( 'NONE',  ( 311.7522128562168859, 3.000000000000000888, -28.49778714378301103 ) ) ;
#2351 = CARTESIAN_POINT ( 'NONE',  ( -314.7522128562179660, 8.673617379884035472E-16, -28.49778714378309274 ) ) ;
#2352 = DIRECTION ( 'NONE',  ( -1.126435722581393873E-17, -3.491481338843133355E-15, -1.000000000000000000 ) ) ;
#2353 = EDGE_LOOP ( 'NONE', ( #368, #1033, #812, #1921 ) ) ;
#2354 = VERTEX_POINT ( 'NONE', #1430 ) ;
#2355 = SURFACE_SIDE_STYLE ('',( #2006 ) ) ;
#2356 = DIRECTION ( 'NONE',  ( -1.882846976416531071E-16, -1.000000000000000000, 3.491481338843133355E-15 ) ) ;
#2357 = CARTESIAN_POINT ( 'NONE',  ( -235.2919641127278965, 30.99753937703856366, -22.99778714378323841 ) ) ;
#2358 = VERTEX_POINT ( 'NONE', #2034 ) ;
#2359 = ORIENTED_EDGE ( 'NONE', *, *, #1211, .T. ) ;
#2360 = ORIENTED_EDGE ( 'NONE', *, *, #2258, .T. ) ;
#2361 = AXIS2_PLACEMENT_3D ( 'NONE', #661, #1802, #2008 ) ;
#2362 = CARTESIAN_POINT ( 'NONE',  ( 170.1249999999996874, 52.00442571243581114, -170.1250000000005400 ) ) ;
#2363 = EDGE_CURVE ( 'NONE', #2277, #1594, #1060, .T. ) ;
#2364 = CIRCLE ( 'NONE', #151, 5.499999999999998224 ) ;
#2365 = ADVANCED_FACE ( 'NONE', ( #1244 ), #621, .F. ) ;
#2366 = CARTESIAN_POINT ( 'NONE',  ( 171.1685107135146779, 9.999999999999998224, -27.77783882733446319 ) ) ;
#2367 = DIRECTION ( 'NONE',  ( -1.000000000000000000, -1.126435722581393873E-17, 1.126435722581397724E-17 ) ) ;
#2368 = CARTESIAN_POINT ( 'NONE',  ( 174.8337021427045386, 54.90259334562441040, -25.11778018392023526 ) ) ;
#2369 = CARTESIAN_POINT ( 'NONE',  ( 175.7500000000007390, 33.00221285621104528, -22.99778714378217970 ) ) ;
#2370 = ORIENTED_EDGE ( 'NONE', *, *, #521, .T. ) ;
#2371 = ORIENTED_EDGE ( 'NONE', *, *, #1671, .F. ) ;
#2372 = DIRECTION ( 'NONE',  ( 0.000000000000000000, 1.000000000000000000, -3.784851220313034736E-15 ) ) ;
#2373 = CARTESIAN_POINT ( 'NONE',  ( -67.26276543476359393, 26.00221285621154266, -69.00002500000289274 ) ) ;
#2374 = ORIENTED_EDGE ( 'NONE', *, *, #587, .T. ) ;
#2375 = VERTEX_POINT ( 'NONE', #1416 ) ;
#2376 = LINE ( 'NONE', #625, #1732 ) ;
#2377 = ADVANCED_FACE ( 'NONE', ( #605 ), #1387, .T. ) ;
#2378 = CARTESIAN_POINT ( 'NONE',  ( 232.2919641127278965, 23.99753937703886209, -22.99778714378312472 ) ) ;
#2379 = CARTESIAN_POINT ( 'NONE',  ( -67.26276543476359393, 26.00221285621154266, -69.00002500000289274 ) ) ;
#2380 = DIRECTION ( 'NONE',  ( 0.000000000000000000, 1.000000000000000000, -3.784851220312199333E-15 ) ) ;
#2381 = DIRECTION ( 'NONE',  ( -0.000000000000000000, -0.000000000000000000, 1.000000000000000000 ) ) ;
#2382 = ORIENTED_EDGE ( 'NONE', *, *, #1169, .T. ) ;
#2383 = VERTEX_POINT ( 'NONE', #455 ) ;
#2384 =( NAMED_UNIT ( * ) SI_UNIT ( $, .STERADIAN. ) SOLID_ANGLE_UNIT ( ) );
#2385 = AXIS2_PLACEMENT_3D ( 'NONE', #1106, #517, #117 ) ;
#2386 = DIRECTION ( 'NONE',  ( 0.000000000000000000, 1.000000000000000000, -3.784851220313302949E-15 ) ) ;
#2387 = CARTESIAN_POINT ( 'NONE',  ( 317.2499999999991473, 8.499999999999987566, -22.99778714378300748 ) ) ;
#2388 = ORIENTED_EDGE ( 'NONE', *, *, #407, .T. ) ;
#2389 = ORIENTED_EDGE ( 'NONE', *, *, #1257, .F. ) ;
#2390 = PRESENTATION_LAYER_ASSIGNMENT (  '', '', ( #181 ) ) ;
#2391 = EDGE_CURVE ( 'NONE', #1757, #418, #191, .T. ) ;
#2392 = PLANE ( 'NONE',  #1369 ) ;
#2393 = CARTESIAN_POINT ( 'NONE',  ( -137.7499999999996021, 59.00442571243414136, -64.00000000000140687 ) ) ;
#2394 = AXIS2_PLACEMENT_3D ( 'NONE', #1196, #611, #927 ) ;
#2395 = VECTOR ( 'NONE', #2381, 1000.000000000000000 ) ;
#2396 = STYLED_ITEM ( 'NONE', ( #1963 ), #2142 ) ;
#2397 = CIRCLE ( 'NONE', #1940, 5.499999999999998224 ) ;
#2398 = DIRECTION ( 'NONE',  ( -1.126435722581393873E-17, -3.491481338843133355E-15, -1.000000000000000000 ) ) ;
#2399 = PRODUCT ( 'stand', 'stand', '', ( #1059 ) ) ;
#2400 = CARTESIAN_POINT ( 'NONE',  ( -316.5848085708120152, 3.143150278324270630, -27.05817377980706340 ) ) ;
#2401 = DIRECTION ( 'NONE',  ( 0.000000000000000000, 1.000000000000000000, -3.469446951953766045E-15 ) ) ;
#2402 = EDGE_CURVE ( 'NONE', #616, #768, #46, .T. ) ;
#2403 = CARTESIAN_POINT ( 'NONE',  ( 315.4174042854050413, 48.31025084838521622, -25.72788275174325534 ) ) ;
#2404 = SURFACE_STYLE_FILL_AREA ( #1624 ) ;
#2405 = ORIENTED_EDGE ( 'NONE', *, *, #1307, .T. ) ;
#2406 = ORIENTED_EDGE ( 'NONE', *, *, #167, .T. ) ;
#2407 = LINE ( 'NONE', #1841, #20 ) ;
#2408 = DIRECTION ( 'NONE',  ( 0.000000000000000000, 1.000000000000000000, -3.469446951953764467E-15 ) ) ;
#2409 = EDGE_CURVE ( 'NONE', #403, #1126, #1425, .T. ) ;
#2410 = AXIS2_PLACEMENT_3D ( 'NONE', #349, #938, #799 ) ;
#2411 = DIRECTION ( 'NONE',  ( 1.126435722581401884E-17, -1.000000000000000000, 6.982962677686266711E-15 ) ) ;
#2412 = CIRCLE ( 'NONE', #1546, 5.500000000001212364 ) ;
#2413 = CARTESIAN_POINT ( 'NONE',  ( -67.26276543476359393, 26.00221285621154266, -19.99778714378308564 ) ) ;
#2414 = DIRECTION ( 'NONE',  ( 0.000000000000000000, 1.000000000000000000, -3.469446951953779850E-15 ) ) ;
#2415 = ADVANCED_FACE ( 'NONE', ( #2194 ), #2180, .F. ) ;
#2416 = EDGE_CURVE ( 'NONE', #237, #1569, #444, .T. ) ;
#2417 = CARTESIAN_POINT ( 'NONE',  ( -122.7499999999999147, 33.00221285621688594, -22.99778714378217259 ) ) ;
#2418 = ORIENTED_EDGE ( 'NONE', *, *, #2445, .T. ) ;
#2419 = VERTEX_POINT ( 'NONE', #2387 ) ;
#2420 = DIRECTION ( 'NONE',  ( -1.126435722581389867E-17, -6.982962677686266711E-15, -1.000000000000000000 ) ) ;
#2421 = DIRECTION ( 'NONE',  ( 0.000000000000000000, 1.000000000000000000, -3.784851220313302949E-15 ) ) ;
#2422 = MANIFOLD_SOLID_BREP ( 'Cut-Extrude1', #2047 ) ;
#2423 = CARTESIAN_POINT ( 'NONE',  ( 69.25000000000025580, 33.00221285621778833, -19.99778714378217614 ) ) ;
#2424 = CARTESIAN_POINT ( 'NONE',  ( 175.7500000000015632, 54.39351300896043284, -24.60869984725625059 ) ) ;
#2425 = DIRECTION ( 'NONE',  ( 0.000000000000000000, 1.836766033387207396E-15, -1.000000000000000000 ) ) ;
#2426 = DIRECTION ( 'NONE',  ( 1.000000000000000000, 0.000000000000000000, 0.000000000000000000 ) ) ;
#2427 = CARTESIAN_POINT ( 'NONE',  ( 144.2500000000004263, 27.50221285621817557, -19.99778714378215483 ) ) ;
#2428 = VERTEX_POINT ( 'NONE', #2427 ) ;
#2429 = EDGE_CURVE ( 'NONE', #753, #1604, #813, .T. ) ;
#2430 = CARTESIAN_POINT ( 'NONE',  ( 317.2499999999991473, 2.489592359914360120, -22.48737950369734051 ) ) ;
#2431 = CARTESIAN_POINT ( 'NONE',  ( -235.2919641127278965, 30.99753937703857432, -19.99778714378323841 ) ) ;
#2432 = VECTOR ( 'NONE', #2106, 1000.000000000000000 ) ;
#2433 = AXIS2_PLACEMENT_3D ( 'NONE', #1105, #1118, #526 ) ;
#2434 = CARTESIAN_POINT ( 'NONE',  ( -639.1018762942225067, 43.50442571243682721, -28.49778714378335565 ) ) ;
#2435 = CARTESIAN_POINT ( 'NONE',  ( 315.4174042854050413, 1.072815698988816235, -24.21702581063034643 ) ) ;
#2436 = EDGE_CURVE ( 'NONE', #1147, #2419, #478, .T. ) ;
#2437 = DIRECTION ( 'NONE',  ( -1.126435722581390021E-17, -6.982962677686266711E-15, -1.000000000000000000 ) ) ;
#2438 = DIRECTION ( 'NONE',  ( 0.000000000000000000, 0.000000000000000000, 1.000000000000000000 ) ) ;
#2439 = AXIS2_PLACEMENT_3D ( 'NONE', #2172, #1987, #2517 ) ;
#2440 = AXIS2_PLACEMENT_3D ( 'NONE', #1247, #2197, #2209 ) ;
#2441 = ORIENTED_EDGE ( 'NONE', *, *, #2128, .T. ) ;
#2442 = AXIS2_PLACEMENT_3D ( 'NONE', #2200, #1820, #72 ) ;
#2443 = DIRECTION ( 'NONE',  ( 0.000000000000000000, -1.000000000000000000, 0.000000000000000000 ) ) ;
#2444 = CARTESIAN_POINT ( 'NONE',  ( 187.2919641127279817, 30.99753937703854945, -19.99778714378316025 ) ) ;
#2445 = EDGE_CURVE ( 'NONE', #396, #26, #2275, .T. ) ;
#2446 = LINE ( 'NONE', #1448, #1088 ) ;
#2447 = CARTESIAN_POINT ( 'NONE',  ( 175.7500000000015916, 15.50000000000002842, -19.99778714378211930 ) ) ;
#2448 = FACE_BOUND ( 'NONE', #1829, .T. ) ;
#2449 = AXIS2_PLACEMENT_3D ( 'NONE', #38, #2145, #1960 ) ;
#2450 = DIRECTION ( 'NONE',  ( 1.001115307801946711E-28, 1.000000000000000000, 3.491481338842827672E-15 ) ) ;
#2451 = ORIENTED_EDGE ( 'NONE', *, *, #510, .F. ) ;
#2452 = UNCERTAINTY_MEASURE_WITH_UNIT (LENGTH_MEASURE( 1.000000000000000082E-05 ), #2178, 'distance_accuracy_value', 'NONE');
#2453 = DIRECTION ( 'NONE',  ( 0.000000000000000000, -0.000000000000000000, -1.000000000000000000 ) ) ;
#2454 = DIRECTION ( 'NONE',  ( 1.882846976416524415E-16, -3.491481338843133355E-15, -1.000000000000000000 ) ) ;
#2455 = ADVANCED_FACE ( 'NONE', ( #360 ), #1909, .T. ) ;
#2456 = ADVANCED_FACE ( 'NONE', ( #1514 ), #567, .F. ) ;
#2457 = DIRECTION ( 'NONE',  ( 1.126435722581397879E-17, -1.000000000000000000, 3.491481338843133355E-15 ) ) ;
#2458 = FACE_OUTER_BOUND ( 'NONE', #1007, .T. ) ;
#2459 = DIRECTION ( 'NONE',  ( 1.000000000000000000, 1.126435722581393873E-17, -1.126435722581397879E-17 ) ) ;
#2460 = B_SPLINE_CURVE_WITH_KNOTS ( 'NONE', 3,
 ( #2050, #2291, #98, #1894 ),
 .UNSPECIFIED., .F., .F.,
 ( 4, 4 ),
 ( 0.000000000000000000, 1.000000000000000000 ),
 .UNSPECIFIED. ) ;
#2461 = VERTEX_POINT ( 'NONE', #1540 ) ;
#2462 = LINE ( 'NONE', #2254, #82 ) ;
#2463 = LINE ( 'NONE', #307, #67 ) ;
#2464 = EDGE_CURVE ( 'NONE', #801, #553, #524, .T. ) ;
#2465 = CARTESIAN_POINT ( 'NONE',  ( 5.365697235823364207E-15, 0.000000000000000000, -28.49778714378306432 ) ) ;
#2466 = DIRECTION ( 'NONE',  ( -1.000000000000000000, 0.000000000000000000, -1.882846976416524661E-16 ) ) ;
#2467 = CARTESIAN_POINT ( 'NONE',  ( -314.7522128562179091, 1.000000000000000222, -28.49778714378309274 ) ) ;
#2468 = CARTESIAN_POINT ( 'NONE',  ( 144.2500000000004263, 33.00221285621777412, -22.99778714378217970 ) ) ;
#2469 = VERTEX_POINT ( 'NONE', #1115 ) ;
#2470 = ORIENTED_EDGE ( 'NONE', *, *, #1957, .F. ) ;
#2471 = CIRCLE ( 'NONE', #1858, 5.500000000001212364 ) ;
#2472 = EDGE_CURVE ( 'NONE', #965, #735, #1062, .T. ) ;
#2473 = AXIS2_PLACEMENT_3D ( 'NONE', #124, #550, #1713 ) ;
#2474 = CARTESIAN_POINT ( 'NONE',  ( 187.2919641127279817, 30.99753937703853879, -22.99778714378315669 ) ) ;
#2475 = CARTESIAN_POINT ( 'NONE',  ( 144.2500000000004263, 33.00221285621777412, -22.99778714378217970 ) ) ;
#2476 = MANIFOLD_SOLID_BREP ( 'Sketched Bend2', #1294 ) ;
#2477 = EDGE_CURVE ( 'NONE', #2358, #1195, #2122, .T. ) ;
#2478 = DIRECTION ( 'NONE',  ( 0.000000000000000000, 1.000000000000000000, -3.784851220313297427E-15 ) ) ;
#2479 = CARTESIAN_POINT ( 'NONE',  ( 64.28123583215017334, 20.50221285621033118, -69.00002500000289274 ) ) ;
#2480 = DIRECTION ( 'NONE',  ( -0.000000000000000000, -0.000000000000000000, 1.000000000000000000 ) ) ;
#2481 = DIRECTION ( 'NONE',  ( -0.000000000000000000, 0.000000000000000000, -1.000000000000000000 ) ) ;
#2482 = AXIS2_PLACEMENT_3D ( 'NONE', #1891, #756, #1138 ) ;
#2483 = EDGE_CURVE ( 'NONE', #2277, #77, #2471, .T. ) ;
#2484 = VERTEX_POINT ( 'NONE', #935 ) ;
#2485 = ORIENTED_EDGE ( 'NONE', *, *, #2436, .T. ) ;
#2486 = VECTOR ( 'NONE', #1755, 1000.000000000000000 ) ;
#2487 = VERTEX_POINT ( 'NONE', #1712 ) ;
#2488 = AXIS2_PLACEMENT_3D ( 'NONE', #826, #839, #2380 ) ;
#2489 = CARTESIAN_POINT ( 'NONE',  ( -67.26276543476359393, 26.00221285621154266, -22.99778714378318512 ) ) ;
#2490 = CARTESIAN_POINT ( 'NONE',  ( 5.648540929249537005E-16, 20.50221285621033118, -22.99778714378315314 ) ) ;
#2491 = CYLINDRICAL_SURFACE ( 'NONE', #501, 5.500000000000001776 ) ;
#2492 = ORIENTED_EDGE ( 'NONE', *, *, #1872, .F. ) ;
#2493 = DIRECTION ( 'NONE',  ( 0.7071067811865480168, 0.000000000000000000, -0.7071067811865470176 ) ) ;
#2494 = CARTESIAN_POINT ( 'NONE',  ( -71.71876416784984087, 26.00221285621154266, -69.00002500000289274 ) ) ;
#2495 = CYLINDRICAL_SURFACE ( 'NONE', #335, 5.499999999999609201 ) ;
#2496 = ORIENTED_EDGE ( 'NONE', *, *, #2477, .F. ) ;
#2497 = ORIENTED_EDGE ( 'NONE', *, *, #2416, .F. ) ;
#2498 = EDGE_LOOP ( 'NONE', ( #576, #2196, #489, #1566 ) ) ;
#2499 = CARTESIAN_POINT ( 'NONE',  ( -137.7499999999996021, 6.999999999999999112, -28.49778714378212285 ) ) ;
#2500 = FACE_OUTER_BOUND ( 'NONE', #652, .T. ) ;
#2501 = FACE_OUTER_BOUND ( 'NONE', #1655, .T. ) ;
#2502 = EDGE_LOOP ( 'NONE', ( #920, #2382, #1608, #1746 ) ) ;
#2503 = DIRECTION ( 'NONE',  ( -1.000000000000000000, 1.882846976416524415E-16, -1.882846976416531071E-16 ) ) ;
#2504 = DIRECTION ( 'NONE',  ( 0.000000000000000000, 1.000000000000000000, -3.784851220313034736E-15 ) ) ;
#2505 = CARTESIAN_POINT ( 'NONE',  ( 64.28123583215017334, 26.00221285621154266, -19.99778714378308564 ) ) ;
#2506 = EDGE_LOOP ( 'NONE', ( #60, #2405, #1932, #573 ) ) ;
#2507 = ORIENTED_EDGE ( 'NONE', *, *, #1943, .T. ) ;
#2508 = ORIENTED_EDGE ( 'NONE', *, *, #556, .T. ) ;
#2509 =( NAMED_UNIT ( * ) SI_UNIT ( $, .STERADIAN. ) SOLID_ANGLE_UNIT ( ) );
#2510 = CIRCLE ( 'NONE', #1155, 8.500000000000000000 ) ;
#2511 = VECTOR ( 'NONE', #242, 1000.000000000000000 ) ;
#2512 = CARTESIAN_POINT ( 'NONE',  ( 271.2499999999972715, 3.000000000000000000, -69.00000000000272848 ) ) ;
#2513 = CARTESIAN_POINT ( 'NONE',  ( -122.7499999999999147, 38.50221285621650225, -19.99778714378219391 ) ) ;
#2514 = PRESENTATION_LAYER_ASSIGNMENT (  '', '', ( #2396 ) ) ;
#2515 = EDGE_LOOP ( 'NONE', ( #1618, #2075, #236, #1412, #1782 ) ) ;
#2516 = DIRECTION ( 'NONE',  ( 1.000000000000000000, 0.000000000000000000, 0.000000000000000000 ) ) ;
#2517 = DIRECTION ( 'NONE',  ( 0.000000000000000000, 1.000000000000000000, -3.469446951953764467E-15 ) ) ;
#2518 = EDGE_LOOP ( 'NONE', ( #1815, #728, #1174, #740 ) ) ;
#2519 = CARTESIAN_POINT ( 'NONE',  ( -274.2499999999984084, 49.00442571243652878, -69.00000000000288480 ) ) ;
#2520 = VERTEX_POINT ( 'NONE', #2499 ) ;
#2521 = CIRCLE ( 'NONE', #602, 5.499999999999609201 ) ;
#2522 = DIRECTION ( 'NONE',  ( -1.000000000000000000, -1.126435722581401884E-17, 1.001483571081363957E-31 ) ) ;
#2523 = LINE ( 'NONE', #246, #485 ) ;
#2524 = DIRECTION ( 'NONE',  ( 1.882846976416524415E-16, -3.491481338843133355E-15, -1.000000000000000000 ) ) ;
#2525 = EDGE_LOOP ( 'NONE', ( #2322, #173, #1245, #2336 ) ) ;
#2526 = VERTEX_POINT ( 'NONE', #330 ) ;
#2527 = VECTOR ( 'NONE', #410, 1000.000000000000000 ) ;
#2528 = EDGE_CURVE ( 'NONE', #934, #2096, #1553, .T. ) ;
#2529 = CARTESIAN_POINT ( 'NONE',  ( 69.25000000000025580, 33.00221285621778833, -19.99778714378217614 ) ) ;
#2530 = EDGE_CURVE ( 'NONE', #207, #2354, #640, .T. ) ;
#2531 = LINE ( 'NONE', #2144, #548 ) ;
#2532 = PRODUCT_DEFINITION_SHAPE ( 'NONE', 'NONE',  #1573 ) ;
#2533 = ORIENTED_EDGE ( 'NONE', *, *, #1775, .T. ) ;
#2534 = ORIENTED_EDGE ( 'NONE', *, *, #1103, .F. ) ;
#2535 = NEXT_ASSEMBLY_USAGE_OCCURRENCE ( 'NAUO1', ' ', ' ', #1573, #1337, $ ) ;
#2536 = NEXT_ASSEMBLY_USAGE_OCCURRENCE ( 'NAUO2', ' ', ' ', #1573, #401, $ ) ;
#2537 = NEXT_ASSEMBLY_USAGE_OCCURRENCE ( 'NAUO3', ' ', ' ', #1573, #401, $ ) ;
ENDSEC;
END-ISO-10303-21;
