ISO-10303-21;
HEADER;
FILE_DESCRIPTION (( 'STEP AP203' ),
    '1' );
FILE_NAME ('U-Bracket.STEP',
    '2026-07-11T08:19:47',
    ( '' ),
    ( '' ),
    'SwSTEP 2.0',
    'SolidWorks 2024',
    '' );
FILE_SCHEMA (( 'CONFIG_CONTROL_DESIGN' ));
ENDSEC;

DATA;
#1 = VERTEX_POINT ( 'NONE', #1017 ) ;
#2 = LINE ( 'NONE', #942, #1172 ) ;
#3 = ORIENTED_EDGE ( 'NONE', *, *, #233, .F. ) ;
#4 = ORIENTED_EDGE ( 'NONE', *, *, #1963, .F. ) ;
#5 = PERSON_AND_ORGANIZATION ( #1369, #46 ) ;
#6 = CARTESIAN_POINT ( 'NONE',  ( 60.00000000000000000, 35.00000000000001421, 6.000000000000000000 ) ) ;
#7 = CIRCLE ( 'NONE', #1810, 5.999999999999998224 ) ;
#8 = DIRECTION ( 'NONE',  ( 3.568574007723717789E-15, 0.000000000000000000, 1.000000000000000000 ) ) ;
#9 = DIRECTION ( 'NONE',  ( -3.491481338843133355E-15, -0.000000000000000000, 1.000000000000000000 ) ) ;
#10 = VECTOR ( 'NONE', #1002, 1000.000000000000000 ) ;
#11 = ORIENTED_EDGE ( 'NONE', *, *, #1398, .T. ) ;
#12 = CARTESIAN_POINT ( 'NONE',  ( -60.00000000000008527, -25.00000000000000000, 27.99999999999998224 ) ) ;
#13 = ORIENTED_EDGE ( 'NONE', *, *, #1265, .F. ) ;
#14 = CC_DESIGN_APPROVAL ( #1950, ( #1755 ) ) ;
#15 = ORIENTED_EDGE ( 'NONE', *, *, #1554, .F. ) ;
#16 = CARTESIAN_POINT ( 'NONE',  ( -54.00000000000015632, 25.00000000000000000, 50.00000000000000711 ) ) ;
#17 = DIRECTION ( 'NONE',  ( 3.700743415417188731E-15, 0.000000000000000000, -1.000000000000000000 ) ) ;
#18 = CIRCLE ( 'NONE', #1153, 3.000000000000002665 ) ;
#19 = ADVANCED_FACE ( 'NONE', ( #1788, #1036, #724, #552, #1489 ), #1973, .F. ) ;
#20 = CIRCLE ( 'NONE', #932, 3.000000000000002665 ) ;
#21 = CARTESIAN_POINT ( 'NONE',  ( 39.99999999999997868, 6.938893903907228378E-15, 0.000000000000000000 ) ) ;
#22 = CARTESIAN_POINT ( 'NONE',  ( -48.00000000000002132, -35.00000000000000000, 11.99999999999999645 ) ) ;
#23 = EDGE_LOOP ( 'NONE', ( #1322, #232, #25, #68 ) ) ;
#24 = DIRECTION ( 'NONE',  ( -1.000000000000000000, -0.000000000000000000, -0.000000000000000000 ) ) ;
#25 = ORIENTED_EDGE ( 'NONE', *, *, #1426, .F. ) ;
#26 = VERTEX_POINT ( 'NONE', #1512 ) ;
#27 = CARTESIAN_POINT ( 'NONE',  ( -54.00000000000007105, -7.499999999999992006, 25.00000000000000000 ) ) ;
#28 = DIRECTION ( 'NONE',  ( 1.000000000000000000, -0.000000000000000000, -3.491481338843133355E-15 ) ) ;
#29 = DIRECTION ( 'NONE',  ( -0.000000000000000000, -0.000000000000000000, -1.000000000000000000 ) ) ;
#30 = ORIENTED_EDGE ( 'NONE', *, *, #1397, .T. ) ;
#31 = EDGE_CURVE ( 'NONE', #472, #307, #1352, .T. ) ;
#32 = CARTESIAN_POINT ( 'NONE',  ( 54.00000000000004974, -4.003577983217140648E-13, 18.00000000000002842 ) ) ;
#33 = ORIENTED_EDGE ( 'NONE', *, *, #1939, .F. ) ;
#34 = EDGE_LOOP ( 'NONE', ( #549, #175 ) ) ;
#35 = LINE ( 'NONE', #797, #1505 ) ;
#36 = LINE ( 'NONE', #1281, #1979 ) ;
#37 = CARTESIAN_POINT ( 'NONE',  ( 48.00000000000002132, -34.99999999999999289, 0.000000000000000000 ) ) ;
#38 = VECTOR ( 'NONE', #577, 1000.000000000000000 ) ;
#39 = ORIENTED_EDGE ( 'NONE', *, *, #1288, .F. ) ;
#40 = CIRCLE ( 'NONE', #1971, 2.999999999999995559 ) ;
#41 = CC_DESIGN_PERSON_AND_ORGANIZATION_ASSIGNMENT ( #611, #184, ( #509 ) ) ;
#42 = CARTESIAN_POINT ( 'NONE',  ( 60.00000000000005684, 1.978337679865212051E-14, 22.49999999999998224 ) ) ;
#43 = ORIENTED_EDGE ( 'NONE', *, *, #847, .F. ) ;
#44 = AXIS2_PLACEMENT_3D ( 'NONE', #1298, #1463, #1323 ) ;
#45 = VERTEX_POINT ( 'NONE', #1220 ) ;
#46 = ORGANIZATION ( 'UNSPECIFIED', 'UNSPECIFIED', '' ) ;
#47 = CARTESIAN_POINT ( 'NONE',  ( -60.00000000000019895, 35.00000000000000000, 60.00000000000000000 ) ) ;
#48 = DIRECTION ( 'NONE',  ( -0.000000000000000000, -0.000000000000000000, 1.000000000000000000 ) ) ;
#49 = VECTOR ( 'NONE', #1768, 1000.000000000000000 ) ;
#50 = FACE_OUTER_BOUND ( 'NONE', #1071, .T. ) ;
#51 = ORIENTED_EDGE ( 'NONE', *, *, #53, .F. ) ;
#52 = DIRECTION ( 'NONE',  ( 0.000000000000000000, -1.000000000000000000, -0.000000000000000000 ) ) ;
#53 = EDGE_CURVE ( 'NONE', #876, #1119, #1937, .T. ) ;
#54 = ORIENTED_EDGE ( 'NONE', *, *, #1762, .F. ) ;
#55 = COORDINATED_UNIVERSAL_TIME_OFFSET ( 5, 30, .AHEAD. ) ;
#56 = EDGE_CURVE ( 'NONE', #307, #1945, #1953, .T. ) ;
#57 = CARTESIAN_POINT ( 'NONE',  ( -19.99999999999999645, -35.00000000000000711, 6.000000000000000000 ) ) ;
#58 = LINE ( 'NONE', #1766, #1787 ) ;
#59 = CARTESIAN_POINT ( 'NONE',  ( 60.00000000000009948, -34.99999999999999289, 34.99999999999998579 ) ) ;
#60 = ORIENTED_EDGE ( 'NONE', *, *, #477, .T. ) ;
#61 = LINE ( 'NONE', #1921, #1340 ) ;
#62 = EDGE_LOOP ( 'NONE', ( #1760, #216, #1436, #1316 ) ) ;
#63 = CARTESIAN_POINT ( 'NONE',  ( 5.204170427930421283E-15, -50.00000000000000711, 6.000000000000000000 ) ) ;
#64 = DIRECTION ( 'NONE',  ( -4.625929269271706203E-15, 0.000000000000000000, -1.000000000000000000 ) ) ;
#65 = ORIENTED_EDGE ( 'NONE', *, *, #1013, .F. ) ;
#66 = AXIS2_PLACEMENT_3D ( 'NONE', #548, #1800, #1325 ) ;
#67 = DIRECTION ( 'NONE',  ( 1.000000000000000000, 0.000000000000000000, 3.491481338843133355E-15 ) ) ;
#68 = ORIENTED_EDGE ( 'NONE', *, *, #1320, .T. ) ;
#69 = LINE ( 'NONE', #538, #557 ) ;
#70 = AXIS2_PLACEMENT_3D ( 'NONE', #947, #1678, #756 ) ;
#71 = AXIS2_PLACEMENT_3D ( 'NONE', #324, #754, #17 ) ;
#72 = ORIENTED_EDGE ( 'NONE', *, *, #673, .F. ) ;
#73 = DIRECTION ( 'NONE',  ( 0.000000000000000000, 0.000000000000000000, 1.000000000000000000 ) ) ;
#74 = DIRECTION ( 'NONE',  ( -0.000000000000000000, 1.000000000000000000, -0.000000000000000000 ) ) ;
#75 = EDGE_CURVE ( 'NONE', #1964, #1711, #1372, .T. ) ;
#76 = ORIENTED_EDGE ( 'NONE', *, *, #1359, .T. ) ;
#77 = AXIS2_PLACEMENT_3D ( 'NONE', #1129, #1312, #1919 ) ;
#78 = VECTOR ( 'NONE', #384, 1000.000000000000000 ) ;
#79 = EDGE_LOOP ( 'NONE', ( #223, #1556, #1101, #948 ) ) ;
#80 = DIRECTION ( 'NONE',  ( -0.000000000000000000, -0.000000000000000000, 1.000000000000000000 ) ) ;
#81 = LINE ( 'NONE', #99, #951 ) ;
#82 = ORIENTED_EDGE ( 'NONE', *, *, #1409, .T. ) ;
#83 = CARTESIAN_POINT ( 'NONE',  ( -54.00000000000008527, -25.00000000000000000, 28.00000000000000355 ) ) ;
#84 = FACE_OUTER_BOUND ( 'NONE', #154, .T. ) ;
#85 = CARTESIAN_POINT ( 'NONE',  ( 54.00000000000006395, 1.978337679865212051E-14, 22.50000000000000355 ) ) ;
#86 = ORIENTED_EDGE ( 'NONE', *, *, #847, .T. ) ;
#88 = ADVANCED_FACE ( 'NONE', ( #1932 ), #867, .F. ) ;
#87 = CARTESIAN_POINT ( 'NONE',  ( -60.00000000000019895, -7.499999999999992006, 60.00000000000000000 ) ) ;
#89 = DIRECTION ( 'NONE',  ( 0.000000000000000000, -1.000000000000000000, 0.000000000000000000 ) ) ;
#90 = ORIENTED_EDGE ( 'NONE', *, *, #174, .T. ) ;
#91 = FACE_BOUND ( 'NONE', #1179, .T. ) ;
#92 = FACE_OUTER_BOUND ( 'NONE', #1863, .T. ) ;
#93 = FACE_OUTER_BOUND ( 'NONE', #62, .T. ) ;
#94 = EDGE_LOOP ( 'NONE', ( #1752, #1478, #1115, #781, #1389, #841, #1565, #1882 ) ) ;
#95 = CARTESIAN_POINT ( 'NONE',  ( -13.99999999999999645, 0.000000000000000000, 6.000000000000000000 ) ) ;
#96 = VECTOR ( 'NONE', #1342, 1000.000000000000000 ) ;
#97 = EDGE_CURVE ( 'NONE', #1864, #1104, #1175, .T. ) ;
#98 = PRODUCT_DEFINITION ( 'UNKNOWN', '', #1475, #610 ) ;
#99 = CARTESIAN_POINT ( 'NONE',  ( 19.99999999999999645, -35.00000000000000000, 6.000000000000000000 ) ) ;
#100 = EDGE_LOOP ( 'NONE', ( #1474, #255, #1396, #13 ) ) ;
#101 = CIRCLE ( 'NONE', #1499, 3.000000000000000888 ) ;
#102 = CIRCLE ( 'NONE', #556, 5.999999999999998224 ) ;
#103 = CARTESIAN_POINT ( 'NONE',  ( 54.00000000000010658, -20.00000000000025580, 35.00000000000023448 ) ) ;
#104 = FACE_OUTER_BOUND ( 'NONE', #482, .T. ) ;
#105 = DIRECTION ( 'NONE',  ( 1.000000000000000000, -0.000000000000000000, -0.000000000000000000 ) ) ;
#106 = VERTEX_POINT ( 'NONE', #85 ) ;
#107 = AXIS2_PLACEMENT_3D ( 'NONE', #16, #643, #765 ) ;
#108 = VERTEX_POINT ( 'NONE', #1659 ) ;
#109 = DIRECTION ( 'NONE',  ( -1.000000000000000000, 0.000000000000000000, 0.000000000000000000 ) ) ;
#110 = AXIS2_PLACEMENT_3D ( 'NONE', #1896, #234, #863 ) ;
#111 = CARTESIAN_POINT ( 'NONE',  ( 60.00000000000009948, 35.00000000000001421, 34.99999999999999289 ) ) ;
#112 = ORIENTED_EDGE ( 'NONE', *, *, #178, .T. ) ;
#113 = ADVANCED_FACE ( 'NONE', ( #259 ), #1649, .F. ) ;
#114 = ADVANCED_FACE ( 'NONE', ( #93 ), #1339, .T. ) ;
#115 = DIRECTION ( 'NONE',  ( -1.000000000000000000, 0.000000000000000000, 3.491481338843133355E-15 ) ) ;
#116 = DIRECTION ( 'NONE',  ( 1.000000000000000000, 0.000000000000000000, 3.491481338843133355E-15 ) ) ;
#117 = ADVANCED_FACE ( 'NONE', ( #271 ), #119, .F. ) ;
#118 = CARTESIAN_POINT ( 'NONE',  ( -39.99999999999999289, -6.000000000000000000, 0.000000000000000000 ) ) ;
#119 = PLANE ( 'NONE',  #1690 ) ;
#120 = ORIENTED_EDGE ( 'NONE', *, *, #401, .T. ) ;
#121 = DIRECTION ( 'NONE',  ( -1.000000000000000000, -0.000000000000000000, -3.491481338843133355E-15 ) ) ;
#122 = FACE_OUTER_BOUND ( 'NONE', #615, .T. ) ;
#123 = FACE_OUTER_BOUND ( 'NONE', #272, .T. ) ;
#124 = EDGE_CURVE ( 'NONE', #991, #1964, #908, .T. ) ;
#125 = DIRECTION ( 'NONE',  ( -0.000000000000000000, 1.000000000000000000, 0.000000000000000000 ) ) ;
#126 = DIRECTION ( 'NONE',  ( -1.000000000000000000, 1.734723475976806848E-16, 0.000000000000000000 ) ) ;
#127 = ORIENTED_EDGE ( 'NONE', *, *, #1149, .F. ) ;
#128 = LINE ( 'NONE', #1212, #392 ) ;
#129 = LINE ( 'NONE', #481, #458 ) ;
#130 = ORIENTED_EDGE ( 'NONE', *, *, #1619, .F. ) ;
#131 = VECTOR ( 'NONE', #1063, 1000.000000000000000 ) ;
#132 = VECTOR ( 'NONE', #446, 1000.000000000000000 ) ;
#133 = CARTESIAN_POINT ( 'NONE',  ( -19.99999999999999645, 6.000000000000000000, 6.000000000000000000 ) ) ;
#134 = DIRECTION ( 'NONE',  ( 1.000000000000000000, 0.000000000000000000, 3.491481338843133355E-15 ) ) ;
#135 = CIRCLE ( 'NONE', #1784, 5.999999999999998224 ) ;
#136 = FACE_BOUND ( 'NONE', #1096, .T. ) ;
#137 = FACE_OUTER_BOUND ( 'NONE', #662, .T. ) ;
#138 = EDGE_CURVE ( 'NONE', #554, #359, #298, .T. ) ;
#139 = ORIENTED_EDGE ( 'NONE', *, *, #1960, .F. ) ;
#140 = DIRECTION ( 'NONE',  ( 4.625929269271492422E-15, 0.000000000000000000, -1.000000000000000000 ) ) ;
#141 = VECTOR ( 'NONE', #1899, 1000.000000000000000 ) ;
#142 = CARTESIAN_POINT ( 'NONE',  ( -60.00000000000017053, -25.00000000000000000, 52.99999999999999289 ) ) ;
#143 = EDGE_LOOP ( 'NONE', ( #1876, #1714, #54, #261 ) ) ;
#144 = AXIS2_PLACEMENT_3D ( 'NONE', #1470, #1479, #73 ) ;
#145 = VECTOR ( 'NONE', #1336, 1000.000000000000000 ) ;
#146 = DIRECTION ( 'NONE',  ( 0.000000000000000000, 0.000000000000000000, 1.000000000000000000 ) ) ;
#147 = DIRECTION ( 'NONE',  ( 3.700743415417188731E-15, 0.000000000000000000, -1.000000000000000000 ) ) ;
#148 = CARTESIAN_POINT ( 'NONE',  ( -54.00000000000015632, -25.00000000000000000, 50.00000000000000711 ) ) ;
#149 = CARTESIAN_POINT ( 'NONE',  ( 54.00000000000012079, 20.00000000000001776, 37.99999999999987921 ) ) ;
#150 = ORIENTED_EDGE ( 'NONE', *, *, #188, .T. ) ;
#151 = PRODUCT_RELATED_PRODUCT_CATEGORY ( 'detail', '', ( #509 ) ) ;
#152 = CARTESIAN_POINT ( 'NONE',  ( 48.00000000000002132, 35.00000000000001421, 11.99999999999999645 ) ) ;
#153 = ORIENTED_EDGE ( 'NONE', *, *, #1772, .F. ) ;
#154 = EDGE_LOOP ( 'NONE', ( #76, #221, #1806, #1507 ) ) ;
#155 = DATE_AND_TIME ( #1549, #928 ) ;
#156 = DIRECTION ( 'NONE',  ( 3.491481338843133355E-15, -0.000000000000000000, -1.000000000000000000 ) ) ;
#157 = CARTESIAN_POINT ( 'NONE',  ( 39.99999999999997868, 6.000000000000007105, 0.000000000000000000 ) ) ;
#158 = DIRECTION ( 'NONE',  ( -3.491481338843133355E-15, 0.000000000000000000, 1.000000000000000000 ) ) ;
#159 = ORIENTED_EDGE ( 'NONE', *, *, #1148, .F. ) ;
#160 = CARTESIAN_POINT ( 'NONE',  ( 60.00000000000003553, -4.007251923614582450E-13, 15.00000000000000888 ) ) ;
#161 = ORIENTED_EDGE ( 'NONE', *, *, #808, .F. ) ;
#162 = ORIENTED_EDGE ( 'NONE', *, *, #1617, .T. ) ;
#163 = PERSON_AND_ORGANIZATION ( #1369, #46 ) ;
#164 = DIRECTION ( 'NONE',  ( -0.000000000000000000, -1.000000000000000000, 0.000000000000000000 ) ) ;
#165 = CIRCLE ( 'NONE', #1564, 5.999999999999998224 ) ;
#166 = CARTESIAN_POINT ( 'NONE',  ( -20.00000000000000355, 35.00000000000001421, 0.000000000000000000 ) ) ;
#167 = DIRECTION ( 'NONE',  ( 3.491481338843133355E-15, 0.000000000000000000, -1.000000000000000000 ) ) ;
#168 = AXIS2_PLACEMENT_3D ( 'NONE', #1198, #1481, #403 ) ;
#169 = AXIS2_PLACEMENT_3D ( 'NONE', #1836, #1969, #1217 ) ;
#170 = ORIENTED_EDGE ( 'NONE', *, *, #1629, .F. ) ;
#171 = CARTESIAN_POINT ( 'NONE',  ( 54.00000000000018474, 2.118407575146589058E-14, 58.00000000000002842 ) ) ;
#172 = EDGE_LOOP ( 'NONE', ( #1190, #1817, #1033, #1816 ) ) ;
#173 =( GEOMETRIC_REPRESENTATION_CONTEXT ( 3 ) GLOBAL_UNCERTAINTY_ASSIGNED_CONTEXT ( ( #924 ) ) GLOBAL_UNIT_ASSIGNED_CONTEXT ( ( #492, #1844, #1259 ) ) REPRESENTATION_CONTEXT ( 'NONE', 'WORKASPACE' ) );
#174 = EDGE_CURVE ( 'NONE', #813, #1439, #1338, .T. ) ;
#175 = ORIENTED_EDGE ( 'NONE', *, *, #1075, .T. ) ;
#176 = FACE_OUTER_BOUND ( 'NONE', #490, .T. ) ;
#177 = DIRECTION ( 'NONE',  ( -0.000000000000000000, -0.000000000000000000, 1.000000000000000000 ) ) ;
#178 = EDGE_CURVE ( 'NONE', #660, #385, #459, .T. ) ;
#179 = CARTESIAN_POINT ( 'NONE',  ( -54.00000000000007105, -35.00000000000000000, 25.00000000000000000 ) ) ;
#180 = ORIENTED_EDGE ( 'NONE', *, *, #31, .T. ) ;
#181 = DIRECTION ( 'NONE',  ( -1.000000000000000000, 0.000000000000000000, 3.491481338843133355E-15 ) ) ;
#182 = ORIENTED_EDGE ( 'NONE', *, *, #761, .F. ) ;
#183 = ORIENTED_EDGE ( 'NONE', *, *, #1409, .F. ) ;
#184 = PERSON_AND_ORGANIZATION_ROLE ( 'design_owner' ) ;
#185 = FACE_OUTER_BOUND ( 'NONE', #1082, .T. ) ;
#186 = CARTESIAN_POINT ( 'NONE',  ( -19.99999999999999645, -35.00000000000000711, 6.000000000000000000 ) ) ;
#187 = EDGE_CURVE ( 'NONE', #1670, #1625, #614, .T. ) ;
#188 = EDGE_CURVE ( 'NONE', #1344, #1295, #1100, .T. ) ;
#189 = DIRECTION ( 'NONE',  ( 1.000000000000000000, -0.000000000000000000, -3.491481338843133355E-15 ) ) ;
#190 = EDGE_LOOP ( 'NONE', ( #1842, #752, #1861, #600 ) ) ;
#191 = EDGE_LOOP ( 'NONE', ( #1405, #1001, #1039, #500 ) ) ;
#192 = CARTESIAN_POINT ( 'NONE',  ( -60.00000000000019185, -35.00000000000000000, 60.00000000000000000 ) ) ;
#193 = DIRECTION ( 'NONE',  ( 1.000000000000000000, 3.469446951953614682E-16, -0.000000000000000000 ) ) ;
#194 = VECTOR ( 'NONE', #1266, 1000.000000000000000 ) ;
#195 = AXIS2_PLACEMENT_3D ( 'NONE', #1718, #958, #1552 ) ;
#196 = EDGE_CURVE ( 'NONE', #1954, #901, #1866, .T. ) ;
#197 = ORIENTED_EDGE ( 'NONE', *, *, #1527, .T. ) ;
#198 = VECTOR ( 'NONE', #193, 1000.000000000000000 ) ;
#199 = CARTESIAN_POINT ( 'NONE',  ( 39.99999999999997868, 6.938893903907228378E-15, 0.000000000000000000 ) ) ;
#200 = ORIENTED_EDGE ( 'NONE', *, *, #1092, .T. ) ;
#201 = VECTOR ( 'NONE', #80, 1000.000000000000000 ) ;
#203 = ADVANCED_FACE ( 'NONE', ( #1090 ), #929, .F. ) ;
#202 = DIRECTION ( 'NONE',  ( -3.491481338843133355E-15, -2.478176394252580155E-17, 1.000000000000000000 ) ) ;
#204 = VERTEX_POINT ( 'NONE', #316 ) ;
#205 = DATE_AND_TIME ( #541, #236 ) ;
#206 = AXIS2_PLACEMENT_3D ( 'NONE', #962, #189, #340 ) ;
#207 = DIRECTION ( 'NONE',  ( 0.000000000000000000, -0.000000000000000000, -1.000000000000000000 ) ) ;
#208 = DIRECTION ( 'NONE',  ( 1.000000000000000000, -0.000000000000000000, -3.491481338843133355E-15 ) ) ;
#209 = VECTOR ( 'NONE', #625, 1000.000000000000000 ) ;
#210 = VERTEX_POINT ( 'NONE', #1383 ) ;
#211 = CARTESIAN_POINT ( 'NONE',  ( 0.000000000000000000, 50.00000000000000000, 0.000000000000000000 ) ) ;
#212 = EDGE_LOOP ( 'NONE', ( #1042, #1673, #127, #853, #804 ) ) ;
#213 = CARTESIAN_POINT ( 'NONE',  ( 5.204170427930421283E-15, -50.00000000000000711, 6.000000000000000000 ) ) ;
#214 = EDGE_CURVE ( 'NONE', #1575, #1870, #790, .T. ) ;
#215 = ADVANCED_FACE ( 'NONE', ( #443 ), #800, .T. ) ;
#216 = ORIENTED_EDGE ( 'NONE', *, *, #672, .F. ) ;
#217 = COORDINATED_UNIVERSAL_TIME_OFFSET ( 5, 30, .AHEAD. ) ;
#218 = DIRECTION ( 'NONE',  ( 1.000000000000000000, 0.000000000000000000, 0.000000000000000000 ) ) ;
#219 = FACE_OUTER_BOUND ( 'NONE', #1417, .T. ) ;
#220 = CARTESIAN_POINT ( 'NONE',  ( 60.00000000000009948, 1.825256829971793116E-14, 34.99999999999998579 ) ) ;
#221 = ORIENTED_EDGE ( 'NONE', *, *, #941, .F. ) ;
#222 = DIRECTION ( 'NONE',  ( 1.000000000000000000, 0.000000000000000000, 3.491481338843133355E-15 ) ) ;
#223 = ORIENTED_EDGE ( 'NONE', *, *, #1881, .F. ) ;
#224 = PERSON_AND_ORGANIZATION_ROLE ( 'design_supplier' ) ;
#225 = EDGE_CURVE ( 'NONE', #1132, #1321, #714, .T. ) ;
#226 = DIRECTION ( 'NONE',  ( -1.000000000000000000, 0.000000000000000000, 0.000000000000000000 ) ) ;
#227 = LINE ( 'NONE', #186, #587 ) ;
#228 = CIRCLE ( 'NONE', #814, 2.999999999999995559 ) ;
#229 = ORIENTED_EDGE ( 'NONE', *, *, #1847, .F. ) ;
#230 = CARTESIAN_POINT ( 'NONE',  ( 60.00000000000005684, 1.978337679865212051E-14, 22.49999999999998224 ) ) ;
#231 = VECTOR ( 'NONE', #402, 1000.000000000000000 ) ;
#232 = ORIENTED_EDGE ( 'NONE', *, *, #903, .F. ) ;
#233 = EDGE_CURVE ( 'NONE', #498, #594, #1229, .T. ) ;
#234 = DIRECTION ( 'NONE',  ( 0.000000000000000000, 1.000000000000000000, 0.000000000000000000 ) ) ;
#235 = CARTESIAN_POINT ( 'NONE',  ( 19.99999999999999645, -35.00000000000000000, 0.000000000000000000 ) ) ;
#236 = LOCAL_TIME ( 13, 49, 47.00000000000000000, #55 ) ;
#237 = CIRCLE ( 'NONE', #241, 3.000000000000002665 ) ;
#238 = EDGE_CURVE ( 'NONE', #1200, #658, #465, .T. ) ;
#239 = CARTESIAN_POINT ( 'NONE',  ( -60.00000000000002842, 35.00000000000000000, 11.99999999999995559 ) ) ;
#240 = CIRCLE ( 'NONE', #595, 5.999999999999998224 ) ;
#241 = AXIS2_PLACEMENT_3D ( 'NONE', #1043, #1034, #299 ) ;
#242 = CIRCLE ( 'NONE', #866, 6.000000000000000000 ) ;
#243 = ORIENTED_EDGE ( 'NONE', *, *, #1737, .F. ) ;
#244 = LINE ( 'NONE', #869, #1693 ) ;
#245 = DIRECTION ( 'NONE',  ( -4.625929269271481378E-15, 0.000000000000000000, -1.000000000000000000 ) ) ;
#246 = VERTEX_POINT ( 'NONE', #1403 ) ;
#247 = DIRECTION ( 'NONE',  ( 0.000000000000000000, -1.000000000000000000, 0.000000000000000000 ) ) ;
#248 = DIRECTION ( 'NONE',  ( -1.000000000000000000, 0.000000000000000000, 0.000000000000000000 ) ) ;
#249 = DIRECTION ( 'NONE',  ( 4.625929269271492422E-15, 0.000000000000000000, -1.000000000000000000 ) ) ;
#250 = EDGE_CURVE ( 'NONE', #1182, #1421, #336, .T. ) ;
#251 = EDGE_CURVE ( 'NONE', #1108, #472, #1393, .T. ) ;
#252 = ORIENTED_EDGE ( 'NONE', *, *, #1223, .T. ) ;
#253 = CARTESIAN_POINT ( 'NONE',  ( -19.99999999999999645, 0.000000000000000000, 6.000000000000000000 ) ) ;
#254 = DIRECTION ( 'NONE',  ( 1.000000000000000000, -0.000000000000000000, -3.491481338843133355E-15 ) ) ;
#255 = ORIENTED_EDGE ( 'NONE', *, *, #1184, .F. ) ;
#256 = DIRECTION ( 'NONE',  ( -1.000000000000000000, 0.000000000000000000, 3.491481338843133355E-15 ) ) ;
#257 = CYLINDRICAL_SURFACE ( 'NONE', #956, 3.000000000000002665 ) ;
#258 = LINE ( 'NONE', #1228, #1347 ) ;
#259 = FACE_OUTER_BOUND ( 'NONE', #1769, .T. ) ;
#260 = EDGE_CURVE ( 'NONE', #983, #1287, #1468, .T. ) ;
#261 = ORIENTED_EDGE ( 'NONE', *, *, #187, .T. ) ;
#262 = DIRECTION ( 'NONE',  ( 0.000000000000000000, 0.000000000000000000, 1.000000000000000000 ) ) ;
#263 = AXIS2_PLACEMENT_3D ( 'NONE', #213, #835, #109 ) ;
#264 = EDGE_CURVE ( 'NONE', #307, #1832, #1440, .T. ) ;
#265 = DIRECTION ( 'NONE',  ( 0.000000000000000000, 0.000000000000000000, 1.000000000000000000 ) ) ;
#266 = ORIENTED_EDGE ( 'NONE', *, *, #1320, .F. ) ;
#267 = VECTOR ( 'NONE', #222, 1000.000000000000000 ) ;
#268 = DIRECTION ( 'NONE',  ( 3.491481338843133355E-15, -2.392722035830077986E-16, 1.000000000000000000 ) ) ;
#269 = DIRECTION ( 'NONE',  ( -1.000000000000000000, 0.000000000000000000, 3.491481338843133355E-15 ) ) ;
#270 = DIRECTION ( 'NONE',  ( 0.000000000000000000, 0.000000000000000000, 1.000000000000000000 ) ) ;
#271 = FACE_OUTER_BOUND ( 'NONE', #172, .T. ) ;
#272 = EDGE_LOOP ( 'NONE', ( #1855, #1050, #1151, #671, #931, #439, #1451, #1122 ) ) ;
#273 = CIRCLE ( 'NONE', #1416, 35.00000000000000000 ) ;
#274 = LINE ( 'NONE', #1830, #1496 ) ;
#275 = AXIS2_PLACEMENT_3D ( 'NONE', #1699, #1586, #1444 ) ;
#276 = LINE ( 'NONE', #1663, #851 ) ;
#277 = ORIENTED_EDGE ( 'NONE', *, *, #1092, .F. ) ;
#278 = EDGE_CURVE ( 'NONE', #729, #1483, #653, .T. ) ;
#279 = ADVANCED_FACE ( 'NONE', ( #137 ), #1986, .T. ) ;
#280 = LINE ( 'NONE', #579, #505 ) ;
#281 = DIRECTION ( 'NONE',  ( 3.568574007723717789E-15, 0.000000000000000000, 1.000000000000000000 ) ) ;
#282 = CARTESIAN_POINT ( 'NONE',  ( 60.00000000000004974, -4.003577983217140648E-13, 18.00000000000001066 ) ) ;
#283 = DIRECTION ( 'NONE',  ( 1.734723475976806848E-16, 1.000000000000000000, -0.000000000000000000 ) ) ;
#284 = EDGE_LOOP ( 'NONE', ( #1609, #1103, #959, #293 ) ) ;
#285 = CARTESIAN_POINT ( 'NONE',  ( -60.00000000000007105, -7.499999999999992895, 24.99999999999998224 ) ) ;
#286 = CARTESIAN_POINT ( 'NONE',  ( 39.99999999999997868, 6.000000000000005329, 6.000000000000000000 ) ) ;
#287 = ORIENTED_EDGE ( 'NONE', *, *, #1989, .F. ) ;
#288 = EDGE_CURVE ( 'NONE', #246, #1670, #227, .T. ) ;
#289 = FACE_OUTER_BOUND ( 'NONE', #1030, .T. ) ;
#290 = CARTESIAN_POINT ( 'NONE',  ( 39.99999999999997868, 6.938893903907228378E-15, 0.000000000000000000 ) ) ;
#291 = CARTESIAN_POINT ( 'NONE',  ( 54.00000000000002132, -34.99999999999999289, 11.99999999999997513 ) ) ;
#292 = CARTESIAN_POINT ( 'NONE',  ( 60.00000000000009948, -20.00000000000025580, 35.00000000000021316 ) ) ;
#293 = ORIENTED_EDGE ( 'NONE', *, *, #413, .T. ) ;
#294 = CARTESIAN_POINT ( 'NONE',  ( -60.00000000000007105, 25.00000000000000000, 24.99999999999998579 ) ) ;
#295 = CYLINDRICAL_SURFACE ( 'NONE', #1091, 12.50000000000000355 ) ;
#296 = EDGE_LOOP ( 'NONE', ( #1154, #43, #1166, #880 ) ) ;
#297 = VECTOR ( 'NONE', #1799, 1000.000000000000000 ) ;
#298 = CIRCLE ( 'NONE', #70, 3.000000000000002665 ) ;
#299 = DIRECTION ( 'NONE',  ( 4.625929269271481378E-15, 0.000000000000000000, -1.000000000000000000 ) ) ;
#300 = CARTESIAN_POINT ( 'NONE',  ( -60.00000000000008527, 25.00000000000000000, 27.99999999999998224 ) ) ;
#301 = CIRCLE ( 'NONE', #169, 5.999999999999998224 ) ;
#302 = VECTOR ( 'NONE', #528, 1000.000000000000000 ) ;
#303 = FACE_OUTER_BOUND ( 'NONE', #94, .T. ) ;
#304 = CARTESIAN_POINT ( 'NONE',  ( 54.00000000000010658, 35.00000000000000711, 35.00000000000000711 ) ) ;
#305 = EDGE_CURVE ( 'NONE', #950, #1926, #977, .T. ) ;
#306 = EDGE_CURVE ( 'NONE', #1911, #1074, #984, .T. ) ;
#307 = VERTEX_POINT ( 'NONE', #383 ) ;
#308 = AXIS2_PLACEMENT_3D ( 'NONE', #1802, #1655, #892 ) ;
#309 = DIRECTION ( 'NONE',  ( 1.000000000000000000, -0.000000000000000000, -3.491481338843133355E-15 ) ) ;
#310 = EDGE_LOOP ( 'NONE', ( #891, #1189 ) ) ;
#311 = VECTOR ( 'NONE', #636, 1000.000000000000000 ) ;
#312 = ORIENTED_EDGE ( 'NONE', *, *, #1003, .F. ) ;
#313 = APPLICATION_PROTOCOL_DEFINITION ( 'international standard', 'config_control_design', 1994, #1137 ) ;
#314 = DIRECTION ( 'NONE',  ( 1.000000000000000000, 0.000000000000000000, 3.491481338843133355E-15 ) ) ;
#315 = CARTESIAN_POINT ( 'NONE',  ( -19.99999999999999645, 0.000000000000000000, 0.000000000000000000 ) ) ;
#316 = CARTESIAN_POINT ( 'NONE',  ( 60.00000000000008527, 20.00000000000001776, 32.00000000000014921 ) ) ;
#317 = EDGE_CURVE ( 'NONE', #1399, #578, #101, .T. ) ;
#318 = ORIENTED_EDGE ( 'NONE', *, *, #1469, .T. ) ;
#319 = CC_DESIGN_DATE_AND_TIME_ASSIGNMENT ( #323, #1105, ( #98 ) ) ;
#320 = DIRECTION ( 'NONE',  ( 1.000000000000000000, 0.000000000000000000, 3.491481338843133355E-15 ) ) ;
#321 = ORIENTED_EDGE ( 'NONE', *, *, #914, .F. ) ;
#322 = ORIENTED_EDGE ( 'NONE', *, *, #1148, .T. ) ;
#323 = DATE_AND_TIME ( #473, #1118 ) ;
#324 = CARTESIAN_POINT ( 'NONE',  ( -54.00000000000007105, 6.938893903907228378E-15, 25.00000000000000000 ) ) ;
#325 = CARTESIAN_POINT ( 'NONE',  ( -54.00000000000019185, 7.500000000000007105, 60.00000000000002132 ) ) ;
#326 = CARTESIAN_POINT ( 'NONE',  ( 60.00000000000000000, 35.00000000000001421, 0.000000000000000000 ) ) ;
#327 = VERTEX_POINT ( 'NONE', #37 ) ;
#328 = ADVANCED_FACE ( 'NONE', ( #1587 ), #675, .F. ) ;
#329 = LINE ( 'NONE', #171, #1590 ) ;
#330 = EDGE_LOOP ( 'NONE', ( #564, #1241, #130, #516 ) ) ;
#331 = EDGE_CURVE ( 'NONE', #855, #470, #1754, .T. ) ;
#332 = ORIENTED_EDGE ( 'NONE', *, *, #1113, .F. ) ;
#333 = CARTESIAN_POINT ( 'NONE',  ( 54.00000000000010658, 35.00000000000001421, 35.00000000000000000 ) ) ;
#334 = AXIS2_PLACEMENT_3D ( 'NONE', #1780, #397, #245 ) ;
#335 = LINE ( 'NONE', #1846, #1665 ) ;
#336 = LINE ( 'NONE', #1574, #1849 ) ;
#337 = AXIS2_PLACEMENT_3D ( 'NONE', #1239, #1848, #1709 ) ;
#338 = AXIS2_PLACEMENT_3D ( 'NONE', #1205, #1164, #721 ) ;
#339 = ORIENTED_EDGE ( 'NONE', *, *, #436, .F. ) ;
#340 = DIRECTION ( 'NONE',  ( -4.625929269271484533E-15, 0.000000000000000000, -1.000000000000000000 ) ) ;
#341 = ORIENTED_EDGE ( 'NONE', *, *, #708, .F. ) ;
#342 = ORIENTED_EDGE ( 'NONE', *, *, #1925, .F. ) ;
#343 = EDGE_CURVE ( 'NONE', #1570, #1108, #1282, .T. ) ;
#344 = MECHANICAL_CONTEXT ( 'NONE', #1427, 'mechanical' ) ;
#345 = EDGE_CURVE ( 'NONE', #1832, #1870, #1459, .T. ) ;
#346 = CIRCLE ( 'NONE', #1732, 34.99999999999999289 ) ;
#347 = CARTESIAN_POINT ( 'NONE',  ( -39.99999999999999289, 0.000000000000000000, 0.000000000000000000 ) ) ;
#348 = PLANE ( 'NONE',  #1375 ) ;
#349 = ORIENTED_EDGE ( 'NONE', *, *, #75, .T. ) ;
#350 = DIRECTION ( 'NONE',  ( -0.000000000000000000, -0.000000000000000000, 1.000000000000000000 ) ) ;
#351 = ORIENTED_EDGE ( 'NONE', *, *, #345, .T. ) ;
#352 = ORIENTED_EDGE ( 'NONE', *, *, #1079, .F. ) ;
#353 = ADVANCED_FACE ( 'NONE', ( #807 ), #373, .F. ) ;
#354 = FACE_BOUND ( 'NONE', #1623, .T. ) ;
#355 = DIRECTION ( 'NONE',  ( 0.000000000000000000, 2.478176394252580155E-17, -1.000000000000000000 ) ) ;
#356 = EDGE_CURVE ( 'NONE', #943, #1257, #1048, .T. ) ;
#357 = VERTEX_POINT ( 'NONE', #1612 ) ;
#358 = CARTESIAN_POINT ( 'NONE',  ( -54.00000000000007105, 7.500000000000007994, 25.00000000000000000 ) ) ;
#359 = VERTEX_POINT ( 'NONE', #1135 ) ;
#360 = LINE ( 'NONE', #1068, #1472 ) ;
#361 = EDGE_LOOP ( 'NONE', ( #569, #559, #1809, #710 ) ) ;
#362 = PERSON_AND_ORGANIZATION ( #1369, #46 ) ;
#363 = LINE ( 'NONE', #1598, #633 ) ;
#364 = DIRECTION ( 'NONE',  ( 3.491481338843133355E-15, 2.478176394252580155E-17, -1.000000000000000000 ) ) ;
#365 = CIRCLE ( 'NONE', #66, 6.000000000000000000 ) ;
#366 = AXIS2_PLACEMENT_3D ( 'NONE', #666, #1951, #1510 ) ;
#367 = CARTESIAN_POINT ( 'NONE',  ( 54.00000000000018474, 2.118407575146589058E-14, 58.00000000000002842 ) ) ;
#368 = ORIENTED_EDGE ( 'NONE', *, *, #238, .F. ) ;
#369 = LINE ( 'NONE', #1901, #1178 ) ;
#370 = ORIENTED_EDGE ( 'NONE', *, *, #1772, .T. ) ;
#371 = AXIS2_PLACEMENT_3D ( 'NONE', #1883, #1432, #146 ) ;
#372 = CARTESIAN_POINT ( 'NONE',  ( -39.99999999999999289, 0.000000000000000000, 0.000000000000000000 ) ) ;
#373 = CYLINDRICAL_SURFACE ( 'NONE', #1566, 2.999999999999995559 ) ;
#374 = AXIS2_PLACEMENT_3D ( 'NONE', #907, #1392, #1952 ) ;
#375 = EDGE_LOOP ( 'NONE', ( #422, #180, #1502, #65 ) ) ;
#376 = ADVANCED_FACE ( 'NONE', ( #219 ), #840, .F. ) ;
#377 = CYLINDRICAL_SURFACE ( 'NONE', #206, 3.000000000000000888 ) ;
#378 = EDGE_LOOP ( 'NONE', ( #608, #1093 ) ) ;
#379 = CARTESIAN_POINT ( 'NONE',  ( -60.00000000000018474, 7.500000000000007105, 60.00000000000000000 ) ) ;
#380 = ORIENTED_EDGE ( 'NONE', *, *, #1469, .F. ) ;
#381 = PERSON_AND_ORGANIZATION ( #1369, #46 ) ;
#382 = DIRECTION ( 'NONE',  ( -0.000000000000000000, -0.000000000000000000, -1.000000000000000000 ) ) ;
#383 = CARTESIAN_POINT ( 'NONE',  ( -60.00000000000002842, -35.00000000000000000, 11.99999999999995559 ) ) ;
#384 = DIRECTION ( 'NONE',  ( 0.000000000000000000, -1.000000000000000000, 0.000000000000000000 ) ) ;
#385 = VERTEX_POINT ( 'NONE', #532 ) ;
#386 = LINE ( 'NONE', #406, #201 ) ;
#387 = ORIENTED_EDGE ( 'NONE', *, *, #1783, .F. ) ;
#388 = ADVANCED_FACE ( 'NONE', ( #1156 ), #348, .T. ) ;
#389 = DIRECTION ( 'NONE',  ( -0.000000000000000000, -0.000000000000000000, -1.000000000000000000 ) ) ;
#390 = DIRECTION ( 'NONE',  ( 1.000000000000000000, 0.000000000000000000, 3.491481338843133355E-15 ) ) ;
#391 = ORIENTED_EDGE ( 'NONE', *, *, #225, .F. ) ;
#392 = VECTOR ( 'NONE', #727, 1000.000000000000000 ) ;
#393 = AXIS2_PLACEMENT_3D ( 'NONE', #1944, #412, #1046 ) ;
#394 = ORIENTED_EDGE ( 'NONE', *, *, #488, .F. ) ;
#395 = LINE ( 'NONE', #1456, #588 ) ;
#396 = AXIS2_PLACEMENT_3D ( 'NONE', #768, #917, #1700 ) ;
#397 = DIRECTION ( 'NONE',  ( 1.000000000000000000, 0.000000000000000000, -3.491481338843133355E-15 ) ) ;
#398 = EDGE_LOOP ( 'NONE', ( #1735, #112 ) ) ;
#399 = EDGE_CURVE ( 'NONE', #246, #1207, #58, .T. ) ;
#400 = CARTESIAN_POINT ( 'NONE',  ( -39.99999999999999289, -6.000000000000000000, 0.000000000000000000 ) ) ;
#401 = EDGE_CURVE ( 'NONE', #520, #327, #694, .T. ) ;
#402 = DIRECTION ( 'NONE',  ( 1.000000000000000000, -0.000000000000000000, -3.491481338843133355E-15 ) ) ;
#403 = DIRECTION ( 'NONE',  ( 3.568574007723717789E-15, 0.000000000000000000, 1.000000000000000000 ) ) ;
#404 = AXIS2_PLACEMENT_3D ( 'NONE', #693, #382, #1638 ) ;
#405 = VERTEX_POINT ( 'NONE', #1729 ) ;
#406 = CARTESIAN_POINT ( 'NONE',  ( -19.99999999999999645, -6.000000000000000000, 0.000000000000000000 ) ) ;
#407 = CARTESIAN_POINT ( 'NONE',  ( -48.00000000000002132, -35.00000000000000000, 11.99999999999999645 ) ) ;
#408 = ORIENTED_EDGE ( 'NONE', *, *, #1038, .T. ) ;
#409 = CARTESIAN_POINT ( 'NONE',  ( 54.00000000000012079, -20.00000000000025580, 38.00000000000023448 ) ) ;
#410 = FACE_BOUND ( 'NONE', #212, .T. ) ;
#411 = EDGE_CURVE ( 'NONE', #1664, #1361, #970, .T. ) ;
#412 = DIRECTION ( 'NONE',  ( -3.491481338843133355E-15, 0.000000000000000000, 1.000000000000000000 ) ) ;
#413 = EDGE_CURVE ( 'NONE', #1295, #1, #817, .T. ) ;
#414 = ORIENTED_EDGE ( 'NONE', *, *, #214, .T. ) ;
#415 = LINE ( 'NONE', #285, #131 ) ;
#416 = CARTESIAN_POINT ( 'NONE',  ( 54.00000000000009237, -20.00000000000025580, 32.00000000000022737 ) ) ;
#417 = ORIENTED_EDGE ( 'NONE', *, *, #646, .F. ) ;
#418 = DIRECTION ( 'NONE',  ( 1.000000000000000000, 0.000000000000000000, -3.491481338843133355E-15 ) ) ;
#419 = DIRECTION ( 'NONE',  ( 0.000000000000000000, 0.000000000000000000, 1.000000000000000000 ) ) ;
#420 = CYLINDRICAL_SURFACE ( 'NONE', #471, 3.000000000000002665 ) ;
#421 = CARTESIAN_POINT ( 'NONE',  ( -60.00000000000015632, 25.00000000000000000, 49.99999999999998579 ) ) ;
#422 = ORIENTED_EDGE ( 'NONE', *, *, #993, .F. ) ;
#424 = EDGE_CURVE ( 'NONE', #991, #1987, #889, .T. ) ;
#423 = FACE_OUTER_BOUND ( 'NONE', #191, .T. ) ;
#425 = CARTESIAN_POINT ( 'NONE',  ( 39.99999999999997868, 6.938893903907228378E-15, 6.000000000000000000 ) ) ;
#426 = ORIENTED_EDGE ( 'NONE', *, *, #1075, .F. ) ;
#427 = AXIS2_PLACEMENT_3D ( 'NONE', #1453, #1738, #522 ) ;
#428 = VECTOR ( 'NONE', #134, 1000.000000000000000 ) ;
#429 = DIRECTION ( 'NONE',  ( 3.330669073875468832E-15, 0.000000000000000000, 1.000000000000000000 ) ) ;
#430 = CARTESIAN_POINT ( 'NONE',  ( -54.00000000000002132, -35.00000000000000000, 11.99999999999997513 ) ) ;
#431 = DIRECTION ( 'NONE',  ( -1.000000000000000000, 0.000000000000000000, -3.469446951953615372E-15 ) ) ;
#432 = ORIENTED_EDGE ( 'NONE', *, *, #535, .F. ) ;
#433 = ORIENTED_EDGE ( 'NONE', *, *, #1187, .T. ) ;
#434 = CIRCLE ( 'NONE', #77, 3.000000000000002665 ) ;
#435 = CYLINDRICAL_SURFACE ( 'NONE', #782, 7.500000000000000000 ) ;
#436 = EDGE_CURVE ( 'NONE', #1341, #108, #1724, .T. ) ;
#437 = VECTOR ( 'NONE', #1923, 1000.000000000000000 ) ;
#438 = CARTESIAN_POINT ( 'NONE',  ( -60.00000000000005684, -25.00000000000000000, 21.99999999999999289 ) ) ;
#439 = ORIENTED_EDGE ( 'NONE', *, *, #288, .T. ) ;
#440 = DIRECTION ( 'NONE',  ( -1.000000000000000000, -3.469446951953614682E-16, 0.000000000000000000 ) ) ;
#441 = FACE_OUTER_BOUND ( 'NONE', #1991, .T. ) ;
#442 = CARTESIAN_POINT ( 'NONE',  ( -54.00000000000002132, 35.00000000000000000, 11.99999999999997513 ) ) ;
#443 = FACE_OUTER_BOUND ( 'NONE', #190, .T. ) ;
#444 = ORIENTED_EDGE ( 'NONE', *, *, #1414, .T. ) ;
#445 = CYLINDRICAL_SURFACE ( 'NONE', #1685, 2.999999999999995559 ) ;
#446 = DIRECTION ( 'NONE',  ( 3.491481338843133355E-15, -2.392722035830077986E-16, 1.000000000000000000 ) ) ;
#447 = EDGE_LOOP ( 'NONE', ( #834, #352 ) ) ;
#448 = ADVANCED_FACE ( 'NONE', ( #84 ), #882, .F. ) ;
#449 = DIRECTION ( 'NONE',  ( -1.000000000000000000, 0.000000000000000000, 3.491481338843133355E-15 ) ) ;
#450 = CARTESIAN_POINT ( 'NONE',  ( -60.00000000000019895, -35.00000000000000000, 60.00000000000000000 ) ) ;
#451 = ADVANCED_FACE ( 'NONE', ( #410, #1358, #123 ), #864, .F. ) ;
#452 = DIRECTION ( 'NONE',  ( 4.625929269271481378E-15, 0.000000000000000000, -1.000000000000000000 ) ) ;
#453 = DIRECTION ( 'NONE',  ( 8.652506634894447474E-32, -1.000000000000000000, -2.478176394252580155E-17 ) ) ;
#454 = VERTEX_POINT ( 'NONE', #1195 ) ;
#455 = DIRECTION ( 'NONE',  ( -0.000000000000000000, -1.000000000000000000, -0.000000000000000000 ) ) ;
#456 = CARTESIAN_POINT ( 'NONE',  ( 54.00000000000002132, -4.007251923614582450E-13, 12.00000000000002842 ) ) ;
#457 = ORIENTED_EDGE ( 'NONE', *, *, #1833, .F. ) ;
#458 = VECTOR ( 'NONE', #1555, 1000.000000000000000 ) ;
#459 = CIRCLE ( 'NONE', #195, 2.999999999999995559 ) ;
#460 = FACE_OUTER_BOUND ( 'NONE', #79, .T. ) ;
#461 = CIRCLE ( 'NONE', #1914, 35.00000000000000000 ) ;
#462 = ADVANCED_FACE ( 'NONE', ( #580 ), #543, .T. ) ;
#463 = CC_DESIGN_PERSON_AND_ORGANIZATION_ASSIGNMENT ( #1006, #995, ( #1475 ) ) ;
#464 = CARTESIAN_POINT ( 'NONE',  ( -54.00000000000007105, 6.938893903907228378E-15, 25.00000000000000000 ) ) ;
#465 = LINE ( 'NONE', #149, #496 ) ;
#466 = ORIENTED_EDGE ( 'NONE', *, *, #787, .T. ) ;
#467 = LOCAL_TIME ( 13, 49, 47.00000000000000000, #1903 ) ;
#468 = VECTOR ( 'NONE', #1910, 1000.000000000000000 ) ;
#469 = CARTESIAN_POINT ( 'NONE',  ( 54.00000000000003553, -4.007251923614582450E-13, 15.00000000000002842 ) ) ;
#470 = VERTEX_POINT ( 'NONE', #1044 ) ;
#471 = AXIS2_PLACEMENT_3D ( 'NONE', #723, #755, #452 ) ;
#472 = VERTEX_POINT ( 'NONE', #430 ) ;
#473 = CALENDAR_DATE ( 2026, 11, 7 ) ;
#474 = FACE_OUTER_BOUND ( 'NONE', #361, .T. ) ;
#475 = DIRECTION ( 'NONE',  ( 1.000000000000000000, 0.000000000000000000, 3.491481338843133355E-15 ) ) ;
#476 = CARTESIAN_POINT ( 'NONE',  ( -19.99999999999999645, -35.00000000000000711, 6.000000000000000000 ) ) ;
#477 = EDGE_CURVE ( 'NONE', #210, #1521, #135, .T. ) ;
#478 = ORIENTED_EDGE ( 'NONE', *, *, #56, .T. ) ;
#479 = ADVANCED_FACE ( 'NONE', ( #1959 ), #1795, .F. ) ;
#480 = ADVANCED_FACE ( 'NONE', ( #1630 ), #257, .F. ) ;
#481 = CARTESIAN_POINT ( 'NONE',  ( 54.00000000000002132, 35.00000000000001421, 11.99999999999997513 ) ) ;
#482 = EDGE_LOOP ( 'NONE', ( #426, #433, #1613, #170 ) ) ;
#483 = ORIENTED_EDGE ( 'NONE', *, *, #993, .T. ) ;
#484 = PERSON_AND_ORGANIZATION ( #1369, #46 ) ;
#485 = FACE_BOUND ( 'NONE', #1900, .T. ) ;
#486 = DIRECTION ( 'NONE',  ( 1.000000000000000000, -0.000000000000000000, -3.491481338843133355E-15 ) ) ;
#487 = ORIENTED_EDGE ( 'NONE', *, *, #547, .T. ) ;
#488 = EDGE_CURVE ( 'NONE', #1853, #1455, #461, .T. ) ;
#489 = DIRECTION ( 'NONE',  ( 1.000000000000000000, -0.000000000000000000, -3.491481338843133355E-15 ) ) ;
#490 = EDGE_LOOP ( 'NONE', ( #617, #1822, #1553, #414 ) ) ;
#491 = EDGE_LOOP ( 'NONE', ( #277, #466, #1789, #1643 ) ) ;
#492 =( LENGTH_UNIT ( ) NAMED_UNIT ( * ) SI_UNIT ( .MILLI., .METRE. ) );
#493 = CIRCLE ( 'NONE', #1626, 12.50000000000000355 ) ;
#494 = DIRECTION ( 'NONE',  ( -4.625929269271481378E-15, 0.000000000000000000, -1.000000000000000000 ) ) ;
#495 = CARTESIAN_POINT ( 'NONE',  ( 54.00000000000010658, 20.00000000000001776, 35.00000000000002132 ) ) ;
#496 = VECTOR ( 'NONE', #486, 1000.000000000000000 ) ;
#497 = AXIS2_PLACEMENT_3D ( 'NONE', #732, #712, #1667 ) ;
#498 = VERTEX_POINT ( 'NONE', #905 ) ;
#499 = LINE ( 'NONE', #1121, #1540 ) ;
#500 = ORIENTED_EDGE ( 'NONE', *, *, #810, .T. ) ;
#501 = EDGE_CURVE ( 'NONE', #1646, #828, #1174, .T. ) ;
#502 = ORIENTED_EDGE ( 'NONE', *, *, #1617, .F. ) ;
#503 = CARTESIAN_POINT ( 'NONE',  ( -60.00000000000008527, -25.00000000000000000, 27.99999999999998224 ) ) ;
#504 = CIRCLE ( 'NONE', #759, 3.000000000000002665 ) ;
#505 = VECTOR ( 'NONE', #1487, 1000.000000000000000 ) ;
#506 = DIRECTION ( 'NONE',  ( 4.625929269271481378E-15, 0.000000000000000000, -1.000000000000000000 ) ) ;
#507 = DIRECTION ( 'NONE',  ( -4.625929269271481378E-15, 0.000000000000000000, -1.000000000000000000 ) ) ;
#508 = CARTESIAN_POINT ( 'NONE',  ( -60.00000000000017764, -25.00000000000000000, 52.99999999999999289 ) ) ;
#509 = PRODUCT ( 'U-Bracket', 'U-Bracket', '', ( #344 ) ) ;
#510 = ORIENTED_EDGE ( 'NONE', *, *, #477, .F. ) ;
#511 = LINE ( 'NONE', #1593, #1245 ) ;
#512 = ORIENTED_EDGE ( 'NONE', *, *, #1187, .F. ) ;
#513 = CARTESIAN_POINT ( 'NONE',  ( 39.99999999999997868, 6.000000000000007105, 0.000000000000000000 ) ) ;
#514 = EDGE_CURVE ( 'NONE', #1207, #1870, #1786, .T. ) ;
#515 = CARTESIAN_POINT ( 'NONE',  ( 60.00000000000000000, -34.99999999999999289, 6.000000000000000000 ) ) ;
#516 = ORIENTED_EDGE ( 'NONE', *, *, #821, .T. ) ;
#517 = DIRECTION ( 'NONE',  ( 3.568574007723717789E-15, 0.000000000000000000, 1.000000000000000000 ) ) ;
#518 = VERTEX_POINT ( 'NONE', #1498 ) ;
#519 = DIRECTION ( 'NONE',  ( -0.000000000000000000, -0.000000000000000000, 1.000000000000000000 ) ) ;
#520 = VERTEX_POINT ( 'NONE', #235 ) ;
#521 = CYLINDRICAL_SURFACE ( 'NONE', #404, 24.99999999999999289 ) ;
#522 = DIRECTION ( 'NONE',  ( -4.625929269271481378E-15, 0.000000000000000000, -1.000000000000000000 ) ) ;
#523 = AXIS2_PLACEMENT_3D ( 'NONE', #292, #1415, #1262 ) ;
#524 = ORIENTED_EDGE ( 'NONE', *, *, #1273, .F. ) ;
#525 = AXIS2_PLACEMENT_3D ( 'NONE', #1684, #926, #1624 ) ;
#526 = DIRECTION ( 'NONE',  ( 0.000000000000000000, 0.000000000000000000, -1.000000000000000000 ) ) ;
#527 = ORIENTED_EDGE ( 'NONE', *, *, #306, .F. ) ;
#528 = DIRECTION ( 'NONE',  ( 3.491481338843133355E-15, 2.478176394252580155E-17, -1.000000000000000000 ) ) ;
#529 = ORIENTED_EDGE ( 'NONE', *, *, #1819, .T. ) ;
#530 = AXIS2_PLACEMENT_3D ( 'NONE', #1083, #350, #1747 ) ;
#531 = DIRECTION ( 'NONE',  ( -0.000000000000000000, -0.000000000000000000, 1.000000000000000000 ) ) ;
#532 = CARTESIAN_POINT ( 'NONE',  ( -60.00000000000005684, 25.00000000000000000, 21.99999999999999289 ) ) ;
#533 = AXIS2_PLACEMENT_3D ( 'NONE', #21, #177, #799 ) ;
#534 = ADVANCED_FACE ( 'NONE', ( #104 ), #1518, .F. ) ;
#535 = EDGE_CURVE ( 'NONE', #1911, #813, #1776, .T. ) ;
#536 = DIRECTION ( 'NONE',  ( -4.625929269271481378E-15, 0.000000000000000000, -1.000000000000000000 ) ) ;
#537 = EDGE_LOOP ( 'NONE', ( #139, #1304, #1588, #1297 ) ) ;
#539 = EDGE_CURVE ( 'NONE', #1119, #876, #40, .T. ) ;
#538 = CARTESIAN_POINT ( 'NONE',  ( -19.99999999999999645, 6.000000000000000000, 0.000000000000000000 ) ) ;
#540 = ORIENTED_EDGE ( 'NONE', *, *, #1237, .F. ) ;
#541 = CALENDAR_DATE ( 2026, 11, 7 ) ;
#542 = CARTESIAN_POINT ( 'NONE',  ( 39.99999999999997868, 6.000000000000007105, 6.000000000000000000 ) ) ;
#543 = CYLINDRICAL_SURFACE ( 'NONE', #656, 34.99999999999999289 ) ;
#544 = ORIENTED_EDGE ( 'NONE', *, *, #250, .T. ) ;
#545 = DIRECTION ( 'NONE',  ( -0.000000000000000000, -0.000000000000000000, 1.000000000000000000 ) ) ;
#546 = ADVANCED_FACE ( 'NONE', ( #873, #1488, #92 ), #1560, .T. ) ;
#547 = EDGE_CURVE ( 'NONE', #1287, #983, #1940, .T. ) ;
#548 = CARTESIAN_POINT ( 'NONE',  ( -19.99999999999999645, 0.000000000000000000, 6.000000000000000000 ) ) ;
#549 = ORIENTED_EDGE ( 'NONE', *, *, #356, .T. ) ;
#550 = FACE_OUTER_BOUND ( 'NONE', #940, .T. ) ;
#551 = DIRECTION ( 'NONE',  ( -0.000000000000000000, 0.000000000000000000, -1.000000000000000000 ) ) ;
#552 = FACE_BOUND ( 'NONE', #1097, .T. ) ;
#553 = CIRCLE ( 'NONE', #1746, 11.99999999999999645 ) ;
#554 = VERTEX_POINT ( 'NONE', #766 ) ;
#555 = PLANE ( 'NONE',  #1214 ) ;
#556 = AXIS2_PLACEMENT_3D ( 'NONE', #290, #1538, #1391 ) ;
#557 = VECTOR ( 'NONE', #1927, 1000.000000000000000 ) ;
#558 = DIRECTION ( 'NONE',  ( -0.000000000000000000, 1.000000000000000000, 0.000000000000000000 ) ) ;
#559 = ORIENTED_EDGE ( 'NONE', *, *, #1113, .T. ) ;
#560 = ADVANCED_FACE ( 'NONE', ( #1401 ), #602, .F. ) ;
#561 = DIRECTION ( 'NONE',  ( 0.000000000000000000, -1.000000000000000000, 0.000000000000000000 ) ) ;
#562 = DIRECTION ( 'NONE',  ( -1.000000000000000000, 0.000000000000000000, 3.491481338843133355E-15 ) ) ;
#563 = ADVANCED_FACE ( 'NONE', ( #474 ), #1984, .F. ) ;
#564 = ORIENTED_EDGE ( 'NONE', *, *, #1662, .T. ) ;
#565 = AXIS2_PLACEMENT_3D ( 'NONE', #464, #475, #806 ) ;
#566 = ORIENTED_EDGE ( 'NONE', *, *, #770, .F. ) ;
#567 = LINE ( 'NONE', #1840, #885 ) ;
#568 = DIRECTION ( 'NONE',  ( 0.000000000000000000, 0.000000000000000000, 1.000000000000000000 ) ) ;
#569 = ORIENTED_EDGE ( 'NONE', *, *, #685, .F. ) ;
#570 = CARTESIAN_POINT ( 'NONE',  ( -48.00000000000002132, -35.00000000000000000, 11.99999999999999645 ) ) ;
#571 = CARTESIAN_POINT ( 'NONE',  ( 5.204170427930421283E-15, -50.00000000000000711, 6.000000000000000000 ) ) ;
#572 = EDGE_CURVE ( 'NONE', #518, #1607, #1248, .T. ) ;
#573 = CARTESIAN_POINT ( 'NONE',  ( -54.00000000000017053, 25.00000000000000000, 53.00000000000001421 ) ) ;
#574 = DIRECTION ( 'NONE',  ( 0.000000000000000000, -0.000000000000000000, 1.000000000000000000 ) ) ;
#575 = ORIENTED_EDGE ( 'NONE', *, *, #1237, .T. ) ;
#576 = CARTESIAN_POINT ( 'NONE',  ( 19.99999999999999645, -35.00000000000000000, 6.000000000000000000 ) ) ;
#577 = DIRECTION ( 'NONE',  ( 0.000000000000000000, 0.000000000000000000, -1.000000000000000000 ) ) ;
#578 = VERTEX_POINT ( 'NONE', #1856 ) ;
#579 = CARTESIAN_POINT ( 'NONE',  ( -60.00000000000004974, 6.938893903907228378E-15, 17.49999999999998224 ) ) ;
#580 = FACE_OUTER_BOUND ( 'NONE', #1420, .T. ) ;
#581 = CARTESIAN_POINT ( 'NONE',  ( -60.00000000000018474, 35.00000000000000000, 60.00000000000000000 ) ) ;
#582 = CARTESIAN_POINT ( 'NONE',  ( 39.99999999999997868, 6.000000000000007105, 0.000000000000000000 ) ) ;
#583 = EDGE_CURVE ( 'NONE', #1421, #1632, #1098, .T. ) ;
#584 = EDGE_LOOP ( 'NONE', ( #339, #1457, #318, #979 ) ) ;
#585 = DIRECTION ( 'NONE',  ( 4.625929269271492422E-15, 0.000000000000000000, -1.000000000000000000 ) ) ;
#586 = EDGE_LOOP ( 'NONE', ( #1922, #1177, #266, #341 ) ) ;
#587 = VECTOR ( 'NONE', #1471, 1000.000000000000000 ) ;
#588 = VECTOR ( 'NONE', #202, 1000.000000000000000 ) ;
#589 = DIRECTION ( 'NONE',  ( 0.000000000000000000, 0.000000000000000000, 1.000000000000000000 ) ) ;
#590 = DIRECTION ( 'NONE',  ( -8.354144337139467070E-31, -1.000000000000000000, -2.392722035830077986E-16 ) ) ;
#591 = CARTESIAN_POINT ( 'NONE',  ( -48.00000000000002132, 35.00000000000000000, 11.99999999999999645 ) ) ;
#592 = CARTESIAN_POINT ( 'NONE',  ( -60.00000000000007105, 6.938893903907228378E-15, 24.99999999999998224 ) ) ;
#593 = CC_DESIGN_SECURITY_CLASSIFICATION ( #1755, ( #1475 ) ) ;
#594 = VERTEX_POINT ( 'NONE', #1077 ) ;
#595 = AXIS2_PLACEMENT_3D ( 'NONE', #347, #1865, #777 ) ;
#596 = PLANE ( 'NONE',  #1528 ) ;
#597 = CIRCLE ( 'NONE', #1381, 12.49999999999999645 ) ;
#598 = EDGE_CURVE ( 'NONE', #1271, #1705, #102, .T. ) ;
#599 = FACE_OUTER_BOUND ( 'NONE', #1618, .T. ) ;
#600 = ORIENTED_EDGE ( 'NONE', *, *, #761, .T. ) ;
#601 = FACE_OUTER_BOUND ( 'NONE', #1329, .T. ) ;
#602 = PLANE ( 'NONE',  #1085 ) ;
#603 = DIRECTION ( 'NONE',  ( 1.000000000000000000, 0.000000000000000000, 0.000000000000000000 ) ) ;
#604 = DIRECTION ( 'NONE',  ( 1.000000000000000000, 0.000000000000000000, 3.491481338843133355E-15 ) ) ;
#605 = ORIENTED_EDGE ( 'NONE', *, *, #1686, .F. ) ;
#606 = DIRECTION ( 'NONE',  ( -0.000000000000000000, -0.000000000000000000, 1.000000000000000000 ) ) ;
#607 = DIRECTION ( 'NONE',  ( 3.330669073875468832E-15, 0.000000000000000000, 1.000000000000000000 ) ) ;
#608 = ORIENTED_EDGE ( 'NONE', *, *, #424, .T. ) ;
#609 = ADVANCED_FACE ( 'NONE', ( #460 ), #1995, .T. ) ;
#610 = DESIGN_CONTEXT ( 'detailed design', #1137, 'design' ) ;
#611 = PERSON_AND_ORGANIZATION ( #1369, #46 ) ;
#612 = DIRECTION ( 'NONE',  ( -0.000000000000000000, 0.000000000000000000, -1.000000000000000000 ) ) ;
#613 = CARTESIAN_POINT ( 'NONE',  ( 60.00000000000017053, 2.081668171172168513E-14, 55.00000000000000711 ) ) ;
#614 = LINE ( 'NONE', #476, #1143 ) ;
#615 = EDGE_LOOP ( 'NONE', ( #1264, #1773, #408, #120 ) ) ;
#616 = LINE ( 'NONE', #456, #1081 ) ;
#617 = ORIENTED_EDGE ( 'NONE', *, *, #514, .F. ) ;
#618 = VECTOR ( 'NONE', #1376, 1000.000000000000000 ) ;
#619 = VECTOR ( 'NONE', #1897, 1000.000000000000000 ) ;
#620 = EDGE_CURVE ( 'NONE', #1682, #1421, #360, .T. ) ;
#621 = ORIENTED_EDGE ( 'NONE', *, *, #1834, .F. ) ;
#622 = PERSON_AND_ORGANIZATION_ROLE ( 'creator' ) ;
#623 = CARTESIAN_POINT ( 'NONE',  ( -60.00000000000007105, -25.00000000000000000, 24.99999999999998579 ) ) ;
#624 = CIRCLE ( 'NONE', #1176, 2.999999999999857003 ) ;
#625 = DIRECTION ( 'NONE',  ( -1.000000000000000000, 0.000000000000000000, 0.000000000000000000 ) ) ;
#626 = EDGE_CURVE ( 'NONE', #1271, #1521, #511, .T. ) ;
#627 = DIRECTION ( 'NONE',  ( 0.000000000000000000, -1.000000000000000000, 0.000000000000000000 ) ) ;
#628 = ORIENTED_EDGE ( 'NONE', *, *, #539, .T. ) ;
#629 = APPROVAL_PERSON_ORGANIZATION ( #484, #1605, #1390 ) ;
#630 = AXIS2_PLACEMENT_3D ( 'NONE', #740, #256, #429 ) ;
#631 = DIRECTION ( 'NONE',  ( 1.000000000000000000, 0.000000000000000000, -3.491481338843133355E-15 ) ) ;
#632 = ORIENTED_EDGE ( 'NONE', *, *, #225, .T. ) ;
#633 = VECTOR ( 'NONE', #674, 1000.000000000000000 ) ;
#634 = ORIENTED_EDGE ( 'NONE', *, *, #1493, .F. ) ;
#635 = LINE ( 'NONE', #1380, #1441 ) ;
#636 = DIRECTION ( 'NONE',  ( 1.000000000000000000, 0.000000000000000000, 3.491481338843133355E-15 ) ) ;
#637 = DIRECTION ( 'NONE',  ( 0.000000000000000000, 0.000000000000000000, 1.000000000000000000 ) ) ;
#638 = EDGE_CURVE ( 'NONE', #204, #658, #624, .T. ) ;
#639 = EDGE_LOOP ( 'NONE', ( #796, #229, #1653, #1650 ) ) ;
#640 = LINE ( 'NONE', #1406, #194 ) ;
#641 = ORIENTED_EDGE ( 'NONE', *, *, #773, .F. ) ;
#642 = ORIENTED_EDGE ( 'NONE', *, *, #810, .F. ) ;
#643 = DIRECTION ( 'NONE',  ( 1.000000000000000000, 0.000000000000000000, 3.491481338843133355E-15 ) ) ;
#644 = DIRECTION ( 'NONE',  ( -1.000000000000000000, 0.000000000000000000, 3.491481338843133355E-15 ) ) ;
#645 = DIRECTION ( 'NONE',  ( -3.491481338843133355E-15, 2.392722035830078479E-16, -1.000000000000000000 ) ) ;
#646 = EDGE_CURVE ( 'NONE', #1207, #1182, #301, .T. ) ;
#647 = ORIENTED_EDGE ( 'NONE', *, *, #1516, .F. ) ;
#648 = DIRECTION ( 'NONE',  ( 0.000000000000000000, -1.000000000000000000, -0.000000000000000000 ) ) ;
#649 = ORIENTED_EDGE ( 'NONE', *, *, #1234, .F. ) ;
#650 = ORIENTED_EDGE ( 'NONE', *, *, #681, .T. ) ;
#651 = AXIS2_PLACEMENT_3D ( 'NONE', #1680, #121, #1661 ) ;
#652 = CARTESIAN_POINT ( 'NONE',  ( -54.00000000000005684, -25.00000000000000000, 22.00000000000001421 ) ) ;
#653 = CIRCLE ( 'NONE', #1782, 6.000000000000000000 ) ;
#654 = CARTESIAN_POINT ( 'NONE',  ( -60.00000000000014211, -25.00000000000000000, 46.99999999999998579 ) ) ;
#655 = DIRECTION ( 'NONE',  ( 1.000000000000000000, 0.000000000000000000, 3.491481338843133355E-15 ) ) ;
#656 = AXIS2_PLACEMENT_3D ( 'NONE', #1803, #562, #1480 ) ;
#657 = AXIS2_PLACEMENT_3D ( 'NONE', #1874, #998, #507 ) ;
#658 = VERTEX_POINT ( 'NONE', #1826 ) ;
#659 = LINE ( 'NONE', #1150, #141 ) ;
#660 = VERTEX_POINT ( 'NONE', #300 ) ;
#661 = ADVANCED_FACE ( 'NONE', ( #441 ), #1526, .F. ) ;
#662 = EDGE_LOOP ( 'NONE', ( #1306, #182, #1353, #1731 ) ) ;
#663 = CALENDAR_DATE ( 2026, 11, 7 ) ;
#664 = AXIS2_PLACEMENT_3D ( 'NONE', #1658, #270, #1511 ) ;
#665 = DIRECTION ( 'NONE',  ( 1.000000000000000000, 0.000000000000000000, 0.000000000000000000 ) ) ;
#666 = CARTESIAN_POINT ( 'NONE',  ( -60.00000000000007105, -25.00000000000000000, 24.99999999999998579 ) ) ;
#667 = EDGE_LOOP ( 'NONE', ( #1669, #1578, #628, #1370 ) ) ;
#668 = LINE ( 'NONE', #1733, #1727 ) ;
#669 = ORIENTED_EDGE ( 'NONE', *, *, #673, .T. ) ;
#670 = DIRECTION ( 'NONE',  ( 0.000000000000000000, 0.000000000000000000, -1.000000000000000000 ) ) ;
#671 = ORIENTED_EDGE ( 'NONE', *, *, #1532, .T. ) ;
#672 = EDGE_CURVE ( 'NONE', #518, #1570, #1411, .T. ) ;
#673 = EDGE_CURVE ( 'NONE', #1268, #454, #1751, .T. ) ;
#674 = DIRECTION ( 'NONE',  ( 1.000000000000000000, 1.751623080406021339E-46, -3.491481338843133355E-15 ) ) ;
#675 = CYLINDRICAL_SURFACE ( 'NONE', #1913, 3.000000000000002665 ) ;
#676 = DIRECTION ( 'NONE',  ( 1.000000000000000000, 0.000000000000000000, -3.491481338843133355E-15 ) ) ;
#677 = ORIENTED_EDGE ( 'NONE', *, *, #836, .T. ) ;
#678 = FACE_OUTER_BOUND ( 'NONE', #738, .T. ) ;
#679 = EDGE_LOOP ( 'NONE', ( #650, #1233, #1278, #39 ) ) ;
#680 = SECURITY_CLASSIFICATION_LEVEL ( 'unclassified' ) ;
#681 = EDGE_CURVE ( 'NONE', #1607, #307, #635, .T. ) ;
#682 = CARTESIAN_POINT ( 'NONE',  ( 19.99999999999999645, 6.000000000000005329, 0.000000000000000000 ) ) ;
#683 = DIRECTION ( 'NONE',  ( 4.625929269271492422E-15, 0.000000000000000000, -1.000000000000000000 ) ) ;
#684 = CIRCLE ( 'NONE', #1142, 5.999999999999998224 ) ;
#685 = EDGE_CURVE ( 'NONE', #1987, #991, #687, .T. ) ;
#686 = EDGE_LOOP ( 'NONE', ( #621, #1313, #1568, #1221 ) ) ;
#687 = CIRCLE ( 'NONE', #525, 2.999999999999995559 ) ;
#688 = DIRECTION ( 'NONE',  ( 3.568574007723717789E-15, 0.000000000000000000, 1.000000000000000000 ) ) ;
#689 = ORIENTED_EDGE ( 'NONE', *, *, #1662, .F. ) ;
#690 = LINE ( 'NONE', #379, #267 ) ;
#691 = ORIENTED_EDGE ( 'NONE', *, *, #1834, .T. ) ;
#692 = AXIS2_PLACEMENT_3D ( 'NONE', #160, #631, #1224 ) ;
#693 = CARTESIAN_POINT ( 'NONE',  ( 0.000000000000000000, 50.00000000000000000, 6.000000000000000000 ) ) ;
#694 = LINE ( 'NONE', #1117, #198 ) ;
#695 = AXIS2_PLACEMENT_3D ( 'NONE', #63, #389, #1134 ) ;
#696 = ADVANCED_FACE ( 'NONE', ( #678 ), #555, .T. ) ;
#697 = EDGE_CURVE ( 'NONE', #1981, #1570, #395, .T. ) ;
#698 = EDGE_LOOP ( 'NONE', ( #1893, #1460 ) ) ;
#699 = DIRECTION ( 'NONE',  ( -1.000000000000000000, 0.000000000000000000, 3.491481338843133355E-15 ) ) ;
#700 = DIRECTION ( 'NONE',  ( -1.000000000000000000, 0.000000000000000000, 0.000000000000000000 ) ) ;
#701 = ORIENTED_EDGE ( 'NONE', *, *, #1603, .T. ) ;
#702 = LINE ( 'NONE', #400, #996 ) ;
#703 = DIRECTION ( 'NONE',  ( -1.000000000000000000, 0.000000000000000000, 0.000000000000000000 ) ) ;
#704 = DIRECTION ( 'NONE',  ( 1.000000000000000000, 0.000000000000000000, 3.491481338843133355E-15 ) ) ;
#705 = ADVANCED_FACE ( 'NONE', ( #1790 ), #1449, .T. ) ;
#706 = ORIENTED_EDGE ( 'NONE', *, *, #598, .F. ) ;
#707 = FACE_OUTER_BOUND ( 'NONE', #143, .T. ) ;
#708 = EDGE_CURVE ( 'NONE', #845, #1801, #1167, .T. ) ;
#709 = DIRECTION ( 'NONE',  ( -1.000000000000000000, 0.000000000000000000, 0.000000000000000000 ) ) ;
#710 = ORIENTED_EDGE ( 'NONE', *, *, #124, .F. ) ;
#711 = DIRECTION ( 'NONE',  ( -3.469446951953614682E-16, 1.000000000000000000, 0.000000000000000000 ) ) ;
#712 = DIRECTION ( 'NONE',  ( 0.000000000000000000, -1.000000000000000000, -0.000000000000000000 ) ) ;
#713 = DIRECTION ( 'NONE',  ( 4.625929269271492422E-15, 0.000000000000000000, -1.000000000000000000 ) ) ;
#714 = CIRCLE ( 'NONE', #1877, 3.000000000000002665 ) ;
#715 = ORIENTED_EDGE ( 'NONE', *, *, #965, .T. ) ;
#716 = LINE ( 'NONE', #920, #96 ) ;
#717 = VECTOR ( 'NONE', #1924, 1000.000000000000000 ) ;
#718 = CARTESIAN_POINT ( 'NONE',  ( -60.00000000000004974, 6.938893903907228378E-15, 17.49999999999998224 ) ) ;
#719 = ORIENTED_EDGE ( 'NONE', *, *, #1642, .F. ) ;
#720 = CARTESIAN_POINT ( 'NONE',  ( 60.00000000000000000, -34.99999999999999289, 6.000000000000000000 ) ) ;
#721 = DIRECTION ( 'NONE',  ( -4.625929269271481378E-15, 0.000000000000000000, -1.000000000000000000 ) ) ;
#722 = VECTOR ( 'NONE', #268, 1000.000000000000000 ) ;
#723 = CARTESIAN_POINT ( 'NONE',  ( -60.00000000000015632, -25.00000000000000000, 49.99999999999998579 ) ) ;
#724 = FACE_BOUND ( 'NONE', #378, .T. ) ;
#725 = VECTOR ( 'NONE', #985, 1000.000000000000000 ) ;
#726 = ORIENTED_EDGE ( 'NONE', *, *, #1939, .T. ) ;
#727 = DIRECTION ( 'NONE',  ( 0.000000000000000000, 0.000000000000000000, -1.000000000000000000 ) ) ;
#728 = LINE ( 'NONE', #1333, #38 ) ;
#729 = VERTEX_POINT ( 'NONE', #1152 ) ;
#730 = EDGE_CURVE ( 'NONE', #1926, #1084, #1146, .T. ) ;
#731 = CARTESIAN_POINT ( 'NONE',  ( -48.00000000000002132, -35.00000000000000000, -1.734723475976807094E-15 ) ) ;
#732 = CARTESIAN_POINT ( 'NONE',  ( 39.99999999999999289, -5.999999999999992895, 0.000000000000000000 ) ) ;
#733 = CARTESIAN_POINT ( 'NONE',  ( 0.000000000000000000, 50.00000000000000000, 6.000000000000000000 ) ) ;
#734 = DIRECTION ( 'NONE',  ( -1.000000000000000000, 0.000000000000000000, -3.491481338843133355E-15 ) ) ;
#735 = ORIENTED_EDGE ( 'NONE', *, *, #1136, .T. ) ;
#736 = DIRECTION ( 'NONE',  ( 1.000000000000000000, 0.000000000000000000, 3.491481338843133355E-15 ) ) ;
#737 = DIRECTION ( 'NONE',  ( 0.000000000000000000, 0.000000000000000000, -1.000000000000000000 ) ) ;
#738 = EDGE_LOOP ( 'NONE', ( #1165, #1230, #677, #1544 ) ) ;
#739 = ORIENTED_EDGE ( 'NONE', *, *, #251, .T. ) ;
#740 = CARTESIAN_POINT ( 'NONE',  ( 60.00000000000009948, 1.825256829971793116E-14, 34.99999999999998579 ) ) ;
#741 = DIRECTION ( 'NONE',  ( 1.734723475976807341E-16, -1.000000000000000000, 0.000000000000000000 ) ) ;
#742 = CARTESIAN_POINT ( 'NONE',  ( 54.00000000000022737, 1.825256829971793116E-14, 70.00000000000000000 ) ) ;
#743 = CARTESIAN_POINT ( 'NONE',  ( -54.00000000000002132, -35.00000000000000000, 11.99999999999997513 ) ) ;
#744 = ADVANCED_FACE ( 'NONE', ( #1770 ), #1160, .F. ) ;
#745 = EDGE_LOOP ( 'NONE', ( #1254, #15, #197, #632 ) ) ;
#746 = CARTESIAN_POINT ( 'NONE',  ( 48.00000000000002132, 35.00000000000001421, 5.999999999999998224 ) ) ;
#747 = AXIS2_PLACEMENT_3D ( 'NONE', #1021, #1364, #1053 ) ;
#748 = DIRECTION ( 'NONE',  ( 0.000000000000000000, 1.000000000000000000, 0.000000000000000000 ) ) ;
#749 = ORIENTED_EDGE ( 'NONE', *, *, #401, .F. ) ;
#750 = VECTOR ( 'NONE', #167, 1000.000000000000000 ) ;
#751 = VECTOR ( 'NONE', #164, 1000.000000000000000 ) ;
#752 = ORIENTED_EDGE ( 'NONE', *, *, #620, .F. ) ;
#753 = FACE_BOUND ( 'NONE', #1515, .T. ) ;
#754 = DIRECTION ( 'NONE',  ( -1.000000000000000000, -0.000000000000000000, -3.491481338843133355E-15 ) ) ;
#755 = DIRECTION ( 'NONE',  ( 1.000000000000000000, 0.000000000000000000, 3.491481338843133355E-15 ) ) ;
#756 = DIRECTION ( 'NONE',  ( -4.625929269271481378E-15, 0.000000000000000000, -1.000000000000000000 ) ) ;
#757 = AXIS2_PLACEMENT_3D ( 'NONE', #972, #823, #536 ) ;
#758 = ORIENTED_EDGE ( 'NONE', *, *, #1273, .T. ) ;
#759 = AXIS2_PLACEMENT_3D ( 'NONE', #968, #1858, #506 ) ;
#761 = EDGE_CURVE ( 'NONE', #950, #1632, #690, .T. ) ;
#760 = DIRECTION ( 'NONE',  ( -0.000000000000000000, -0.000000000000000000, -1.000000000000000000 ) ) ;
#762 = CIRCLE ( 'NONE', #630, 12.50000000000000355 ) ;
#763 = CYLINDRICAL_SURFACE ( 'NONE', #1283, 3.000000000000000888 ) ;
#764 = ORIENTED_EDGE ( 'NONE', *, *, #988, .T. ) ;
#765 = DIRECTION ( 'NONE',  ( 4.625929269271481378E-15, 0.000000000000000000, -1.000000000000000000 ) ) ;
#766 = CARTESIAN_POINT ( 'NONE',  ( 60.00000000000015632, 2.081668171172168513E-14, 52.00000000000000711 ) ) ;
#767 = DIRECTION ( 'NONE',  ( 1.000000000000000000, 0.000000000000000000, 3.491481338843133355E-15 ) ) ;
#768 = CARTESIAN_POINT ( 'NONE',  ( 54.00000000000003553, -4.007251923614582450E-13, 15.00000000000002842 ) ) ;
#769 = ORIENTED_EDGE ( 'NONE', *, *, #535, .T. ) ;
#770 = EDGE_CURVE ( 'NONE', #729, #973, #386, .T. ) ;
#771 = LINE ( 'NONE', #12, #1276 ) ;
#772 = ORIENTED_EDGE ( 'NONE', *, *, #1867, .T. ) ;
#773 = EDGE_CURVE ( 'NONE', #1141, #204, #61, .T. ) ;
#774 = EDGE_LOOP ( 'NONE', ( #368, #183, #1442, #1915 ) ) ;
#775 = APPROVAL_DATE_TIME ( #155, #1605 ) ;
#776 = CARTESIAN_POINT ( 'NONE',  ( 5.204170427930421283E-15, -50.00000000000000711, 0.000000000000000000 ) ) ;
#777 = DIRECTION ( 'NONE',  ( 1.000000000000000000, 0.000000000000000000, 0.000000000000000000 ) ) ;
#778 = DIRECTION ( 'NONE',  ( 1.000000000000000000, 0.000000000000000000, 3.491481338843133355E-15 ) ) ;
#779 = EDGE_LOOP ( 'NONE', ( #1558, #963, #1957, #159 ) ) ;
#780 = DIRECTION ( 'NONE',  ( 0.000000000000000000, 1.000000000000000000, 0.000000000000000000 ) ) ;
#781 = ORIENTED_EDGE ( 'NONE', *, *, #952, .F. ) ;
#782 = AXIS2_PLACEMENT_3D ( 'NONE', #1072, #1040, #888 ) ;
#783 = VECTOR ( 'NONE', #1301, 1000.000000000000000 ) ;
#784 = ORIENTED_EDGE ( 'NONE', *, *, #1619, .T. ) ;
#785 = APPROVAL_STATUS ( 'not_yet_approved' ) ;
#786 = CARTESIAN_POINT ( 'NONE',  ( 60.00000000000009948, 20.00000000000001776, 35.00000000000000000 ) ) ;
#787 = EDGE_CURVE ( 'NONE', #1299, #106, #1020, .T. ) ;
#788 = VECTOR ( 'NONE', #48, 1000.000000000000000 ) ;
#789 = FACE_OUTER_BOUND ( 'NONE', #1742, .T. ) ;
#790 = LINE ( 'NONE', #1270, #886 ) ;
#791 = EDGE_LOOP ( 'NONE', ( #1548, #1948, #784, #370, #764 ) ) ;
#792 = CIRCLE ( 'NONE', #107, 3.000000000000002665 ) ;
#793 = DIRECTION ( 'NONE',  ( 3.330669073875468832E-15, 0.000000000000000000, 1.000000000000000000 ) ) ;
#794 = ORIENTED_EDGE ( 'NONE', *, *, #238, .T. ) ;
#795 = CIRCLE ( 'NONE', #1918, 12.49999999999999645 ) ;
#796 = ORIENTED_EDGE ( 'NONE', *, *, #787, .F. ) ;
#797 = CARTESIAN_POINT ( 'NONE',  ( 54.00000000000004974, -4.003577983217140648E-13, 18.00000000000002842 ) ) ;
#798 = EDGE_CURVE ( 'NONE', #1632, #1268, #844, .T. ) ;
#799 = DIRECTION ( 'NONE',  ( 1.000000000000000000, 0.000000000000000000, 0.000000000000000000 ) ) ;
#800 = PLANE ( 'NONE',  #1594 ) ;
#801 = EDGE_LOOP ( 'NONE', ( #843, #200 ) ) ;
#802 = DIRECTION ( 'NONE',  ( -0.000000000000000000, -0.000000000000000000, -1.000000000000000000 ) ) ;
#803 = ORIENTED_EDGE ( 'NONE', *, *, #836, .F. ) ;
#804 = ORIENTED_EDGE ( 'NONE', *, *, #965, .F. ) ;
#805 = APPROVAL_STATUS ( 'not_yet_approved' ) ;
#806 = DIRECTION ( 'NONE',  ( 3.491481338843133355E-15, 0.000000000000000000, -1.000000000000000000 ) ) ;
#807 = FACE_OUTER_BOUND ( 'NONE', #1431, .T. ) ;
#808 = EDGE_CURVE ( 'NONE', #1625, #520, #1443, .T. ) ;
#809 = VERTEX_POINT ( 'NONE', #1616 ) ;
#810 = EDGE_CURVE ( 'NONE', #1344, #1902, #69, .T. ) ;
#811 = PLANE ( 'NONE',  #1601 ) ;
#812 = EDGE_LOOP ( 'NONE', ( #898, #719 ) ) ;
#813 = VERTEX_POINT ( 'NONE', #856 ) ;
#814 = AXIS2_PLACEMENT_3D ( 'NONE', #879, #1652, #870 ) ;
#815 = CALENDAR_DATE ( 2026, 11, 7 ) ;
#816 = PLANE ( 'NONE',  #565 ) ;
#817 = LINE ( 'NONE', #1445, #788 ) ;
#818 = AXIS2_PLACEMENT_3D ( 'NONE', #571, #551, #248 ) ;
#819 = VECTOR ( 'NONE', #1608, 1000.000000000000000 ) ;
#820 = VERTEX_POINT ( 'NONE', #1031 ) ;
#821 = EDGE_CURVE ( 'NONE', #1705, #1159, #369, .T. ) ;
#822 = EDGE_CURVE ( 'NONE', #1483, #887, #244, .T. ) ;
#823 = DIRECTION ( 'NONE',  ( 1.000000000000000000, 0.000000000000000000, -3.491481338843133355E-15 ) ) ;
#824 = ORIENTED_EDGE ( 'NONE', *, *, #1758, .F. ) ;
#825 = AXIS2_PLACEMENT_3D ( 'NONE', #1422, #1716, #1279 ) ;
#826 = DIRECTION ( 'NONE',  ( -8.652506634894447474E-32, 1.000000000000000000, 2.478176394252580155E-17 ) ) ;
#827 = CIRCLE ( 'NONE', #692, 3.000000000000000888 ) ;
#828 = VERTEX_POINT ( 'NONE', #1484 ) ;
#829 = VECTOR ( 'NONE', #28, 1000.000000000000000 ) ;
#830 = FACE_OUTER_BOUND ( 'NONE', #284, .T. ) ;
#831 = CARTESIAN_POINT ( 'NONE',  ( 60.00000000000000711, 35.00000000000001421, 5.999999999999979572 ) ) ;
#832 = ORIENTED_EDGE ( 'NONE', *, *, #1003, .T. ) ;
#833 = DIRECTION ( 'NONE',  ( 1.000000000000000000, 0.000000000000000000, 0.000000000000000000 ) ) ;
#834 = ORIENTED_EDGE ( 'NONE', *, *, #75, .F. ) ;
#835 = DIRECTION ( 'NONE',  ( -0.000000000000000000, -0.000000000000000000, -1.000000000000000000 ) ) ;
#836 = EDGE_CURVE ( 'NONE', #809, #518, #992, .T. ) ;
#837 = ORIENTED_EDGE ( 'NONE', *, *, #539, .F. ) ;
#838 = ADVANCED_FACE ( 'NONE', ( #707 ), #1934, .F. ) ;
#839 = CARTESIAN_POINT ( 'NONE',  ( 19.99999999999999645, 6.938893903907228378E-15, 0.000000000000000000 ) ) ;
#840 = CYLINDRICAL_SURFACE ( 'NONE', #1595, 2.999999999999857003 ) ;
#841 = ORIENTED_EDGE ( 'NONE', *, *, #97, .F. ) ;
#842 = DIRECTION ( 'NONE',  ( -1.000000000000000000, 0.000000000000000000, 3.491481338843133355E-15 ) ) ;
#843 = ORIENTED_EDGE ( 'NONE', *, *, #1847, .T. ) ;
#844 = LINE ( 'NONE', #1778, #302 ) ;
#845 = VERTEX_POINT ( 'NONE', #746 ) ;
#846 = DATE_AND_TIME ( #815, #467 ) ;
#847 = EDGE_CURVE ( 'NONE', #470, #820, #165, .T. ) ;
#848 = CARTESIAN_POINT ( 'NONE',  ( 20.00000000000000000, 35.00000000000000711, 6.000000000000000000 ) ) ;
#849 = EDGE_CURVE ( 'NONE', #385, #660, #1404, .T. ) ;
#850 = DIRECTION ( 'NONE',  ( 1.000000000000000000, 0.000000000000000000, -3.491481338843133355E-15 ) ) ;
#851 = VECTOR ( 'NONE', #1821, 1000.000000000000000 ) ;
#852 = AXIS2_PLACEMENT_3D ( 'NONE', #874, #1520, #713 ) ;
#853 = ORIENTED_EDGE ( 'NONE', *, *, #1052, .F. ) ;
#854 = AXIS2_PLACEMENT_3D ( 'NONE', #1331, #1140, #1749 ) ;
#855 = VERTEX_POINT ( 'NONE', #576 ) ;
#856 = CARTESIAN_POINT ( 'NONE',  ( 60.00000000000011369, -20.00000000000025580, 38.00000000000021316 ) ) ;
#857 = CC_DESIGN_APPROVAL ( #1605, ( #98 ) ) ;
#858 = CARTESIAN_POINT ( 'NONE',  ( 60.00000000000000000, 35.00000000000001421, 5.999999999999979572 ) ) ;
#859 = EDGE_LOOP ( 'NONE', ( #4, #1161, #322, #1537 ) ) ;
#860 = APPROVAL_ROLE ( '' ) ;
#861 = APPROVAL_PERSON_ORGANIZATION ( #1774, #1950, #860 ) ;
#862 = CIRCLE ( 'NONE', #664, 5.999999999999998224 ) ;
#863 = DIRECTION ( 'NONE',  ( 1.000000000000000000, 0.000000000000000000, -3.469446951953615372E-15 ) ) ;
#864 = PLANE ( 'NONE',  #818 ) ;
#865 = EDGE_CURVE ( 'NONE', #809, #1981, #415, .T. ) ;
#866 = AXIS2_PLACEMENT_3D ( 'NONE', #1647, #589, #1204 ) ;
#867 = PLANE ( 'NONE',  #1533 ) ;
#868 = ORIENTED_EDGE ( 'NONE', *, *, #1989, .T. ) ;
#869 = CARTESIAN_POINT ( 'NONE',  ( -13.99999999999999645, 0.000000000000000000, 0.000000000000000000 ) ) ;
#870 = DIRECTION ( 'NONE',  ( 4.625929269271492422E-15, 0.000000000000000000, -1.000000000000000000 ) ) ;
#871 = ORIENTED_EDGE ( 'NONE', *, *, #906, .T. ) ;
#872 = CYLINDRICAL_SURFACE ( 'NONE', #1634, 3.000000000000002665 ) ;
#873 = FACE_BOUND ( 'NONE', #1373, .T. ) ;
#874 = CARTESIAN_POINT ( 'NONE',  ( -54.00000000000007105, -25.00000000000000000, 25.00000000000000711 ) ) ;
#875 = EDGE_CURVE ( 'NONE', #1084, #809, #1875, .T. ) ;
#876 = VERTEX_POINT ( 'NONE', #1191 ) ;
#878 = ADVANCED_FACE ( 'NONE', ( #910 ), #1354, .F. ) ;
#877 = FACE_OUTER_BOUND ( 'NONE', #686, .T. ) ;
#879 = CARTESIAN_POINT ( 'NONE',  ( -54.00000000000007105, -25.00000000000000000, 25.00000000000000711 ) ) ;
#880 = ORIENTED_EDGE ( 'NONE', *, *, #1703, .T. ) ;
#881 = FACE_OUTER_BOUND ( 'NONE', #935, .T. ) ;
#882 = PLANE ( 'NONE',  #497 ) ;
#883 = PLANE ( 'NONE',  #374 ) ;
#884 = CARTESIAN_POINT ( 'NONE',  ( -54.00000000000007105, 25.00000000000000000, 25.00000000000000711 ) ) ;
#885 = VECTOR ( 'NONE', #455, 1000.000000000000000 ) ;
#886 = VECTOR ( 'NONE', #1107, 1000.000000000000000 ) ;
#887 = VERTEX_POINT ( 'NONE', #95 ) ;
#888 = DIRECTION ( 'NONE',  ( 3.700743415417188731E-15, 0.000000000000000000, -1.000000000000000000 ) ) ;
#889 = CIRCLE ( 'NONE', #366, 2.999999999999995559 ) ;
#890 = CARTESIAN_POINT ( 'NONE',  ( 60.00000000000009948, 1.825256829971793116E-14, 34.99999999999998579 ) ) ;
#891 = ORIENTED_EDGE ( 'NONE', *, *, #1925, .T. ) ;
#892 = DIRECTION ( 'NONE',  ( 4.625929269271481378E-15, 0.000000000000000000, -1.000000000000000000 ) ) ;
#893 = CARTESIAN_POINT ( 'NONE',  ( 54.00000000000012079, -20.00000000000025580, 38.00000000000023448 ) ) ;
#894 = AXIS2_PLACEMENT_3D ( 'NONE', #199, #1606, #1739 ) ;
#895 = FACE_OUTER_BOUND ( 'NONE', #1244, .T. ) ;
#896 = EDGE_LOOP ( 'NONE', ( #919, #1793, #1430, #715 ) ) ;
#897 = CIRCLE ( 'NONE', #1094, 3.000000000000002665 ) ;
#898 = ORIENTED_EDGE ( 'NONE', *, *, #1545, .F. ) ;
#899 = CARTESIAN_POINT ( 'NONE',  ( 48.00000000000002132, -34.99999999999999289, 11.99999999999999645 ) ) ;
#900 = LINE ( 'NONE', #858, #1466 ) ;
#901 = VERTEX_POINT ( 'NONE', #1201 ) ;
#902 = ADVANCED_FACE ( 'NONE', ( #877 ), #435, .F. ) ;
#903 = EDGE_CURVE ( 'NONE', #405, #1575, #274, .T. ) ;
#904 = DIRECTION ( 'NONE',  ( -0.000000000000000000, -1.000000000000000000, -0.000000000000000000 ) ) ;
#905 = CARTESIAN_POINT ( 'NONE',  ( 48.00000000000002132, 35.00000000000001421, -1.734723475976807094E-15 ) ) ;
#906 = EDGE_CURVE ( 'NONE', #983, #901, #716, .T. ) ;
#907 = CARTESIAN_POINT ( 'NONE',  ( 60.00000000000009948, 1.825256829971793116E-14, 34.99999999999998579 ) ) ;
#908 = LINE ( 'NONE', #1859, #1970 ) ;
#909 = ORIENTED_EDGE ( 'NONE', *, *, #514, .T. ) ;
#910 = FACE_OUTER_BOUND ( 'NONE', #667, .T. ) ;
#911 = DIRECTION ( 'NONE',  ( 1.000000000000000000, -0.000000000000000000, -3.491481338843133355E-15 ) ) ;
#912 = DIRECTION ( 'NONE',  ( -1.000000000000000000, 0.000000000000000000, -3.469446951953615372E-15 ) ) ;
#913 = CARTESIAN_POINT ( 'NONE',  ( 60.00000000000009948, -34.99999999999999289, 34.99999999999999289 ) ) ;
#914 = EDGE_CURVE ( 'NONE', #1926, #1268, #1522, .T. ) ;
#915 = ADVANCED_FACE ( 'NONE', ( #1504 ), #596, .F. ) ;
#916 = FACE_OUTER_BOUND ( 'NONE', #1966, .T. ) ;
#917 = DIRECTION ( 'NONE',  ( 1.000000000000000000, 0.000000000000000000, -3.491481338843133355E-15 ) ) ;
#918 = CIRCLE ( 'NONE', #334, 3.000000000000002665 ) ;
#919 = ORIENTED_EDGE ( 'NONE', *, *, #822, .F. ) ;
#920 = CARTESIAN_POINT ( 'NONE',  ( 54.00000000000002132, -34.99999999999999289, 11.99999999999997513 ) ) ;
#921 = CARTESIAN_POINT ( 'NONE',  ( -54.00000000000014211, 25.00000000000000000, 47.00000000000000711 ) ) ;
#922 = ORIENTED_EDGE ( 'NONE', *, *, #1324, .T. ) ;
#923 = VECTOR ( 'NONE', #1026, 1000.000000000000000 ) ;
#924 = UNCERTAINTY_MEASURE_WITH_UNIT (LENGTH_MEASURE( 1.000000000000000082E-05 ), #492, 'distance_accuracy_value', 'NONE');
#925 = VECTOR ( 'NONE', #699, 1000.000000000000000 ) ;
#926 = DIRECTION ( 'NONE',  ( 1.000000000000000000, 0.000000000000000000, 3.491481338843133355E-15 ) ) ;
#927 = FACE_OUTER_BOUND ( 'NONE', #584, .T. ) ;
#928 = LOCAL_TIME ( 13, 49, 47.00000000000000000, #936 ) ;
#929 = CYLINDRICAL_SURFACE ( 'NONE', #337, 3.000000000000002665 ) ;
#930 = EDGE_CURVE ( 'NONE', #845, #498, #128, .T. ) ;
#931 = ORIENTED_EDGE ( 'NONE', *, *, #399, .F. ) ;
#932 = AXIS2_PLACEMENT_3D ( 'NONE', #613, #1106, #494 ) ;
#933 = ADVANCED_FACE ( 'NONE', ( #1535 ), #445, .F. ) ;
#934 = CARTESIAN_POINT ( 'NONE',  ( 60.00000000000009948, 1.825256829971793116E-14, 34.99999999999998579 ) ) ;
#935 = EDGE_LOOP ( 'NONE', ( #1891, #1215, #868, #1302 ) ) ;
#936 = COORDINATED_UNIVERSAL_TIME_OFFSET ( 5, 30, .AHEAD. ) ;
#937 = CARTESIAN_POINT ( 'NONE',  ( -60.00000000000018474, -7.499999999999992006, 60.00000000000000000 ) ) ;
#938 = DIRECTION ( 'NONE',  ( 0.000000000000000000, 0.000000000000000000, 1.000000000000000000 ) ) ;
#939 = CARTESIAN_POINT ( 'NONE',  ( -39.99999999999999289, 6.000000000000000000, 0.000000000000000000 ) ) ;
#940 = EDGE_LOOP ( 'NONE', ( #974, #1839, #1763, #1706, #1284 ) ) ;
#941 = EDGE_CURVE ( 'NONE', #944, #210, #1644, .T. ) ;
#942 = CARTESIAN_POINT ( 'NONE',  ( 48.00000000000002132, 35.00000000000001421, 5.999999999999998224 ) ) ;
#943 = VERTEX_POINT ( 'NONE', #1231 ) ;
#944 = VERTEX_POINT ( 'NONE', #1946 ) ;
#945 = DIRECTION ( 'NONE',  ( 1.000000000000000000, 0.000000000000000000, -3.491481338843133355E-15 ) ) ;
#946 = CYLINDRICAL_SURFACE ( 'NONE', #533, 5.999999999999998224 ) ;
#947 = CARTESIAN_POINT ( 'NONE',  ( 60.00000000000017053, 2.081668171172168513E-14, 55.00000000000000711 ) ) ;
#948 = ORIENTED_EDGE ( 'NONE', *, *, #978, .T. ) ;
#949 = LINE ( 'NONE', #1713, #1437 ) ;
#950 = VERTEX_POINT ( 'NONE', #1651 ) ;
#951 = VECTOR ( 'NONE', #1032, 1000.000000000000000 ) ;
#952 = EDGE_CURVE ( 'NONE', #357, #578, #567, .T. ) ;
#953 = AXIS2_PLACEMENT_3D ( 'NONE', #592, #1631, #1797 ) ;
#954 = EDGE_LOOP ( 'NONE', ( #605, #1636, #1547, #1829 ) ) ;
#955 = CARTESIAN_POINT ( 'NONE',  ( 19.99999999999999645, -5.999999999999992895, 0.000000000000000000 ) ) ;
#956 = AXIS2_PLACEMENT_3D ( 'NONE', #1056, #1328, #1035 ) ;
#957 = FACE_BOUND ( 'NONE', #447, .T. ) ;
#958 = DIRECTION ( 'NONE',  ( 1.000000000000000000, 0.000000000000000000, 3.491481338843133355E-15 ) ) ;
#959 = ORIENTED_EDGE ( 'NONE', *, *, #1543, .F. ) ;
#960 = CIRCLE ( 'NONE', #757, 3.000000000000002665 ) ;
#961 = CIRCLE ( 'NONE', #1602, 11.99999999999999822 ) ;
#962 = CARTESIAN_POINT ( 'NONE',  ( 54.00000000000003553, -4.007251923614582450E-13, 15.00000000000002842 ) ) ;
#963 = ORIENTED_EDGE ( 'NONE', *, *, #1963, .T. ) ;
#964 = AXIS2_PLACEMENT_3D ( 'NONE', #1351, #1519, #1069 ) ;
#965 = EDGE_CURVE ( 'NONE', #973, #887, #1779, .T. ) ;
#966 = EDGE_LOOP ( 'NONE', ( #33, #1022, #1828, #1723 ) ) ;
#967 = DIRECTION ( 'NONE',  ( 0.000000000000000000, 0.000000000000000000, 1.000000000000000000 ) ) ;
#968 = CARTESIAN_POINT ( 'NONE',  ( -60.00000000000016342, -25.00000000000000000, 49.99999999999998579 ) ) ;
#969 = ADVANCED_FACE ( 'NONE', ( #423 ), #1051, .F. ) ;
#970 = LINE ( 'NONE', #1582, #1018 ) ;
#971 = VERTEX_POINT ( 'NONE', #1956 ) ;
#972 = CARTESIAN_POINT ( 'NONE',  ( 60.00000000000009948, -20.00000000000025580, 35.00000000000021316 ) ) ;
#973 = VERTEX_POINT ( 'NONE', #1792 ) ;
#974 = ORIENTED_EDGE ( 'NONE', *, *, #1557, .F. ) ;
#975 = APPROVAL_ROLE ( '' ) ;
#976 = DIRECTION ( 'NONE',  ( -1.000000000000000000, 0.000000000000000000, 3.491481338843133355E-15 ) ) ;
#977 = LINE ( 'NONE', #1621, #1721 ) ;
#978 = EDGE_CURVE ( 'NONE', #1225, #1853, #1192, .T. ) ;
#979 = ORIENTED_EDGE ( 'NONE', *, *, #1527, .F. ) ;
#980 = LINE ( 'NONE', #1303, #468 ) ;
#981 = ORIENTED_EDGE ( 'NONE', *, *, #488, .T. ) ;
#982 = DIRECTION ( 'NONE',  ( 1.000000000000000000, 0.000000000000000000, 3.491481338843133355E-15 ) ) ;
#983 = VERTEX_POINT ( 'NONE', #1635 ) ;
#984 = CIRCLE ( 'NONE', #427, 3.000000000000002665 ) ;
#985 = DIRECTION ( 'NONE',  ( -1.000000000000000000, 0.000000000000000000, 0.000000000000000000 ) ) ;
#986 = CARTESIAN_POINT ( 'NONE',  ( -48.00000000000002132, -35.00000000000000000, -1.734723475976807094E-15 ) ) ;
#987 = VECTOR ( 'NONE', #1892, 1000.000000000000000 ) ;
#988 = EDGE_CURVE ( 'NONE', #1974, #944, #276, .T. ) ;
#989 = ORIENTED_EDGE ( 'NONE', *, *, #138, .T. ) ;
#990 = FACE_OUTER_BOUND ( 'NONE', #537, .T. ) ;
#991 = VERTEX_POINT ( 'NONE', #438 ) ;
#993 = EDGE_CURVE ( 'NONE', #472, #246, #684, .T. ) ;
#992 = LINE ( 'NONE', #87, #819 ) ;
#994 = EDGE_LOOP ( 'NONE', ( #1495, #387, #153, #1933 ) ) ;
#995 = PERSON_AND_ORGANIZATION_ROLE ( 'creator' ) ;
#996 = VECTOR ( 'NONE', #1620, 1000.000000000000000 ) ;
#997 = DIRECTION ( 'NONE',  ( -0.000000000000000000, -0.000000000000000000, 1.000000000000000000 ) ) ;
#998 = DIRECTION ( 'NONE',  ( 1.000000000000000000, 0.000000000000000000, -3.491481338843133355E-15 ) ) ;
#999 = ORIENTED_EDGE ( 'NONE', *, *, #626, .F. ) ;
#1000 = FACE_OUTER_BOUND ( 'NONE', #966, .T. ) ;
#1001 = ORIENTED_EDGE ( 'NONE', *, *, #413, .F. ) ;
#1002 = DIRECTION ( 'NONE',  ( -1.000000000000000000, -1.734723475976807341E-16, 0.000000000000000000 ) ) ;
#1003 = EDGE_CURVE ( 'NONE', #1521, #1159, #7, .T. ) ;
#1004 = APPROVAL ( #785, 'UNSPECIFIED' ) ;
#1005 = ORIENTED_EDGE ( 'NONE', *, *, #1756, .T. ) ;
#1006 = PERSON_AND_ORGANIZATION ( #1369, #46 ) ;
#1007 = FACE_OUTER_BOUND ( 'NONE', #1734, .T. ) ;
#1008 = CARTESIAN_POINT ( 'NONE',  ( -60.00000000000007105, -25.00000000000000000, 24.99999999999998579 ) ) ;
#1009 = CARTESIAN_POINT ( 'NONE',  ( -60.00000000000019895, 35.00000000000000000, 60.00000000000000000 ) ) ;
#1010 = ORIENTED_EDGE ( 'NONE', *, *, #583, .T. ) ;
#1011 = CARTESIAN_POINT ( 'NONE',  ( -19.99999999999999645, 0.000000000000000000, 0.000000000000000000 ) ) ;
#1012 = ORIENTED_EDGE ( 'NONE', *, *, #436, .T. ) ;
#1013 = EDGE_CURVE ( 'NONE', #246, #1832, #728, .T. ) ;
#1014 = CARTESIAN_POINT ( 'NONE',  ( 54.00000000000017053, 2.081668171172168513E-14, 55.00000000000002842 ) ) ;
#1015 = DIRECTION ( 'NONE',  ( 4.625929269271492422E-15, 0.000000000000000000, -1.000000000000000000 ) ) ;
#1016 = CLOSED_SHELL ( 'NONE', ( #744, #1640, #480, #1196, #376, #534, #1210, #462, #1435, #563, #878, #1938, #661, #451, #546, #1820, #560, #1976, #117, #838, #1725, #1371, #1037, #1387, #1895, #1712, #1450, #19, #1589, #114, #696, #902, #279, #215, #113, #933, #353, #328, #705, #1292, #1701, #1168, #388, #609, #1412, #1904, #1345, #1126, #1674, #1066, #1249, #203, #1263, #448, #1213, #88, #1771, #969, #479, #915 ) ) ;
#1017 = CARTESIAN_POINT ( 'NONE',  ( -39.99999999999999289, 6.000000000000000000, 6.000000000000000000 ) ) ;
#1018 = VECTOR ( 'NONE', #1434, 1000.000000000000000 ) ;
#1019 = ORIENTED_EDGE ( 'NONE', *, *, #941, .T. ) ;
#1020 = LINE ( 'NONE', #230, #925 ) ;
#1021 = CARTESIAN_POINT ( 'NONE',  ( -39.99999999999999289, 6.000000000000000000, 0.000000000000000000 ) ) ;
#1022 = ORIENTED_EDGE ( 'NONE', *, *, #97, .T. ) ;
#1023 = AXIS2_PLACEMENT_3D ( 'NONE', #1722, #676, #1461 ) ;
#1024 = CIRCLE ( 'NONE', #144, 11.99999999999999645 ) ;
#1025 = LINE ( 'NONE', #1753, #1889 ) ;
#1026 = DIRECTION ( 'NONE',  ( 0.000000000000000000, 0.000000000000000000, -1.000000000000000000 ) ) ;
#1027 = CIRCLE ( 'NONE', #1123, 6.000000000000000000 ) ;
#1028 = EDGE_CURVE ( 'NONE', #1104, #357, #900, .T. ) ;
#1029 = DIRECTION ( 'NONE',  ( 1.000000000000000000, 0.000000000000000000, 3.491481338843133355E-15 ) ) ;
#1030 = EDGE_LOOP ( 'NONE', ( #1211, #1111, #30, #483 ) ) ;
#1031 = CARTESIAN_POINT ( 'NONE',  ( 54.00000000000002132, -34.99999999999999289, 11.99999999999997513 ) ) ;
#1032 = DIRECTION ( 'NONE',  ( -0.000000000000000000, -0.000000000000000000, -1.000000000000000000 ) ) ;
#1033 = ORIENTED_EDGE ( 'NONE', *, *, #187, .F. ) ;
#1034 = DIRECTION ( 'NONE',  ( 1.000000000000000000, 0.000000000000000000, 3.491481338843133355E-15 ) ) ;
#1035 = DIRECTION ( 'NONE',  ( -4.625929269271481378E-15, 0.000000000000000000, -1.000000000000000000 ) ) ;
#1036 = FACE_BOUND ( 'NONE', #398, .T. ) ;
#1037 = ADVANCED_FACE ( 'NONE', ( #1485 ), #1935, .F. ) ;
#1038 = EDGE_CURVE ( 'NONE', #855, #520, #81, .T. ) ;
#1039 = ORIENTED_EDGE ( 'NONE', *, *, #188, .F. ) ;
#1040 = DIRECTION ( 'NONE',  ( 1.000000000000000000, 0.000000000000000000, 3.491481338843133355E-15 ) ) ;
#1041 = DIRECTION ( 'NONE',  ( -3.491481338843133355E-15, 2.392722035830078479E-16, -1.000000000000000000 ) ) ;
#1042 = ORIENTED_EDGE ( 'NONE', *, *, #1756, .F. ) ;
#1043 = CARTESIAN_POINT ( 'NONE',  ( -60.00000000000016342, 25.00000000000000000, 49.99999999999998579 ) ) ;
#1044 = CARTESIAN_POINT ( 'NONE',  ( 48.00000000000002132, -34.99999999999999289, 5.999999999999998224 ) ) ;
#1045 = DIRECTION ( 'NONE',  ( 0.000000000000000000, -0.000000000000000000, 1.000000000000000000 ) ) ;
#1046 = DIRECTION ( 'NONE',  ( 1.000000000000000000, 0.000000000000000000, 3.491481338843133355E-15 ) ) ;
#1047 = VECTOR ( 'NONE', #1477, 1000.000000000000000 ) ;
#1048 = CIRCLE ( 'NONE', #657, 3.000000000000002665 ) ;
#1049 = EDGE_CURVE ( 'NONE', #944, #1271, #1967, .T. ) ;
#1050 = ORIENTED_EDGE ( 'NONE', *, *, #708, .T. ) ;
#1051 = PLANE ( 'NONE',  #747 ) ;
#1052 = EDGE_CURVE ( 'NONE', #887, #1902, #365, .T. ) ;
#1053 = DIRECTION ( 'NONE',  ( 0.000000000000000000, -0.000000000000000000, 1.000000000000000000 ) ) ;
#1054 = ORIENTED_EDGE ( 'NONE', *, *, #572, .F. ) ;
#1055 = CARTESIAN_POINT ( 'NONE',  ( 54.00000000000010658, -34.99999999999999289, 35.00000000000000000 ) ) ;
#1056 = CARTESIAN_POINT ( 'NONE',  ( 54.00000000000010658, -20.00000000000025580, 35.00000000000023448 ) ) ;
#1057 = VECTOR ( 'NONE', #115, 1000.000000000000000 ) ;
#1058 = CIRCLE ( 'NONE', #1023, 2.999999999999857003 ) ;
#1059 = DIRECTION ( 'NONE',  ( 1.000000000000000000, 0.000000000000000000, 3.491481338843133355E-15 ) ) ;
#1060 = CARTESIAN_POINT ( 'NONE',  ( -19.99999999999999645, -35.00000000000000711, 6.000000000000000000 ) ) ;
#1061 = AXIS2_PLACEMENT_3D ( 'NONE', #1206, #1827, #431 ) ;
#1062 = ORIENTED_EDGE ( 'NONE', *, *, #1860, .T. ) ;
#1063 = DIRECTION ( 'NONE',  ( 1.000000000000000000, 0.000000000000000000, 3.491481338843133355E-15 ) ) ;
#1064 = CARTESIAN_POINT ( 'NONE',  ( -48.00000000000002132, -35.00000000000000000, 11.99999999999999645 ) ) ;
#1065 = VERTEX_POINT ( 'NONE', #1928 ) ;
#1066 = ADVANCED_FACE ( 'NONE', ( #1169 ), #1343, .F. ) ;
#1067 = DIRECTION ( 'NONE',  ( 0.000000000000000000, 0.000000000000000000, -1.000000000000000000 ) ) ;
#1068 = CARTESIAN_POINT ( 'NONE',  ( -60.00000000000018474, 35.00000000000000000, 60.00000000000000000 ) ) ;
#1069 = DIRECTION ( 'NONE',  ( -4.625929269271706203E-15, 0.000000000000000000, -1.000000000000000000 ) ) ;
#1070 = CARTESIAN_POINT ( 'NONE',  ( -54.00000000000015632, -25.00000000000000000, 50.00000000000000711 ) ) ;
#1071 = EDGE_LOOP ( 'NONE', ( #999, #1203, #1019, #60 ) ) ;
#1072 = CARTESIAN_POINT ( 'NONE',  ( -60.00000000000007105, 6.938893903907228378E-15, 24.99999999999998224 ) ) ;
#1073 = LINE ( 'NONE', #142, #618 ) ;
#1074 = VERTEX_POINT ( 'NONE', #416 ) ;
#1075 = EDGE_CURVE ( 'NONE', #1257, #943, #918, .T. ) ;
#1076 = CARTESIAN_POINT ( 'NONE',  ( 60.00000000000009948, 20.00000000000001776, 35.00000000000000000 ) ) ;
#1077 = CARTESIAN_POINT ( 'NONE',  ( 20.00000000000000000, 35.00000000000000711, 0.000000000000000000 ) ) ;
#1078 = CARTESIAN_POINT ( 'NONE',  ( 60.00000000000008527, -20.00000000000025580, 32.00000000000020606 ) ) ;
#1079 = EDGE_CURVE ( 'NONE', #1711, #1964, #228, .T. ) ;
#1080 = CARTESIAN_POINT ( 'NONE',  ( -60.00000000000018474, 7.500000000000007105, 60.00000000000000000 ) ) ;
#1081 = VECTOR ( 'NONE', #309, 1000.000000000000000 ) ;
#1082 = EDGE_LOOP ( 'NONE', ( #739, #1503, #544, #1010, #1410, #669, #701, #1584, #1868 ) ) ;
#1083 = CARTESIAN_POINT ( 'NONE',  ( 19.99999999999999645, 6.938893903907228378E-15, 0.000000000000000000 ) ) ;
#1084 = VERTEX_POINT ( 'NONE', #718 ) ;
#1085 = AXIS2_PLACEMENT_3D ( 'NONE', #6, #741, #1236 ) ;
#1086 = CARTESIAN_POINT ( 'NONE',  ( 0.000000000000000000, 0.000000000000000000, 0.000000000000000000 ) ) ;
#1087 = CARTESIAN_POINT ( 'NONE',  ( -60.00000000000007105, 6.938893903907228378E-15, 24.99999999999998224 ) ) ;
#1088 = LINE ( 'NONE', #1886, #1604 ) ;
#1089 = CC_DESIGN_APPROVAL ( #1004, ( #1475 ) ) ;
#1090 = FACE_OUTER_BOUND ( 'NONE', #1936, .T. ) ;
#1091 = AXIS2_PLACEMENT_3D ( 'NONE', #1388, #1990, #607 ) ;
#1092 = EDGE_CURVE ( 'NONE', #1299, #1646, #493, .T. ) ;
#1093 = ORIENTED_EDGE ( 'NONE', *, *, #685, .T. ) ;
#1094 = AXIS2_PLACEMENT_3D ( 'NONE', #148, #1059, #1529 ) ;
#1095 = DIRECTION ( 'NONE',  ( -4.625929269271484533E-15, 0.000000000000000000, -1.000000000000000000 ) ) ;
#1096 = EDGE_LOOP ( 'NONE', ( #1679, #647 ) ) ;
#1097 = EDGE_LOOP ( 'NONE', ( #1246, #1012 ) ) ;
#1098 = LINE ( 'NONE', #1131, #987 ) ;
#1099 = CARTESIAN_POINT ( 'NONE',  ( -19.99999999999999645, -35.00000000000000711, 0.000000000000000000 ) ) ;
#1100 = LINE ( 'NONE', #939, #1813 ) ;
#1101 = ORIENTED_EDGE ( 'NONE', *, *, #1109, .T. ) ;
#1102 = DIRECTION ( 'NONE',  ( -1.000000000000000000, 0.000000000000000000, 3.491481338843133355E-15 ) ) ;
#1103 = ORIENTED_EDGE ( 'NONE', *, *, #1482, .F. ) ;
#1104 = VERTEX_POINT ( 'NONE', #111 ) ;
#1105 = DATE_TIME_ROLE ( 'creation_date' ) ;
#1106 = DIRECTION ( 'NONE',  ( 1.000000000000000000, 0.000000000000000000, -3.491481338843133355E-15 ) ) ;
#1107 = DIRECTION ( 'NONE',  ( -1.000000000000000000, -1.734723475976807341E-16, 0.000000000000000000 ) ) ;
#1108 = VERTEX_POINT ( 'NONE', #1355 ) ;
#1109 = EDGE_CURVE ( 'NONE', #26, #1225, #1202, .T. ) ;
#1110 = CYLINDRICAL_SURFACE ( 'NONE', #1335, 5.999999999999998224 ) ;
#1111 = ORIENTED_EDGE ( 'NONE', *, *, #646, .T. ) ;
#1112 = AXIS2_PLACEMENT_3D ( 'NONE', #1645, #568, #700 ) ;
#1113 = EDGE_CURVE ( 'NONE', #1987, #1711, #771, .T. ) ;
#1114 = AXIS2_PLACEMENT_3D ( 'NONE', #1838, #453, #355 ) ;
#1115 = ORIENTED_EDGE ( 'NONE', *, *, #1199, .F. ) ;
#1116 = LINE ( 'NONE', #654, #311 ) ;
#1117 = CARTESIAN_POINT ( 'NONE',  ( 60.00000000000000000, -34.99999999999999289, 0.000000000000000000 ) ) ;
#1118 = LOCAL_TIME ( 13, 49, 47.00000000000000000, #1247 ) ;
#1119 = VERTEX_POINT ( 'NONE', #1869 ) ;
#1120 = AXIS2_PLACEMENT_3D ( 'NONE', #733, #1501, #603 ) ;
#1121 = CARTESIAN_POINT ( 'NONE',  ( 39.99999999999999289, -5.999999999999992895, 6.000000000000000000 ) ) ;
#1122 = ORIENTED_EDGE ( 'NONE', *, *, #331, .T. ) ;
#1123 = AXIS2_PLACEMENT_3D ( 'NONE', #839, #1458, #226 ) ;
#1124 = ORIENTED_EDGE ( 'NONE', *, *, #1557, .T. ) ;
#1125 = DIRECTION ( 'NONE',  ( 0.000000000000000000, 0.000000000000000000, -1.000000000000000000 ) ) ;
#1126 = ADVANCED_FACE ( 'NONE', ( #1395 ), #1256, .F. ) ;
#1127 = DIRECTION ( 'NONE',  ( -0.000000000000000000, -1.000000000000000000, -0.000000000000000000 ) ) ;
#1128 = DIRECTION ( 'NONE',  ( 4.625929269271481378E-15, 0.000000000000000000, -1.000000000000000000 ) ) ;
#1129 = CARTESIAN_POINT ( 'NONE',  ( -54.00000000000015632, 25.00000000000000000, 50.00000000000000711 ) ) ;
#1130 = ORIENTED_EDGE ( 'NONE', *, *, #906, .F. ) ;
#1131 = CARTESIAN_POINT ( 'NONE',  ( -54.00000000000019185, 6.938893903907228378E-15, 60.00000000000002132 ) ) ;
#1132 = VERTEX_POINT ( 'NONE', #1419 ) ;
#1133 = EDGE_CURVE ( 'NONE', #1341, #1321, #1073, .T. ) ;
#1134 = DIRECTION ( 'NONE',  ( -1.000000000000000000, 0.000000000000000000, 0.000000000000000000 ) ) ;
#1135 = CARTESIAN_POINT ( 'NONE',  ( 60.00000000000018474, 2.118407575146589058E-14, 58.00000000000000711 ) ) ;
#1136 = EDGE_CURVE ( 'NONE', #845, #470, #2, .T. ) ;
#1137 = APPLICATION_CONTEXT ( 'configuration controlled 3d designs of mechanical parts and assemblies' ) ;
#1138 = CARTESIAN_POINT ( 'NONE',  ( 54.00000000000009237, -20.00000000000025580, 32.00000000000022737 ) ) ;
#1139 = ORIENTED_EDGE ( 'NONE', *, *, #1359, .F. ) ;
#1140 = DIRECTION ( 'NONE',  ( -1.000000000000000000, -0.000000000000000000, -3.491481338843133355E-15 ) ) ;
#1141 = VERTEX_POINT ( 'NONE', #1536 ) ;
#1142 = AXIS2_PLACEMENT_3D ( 'NONE', #1064, #89, #737 ) ;
#1143 = VECTOR ( 'NONE', #29, 1000.000000000000000 ) ;
#1144 = CARTESIAN_POINT ( 'NONE',  ( -60.00000000000019895, 7.500000000000007105, 60.00000000000000000 ) ) ;
#1145 = CARTESIAN_POINT ( 'NONE',  ( 60.00000000000003553, -4.007251923614582450E-13, 15.00000000000000888 ) ) ;
#1146 = CIRCLE ( 'NONE', #854, 7.500000000000000000 ) ;
#1147 = VERTEX_POINT ( 'NONE', #1977 ) ;
#1148 = EDGE_CURVE ( 'NONE', #983, #578, #616, .T. ) ;
#1149 = EDGE_CURVE ( 'NONE', #1902, #1, #949, .T. ) ;
#1150 = CARTESIAN_POINT ( 'NONE',  ( 20.00000000000000000, 35.00000000000000711, 6.000000000000000000 ) ) ;
#1151 = ORIENTED_EDGE ( 'NONE', *, *, #1426, .T. ) ;
#1152 = CARTESIAN_POINT ( 'NONE',  ( -19.99999999999999645, -5.999999999999998224, 0.000000000000000000 ) ) ;
#1153 = AXIS2_PLACEMENT_3D ( 'NONE', #1296, #67, #1454 ) ;
#1154 = ORIENTED_EDGE ( 'NONE', *, *, #1745, .F. ) ;
#1155 = CARTESIAN_POINT ( 'NONE',  ( -60.00000000000000711, -35.00000000000000000, 5.999999999999979572 ) ) ;
#1156 = FACE_OUTER_BOUND ( 'NONE', #100, .T. ) ;
#1157 = EDGE_CURVE ( 'NONE', #357, #498, #553, .T. ) ;
#1158 = FACE_OUTER_BOUND ( 'NONE', #1715, .T. ) ;
#1159 = VERTEX_POINT ( 'NONE', #286 ) ;
#1160 = CYLINDRICAL_SURFACE ( 'NONE', #1943, 6.000000000000000000 ) ;
#1161 = ORIENTED_EDGE ( 'NONE', *, *, #260, .F. ) ;
#1162 = APPROVAL_DATE_TIME ( #846, #1004 ) ;
#1163 = CARTESIAN_POINT ( 'NONE',  ( 60.00000000000014211, 1.825256829971793116E-14, 47.49999999999998579 ) ) ;
#1164 = DIRECTION ( 'NONE',  ( 1.000000000000000000, -0.000000000000000000, -3.491481338843133355E-15 ) ) ;
#1165 = ORIENTED_EDGE ( 'NONE', *, *, #697, .F. ) ;
#1166 = ORIENTED_EDGE ( 'NONE', *, *, #1992, .T. ) ;
#1167 = LINE ( 'NONE', #1476, #10 ) ;
#1168 = ADVANCED_FACE ( 'NONE', ( #599 ), #1110, .F. ) ;
#1169 = FACE_OUTER_BOUND ( 'NONE', #774, .T. ) ;
#1170 = VERTEX_POINT ( 'NONE', #921 ) ;
#1171 = EDGE_CURVE ( 'NONE', #1781, #45, #640, .T. ) ;
#1172 = VECTOR ( 'NONE', #1862, 1000.000000000000000 ) ;
#1173 = FACE_OUTER_BOUND ( 'NONE', #679, .T. ) ;
#1174 = LINE ( 'NONE', #1931, #717 ) ;
#1175 = CIRCLE ( 'NONE', #168, 34.99999999999999289 ) ;
#1176 = AXIS2_PLACEMENT_3D ( 'NONE', #786, #1676, #1367 ) ;
#1177 = ORIENTED_EDGE ( 'NONE', *, *, #233, .T. ) ;
#1178 = VECTOR ( 'NONE', #545, 1000.000000000000000 ) ;
#1179 = EDGE_LOOP ( 'NONE', ( #82, #575 ) ) ;
#1180 = CARTESIAN_POINT ( 'NONE',  ( -60.00000000000018474, -7.499999999999992006, 60.00000000000000000 ) ) ;
#1181 = DIRECTION ( 'NONE',  ( -4.625929269271706203E-15, 0.000000000000000000, -1.000000000000000000 ) ) ;
#1182 = VERTEX_POINT ( 'NONE', #1852 ) ;
#1183 = CIRCLE ( 'NONE', #1980, 2.999999999999857003 ) ;
#1184 = EDGE_CURVE ( 'NONE', #901, #357, #129, .T. ) ;
#1185 = AXIS2_PLACEMENT_3D ( 'NONE', #581, #125, #1045 ) ;
#1186 = FACE_BOUND ( 'NONE', #34, .T. ) ;
#1187 = EDGE_CURVE ( 'NONE', #1257, #359, #329, .T. ) ;
#1188 = CARTESIAN_POINT ( 'NONE',  ( -19.99999999999999645, 0.000000000000000000, 0.000000000000000000 ) ) ;
#1189 = ORIENTED_EDGE ( 'NONE', *, *, #1311, .T. ) ;
#1190 = ORIENTED_EDGE ( 'NONE', *, *, #1013, .T. ) ;
#1191 = CARTESIAN_POINT ( 'NONE',  ( -54.00000000000005684, 25.00000000000000000, 22.00000000000001421 ) ) ;
#1192 = LINE ( 'NONE', #1947, #1047 ) ;
#1193 = ORIENTED_EDGE ( 'NONE', *, *, #681, .F. ) ;
#1194 = CYLINDRICAL_SURFACE ( 'NONE', #308, 3.000000000000002665 ) ;
#1195 = CARTESIAN_POINT ( 'NONE',  ( -54.00000000000004263, 6.938893903907228378E-15, 17.50000000000000000 ) ) ;
#1196 = ADVANCED_FACE ( 'NONE', ( #1704 ), #763, .F. ) ;
#1197 = PLANE ( 'NONE',  #1185 ) ;
#1198 = CARTESIAN_POINT ( 'NONE',  ( 60.00000000000009948, 1.825256829971793116E-14, 34.99999999999998579 ) ) ;
#1199 = EDGE_CURVE ( 'NONE', #578, #1399, #827, .T. ) ;
#1200 = VERTEX_POINT ( 'NONE', #1523 ) ;
#1201 = CARTESIAN_POINT ( 'NONE',  ( 54.00000000000002132, 35.00000000000001421, 11.99999999999997513 ) ) ;
#1202 = LINE ( 'NONE', #1243, #132 ) ;
#1203 = ORIENTED_EDGE ( 'NONE', *, *, #1049, .F. ) ;
#1204 = DIRECTION ( 'NONE',  ( -1.000000000000000000, 0.000000000000000000, 0.000000000000000000 ) ) ;
#1205 = CARTESIAN_POINT ( 'NONE',  ( 54.00000000000017053, 2.081668171172168513E-14, 55.00000000000002842 ) ) ;
#1206 = CARTESIAN_POINT ( 'NONE',  ( -48.00000000000002132, -35.00000000000000000, 11.99999999999999645 ) ) ;
#1207 = VERTEX_POINT ( 'NONE', #1831 ) ;
#1208 = AXIS2_PLACEMENT_3D ( 'NONE', #1494, #254, #1181 ) ;
#1209 = VECTOR ( 'NONE', #1805, 1000.000000000000000 ) ;
#1210 = ADVANCED_FACE ( 'NONE', ( #1681 ), #295, .F. ) ;
#1211 = ORIENTED_EDGE ( 'NONE', *, *, #399, .T. ) ;
#1213 = ADVANCED_FACE ( 'NONE', ( #1232 ), #1841, .F. ) ;
#1212 = CARTESIAN_POINT ( 'NONE',  ( 48.00000000000002132, 35.00000000000001421, 5.999999999999998224 ) ) ;
#1214 = AXIS2_PLACEMENT_3D ( 'NONE', #1180, #826, #1761 ) ;
#1215 = ORIENTED_EDGE ( 'NONE', *, *, #411, .T. ) ;
#1216 = CARTESIAN_POINT ( 'NONE',  ( 54.00000000000010658, -34.99999999999999289, 34.99999999999999289 ) ) ;
#1217 = DIRECTION ( 'NONE',  ( 0.000000000000000000, 0.000000000000000000, -1.000000000000000000 ) ) ;
#1218 = AXIS2_PLACEMENT_3D ( 'NONE', #103, #1348, #1941 ) ;
#1219 = DIRECTION ( 'NONE',  ( 0.000000000000000000, 0.000000000000000000, 1.000000000000000000 ) ) ;
#1220 = CARTESIAN_POINT ( 'NONE',  ( 19.99999999999999645, 6.000000000000007105, 6.000000000000000000 ) ) ;
#1221 = ORIENTED_EDGE ( 'NONE', *, *, #1603, .F. ) ;
#1222 = DIRECTION ( 'NONE',  ( 1.000000000000000000, 0.000000000000000000, 3.491481338843133355E-15 ) ) ;
#1223 = EDGE_CURVE ( 'NONE', #1439, #813, #960, .T. ) ;
#1224 = DIRECTION ( 'NONE',  ( -4.625929269271484533E-15, 0.000000000000000000, -1.000000000000000000 ) ) ;
#1225 = VERTEX_POINT ( 'NONE', #59 ) ;
#1226 = PLANE ( 'NONE',  #1887 ) ;
#1227 = DIRECTION ( 'NONE',  ( 0.000000000000000000, 2.392722035830077986E-16, -1.000000000000000000 ) ) ;
#1228 = CARTESIAN_POINT ( 'NONE',  ( -60.00000000000005684, 25.00000000000000000, 21.99999999999999289 ) ) ;
#1229 = LINE ( 'NONE', #326, #1531 ) ;
#1230 = ORIENTED_EDGE ( 'NONE', *, *, #865, .F. ) ;
#1231 = CARTESIAN_POINT ( 'NONE',  ( 54.00000000000015632, 2.081668171172168513E-14, 52.00000000000002842 ) ) ;
#1232 = FACE_OUTER_BOUND ( 'NONE', #994, .T. ) ;
#1233 = ORIENTED_EDGE ( 'NONE', *, *, #31, .F. ) ;
#1234 = EDGE_CURVE ( 'NONE', #594, #1575, #1885, .T. ) ;
#1235 = LINE ( 'NONE', #1872, #1314 ) ;
#1236 = DIRECTION ( 'NONE',  ( 1.000000000000000000, 1.734723475976807341E-16, 0.000000000000000000 ) ) ;
#1237 = EDGE_CURVE ( 'NONE', #1200, #1141, #1058, .T. ) ;
#1238 = CARTESIAN_POINT ( 'NONE',  ( 60.00000000000009948, 1.825256829971793116E-14, 34.99999999999998579 ) ) ;
#1239 = CARTESIAN_POINT ( 'NONE',  ( 54.00000000000010658, -20.00000000000025580, 35.00000000000023448 ) ) ;
#1240 = VECTOR ( 'NONE', #606, 1000.000000000000000 ) ;
#1241 = ORIENTED_EDGE ( 'NONE', *, *, #1171, .F. ) ;
#1242 = AXIS2_PLACEMENT_3D ( 'NONE', #22, #627, #1252 ) ;
#1243 = CARTESIAN_POINT ( 'NONE',  ( 60.00000000000009948, -34.99999999999999289, 34.99999999999999289 ) ) ;
#1244 = EDGE_LOOP ( 'NONE', ( #634, #417, #909, #1062 ) ) ;
#1245 = VECTOR ( 'NONE', #1707, 1000.000000000000000 ) ;
#1246 = ORIENTED_EDGE ( 'NONE', *, *, #1554, .T. ) ;
#1247 = COORDINATED_UNIVERSAL_TIME_OFFSET ( 5, 30, .AHEAD. ) ;
#1248 = LINE ( 'NONE', #450, #751 ) ;
#1249 = ADVANCED_FACE ( 'NONE', ( #1447 ), #377, .F. ) ;
#1250 = DIRECTION ( 'NONE',  ( 3.330669073875470410E-15, 0.000000000000000000, 1.000000000000000000 ) ) ;
#1251 = AXIS2_PLACEMENT_3D ( 'NONE', #1086, #967, #1696 ) ;
#1252 = DIRECTION ( 'NONE',  ( 0.000000000000000000, 0.000000000000000000, -1.000000000000000000 ) ) ;
#1253 = AXIS2_PLACEMENT_3D ( 'NONE', #570, #561, #912 ) ;
#1254 = ORIENTED_EDGE ( 'NONE', *, *, #1133, .F. ) ;
#1255 = CIRCLE ( 'NONE', #275, 7.500000000000000000 ) ;
#1256 = CYLINDRICAL_SURFACE ( 'NONE', #1272, 12.50000000000000355 ) ;
#1257 = VERTEX_POINT ( 'NONE', #367 ) ;
#1258 = ORIENTED_EDGE ( 'NONE', *, *, #124, .T. ) ;
#1259 =( NAMED_UNIT ( * ) SI_UNIT ( $, .STERADIAN. ) SOLID_ANGLE_UNIT ( ) );
#1260 = CARTESIAN_POINT ( 'NONE',  ( 54.00000000000003553, -4.007251923614582450E-13, 15.00000000000002842 ) ) ;
#1261 = DIRECTION ( 'NONE',  ( -1.000000000000000000, -1.734723475976807341E-16, 0.000000000000000000 ) ) ;
#1262 = DIRECTION ( 'NONE',  ( -4.625929269271481378E-15, 0.000000000000000000, -1.000000000000000000 ) ) ;
#1263 = ADVANCED_FACE ( 'NONE', ( #50 ), #1577, .F. ) ;
#1264 = ORIENTED_EDGE ( 'NONE', *, *, #1992, .F. ) ;
#1265 = EDGE_CURVE ( 'NONE', #1104, #1954, #668, .T. ) ;
#1266 = DIRECTION ( 'NONE',  ( -0.000000000000000000, -0.000000000000000000, 1.000000000000000000 ) ) ;
#1267 = EDGE_LOOP ( 'NONE', ( #51, #837 ) ) ;
#1268 = VERTEX_POINT ( 'NONE', #358 ) ;
#1269 = CARTESIAN_POINT ( 'NONE',  ( -54.00000000000019185, -7.499999999999992006, 60.00000000000002132 ) ) ;
#1270 = CARTESIAN_POINT ( 'NONE',  ( -20.00000000000000000, 35.00000000000000711, 0.000000000000000000 ) ) ;
#1271 = VERTEX_POINT ( 'NONE', #1429 ) ;
#1272 = AXIS2_PLACEMENT_3D ( 'NONE', #934, #1102, #793 ) ;
#1273 = EDGE_CURVE ( 'NONE', #1074, #1439, #1591, .T. ) ;
#1274 = CARTESIAN_POINT ( 'NONE',  ( -39.99999999999999289, 6.000000000000000000, 0.000000000000000000 ) ) ;
#1275 = EDGE_LOOP ( 'NONE', ( #1005, #566, #243, #1851 ) ) ;
#1276 = VECTOR ( 'NONE', #320, 1000.000000000000000 ) ;
#1277 = VECTOR ( 'NONE', #734, 1000.000000000000000 ) ;
#1278 = ORIENTED_EDGE ( 'NONE', *, *, #251, .F. ) ;
#1279 = DIRECTION ( 'NONE',  ( 1.000000000000000000, 1.734723475976807341E-16, 0.000000000000000000 ) ) ;
#1280 = AXIS2_PLACEMENT_3D ( 'NONE', #1087, #314, #147 ) ;
#1281 = CARTESIAN_POINT ( 'NONE',  ( -60.00000000000002132, 35.00000000000000000, 11.99999999999995559 ) ) ;
#1282 = LINE ( 'NONE', #1888, #783 ) ;
#1283 = AXIS2_PLACEMENT_3D ( 'NONE', #469, #911, #1095 ) ;
#1284 = ORIENTED_EDGE ( 'NONE', *, *, #1703, .F. ) ;
#1285 = AXIS2_PLACEMENT_3D ( 'NONE', #315, #938, #1573 ) ;
#1286 = CARTESIAN_POINT ( 'NONE',  ( -54.00000000000017053, -25.00000000000000000, 53.00000000000001421 ) ) ;
#1287 = VERTEX_POINT ( 'NONE', #32 ) ;
#1288 = EDGE_CURVE ( 'NONE', #1607, #1108, #980, .T. ) ;
#1289 = AXIS2_PLACEMENT_3D ( 'NONE', #372, #997, #218 ) ;
#1290 = ORIENTED_EDGE ( 'NONE', *, *, #278, .T. ) ;
#1291 = APPROVAL_DATE_TIME ( #205, #1950 ) ;
#1292 = ADVANCED_FACE ( 'NONE', ( #990 ), #811, .F. ) ;
#1293 = LINE ( 'NONE', #542, #725 ) ;
#1294 = DIRECTION ( 'NONE',  ( 0.000000000000000000, -2.392722035830078479E-16, 1.000000000000000000 ) ) ;
#1295 = VERTEX_POINT ( 'NONE', #1274 ) ;
#1296 = CARTESIAN_POINT ( 'NONE',  ( -60.00000000000016342, 25.00000000000000000, 49.99999999999998579 ) ) ;
#1297 = ORIENTED_EDGE ( 'NONE', *, *, #930, .F. ) ;
#1298 = CARTESIAN_POINT ( 'NONE',  ( 5.204170427930421283E-15, -50.00000000000000711, 0.000000000000000000 ) ) ;
#1299 = VERTEX_POINT ( 'NONE', #42 ) ;
#1300 = CYLINDRICAL_SURFACE ( 'NONE', #110, 11.99999999999999645 ) ;
#1301 = DIRECTION ( 'NONE',  ( 0.000000000000000000, -1.000000000000000000, 0.000000000000000000 ) ) ;
#1302 = ORIENTED_EDGE ( 'NONE', *, *, #1819, .F. ) ;
#1303 = CARTESIAN_POINT ( 'NONE',  ( -60.00000000000018474, -35.00000000000000000, 60.00000000000000000 ) ) ;
#1304 = ORIENTED_EDGE ( 'NONE', *, *, #1184, .T. ) ;
#1305 = CARTESIAN_POINT ( 'NONE',  ( 48.00000000000002132, -34.99999999999999289, 11.99999999999999645 ) ) ;
#1306 = ORIENTED_EDGE ( 'NONE', *, *, #798, .F. ) ;
#1307 = AXIS2_PLACEMENT_3D ( 'NONE', #1514, #1222, #140 ) ;
#1308 = AXIS2_PLACEMENT_3D ( 'NONE', #421, #704, #1641 ) ;
#1309 = LINE ( 'NONE', #1916, #1982 ) ;
#1310 = CARTESIAN_POINT ( 'NONE',  ( -60.00000000000015632, -25.00000000000000000, 49.99999999999998579 ) ) ;
#1311 = EDGE_CURVE ( 'NONE', #1664, #1579, #18, .T. ) ;
#1312 = DIRECTION ( 'NONE',  ( 1.000000000000000000, 0.000000000000000000, 3.491481338843133355E-15 ) ) ;
#1313 = ORIENTED_EDGE ( 'NONE', *, *, #875, .T. ) ;
#1314 = VECTOR ( 'NONE', #1125, 1000.000000000000000 ) ;
#1315 = DIRECTION ( 'NONE',  ( -0.000000000000000000, -0.000000000000000000, 1.000000000000000000 ) ) ;
#1316 = ORIENTED_EDGE ( 'NONE', *, *, #1288, .T. ) ;
#1317 = VECTOR ( 'NONE', #665, 1000.000000000000000 ) ;
#1318 = LINE ( 'NONE', #1144, #437 ) ;
#1319 = CARTESIAN_POINT ( 'NONE',  ( 39.99999999999997868, 6.938893903907228378E-15, 6.000000000000000000 ) ) ;
#1320 = EDGE_CURVE ( 'NONE', #1801, #594, #659, .T. ) ;
#1321 = VERTEX_POINT ( 'NONE', #1286 ) ;
#1322 = ORIENTED_EDGE ( 'NONE', *, *, #1234, .T. ) ;
#1324 = EDGE_CURVE ( 'NONE', #1455, #1954, #273, .T. ) ;
#1323 = DIRECTION ( 'NONE',  ( -1.000000000000000000, 0.000000000000000000, 0.000000000000000000 ) ) ;
#1325 = DIRECTION ( 'NONE',  ( 1.000000000000000000, 0.000000000000000000, 0.000000000000000000 ) ) ;
#1326 = ORIENTED_EDGE ( 'NONE', *, *, #1223, .F. ) ;
#1327 = LINE ( 'NONE', #1930, #1317 ) ;
#1328 = DIRECTION ( 'NONE',  ( 1.000000000000000000, -0.000000000000000000, -3.491481338843133355E-15 ) ) ;
#1329 = EDGE_LOOP ( 'NONE', ( #1130, #1592, #487, #1596, #1365, #981, #922, #1720 ) ) ;
#1330 = ORIENTED_EDGE ( 'NONE', *, *, #1907, .T. ) ;
#1331 = CARTESIAN_POINT ( 'NONE',  ( -60.00000000000007105, 6.938893903907228378E-15, 24.99999999999998224 ) ) ;
#1332 = CC_DESIGN_PERSON_AND_ORGANIZATION_ASSIGNMENT ( #381, #224, ( #1475 ) ) ;
#1333 = CARTESIAN_POINT ( 'NONE',  ( -48.00000000000002132, -35.00000000000000000, 5.999999999999998224 ) ) ;
#1334 = ORIENTED_EDGE ( 'NONE', *, *, #978, .F. ) ;
#1335 = AXIS2_PLACEMENT_3D ( 'NONE', #152, #748, #1567 ) ;
#1336 = DIRECTION ( 'NONE',  ( 1.000000000000000000, 0.000000000000000000, 3.491481338843133355E-15 ) ) ;
#1337 = DIRECTION ( 'NONE',  ( -0.000000000000000000, -0.000000000000000000, 1.000000000000000000 ) ) ;
#1338 = CIRCLE ( 'NONE', #523, 3.000000000000002665 ) ;
#1339 = PLANE ( 'NONE',  #393 ) ;
#1340 = VECTOR ( 'NONE', #1912, 1000.000000000000000 ) ;
#1341 = VERTEX_POINT ( 'NONE', #508 ) ;
#1342 = DIRECTION ( 'NONE',  ( 0.000000000000000000, 1.000000000000000000, 0.000000000000000000 ) ) ;
#1343 = CYLINDRICAL_SURFACE ( 'NONE', #1208, 2.999999999999857003 ) ;
#1344 = VERTEX_POINT ( 'NONE', #1759 ) ;
#1345 = ADVANCED_FACE ( 'NONE', ( #1000 ), #1614, .T. ) ;
#1346 = VECTOR ( 'NONE', #1583, 1000.000000000000000 ) ;
#1347 = VECTOR ( 'NONE', #767, 1000.000000000000000 ) ;
#1348 = DIRECTION ( 'NONE',  ( 1.000000000000000000, 0.000000000000000000, -3.491481338843133355E-15 ) ) ;
#1349 = DIRECTION ( 'NONE',  ( 1.000000000000000000, 0.000000000000000000, 0.000000000000000000 ) ) ;
#1350 = EDGE_CURVE ( 'NONE', #1170, #1361, #434, .T. ) ;
#1351 = CARTESIAN_POINT ( 'NONE',  ( 54.00000000000010658, 20.00000000000001776, 35.00000000000002132 ) ) ;
#1352 = LINE ( 'NONE', #743, #1277 ) ;
#1353 = ORIENTED_EDGE ( 'NONE', *, *, #305, .T. ) ;
#1354 = CYLINDRICAL_SURFACE ( 'NONE', #1654, 2.999999999999995559 ) ;
#1355 = CARTESIAN_POINT ( 'NONE',  ( -54.00000000000019185, -35.00000000000000000, 60.00000000000002132 ) ) ;
#1356 = EDGE_LOOP ( 'NONE', ( #689, #312, #510, #1139, #457 ) ) ;
#1357 = CARTESIAN_POINT ( 'NONE',  ( 60.00000000000022737, 1.825256829971793116E-14, 69.99999999999998579 ) ) ;
#1358 = FACE_BOUND ( 'NONE', #1356, .T. ) ;
#1359 = EDGE_CURVE ( 'NONE', #1147, #210, #499, .T. ) ;
#1360 = LINE ( 'NONE', #1009, #1791 ) ;
#1361 = VERTEX_POINT ( 'NONE', #573 ) ;
#1362 = ORIENTED_EDGE ( 'NONE', *, *, #730, .F. ) ;
#1363 = DIRECTION ( 'NONE',  ( 0.000000000000000000, -1.000000000000000000, 0.000000000000000000 ) ) ;
#1364 = DIRECTION ( 'NONE',  ( -0.000000000000000000, 1.000000000000000000, 0.000000000000000000 ) ) ;
#1365 = ORIENTED_EDGE ( 'NONE', *, *, #1881, .T. ) ;
#1366 = CARTESIAN_POINT ( 'NONE',  ( -60.00000000000014211, 25.00000000000000000, 46.99999999999998579 ) ) ;
#1367 = DIRECTION ( 'NONE',  ( -4.625929269271706203E-15, 0.000000000000000000, -1.000000000000000000 ) ) ;
#1368 = CARTESIAN_POINT ( 'NONE',  ( -13.99999999999999645, 0.000000000000000000, 0.000000000000000000 ) ) ;
#1369 = PERSON ( 'UNSPECIFIED', 'UNSPECIFIED', 'UNSPECIFIED', ('UNSPECIFIED'), ('UNSPECIFIED'), ('UNSPECIFIED') ) ;
#1370 = ORIENTED_EDGE ( 'NONE', *, *, #1425, .F. ) ;
#1371 = ADVANCED_FACE ( 'NONE', ( #895 ), #1688, .T. ) ;
#1372 = CIRCLE ( 'NONE', #852, 2.999999999999995559 ) ;
#1373 = EDGE_LOOP ( 'NONE', ( #1798, #1898, #1290, #162, #150 ) ) ;
#1374 = CARTESIAN_POINT ( 'NONE',  ( -60.00000000000007105, 7.500000000000007994, 24.99999999999998224 ) ) ;
#1375 = AXIS2_PLACEMENT_3D ( 'NONE', #831, #1744, #1294 ) ;
#1376 = DIRECTION ( 'NONE',  ( 1.000000000000000000, 0.000000000000000000, 3.491481338843133355E-15 ) ) ;
#1377 = ORIENTED_EDGE ( 'NONE', *, *, #250, .F. ) ;
#1378 = APPROVAL_PERSON_ORGANIZATION ( #163, #1004, #975 ) ;
#1379 = FACE_BOUND ( 'NONE', #812, .T. ) ;
#1380 = CARTESIAN_POINT ( 'NONE',  ( -60.00000000000000711, -35.00000000000000000, 5.999999999999979572 ) ) ;
#1381 = AXIS2_PLACEMENT_3D ( 'NONE', #1402, #976, #1250 ) ;
#1382 = CYLINDRICAL_SURFACE ( 'NONE', #1061, 11.99999999999999645 ) ;
#1383 = CARTESIAN_POINT ( 'NONE',  ( 39.99999999999999289, -5.999999999999992895, 6.000000000000000000 ) ) ;
#1384 = AXIS2_PLACEMENT_3D ( 'NONE', #720, #711, #440 ) ;
#1385 = ORIENTED_EDGE ( 'NONE', *, *, #424, .F. ) ;
#1386 = CARTESIAN_POINT ( 'NONE',  ( 39.99999999999999289, -5.999999999999992895, 0.000000000000000000 ) ) ;
#1387 = ADVANCED_FACE ( 'NONE', ( #1158 ), #1382, .T. ) ;
#1388 = CARTESIAN_POINT ( 'NONE',  ( 60.00000000000009948, 1.825256829971793116E-14, 34.99999999999998579 ) ) ;
#1389 = ORIENTED_EDGE ( 'NONE', *, *, #1028, .F. ) ;
#1390 = APPROVAL_ROLE ( '' ) ;
#1391 = DIRECTION ( 'NONE',  ( -1.000000000000000000, 0.000000000000000000, 0.000000000000000000 ) ) ;
#1392 = DIRECTION ( 'NONE',  ( -1.000000000000000000, 0.000000000000000000, 3.491481338843133355E-15 ) ) ;
#1393 = LINE ( 'NONE', #179, #750 ) ;
#1394 = ORIENTED_EDGE ( 'NONE', *, *, #1350, .F. ) ;
#1395 = FACE_OUTER_BOUND ( 'NONE', #639, .T. ) ;
#1396 = ORIENTED_EDGE ( 'NONE', *, *, #196, .F. ) ;
#1397 = EDGE_CURVE ( 'NONE', #1182, #472, #1815, .T. ) ;
#1398 = EDGE_CURVE ( 'NONE', #1945, #1682, #1360, .T. ) ;
#1399 = VERTEX_POINT ( 'NONE', #282 ) ;
#1400 = PLANE ( 'NONE',  #825 ) ;
#1401 = FACE_OUTER_BOUND ( 'NONE', #586, .T. ) ;
#1402 = CARTESIAN_POINT ( 'NONE',  ( 54.00000000000010658, 1.825256829971793116E-14, 35.00000000000000000 ) ) ;
#1403 = CARTESIAN_POINT ( 'NONE',  ( -48.00000000000002132, -35.00000000000000000, 5.999999999999998224 ) ) ;
#1404 = CIRCLE ( 'NONE', #1307, 2.999999999999995559 ) ;
#1405 = ORIENTED_EDGE ( 'NONE', *, *, #1149, .T. ) ;
#1406 = CARTESIAN_POINT ( 'NONE',  ( 19.99999999999999645, 6.000000000000007105, 0.000000000000000000 ) ) ;
#1407 = ORIENTED_EDGE ( 'NONE', *, *, #56, .F. ) ;
#1408 = AXIS2_PLACEMENT_3D ( 'NONE', #1188, #1337, #1349 ) ;
#1409 = EDGE_CURVE ( 'NONE', #1141, #1200, #1757, .T. ) ;
#1410 = ORIENTED_EDGE ( 'NONE', *, *, #798, .T. ) ;
#1411 = LINE ( 'NONE', #937, #428 ) ;
#1412 = ADVANCED_FACE ( 'NONE', ( #1837, #1677, #136, #1804, #303 ), #883, .F. ) ;
#1413 = CARTESIAN_POINT ( 'NONE',  ( -19.99999999999999645, -35.00000000000000711, 0.000000000000000000 ) ) ;
#1414 = EDGE_CURVE ( 'NONE', #820, #983, #1541, .T. ) ;
#1415 = DIRECTION ( 'NONE',  ( 1.000000000000000000, 0.000000000000000000, -3.491481338843133355E-15 ) ) ;
#1416 = AXIS2_PLACEMENT_3D ( 'NONE', #1890, #1878, #517 ) ;
#1417 = EDGE_LOOP ( 'NONE', ( #540, #794, #1330, #641 ) ) ;
#1418 = VECTOR ( 'NONE', #1668, 1000.000000000000000 ) ;
#1419 = CARTESIAN_POINT ( 'NONE',  ( -54.00000000000014211, -25.00000000000000000, 47.00000000000000711 ) ) ;
#1420 = EDGE_LOOP ( 'NONE', ( #1993, #726, #394, #1334 ) ) ;
#1421 = VERTEX_POINT ( 'NONE', #1961 ) ;
#1422 = CARTESIAN_POINT ( 'NONE',  ( -20.00000000000000000, 35.00000000000000711, 6.000000000000000000 ) ) ;
#1423 = CARTESIAN_POINT ( 'NONE',  ( 54.00000000000010658, 1.825256829971793116E-14, 35.00000000000000000 ) ) ;
#1424 = DIRECTION ( 'NONE',  ( 1.000000000000000000, 0.000000000000000000, 0.000000000000000000 ) ) ;
#1425 = EDGE_CURVE ( 'NONE', #385, #876, #258, .T. ) ;
#1426 = EDGE_CURVE ( 'NONE', #1801, #405, #1730, .T. ) ;
#1427 = APPLICATION_CONTEXT ( 'configuration controlled 3d designs of mechanical parts and assemblies' ) ;
#1428 = EDGE_LOOP ( 'NONE', ( #1326, #1585 ) ) ;
#1429 = CARTESIAN_POINT ( 'NONE',  ( 45.99999999999997868, 6.938893903907228378E-15, 0.000000000000000000 ) ) ;
#1430 = ORIENTED_EDGE ( 'NONE', *, *, #770, .T. ) ;
#1431 = EDGE_LOOP ( 'NONE', ( #332, #1385, #1258, #349 ) ) ;
#1432 = DIRECTION ( 'NONE',  ( 0.000000000000000000, 1.000000000000000000, 0.000000000000000000 ) ) ;
#1433 = CARTESIAN_POINT ( 'NONE',  ( 45.99999999999997868, 6.938893903907228378E-15, 6.000000000000000000 ) ) ;
#1434 = DIRECTION ( 'NONE',  ( 1.000000000000000000, 0.000000000000000000, 3.491481338843133355E-15 ) ) ;
#1435 = ADVANCED_FACE ( 'NONE', ( #927 ), #420, .F. ) ;
#1436 = ORIENTED_EDGE ( 'NONE', *, *, #572, .T. ) ;
#1437 = VECTOR ( 'NONE', #24, 1000.000000000000000 ) ;
#1438 = CARTESIAN_POINT ( 'NONE',  ( 48.00000000000002132, 35.00000000000001421, 11.99999999999999645 ) ) ;
#1439 = VERTEX_POINT ( 'NONE', #1078 ) ;
#1440 = CIRCLE ( 'NONE', #1242, 11.99999999999999822 ) ;
#1441 = VECTOR ( 'NONE', #156, 1000.000000000000000 ) ;
#1442 = ORIENTED_EDGE ( 'NONE', *, *, #773, .T. ) ;
#1443 = CIRCLE ( 'NONE', #44, 25.00000000000000000 ) ;
#1444 = DIRECTION ( 'NONE',  ( 3.700743415417188731E-15, 0.000000000000000000, -1.000000000000000000 ) ) ;
#1445 = CARTESIAN_POINT ( 'NONE',  ( -39.99999999999999289, 6.000000000000000000, 0.000000000000000000 ) ) ;
#1446 = VECTOR ( 'NONE', #1728, 1000.000000000000000 ) ;
#1447 = FACE_OUTER_BOUND ( 'NONE', #859, .T. ) ;
#1448 = EDGE_LOOP ( 'NONE', ( #527, #769, #90, #524 ) ) ;
#1449 = PLANE ( 'NONE',  #1569 ) ;
#1450 = ADVANCED_FACE ( 'NONE', ( #916 ), #1197, .T. ) ;
#1451 = ORIENTED_EDGE ( 'NONE', *, *, #1762, .T. ) ;
#1452 = CYLINDRICAL_SURFACE ( 'NONE', #1289, 5.999999999999998224 ) ;
#1453 = CARTESIAN_POINT ( 'NONE',  ( 54.00000000000010658, -20.00000000000025580, 35.00000000000023448 ) ) ;
#1454 = DIRECTION ( 'NONE',  ( 4.625929269271481378E-15, 0.000000000000000000, -1.000000000000000000 ) ) ;
#1455 = VERTEX_POINT ( 'NONE', #742 ) ;
#1456 = CARTESIAN_POINT ( 'NONE',  ( -54.00000000000007105, -7.499999999999991118, 25.00000000000000000 ) ) ;
#1457 = ORIENTED_EDGE ( 'NONE', *, *, #1133, .T. ) ;
#1458 = DIRECTION ( 'NONE',  ( 0.000000000000000000, 0.000000000000000000, 1.000000000000000000 ) ) ;
#1459 = LINE ( 'NONE', #986, #1750 ) ;
#1460 = ORIENTED_EDGE ( 'NONE', *, *, #1907, .F. ) ;
#1461 = DIRECTION ( 'NONE',  ( -4.625929269271706203E-15, 0.000000000000000000, -1.000000000000000000 ) ) ;
#1462 = ORIENTED_EDGE ( 'NONE', *, *, #356, .F. ) ;
#1463 = DIRECTION ( 'NONE',  ( -0.000000000000000000, -0.000000000000000000, -1.000000000000000000 ) ) ;
#1464 = ADVANCED_BREP_SHAPE_REPRESENTATION ( 'U-Bracket', ( #1710, #1251 ), #173 ) ;
#1465 = ORIENTED_EDGE ( 'NONE', *, *, #1860, .F. ) ;
#1466 = VECTOR ( 'NONE', #1041, 1000.000000000000000 ) ;
#1467 = DATE_TIME_ROLE ( 'classification_date' ) ;
#1468 = CIRCLE ( 'NONE', #396, 3.000000000000000888 ) ;
#1469 = EDGE_CURVE ( 'NONE', #1321, #1132, #897, .T. ) ;
#1470 = CARTESIAN_POINT ( 'NONE',  ( 48.00000000000002132, -34.99999999999999289, 11.99999999999999645 ) ) ;
#1471 = DIRECTION ( 'NONE',  ( 1.000000000000000000, -1.734723475976807094E-16, -0.000000000000000000 ) ) ;
#1472 = VECTOR ( 'NONE', #982, 1000.000000000000000 ) ;
#1473 = EDGE_CURVE ( 'NONE', #1, #971, #862, .T. ) ;
#1474 = ORIENTED_EDGE ( 'NONE', *, *, #1028, .T. ) ;
#1475 = PRODUCT_DEFINITION_FORMATION_WITH_SPECIFIED_SOURCE ( 'ANY', '', #509, .NOT_KNOWN. ) ;
#1476 = CARTESIAN_POINT ( 'NONE',  ( 60.00000000000000000, 35.00000000000001421, 6.000000000000000000 ) ) ;
#1477 = DIRECTION ( 'NONE',  ( -1.000000000000000000, 0.000000000000000000, 3.491481338843133355E-15 ) ) ;
#1478 = ORIENTED_EDGE ( 'NONE', *, *, #317, .F. ) ;
#1479 = DIRECTION ( 'NONE',  ( -0.000000000000000000, -1.000000000000000000, -0.000000000000000000 ) ) ;
#1480 = DIRECTION ( 'NONE',  ( 3.568574007723717789E-15, 0.000000000000000000, 1.000000000000000000 ) ) ;
#1481 = DIRECTION ( 'NONE',  ( -1.000000000000000000, 0.000000000000000000, 3.491481338843133355E-15 ) ) ;
#1482 = EDGE_CURVE ( 'NONE', #1065, #971, #1996, .T. ) ;
#1483 = VERTEX_POINT ( 'NONE', #1368 ) ;
#1484 = CARTESIAN_POINT ( 'NONE',  ( 54.00000000000014211, 1.825256829971793116E-14, 47.50000000000000000 ) ) ;
#1485 = FACE_OUTER_BOUND ( 'NONE', #375, .T. ) ;
#1486 = EDGE_LOOP ( 'NONE', ( #502, #1726, #1513, #642 ) ) ;
#1487 = DIRECTION ( 'NONE',  ( 1.000000000000000000, 0.000000000000000000, 3.491481338843133355E-15 ) ) ;
#1488 = FACE_BOUND ( 'NONE', #791, .T. ) ;
#1489 = FACE_OUTER_BOUND ( 'NONE', #1908, .T. ) ;
#1490 = EDGE_CURVE ( 'NONE', #1832, #1625, #1972, .T. ) ;
#1491 = ORIENTED_EDGE ( 'NONE', *, *, #264, .F. ) ;
#1492 = DIRECTION ( 'NONE',  ( -0.000000000000000000, -1.000000000000000000, -0.000000000000000000 ) ) ;
#1493 = EDGE_CURVE ( 'NONE', #1182, #1945, #36, .T. ) ;
#1494 = CARTESIAN_POINT ( 'NONE',  ( 54.00000000000010658, 20.00000000000001776, 35.00000000000002132 ) ) ;
#1495 = ORIENTED_EDGE ( 'NONE', *, *, #1833, .T. ) ;
#1496 = VECTOR ( 'NONE', #760, 1000.000000000000000 ) ;
#1497 = PLANE ( 'NONE',  #1384 ) ;
#1498 = CARTESIAN_POINT ( 'NONE',  ( -60.00000000000019895, -7.499999999999992895, 60.00000000000000000 ) ) ;
#1499 = AXIS2_PLACEMENT_3D ( 'NONE', #1145, #850, #1917 ) ;
#1500 = AXIS2_PLACEMENT_3D ( 'NONE', #776, #612, #1697 ) ;
#1501 = DIRECTION ( 'NONE',  ( -0.000000000000000000, -0.000000000000000000, -1.000000000000000000 ) ) ;
#1502 = ORIENTED_EDGE ( 'NONE', *, *, #264, .T. ) ;
#1503 = ORIENTED_EDGE ( 'NONE', *, *, #1397, .F. ) ;
#1504 = FACE_OUTER_BOUND ( 'NONE', #1275, .T. ) ;
#1505 = VECTOR ( 'NONE', #1994, 1000.000000000000000 ) ;
#1506 = DIRECTION ( 'NONE',  ( -1.000000000000000000, 0.000000000000000000, 3.491481338843133355E-15 ) ) ;
#1507 = ORIENTED_EDGE ( 'NONE', *, *, #1783, .T. ) ;
#1508 = AXIS2_PLACEMENT_3D ( 'NONE', #1155, #247, #207 ) ;
#1509 = LINE ( 'NONE', #1357, #1057 ) ;
#1510 = DIRECTION ( 'NONE',  ( 4.625929269271492422E-15, 0.000000000000000000, -1.000000000000000000 ) ) ;
#1511 = DIRECTION ( 'NONE',  ( 1.000000000000000000, 0.000000000000000000, 0.000000000000000000 ) ) ;
#1512 = CARTESIAN_POINT ( 'NONE',  ( 60.00000000000002132, -34.99999999999999289, 11.99999999999995559 ) ) ;
#1513 = ORIENTED_EDGE ( 'NONE', *, *, #1052, .T. ) ;
#1514 = CARTESIAN_POINT ( 'NONE',  ( -60.00000000000007105, 25.00000000000000000, 24.99999999999998579 ) ) ;
#1515 = EDGE_LOOP ( 'NONE', ( #772, #1695 ) ) ;
#1516 = EDGE_CURVE ( 'NONE', #359, #554, #20, .T. ) ;
#1517 = LINE ( 'NONE', #1366, #145 ) ;
#1518 = CYLINDRICAL_SURFACE ( 'NONE', #338, 3.000000000000002665 ) ;
#1519 = DIRECTION ( 'NONE',  ( 1.000000000000000000, 0.000000000000000000, -3.491481338843133355E-15 ) ) ;
#1520 = DIRECTION ( 'NONE',  ( 1.000000000000000000, 0.000000000000000000, 3.491481338843133355E-15 ) ) ;
#1521 = VERTEX_POINT ( 'NONE', #1433 ) ;
#1522 = LINE ( 'NONE', #1374, #297 ) ;
#1523 = CARTESIAN_POINT ( 'NONE',  ( 54.00000000000012079, 20.00000000000001776, 37.99999999999987921 ) ) ;
#1524 = ORIENTED_EDGE ( 'NONE', *, *, #1867, .F. ) ;
#1525 = CARTESIAN_POINT ( 'NONE',  ( -48.00000000000002132, 35.00000000000000000, 0.000000000000000000 ) ) ;
#1526 = CYLINDRICAL_SURFACE ( 'NONE', #1280, 7.500000000000000000 ) ;
#1527 = EDGE_CURVE ( 'NONE', #108, #1132, #1116, .T. ) ;
#1528 = AXIS2_PLACEMENT_3D ( 'NONE', #1975, #1363, #1671 ) ;
#1529 = DIRECTION ( 'NONE',  ( 4.625929269271481378E-15, 0.000000000000000000, -1.000000000000000000 ) ) ;
#1530 = CARTESIAN_POINT ( 'NONE',  ( -19.99999999999999645, 0.000000000000000000, 0.000000000000000000 ) ) ;
#1531 = VECTOR ( 'NONE', #1562, 1000.000000000000000 ) ;
#1532 = EDGE_CURVE ( 'NONE', #405, #1207, #1088, .T. ) ;
#1533 = AXIS2_PLACEMENT_3D ( 'NONE', #582, #1962, #574 ) ;
#1534 = ORIENTED_EDGE ( 'NONE', *, *, #626, .T. ) ;
#1535 = FACE_OUTER_BOUND ( 'NONE', #954, .T. ) ;
#1536 = CARTESIAN_POINT ( 'NONE',  ( 54.00000000000009237, 20.00000000000001776, 32.00000000000017053 ) ) ;
#1537 = ORIENTED_EDGE ( 'NONE', *, *, #1199, .T. ) ;
#1538 = DIRECTION ( 'NONE',  ( 0.000000000000000000, 0.000000000000000000, 1.000000000000000000 ) ) ;
#1539 = AXIS2_PLACEMENT_3D ( 'NONE', #211, #802, #833 ) ;
#1540 = VECTOR ( 'NONE', #105, 1000.000000000000000 ) ;
#1541 = LINE ( 'NONE', #291, #49 ) ;
#1542 = DIRECTION ( 'NONE',  ( 4.625929269271481378E-15, 0.000000000000000000, -1.000000000000000000 ) ) ;
#1543 = EDGE_CURVE ( 'NONE', #1295, #1065, #240, .T. ) ;
#1544 = ORIENTED_EDGE ( 'NONE', *, *, #672, .T. ) ;
#1545 = EDGE_CURVE ( 'NONE', #828, #106, #597, .T. ) ;
#1546 = CARTESIAN_POINT ( 'NONE',  ( 48.00000000000002132, 35.00000000000001421, 11.99999999999999645 ) ) ;
#1547 = ORIENTED_EDGE ( 'NONE', *, *, #1425, .T. ) ;
#1548 = ORIENTED_EDGE ( 'NONE', *, *, #1049, .T. ) ;
#1549 = CALENDAR_DATE ( 2026, 11, 7 ) ;
#1550 = DIRECTION ( 'NONE',  ( -4.625929269271484533E-15, 0.000000000000000000, -1.000000000000000000 ) ) ;
#1551 = LINE ( 'NONE', #157, #209 ) ;
#1552 = DIRECTION ( 'NONE',  ( 4.625929269271492422E-15, 0.000000000000000000, -1.000000000000000000 ) ) ;
#1553 = ORIENTED_EDGE ( 'NONE', *, *, #903, .T. ) ;
#1554 = EDGE_CURVE ( 'NONE', #108, #1341, #504, .T. ) ;
#1555 = DIRECTION ( 'NONE',  ( 1.000000000000000000, 0.000000000000000000, -3.491481338843133355E-15 ) ) ;
#1556 = ORIENTED_EDGE ( 'NONE', *, *, #1745, .T. ) ;
#1557 = EDGE_CURVE ( 'NONE', #498, #327, #335, .T. ) ;
#1558 = ORIENTED_EDGE ( 'NONE', *, *, #547, .F. ) ;
#1559 = APPLICATION_PROTOCOL_DEFINITION ( 'international standard', 'config_control_design', 1994, #1427 ) ;
#1560 = PLANE ( 'NONE',  #1500 ) ;
#1561 = LINE ( 'NONE', #1708, #829 ) ;
#1562 = DIRECTION ( 'NONE',  ( -1.000000000000000000, -1.734723475976807341E-16, 0.000000000000000000 ) ) ;
#1563 = PRODUCT_DEFINITION_SHAPE ( 'NONE', 'NONE',  #98 ) ;
#1564 = AXIS2_PLACEMENT_3D ( 'NONE', #899, #1492, #1965 ) ;
#1565 = ORIENTED_EDGE ( 'NONE', *, *, #1580, .F. ) ;
#1566 = AXIS2_PLACEMENT_3D ( 'NONE', #1008, #1906, #683 ) ;
#1567 = DIRECTION ( 'NONE',  ( 1.000000000000000000, 0.000000000000000000, -3.469446951953615372E-15 ) ) ;
#1568 = ORIENTED_EDGE ( 'NONE', *, *, #865, .T. ) ;
#1569 = AXIS2_PLACEMENT_3D ( 'NONE', #1305, #52, #670 ) ;
#1570 = VERTEX_POINT ( 'NONE', #1269 ) ;
#1571 = CARTESIAN_POINT ( 'NONE',  ( -60.00000000000002132, 35.00000000000000000, 11.99999999999995559 ) ) ;
#1572 = CC_DESIGN_DATE_AND_TIME_ASSIGNMENT ( #1894, #1467, ( #1755 ) ) ;
#1573 = DIRECTION ( 'NONE',  ( 1.000000000000000000, 0.000000000000000000, 0.000000000000000000 ) ) ;
#1574 = CARTESIAN_POINT ( 'NONE',  ( -54.00000000000007105, 35.00000000000000000, 25.00000000000000000 ) ) ;
#1575 = VERTEX_POINT ( 'NONE', #166 ) ;
#1576 = CIRCLE ( 'NONE', #695, 25.00000000000000000 ) ;
#1577 = CYLINDRICAL_SURFACE ( 'NONE', #894, 5.999999999999998224 ) ;
#1578 = ORIENTED_EDGE ( 'NONE', *, *, #1686, .T. ) ;
#1579 = VERTEX_POINT ( 'NONE', #1736 ) ;
#1580 = EDGE_CURVE ( 'NONE', #1225, #1864, #346, .T. ) ;
#1581 = FACE_BOUND ( 'NONE', #1267, .T. ) ;
#1582 = CARTESIAN_POINT ( 'NONE',  ( -60.00000000000017053, 25.00000000000000000, 52.99999999999999289 ) ) ;
#1583 = DIRECTION ( 'NONE',  ( 1.000000000000000000, -0.000000000000000000, -3.491481338843133355E-15 ) ) ;
#1584 = ORIENTED_EDGE ( 'NONE', *, *, #697, .T. ) ;
#1585 = ORIENTED_EDGE ( 'NONE', *, *, #174, .F. ) ;
#1586 = DIRECTION ( 'NONE',  ( -1.000000000000000000, -0.000000000000000000, -3.491481338843133355E-15 ) ) ;
#1587 = FACE_OUTER_BOUND ( 'NONE', #745, .T. ) ;
#1588 = ORIENTED_EDGE ( 'NONE', *, *, #1157, .T. ) ;
#1589 = ADVANCED_FACE ( 'NONE', ( #354, #957, #1581, #485, #185 ), #816, .T. ) ;
#1590 = VECTOR ( 'NONE', #489, 1000.000000000000000 ) ;
#1591 = LINE ( 'NONE', #1138, #1346 ) ;
#1592 = ORIENTED_EDGE ( 'NONE', *, *, #260, .T. ) ;
#1593 = CARTESIAN_POINT ( 'NONE',  ( 45.99999999999997868, 6.938893903907228378E-15, 0.000000000000000000 ) ) ;
#1594 = AXIS2_PLACEMENT_3D ( 'NONE', #1080, #158, #604 ) ;
#1595 = AXIS2_PLACEMENT_3D ( 'NONE', #495, #208, #64 ) ;
#1596 = ORIENTED_EDGE ( 'NONE', *, *, #1414, .F. ) ;
#1597 = APPROVAL_STATUS ( 'not_yet_approved' ) ;
#1598 = CARTESIAN_POINT ( 'NONE',  ( 60.00000000000002132, -34.99999999999999289, 11.99999999999995559 ) ) ;
#1599 = DIRECTION ( 'NONE',  ( -0.000000000000000000, 1.000000000000000000, -0.000000000000000000 ) ) ;
#1600 = ORIENTED_EDGE ( 'NONE', *, *, #305, .F. ) ;
#1601 = AXIS2_PLACEMENT_3D ( 'NONE', #1438, #648, #526 ) ;
#1602 = AXIS2_PLACEMENT_3D ( 'NONE', #1983, #1968, #1067 ) ;
#1603 = EDGE_CURVE ( 'NONE', #454, #1981, #1255, .T. ) ;
#1604 = VECTOR ( 'NONE', #1261, 1000.000000000000000 ) ;
#1605 = APPROVAL ( #805, 'UNSPECIFIED' ) ;
#1606 = DIRECTION ( 'NONE',  ( -0.000000000000000000, -0.000000000000000000, 1.000000000000000000 ) ) ;
#1607 = VERTEX_POINT ( 'NONE', #192 ) ;
#1608 = DIRECTION ( 'NONE',  ( -3.491481338843133355E-15, -2.478176394252580155E-17, 1.000000000000000000 ) ) ;
#1609 = ORIENTED_EDGE ( 'NONE', *, *, #1473, .T. ) ;
#1610 = SHAPE_DEFINITION_REPRESENTATION ( #1563, #1464 ) ;
#1611 = DIRECTION ( 'NONE',  ( 1.000000000000000000, 0.000000000000000000, 3.491481338843133355E-15 ) ) ;
#1612 = CARTESIAN_POINT ( 'NONE',  ( 60.00000000000002132, 35.00000000000001421, 11.99999999999995559 ) ) ;
#1613 = ORIENTED_EDGE ( 'NONE', *, *, #1516, .T. ) ;
#1614 = CYLINDRICAL_SURFACE ( 'NONE', #1823, 34.99999999999999289 ) ;
#1615 = ORIENTED_EDGE ( 'NONE', *, *, #620, .T. ) ;
#1616 = CARTESIAN_POINT ( 'NONE',  ( -60.00000000000007105, -7.499999999999992006, 24.99999999999998224 ) ) ;
#1617 = EDGE_CURVE ( 'NONE', #1483, #1344, #1698, .T. ) ;
#1618 = EDGE_LOOP ( 'NONE', ( #735, #86, #444, #871, #1879 ) ) ;
#1619 = EDGE_CURVE ( 'NONE', #1705, #1781, #1551, .T. ) ;
#1620 = DIRECTION ( 'NONE',  ( 1.000000000000000000, 0.000000000000000000, 0.000000000000000000 ) ) ;
#1621 = CARTESIAN_POINT ( 'NONE',  ( -60.00000000000019895, 7.500000000000007105, 60.00000000000000000 ) ) ;
#1622 = DIRECTION ( 'NONE',  ( -3.491481338843133355E-15, -0.000000000000000000, 1.000000000000000000 ) ) ;
#1623 = EDGE_LOOP ( 'NONE', ( #391, #380 ) ) ;
#1624 = DIRECTION ( 'NONE',  ( 4.625929269271492422E-15, 0.000000000000000000, -1.000000000000000000 ) ) ;
#1625 = VERTEX_POINT ( 'NONE', #1099 ) ;
#1626 = AXIS2_PLACEMENT_3D ( 'NONE', #890, #1506, #1808 ) ;
#1627 = VECTOR ( 'NONE', #645, 1000.000000000000000 ) ;
#1628 = DIRECTION ( 'NONE',  ( -4.625929269271481378E-15, 0.000000000000000000, -1.000000000000000000 ) ) ;
#1629 = EDGE_CURVE ( 'NONE', #943, #554, #1561, .T. ) ;
#1630 = FACE_OUTER_BOUND ( 'NONE', #1448, .T. ) ;
#1631 = DIRECTION ( 'NONE',  ( 1.000000000000000000, 0.000000000000000000, 3.491481338843133355E-15 ) ) ;
#1632 = VERTEX_POINT ( 'NONE', #325 ) ;
#1633 = DIRECTION ( 'NONE',  ( 1.000000000000000000, 0.000000000000000000, 0.000000000000000000 ) ) ;
#1634 = AXIS2_PLACEMENT_3D ( 'NONE', #1014, #1785, #1628 ) ;
#1635 = CARTESIAN_POINT ( 'NONE',  ( 54.00000000000002132, -4.007251923614582450E-13, 11.99999999999997513 ) ) ;
#1636 = ORIENTED_EDGE ( 'NONE', *, *, #849, .F. ) ;
#1637 = VECTOR ( 'NONE', #904, 1000.000000000000000 ) ;
#1638 = DIRECTION ( 'NONE',  ( -1.000000000000000000, 0.000000000000000000, 0.000000000000000000 ) ) ;
#1639 = CARTESIAN_POINT ( 'NONE',  ( -54.00000000000007105, 25.00000000000000000, 25.00000000000000711 ) ) ;
#1640 = ADVANCED_FACE ( 'NONE', ( #789 ), #946, .F. ) ;
#1641 = DIRECTION ( 'NONE',  ( 4.625929269271481378E-15, 0.000000000000000000, -1.000000000000000000 ) ) ;
#1642 = EDGE_CURVE ( 'NONE', #106, #828, #795, .T. ) ;
#1643 = ORIENTED_EDGE ( 'NONE', *, *, #501, .F. ) ;
#1644 = LINE ( 'NONE', #1386, #1240 ) ;
#1645 = CARTESIAN_POINT ( 'NONE',  ( 39.99999999999997868, 6.938893903907228378E-15, 0.000000000000000000 ) ) ;
#1646 = VERTEX_POINT ( 'NONE', #1163 ) ;
#1647 = CARTESIAN_POINT ( 'NONE',  ( 19.99999999999999645, 6.938893903907228378E-15, 6.000000000000000000 ) ) ;
#1648 = CARTESIAN_POINT ( 'NONE',  ( -48.00000000000002132, 35.00000000000000000, 5.999999999999998224 ) ) ;
#1649 = CYLINDRICAL_SURFACE ( 'NONE', #1308, 3.000000000000002665 ) ;
#1650 = ORIENTED_EDGE ( 'NONE', *, *, #1545, .T. ) ;
#1651 = CARTESIAN_POINT ( 'NONE',  ( -60.00000000000019895, 7.500000000000007105, 60.00000000000000000 ) ) ;
#1652 = DIRECTION ( 'NONE',  ( 1.000000000000000000, 0.000000000000000000, 3.491481338843133355E-15 ) ) ;
#1653 = ORIENTED_EDGE ( 'NONE', *, *, #501, .T. ) ;
#1654 = AXIS2_PLACEMENT_3D ( 'NONE', #294, #736, #585 ) ;
#1655 = DIRECTION ( 'NONE',  ( 1.000000000000000000, 0.000000000000000000, 3.491481338843133355E-15 ) ) ;
#1656 = CARTESIAN_POINT ( 'NONE',  ( 54.00000000000010658, 1.825256829971793116E-14, 35.00000000000000000 ) ) ;
#1657 = AXIS2_PLACEMENT_3D ( 'NONE', #884, #1029, #249 ) ;
#1658 = CARTESIAN_POINT ( 'NONE',  ( -39.99999999999999289, 0.000000000000000000, 6.000000000000000000 ) ) ;
#1659 = CARTESIAN_POINT ( 'NONE',  ( -60.00000000000014921, -25.00000000000000000, 46.99999999999998579 ) ) ;
#1660 = ORIENTED_EDGE ( 'NONE', *, *, #1398, .F. ) ;
#1661 = DIRECTION ( 'NONE',  ( 3.700743415417188731E-15, 0.000000000000000000, -1.000000000000000000 ) ) ;
#1662 = EDGE_CURVE ( 'NONE', #1159, #45, #1293, .T. ) ;
#1663 = CARTESIAN_POINT ( 'NONE',  ( 39.99999999999999289, -5.999999999999992895, 0.000000000000000000 ) ) ;
#1664 = VERTEX_POINT ( 'NONE', #1905 ) ;
#1665 = VECTOR ( 'NONE', #1127, 1000.000000000000000 ) ;
#1666 = CARTESIAN_POINT ( 'NONE',  ( -60.00000000000007105, 7.500000000000007994, 24.99999999999998224 ) ) ;
#1667 = DIRECTION ( 'NONE',  ( 0.000000000000000000, 0.000000000000000000, -1.000000000000000000 ) ) ;
#1668 = DIRECTION ( 'NONE',  ( -0.000000000000000000, -0.000000000000000000, 1.000000000000000000 ) ) ;
#1669 = ORIENTED_EDGE ( 'NONE', *, *, #178, .F. ) ;
#1670 = VERTEX_POINT ( 'NONE', #57 ) ;
#1671 = DIRECTION ( 'NONE',  ( 0.000000000000000000, -0.000000000000000000, -1.000000000000000000 ) ) ;
#1672 = DIRECTION ( 'NONE',  ( 0.000000000000000000, 0.000000000000000000, 1.000000000000000000 ) ) ;
#1673 = ORIENTED_EDGE ( 'NONE', *, *, #1473, .F. ) ;
#1674 = ADVANCED_FACE ( 'NONE', ( #1007 ), #872, .F. ) ;
#1675 = LINE ( 'NONE', #1216, #722 ) ;
#1676 = DIRECTION ( 'NONE',  ( 1.000000000000000000, 0.000000000000000000, -3.491481338843133355E-15 ) ) ;
#1677 = FACE_BOUND ( 'NONE', #698, .T. ) ;
#1678 = DIRECTION ( 'NONE',  ( 1.000000000000000000, 0.000000000000000000, -3.491481338843133355E-15 ) ) ;
#1679 = ORIENTED_EDGE ( 'NONE', *, *, #138, .F. ) ;
#1680 = CARTESIAN_POINT ( 'NONE',  ( -60.00000000000007105, 6.938893903907228378E-15, 24.99999999999998224 ) ) ;
#1681 = FACE_OUTER_BOUND ( 'NONE', #491, .T. ) ;
#1682 = VERTEX_POINT ( 'NONE', #47 ) ;
#1683 = DIRECTION ( 'NONE',  ( -4.625929269271706203E-15, 0.000000000000000000, -1.000000000000000000 ) ) ;
#1684 = CARTESIAN_POINT ( 'NONE',  ( -60.00000000000007105, -25.00000000000000000, 24.99999999999998579 ) ) ;
#1685 = AXIS2_PLACEMENT_3D ( 'NONE', #1955, #1818, #1988 ) ;
#1686 = EDGE_CURVE ( 'NONE', #660, #1119, #1025, .T. ) ;
#1687 = CC_DESIGN_PERSON_AND_ORGANIZATION_ASSIGNMENT ( #5, #622, ( #98 ) ) ;
#1688 = PLANE ( 'NONE',  #1824 ) ;
#1689 = DIRECTION ( 'NONE',  ( -1.000000000000000000, -0.000000000000000000, -0.000000000000000000 ) ) ;
#1690 = AXIS2_PLACEMENT_3D ( 'NONE', #1060, #283, #126 ) ;
#1691 = AXIS2_PLACEMENT_3D ( 'NONE', #623, #1845, #1741 ) ;
#1692 = ORIENTED_EDGE ( 'NONE', *, *, #411, .F. ) ;
#1693 = VECTOR ( 'NONE', #519, 1000.000000000000000 ) ;
#1694 = DIRECTION ( 'NONE',  ( 0.000000000000000000, 0.000000000000000000, 1.000000000000000000 ) ) ;
#1695 = ORIENTED_EDGE ( 'NONE', *, *, #306, .T. ) ;
#1696 = DIRECTION ( 'NONE',  ( 1.000000000000000000, 0.000000000000000000, 0.000000000000000000 ) ) ;
#1697 = DIRECTION ( 'NONE',  ( -1.000000000000000000, 0.000000000000000000, 0.000000000000000000 ) ) ;
#1698 = CIRCLE ( 'NONE', #1285, 6.000000000000000000 ) ;
#1699 = CARTESIAN_POINT ( 'NONE',  ( -54.00000000000007105, 6.938893903907228378E-15, 25.00000000000000000 ) ) ;
#1700 = DIRECTION ( 'NONE',  ( -4.625929269271484533E-15, 0.000000000000000000, -1.000000000000000000 ) ) ;
#1701 = ADVANCED_FACE ( 'NONE', ( #550 ), #1300, .T. ) ;
#1702 = ORIENTED_EDGE ( 'NONE', *, *, #1490, .F. ) ;
#1703 = EDGE_CURVE ( 'NONE', #327, #26, #1024, .T. ) ;
#1704 = FACE_OUTER_BOUND ( 'NONE', #779, .T. ) ;
#1705 = VERTEX_POINT ( 'NONE', #513 ) ;
#1706 = ORIENTED_EDGE ( 'NONE', *, *, #1843, .T. ) ;
#1707 = DIRECTION ( 'NONE',  ( -0.000000000000000000, -0.000000000000000000, 1.000000000000000000 ) ) ;
#1708 = CARTESIAN_POINT ( 'NONE',  ( 54.00000000000015632, 2.081668171172168513E-14, 52.00000000000002842 ) ) ;
#1709 = DIRECTION ( 'NONE',  ( -4.625929269271481378E-15, 0.000000000000000000, -1.000000000000000000 ) ) ;
#1710 = MANIFOLD_SOLID_BREP ( 'Cut-Extrude2', #1016 ) ;
#1711 = VERTEX_POINT ( 'NONE', #83 ) ;
#1712 = ADVANCED_FACE ( 'NONE', ( #1173 ), #1743, .T. ) ;
#1713 = CARTESIAN_POINT ( 'NONE',  ( -39.99999999999999289, 6.000000000000000000, 6.000000000000000000 ) ) ;
#1714 = ORIENTED_EDGE ( 'NONE', *, *, #1038, .F. ) ;
#1715 = EDGE_LOOP ( 'NONE', ( #1920, #1491, #478, #1465 ) ) ;
#1716 = DIRECTION ( 'NONE',  ( 1.734723475976807341E-16, -1.000000000000000000, 0.000000000000000000 ) ) ;
#1717 = DIRECTION ( 'NONE',  ( -1.000000000000000000, 0.000000000000000000, -3.491481338843133355E-15 ) ) ;
#1718 = CARTESIAN_POINT ( 'NONE',  ( -60.00000000000007105, 25.00000000000000000, 24.99999999999998579 ) ) ;
#1719 = AXIS2_PLACEMENT_3D ( 'NONE', #253, #262, #1807 ) ;
#1720 = ORIENTED_EDGE ( 'NONE', *, *, #196, .T. ) ;
#1721 = VECTOR ( 'NONE', #364, 1000.000000000000000 ) ;
#1722 = CARTESIAN_POINT ( 'NONE',  ( 54.00000000000010658, 20.00000000000001776, 35.00000000000002132 ) ) ;
#1723 = ORIENTED_EDGE ( 'NONE', *, *, #1324, .F. ) ;
#1724 = CIRCLE ( 'NONE', #1814, 3.000000000000002665 ) ;
#1725 = ADVANCED_FACE ( 'NONE', ( #1775 ), #521, .F. ) ;
#1726 = ORIENTED_EDGE ( 'NONE', *, *, #822, .T. ) ;
#1727 = VECTOR ( 'NONE', #181, 1000.000000000000000 ) ;
#1728 = DIRECTION ( 'NONE',  ( 1.000000000000000000, -1.734723475976807094E-16, -0.000000000000000000 ) ) ;
#1729 = CARTESIAN_POINT ( 'NONE',  ( -20.00000000000000355, 35.00000000000001421, 6.000000000000000000 ) ) ;
#1730 = CIRCLE ( 'NONE', #1120, 24.99999999999999289 ) ;
#1731 = ORIENTED_EDGE ( 'NONE', *, *, #914, .T. ) ;
#1732 = AXIS2_PLACEMENT_3D ( 'NONE', #1238, #1873, #8 ) ;
#1733 = CARTESIAN_POINT ( 'NONE',  ( 60.00000000000009948, 35.00000000000002132, 34.99999999999998579 ) ) ;
#1734 = EDGE_LOOP ( 'NONE', ( #512, #1462, #1740, #989 ) ) ;
#1735 = ORIENTED_EDGE ( 'NONE', *, *, #849, .T. ) ;
#1736 = CARTESIAN_POINT ( 'NONE',  ( -60.00000000000014921, 25.00000000000000000, 46.99999999999998579 ) ) ;
#1737 = EDGE_CURVE ( 'NONE', #1065, #729, #702, .T. ) ;
#1738 = DIRECTION ( 'NONE',  ( 1.000000000000000000, 0.000000000000000000, -3.491481338843133355E-15 ) ) ;
#1739 = DIRECTION ( 'NONE',  ( 1.000000000000000000, 0.000000000000000000, 0.000000000000000000 ) ) ;
#1740 = ORIENTED_EDGE ( 'NONE', *, *, #1629, .T. ) ;
#1741 = DIRECTION ( 'NONE',  ( 4.625929269271492422E-15, 0.000000000000000000, -1.000000000000000000 ) ) ;
#1742 = EDGE_LOOP ( 'NONE', ( #706, #1534, #832, #1978 ) ) ;
#1743 = PLANE ( 'NONE',  #1508 ) ;
#1744 = DIRECTION ( 'NONE',  ( 8.354144337139470573E-31, 1.000000000000000000, 2.392722035830078479E-16 ) ) ;
#1745 = EDGE_CURVE ( 'NONE', #820, #26, #363, .T. ) ;
#1746 = AXIS2_PLACEMENT_3D ( 'NONE', #1546, #780, #1694 ) ;
#1747 = DIRECTION ( 'NONE',  ( 1.000000000000000000, 0.000000000000000000, 0.000000000000000000 ) ) ;
#1748 = ORIENTED_EDGE ( 'NONE', *, *, #214, .F. ) ;
#1749 = DIRECTION ( 'NONE',  ( 3.700743415417188731E-15, 0.000000000000000000, -1.000000000000000000 ) ) ;
#1750 = VECTOR ( 'NONE', #1599, 1000.000000000000000 ) ;
#1751 = CIRCLE ( 'NONE', #71, 7.500000000000000000 ) ;
#1752 = ORIENTED_EDGE ( 'NONE', *, *, #1843, .F. ) ;
#1753 = CARTESIAN_POINT ( 'NONE',  ( -60.00000000000008527, 25.00000000000000000, 27.99999999999998224 ) ) ;
#1754 = LINE ( 'NONE', #515, #619 ) ;
#1755 = SECURITY_CLASSIFICATION ( '', '', #680 ) ;
#1756 = EDGE_CURVE ( 'NONE', #971, #973, #1327, .T. ) ;
#1757 = CIRCLE ( 'NONE', #964, 2.999999999999857003 ) ;
#1758 = EDGE_CURVE ( 'NONE', #1682, #950, #1318, .T. ) ;
#1759 = CARTESIAN_POINT ( 'NONE',  ( -19.99999999999999645, 6.000000000000000000, 0.000000000000000000 ) ) ;
#1760 = ORIENTED_EDGE ( 'NONE', *, *, #343, .F. ) ;
#1762 = EDGE_CURVE ( 'NONE', #1670, #855, #1576, .T. ) ;
#1761 = DIRECTION ( 'NONE',  ( 0.000000000000000000, -2.478176394252580155E-17, 1.000000000000000000 ) ) ;
#1763 = ORIENTED_EDGE ( 'NONE', *, *, #952, .T. ) ;
#1764 = PERSON_AND_ORGANIZATION_ROLE ( 'classification_officer' ) ;
#1765 = DIRECTION ( 'NONE',  ( 3.330669073875470410E-15, 0.000000000000000000, 1.000000000000000000 ) ) ;
#1766 = CARTESIAN_POINT ( 'NONE',  ( -48.00000000000002132, -35.00000000000000000, 5.999999999999998224 ) ) ;
#1767 = ORIENTED_EDGE ( 'NONE', *, *, #1350, .T. ) ;
#1768 = DIRECTION ( 'NONE',  ( 0.000000000000000000, 1.000000000000000000, 0.000000000000000000 ) ) ;
#1769 = EDGE_LOOP ( 'NONE', ( #1692, #342, #529, #1767 ) ) ;
#1770 = FACE_OUTER_BOUND ( 'NONE', #1486, .T. ) ;
#1771 = ADVANCED_FACE ( 'NONE', ( #830 ), #1452, .F. ) ;
#1772 = EDGE_CURVE ( 'NONE', #1781, #1974, #1027, .T. ) ;
#1773 = ORIENTED_EDGE ( 'NONE', *, *, #331, .F. ) ;
#1774 = PERSON_AND_ORGANIZATION ( #1369, #46 ) ;
#1775 = FACE_OUTER_BOUND ( 'NONE', #23, .T. ) ;
#1776 = LINE ( 'NONE', #893, #231 ) ;
#1777 = ORIENTED_EDGE ( 'NONE', *, *, #1493, .T. ) ;
#1778 = CARTESIAN_POINT ( 'NONE',  ( -54.00000000000007105, 7.500000000000007994, 25.00000000000000000 ) ) ;
#1779 = CIRCLE ( 'NONE', #1719, 6.000000000000000000 ) ;
#1780 = CARTESIAN_POINT ( 'NONE',  ( 54.00000000000017053, 2.081668171172168513E-14, 55.00000000000002842 ) ) ;
#1781 = VERTEX_POINT ( 'NONE', #682 ) ;
#1782 = AXIS2_PLACEMENT_3D ( 'NONE', #1530, #637, #1424 ) ;
#1783 = EDGE_CURVE ( 'NONE', #1974, #1147, #1309, .T. ) ;
#1784 = AXIS2_PLACEMENT_3D ( 'NONE', #1319, #419, #703 ) ;
#1785 = DIRECTION ( 'NONE',  ( 1.000000000000000000, -0.000000000000000000, -3.491481338843133355E-15 ) ) ;
#1786 = LINE ( 'NONE', #1648, #923 ) ;
#1787 = VECTOR ( 'NONE', #74, 1000.000000000000000 ) ;
#1788 = FACE_BOUND ( 'NONE', #310, .T. ) ;
#1789 = ORIENTED_EDGE ( 'NONE', *, *, #1642, .T. ) ;
#1790 = FACE_OUTER_BOUND ( 'NONE', #296, .T. ) ;
#1791 = VECTOR ( 'NONE', #1622, 1000.000000000000000 ) ;
#1792 = CARTESIAN_POINT ( 'NONE',  ( -19.99999999999999645, -6.000000000000000000, 6.000000000000000000 ) ) ;
#1793 = ORIENTED_EDGE ( 'NONE', *, *, #278, .F. ) ;
#1794 = DIRECTION ( 'NONE',  ( 3.491481338843133355E-15, 0.000000000000000000, 1.000000000000000000 ) ) ;
#1795 = CYLINDRICAL_SURFACE ( 'NONE', #1408, 6.000000000000000000 ) ;
#1796 = CC_DESIGN_PERSON_AND_ORGANIZATION_ASSIGNMENT ( #362, #1764, ( #1755 ) ) ;
#1797 = DIRECTION ( 'NONE',  ( 3.491481338843133355E-15, 0.000000000000000000, -1.000000000000000000 ) ) ;
#1798 = ORIENTED_EDGE ( 'NONE', *, *, #1543, .T. ) ;
#1799 = DIRECTION ( 'NONE',  ( 1.000000000000000000, 0.000000000000000000, 3.491481338843133355E-15 ) ) ;
#1800 = DIRECTION ( 'NONE',  ( 0.000000000000000000, 0.000000000000000000, 1.000000000000000000 ) ) ;
#1801 = VERTEX_POINT ( 'NONE', #848 ) ;
#1802 = CARTESIAN_POINT ( 'NONE',  ( -60.00000000000015632, 25.00000000000000000, 49.99999999999998579 ) ) ;
#1803 = CARTESIAN_POINT ( 'NONE',  ( 60.00000000000009948, 1.825256829971793116E-14, 34.99999999999998579 ) ) ;
#1804 = FACE_BOUND ( 'NONE', #801, .T. ) ;
#1805 = DIRECTION ( 'NONE',  ( -0.000000000000000000, 1.000000000000000000, -0.000000000000000000 ) ) ;
#1806 = ORIENTED_EDGE ( 'NONE', *, *, #988, .F. ) ;
#1807 = DIRECTION ( 'NONE',  ( 1.000000000000000000, 0.000000000000000000, 0.000000000000000000 ) ) ;
#1808 = DIRECTION ( 'NONE',  ( 3.330669073875468832E-15, 0.000000000000000000, 1.000000000000000000 ) ) ;
#1809 = ORIENTED_EDGE ( 'NONE', *, *, #1079, .T. ) ;
#1810 = AXIS2_PLACEMENT_3D ( 'NONE', #425, #1672, #709 ) ;
#1811 = CARTESIAN_POINT ( 'NONE',  ( 60.00000000000002132, -34.99999999999999289, 11.99999999999995559 ) ) ;
#1812 = DIRECTION ( 'NONE',  ( 4.625929269271481378E-15, 0.000000000000000000, -1.000000000000000000 ) ) ;
#1813 = VECTOR ( 'NONE', #1689, 1000.000000000000000 ) ;
#1814 = AXIS2_PLACEMENT_3D ( 'NONE', #1942, #116, #1812 ) ;
#1815 = LINE ( 'NONE', #442, #78 ) ;
#1816 = ORIENTED_EDGE ( 'NONE', *, *, #288, .F. ) ;
#1817 = ORIENTED_EDGE ( 'NONE', *, *, #1490, .T. ) ;
#1818 = DIRECTION ( 'NONE',  ( 1.000000000000000000, 0.000000000000000000, 3.491481338843133355E-15 ) ) ;
#1819 = EDGE_CURVE ( 'NONE', #1579, #1170, #1517, .T. ) ;
#1820 = ADVANCED_FACE ( 'NONE', ( #122 ), #1497, .F. ) ;
#1821 = DIRECTION ( 'NONE',  ( 1.000000000000000000, -0.000000000000000000, -0.000000000000000000 ) ) ;
#1822 = ORIENTED_EDGE ( 'NONE', *, *, #1532, .F. ) ;
#1823 = AXIS2_PLACEMENT_3D ( 'NONE', #220, #842, #688 ) ;
#1824 = AXIS2_PLACEMENT_3D ( 'NONE', #591, #1985, #1219 ) ;
#1825 = LINE ( 'NONE', #1811, #1637 ) ;
#1826 = CARTESIAN_POINT ( 'NONE',  ( 60.00000000000011369, 20.00000000000001776, 37.99999999999985789 ) ) ;
#1827 = DIRECTION ( 'NONE',  ( 0.000000000000000000, -1.000000000000000000, 0.000000000000000000 ) ) ;
#1828 = ORIENTED_EDGE ( 'NONE', *, *, #1265, .T. ) ;
#1829 = ORIENTED_EDGE ( 'NONE', *, *, #53, .T. ) ;
#1830 = CARTESIAN_POINT ( 'NONE',  ( -20.00000000000000355, 35.00000000000001421, 6.000000000000000000 ) ) ;
#1831 = CARTESIAN_POINT ( 'NONE',  ( -48.00000000000002132, 35.00000000000000000, 5.999999999999998224 ) ) ;
#1832 = VERTEX_POINT ( 'NONE', #731 ) ;
#1833 = EDGE_CURVE ( 'NONE', #45, #1147, #242, .T. ) ;
#1834 = EDGE_CURVE ( 'NONE', #1084, #454, #280, .T. ) ;
#1835 = CARTESIAN_POINT ( 'NONE',  ( 54.00000000000010658, 1.825256829971793116E-14, 35.00000000000000000 ) ) ;
#1836 = CARTESIAN_POINT ( 'NONE',  ( -48.00000000000002132, 35.00000000000000000, 11.99999999999999645 ) ) ;
#1837 = FACE_BOUND ( 'NONE', #1428, .T. ) ;
#1838 = CARTESIAN_POINT ( 'NONE',  ( -60.00000000000018474, 7.500000000000007105, 60.00000000000000000 ) ) ;
#1839 = ORIENTED_EDGE ( 'NONE', *, *, #1157, .F. ) ;
#1840 = CARTESIAN_POINT ( 'NONE',  ( 60.00000000000002132, -34.99999999999999289, 11.99999999999995559 ) ) ;
#1841 = CYLINDRICAL_SURFACE ( 'NONE', #530, 5.999999999999998224 ) ;
#1842 = ORIENTED_EDGE ( 'NONE', *, *, #583, .F. ) ;
#1843 = EDGE_CURVE ( 'NONE', #578, #26, #1825, .T. ) ;
#1844 =( NAMED_UNIT ( * ) PLANE_ANGLE_UNIT ( ) SI_UNIT ( $, .RADIAN. ) );
#1845 = DIRECTION ( 'NONE',  ( 1.000000000000000000, 0.000000000000000000, 3.491481338843133355E-15 ) ) ;
#1846 = CARTESIAN_POINT ( 'NONE',  ( 48.00000000000002132, 35.00000000000001421, -1.734723475976807094E-15 ) ) ;
#1847 = EDGE_CURVE ( 'NONE', #1646, #1299, #762, .T. ) ;
#1848 = DIRECTION ( 'NONE',  ( 1.000000000000000000, -0.000000000000000000, -3.491481338843133355E-15 ) ) ;
#1849 = VECTOR ( 'NONE', #9, 1000.000000000000000 ) ;
#1850 = AXIS2_PLACEMENT_3D ( 'NONE', #1260, #945, #1550 ) ;
#1851 = ORIENTED_EDGE ( 'NONE', *, *, #1482, .T. ) ;
#1852 = CARTESIAN_POINT ( 'NONE',  ( -54.00000000000002132, 35.00000000000000000, 11.99999999999997513 ) ) ;
#1853 = VERTEX_POINT ( 'NONE', #1055 ) ;
#1854 = CIRCLE ( 'NONE', #371, 5.999999999999998224 ) ;
#1855 = ORIENTED_EDGE ( 'NONE', *, *, #1136, .F. ) ;
#1856 = CARTESIAN_POINT ( 'NONE',  ( 60.00000000000002132, -4.007251923614582450E-13, 11.99999999999995559 ) ) ;
#1857 = CIRCLE ( 'NONE', #1218, 3.000000000000002665 ) ;
#1858 = DIRECTION ( 'NONE',  ( 1.000000000000000000, 0.000000000000000000, 3.491481338843133355E-15 ) ) ;
#1859 = CARTESIAN_POINT ( 'NONE',  ( -60.00000000000005684, -25.00000000000000000, 21.99999999999999289 ) ) ;
#1860 = EDGE_CURVE ( 'NONE', #1870, #1945, #961, .T. ) ;
#1861 = ORIENTED_EDGE ( 'NONE', *, *, #1758, .T. ) ;
#1862 = DIRECTION ( 'NONE',  ( -0.000000000000000000, -1.000000000000000000, -0.000000000000000000 ) ) ;
#1863 = EDGE_LOOP ( 'NONE', ( #3, #1124, #749, #161, #1702, #351, #1748, #649 ) ) ;
#1864 = VERTEX_POINT ( 'NONE', #1958 ) ;
#1865 = DIRECTION ( 'NONE',  ( 0.000000000000000000, 0.000000000000000000, 1.000000000000000000 ) ) ;
#1866 = LINE ( 'NONE', #304, #1627 ) ;
#1867 = EDGE_CURVE ( 'NONE', #1074, #1911, #1857, .T. ) ;
#1868 = ORIENTED_EDGE ( 'NONE', *, *, #343, .T. ) ;
#1869 = CARTESIAN_POINT ( 'NONE',  ( -54.00000000000008527, 25.00000000000000000, 28.00000000000000355 ) ) ;
#1870 = VERTEX_POINT ( 'NONE', #1525 ) ;
#1871 = ORIENTED_EDGE ( 'NONE', *, *, #730, .T. ) ;
#1872 = CARTESIAN_POINT ( 'NONE',  ( 48.00000000000002132, -34.99999999999999289, 5.999999999999998224 ) ) ;
#1873 = DIRECTION ( 'NONE',  ( -1.000000000000000000, 0.000000000000000000, 3.491481338843133355E-15 ) ) ;
#1874 = CARTESIAN_POINT ( 'NONE',  ( 54.00000000000017053, 2.081668171172168513E-14, 55.00000000000002842 ) ) ;
#1875 = CIRCLE ( 'NONE', #651, 7.500000000000000000 ) ;
#1876 = ORIENTED_EDGE ( 'NONE', *, *, #808, .T. ) ;
#1877 = AXIS2_PLACEMENT_3D ( 'NONE', #1070, #778, #1542 ) ;
#1878 = DIRECTION ( 'NONE',  ( -1.000000000000000000, 0.000000000000000000, 3.491481338843133355E-15 ) ) ;
#1879 = ORIENTED_EDGE ( 'NONE', *, *, #1960, .T. ) ;
#1880 = AXIS2_PLACEMENT_3D ( 'NONE', #913, #590, #1227 ) ;
#1881 = EDGE_CURVE ( 'NONE', #820, #1853, #1675, .T. ) ;
#1882 = ORIENTED_EDGE ( 'NONE', *, *, #1109, .F. ) ;
#1883 = CARTESIAN_POINT ( 'NONE',  ( 48.00000000000002132, 35.00000000000001421, 11.99999999999999645 ) ) ;
#1884 = LOCAL_TIME ( 13, 49, 47.00000000000000000, #217 ) ;
#1885 = CIRCLE ( 'NONE', #1539, 24.99999999999999289 ) ;
#1886 = CARTESIAN_POINT ( 'NONE',  ( -20.00000000000000000, 35.00000000000000711, 6.000000000000000000 ) ) ;
#1887 = AXIS2_PLACEMENT_3D ( 'NONE', #1835, #449, #1794 ) ;
#1888 = CARTESIAN_POINT ( 'NONE',  ( -54.00000000000019185, 6.938893903907228378E-15, 60.00000000000002132 ) ) ;
#1889 = VECTOR ( 'NONE', #1611, 1000.000000000000000 ) ;
#1890 = CARTESIAN_POINT ( 'NONE',  ( 54.00000000000010658, 1.825256829971793116E-14, 35.00000000000000000 ) ) ;
#1891 = ORIENTED_EDGE ( 'NONE', *, *, #1311, .F. ) ;
#1892 = DIRECTION ( 'NONE',  ( 0.000000000000000000, -1.000000000000000000, 0.000000000000000000 ) ) ;
#1893 = ORIENTED_EDGE ( 'NONE', *, *, #638, .F. ) ;
#1894 = DATE_AND_TIME ( #663, #1884 ) ;
#1895 = ADVANCED_FACE ( 'NONE', ( #289 ), #1949, .F. ) ;
#1896 = CARTESIAN_POINT ( 'NONE',  ( 48.00000000000002132, 35.00000000000001421, 11.99999999999999645 ) ) ;
#1897 = DIRECTION ( 'NONE',  ( 1.000000000000000000, 3.469446951953614682E-16, -0.000000000000000000 ) ) ;
#1898 = ORIENTED_EDGE ( 'NONE', *, *, #1737, .T. ) ;
#1899 = DIRECTION ( 'NONE',  ( -0.000000000000000000, -0.000000000000000000, -1.000000000000000000 ) ) ;
#1900 = EDGE_LOOP ( 'NONE', ( #1394, #287 ) ) ;
#1901 = CARTESIAN_POINT ( 'NONE',  ( 39.99999999999997868, 6.000000000000007105, 0.000000000000000000 ) ) ;
#1902 = VERTEX_POINT ( 'NONE', #133 ) ;
#1903 = COORDINATED_UNIVERSAL_TIME_OFFSET ( 5, 30, .AHEAD. ) ;
#1904 = ADVANCED_FACE ( 'NONE', ( #753, #91, #1186, #1379, #601 ), #1226, .T. ) ;
#1905 = CARTESIAN_POINT ( 'NONE',  ( -60.00000000000017764, 25.00000000000000000, 52.99999999999999289 ) ) ;
#1906 = DIRECTION ( 'NONE',  ( 1.000000000000000000, 0.000000000000000000, 3.491481338843133355E-15 ) ) ;
#1907 = EDGE_CURVE ( 'NONE', #658, #204, #1183, .T. ) ;
#1908 = EDGE_LOOP ( 'NONE', ( #1407, #1193, #1054, #803, #1929, #1362, #1600, #824, #1660 ) ) ;
#1909 = AXIS2_PLACEMENT_3D ( 'NONE', #407, #558, #265 ) ;
#1910 = DIRECTION ( 'NONE',  ( 1.000000000000000000, 0.000000000000000000, 3.491481338843133355E-15 ) ) ;
#1911 = VERTEX_POINT ( 'NONE', #409 ) ;
#1912 = DIRECTION ( 'NONE',  ( 1.000000000000000000, -0.000000000000000000, -3.491481338843133355E-15 ) ) ;
#1913 = AXIS2_PLACEMENT_3D ( 'NONE', #1310, #655, #1128 ) ;
#1914 = AXIS2_PLACEMENT_3D ( 'NONE', #1656, #269, #281 ) ;
#1915 = ORIENTED_EDGE ( 'NONE', *, *, #638, .T. ) ;
#1916 = CARTESIAN_POINT ( 'NONE',  ( 19.99999999999999645, -5.999999999999992895, 0.000000000000000000 ) ) ;
#1917 = DIRECTION ( 'NONE',  ( -4.625929269271484533E-15, 0.000000000000000000, -1.000000000000000000 ) ) ;
#1918 = AXIS2_PLACEMENT_3D ( 'NONE', #1423, #644, #1765 ) ;
#1919 = DIRECTION ( 'NONE',  ( 4.625929269271481378E-15, 0.000000000000000000, -1.000000000000000000 ) ) ;
#1920 = ORIENTED_EDGE ( 'NONE', *, *, #345, .F. ) ;
#1921 = CARTESIAN_POINT ( 'NONE',  ( 54.00000000000009237, 20.00000000000001776, 32.00000000000017053 ) ) ;
#1922 = ORIENTED_EDGE ( 'NONE', *, *, #930, .T. ) ;
#1923 = DIRECTION ( 'NONE',  ( -0.000000000000000000, -1.000000000000000000, 0.000000000000000000 ) ) ;
#1924 = DIRECTION ( 'NONE',  ( -1.000000000000000000, 0.000000000000000000, 3.491481338843133355E-15 ) ) ;
#1925 = EDGE_CURVE ( 'NONE', #1579, #1664, #237, .T. ) ;
#1926 = VERTEX_POINT ( 'NONE', #1666 ) ;
#1927 = DIRECTION ( 'NONE',  ( -0.000000000000000000, -0.000000000000000000, 1.000000000000000000 ) ) ;
#1928 = CARTESIAN_POINT ( 'NONE',  ( -39.99999999999999289, -6.000000000000000000, 0.000000000000000000 ) ) ;
#1929 = ORIENTED_EDGE ( 'NONE', *, *, #875, .F. ) ;
#1930 = CARTESIAN_POINT ( 'NONE',  ( -39.99999999999999289, -6.000000000000000000, 6.000000000000000000 ) ) ;
#1931 = CARTESIAN_POINT ( 'NONE',  ( 60.00000000000014211, 1.825256829971793116E-14, 47.49999999999998579 ) ) ;
#1932 = FACE_OUTER_BOUND ( 'NONE', #330, .T. ) ;
#1933 = ORIENTED_EDGE ( 'NONE', *, *, #1171, .T. ) ;
#1934 = CYLINDRICAL_SURFACE ( 'NONE', #263, 25.00000000000000000 ) ;
#1935 = PLANE ( 'NONE',  #1909 ) ;
#1936 = EDGE_LOOP ( 'NONE', ( #432, #1524, #758, #252 ) ) ;
#1937 = CIRCLE ( 'NONE', #1657, 2.999999999999995559 ) ;
#1938 = ADVANCED_FACE ( 'NONE', ( #881 ), #1194, .F. ) ;
#1939 = EDGE_CURVE ( 'NONE', #1864, #1455, #1509, .T. ) ;
#1940 = CIRCLE ( 'NONE', #1850, 3.000000000000000888 ) ;
#1941 = DIRECTION ( 'NONE',  ( -4.625929269271481378E-15, 0.000000000000000000, -1.000000000000000000 ) ) ;
#1942 = CARTESIAN_POINT ( 'NONE',  ( -60.00000000000016342, -25.00000000000000000, 49.99999999999998579 ) ) ;
#1943 = AXIS2_PLACEMENT_3D ( 'NONE', #1011, #1315, #1633 ) ;
#1944 = CARTESIAN_POINT ( 'NONE',  ( -60.00000000000018474, -35.00000000000000000, 60.00000000000000000 ) ) ;
#1945 = VERTEX_POINT ( 'NONE', #1571 ) ;
#1946 = CARTESIAN_POINT ( 'NONE',  ( 39.99999999999999289, -5.999999999999992895, 0.000000000000000000 ) ) ;
#1947 = CARTESIAN_POINT ( 'NONE',  ( 60.00000000000009948, -34.99999999999999289, 34.99999999999999289 ) ) ;
#1948 = ORIENTED_EDGE ( 'NONE', *, *, #598, .T. ) ;
#1949 = CYLINDRICAL_SURFACE ( 'NONE', #1253, 5.999999999999998224 ) ;
#1950 = APPROVAL ( #1597, 'UNSPECIFIED' ) ;
#1951 = DIRECTION ( 'NONE',  ( 1.000000000000000000, 0.000000000000000000, 3.491481338843133355E-15 ) ) ;
#1952 = DIRECTION ( 'NONE',  ( 3.491481338843133355E-15, 0.000000000000000000, 1.000000000000000000 ) ) ;
#1953 = LINE ( 'NONE', #239, #1209 ) ;
#1954 = VERTEX_POINT ( 'NONE', #333 ) ;
#1955 = CARTESIAN_POINT ( 'NONE',  ( -60.00000000000007105, 25.00000000000000000, 24.99999999999998579 ) ) ;
#1956 = CARTESIAN_POINT ( 'NONE',  ( -39.99999999999999289, -5.999999999999998224, 6.000000000000000000 ) ) ;
#1957 = ORIENTED_EDGE ( 'NONE', *, *, #317, .T. ) ;
#1958 = CARTESIAN_POINT ( 'NONE',  ( 60.00000000000022737, 1.825256829971793116E-14, 69.99999999999998579 ) ) ;
#1959 = FACE_OUTER_BOUND ( 'NONE', #896, .T. ) ;
#1960 = EDGE_CURVE ( 'NONE', #901, #845, #1854, .T. ) ;
#1961 = CARTESIAN_POINT ( 'NONE',  ( -54.00000000000019185, 35.00000000000000000, 60.00000000000002132 ) ) ;
#1962 = DIRECTION ( 'NONE',  ( 0.000000000000000000, 1.000000000000000000, 0.000000000000000000 ) ) ;
#1963 = EDGE_CURVE ( 'NONE', #1287, #1399, #35, .T. ) ;
#1964 = VERTEX_POINT ( 'NONE', #652 ) ;
#1965 = DIRECTION ( 'NONE',  ( 0.000000000000000000, 0.000000000000000000, 1.000000000000000000 ) ) ;
#1966 = EDGE_LOOP ( 'NONE', ( #1377, #1777, #11, #1615 ) ) ;
#1967 = CIRCLE ( 'NONE', #1112, 5.999999999999998224 ) ;
#1968 = DIRECTION ( 'NONE',  ( -0.000000000000000000, 1.000000000000000000, -0.000000000000000000 ) ) ;
#1969 = DIRECTION ( 'NONE',  ( -0.000000000000000000, 1.000000000000000000, -0.000000000000000000 ) ) ;
#1970 = VECTOR ( 'NONE', #1997, 1000.000000000000000 ) ;
#1971 = AXIS2_PLACEMENT_3D ( 'NONE', #1639, #390, #1015 ) ;
#1972 = LINE ( 'NONE', #1413, #1446 ) ;
#1973 = PLANE ( 'NONE',  #953 ) ;
#1974 = VERTEX_POINT ( 'NONE', #955 ) ;
#1976 = ADVANCED_FACE ( 'NONE', ( #176 ), #1400, .F. ) ;
#1975 = CARTESIAN_POINT ( 'NONE',  ( -39.99999999999999289, -6.000000000000000000, 0.000000000000000000 ) ) ;
#1977 = CARTESIAN_POINT ( 'NONE',  ( 19.99999999999999645, -5.999999999999992895, 6.000000000000000000 ) ) ;
#1978 = ORIENTED_EDGE ( 'NONE', *, *, #821, .F. ) ;
#1979 = VECTOR ( 'NONE', #1717, 1000.000000000000000 ) ;
#1980 = AXIS2_PLACEMENT_3D ( 'NONE', #1076, #418, #1683 ) ;
#1981 = VERTEX_POINT ( 'NONE', #27 ) ;
#1982 = VECTOR ( 'NONE', #531, 1000.000000000000000 ) ;
#1983 = CARTESIAN_POINT ( 'NONE',  ( -48.00000000000002132, 35.00000000000000000, 11.99999999999999645 ) ) ;
#1984 = CYLINDRICAL_SURFACE ( 'NONE', #1691, 2.999999999999995559 ) ;
#1985 = DIRECTION ( 'NONE',  ( -0.000000000000000000, 1.000000000000000000, 0.000000000000000000 ) ) ;
#1986 = PLANE ( 'NONE',  #1114 ) ;
#1987 = VERTEX_POINT ( 'NONE', #503 ) ;
#1988 = DIRECTION ( 'NONE',  ( 4.625929269271492422E-15, 0.000000000000000000, -1.000000000000000000 ) ) ;
#1989 = EDGE_CURVE ( 'NONE', #1361, #1170, #792, .T. ) ;
#1990 = DIRECTION ( 'NONE',  ( -1.000000000000000000, 0.000000000000000000, 3.491481338843133355E-15 ) ) ;
#1991 = EDGE_LOOP ( 'NONE', ( #1871, #691, #72, #321 ) ) ;
#1992 = EDGE_CURVE ( 'NONE', #470, #327, #1235, .T. ) ;
#1993 = ORIENTED_EDGE ( 'NONE', *, *, #1580, .T. ) ;
#1994 = DIRECTION ( 'NONE',  ( 1.000000000000000000, -0.000000000000000000, -3.491481338843133355E-15 ) ) ;
#1995 = PLANE ( 'NONE',  #1880 ) ;
#1996 = LINE ( 'NONE', #118, #1418 ) ;
#1997 = DIRECTION ( 'NONE',  ( 1.000000000000000000, 0.000000000000000000, 3.491481338843133355E-15 ) ) ;
ENDSEC;
END-ISO-10303-21;
