solid 
 facet normal  1.119645e-01  0.000000e+00  9.937122e-01
   outer loop
     vertex  2.805458e+02  3.641857e+02  3.937961e+02
     vertex  2.817697e+02  3.611857e+02  3.936582e+02
     vertex  2.817697e+02  3.641857e+02  3.936582e+02
   endloop
 endfacet
 facet normal  1.119645e-01  3.765733e-14  9.937122e-01
   outer loop
     vertex  2.805458e+02  3.641857e+02  3.937961e+02
     vertex  2.805458e+02  3.611857e+02  3.937961e+02
     vertex  2.817697e+02  3.611857e+02  3.936582e+02
   endloop
 endfacet
 facet normal  3.302791e-01  1.788452e-14  9.438833e-01
   outer loop
     vertex  2.793834e+02  3.641857e+02  3.942029e+02
     vertex  2.793834e+02  3.611857e+02  3.942029e+02
     vertex  2.805458e+02  3.611857e+02  3.937961e+02
   endloop
 endfacet
 facet normal  3.302791e-01  3.575716e-14  9.438833e-01
   outer loop
     vertex  2.793834e+02  3.641857e+02  3.942029e+02
     vertex  2.805458e+02  3.611857e+02  3.937961e+02
     vertex  2.805458e+02  3.641857e+02  3.937961e+02
   endloop
 endfacet
 facet normal  5.320321e-01  1.604357e-14  8.467242e-01
   outer loop
     vertex  2.783405e+02  3.641857e+02  3.948582e+02
     vertex  2.783405e+02  3.611857e+02  3.948582e+02
     vertex  2.793834e+02  3.611857e+02  3.942029e+02
   endloop
 endfacet
 facet normal  5.320321e-01  1.604565e-14  8.467242e-01
   outer loop
     vertex  2.783405e+02  3.641857e+02  3.948582e+02
     vertex  2.793834e+02  3.611857e+02  3.942029e+02
     vertex  2.793834e+02  3.641857e+02  3.942029e+02
   endloop
 endfacet
 facet normal  7.071068e-01  0.000000e+00  7.071068e-01
   outer loop
     vertex  2.774696e+02  3.641857e+02  3.957290e+02
     vertex  2.774696e+02  3.611857e+02  3.957290e+02
     vertex  2.783405e+02  3.611857e+02  3.948582e+02
   endloop
 endfacet
 facet normal  7.071068e-01  1.340142e-14  7.071068e-01
   outer loop
     vertex  2.774696e+02  3.641857e+02  3.957290e+02
     vertex  2.783405e+02  3.611857e+02  3.948582e+02
     vertex  2.783405e+02  3.641857e+02  3.948582e+02
   endloop
 endfacet
 facet normal  8.467242e-01  1.008084e-14  5.320321e-01
   outer loop
     vertex  2.768144e+02  3.641857e+02  3.967719e+02
     vertex  2.768144e+02  3.611857e+02  3.967719e+02
     vertex  2.774696e+02  3.611857e+02  3.957290e+02
   endloop
 endfacet
 facet normal  8.467242e-01  0.000000e+00  5.320321e-01
   outer loop
     vertex  2.768144e+02  3.641857e+02  3.967719e+02
     vertex  2.774696e+02  3.611857e+02  3.957290e+02
     vertex  2.774696e+02  3.641857e+02  3.957290e+02
   endloop
 endfacet
 facet normal  9.438833e-01  6.258064e-15  3.302791e-01
   outer loop
     vertex  2.764076e+02  3.641857e+02  3.979344e+02
     vertex  2.764076e+02  3.611857e+02  3.979344e+02
     vertex  2.768144e+02  3.611857e+02  3.967719e+02
   endloop
 endfacet
 facet normal  9.438833e-01  6.265015e-15  3.302791e-01
   outer loop
     vertex  2.764076e+02  3.641857e+02  3.979344e+02
     vertex  2.768144e+02  3.611857e+02  3.967719e+02
     vertex  2.768144e+02  3.641857e+02  3.967719e+02
   endloop
 endfacet
 facet normal  9.937122e-01  2.121481e-15  1.119645e-01
   outer loop
     vertex  2.762697e+02  3.641857e+02  3.991582e+02
     vertex  2.762697e+02  3.611857e+02  3.991582e+02
     vertex  2.764076e+02  3.611857e+02  3.979344e+02
   endloop
 endfacet
 facet normal  9.937122e-01  2.125898e-15  1.119645e-01
   outer loop
     vertex  2.762697e+02  3.641857e+02  3.991582e+02
     vertex  2.764076e+02  3.611857e+02  3.979344e+02
     vertex  2.764076e+02  3.641857e+02  3.979344e+02
   endloop
 endfacet
 facet normal  1.119645e-01  0.000000e+00  9.937122e-01
   outer loop
     vertex  2.805458e+02  3.641857e+02  5.297961e+02
     vertex  2.817697e+02  3.611857e+02  5.296582e+02
     vertex  2.817697e+02  3.641857e+02  5.296582e+02
   endloop
 endfacet
 facet normal  1.119645e-01  0.000000e+00  9.937122e-01
   outer loop
     vertex  2.805458e+02  3.641857e+02  5.297961e+02
     vertex  2.805458e+02  3.611857e+02  5.297961e+02
     vertex  2.817697e+02  3.611857e+02  5.296582e+02
   endloop
 endfacet
 facet normal  3.302791e-01  0.000000e+00  9.438833e-01
   outer loop
     vertex  2.793834e+02  3.641857e+02  5.302029e+02
     vertex  2.793834e+02  3.611857e+02  5.302029e+02
     vertex  2.805458e+02  3.611857e+02  5.297961e+02
   endloop
 endfacet
 facet normal  3.302791e-01  0.000000e+00  9.438833e-01
   outer loop
     vertex  2.793834e+02  3.641857e+02  5.302029e+02
     vertex  2.805458e+02  3.611857e+02  5.297961e+02
     vertex  2.805458e+02  3.641857e+02  5.297961e+02
   endloop
 endfacet
 facet normal  5.320321e-01  0.000000e+00  8.467242e-01
   outer loop
     vertex  2.783405e+02  3.641857e+02  5.308582e+02
     vertex  2.783405e+02  3.611857e+02  5.308582e+02
     vertex  2.793834e+02  3.611857e+02  5.302029e+02
   endloop
 endfacet
 facet normal  5.320321e-01  0.000000e+00  8.467242e-01
   outer loop
     vertex  2.783405e+02  3.641857e+02  5.308582e+02
     vertex  2.793834e+02  3.611857e+02  5.302029e+02
     vertex  2.793834e+02  3.641857e+02  5.302029e+02
   endloop
 endfacet
 facet normal  7.071068e-01  0.000000e+00  7.071068e-01
   outer loop
     vertex  2.774696e+02  3.641857e+02  5.317290e+02
     vertex  2.774696e+02  3.611857e+02  5.317290e+02
     vertex  2.783405e+02  3.611857e+02  5.308582e+02
   endloop
 endfacet
 facet normal  7.071068e-01  0.000000e+00  7.071068e-01
   outer loop
     vertex  2.774696e+02  3.641857e+02  5.317290e+02
     vertex  2.783405e+02  3.611857e+02  5.308582e+02
     vertex  2.783405e+02  3.641857e+02  5.308582e+02
   endloop
 endfacet
 facet normal  8.467242e-01  0.000000e+00  5.320321e-01
   outer loop
     vertex  2.768144e+02  3.641857e+02  5.327719e+02
     vertex  2.768144e+02  3.611857e+02  5.327719e+02
     vertex  2.774696e+02  3.611857e+02  5.317290e+02
   endloop
 endfacet
 facet normal  8.467242e-01  0.000000e+00  5.320321e-01
   outer loop
     vertex  2.768144e+02  3.641857e+02  5.327719e+02
     vertex  2.774696e+02  3.611857e+02  5.317290e+02
     vertex  2.774696e+02  3.641857e+02  5.317290e+02
   endloop
 endfacet
 facet normal  9.438833e-01  0.000000e+00  3.302791e-01
   outer loop
     vertex  2.764076e+02  3.641857e+02  5.339344e+02
     vertex  2.764076e+02  3.611857e+02  5.339344e+02
     vertex  2.768144e+02  3.611857e+02  5.327719e+02
   endloop
 endfacet
 facet normal  9.438833e-01  0.000000e+00  3.302791e-01
   outer loop
     vertex  2.764076e+02  3.641857e+02  5.339344e+02
     vertex  2.768144e+02  3.611857e+02  5.327719e+02
     vertex  2.768144e+02  3.641857e+02  5.327719e+02
   endloop
 endfacet
 facet normal  9.937122e-01  0.000000e+00  1.119645e-01
   outer loop
     vertex  2.762697e+02  3.641857e+02  5.351582e+02
     vertex  2.762697e+02  3.611857e+02  5.351582e+02
     vertex  2.764076e+02  3.611857e+02  5.339344e+02
   endloop
 endfacet
 facet normal  9.937122e-01  0.000000e+00  1.119645e-01
   outer loop
     vertex  2.762697e+02  3.641857e+02  5.351582e+02
     vertex  2.764076e+02  3.611857e+02  5.339344e+02
     vertex  2.764076e+02  3.641857e+02  5.339344e+02
   endloop
 endfacet
 facet normal -9.927089e-01 -2.337755e-14 -1.205367e-01
   outer loop
     vertex  2.835710e+02  3.611857e+02  7.048626e+02
     vertex  2.837744e+02  3.641857e+02  7.031874e+02
     vertex  2.837744e+02  3.611857e+02  7.031874e+02
   endloop
 endfacet
 facet normal -9.927089e-01  0.000000e+00 -1.205367e-01
   outer loop
     vertex  2.835710e+02  3.611857e+02  7.048626e+02
     vertex  2.835710e+02  3.641857e+02  7.048626e+02
     vertex  2.837744e+02  3.641857e+02  7.031874e+02
   endloop
 endfacet
 facet normal -9.350162e-01 -4.459245e-14 -3.546049e-01
   outer loop
     vertex  2.829726e+02  3.611857e+02  7.064405e+02
     vertex  2.829726e+02  3.641857e+02  7.064405e+02
     vertex  2.835710e+02  3.641857e+02  7.048626e+02
   endloop
 endfacet
 facet normal -9.350162e-01  0.000000e+00 -3.546049e-01
   outer loop
     vertex  2.829726e+02  3.611857e+02  7.064405e+02
     vertex  2.835710e+02  3.641857e+02  7.048626e+02
     vertex  2.835710e+02  3.611857e+02  7.048626e+02
   endloop
 endfacet
 facet normal -8.229839e-01  0.000000e+00 -5.680647e-01
   outer loop
     vertex  2.820140e+02  3.611857e+02  7.078293e+02
     vertex  2.820140e+02  3.641857e+02  7.078293e+02
     vertex  2.829726e+02  3.641857e+02  7.064405e+02
   endloop
 endfacet
 facet normal -8.229839e-01 -5.864124e-14 -5.680647e-01
   outer loop
     vertex  2.820140e+02  3.611857e+02  7.078293e+02
     vertex  2.829726e+02  3.641857e+02  7.064405e+02
     vertex  2.829726e+02  3.611857e+02  7.064405e+02
   endloop
 endfacet
 facet normal -6.631227e-01 -2.836527e-14 -7.485107e-01
   outer loop
     vertex  2.807508e+02  3.611857e+02  7.089483e+02
     vertex  2.807508e+02  3.641857e+02  7.089483e+02
     vertex  2.820140e+02  3.641857e+02  7.078293e+02
   endloop
 endfacet
 facet normal -6.631227e-01  0.000000e+00 -7.485107e-01
   outer loop
     vertex  2.807508e+02  3.611857e+02  7.089483e+02
     vertex  2.820140e+02  3.641857e+02  7.078293e+02
     vertex  2.820140e+02  3.611857e+02  7.078293e+02
   endloop
 endfacet
 facet normal -4.647232e-01  0.000000e+00 -8.854560e-01
   outer loop
     vertex  2.792566e+02  3.611857e+02  7.097325e+02
     vertex  2.792566e+02  3.641857e+02  7.097325e+02
     vertex  2.807508e+02  3.641857e+02  7.089483e+02
   endloop
 endfacet
 facet normal -2.393157e-01  0.000000e+00 -9.709418e-01
   outer loop
     vertex  2.792566e+02  3.611857e+02  7.097325e+02
     vertex  2.776181e+02  3.641857e+02  7.101364e+02
     vertex  2.792566e+02  3.641857e+02  7.097325e+02
   endloop
 endfacet
 facet normal -4.647232e-01 -3.355314e-14 -8.854560e-01
   outer loop
     vertex  2.792566e+02  3.611857e+02  7.097325e+02
     vertex  2.807508e+02  3.641857e+02  7.089483e+02
     vertex  2.807508e+02  3.611857e+02  7.089483e+02
   endloop
 endfacet
 facet normal  0.000000e+00 -3.789561e-14 -1.000000e+00
   outer loop
     vertex  2.776181e+02  3.611857e+02  7.101364e+02
     vertex  2.759306e+02  3.641857e+02  7.101364e+02
     vertex  2.776181e+02  3.641857e+02  7.101364e+02
   endloop
 endfacet
 facet normal -2.393157e-01 -3.679443e-14 -9.709418e-01
   outer loop
     vertex  2.776181e+02  3.611857e+02  7.101364e+02
     vertex  2.776181e+02  3.641857e+02  7.101364e+02
     vertex  2.792566e+02  3.611857e+02  7.097325e+02
   endloop
 endfacet
 facet normal  0.000000e+00 -3.789561e-14 -1.000000e+00
   outer loop
     vertex  2.759306e+02  3.611857e+02  7.101364e+02
     vertex  2.759306e+02  3.641857e+02  7.101364e+02
     vertex  2.776181e+02  3.611857e+02  7.101364e+02
   endloop
 endfacet
 facet normal  2.393157e-01  0.000000e+00 -9.709418e-01
   outer loop
     vertex  2.742922e+02  3.611857e+02  7.097325e+02
     vertex  2.742922e+02  3.641857e+02  7.097325e+02
     vertex  2.759306e+02  3.641857e+02  7.101364e+02
   endloop
 endfacet
 facet normal  2.393157e-01 -3.225926e-14 -9.709418e-01
   outer loop
     vertex  2.742922e+02  3.611857e+02  7.097325e+02
     vertex  2.759306e+02  3.641857e+02  7.101364e+02
     vertex  2.759306e+02  3.611857e+02  7.101364e+02
   endloop
 endfacet
 facet normal  4.647232e-01 -2.474941e-14 -8.854560e-01
   outer loop
     vertex  2.727979e+02  3.611857e+02  7.089483e+02
     vertex  2.727979e+02  3.641857e+02  7.089483e+02
     vertex  2.742922e+02  3.641857e+02  7.097325e+02
   endloop
 endfacet
 facet normal  4.647232e-01  0.000000e+00 -8.854560e-01
   outer loop
     vertex  2.727979e+02  3.611857e+02  7.089483e+02
     vertex  2.742922e+02  3.641857e+02  7.097325e+02
     vertex  2.742922e+02  3.611857e+02  7.097325e+02
   endloop
 endfacet
 facet normal  6.631227e-01  0.000000e+00 -7.485107e-01
   outer loop
     vertex  2.715348e+02  3.611857e+02  7.078293e+02
     vertex  2.715348e+02  3.641857e+02  7.078293e+02
     vertex  2.727979e+02  3.641857e+02  7.089483e+02
   endloop
 endfacet
 facet normal  8.229839e-01  0.000000e+00 -5.680647e-01
   outer loop
     vertex  2.715348e+02  3.611857e+02  7.078293e+02
     vertex  2.705762e+02  3.641857e+02  7.064405e+02
     vertex  2.715348e+02  3.641857e+02  7.078293e+02
   endloop
 endfacet
 facet normal  6.631227e-01 -1.578971e-14 -7.485107e-01
   outer loop
     vertex  2.715348e+02  3.611857e+02  7.078293e+02
     vertex  2.727979e+02  3.641857e+02  7.089483e+02
     vertex  2.727979e+02  3.611857e+02  7.089483e+02
   endloop
 endfacet
 facet normal  8.229839e-01 -4.305432e-14 -5.680647e-01
   outer loop
     vertex  2.705762e+02  3.611857e+02  7.064405e+02
     vertex  2.705762e+02  3.641857e+02  7.064405e+02
     vertex  2.715348e+02  3.611857e+02  7.078293e+02
   endloop
 endfacet
 facet normal  9.350162e-01  0.000000e+00 -3.546049e-01
   outer loop
     vertex  2.699778e+02  3.611857e+02  7.048626e+02
     vertex  2.699778e+02  3.641857e+02  7.048626e+02
     vertex  2.705762e+02  3.641857e+02  7.064405e+02
   endloop
 endfacet
 facet normal  9.350162e-01 -2.686444e-14 -3.546049e-01
   outer loop
     vertex  2.699778e+02  3.611857e+02  7.048626e+02
     vertex  2.705762e+02  3.641857e+02  7.064405e+02
     vertex  2.705762e+02  3.611857e+02  7.064405e+02
   endloop
 endfacet
 facet normal  9.927089e-01  1.424184e-14 -1.205367e-01
   outer loop
     vertex  2.697744e+02  3.611857e+02  7.031874e+02
     vertex  2.697744e+02  3.641857e+02  7.031874e+02
     vertex  2.699778e+02  3.641857e+02  7.048626e+02
   endloop
 endfacet
 facet normal  9.927089e-01  0.000000e+00 -1.205367e-01
   outer loop
     vertex  2.697744e+02  3.611857e+02  7.031874e+02
     vertex  2.699778e+02  3.641857e+02  7.048626e+02
     vertex  2.699778e+02  3.611857e+02  7.048626e+02
   endloop
 endfacet
 facet normal -9.927089e-01 -1.995644e-14 -1.205367e-01
   outer loop
     vertex  2.835710e+02  3.611857e+02  2.372787e+02
     vertex  2.837744e+02  3.641857e+02  2.356035e+02
     vertex  2.837744e+02  3.611857e+02  2.356035e+02
   endloop
 endfacet
 facet normal -9.927089e-01 -1.995161e-14 -1.205367e-01
   outer loop
     vertex  2.835710e+02  3.611857e+02  2.372787e+02
     vertex  2.835710e+02  3.641857e+02  2.372787e+02
     vertex  2.837744e+02  3.641857e+02  2.356035e+02
   endloop
 endfacet
 facet normal -9.350162e-01 -2.107600e-14 -3.546049e-01
   outer loop
     vertex  2.829726e+02  3.611857e+02  2.388566e+02
     vertex  2.829726e+02  3.641857e+02  2.388566e+02
     vertex  2.835710e+02  3.641857e+02  2.372787e+02
   endloop
 endfacet
 facet normal -9.350162e-01 -2.107488e-14 -3.546049e-01
   outer loop
     vertex  2.829726e+02  3.611857e+02  2.388566e+02
     vertex  2.835710e+02  3.641857e+02  2.372787e+02
     vertex  2.835710e+02  3.611857e+02  2.372787e+02
   endloop
 endfacet
 facet normal -8.229839e-01 -2.097553e-14 -5.680647e-01
   outer loop
     vertex  2.820140e+02  3.611857e+02  2.402454e+02
     vertex  2.820140e+02  3.641857e+02  2.402454e+02
     vertex  2.829726e+02  3.641857e+02  2.388566e+02
   endloop
 endfacet
 facet normal -8.229839e-01 -2.096523e-14 -5.680647e-01
   outer loop
     vertex  2.820140e+02  3.611857e+02  2.402454e+02
     vertex  2.829726e+02  3.641857e+02  2.388566e+02
     vertex  2.829726e+02  3.611857e+02  2.388566e+02
   endloop
 endfacet
 facet normal -6.631227e-01 -7.091318e-15 -7.485107e-01
   outer loop
     vertex  2.807508e+02  3.611857e+02  2.413644e+02
     vertex  2.807508e+02  3.641857e+02  2.413644e+02
     vertex  2.820140e+02  3.641857e+02  2.402454e+02
   endloop
 endfacet
 facet normal -6.631227e-01 -1.964942e-14 -7.485107e-01
   outer loop
     vertex  2.807508e+02  3.611857e+02  2.413644e+02
     vertex  2.820140e+02  3.641857e+02  2.402454e+02
     vertex  2.820140e+02  3.611857e+02  2.402454e+02
   endloop
 endfacet
 facet normal -4.647232e-01 -1.719421e-14 -8.854560e-01
   outer loop
     vertex  2.792566e+02  3.611857e+02  2.421486e+02
     vertex  2.792566e+02  3.641857e+02  2.421486e+02
     vertex  2.807508e+02  3.641857e+02  2.413644e+02
   endloop
 endfacet
 facet normal -2.393157e-01 -1.373312e-14 -9.709418e-01
   outer loop
     vertex  2.792566e+02  3.611857e+02  2.421486e+02
     vertex  2.776181e+02  3.641857e+02  2.425525e+02
     vertex  2.792566e+02  3.641857e+02  2.421486e+02
   endloop
 endfacet
 facet normal -4.647232e-01 -8.421180e-15 -8.854560e-01
   outer loop
     vertex  2.792566e+02  3.611857e+02  2.421486e+02
     vertex  2.807508e+02  3.641857e+02  2.413644e+02
     vertex  2.807508e+02  3.611857e+02  2.413644e+02
   endloop
 endfacet
 facet normal  3.191258e-28 -9.473903e-15 -1.000000e+00
   outer loop
     vertex  2.776181e+02  3.611857e+02  2.425525e+02
     vertex  2.759306e+02  3.641857e+02  2.425525e+02
     vertex  2.776181e+02  3.641857e+02  2.425525e+02
   endloop
 endfacet
 facet normal -2.393157e-01 -1.373312e-14 -9.709418e-01
   outer loop
     vertex  2.776181e+02  3.611857e+02  2.425525e+02
     vertex  2.776181e+02  3.641857e+02  2.425525e+02
     vertex  2.792566e+02  3.611857e+02  2.421486e+02
   endloop
 endfacet
 facet normal  3.191258e-28 -9.473903e-15 -1.000000e+00
   outer loop
     vertex  2.759306e+02  3.611857e+02  2.425525e+02
     vertex  2.759306e+02  3.641857e+02  2.425525e+02
     vertex  2.776181e+02  3.611857e+02  2.425525e+02
   endloop
 endfacet
 facet normal  2.393157e-01 -9.198609e-15 -9.709418e-01
   outer loop
     vertex  2.742922e+02  3.611857e+02  2.421486e+02
     vertex  2.742922e+02  3.641857e+02  2.421486e+02
     vertex  2.759306e+02  3.641857e+02  2.425525e+02
   endloop
 endfacet
 facet normal  2.393157e-01 -9.188735e-15 -9.709418e-01
   outer loop
     vertex  2.742922e+02  3.611857e+02  2.421486e+02
     vertex  2.759306e+02  3.641857e+02  2.425525e+02
     vertex  2.759306e+02  3.611857e+02  2.425525e+02
   endloop
 endfacet
 facet normal  4.647232e-01 -8.388725e-15 -8.854560e-01
   outer loop
     vertex  2.727979e+02  3.611857e+02  2.413644e+02
     vertex  2.727979e+02  3.641857e+02  2.413644e+02
     vertex  2.742922e+02  3.641857e+02  2.421486e+02
   endloop
 endfacet
 facet normal  4.647232e-01 -8.377319e-15 -8.854560e-01
   outer loop
     vertex  2.727979e+02  3.611857e+02  2.413644e+02
     vertex  2.742922e+02  3.641857e+02  2.421486e+02
     vertex  2.742922e+02  3.611857e+02  2.421486e+02
   endloop
 endfacet
 facet normal  6.631227e-01 -7.091318e-15 -7.485107e-01
   outer loop
     vertex  2.715348e+02  3.611857e+02  2.402454e+02
     vertex  2.715348e+02  3.641857e+02  2.402454e+02
     vertex  2.727979e+02  3.641857e+02  2.413644e+02
   endloop
 endfacet
 facet normal  8.229839e-01 -5.381790e-15 -5.680647e-01
   outer loop
     vertex  2.715348e+02  3.611857e+02  2.402454e+02
     vertex  2.705762e+02  3.641857e+02  2.388566e+02
     vertex  2.715348e+02  3.641857e+02  2.402454e+02
   endloop
 endfacet
 facet normal  6.631227e-01 -7.105370e-15 -7.485107e-01
   outer loop
     vertex  2.715348e+02  3.611857e+02  2.402454e+02
     vertex  2.727979e+02  3.641857e+02  2.413644e+02
     vertex  2.727979e+02  3.611857e+02  2.413644e+02
   endloop
 endfacet
 facet normal  8.229839e-01  1.021195e-14 -5.680647e-01
   outer loop
     vertex  2.705762e+02  3.611857e+02  2.388566e+02
     vertex  2.705762e+02  3.641857e+02  2.388566e+02
     vertex  2.715348e+02  3.611857e+02  2.402454e+02
   endloop
 endfacet
 facet normal  9.350162e-01 -3.359492e-15 -3.546049e-01
   outer loop
     vertex  2.699778e+02  3.611857e+02  2.372787e+02
     vertex  2.699778e+02  3.641857e+02  2.372787e+02
     vertex  2.705762e+02  3.641857e+02  2.388566e+02
   endloop
 endfacet
 facet normal  9.350162e-01  1.434232e-14 -3.546049e-01
   outer loop
     vertex  2.699778e+02  3.611857e+02  2.372787e+02
     vertex  2.705762e+02  3.641857e+02  2.388566e+02
     vertex  2.705762e+02  3.611857e+02  2.388566e+02
   endloop
 endfacet
 facet normal  9.927089e-01  1.766770e-14 -1.205367e-01
   outer loop
     vertex  2.697744e+02  3.611857e+02  2.356035e+02
     vertex  2.697744e+02  3.641857e+02  2.356035e+02
     vertex  2.699778e+02  3.641857e+02  2.372787e+02
   endloop
 endfacet
 facet normal  9.927089e-01 -1.151333e-15 -1.205367e-01
   outer loop
     vertex  2.697744e+02  3.611857e+02  2.356035e+02
     vertex  2.699778e+02  3.641857e+02  2.372787e+02
     vertex  2.699778e+02  3.611857e+02  2.372787e+02
   endloop
 endfacet
 facet normal -9.927089e-01 -9.135623e-15 -1.205367e-01
   outer loop
     vertex  2.837119e+02  3.611857e+02  6.581874e+02
     vertex  2.835085e+02  3.641857e+02  6.598626e+02
     vertex  2.837119e+02  3.641857e+02  6.581874e+02
   endloop
 endfacet
 facet normal -9.927089e-01 -2.337747e-14 -1.205367e-01
   outer loop
     vertex  2.835085e+02  3.611857e+02  6.598626e+02
     vertex  2.835085e+02  3.641857e+02  6.598626e+02
     vertex  2.837119e+02  3.611857e+02  6.581874e+02
   endloop
 endfacet
 facet normal -9.350162e-01 -1.771651e-14 -3.546049e-01
   outer loop
     vertex  2.829101e+02  3.611857e+02  6.614405e+02
     vertex  2.829101e+02  3.641857e+02  6.614405e+02
     vertex  2.835085e+02  3.641857e+02  6.598626e+02
   endloop
 endfacet
 facet normal -8.229839e-01 -1.559374e-14 -5.680647e-01
   outer loop
     vertex  2.829101e+02  3.611857e+02  6.614405e+02
     vertex  2.819515e+02  3.641857e+02  6.628293e+02
     vertex  2.829101e+02  3.641857e+02  6.614405e+02
   endloop
 endfacet
 facet normal -9.350162e-01 -3.114082e-14 -3.546049e-01
   outer loop
     vertex  2.829101e+02  3.611857e+02  6.614405e+02
     vertex  2.835085e+02  3.641857e+02  6.598626e+02
     vertex  2.835085e+02  3.611857e+02  6.598626e+02
   endloop
 endfacet
 facet normal -8.229839e-01 -3.712090e-14 -5.680647e-01
   outer loop
     vertex  2.819515e+02  3.611857e+02  6.628293e+02
     vertex  2.819515e+02  3.641857e+02  6.628293e+02
     vertex  2.829101e+02  3.611857e+02  6.614405e+02
   endloop
 endfacet
 facet normal -6.631227e-01  0.000000e+00 -7.485107e-01
   outer loop
     vertex  2.806883e+02  3.611857e+02  6.639483e+02
     vertex  2.806883e+02  3.641857e+02  6.639483e+02
     vertex  2.819515e+02  3.641857e+02  6.628293e+02
   endloop
 endfacet
 facet normal -6.631227e-01 -4.092167e-14 -7.485107e-01
   outer loop
     vertex  2.806883e+02  3.611857e+02  6.639483e+02
     vertex  2.819515e+02  3.641857e+02  6.628293e+02
     vertex  2.819515e+02  3.611857e+02  6.628293e+02
   endloop
 endfacet
 facet normal -4.647232e-01 -3.355490e-14 -8.854560e-01
   outer loop
     vertex  2.791941e+02  3.611857e+02  6.647325e+02
     vertex  2.791941e+02  3.641857e+02  6.647325e+02
     vertex  2.806883e+02  3.641857e+02  6.639483e+02
   endloop
 endfacet
 facet normal -4.647232e-01  0.000000e+00 -8.854560e-01
   outer loop
     vertex  2.791941e+02  3.611857e+02  6.647325e+02
     vertex  2.806883e+02  3.641857e+02  6.639483e+02
     vertex  2.806883e+02  3.611857e+02  6.639483e+02
   endloop
 endfacet
 facet normal -2.393157e-01  0.000000e+00 -9.709418e-01
   outer loop
     vertex  2.775556e+02  3.611857e+02  6.651364e+02
     vertex  2.775556e+02  3.641857e+02  6.651364e+02
     vertex  2.791941e+02  3.641857e+02  6.647325e+02
   endloop
 endfacet
 facet normal -2.393157e-01 -3.679880e-14 -9.709418e-01
   outer loop
     vertex  2.775556e+02  3.611857e+02  6.651364e+02
     vertex  2.791941e+02  3.641857e+02  6.647325e+02
     vertex  2.791941e+02  3.611857e+02  6.647325e+02
   endloop
 endfacet
 facet normal  0.000000e+00  0.000000e+00 -1.000000e+00
   outer loop
     vertex  2.758681e+02  3.611857e+02  6.651364e+02
     vertex  2.758681e+02  3.641857e+02  6.651364e+02
     vertex  2.775556e+02  3.641857e+02  6.651364e+02
   endloop
 endfacet
 facet normal  2.393157e-01  4.534507e-15 -9.709418e-01
   outer loop
     vertex  2.758681e+02  3.611857e+02  6.651364e+02
     vertex  2.742297e+02  3.641857e+02  6.647325e+02
     vertex  2.758681e+02  3.641857e+02  6.651364e+02
   endloop
 endfacet
 facet normal  0.000000e+00  0.000000e+00 -1.000000e+00
   outer loop
     vertex  2.758681e+02  3.611857e+02  6.651364e+02
     vertex  2.775556e+02  3.641857e+02  6.651364e+02
     vertex  2.775556e+02  3.611857e+02  6.651364e+02
   endloop
 endfacet
 facet normal  2.393157e-01 -3.225993e-14 -9.709418e-01
   outer loop
     vertex  2.742297e+02  3.611857e+02  6.647325e+02
     vertex  2.742297e+02  3.641857e+02  6.647325e+02
     vertex  2.758681e+02  3.611857e+02  6.651364e+02
   endloop
 endfacet
 facet normal  4.647232e-01  8.805485e-15 -8.854560e-01
   outer loop
     vertex  2.727354e+02  3.611857e+02  6.639483e+02
     vertex  2.727354e+02  3.641857e+02  6.639483e+02
     vertex  2.742297e+02  3.641857e+02  6.647325e+02
   endloop
 endfacet
 facet normal  6.631227e-01  1.256472e-14 -7.485107e-01
   outer loop
     vertex  2.727354e+02  3.611857e+02  6.639483e+02
     vertex  2.714723e+02  3.641857e+02  6.628293e+02
     vertex  2.727354e+02  3.641857e+02  6.639483e+02
   endloop
 endfacet
 facet normal  4.647232e-01 -2.473722e-14 -8.854560e-01
   outer loop
     vertex  2.727354e+02  3.611857e+02  6.639483e+02
     vertex  2.742297e+02  3.641857e+02  6.647325e+02
     vertex  2.742297e+02  3.611857e+02  6.647325e+02
   endloop
 endfacet
 facet normal  6.631227e-01 -2.836527e-14 -7.485107e-01
   outer loop
     vertex  2.714723e+02  3.611857e+02  6.628293e+02
     vertex  2.714723e+02  3.641857e+02  6.628293e+02
     vertex  2.727354e+02  3.611857e+02  6.639483e+02
   endloop
 endfacet
 facet normal  8.229839e-01  0.000000e+00 -5.680647e-01
   outer loop
     vertex  2.705137e+02  3.611857e+02  6.614405e+02
     vertex  2.705137e+02  3.641857e+02  6.614405e+02
     vertex  2.714723e+02  3.641857e+02  6.628293e+02
   endloop
 endfacet
 facet normal  9.350162e-01  0.000000e+00 -3.546049e-01
   outer loop
     vertex  2.705137e+02  3.611857e+02  6.614405e+02
     vertex  2.699153e+02  3.641857e+02  6.598626e+02
     vertex  2.705137e+02  3.641857e+02  6.614405e+02
   endloop
 endfacet
 facet normal  8.229839e-01 -2.153541e-14 -5.680647e-01
   outer loop
     vertex  2.705137e+02  3.611857e+02  6.614405e+02
     vertex  2.714723e+02  3.641857e+02  6.628293e+02
     vertex  2.714723e+02  3.611857e+02  6.628293e+02
   endloop
 endfacet
 facet normal  9.350162e-01 -1.343797e-14 -3.546049e-01
   outer loop
     vertex  2.699153e+02  3.611857e+02  6.598626e+02
     vertex  2.699153e+02  3.641857e+02  6.598626e+02
     vertex  2.705137e+02  3.611857e+02  6.614405e+02
   endloop
 endfacet
 facet normal  9.927089e-01  9.674033e-15 -1.205367e-01
   outer loop
     vertex  2.697119e+02  3.611857e+02  6.581874e+02
     vertex  2.697119e+02  3.641857e+02  6.581874e+02
     vertex  2.699153e+02  3.641857e+02  6.598626e+02
   endloop
 endfacet
 facet normal  9.927089e-01 -4.561472e-15 -1.205367e-01
   outer loop
     vertex  2.697119e+02  3.611857e+02  6.581874e+02
     vertex  2.699153e+02  3.641857e+02  6.598626e+02
     vertex  2.699153e+02  3.611857e+02  6.598626e+02
   endloop
 endfacet
 facet normal -9.927089e-01 -2.109356e-14 -1.205367e-01
   outer loop
     vertex  2.837744e+02  3.611857e+02  2.806035e+02
     vertex  2.835710e+02  3.641857e+02  2.822787e+02
     vertex  2.837744e+02  3.641857e+02  2.806035e+02
   endloop
 endfacet
 facet normal -9.927089e-01 -2.283906e-15 -1.205367e-01
   outer loop
     vertex  2.835710e+02  3.611857e+02  2.822787e+02
     vertex  2.835710e+02  3.641857e+02  2.822787e+02
     vertex  2.837744e+02  3.611857e+02  2.806035e+02
   endloop
 endfacet
 facet normal -9.350162e-01 -2.443549e-14 -3.546049e-01
   outer loop
     vertex  2.829726e+02  3.611857e+02  2.838566e+02
     vertex  2.829726e+02  3.641857e+02  2.838566e+02
     vertex  2.835710e+02  3.641857e+02  2.822787e+02
   endloop
 endfacet
 facet normal -8.229839e-01 -2.635732e-14 -5.680647e-01
   outer loop
     vertex  2.829726e+02  3.611857e+02  2.838566e+02
     vertex  2.820140e+02  3.641857e+02  2.852454e+02
     vertex  2.829726e+02  3.641857e+02  2.838566e+02
   endloop
 endfacet
 facet normal -9.350162e-01 -6.710628e-15 -3.546049e-01
   outer loop
     vertex  2.829726e+02  3.611857e+02  2.838566e+02
     vertex  2.835710e+02  3.641857e+02  2.822787e+02
     vertex  2.835710e+02  3.611857e+02  2.822787e+02
   endloop
 endfacet
 facet normal -8.229839e-01 -2.635732e-14 -5.680647e-01
   outer loop
     vertex  2.820140e+02  3.611857e+02  2.852454e+02
     vertex  2.820140e+02  3.641857e+02  2.852454e+02
     vertex  2.829726e+02  3.611857e+02  2.838566e+02
   endloop
 endfacet
 facet normal -6.631227e-01 -1.418264e-14 -7.485107e-01
   outer loop
     vertex  2.807508e+02  3.611857e+02  2.863644e+02
     vertex  2.807508e+02  3.641857e+02  2.863644e+02
     vertex  2.820140e+02  3.641857e+02  2.852454e+02
   endloop
 endfacet
 facet normal -6.631227e-01 -2.675479e-14 -7.485107e-01
   outer loop
     vertex  2.807508e+02  3.611857e+02  2.863644e+02
     vertex  2.820140e+02  3.641857e+02  2.852454e+02
     vertex  2.820140e+02  3.611857e+02  2.852454e+02
   endloop
 endfacet
 facet normal -4.647232e-01 -2.558293e-14 -8.854560e-01
   outer loop
     vertex  2.792566e+02  3.611857e+02  2.871486e+02
     vertex  2.792566e+02  3.641857e+02  2.871486e+02
     vertex  2.807508e+02  3.641857e+02  2.863644e+02
   endloop
 endfacet
 facet normal -4.647232e-01 -1.679850e-14 -8.854560e-01
   outer loop
     vertex  2.792566e+02  3.611857e+02  2.871486e+02
     vertex  2.807508e+02  3.641857e+02  2.863644e+02
     vertex  2.807508e+02  3.611857e+02  2.863644e+02
   endloop
 endfacet
 facet normal -2.393157e-01 -2.293172e-14 -9.709418e-01
   outer loop
     vertex  2.776181e+02  3.611857e+02  2.875525e+02
     vertex  2.776181e+02  3.641857e+02  2.875525e+02
     vertex  2.792566e+02  3.641857e+02  2.871486e+02
   endloop
 endfacet
 facet normal  0.000000e+00 -1.894781e-14 -1.000000e+00
   outer loop
     vertex  2.776181e+02  3.611857e+02  2.875525e+02
     vertex  2.759306e+02  3.641857e+02  2.875525e+02
     vertex  2.776181e+02  3.641857e+02  2.875525e+02
   endloop
 endfacet
 facet normal -2.393157e-01 -2.293894e-14 -9.709418e-01
   outer loop
     vertex  2.776181e+02  3.611857e+02  2.875525e+02
     vertex  2.792566e+02  3.641857e+02  2.871486e+02
     vertex  2.792566e+02  3.611857e+02  2.871486e+02
   endloop
 endfacet
 facet normal  2.393157e-01 -1.839722e-14 -9.709418e-01
   outer loop
     vertex  2.759306e+02  3.611857e+02  2.875525e+02
     vertex  2.742922e+02  3.641857e+02  2.871486e+02
     vertex  2.759306e+02  3.641857e+02  2.875525e+02
   endloop
 endfacet
 facet normal  0.000000e+00 -1.894781e-14 -1.000000e+00
   outer loop
     vertex  2.759306e+02  3.611857e+02  2.875525e+02
     vertex  2.759306e+02  3.641857e+02  2.875525e+02
     vertex  2.776181e+02  3.611857e+02  2.875525e+02
   endloop
 endfacet
 facet normal  4.647232e-01 -1.677745e-14 -8.854560e-01
   outer loop
     vertex  2.742922e+02  3.611857e+02  2.871486e+02
     vertex  2.727979e+02  3.641857e+02  2.863644e+02
     vertex  2.742922e+02  3.641857e+02  2.871486e+02
   endloop
 endfacet
 facet normal  2.393157e-01 -1.839722e-14 -9.709418e-01
   outer loop
     vertex  2.742922e+02  3.611857e+02  2.871486e+02
     vertex  2.742922e+02  3.641857e+02  2.871486e+02
     vertex  2.759306e+02  3.611857e+02  2.875525e+02
   endloop
 endfacet
 facet normal  4.647232e-01 -1.677745e-14 -8.854560e-01
   outer loop
     vertex  2.727979e+02  3.611857e+02  2.863644e+02
     vertex  2.727979e+02  3.641857e+02  2.863644e+02
     vertex  2.742922e+02  3.611857e+02  2.871486e+02
   endloop
 endfacet
 facet normal  6.631227e-01 -1.418264e-14 -7.485107e-01
   outer loop
     vertex  2.715348e+02  3.611857e+02  2.852454e+02
     vertex  2.715348e+02  3.641857e+02  2.852454e+02
     vertex  2.727979e+02  3.641857e+02  2.863644e+02
   endloop
 endfacet
 facet normal  8.229839e-01 -1.076358e-14 -5.680647e-01
   outer loop
     vertex  2.715348e+02  3.611857e+02  2.852454e+02
     vertex  2.705762e+02  3.641857e+02  2.838566e+02
     vertex  2.715348e+02  3.641857e+02  2.852454e+02
   endloop
 endfacet
 facet normal  6.631227e-01 -1.416688e-14 -7.485107e-01
   outer loop
     vertex  2.715348e+02  3.611857e+02  2.852454e+02
     vertex  2.727979e+02  3.641857e+02  2.863644e+02
     vertex  2.727979e+02  3.611857e+02  2.863644e+02
   endloop
 endfacet
 facet normal  8.229839e-01 -5.933423e-15 -5.680647e-01
   outer loop
     vertex  2.705762e+02  3.611857e+02  2.838566e+02
     vertex  2.705762e+02  3.641857e+02  2.838566e+02
     vertex  2.715348e+02  3.611857e+02  2.852454e+02
   endloop
 endfacet
 facet normal  9.350162e-01  1.099752e-14 -3.546049e-01
   outer loop
     vertex  2.699778e+02  3.611857e+02  2.822787e+02
     vertex  2.699778e+02  3.641857e+02  2.822787e+02
     vertex  2.705762e+02  3.641857e+02  2.838566e+02
   endloop
 endfacet
 facet normal  9.350162e-01  4.276380e-15 -3.546049e-01
   outer loop
     vertex  2.699778e+02  3.611857e+02  2.822787e+02
     vertex  2.705762e+02  3.641857e+02  2.838566e+02
     vertex  2.705762e+02  3.611857e+02  2.838566e+02
   endloop
 endfacet
 facet normal  9.927089e-01 -2.283906e-15 -1.205367e-01
   outer loop
     vertex  2.697744e+02  3.611857e+02  2.806035e+02
     vertex  2.697744e+02  3.641857e+02  2.806035e+02
     vertex  2.699778e+02  3.641857e+02  2.822787e+02
   endloop
 endfacet
 facet normal  9.927089e-01  1.652437e-14 -1.205367e-01
   outer loop
     vertex  2.697744e+02  3.611857e+02  2.806035e+02
     vertex  2.699778e+02  3.641857e+02  2.822787e+02
     vertex  2.699778e+02  3.611857e+02  2.822787e+02
   endloop
 endfacet
 facet normal -4.149270e-14  1.000000e+00  3.961538e-15
   outer loop
     vertex  2.807508e+02  3.641857e+02  7.089483e+02
     vertex  2.992719e+02  3.641857e+02  7.881455e+02
     vertex  2.820140e+02  3.641857e+02  7.078293e+02
   endloop
 endfacet
 facet normal -5.473516e-15  1.000000e+00 -3.778095e-15
   outer loop
     vertex  2.829726e+02  3.641857e+02  7.064405e+02
     vertex  2.820140e+02  3.641857e+02  7.078293e+02
     vertex  2.992719e+02  3.641857e+02  7.881455e+02
   endloop
 endfacet
 facet normal -2.684164e-15  1.000000e+00 -5.114246e-15
   outer loop
     vertex  2.792566e+02  3.641857e+02  7.097325e+02
     vertex  2.992719e+02  3.641857e+02  7.881455e+02
     vertex  2.807508e+02  3.641857e+02  7.089483e+02
   endloop
 endfacet
 facet normal -8.414844e-15  1.000000e+00 -3.191329e-15
   outer loop
     vertex  2.835710e+02  3.641857e+02  7.048626e+02
     vertex  2.829726e+02  3.641857e+02  7.064405e+02
     vertex  2.992719e+02  3.641857e+02  7.881455e+02
   endloop
 endfacet
 facet normal -6.495569e-15  1.000000e+00 -4.026374e-15
   outer loop
     vertex  2.776181e+02  3.641857e+02  7.101364e+02
     vertex  2.642675e+02  3.641857e+02  7.881455e+02
     vertex  2.992719e+02  3.641857e+02  7.881455e+02
   endloop
 endfacet
 facet normal -1.344813e-15  1.000000e+00 -5.456122e-15
   outer loop
     vertex  2.776181e+02  3.641857e+02  7.101364e+02
     vertex  2.992719e+02  3.641857e+02  7.881455e+02
     vertex  2.792566e+02  3.641857e+02  7.097325e+02
   endloop
 endfacet
 facet normal -1.541468e-14  1.000000e+00 -1.871681e-15
   outer loop
     vertex  2.837744e+02  3.641857e+02  7.031874e+02
     vertex  2.835710e+02  3.641857e+02  7.048626e+02
     vertex  2.992719e+02  3.641857e+02  7.881455e+02
   endloop
 endfacet
 facet normal  0.000000e+00  1.000000e+00 -2.914708e-15
   outer loop
     vertex  2.759306e+02  3.641857e+02  7.101364e+02
     vertex  2.642675e+02  3.641857e+02  7.881455e+02
     vertex  2.776181e+02  3.641857e+02  7.101364e+02
   endloop
 endfacet
 facet normal -3.276693e-14  1.000000e+00 -7.813689e-15
   outer loop
     vertex  2.742922e+02  3.641857e+02  7.097325e+02
     vertex  2.642675e+02  3.641857e+02  7.881455e+02
     vertex  2.759306e+02  3.641857e+02  7.101364e+02
   endloop
 endfacet
 facet normal  1.782730e-15  1.000000e+00 -3.396709e-15
   outer loop
     vertex  2.727979e+02  3.641857e+02  7.089483e+02
     vertex  2.642675e+02  3.641857e+02  7.881455e+02
     vertex  2.742922e+02  3.641857e+02  7.097325e+02
   endloop
 endfacet
 facet normal  4.398448e-14  1.000000e+00  1.148900e-15
   outer loop
     vertex  2.715348e+02  3.641857e+02  7.078293e+02
     vertex  2.642675e+02  3.641857e+02  7.881455e+02
     vertex  2.727979e+02  3.641857e+02  7.089483e+02
   endloop
 endfacet
 facet normal -4.879896e-14  1.000000e+00 -7.246497e-15
   outer loop
     vertex  2.705762e+02  3.641857e+02  7.064405e+02
     vertex  2.642675e+02  3.641857e+02  7.881455e+02
     vertex  2.715348e+02  3.641857e+02  7.078293e+02
   endloop
 endfacet
 facet normal  7.620721e-15  1.000000e+00 -2.890158e-15
   outer loop
     vertex  2.699778e+02  3.641857e+02  7.048626e+02
     vertex  2.642675e+02  3.641857e+02  7.881455e+02
     vertex  2.705762e+02  3.641857e+02  7.064405e+02
   endloop
 endfacet
 facet normal -1.606396e-13  1.000000e+00 -1.442694e-14
   outer loop
     vertex  2.697744e+02  3.641857e+02  7.031874e+02
     vertex  2.642675e+02  3.641857e+02  7.881455e+02
     vertex  2.699778e+02  3.641857e+02  7.048626e+02
   endloop
 endfacet
 facet normal -4.083572e-14  1.000000e+00 -4.703122e-15
   outer loop
     vertex  2.819515e+02  3.641857e+02  6.628293e+02
     vertex  2.807508e+02  3.641857e+02  6.974265e+02
     vertex  2.820140e+02  3.641857e+02  6.985456e+02
   endloop
 endfacet
 facet normal -3.003488e-15  1.000000e+00 -3.390237e-15
   outer loop
     vertex  2.806883e+02  3.641857e+02  6.639483e+02
     vertex  2.807508e+02  3.641857e+02  6.974265e+02
     vertex  2.819515e+02  3.641857e+02  6.628293e+02
   endloop
 endfacet
 facet normal -3.629551e-14  1.000000e+00 -3.328085e-15
   outer loop
     vertex  2.806883e+02  3.641857e+02  6.639483e+02
     vertex  2.792566e+02  3.641857e+02  6.966423e+02
     vertex  2.807508e+02  3.641857e+02  6.974265e+02
   endloop
 endfacet
 facet normal  6.433185e-15  1.000000e+00 -4.440507e-15
   outer loop
     vertex  2.829101e+02  3.641857e+02  6.614405e+02
     vertex  2.820140e+02  3.641857e+02  6.985456e+02
     vertex  2.829726e+02  3.641857e+02  6.999344e+02
   endloop
 endfacet
 facet normal -6.899682e-15  1.000000e+00 -4.762506e-15
   outer loop
     vertex  2.829101e+02  3.641857e+02  6.614405e+02
     vertex  2.819515e+02  3.641857e+02  6.628293e+02
     vertex  2.820140e+02  3.641857e+02  6.985456e+02
   endloop
 endfacet
 facet normal -3.987112e-14  1.000000e+00 -3.484666e-15
   outer loop
     vertex  2.791941e+02  3.641857e+02  6.647325e+02
     vertex  2.792566e+02  3.641857e+02  6.966423e+02
     vertex  2.806883e+02  3.641857e+02  6.639483e+02
   endloop
 endfacet
 facet normal  8.785654e-16  1.000000e+00 -3.564480e-15
   outer loop
     vertex  2.791941e+02  3.641857e+02  6.647325e+02
     vertex  2.776181e+02  3.641857e+02  6.962385e+02
     vertex  2.792566e+02  3.641857e+02  6.966423e+02
   endloop
 endfacet
 facet normal -1.163132e-14  1.000000e+00 -4.411177e-15
   outer loop
     vertex  2.835085e+02  3.641857e+02  6.598626e+02
     vertex  2.829101e+02  3.641857e+02  6.614405e+02
     vertex  2.829726e+02  3.641857e+02  6.999344e+02
   endloop
 endfacet
 facet normal  1.083895e-14  1.000000e+00 -4.110670e-15
   outer loop
     vertex  2.835085e+02  3.641857e+02  6.598626e+02
     vertex  2.829726e+02  3.641857e+02  6.999344e+02
     vertex  2.835710e+02  3.641857e+02  7.015122e+02
   endloop
 endfacet
 facet normal -9.004999e-16  1.000000e+00 -3.653472e-15
   outer loop
     vertex  2.775556e+02  3.641857e+02  6.651364e+02
     vertex  2.776181e+02  3.641857e+02  6.962385e+02
     vertex  2.791941e+02  3.641857e+02  6.647325e+02
   endloop
 endfacet
 facet normal  0.000000e+00  1.000000e+00 -3.655281e-15
   outer loop
     vertex  2.775556e+02  3.641857e+02  6.651364e+02
     vertex  2.759306e+02  3.641857e+02  6.962385e+02
     vertex  2.776181e+02  3.641857e+02  6.962385e+02
   endloop
 endfacet
 facet normal  2.104731e-14  1.000000e+00 -2.555607e-15
   outer loop
     vertex  2.837119e+02  3.641857e+02  6.581874e+02
     vertex  2.835710e+02  3.641857e+02  7.015122e+02
     vertex  2.837744e+02  3.641857e+02  7.031874e+02
   endloop
 endfacet
 facet normal -3.093534e-13  1.000000e+00 -3.630185e-15
   outer loop
     vertex  2.837119e+02  3.641857e+02  6.581874e+02
     vertex  2.835085e+02  3.641857e+02  6.598626e+02
     vertex  2.835710e+02  3.641857e+02  7.015122e+02
   endloop
 endfacet
 facet normal  0.000000e+00  1.000000e+00 -3.655281e-15
   outer loop
     vertex  2.758681e+02  3.641857e+02  6.651364e+02
     vertex  2.759306e+02  3.641857e+02  6.962385e+02
     vertex  2.775556e+02  3.641857e+02  6.651364e+02
   endloop
 endfacet
 facet normal -9.004999e-16  1.000000e+00 -3.653472e-15
   outer loop
     vertex  2.758681e+02  3.641857e+02  6.651364e+02
     vertex  2.742922e+02  3.641857e+02  6.966423e+02
     vertex  2.759306e+02  3.641857e+02  6.962385e+02
   endloop
 endfacet
 facet normal  8.785654e-16  1.000000e+00 -3.564480e-15
   outer loop
     vertex  2.742297e+02  3.641857e+02  6.647325e+02
     vertex  2.742922e+02  3.641857e+02  6.966423e+02
     vertex  2.758681e+02  3.641857e+02  6.651364e+02
   endloop
 endfacet
 facet normal -3.987112e-14  1.000000e+00 -3.484666e-15
   outer loop
     vertex  2.742297e+02  3.641857e+02  6.647325e+02
     vertex  2.727979e+02  3.641857e+02  6.974265e+02
     vertex  2.742922e+02  3.641857e+02  6.966423e+02
   endloop
 endfacet
 facet normal  8.920123e-16  1.000000e+00 -1.699587e-15
   outer loop
     vertex  2.727354e+02  3.641857e+02  6.639483e+02
     vertex  2.727979e+02  3.641857e+02  6.974265e+02
     vertex  2.742297e+02  3.641857e+02  6.647325e+02
   endloop
 endfacet
 facet normal -1.501744e-15  1.000000e+00 -1.695118e-15
   outer loop
     vertex  2.727354e+02  3.641857e+02  6.639483e+02
     vertex  2.715348e+02  3.641857e+02  6.985456e+02
     vertex  2.727979e+02  3.641857e+02  6.974265e+02
   endloop
 endfacet
 facet normal -4.224788e-14  1.000000e+00 -3.109124e-15
   outer loop
     vertex  2.714723e+02  3.641857e+02  6.628293e+02
     vertex  2.715348e+02  3.641857e+02  6.985456e+02
     vertex  2.727354e+02  3.641857e+02  6.639483e+02
   endloop
 endfacet
 facet normal -4.599788e-15  1.000000e+00 -3.175004e-15
   outer loop
     vertex  2.714723e+02  3.641857e+02  6.628293e+02
     vertex  2.705762e+02  3.641857e+02  6.999344e+02
     vertex  2.715348e+02  3.641857e+02  6.985456e+02
   endloop
 endfacet
 facet normal  4.288790e-15  1.000000e+00 -2.960338e-15
   outer loop
     vertex  2.705137e+02  3.641857e+02  6.614405e+02
     vertex  2.705762e+02  3.641857e+02  6.999344e+02
     vertex  2.714723e+02  3.641857e+02  6.628293e+02
   endloop
 endfacet
 facet normal -7.754212e-15  1.000000e+00 -2.940785e-15
   outer loop
     vertex  2.705137e+02  3.641857e+02  6.614405e+02
     vertex  2.699778e+02  3.641857e+02  7.015122e+02
     vertex  2.705762e+02  3.641857e+02  6.999344e+02
   endloop
 endfacet
 facet normal -3.330881e-14  1.000000e+00 -4.044421e-15
   outer loop
     vertex  2.699153e+02  3.641857e+02  6.598626e+02
     vertex  2.697744e+02  3.641857e+02  7.031874e+02
     vertex  2.699778e+02  3.641857e+02  7.015122e+02
   endloop
 endfacet
 facet normal -8.453067e-14  1.000000e+00 -3.967557e-15
   outer loop
     vertex  2.699153e+02  3.641857e+02  6.598626e+02
     vertex  2.699778e+02  3.641857e+02  7.015122e+02
     vertex  2.705137e+02  3.641857e+02  6.614405e+02
   endloop
 endfacet
 facet normal  3.037370e-13  1.000000e+00 -2.948231e-15
   outer loop
     vertex  2.697119e+02  3.641857e+02  6.581874e+02
     vertex  2.697744e+02  3.641857e+02  7.031874e+02
     vertex  2.699153e+02  3.641857e+02  6.598626e+02
   endloop
 endfacet
 facet normal  3.550108e-15  1.000000e+00 -2.450462e-15
   outer loop
     vertex  2.858865e+02  3.641857e+02  5.432614e+02
     vertex  2.819515e+02  3.641857e+02  6.535456e+02
     vertex  2.829101e+02  3.641857e+02  6.549344e+02
   endloop
 endfacet
 facet normal  1.798341e-15  1.000000e+00 -2.029907e-15
   outer loop
     vertex  2.848941e+02  3.641857e+02  5.441406e+02
     vertex  2.806883e+02  3.641857e+02  6.524265e+02
     vertex  2.819515e+02  3.641857e+02  6.535456e+02
   endloop
 endfacet
 facet normal  5.678763e-14  1.000000e+00 -5.508890e-16
   outer loop
     vertex  2.848941e+02  3.641857e+02  5.441406e+02
     vertex  2.819515e+02  3.641857e+02  6.535456e+02
     vertex  2.858865e+02  3.641857e+02  5.432614e+02
   endloop
 endfacet
 facet normal -8.125964e-14  1.000000e+00 -5.208095e-15
   outer loop
     vertex  2.866397e+02  3.641857e+02  5.421702e+02
     vertex  2.829101e+02  3.641857e+02  6.549344e+02
     vertex  2.835085e+02  3.641857e+02  6.565122e+02
   endloop
 endfacet
 facet normal -3.835286e-15  1.000000e+00 -2.647307e-15
   outer loop
     vertex  2.866397e+02  3.641857e+02  5.421702e+02
     vertex  2.858865e+02  3.641857e+02  5.432614e+02
     vertex  2.829101e+02  3.641857e+02  6.549344e+02
   endloop
 endfacet
 facet normal  1.092202e-15  1.000000e+00 -2.081016e-15
   outer loop
     vertex  2.837200e+02  3.641857e+02  5.447568e+02
     vertex  2.791941e+02  3.641857e+02  6.516423e+02
     vertex  2.806883e+02  3.641857e+02  6.524265e+02
   endloop
 endfacet
 facet normal -1.124967e-15  1.000000e+00 -2.143446e-15
   outer loop
     vertex  2.837200e+02  3.641857e+02  5.447568e+02
     vertex  2.806883e+02  3.641857e+02  6.524265e+02
     vertex  2.848941e+02  3.641857e+02  5.441406e+02
   endloop
 endfacet
 facet normal -8.477141e-15  1.000000e+00 -3.214956e-15
   outer loop
     vertex  2.871099e+02  3.641857e+02  5.409305e+02
     vertex  2.866397e+02  3.641857e+02  5.421702e+02
     vertex  2.835085e+02  3.641857e+02  6.565122e+02
   endloop
 endfacet
 facet normal -6.834783e-14  1.000000e+00 -4.210648e-15
   outer loop
     vertex  2.824327e+02  3.641857e+02  5.450741e+02
     vertex  2.775556e+02  3.641857e+02  6.512385e+02
     vertex  2.791941e+02  3.641857e+02  6.516423e+02
   endloop
 endfacet
 facet normal -5.298535e-16  1.000000e+00 -2.149700e-15
   outer loop
     vertex  2.824327e+02  3.641857e+02  5.450741e+02
     vertex  2.791941e+02  3.641857e+02  6.516423e+02
     vertex  2.837200e+02  3.641857e+02  5.447568e+02
   endloop
 endfacet
 facet normal  0.000000e+00  1.000000e+00 -1.070857e-15
   outer loop
     vertex  2.811068e+02  3.641857e+02  5.450741e+02
     vertex  2.758681e+02  3.641857e+02  6.512385e+02
     vertex  2.775556e+02  3.641857e+02  6.512385e+02
   endloop
 endfacet
 facet normal  0.000000e+00  1.000000e+00 -1.070857e-15
   outer loop
     vertex  2.811068e+02  3.641857e+02  5.450741e+02
     vertex  2.775556e+02  3.641857e+02  6.512385e+02
     vertex  2.824327e+02  3.641857e+02  5.450741e+02
   endloop
 endfacet
 facet normal -3.983777e-16  1.000000e+00 -1.616282e-15
   outer loop
     vertex  2.798194e+02  3.641857e+02  5.447568e+02
     vertex  2.742297e+02  3.641857e+02  6.516423e+02
     vertex  2.758681e+02  3.641857e+02  6.512385e+02
   endloop
 endfacet
 facet normal -4.336317e-14  1.000000e+00 -3.210593e-15
   outer loop
     vertex  2.798194e+02  3.641857e+02  5.447568e+02
     vertex  2.758681e+02  3.641857e+02  6.512385e+02
     vertex  2.811068e+02  3.641857e+02  5.450741e+02
   endloop
 endfacet
 facet normal -8.509000e-16  1.000000e+00 -1.621255e-15
   outer loop
     vertex  2.786454e+02  3.641857e+02  5.441406e+02
     vertex  2.727354e+02  3.641857e+02  6.524265e+02
     vertex  2.742297e+02  3.641857e+02  6.516423e+02
   endloop
 endfacet
 facet normal  8.149865e-16  1.000000e+00 -1.552827e-15
   outer loop
     vertex  2.786454e+02  3.641857e+02  5.441406e+02
     vertex  2.742297e+02  3.641857e+02  6.516423e+02
     vertex  2.798194e+02  3.641857e+02  5.447568e+02
   endloop
 endfacet
 facet normal -1.441452e-15  1.000000e+00 -1.627063e-15
   outer loop
     vertex  2.776529e+02  3.641857e+02  5.432614e+02
     vertex  2.714723e+02  3.641857e+02  6.535456e+02
     vertex  2.727354e+02  3.641857e+02  6.524265e+02
   endloop
 endfacet
 facet normal  1.330818e-15  1.000000e+00 -1.502183e-15
   outer loop
     vertex  2.776529e+02  3.641857e+02  5.432614e+02
     vertex  2.727354e+02  3.641857e+02  6.524265e+02
     vertex  2.786454e+02  3.641857e+02  5.441406e+02
   endloop
 endfacet
 facet normal -2.386725e-15  1.000000e+00 -1.647438e-15
   outer loop
     vertex  2.768997e+02  3.641857e+02  5.421702e+02
     vertex  2.705137e+02  3.641857e+02  6.549344e+02
     vertex  2.714723e+02  3.641857e+02  6.535456e+02
   endloop
 endfacet
 facet normal  2.071949e-15  1.000000e+00 -1.430163e-15
   outer loop
     vertex  2.768997e+02  3.641857e+02  5.421702e+02
     vertex  2.714723e+02  3.641857e+02  6.535456e+02
     vertex  2.776529e+02  3.641857e+02  5.432614e+02
   endloop
 endfacet
 facet normal -4.569390e-15  1.000000e+00 -1.732941e-15
   outer loop
     vertex  2.764295e+02  3.641857e+02  5.409305e+02
     vertex  2.699153e+02  3.641857e+02  6.565122e+02
     vertex  2.705137e+02  3.641857e+02  6.549344e+02
   endloop
 endfacet
 facet normal  3.469460e-15  1.000000e+00 -1.315793e-15
   outer loop
     vertex  2.764295e+02  3.641857e+02  5.409305e+02
     vertex  2.705137e+02  3.641857e+02  6.549344e+02
     vertex  2.768997e+02  3.641857e+02  5.421702e+02
   endloop
 endfacet
 facet normal -2.346178e-13  1.000000e+00 -1.469857e-14
   outer loop
     vertex  2.762697e+02  3.641857e+02  5.396142e+02
     vertex  2.699153e+02  3.641857e+02  6.565122e+02
     vertex  2.764295e+02  3.641857e+02  5.409305e+02
   endloop
 endfacet
 facet normal  3.658926e-15  1.000000e+00 -3.658926e-15
   outer loop
     vertex  2.858865e+02  3.641857e+02  4.072614e+02
     vertex  2.851989e+02  3.641857e+02  5.308582e+02
     vertex  2.860698e+02  3.641857e+02  5.317290e+02
   endloop
 endfacet
 facet normal  5.428367e-14  1.000000e+00 -3.377282e-15
   outer loop
     vertex  2.848941e+02  3.641857e+02  4.081406e+02
     vertex  2.851989e+02  3.641857e+02  5.308582e+02
     vertex  2.858865e+02  3.641857e+02  4.072614e+02
   endloop
 endfacet
 facet normal  2.040544e-15  1.000000e+00 -3.247507e-15
   outer loop
     vertex  2.848941e+02  3.641857e+02  4.081406e+02
     vertex  2.841561e+02  3.641857e+02  5.302029e+02
     vertex  2.851989e+02  3.641857e+02  5.308582e+02
   endloop
 endfacet
 facet normal -5.281798e-15  1.000000e+00 -3.645762e-15
   outer loop
     vertex  2.866397e+02  3.641857e+02  4.061702e+02
     vertex  2.858865e+02  3.641857e+02  4.072614e+02
     vertex  2.860698e+02  3.641857e+02  5.317290e+02
   endloop
 endfacet
 facet normal  5.722700e-15  1.000000e+00 -3.595811e-15
   outer loop
     vertex  2.866397e+02  3.641857e+02  4.061702e+02
     vertex  2.860698e+02  3.641857e+02  5.317290e+02
     vertex  2.867250e+02  3.641857e+02  5.327719e+02
   endloop
 endfacet
 facet normal  1.147898e-15  1.000000e+00 -3.280505e-15
   outer loop
     vertex  2.837200e+02  3.641857e+02  4.087568e+02
     vertex  2.829936e+02  3.641857e+02  5.297961e+02
     vertex  2.841561e+02  3.641857e+02  5.302029e+02
   endloop
 endfacet
 facet normal -1.716344e-15  1.000000e+00 -3.270221e-15
   outer loop
     vertex  2.837200e+02  3.641857e+02  4.087568e+02
     vertex  2.841561e+02  3.641857e+02  5.302029e+02
     vertex  2.848941e+02  3.641857e+02  4.081406e+02
   endloop
 endfacet
 facet normal  1.007896e-14  1.000000e+00 -3.526780e-15
   outer loop
     vertex  2.871099e+02  3.641857e+02  4.049305e+02
     vertex  2.867250e+02  3.641857e+02  5.327719e+02
     vertex  2.871318e+02  3.641857e+02  5.339344e+02
   endloop
 endfacet
 facet normal -9.454404e-15  1.000000e+00 -3.585582e-15
   outer loop
     vertex  2.871099e+02  3.641857e+02  4.049305e+02
     vertex  2.866397e+02  3.641857e+02  4.061702e+02
     vertex  2.867250e+02  3.641857e+02  5.327719e+02
   endloop
 endfacet
 facet normal -8.114704e-16  1.000000e+00 -3.292265e-15
   outer loop
     vertex  2.824327e+02  3.641857e+02  4.090741e+02
     vertex  2.829936e+02  3.641857e+02  5.297961e+02
     vertex  2.837200e+02  3.641857e+02  4.087568e+02
   endloop
 endfacet
 facet normal  3.715685e-16  1.000000e+00 -3.297761e-15
   outer loop
     vertex  2.824327e+02  3.641857e+02  4.090741e+02
     vertex  2.817697e+02  3.641857e+02  5.296582e+02
     vertex  2.829936e+02  3.641857e+02  5.297961e+02
   endloop
 endfacet
 facet normal -3.715685e-16  1.000000e+00 -3.297761e-15
   outer loop
     vertex  2.811068e+02  3.641857e+02  4.090741e+02
     vertex  2.805458e+02  3.641857e+02  5.297961e+02
     vertex  2.817697e+02  3.641857e+02  5.296582e+02
   endloop
 endfacet
 facet normal  0.000000e+00  1.000000e+00 -3.299804e-15
   outer loop
     vertex  2.811068e+02  3.641857e+02  4.090741e+02
     vertex  2.817697e+02  3.641857e+02  5.296582e+02
     vertex  2.824327e+02  3.641857e+02  4.090741e+02
   endloop
 endfacet
 facet normal -1.147898e-15  1.000000e+00 -3.280505e-15
   outer loop
     vertex  2.798194e+02  3.641857e+02  4.087568e+02
     vertex  2.793834e+02  3.641857e+02  5.302029e+02
     vertex  2.805458e+02  3.641857e+02  5.297961e+02
   endloop
 endfacet
 facet normal  8.114704e-16  1.000000e+00 -3.292265e-15
   outer loop
     vertex  2.798194e+02  3.641857e+02  4.087568e+02
     vertex  2.805458e+02  3.641857e+02  5.297961e+02
     vertex  2.811068e+02  3.641857e+02  4.090741e+02
   endloop
 endfacet
 facet normal  1.716344e-15  1.000000e+00 -3.270221e-15
   outer loop
     vertex  2.786454e+02  3.641857e+02  4.081406e+02
     vertex  2.793834e+02  3.641857e+02  5.302029e+02
     vertex  2.798194e+02  3.641857e+02  4.087568e+02
   endloop
 endfacet
 facet normal -2.040544e-15  1.000000e+00 -3.247507e-15
   outer loop
     vertex  2.786454e+02  3.641857e+02  4.081406e+02
     vertex  2.783405e+02  3.641857e+02  5.308582e+02
     vertex  2.793834e+02  3.641857e+02  5.302029e+02
   endloop
 endfacet
 facet normal -5.428367e-14  1.000000e+00 -3.377282e-15
   outer loop
     vertex  2.776529e+02  3.641857e+02  4.072614e+02
     vertex  2.783405e+02  3.641857e+02  5.308582e+02
     vertex  2.786454e+02  3.641857e+02  4.081406e+02
   endloop
 endfacet
 facet normal -3.658926e-15  1.000000e+00 -3.658926e-15
   outer loop
     vertex  2.776529e+02  3.641857e+02  4.072614e+02
     vertex  2.774696e+02  3.641857e+02  5.317290e+02
     vertex  2.783405e+02  3.641857e+02  5.308582e+02
   endloop
 endfacet
 facet normal  5.281798e-15  1.000000e+00 -3.645762e-15
   outer loop
     vertex  2.768997e+02  3.641857e+02  4.061702e+02
     vertex  2.774696e+02  3.641857e+02  5.317290e+02
     vertex  2.776529e+02  3.641857e+02  4.072614e+02
   endloop
 endfacet
 facet normal -5.722700e-15  1.000000e+00 -3.595811e-15
   outer loop
     vertex  2.768997e+02  3.641857e+02  4.061702e+02
     vertex  2.768144e+02  3.641857e+02  5.327719e+02
     vertex  2.774696e+02  3.641857e+02  5.317290e+02
   endloop
 endfacet
 facet normal -1.007896e-14  1.000000e+00 -3.526780e-15
   outer loop
     vertex  2.764295e+02  3.641857e+02  4.049305e+02
     vertex  2.764076e+02  3.641857e+02  5.339344e+02
     vertex  2.768144e+02  3.641857e+02  5.327719e+02
   endloop
 endfacet
 facet normal  9.454404e-15  1.000000e+00 -3.585582e-15
   outer loop
     vertex  2.764295e+02  3.641857e+02  4.049305e+02
     vertex  2.768144e+02  3.641857e+02  5.327719e+02
     vertex  2.768997e+02  3.641857e+02  4.061702e+02
   endloop
 endfacet
 facet normal  4.272823e-15  1.000000e+00 -4.272823e-15
   outer loop
     vertex  2.820140e+02  3.641857e+02  2.852454e+02
     vertex  2.851989e+02  3.641857e+02  3.948582e+02
     vertex  2.860698e+02  3.641857e+02  3.957290e+02
   endloop
 endfacet
 facet normal  5.865327e-14  1.000000e+00 -6.596149e-15
   outer loop
     vertex  2.807508e+02  3.641857e+02  2.863644e+02
     vertex  2.841561e+02  3.641857e+02  3.942029e+02
     vertex  2.851989e+02  3.641857e+02  3.948582e+02
   endloop
 endfacet
 facet normal -3.583165e-15  1.000000e+00 -4.044557e-15
   outer loop
     vertex  2.807508e+02  3.641857e+02  2.863644e+02
     vertex  2.851989e+02  3.641857e+02  3.948582e+02
     vertex  2.820140e+02  3.641857e+02  2.852454e+02
   endloop
 endfacet
 facet normal  5.921460e-15  1.000000e+00 -3.720700e-15
   outer loop
     vertex  2.829726e+02  3.641857e+02  2.838566e+02
     vertex  2.860698e+02  3.641857e+02  3.957290e+02
     vertex  2.867250e+02  3.641857e+02  3.967719e+02
   endloop
 endfacet
 facet normal -6.196484e-14  1.000000e+00 -1.841257e-15
   outer loop
     vertex  2.829726e+02  3.641857e+02  2.838566e+02
     vertex  2.820140e+02  3.641857e+02  2.852454e+02
     vertex  2.860698e+02  3.641857e+02  3.957290e+02
   endloop
 endfacet
 facet normal -4.780535e-14  1.000000e+00 -3.121912e-15
   outer loop
     vertex  2.792566e+02  3.641857e+02  2.871486e+02
     vertex  2.829936e+02  3.641857e+02  3.937961e+02
     vertex  2.841561e+02  3.641857e+02  3.942029e+02
   endloop
 endfacet
 facet normal -3.987131e-14  1.000000e+00 -3.485022e-15
   outer loop
     vertex  2.792566e+02  3.641857e+02  2.871486e+02
     vertex  2.841561e+02  3.641857e+02  3.942029e+02
     vertex  2.807508e+02  3.641857e+02  2.863644e+02
   endloop
 endfacet
 facet normal  1.078073e-14  1.000000e+00 -3.772339e-15
   outer loop
     vertex  2.835710e+02  3.641857e+02  2.822787e+02
     vertex  2.867250e+02  3.641857e+02  3.967719e+02
     vertex  2.871318e+02  3.641857e+02  3.979344e+02
   endloop
 endfacet
 facet normal -8.543186e-15  1.000000e+00 -3.240003e-15
   outer loop
     vertex  2.835710e+02  3.641857e+02  2.822787e+02
     vertex  2.829726e+02  3.641857e+02  2.838566e+02
     vertex  2.867250e+02  3.641857e+02  3.967719e+02
   endloop
 endfacet
 facet normal  5.456601e-16  1.000000e+00 -4.842867e-15
   outer loop
     vertex  2.776181e+02  3.641857e+02  2.875525e+02
     vertex  2.817697e+02  3.641857e+02  3.936582e+02
     vertex  2.829936e+02  3.641857e+02  3.937961e+02
   endloop
 endfacet
 facet normal -1.172236e-15  1.000000e+00 -4.755949e-15
   outer loop
     vertex  2.776181e+02  3.641857e+02  2.875525e+02
     vertex  2.829936e+02  3.641857e+02  3.937961e+02
     vertex  2.792566e+02  3.641857e+02  2.871486e+02
   endloop
 endfacet
 facet normal -2.260307e-14  1.000000e+00 -2.744510e-15
   outer loop
     vertex  2.837744e+02  3.641857e+02  2.806035e+02
     vertex  2.835710e+02  3.641857e+02  2.822787e+02
     vertex  2.871318e+02  3.641857e+02  3.979344e+02
   endloop
 endfacet
 facet normal -5.399068e-16  1.000000e+00 -4.791806e-15
   outer loop
     vertex  2.759306e+02  3.641857e+02  2.875525e+02
     vertex  2.805458e+02  3.641857e+02  3.937961e+02
     vertex  2.817697e+02  3.641857e+02  3.936582e+02
   endloop
 endfacet
 facet normal  0.000000e+00  1.000000e+00 -4.821517e-15
   outer loop
     vertex  2.759306e+02  3.641857e+02  2.875525e+02
     vertex  2.817697e+02  3.641857e+02  3.936582e+02
     vertex  2.776181e+02  3.641857e+02  2.875525e+02
   endloop
 endfacet
 facet normal  1.199700e-15  1.000000e+00 -4.867374e-15
   outer loop
     vertex  2.742922e+02  3.641857e+02  2.871486e+02
     vertex  2.805458e+02  3.641857e+02  3.937961e+02
     vertex  2.759306e+02  3.641857e+02  2.875525e+02
   endloop
 endfacet
 facet normal -1.644802e-15  1.000000e+00 -4.700575e-15
   outer loop
     vertex  2.742922e+02  3.641857e+02  2.871486e+02
     vertex  2.793834e+02  3.641857e+02  3.942029e+02
     vertex  2.805458e+02  3.641857e+02  3.937961e+02
   endloop
 endfacet
 facet normal -2.915593e-15  1.000000e+00 -4.640140e-15
   outer loop
     vertex  2.742922e+02  3.641857e+02  2.871486e+02
     vertex  2.783405e+02  3.641857e+02  3.948582e+02
     vertex  2.793834e+02  3.641857e+02  3.942029e+02
   endloop
 endfacet
 facet normal -4.486208e-15  1.000000e+00 -4.486208e-15
   outer loop
     vertex  2.727979e+02  3.641857e+02  2.863644e+02
     vertex  2.774696e+02  3.641857e+02  3.957290e+02
     vertex  2.783405e+02  3.641857e+02  3.948582e+02
   endloop
 endfacet
 facet normal  2.543013e-15  1.000000e+00 -4.845307e-15
   outer loop
     vertex  2.727979e+02  3.641857e+02  2.863644e+02
     vertex  2.783405e+02  3.641857e+02  3.948582e+02
     vertex  2.742922e+02  3.641857e+02  2.871486e+02
   endloop
 endfacet
 facet normal -4.246515e-14  1.000000e+00 -2.863869e-15
   outer loop
     vertex  2.715348e+02  3.641857e+02  2.852454e+02
     vertex  2.774696e+02  3.641857e+02  3.957290e+02
     vertex  2.727979e+02  3.641857e+02  2.863644e+02
   endloop
 endfacet
 facet normal -7.543284e-15  1.000000e+00 -4.739760e-15
   outer loop
     vertex  2.715348e+02  3.641857e+02  2.852454e+02
     vertex  2.768144e+02  3.641857e+02  3.967719e+02
     vertex  2.774696e+02  3.641857e+02  3.957290e+02
   endloop
 endfacet
 facet normal  7.927773e-15  1.000000e+00 -5.472147e-15
   outer loop
     vertex  2.705762e+02  3.641857e+02  2.838566e+02
     vertex  2.768144e+02  3.641857e+02  3.967719e+02
     vertex  2.715348e+02  3.641857e+02  2.852454e+02
   endloop
 endfacet
 facet normal -1.242507e-14  1.000000e+00 -4.347721e-15
   outer loop
     vertex  2.705762e+02  3.641857e+02  2.838566e+02
     vertex  2.764076e+02  3.641857e+02  3.979344e+02
     vertex  2.768144e+02  3.641857e+02  3.967719e+02
   endloop
 endfacet
 facet normal -3.052326e-13  1.000000e+00  1.205436e-14
   outer loop
     vertex  2.699778e+02  3.641857e+02  2.822787e+02
     vertex  2.762697e+02  3.641857e+02  3.991582e+02
     vertex  2.764076e+02  3.641857e+02  3.979344e+02
   endloop
 endfacet
 facet normal  1.518554e-14  1.000000e+00 -5.759117e-15
   outer loop
     vertex  2.699778e+02  3.641857e+02  2.822787e+02
     vertex  2.764076e+02  3.641857e+02  3.979344e+02
     vertex  2.705762e+02  3.641857e+02  2.838566e+02
   endloop
 endfacet
 facet normal -4.229909e-15  1.000000e+00 -4.774580e-15
   outer loop
     vertex  2.807508e+02  3.641857e+02  2.413644e+02
     vertex  2.820140e+02  3.641857e+02  2.759616e+02
     vertex  2.820140e+02  3.641857e+02  2.402454e+02
   endloop
 endfacet
 facet normal  4.512683e-15  1.000000e+00 -5.093766e-15
   outer loop
     vertex  2.807508e+02  3.641857e+02  2.413644e+02
     vertex  2.807508e+02  3.641857e+02  2.748426e+02
     vertex  2.820140e+02  3.641857e+02  2.759616e+02
   endloop
 endfacet
 facet normal -6.917174e-15  1.000000e+00 -4.774580e-15
   outer loop
     vertex  2.829726e+02  3.641857e+02  2.388566e+02
     vertex  2.820140e+02  3.641857e+02  2.402454e+02
     vertex  2.820140e+02  3.641857e+02  2.759616e+02
   endloop
 endfacet
 facet normal  6.418053e-15  1.000000e+00 -4.430062e-15
   outer loop
     vertex  2.829726e+02  3.641857e+02  2.388566e+02
     vertex  2.820140e+02  3.641857e+02  2.759616e+02
     vertex  2.829726e+02  3.641857e+02  2.773504e+02
   endloop
 endfacet
 facet normal -2.673415e-15  1.000000e+00 -5.093766e-15
   outer loop
     vertex  2.792566e+02  3.641857e+02  2.421486e+02
     vertex  2.807508e+02  3.641857e+02  2.748426e+02
     vertex  2.807508e+02  3.641857e+02  2.413644e+02
   endloop
 endfacet
 facet normal -3.617235e-14  1.000000e+00 -3.562759e-15
   outer loop
     vertex  2.792566e+02  3.641857e+02  2.421486e+02
     vertex  2.792566e+02  3.641857e+02  2.740584e+02
     vertex  2.807508e+02  3.641857e+02  2.748426e+02
   endloop
 endfacet
 facet normal -1.168111e-14  1.000000e+00 -4.430062e-15
   outer loop
     vertex  2.835710e+02  3.641857e+02  2.372787e+02
     vertex  2.829726e+02  3.641857e+02  2.388566e+02
     vertex  2.829726e+02  3.641857e+02  2.773504e+02
   endloop
 endfacet
 facet normal -8.059751e-14  1.000000e+00 -5.459207e-15
   outer loop
     vertex  2.835710e+02  3.641857e+02  2.372787e+02
     vertex  2.829726e+02  3.641857e+02  2.773504e+02
     vertex  2.835710e+02  3.641857e+02  2.789283e+02
   endloop
 endfacet
 facet normal -8.781413e-16  1.000000e+00 -3.562759e-15
   outer loop
     vertex  2.776181e+02  3.641857e+02  2.425525e+02
     vertex  2.792566e+02  3.641857e+02  2.740584e+02
     vertex  2.792566e+02  3.641857e+02  2.421486e+02
   endloop
 endfacet
 facet normal -3.424236e-14  1.000000e+00 -1.827641e-15
   outer loop
     vertex  2.776181e+02  3.641857e+02  2.425525e+02
     vertex  2.776181e+02  3.641857e+02  2.736545e+02
     vertex  2.792566e+02  3.641857e+02  2.740584e+02
   endloop
 endfacet
 facet normal -3.244168e-13  1.000000e+00 -5.459207e-15
   outer loop
     vertex  2.837744e+02  3.641857e+02  2.356035e+02
     vertex  2.835710e+02  3.641857e+02  2.372787e+02
     vertex  2.835710e+02  3.641857e+02  2.789283e+02
   endloop
 endfacet
 facet normal  3.120984e-14  1.000000e+00 -3.789561e-15
   outer loop
     vertex  2.837744e+02  3.641857e+02  2.356035e+02
     vertex  2.835710e+02  3.641857e+02  2.789283e+02
     vertex  2.837744e+02  3.641857e+02  2.806035e+02
   endloop
 endfacet
 facet normal -3.368472e-14  1.000000e+00 -1.827641e-15
   outer loop
     vertex  2.759306e+02  3.641857e+02  2.425525e+02
     vertex  2.776181e+02  3.641857e+02  2.736545e+02
     vertex  2.776181e+02  3.641857e+02  2.425525e+02
   endloop
 endfacet
 facet normal  0.000000e+00  1.000000e+00 -3.655281e-15
   outer loop
     vertex  2.759306e+02  3.641857e+02  2.425525e+02
     vertex  2.759306e+02  3.641857e+02  2.736545e+02
     vertex  2.776181e+02  3.641857e+02  2.736545e+02
   endloop
 endfacet
 facet normal  9.009459e-16  1.000000e+00 -3.655281e-15
   outer loop
     vertex  2.742922e+02  3.641857e+02  2.421486e+02
     vertex  2.759306e+02  3.641857e+02  2.736545e+02
     vertex  2.759306e+02  3.641857e+02  2.425525e+02
   endloop
 endfacet
 facet normal -8.781413e-16  1.000000e+00 -3.562759e-15
   outer loop
     vertex  2.742922e+02  3.641857e+02  2.421486e+02
     vertex  2.742922e+02  3.641857e+02  2.740584e+02
     vertex  2.759306e+02  3.641857e+02  2.736545e+02
   endloop
 endfacet
 facet normal  1.869880e-15  1.000000e+00 -3.562759e-15
   outer loop
     vertex  2.727979e+02  3.641857e+02  2.413644e+02
     vertex  2.742922e+02  3.641857e+02  2.740584e+02
     vertex  2.742922e+02  3.641857e+02  2.421486e+02
   endloop
 endfacet
 facet normal -3.008455e-15  1.000000e+00 -3.395844e-15
   outer loop
     vertex  2.727979e+02  3.641857e+02  2.413644e+02
     vertex  2.715348e+02  3.641857e+02  2.759616e+02
     vertex  2.727979e+02  3.641857e+02  2.748426e+02
   endloop
 endfacet
 facet normal -1.782277e-15  1.000000e+00 -3.395844e-15
   outer loop
     vertex  2.727979e+02  3.641857e+02  2.413644e+02
     vertex  2.727979e+02  3.641857e+02  2.748426e+02
     vertex  2.742922e+02  3.641857e+02  2.740584e+02
   endloop
 endfacet
 facet normal  2.819939e-15  1.000000e+00 -3.183053e-15
   outer loop
     vertex  2.715348e+02  3.641857e+02  2.402454e+02
     vertex  2.715348e+02  3.641857e+02  2.759616e+02
     vertex  2.727979e+02  3.641857e+02  2.413644e+02
   endloop
 endfacet
 facet normal -4.611449e-15  1.000000e+00 -3.183053e-15
   outer loop
     vertex  2.715348e+02  3.641857e+02  2.402454e+02
     vertex  2.705762e+02  3.641857e+02  2.773504e+02
     vertex  2.715348e+02  3.641857e+02  2.759616e+02
   endloop
 endfacet
 facet normal  4.278702e-15  1.000000e+00 -2.953375e-15
   outer loop
     vertex  2.705762e+02  3.641857e+02  2.388566e+02
     vertex  2.705762e+02  3.641857e+02  2.773504e+02
     vertex  2.715348e+02  3.641857e+02  2.402454e+02
   endloop
 endfacet
 facet normal -1.821971e-13  1.000000e+00 -2.953375e-15
   outer loop
     vertex  2.699778e+02  3.641857e+02  2.372787e+02
     vertex  2.705762e+02  3.641857e+02  2.773504e+02
     vertex  2.705762e+02  3.641857e+02  2.388566e+02
   endloop
 endfacet
 facet normal -1.439475e-14  1.000000e+00 -5.459207e-15
   outer loop
     vertex  2.699778e+02  3.641857e+02  2.372787e+02
     vertex  2.699778e+02  3.641857e+02  2.789283e+02
     vertex  2.705762e+02  3.641857e+02  2.773504e+02
   endloop
 endfacet
 facet normal -3.120984e-14  1.000000e+00 -3.789561e-15
   outer loop
     vertex  2.697744e+02  3.641857e+02  2.356035e+02
     vertex  2.697744e+02  3.641857e+02  2.806035e+02
     vertex  2.699778e+02  3.641857e+02  2.789283e+02
   endloop
 endfacet
 facet normal  3.244168e-13  1.000000e+00 -5.459207e-15
   outer loop
     vertex  2.697744e+02  3.641857e+02  2.356035e+02
     vertex  2.699778e+02  3.641857e+02  2.789283e+02
     vertex  2.699778e+02  3.641857e+02  2.372787e+02
   endloop
 endfacet
 facet normal -9.770804e-15  1.000000e+00 -3.789561e-15
   outer loop
     vertex  2.992719e+02  3.641857e+02  1.506455e+02
     vertex  2.837744e+02  3.641857e+02  2.356035e+02
     vertex  2.837744e+02  3.641857e+02  2.806035e+02
   endloop
 endfacet
 facet normal -3.230313e-14  1.000000e+00 -9.695390e-15
   outer loop
     vertex  2.992719e+02  3.641857e+02  1.506455e+02
     vertex  2.776181e+02  3.641857e+02  2.286545e+02
     vertex  2.792566e+02  3.641857e+02  2.290584e+02
   endloop
 endfacet
 facet normal  6.710409e-16  1.000000e+00 -1.278562e-15
   outer loop
     vertex  2.992719e+02  3.641857e+02  1.506455e+02
     vertex  2.792566e+02  3.641857e+02  2.290584e+02
     vertex  2.807508e+02  3.641857e+02  2.298426e+02
   endloop
 endfacet
 facet normal -3.622533e-14  1.000000e+00 -9.907167e-15
   outer loop
     vertex  2.992719e+02  3.641857e+02  1.506455e+02
     vertex  2.807508e+02  3.641857e+02  2.298426e+02
     vertex  2.820140e+02  3.641857e+02  2.309616e+02
   endloop
 endfacet
 facet normal  2.345793e-15  1.000000e+00 -1.619184e-15
   outer loop
     vertex  2.992719e+02  3.641857e+02  1.506455e+02
     vertex  2.820140e+02  3.641857e+02  2.309616e+02
     vertex  2.829726e+02  3.641857e+02  2.323504e+02
   endloop
 endfacet
 facet normal  3.606362e-15  1.000000e+00 -1.367713e-15
   outer loop
     vertex  2.992719e+02  3.641857e+02  1.506455e+02
     vertex  2.829726e+02  3.641857e+02  2.323504e+02
     vertex  2.835710e+02  3.641857e+02  2.339283e+02
   endloop
 endfacet
 facet normal  6.606291e-15  1.000000e+00 -8.021490e-16
   outer loop
     vertex  2.992719e+02  3.641857e+02  1.506455e+02
     vertex  2.835710e+02  3.641857e+02  2.339283e+02
     vertex  2.837744e+02  3.641857e+02  2.356035e+02
   endloop
 endfacet
 facet normal -1.437013e-14  1.000000e+00 -1.744850e-15
   outer loop
     vertex  2.642675e+02  3.641857e+02  1.506455e+02
     vertex  2.697744e+02  3.641857e+02  2.356035e+02
     vertex  2.699778e+02  3.641857e+02  2.339283e+02
   endloop
 endfacet
 facet normal -6.096577e-15  1.000000e+00 -2.312127e-15
   outer loop
     vertex  2.642675e+02  3.641857e+02  1.506455e+02
     vertex  2.699778e+02  3.641857e+02  2.339283e+02
     vertex  2.705762e+02  3.641857e+02  2.323504e+02
   endloop
 endfacet
 facet normal -3.626053e-15  1.000000e+00 -2.502883e-15
   outer loop
     vertex  2.642675e+02  3.641857e+02  1.506455e+02
     vertex  2.705762e+02  3.641857e+02  2.323504e+02
     vertex  2.715348e+02  3.641857e+02  2.309616e+02
   endloop
 endfacet
 facet normal -2.321904e-15  1.000000e+00 -2.620888e-15
   outer loop
     vertex  2.642675e+02  3.641857e+02  1.506455e+02
     vertex  2.715348e+02  3.641857e+02  2.309616e+02
     vertex  2.727979e+02  3.641857e+02  2.298426e+02
   endloop
 endfacet
 facet normal -3.743290e-14  1.000000e+00  1.160966e-15
   outer loop
     vertex  2.642675e+02  3.641857e+02  1.506455e+02
     vertex  2.727979e+02  3.641857e+02  2.298426e+02
     vertex  2.742922e+02  3.641857e+02  2.290584e+02
   endloop
 endfacet
 facet normal -8.660973e-16  1.000000e+00 -3.513895e-15
   outer loop
     vertex  2.642675e+02  3.641857e+02  1.506455e+02
     vertex  2.742922e+02  3.641857e+02  2.290584e+02
     vertex  2.759306e+02  3.641857e+02  2.286545e+02
   endloop
 endfacet
 facet normal  0.000000e+00  1.000000e+00 -3.643385e-15
   outer loop
     vertex  2.642675e+02  3.641857e+02  1.506455e+02
     vertex  2.759306e+02  3.641857e+02  2.286545e+02
     vertex  2.776181e+02  3.641857e+02  2.286545e+02
   endloop
 endfacet
 facet normal -6.495569e-15  1.000000e+00 -2.531719e-15
   outer loop
     vertex  2.642675e+02  3.641857e+02  1.506455e+02
     vertex  2.776181e+02  3.641857e+02  2.286545e+02
     vertex  2.992719e+02  3.641857e+02  1.506455e+02
   endloop
 endfacet
 facet normal  4.774942e-15  1.000000e+00 -3.299147e-15
   outer loop
     vertex  2.642675e+02  3.641857e+02  7.881455e+02
     vertex  2.697119e+02  3.641857e+02  6.581874e+02
     vertex  2.642675e+02  3.641857e+02  1.506455e+02
   endloop
 endfacet
 facet normal -2.457777e-14  1.000000e+00 -2.984282e-15
   outer loop
     vertex  2.697119e+02  3.641857e+02  6.581874e+02
     vertex  2.699153e+02  3.641857e+02  6.565122e+02
     vertex  2.642675e+02  3.641857e+02  1.506455e+02
   endloop
 endfacet
 facet normal  6.308755e-15  1.000000e+00 -3.329117e-15
   outer loop
     vertex  2.699153e+02  3.641857e+02  6.565122e+02
     vertex  2.697744e+02  3.641857e+02  2.806035e+02
     vertex  2.642675e+02  3.641857e+02  1.506455e+02
   endloop
 endfacet
 facet normal  1.717486e-14  1.000000e+00 -3.789561e-15
   outer loop
     vertex  2.697744e+02  3.641857e+02  2.806035e+02
     vertex  2.697744e+02  3.641857e+02  2.356035e+02
     vertex  2.642675e+02  3.641857e+02  1.506455e+02
   endloop
 endfacet
 facet normal  2.247597e-14  1.000000e+00 -2.557591e-15
   outer loop
     vertex  2.642675e+02  3.641857e+02  7.881455e+02
     vertex  2.697744e+02  3.641857e+02  7.031874e+02
     vertex  2.697119e+02  3.641857e+02  6.581874e+02
   endloop
 endfacet
 facet normal  2.748311e-14  1.000000e+00 -3.337054e-15
   outer loop
     vertex  2.699153e+02  3.641857e+02  6.565122e+02
     vertex  2.699778e+02  3.641857e+02  2.822787e+02
     vertex  2.697744e+02  3.641857e+02  2.806035e+02
   endloop
 endfacet
 facet normal -1.917487e-14  1.000000e+00 -3.344847e-15
   outer loop
     vertex  2.699153e+02  3.641857e+02  6.565122e+02
     vertex  2.762697e+02  3.641857e+02  3.991582e+02
     vertex  2.699778e+02  3.641857e+02  2.822787e+02
   endloop
 endfacet
 facet normal -4.003511e-13  1.000000e+00 -1.275661e-14
   outer loop
     vertex  2.699153e+02  3.641857e+02  6.565122e+02
     vertex  2.762697e+02  3.641857e+02  4.036142e+02
     vertex  2.762697e+02  3.641857e+02  3.991582e+02
   endloop
 endfacet
 facet normal  1.840496e-14  1.000000e+00 -2.234767e-15
   outer loop
     vertex  2.699153e+02  3.641857e+02  6.565122e+02
     vertex  2.764295e+02  3.641857e+02  4.049305e+02
     vertex  2.762697e+02  3.641857e+02  4.036142e+02
   endloop
 endfacet
 facet normal -3.164730e-14  1.000000e+00 -3.530777e-15
   outer loop
     vertex  2.699153e+02  3.641857e+02  6.565122e+02
     vertex  2.762697e+02  3.641857e+02  5.351582e+02
     vertex  2.764295e+02  3.641857e+02  4.049305e+02
   endloop
 endfacet
 facet normal -3.133309e-14  1.000000e+00 -3.530392e-15
   outer loop
     vertex  2.762697e+02  3.641857e+02  5.351582e+02
     vertex  2.764076e+02  3.641857e+02  5.339344e+02
     vertex  2.764295e+02  3.641857e+02  4.049305e+02
   endloop
 endfacet
 facet normal  3.578198e-14  1.000000e+00  0.000000e+00
   outer loop
     vertex  2.699153e+02  3.641857e+02  6.565122e+02
     vertex  2.762697e+02  3.641857e+02  5.396142e+02
     vertex  2.762697e+02  3.641857e+02  5.351582e+02
   endloop
 endfacet
 facet normal -1.219749e-14  1.000000e+00 -3.299147e-15
   outer loop
     vertex  2.992719e+02  3.641857e+02  1.506455e+02
     vertex  2.872697e+02  3.641857e+02  5.396142e+02
     vertex  2.992719e+02  3.641857e+02  7.881455e+02
   endloop
 endfacet
 facet normal  4.860189e-13  1.000000e+00 -2.735930e-14
   outer loop
     vertex  2.872697e+02  3.641857e+02  5.396142e+02
     vertex  2.871099e+02  3.641857e+02  5.409305e+02
     vertex  2.992719e+02  3.641857e+02  7.881455e+02
   endloop
 endfacet
 facet normal -6.912263e-15  1.000000e+00 -3.108970e-15
   outer loop
     vertex  2.871099e+02  3.641857e+02  5.409305e+02
     vertex  2.837119e+02  3.641857e+02  6.581874e+02
     vertex  2.992719e+02  3.641857e+02  7.881455e+02
   endloop
 endfacet
 facet normal -1.191636e-14  1.000000e+00 -2.509824e-15
   outer loop
     vertex  2.837119e+02  3.641857e+02  6.581874e+02
     vertex  2.837744e+02  3.641857e+02  7.031874e+02
     vertex  2.992719e+02  3.641857e+02  7.881455e+02
   endloop
 endfacet
 facet normal  5.081388e-13  1.000000e+00  1.275661e-14
   outer loop
     vertex  2.992719e+02  3.641857e+02  1.506455e+02
     vertex  2.872697e+02  3.641857e+02  5.351582e+02
     vertex  2.872697e+02  3.641857e+02  5.396142e+02
   endloop
 endfacet
 facet normal  2.157581e-14  1.000000e+00 -2.431010e-15
   outer loop
     vertex  2.992719e+02  3.641857e+02  1.506455e+02
     vertex  2.871318e+02  3.641857e+02  5.339344e+02
     vertex  2.872697e+02  3.641857e+02  5.351582e+02
   endloop
 endfacet
 facet normal -2.649827e-14  1.000000e+00 -3.953685e-15
   outer loop
     vertex  2.992719e+02  3.641857e+02  1.506455e+02
     vertex  2.872697e+02  3.641857e+02  4.036142e+02
     vertex  2.871318e+02  3.641857e+02  5.339344e+02
   endloop
 endfacet
 facet normal  3.261834e-13  1.000000e+00 -3.580500e-15
   outer loop
     vertex  2.872697e+02  3.641857e+02  4.036142e+02
     vertex  2.871099e+02  3.641857e+02  4.049305e+02
     vertex  2.871318e+02  3.641857e+02  5.339344e+02
   endloop
 endfacet
 facet normal  1.933934e-14  1.000000e+00 -2.348221e-15
   outer loop
     vertex  2.871099e+02  3.641857e+02  5.409305e+02
     vertex  2.835085e+02  3.641857e+02  6.565122e+02
     vertex  2.837119e+02  3.641857e+02  6.581874e+02
   endloop
 endfacet
 facet normal  3.257019e-13  1.000000e+00  1.275661e-14
   outer loop
     vertex  2.992719e+02  3.641857e+02  1.506455e+02
     vertex  2.872697e+02  3.641857e+02  3.991582e+02
     vertex  2.872697e+02  3.641857e+02  4.036142e+02
   endloop
 endfacet
 facet normal  1.847278e-14  1.000000e+00 -2.081383e-15
   outer loop
     vertex  2.992719e+02  3.641857e+02  1.506455e+02
     vertex  2.871318e+02  3.641857e+02  3.979344e+02
     vertex  2.872697e+02  3.641857e+02  3.991582e+02
   endloop
 endfacet
 facet normal -5.186531e-15  1.000000e+00 -3.242885e-15
   outer loop
     vertex  2.992719e+02  3.641857e+02  1.506455e+02
     vertex  2.837744e+02  3.641857e+02  2.806035e+02
     vertex  2.871318e+02  3.641857e+02  3.979344e+02
   endloop
 endfacet
 facet normal  0.000000e+00  0.000000e+00 -1.000000e+00
   outer loop
     vertex  2.642675e+02  3.611857e+02  1.506455e+02
     vertex  2.642675e+02  3.641857e+02  1.506455e+02
     vertex  2.992719e+02  3.641857e+02  1.506455e+02
   endloop
 endfacet
 facet normal  0.000000e+00  0.000000e+00 -1.000000e+00
   outer loop
     vertex  2.642675e+02  3.611857e+02  1.506455e+02
     vertex  2.992719e+02  3.641857e+02  1.506455e+02
     vertex  2.992719e+02  3.611857e+02  1.506455e+02
   endloop
 endfacet
 facet normal  0.000000e+00  0.000000e+00  1.000000e+00
   outer loop
     vertex  2.642675e+02  3.611857e+02  7.881455e+02
     vertex  2.992719e+02  3.611857e+02  7.881455e+02
     vertex  2.992719e+02  3.641857e+02  7.881455e+02
   endloop
 endfacet
 facet normal  0.000000e+00 -0.000000e+00  1.000000e+00
   outer loop
     vertex  2.642675e+02  3.611857e+02  7.881455e+02
     vertex  2.992719e+02  3.641857e+02  7.881455e+02
     vertex  2.642675e+02  3.641857e+02  7.881455e+02
   endloop
 endfacet
 facet normal  4.149270e-14 -1.000000e+00 -3.961538e-15
   outer loop
     vertex  2.807508e+02  3.611857e+02  7.089483e+02
     vertex  2.820140e+02  3.611857e+02  7.078293e+02
     vertex  2.992719e+02  3.611857e+02  7.881455e+02
   endloop
 endfacet
 facet normal  5.473516e-15 -1.000000e+00  3.778095e-15
   outer loop
     vertex  2.829726e+02  3.611857e+02  7.064405e+02
     vertex  2.992719e+02  3.611857e+02  7.881455e+02
     vertex  2.820140e+02  3.611857e+02  7.078293e+02
   endloop
 endfacet
 facet normal  2.684164e-15 -1.000000e+00  5.114246e-15
   outer loop
     vertex  2.792566e+02  3.611857e+02  7.097325e+02
     vertex  2.807508e+02  3.611857e+02  7.089483e+02
     vertex  2.992719e+02  3.611857e+02  7.881455e+02
   endloop
 endfacet
 facet normal  8.414844e-15 -1.000000e+00  3.191329e-15
   outer loop
     vertex  2.835710e+02  3.611857e+02  7.048626e+02
     vertex  2.992719e+02  3.611857e+02  7.881455e+02
     vertex  2.829726e+02  3.611857e+02  7.064405e+02
   endloop
 endfacet
 facet normal  6.495569e-15 -1.000000e+00  4.026374e-15
   outer loop
     vertex  2.776181e+02  3.611857e+02  7.101364e+02
     vertex  2.992719e+02  3.611857e+02  7.881455e+02
     vertex  2.642675e+02  3.611857e+02  7.881455e+02
   endloop
 endfacet
 facet normal  1.344813e-15 -1.000000e+00  5.456122e-15
   outer loop
     vertex  2.776181e+02  3.611857e+02  7.101364e+02
     vertex  2.792566e+02  3.611857e+02  7.097325e+02
     vertex  2.992719e+02  3.611857e+02  7.881455e+02
   endloop
 endfacet
 facet normal  1.541468e-14 -1.000000e+00  1.871681e-15
   outer loop
     vertex  2.837744e+02  3.611857e+02  7.031874e+02
     vertex  2.992719e+02  3.611857e+02  7.881455e+02
     vertex  2.835710e+02  3.611857e+02  7.048626e+02
   endloop
 endfacet
 facet normal  0.000000e+00 -1.000000e+00  2.914708e-15
   outer loop
     vertex  2.759306e+02  3.611857e+02  7.101364e+02
     vertex  2.776181e+02  3.611857e+02  7.101364e+02
     vertex  2.642675e+02  3.611857e+02  7.881455e+02
   endloop
 endfacet
 facet normal  3.276693e-14 -1.000000e+00  7.813689e-15
   outer loop
     vertex  2.742922e+02  3.611857e+02  7.097325e+02
     vertex  2.759306e+02  3.611857e+02  7.101364e+02
     vertex  2.642675e+02  3.611857e+02  7.881455e+02
   endloop
 endfacet
 facet normal -1.782730e-15 -1.000000e+00  3.396709e-15
   outer loop
     vertex  2.727979e+02  3.611857e+02  7.089483e+02
     vertex  2.742922e+02  3.611857e+02  7.097325e+02
     vertex  2.642675e+02  3.611857e+02  7.881455e+02
   endloop
 endfacet
 facet normal -4.398448e-14 -1.000000e+00 -1.148900e-15
   outer loop
     vertex  2.715348e+02  3.611857e+02  7.078293e+02
     vertex  2.727979e+02  3.611857e+02  7.089483e+02
     vertex  2.642675e+02  3.611857e+02  7.881455e+02
   endloop
 endfacet
 facet normal  4.879896e-14 -1.000000e+00  7.246497e-15
   outer loop
     vertex  2.705762e+02  3.611857e+02  7.064405e+02
     vertex  2.715348e+02  3.611857e+02  7.078293e+02
     vertex  2.642675e+02  3.611857e+02  7.881455e+02
   endloop
 endfacet
 facet normal -7.620721e-15 -1.000000e+00  2.890158e-15
   outer loop
     vertex  2.699778e+02  3.611857e+02  7.048626e+02
     vertex  2.705762e+02  3.611857e+02  7.064405e+02
     vertex  2.642675e+02  3.611857e+02  7.881455e+02
   endloop
 endfacet
 facet normal  1.606396e-13 -1.000000e+00  1.442694e-14
   outer loop
     vertex  2.697744e+02  3.611857e+02  7.031874e+02
     vertex  2.699778e+02  3.611857e+02  7.048626e+02
     vertex  2.642675e+02  3.611857e+02  7.881455e+02
   endloop
 endfacet
 facet normal  4.083572e-14 -1.000000e+00  4.703122e-15
   outer loop
     vertex  2.819515e+02  3.611857e+02  6.628293e+02
     vertex  2.820140e+02  3.611857e+02  6.985456e+02
     vertex  2.807508e+02  3.611857e+02  6.974265e+02
   endloop
 endfacet
 facet normal  3.003488e-15 -1.000000e+00  3.390237e-15
   outer loop
     vertex  2.806883e+02  3.611857e+02  6.639483e+02
     vertex  2.819515e+02  3.611857e+02  6.628293e+02
     vertex  2.807508e+02  3.611857e+02  6.974265e+02
   endloop
 endfacet
 facet normal  3.629551e-14 -1.000000e+00  3.328085e-15
   outer loop
     vertex  2.806883e+02  3.611857e+02  6.639483e+02
     vertex  2.807508e+02  3.611857e+02  6.974265e+02
     vertex  2.792566e+02  3.611857e+02  6.966423e+02
   endloop
 endfacet
 facet normal -6.433185e-15 -1.000000e+00  4.440507e-15
   outer loop
     vertex  2.829101e+02  3.611857e+02  6.614405e+02
     vertex  2.829726e+02  3.611857e+02  6.999344e+02
     vertex  2.820140e+02  3.611857e+02  6.985456e+02
   endloop
 endfacet
 facet normal  6.899682e-15 -1.000000e+00  4.762506e-15
   outer loop
     vertex  2.829101e+02  3.611857e+02  6.614405e+02
     vertex  2.820140e+02  3.611857e+02  6.985456e+02
     vertex  2.819515e+02  3.611857e+02  6.628293e+02
   endloop
 endfacet
 facet normal  3.987112e-14 -1.000000e+00  3.484666e-15
   outer loop
     vertex  2.791941e+02  3.611857e+02  6.647325e+02
     vertex  2.806883e+02  3.611857e+02  6.639483e+02
     vertex  2.792566e+02  3.611857e+02  6.966423e+02
   endloop
 endfacet
 facet normal -8.785654e-16 -1.000000e+00  3.564480e-15
   outer loop
     vertex  2.791941e+02  3.611857e+02  6.647325e+02
     vertex  2.792566e+02  3.611857e+02  6.966423e+02
     vertex  2.776181e+02  3.611857e+02  6.962385e+02
   endloop
 endfacet
 facet normal  1.163132e-14 -1.000000e+00  4.411177e-15
   outer loop
     vertex  2.835085e+02  3.611857e+02  6.598626e+02
     vertex  2.829726e+02  3.611857e+02  6.999344e+02
     vertex  2.829101e+02  3.611857e+02  6.614405e+02
   endloop
 endfacet
 facet normal -1.083895e-14 -1.000000e+00  4.110670e-15
   outer loop
     vertex  2.835085e+02  3.611857e+02  6.598626e+02
     vertex  2.835710e+02  3.611857e+02  7.015122e+02
     vertex  2.829726e+02  3.611857e+02  6.999344e+02
   endloop
 endfacet
 facet normal  9.004999e-16 -1.000000e+00  3.653472e-15
   outer loop
     vertex  2.775556e+02  3.611857e+02  6.651364e+02
     vertex  2.791941e+02  3.611857e+02  6.647325e+02
     vertex  2.776181e+02  3.611857e+02  6.962385e+02
   endloop
 endfacet
 facet normal  0.000000e+00 -1.000000e+00  3.655281e-15
   outer loop
     vertex  2.775556e+02  3.611857e+02  6.651364e+02
     vertex  2.776181e+02  3.611857e+02  6.962385e+02
     vertex  2.759306e+02  3.611857e+02  6.962385e+02
   endloop
 endfacet
 facet normal -2.104731e-14 -1.000000e+00  2.555607e-15
   outer loop
     vertex  2.837119e+02  3.611857e+02  6.581874e+02
     vertex  2.837744e+02  3.611857e+02  7.031874e+02
     vertex  2.835710e+02  3.611857e+02  7.015122e+02
   endloop
 endfacet
 facet normal  3.093534e-13 -1.000000e+00  3.630185e-15
   outer loop
     vertex  2.837119e+02  3.611857e+02  6.581874e+02
     vertex  2.835710e+02  3.611857e+02  7.015122e+02
     vertex  2.835085e+02  3.611857e+02  6.598626e+02
   endloop
 endfacet
 facet normal  0.000000e+00 -1.000000e+00  3.655281e-15
   outer loop
     vertex  2.758681e+02  3.611857e+02  6.651364e+02
     vertex  2.775556e+02  3.611857e+02  6.651364e+02
     vertex  2.759306e+02  3.611857e+02  6.962385e+02
   endloop
 endfacet
 facet normal  9.004999e-16 -1.000000e+00  3.653472e-15
   outer loop
     vertex  2.758681e+02  3.611857e+02  6.651364e+02
     vertex  2.759306e+02  3.611857e+02  6.962385e+02
     vertex  2.742922e+02  3.611857e+02  6.966423e+02
   endloop
 endfacet
 facet normal -8.785654e-16 -1.000000e+00  3.564480e-15
   outer loop
     vertex  2.742297e+02  3.611857e+02  6.647325e+02
     vertex  2.758681e+02  3.611857e+02  6.651364e+02
     vertex  2.742922e+02  3.611857e+02  6.966423e+02
   endloop
 endfacet
 facet normal  3.987112e-14 -1.000000e+00  3.484666e-15
   outer loop
     vertex  2.742297e+02  3.611857e+02  6.647325e+02
     vertex  2.742922e+02  3.611857e+02  6.966423e+02
     vertex  2.727979e+02  3.611857e+02  6.974265e+02
   endloop
 endfacet
 facet normal  1.501744e-15 -1.000000e+00  1.695118e-15
   outer loop
     vertex  2.727354e+02  3.611857e+02  6.639483e+02
     vertex  2.727979e+02  3.611857e+02  6.974265e+02
     vertex  2.715348e+02  3.611857e+02  6.985456e+02
   endloop
 endfacet
 facet normal -8.920123e-16 -1.000000e+00  1.699587e-15
   outer loop
     vertex  2.727354e+02  3.611857e+02  6.639483e+02
     vertex  2.742297e+02  3.611857e+02  6.647325e+02
     vertex  2.727979e+02  3.611857e+02  6.974265e+02
   endloop
 endfacet
 facet normal  4.599788e-15 -1.000000e+00  3.175004e-15
   outer loop
     vertex  2.714723e+02  3.611857e+02  6.628293e+02
     vertex  2.715348e+02  3.611857e+02  6.985456e+02
     vertex  2.705762e+02  3.611857e+02  6.999344e+02
   endloop
 endfacet
 facet normal  4.224788e-14 -1.000000e+00  3.109124e-15
   outer loop
     vertex  2.714723e+02  3.611857e+02  6.628293e+02
     vertex  2.727354e+02  3.611857e+02  6.639483e+02
     vertex  2.715348e+02  3.611857e+02  6.985456e+02
   endloop
 endfacet
 facet normal  7.754212e-15 -1.000000e+00  2.940785e-15
   outer loop
     vertex  2.705137e+02  3.611857e+02  6.614405e+02
     vertex  2.705762e+02  3.611857e+02  6.999344e+02
     vertex  2.699778e+02  3.611857e+02  7.015122e+02
   endloop
 endfacet
 facet normal -4.288790e-15 -1.000000e+00  2.960338e-15
   outer loop
     vertex  2.705137e+02  3.611857e+02  6.614405e+02
     vertex  2.714723e+02  3.611857e+02  6.628293e+02
     vertex  2.705762e+02  3.611857e+02  6.999344e+02
   endloop
 endfacet
 facet normal  8.453067e-14 -1.000000e+00  3.967557e-15
   outer loop
     vertex  2.699153e+02  3.611857e+02  6.598626e+02
     vertex  2.705137e+02  3.611857e+02  6.614405e+02
     vertex  2.699778e+02  3.611857e+02  7.015122e+02
   endloop
 endfacet
 facet normal  3.330881e-14 -1.000000e+00  4.044421e-15
   outer loop
     vertex  2.699153e+02  3.611857e+02  6.598626e+02
     vertex  2.699778e+02  3.611857e+02  7.015122e+02
     vertex  2.697744e+02  3.611857e+02  7.031874e+02
   endloop
 endfacet
 facet normal -3.037370e-13 -1.000000e+00  2.948231e-15
   outer loop
     vertex  2.697119e+02  3.611857e+02  6.581874e+02
     vertex  2.699153e+02  3.611857e+02  6.598626e+02
     vertex  2.697744e+02  3.611857e+02  7.031874e+02
   endloop
 endfacet
 facet normal -4.970151e-15 -1.000000e+00  3.430647e-15
   outer loop
     vertex  2.858865e+02  3.611857e+02  5.432614e+02
     vertex  2.829101e+02  3.611857e+02  6.549344e+02
     vertex  2.819515e+02  3.611857e+02  6.535456e+02
   endloop
 endfacet
 facet normal -5.584457e-14 -1.000000e+00  1.615392e-15
   outer loop
     vertex  2.848941e+02  3.611857e+02  5.441406e+02
     vertex  2.858865e+02  3.611857e+02  5.432614e+02
     vertex  2.819515e+02  3.611857e+02  6.535456e+02
   endloop
 endfacet
 facet normal -2.697511e-15 -1.000000e+00  3.044861e-15
   outer loop
     vertex  2.848941e+02  3.611857e+02  5.441406e+02
     vertex  2.819515e+02  3.611857e+02  6.535456e+02
     vertex  2.806883e+02  3.611857e+02  6.524265e+02
   endloop
 endfacet
 facet normal  5.369401e-15 -1.000000e+00  3.706230e-15
   outer loop
     vertex  2.866397e+02  3.611857e+02  5.421702e+02
     vertex  2.829101e+02  3.611857e+02  6.549344e+02
     vertex  2.858865e+02  3.611857e+02  5.432614e+02
   endloop
 endfacet
 facet normal  7.881452e-14 -1.000000e+00  6.135406e-15
   outer loop
     vertex  2.866397e+02  3.611857e+02  5.421702e+02
     vertex  2.835085e+02  3.611857e+02  6.565122e+02
     vertex  2.829101e+02  3.611857e+02  6.549344e+02
   endloop
 endfacet
 facet normal  1.687451e-15 -1.000000e+00  3.215169e-15
   outer loop
     vertex  2.837200e+02  3.611857e+02  5.447568e+02
     vertex  2.848941e+02  3.611857e+02  5.441406e+02
     vertex  2.806883e+02  3.611857e+02  6.524265e+02
   endloop
 endfacet
 facet normal -1.638302e-15 -1.000000e+00  3.121524e-15
   outer loop
     vertex  2.837200e+02  3.611857e+02  5.447568e+02
     vertex  2.806883e+02  3.611857e+02  6.524265e+02
     vertex  2.791941e+02  3.611857e+02  6.516423e+02
   endloop
 endfacet
 facet normal  1.130285e-14 -1.000000e+00  4.286607e-15
   outer loop
     vertex  2.871099e+02  3.611857e+02  5.409305e+02
     vertex  2.835085e+02  3.611857e+02  6.565122e+02
     vertex  2.866397e+02  3.611857e+02  5.421702e+02
   endloop
 endfacet
 facet normal  7.947802e-16 -1.000000e+00  3.224550e-15
   outer loop
     vertex  2.824327e+02  3.611857e+02  5.450741e+02
     vertex  2.837200e+02  3.611857e+02  5.447568e+02
     vertex  2.791941e+02  3.611857e+02  6.516423e+02
   endloop
 endfacet
 facet normal  6.808684e-14 -1.000000e+00  5.269516e-15
   outer loop
     vertex  2.824327e+02  3.611857e+02  5.450741e+02
     vertex  2.791941e+02  3.611857e+02  6.516423e+02
     vertex  2.775556e+02  3.611857e+02  6.512385e+02
   endloop
 endfacet
 facet normal  0.000000e+00 -1.000000e+00  2.141714e-15
   outer loop
     vertex  2.811068e+02  3.611857e+02  5.450741e+02
     vertex  2.824327e+02  3.611857e+02  5.450741e+02
     vertex  2.775556e+02  3.611857e+02  6.512385e+02
   endloop
 endfacet
 facet normal  0.000000e+00 -1.000000e+00  2.141714e-15
   outer loop
     vertex  2.811068e+02  3.611857e+02  5.450741e+02
     vertex  2.775556e+02  3.611857e+02  6.512385e+02
     vertex  2.758681e+02  3.611857e+02  6.512385e+02
   endloop
 endfacet
 facet normal -5.215420e-16 -1.000000e+00  2.115979e-15
   outer loop
     vertex  2.798194e+02  3.611857e+02  5.447568e+02
     vertex  2.811068e+02  3.611857e+02  5.450741e+02
     vertex  2.758681e+02  3.611857e+02  6.512385e+02
   endloop
 endfacet
 facet normal  5.311702e-16 -1.000000e+00  2.155042e-15
   outer loop
     vertex  2.798194e+02  3.611857e+02  5.447568e+02
     vertex  2.758681e+02  3.611857e+02  6.512385e+02
     vertex  2.742297e+02  3.611857e+02  6.516423e+02
   endloop
 endfacet
 facet normal  1.418167e-15 -1.000000e+00  2.702091e-15
   outer loop
     vertex  2.786454e+02  3.611857e+02  5.441406e+02
     vertex  2.742297e+02  3.611857e+02  6.516423e+02
     vertex  2.727354e+02  3.611857e+02  6.524265e+02
   endloop
 endfacet
 facet normal  4.603731e-14 -1.000000e+00  4.534852e-15
   outer loop
     vertex  2.786454e+02  3.611857e+02  5.441406e+02
     vertex  2.798194e+02  3.611857e+02  5.447568e+02
     vertex  2.742297e+02  3.611857e+02  6.516423e+02
   endloop
 endfacet
 facet normal  2.402420e-15 -1.000000e+00  2.711772e-15
   outer loop
     vertex  2.776529e+02  3.611857e+02  5.432614e+02
     vertex  2.727354e+02  3.611857e+02  6.524265e+02
     vertex  2.714723e+02  3.611857e+02  6.535456e+02
   endloop
 endfacet
 facet normal -2.218030e-15 -1.000000e+00  2.503638e-15
   outer loop
     vertex  2.776529e+02  3.611857e+02  5.432614e+02
     vertex  2.786454e+02  3.611857e+02  5.441406e+02
     vertex  2.727354e+02  3.611857e+02  6.524265e+02
   endloop
 endfacet
 facet normal -3.453249e-15 -1.000000e+00  2.383606e-15
   outer loop
     vertex  2.768997e+02  3.611857e+02  5.421702e+02
     vertex  2.776529e+02  3.611857e+02  5.432614e+02
     vertex  2.714723e+02  3.611857e+02  6.535456e+02
   endloop
 endfacet
 facet normal  3.977876e-15 -1.000000e+00  2.745729e-15
   outer loop
     vertex  2.768997e+02  3.611857e+02  5.421702e+02
     vertex  2.714723e+02  3.611857e+02  6.535456e+02
     vertex  2.705137e+02  3.611857e+02  6.549344e+02
   endloop
 endfacet
 facet normal -5.782433e-15 -1.000000e+00  2.192988e-15
   outer loop
     vertex  2.764295e+02  3.611857e+02  5.409305e+02
     vertex  2.768997e+02  3.611857e+02  5.421702e+02
     vertex  2.705137e+02  3.611857e+02  6.549344e+02
   endloop
 endfacet
 facet normal  7.615650e-15 -1.000000e+00  2.888235e-15
   outer loop
     vertex  2.764295e+02  3.611857e+02  5.409305e+02
     vertex  2.705137e+02  3.611857e+02  6.549344e+02
     vertex  2.699153e+02  3.611857e+02  6.565122e+02
   endloop
 endfacet
 facet normal  2.290852e-13 -1.000000e+00  1.537036e-14
   outer loop
     vertex  2.762697e+02  3.611857e+02  5.396142e+02
     vertex  2.764295e+02  3.611857e+02  5.409305e+02
     vertex  2.699153e+02  3.611857e+02  6.565122e+02
   endloop
 endfacet
 facet normal  6.170862e-14 -1.000000e+00  3.562680e-15
   outer loop
     vertex  2.858865e+02  3.611857e+02  4.072614e+02
     vertex  2.860698e+02  3.611857e+02  5.317290e+02
     vertex  2.851989e+02  3.611857e+02  5.308582e+02
   endloop
 endfacet
 facet normal -5.469313e-14 -1.000000e+00  2.915094e-15
   outer loop
     vertex  2.848941e+02  3.611857e+02  4.081406e+02
     vertex  2.858865e+02  3.611857e+02  4.072614e+02
     vertex  2.851989e+02  3.611857e+02  5.308582e+02
   endloop
 endfacet
 facet normal -1.749037e-15 -1.000000e+00  2.783577e-15
   outer loop
     vertex  2.848941e+02  3.611857e+02  4.081406e+02
     vertex  2.851989e+02  3.611857e+02  5.308582e+02
     vertex  2.841561e+02  3.611857e+02  5.302029e+02
   endloop
 endfacet
 facet normal  8.059048e-14 -1.000000e+00  3.534879e-15
   outer loop
     vertex  2.866397e+02  3.611857e+02  4.061702e+02
     vertex  2.860698e+02  3.611857e+02  5.317290e+02
     vertex  2.858865e+02  3.611857e+02  4.072614e+02
   endloop
 endfacet
 facet normal -5.007362e-15 -1.000000e+00  3.146334e-15
   outer loop
     vertex  2.866397e+02  3.611857e+02  4.061702e+02
     vertex  2.867250e+02  3.611857e+02  5.327719e+02
     vertex  2.860698e+02  3.611857e+02  5.317290e+02
   endloop
 endfacet
 facet normal  1.471152e-15 -1.000000e+00  2.803047e-15
   outer loop
     vertex  2.837200e+02  3.611857e+02  4.087568e+02
     vertex  2.848941e+02  3.611857e+02  4.081406e+02
     vertex  2.841561e+02  3.611857e+02  5.302029e+02
   endloop
 endfacet
 facet normal -9.839128e-16 -1.000000e+00  2.811861e-15
   outer loop
     vertex  2.837200e+02  3.611857e+02  4.087568e+02
     vertex  2.841561e+02  3.611857e+02  5.302029e+02
     vertex  2.829936e+02  3.611857e+02  5.297961e+02
   endloop
 endfacet
 facet normal -1.007896e-14 -1.000000e+00  3.526780e-15
   outer loop
     vertex  2.871099e+02  3.611857e+02  4.049305e+02
     vertex  2.871318e+02  3.611857e+02  5.339344e+02
     vertex  2.867250e+02  3.611857e+02  5.327719e+02
   endloop
 endfacet
 facet normal -1.124122e-13 -1.000000e+00  3.218718e-15
   outer loop
     vertex  2.871099e+02  3.611857e+02  4.049305e+02
     vertex  2.867250e+02  3.611857e+02  5.327719e+02
     vertex  2.866397e+02  3.611857e+02  4.061702e+02
   endloop
 endfacet
 facet normal  6.955460e-16 -1.000000e+00  2.821941e-15
   outer loop
     vertex  2.824327e+02  3.611857e+02  4.090741e+02
     vertex  2.837200e+02  3.611857e+02  4.087568e+02
     vertex  2.829936e+02  3.611857e+02  5.297961e+02
   endloop
 endfacet
 facet normal -3.184873e-16 -1.000000e+00  2.826653e-15
   outer loop
     vertex  2.824327e+02  3.611857e+02  4.090741e+02
     vertex  2.829936e+02  3.611857e+02  5.297961e+02
     vertex  2.817697e+02  3.611857e+02  5.296582e+02
   endloop
 endfacet
 facet normal  3.184873e-16 -1.000000e+00  2.826653e-15
   outer loop
     vertex  2.811068e+02  3.611857e+02  4.090741e+02
     vertex  2.817697e+02  3.611857e+02  5.296582e+02
     vertex  2.805458e+02  3.611857e+02  5.297961e+02
   endloop
 endfacet
 facet normal  0.000000e+00 -1.000000e+00  2.828404e-15
   outer loop
     vertex  2.811068e+02  3.611857e+02  4.090741e+02
     vertex  2.824327e+02  3.611857e+02  4.090741e+02
     vertex  2.817697e+02  3.611857e+02  5.296582e+02
   endloop
 endfacet
 facet normal -6.955460e-16 -1.000000e+00  2.821941e-15
   outer loop
     vertex  2.798194e+02  3.611857e+02  4.087568e+02
     vertex  2.811068e+02  3.611857e+02  4.090741e+02
     vertex  2.805458e+02  3.611857e+02  5.297961e+02
   endloop
 endfacet
 facet normal  9.839128e-16 -1.000000e+00  2.811861e-15
   outer loop
     vertex  2.798194e+02  3.611857e+02  4.087568e+02
     vertex  2.805458e+02  3.611857e+02  5.297961e+02
     vertex  2.793834e+02  3.611857e+02  5.302029e+02
   endloop
 endfacet
 facet normal -1.471152e-15 -1.000000e+00  2.803047e-15
   outer loop
     vertex  2.786454e+02  3.611857e+02  4.081406e+02
     vertex  2.798194e+02  3.611857e+02  4.087568e+02
     vertex  2.793834e+02  3.611857e+02  5.302029e+02
   endloop
 endfacet
 facet normal  1.749037e-15 -1.000000e+00  2.783577e-15
   outer loop
     vertex  2.786454e+02  3.611857e+02  4.081406e+02
     vertex  2.793834e+02  3.611857e+02  5.302029e+02
     vertex  2.783405e+02  3.611857e+02  5.308582e+02
   endloop
 endfacet
 facet normal  1.118430e-13 -1.000000e+00  3.057057e-15
   outer loop
     vertex  2.776529e+02  3.611857e+02  4.072614e+02
     vertex  2.786454e+02  3.611857e+02  4.081406e+02
     vertex  2.783405e+02  3.611857e+02  5.308582e+02
   endloop
 endfacet
 facet normal  3.658926e-15 -1.000000e+00  3.658926e-15
   outer loop
     vertex  2.776529e+02  3.611857e+02  4.072614e+02
     vertex  2.783405e+02  3.611857e+02  5.308582e+02
     vertex  2.774696e+02  3.611857e+02  5.317290e+02
   endloop
 endfacet
 facet normal  5.722700e-15 -1.000000e+00  3.595811e-15
   outer loop
     vertex  2.768997e+02  3.611857e+02  4.061702e+02
     vertex  2.774696e+02  3.611857e+02  5.317290e+02
     vertex  2.768144e+02  3.611857e+02  5.327719e+02
   endloop
 endfacet
 facet normal -5.281798e-15 -1.000000e+00  3.645762e-15
   outer loop
     vertex  2.768997e+02  3.611857e+02  4.061702e+02
     vertex  2.776529e+02  3.611857e+02  4.072614e+02
     vertex  2.774696e+02  3.611857e+02  5.317290e+02
   endloop
 endfacet
 facet normal -9.454404e-15 -1.000000e+00  3.585582e-15
   outer loop
     vertex  2.764295e+02  3.611857e+02  4.049305e+02
     vertex  2.768997e+02  3.611857e+02  4.061702e+02
     vertex  2.768144e+02  3.611857e+02  5.327719e+02
   endloop
 endfacet
 facet normal  1.007896e-14 -1.000000e+00  3.526780e-15
   outer loop
     vertex  2.764295e+02  3.611857e+02  4.049305e+02
     vertex  2.768144e+02  3.611857e+02  5.327719e+02
     vertex  2.764076e+02  3.611857e+02  5.339344e+02
   endloop
 endfacet
 facet normal -3.738720e-15 -1.000000e+00  3.738720e-15
   outer loop
     vertex  2.820140e+02  3.611857e+02  2.852454e+02
     vertex  2.860698e+02  3.611857e+02  3.957290e+02
     vertex  2.851989e+02  3.611857e+02  3.948582e+02
   endloop
 endfacet
 facet normal -2.365395e-15 -1.000000e+00  3.764505e-15
   outer loop
     vertex  2.807508e+02  3.611857e+02  2.863644e+02
     vertex  2.851989e+02  3.611857e+02  3.948582e+02
     vertex  2.841561e+02  3.611857e+02  3.942029e+02
   endloop
 endfacet
 facet normal  3.135269e-15 -1.000000e+00  3.538987e-15
   outer loop
     vertex  2.807508e+02  3.611857e+02  2.863644e+02
     vertex  2.820140e+02  3.611857e+02  2.852454e+02
     vertex  2.851989e+02  3.611857e+02  3.948582e+02
   endloop
 endfacet
 facet normal -5.075537e-15 -1.000000e+00  3.189172e-15
   outer loop
     vertex  2.829726e+02  3.611857e+02  2.838566e+02
     vertex  2.867250e+02  3.611857e+02  3.967719e+02
     vertex  2.860698e+02  3.611857e+02  3.957290e+02
   endloop
 endfacet
 facet normal  6.125711e-14 -1.000000e+00  1.352742e-15
   outer loop
     vertex  2.829726e+02  3.611857e+02  2.838566e+02
     vertex  2.860698e+02  3.611857e+02  3.957290e+02
     vertex  2.820140e+02  3.611857e+02  2.852454e+02
   endloop
 endfacet
 facet normal -1.321746e-15 -1.000000e+00  3.777334e-15
   outer loop
     vertex  2.792566e+02  3.611857e+02  2.871486e+02
     vertex  2.841561e+02  3.611857e+02  3.942029e+02
     vertex  2.829936e+02  3.611857e+02  3.937961e+02
   endloop
 endfacet
 facet normal  1.904992e-15 -1.000000e+00  3.629659e-15
   outer loop
     vertex  2.792566e+02  3.611857e+02  2.871486e+02
     vertex  2.807508e+02  3.611857e+02  2.863644e+02
     vertex  2.841561e+02  3.611857e+02  3.942029e+02
   endloop
 endfacet
 facet normal -9.240622e-15 -1.000000e+00  3.233433e-15
   outer loop
     vertex  2.835710e+02  3.611857e+02  2.822787e+02
     vertex  2.871318e+02  3.611857e+02  3.979344e+02
     vertex  2.867250e+02  3.611857e+02  3.967719e+02
   endloop
 endfacet
 facet normal  7.322731e-15 -1.000000e+00  2.777145e-15
   outer loop
     vertex  2.835710e+02  3.611857e+02  2.822787e+02
     vertex  2.867250e+02  3.611857e+02  3.967719e+02
     vertex  2.829726e+02  3.611857e+02  2.838566e+02
   endloop
 endfacet
 facet normal -4.850312e-16 -1.000000e+00  4.304771e-15
   outer loop
     vertex  2.776181e+02  3.611857e+02  2.875525e+02
     vertex  2.829936e+02  3.611857e+02  3.937961e+02
     vertex  2.817697e+02  3.611857e+02  3.936582e+02
   endloop
 endfacet
 facet normal  3.530750e-14 -1.000000e+00  2.493835e-15
   outer loop
     vertex  2.776181e+02  3.611857e+02  2.875525e+02
     vertex  2.792566e+02  3.611857e+02  2.871486e+02
     vertex  2.829936e+02  3.611857e+02  3.937961e+02
   endloop
 endfacet
 facet normal  1.937406e-14 -1.000000e+00  2.352437e-15
   outer loop
     vertex  2.837744e+02  3.611857e+02  2.806035e+02
     vertex  2.871318e+02  3.611857e+02  3.979344e+02
     vertex  2.835710e+02  3.611857e+02  2.822787e+02
   endloop
 endfacet
 facet normal  4.799172e-16 -1.000000e+00  4.259383e-15
   outer loop
     vertex  2.759306e+02  3.611857e+02  2.875525e+02
     vertex  2.817697e+02  3.611857e+02  3.936582e+02
     vertex  2.805458e+02  3.611857e+02  3.937961e+02
   endloop
 endfacet
 facet normal  0.000000e+00 -1.000000e+00  4.285793e-15
   outer loop
     vertex  2.759306e+02  3.611857e+02  2.875525e+02
     vertex  2.776181e+02  3.611857e+02  2.875525e+02
     vertex  2.817697e+02  3.611857e+02  3.936582e+02
   endloop
 endfacet
 facet normal -1.066400e-15 -1.000000e+00  4.326555e-15
   outer loop
     vertex  2.742922e+02  3.611857e+02  2.871486e+02
     vertex  2.759306e+02  3.611857e+02  2.875525e+02
     vertex  2.805458e+02  3.611857e+02  3.937961e+02
   endloop
 endfacet
 facet normal  2.591639e-15 -1.000000e+00  4.124569e-15
   outer loop
     vertex  2.742922e+02  3.611857e+02  2.871486e+02
     vertex  2.793834e+02  3.611857e+02  3.942029e+02
     vertex  2.783405e+02  3.611857e+02  3.948582e+02
   endloop
 endfacet
 facet normal  1.462047e-15 -1.000000e+00  4.178289e-15
   outer loop
     vertex  2.742922e+02  3.611857e+02  2.871486e+02
     vertex  2.805458e+02  3.611857e+02  3.937961e+02
     vertex  2.793834e+02  3.611857e+02  3.942029e+02
   endloop
 endfacet
 facet normal  3.987740e-15 -1.000000e+00  3.987740e-15
   outer loop
     vertex  2.727979e+02  3.611857e+02  2.863644e+02
     vertex  2.783405e+02  3.611857e+02  3.948582e+02
     vertex  2.774696e+02  3.611857e+02  3.957290e+02
   endloop
 endfacet
 facet normal -2.260456e-15 -1.000000e+00  4.306940e-15
   outer loop
     vertex  2.727979e+02  3.611857e+02  2.863644e+02
     vertex  2.742922e+02  3.611857e+02  2.871486e+02
     vertex  2.783405e+02  3.611857e+02  3.948582e+02
   endloop
 endfacet
 facet normal  6.788956e-15 -1.000000e+00  4.265784e-15
   outer loop
     vertex  2.715348e+02  3.611857e+02  2.852454e+02
     vertex  2.774696e+02  3.611857e+02  3.957290e+02
     vertex  2.768144e+02  3.611857e+02  3.967719e+02
   endloop
 endfacet
 facet normal  4.294373e-14 -1.000000e+00  2.323665e-15
   outer loop
     vertex  2.715348e+02  3.611857e+02  2.852454e+02
     vertex  2.727979e+02  3.611857e+02  2.863644e+02
     vertex  2.774696e+02  3.611857e+02  3.957290e+02
   endloop
 endfacet
 facet normal -7.134996e-15 -1.000000e+00  4.924932e-15
   outer loop
     vertex  2.705762e+02  3.611857e+02  2.838566e+02
     vertex  2.715348e+02  3.611857e+02  2.852454e+02
     vertex  2.768144e+02  3.611857e+02  3.967719e+02
   endloop
 endfacet
 facet normal  1.118256e-14 -1.000000e+00  3.912949e-15
   outer loop
     vertex  2.705762e+02  3.611857e+02  2.838566e+02
     vertex  2.768144e+02  3.611857e+02  3.967719e+02
     vertex  2.764076e+02  3.611857e+02  3.979344e+02
   endloop
 endfacet
 facet normal -1.366699e-14 -1.000000e+00  5.183205e-15
   outer loop
     vertex  2.699778e+02  3.611857e+02  2.822787e+02
     vertex  2.705762e+02  3.611857e+02  2.838566e+02
     vertex  2.764076e+02  3.611857e+02  3.979344e+02
   endloop
 endfacet
 facet normal  5.783356e-13 -1.000000e+00 -2.772887e-14
   outer loop
     vertex  2.699778e+02  3.611857e+02  2.822787e+02
     vertex  2.764076e+02  3.611857e+02  3.979344e+02
     vertex  2.762697e+02  3.611857e+02  3.991582e+02
   endloop
 endfacet
 facet normal  4.229909e-15 -1.000000e+00  4.774580e-15
   outer loop
     vertex  2.807508e+02  3.611857e+02  2.413644e+02
     vertex  2.820140e+02  3.611857e+02  2.402454e+02
     vertex  2.820140e+02  3.611857e+02  2.759616e+02
   endloop
 endfacet
 facet normal -4.512683e-15 -1.000000e+00  5.093766e-15
   outer loop
     vertex  2.807508e+02  3.611857e+02  2.413644e+02
     vertex  2.820140e+02  3.611857e+02  2.759616e+02
     vertex  2.807508e+02  3.611857e+02  2.748426e+02
   endloop
 endfacet
 facet normal  6.917174e-15 -1.000000e+00  4.774580e-15
   outer loop
     vertex  2.829726e+02  3.611857e+02  2.388566e+02
     vertex  2.820140e+02  3.611857e+02  2.759616e+02
     vertex  2.820140e+02  3.611857e+02  2.402454e+02
   endloop
 endfacet
 facet normal -6.418053e-15 -1.000000e+00  4.430062e-15
   outer loop
     vertex  2.829726e+02  3.611857e+02  2.388566e+02
     vertex  2.829726e+02  3.611857e+02  2.773504e+02
     vertex  2.820140e+02  3.611857e+02  2.759616e+02
   endloop
 endfacet
 facet normal  2.673415e-15 -1.000000e+00  5.093766e-15
   outer loop
     vertex  2.792566e+02  3.611857e+02  2.421486e+02
     vertex  2.807508e+02  3.611857e+02  2.413644e+02
     vertex  2.807508e+02  3.611857e+02  2.748426e+02
   endloop
 endfacet
 facet normal  3.617235e-14 -1.000000e+00  3.562759e-15
   outer loop
     vertex  2.792566e+02  3.611857e+02  2.421486e+02
     vertex  2.807508e+02  3.611857e+02  2.748426e+02
     vertex  2.792566e+02  3.611857e+02  2.740584e+02
   endloop
 endfacet
 facet normal  1.168111e-14 -1.000000e+00  4.430062e-15
   outer loop
     vertex  2.835710e+02  3.611857e+02  2.372787e+02
     vertex  2.829726e+02  3.611857e+02  2.773504e+02
     vertex  2.829726e+02  3.611857e+02  2.388566e+02
   endloop
 endfacet
 facet normal  8.059751e-14 -1.000000e+00  5.459207e-15
   outer loop
     vertex  2.835710e+02  3.611857e+02  2.372787e+02
     vertex  2.835710e+02  3.611857e+02  2.789283e+02
     vertex  2.829726e+02  3.611857e+02  2.773504e+02
   endloop
 endfacet
 facet normal  8.781413e-16 -1.000000e+00  3.562759e-15
   outer loop
     vertex  2.776181e+02  3.611857e+02  2.425525e+02
     vertex  2.792566e+02  3.611857e+02  2.421486e+02
     vertex  2.792566e+02  3.611857e+02  2.740584e+02
   endloop
 endfacet
 facet normal  3.424236e-14 -1.000000e+00  1.827641e-15
   outer loop
     vertex  2.776181e+02  3.611857e+02  2.425525e+02
     vertex  2.792566e+02  3.611857e+02  2.740584e+02
     vertex  2.776181e+02  3.611857e+02  2.736545e+02
   endloop
 endfacet
 facet normal  3.244168e-13 -1.000000e+00  5.459207e-15
   outer loop
     vertex  2.837744e+02  3.611857e+02  2.356035e+02
     vertex  2.835710e+02  3.611857e+02  2.789283e+02
     vertex  2.835710e+02  3.611857e+02  2.372787e+02
   endloop
 endfacet
 facet normal -3.120984e-14 -1.000000e+00  3.789561e-15
   outer loop
     vertex  2.837744e+02  3.611857e+02  2.356035e+02
     vertex  2.837744e+02  3.611857e+02  2.806035e+02
     vertex  2.835710e+02  3.611857e+02  2.789283e+02
   endloop
 endfacet
 facet normal  3.368472e-14 -1.000000e+00  1.827641e-15
   outer loop
     vertex  2.759306e+02  3.611857e+02  2.425525e+02
     vertex  2.776181e+02  3.611857e+02  2.425525e+02
     vertex  2.776181e+02  3.611857e+02  2.736545e+02
   endloop
 endfacet
 facet normal  0.000000e+00 -1.000000e+00  3.655281e-15
   outer loop
     vertex  2.759306e+02  3.611857e+02  2.425525e+02
     vertex  2.776181e+02  3.611857e+02  2.736545e+02
     vertex  2.759306e+02  3.611857e+02  2.736545e+02
   endloop
 endfacet
 facet normal -9.009459e-16 -1.000000e+00  3.655281e-15
   outer loop
     vertex  2.742922e+02  3.611857e+02  2.421486e+02
     vertex  2.759306e+02  3.611857e+02  2.425525e+02
     vertex  2.759306e+02  3.611857e+02  2.736545e+02
   endloop
 endfacet
 facet normal  8.781413e-16 -1.000000e+00  3.562759e-15
   outer loop
     vertex  2.742922e+02  3.611857e+02  2.421486e+02
     vertex  2.759306e+02  3.611857e+02  2.736545e+02
     vertex  2.742922e+02  3.611857e+02  2.740584e+02
   endloop
 endfacet
 facet normal -1.869880e-15 -1.000000e+00  3.562759e-15
   outer loop
     vertex  2.727979e+02  3.611857e+02  2.413644e+02
     vertex  2.742922e+02  3.611857e+02  2.421486e+02
     vertex  2.742922e+02  3.611857e+02  2.740584e+02
   endloop
 endfacet
 facet normal  1.782277e-15 -1.000000e+00  3.395844e-15
   outer loop
     vertex  2.727979e+02  3.611857e+02  2.413644e+02
     vertex  2.742922e+02  3.611857e+02  2.740584e+02
     vertex  2.727979e+02  3.611857e+02  2.748426e+02
   endloop
 endfacet
 facet normal  4.611449e-15 -1.000000e+00  3.183053e-15
   outer loop
     vertex  2.715348e+02  3.611857e+02  2.402454e+02
     vertex  2.715348e+02  3.611857e+02  2.759616e+02
     vertex  2.705762e+02  3.611857e+02  2.773504e+02
   endloop
 endfacet
 facet normal  2.819939e-15 -1.000000e+00  3.183053e-15
   outer loop
     vertex  2.715348e+02  3.611857e+02  2.402454e+02
     vertex  2.727979e+02  3.611857e+02  2.748426e+02
     vertex  2.715348e+02  3.611857e+02  2.759616e+02
   endloop
 endfacet
 facet normal -3.008455e-15 -1.000000e+00  3.395844e-15
   outer loop
     vertex  2.715348e+02  3.611857e+02  2.402454e+02
     vertex  2.727979e+02  3.611857e+02  2.413644e+02
     vertex  2.727979e+02  3.611857e+02  2.748426e+02
   endloop
 endfacet
 facet normal -4.278702e-15 -1.000000e+00  2.953375e-15
   outer loop
     vertex  2.705762e+02  3.611857e+02  2.388566e+02
     vertex  2.715348e+02  3.611857e+02  2.402454e+02
     vertex  2.705762e+02  3.611857e+02  2.773504e+02
   endloop
 endfacet
 facet normal  4.496061e-14 -1.000000e+00  5.459207e-15
   outer loop
     vertex  2.699778e+02  3.611857e+02  2.372787e+02
     vertex  2.699778e+02  3.611857e+02  2.789283e+02
     vertex  2.697744e+02  3.611857e+02  2.806035e+02
   endloop
 endfacet
 facet normal  1.439475e-14 -1.000000e+00  5.459207e-15
   outer loop
     vertex  2.699778e+02  3.611857e+02  2.372787e+02
     vertex  2.705762e+02  3.611857e+02  2.773504e+02
     vertex  2.699778e+02  3.611857e+02  2.789283e+02
   endloop
 endfacet
 facet normal  1.821971e-13 -1.000000e+00  2.953375e-15
   outer loop
     vertex  2.699778e+02  3.611857e+02  2.372787e+02
     vertex  2.705762e+02  3.611857e+02  2.388566e+02
     vertex  2.705762e+02  3.611857e+02  2.773504e+02
   endloop
 endfacet
 facet normal -3.106660e-13 -1.000000e+00  3.789561e-15
   outer loop
     vertex  2.697744e+02  3.611857e+02  2.356035e+02
     vertex  2.699778e+02  3.611857e+02  2.372787e+02
     vertex  2.697744e+02  3.611857e+02  2.806035e+02
   endloop
 endfacet
 facet normal  3.247123e-14 -1.000000e+00  9.013375e-15
   outer loop
     vertex  2.992719e+02  3.611857e+02  1.506455e+02
     vertex  2.792566e+02  3.611857e+02  2.290584e+02
     vertex  2.776181e+02  3.611857e+02  2.286545e+02
   endloop
 endfacet
 facet normal -3.355204e-16 -1.000000e+00  6.392808e-16
   outer loop
     vertex  2.992719e+02  3.611857e+02  1.506455e+02
     vertex  2.807508e+02  3.611857e+02  2.298426e+02
     vertex  2.792566e+02  3.611857e+02  2.290584e+02
   endloop
 endfacet
 facet normal  3.675207e-14 -1.000000e+00  9.312604e-15
   outer loop
     vertex  2.992719e+02  3.611857e+02  1.506455e+02
     vertex  2.820140e+02  3.611857e+02  2.309616e+02
     vertex  2.807508e+02  3.611857e+02  2.298426e+02
   endloop
 endfacet
 facet normal -1.563862e-15 -1.000000e+00  1.079456e-15
   outer loop
     vertex  2.992719e+02  3.611857e+02  1.506455e+02
     vertex  2.829726e+02  3.611857e+02  2.323504e+02
     vertex  2.820140e+02  3.611857e+02  2.309616e+02
   endloop
 endfacet
 facet normal -2.404241e-15 -1.000000e+00  9.118084e-16
   outer loop
     vertex  2.992719e+02  3.611857e+02  1.506455e+02
     vertex  2.835710e+02  3.611857e+02  2.339283e+02
     vertex  2.829726e+02  3.611857e+02  2.323504e+02
   endloop
 endfacet
 facet normal -4.404194e-15 -1.000000e+00  5.347660e-16
   outer loop
     vertex  2.992719e+02  3.611857e+02  1.506455e+02
     vertex  2.837744e+02  3.611857e+02  2.356035e+02
     vertex  2.835710e+02  3.611857e+02  2.339283e+02
   endloop
 endfacet
 facet normal  1.343870e-14 -1.000000e+00  3.789561e-15
   outer loop
     vertex  2.992719e+02  3.611857e+02  1.506455e+02
     vertex  2.837744e+02  3.611857e+02  2.806035e+02
     vertex  2.837744e+02  3.611857e+02  2.356035e+02
   endloop
 endfacet
 facet normal  1.437013e-14 -1.000000e+00  1.744850e-15
   outer loop
     vertex  2.642675e+02  3.611857e+02  1.506455e+02
     vertex  2.699778e+02  3.611857e+02  2.339283e+02
     vertex  2.697744e+02  3.611857e+02  2.356035e+02
   endloop
 endfacet
 facet normal  6.096577e-15 -1.000000e+00  2.312127e-15
   outer loop
     vertex  2.642675e+02  3.611857e+02  1.506455e+02
     vertex  2.705762e+02  3.611857e+02  2.323504e+02
     vertex  2.699778e+02  3.611857e+02  2.339283e+02
   endloop
 endfacet
 facet normal  3.626053e-15 -1.000000e+00  2.502883e-15
   outer loop
     vertex  2.642675e+02  3.611857e+02  1.506455e+02
     vertex  2.715348e+02  3.611857e+02  2.309616e+02
     vertex  2.705762e+02  3.611857e+02  2.323504e+02
   endloop
 endfacet
 facet normal  2.321904e-15 -1.000000e+00  2.620888e-15
   outer loop
     vertex  2.642675e+02  3.611857e+02  1.506455e+02
     vertex  2.727979e+02  3.611857e+02  2.298426e+02
     vertex  2.715348e+02  3.611857e+02  2.309616e+02
   endloop
 endfacet
 facet normal  3.743290e-14 -1.000000e+00 -1.160966e-15
   outer loop
     vertex  2.642675e+02  3.611857e+02  1.506455e+02
     vertex  2.742922e+02  3.611857e+02  2.290584e+02
     vertex  2.727979e+02  3.611857e+02  2.298426e+02
   endloop
 endfacet
 facet normal  8.660973e-16 -1.000000e+00  3.513895e-15
   outer loop
     vertex  2.642675e+02  3.611857e+02  1.506455e+02
     vertex  2.759306e+02  3.611857e+02  2.286545e+02
     vertex  2.742922e+02  3.611857e+02  2.290584e+02
   endloop
 endfacet
 facet normal  0.000000e+00 -1.000000e+00  3.643385e-15
   outer loop
     vertex  2.642675e+02  3.611857e+02  1.506455e+02
     vertex  2.776181e+02  3.611857e+02  2.286545e+02
     vertex  2.759306e+02  3.611857e+02  2.286545e+02
   endloop
 endfacet
 facet normal  8.119462e-15 -1.000000e+00  2.253803e-15
   outer loop
     vertex  2.642675e+02  3.611857e+02  1.506455e+02
     vertex  2.992719e+02  3.611857e+02  1.506455e+02
     vertex  2.776181e+02  3.611857e+02  2.286545e+02
   endloop
 endfacet
 facet normal  1.404387e-14 -1.000000e+00  3.209981e-15
   outer loop
     vertex  2.992719e+02  3.611857e+02  1.506455e+02
     vertex  2.992719e+02  3.611857e+02  7.881455e+02
     vertex  2.872697e+02  3.611857e+02  5.396142e+02
   endloop
 endfacet
 facet normal  2.291021e-14 -1.000000e+00  2.781803e-15
   outer loop
     vertex  2.872697e+02  3.611857e+02  5.396142e+02
     vertex  2.992719e+02  3.611857e+02  7.881455e+02
     vertex  2.871099e+02  3.611857e+02  5.409305e+02
   endloop
 endfacet
 facet normal  3.925244e-16 -1.000000e+00  3.889587e-15
   outer loop
     vertex  2.871099e+02  3.611857e+02  5.409305e+02
     vertex  2.992719e+02  3.611857e+02  7.881455e+02
     vertex  2.837119e+02  3.611857e+02  6.581874e+02
   endloop
 endfacet
 facet normal  1.191636e-14 -1.000000e+00  2.509824e-15
   outer loop
     vertex  2.837119e+02  3.611857e+02  6.581874e+02
     vertex  2.992719e+02  3.611857e+02  7.881455e+02
     vertex  2.837744e+02  3.611857e+02  7.031874e+02
   endloop
 endfacet
 facet normal -8.998549e-14 -1.000000e+00  0.000000e+00
   outer loop
     vertex  2.992719e+02  3.611857e+02  1.506455e+02
     vertex  2.872697e+02  3.611857e+02  5.396142e+02
     vertex  2.872697e+02  3.611857e+02  5.351582e+02
   endloop
 endfacet
 facet normal -1.952097e-14 -1.000000e+00  2.199485e-15
   outer loop
     vertex  2.992719e+02  3.611857e+02  1.506455e+02
     vertex  2.872697e+02  3.611857e+02  5.351582e+02
     vertex  2.871318e+02  3.611857e+02  5.339344e+02
   endloop
 endfacet
 facet normal  2.193931e-14 -1.000000e+00  3.512678e-15
   outer loop
     vertex  2.992719e+02  3.611857e+02  1.506455e+02
     vertex  2.871318e+02  3.611857e+02  5.339344e+02
     vertex  2.872697e+02  3.611857e+02  4.036142e+02
   endloop
 endfacet
 facet normal  2.899096e-14 -1.000000e+00  3.520140e-15
   outer loop
     vertex  2.872697e+02  3.611857e+02  4.036142e+02
     vertex  2.871318e+02  3.611857e+02  5.339344e+02
     vertex  2.871099e+02  3.611857e+02  4.049305e+02
   endloop
 endfacet
 facet normal -2.578579e-14 -1.000000e+00  3.130962e-15
   outer loop
     vertex  2.871099e+02  3.611857e+02  5.409305e+02
     vertex  2.837119e+02  3.611857e+02  6.581874e+02
     vertex  2.835085e+02  3.611857e+02  6.565122e+02
   endloop
 endfacet
 facet normal  2.167721e-13 -1.000000e+00  1.275661e-14
   outer loop
     vertex  2.992719e+02  3.611857e+02  1.506455e+02
     vertex  2.872697e+02  3.611857e+02  4.036142e+02
     vertex  2.872697e+02  3.611857e+02  3.991582e+02
   endloop
 endfacet
 facet normal -3.027486e-13 -1.000000e+00 -1.233425e-14
   outer loop
     vertex  2.992719e+02  3.611857e+02  1.506455e+02
     vertex  2.872697e+02  3.611857e+02  3.991582e+02
     vertex  2.871318e+02  3.611857e+02  3.979344e+02
   endloop
 endfacet
 facet normal  4.868182e-15 -1.000000e+00  2.767524e-15
   outer loop
     vertex  2.992719e+02  3.611857e+02  1.506455e+02
     vertex  2.871318e+02  3.611857e+02  3.979344e+02
     vertex  2.837744e+02  3.611857e+02  2.806035e+02
   endloop
 endfacet
 facet normal -4.774942e-15 -1.000000e+00  3.299147e-15
   outer loop
     vertex  2.642675e+02  3.611857e+02  7.881455e+02
     vertex  2.642675e+02  3.611857e+02  1.506455e+02
     vertex  2.697119e+02  3.611857e+02  6.581874e+02
   endloop
 endfacet
 facet normal  2.457777e-14 -1.000000e+00  2.984282e-15
   outer loop
     vertex  2.697119e+02  3.611857e+02  6.581874e+02
     vertex  2.642675e+02  3.611857e+02  1.506455e+02
     vertex  2.699153e+02  3.611857e+02  6.565122e+02
   endloop
 endfacet
 facet normal -6.308755e-15 -1.000000e+00  3.329117e-15
   outer loop
     vertex  2.699153e+02  3.611857e+02  6.565122e+02
     vertex  2.642675e+02  3.611857e+02  1.506455e+02
     vertex  2.697744e+02  3.611857e+02  2.806035e+02
   endloop
 endfacet
 facet normal -1.717486e-14 -1.000000e+00  3.789561e-15
   outer loop
     vertex  2.697744e+02  3.611857e+02  2.806035e+02
     vertex  2.642675e+02  3.611857e+02  1.506455e+02
     vertex  2.697744e+02  3.611857e+02  2.356035e+02
   endloop
 endfacet
 facet normal -2.247597e-14 -1.000000e+00  2.557591e-15
   outer loop
     vertex  2.642675e+02  3.611857e+02  7.881455e+02
     vertex  2.697119e+02  3.611857e+02  6.581874e+02
     vertex  2.697744e+02  3.611857e+02  7.031874e+02
   endloop
 endfacet
 facet normal -2.748311e-14 -1.000000e+00  3.337054e-15
   outer loop
     vertex  2.699153e+02  3.611857e+02  6.565122e+02
     vertex  2.697744e+02  3.611857e+02  2.806035e+02
     vertex  2.699778e+02  3.611857e+02  2.822787e+02
   endloop
 endfacet
 facet normal  1.162044e-15 -1.000000e+00  3.341838e-15
   outer loop
     vertex  2.699153e+02  3.611857e+02  6.565122e+02
     vertex  2.699778e+02  3.611857e+02  2.822787e+02
     vertex  2.762697e+02  3.611857e+02  3.991582e+02
   endloop
 endfacet
 facet normal  3.824601e-13 -1.000000e+00  1.275661e-14
   outer loop
     vertex  2.699153e+02  3.611857e+02  6.565122e+02
     vertex  2.762697e+02  3.611857e+02  3.991582e+02
     vertex  2.762697e+02  3.611857e+02  4.036142e+02
   endloop
 endfacet
 facet normal -2.147246e-14 -1.000000e+00  2.607229e-15
   outer loop
     vertex  2.699153e+02  3.611857e+02  6.565122e+02
     vertex  2.762697e+02  3.611857e+02  4.036142e+02
     vertex  2.764295e+02  3.611857e+02  4.049305e+02
   endloop
 endfacet
 facet normal -4.369252e-15 -1.000000e+00  3.050084e-15
   outer loop
     vertex  2.699153e+02  3.611857e+02  6.565122e+02
     vertex  2.764295e+02  3.611857e+02  4.049305e+02
     vertex  2.762697e+02  3.611857e+02  5.351582e+02
   endloop
 endfacet
 facet normal  4.441738e-13 -1.000000e+00  3.600552e-15
   outer loop
     vertex  2.762697e+02  3.611857e+02  5.351582e+02
     vertex  2.764295e+02  3.611857e+02  4.049305e+02
     vertex  2.764076e+02  3.611857e+02  5.339344e+02
   endloop
 endfacet
 facet normal  1.810018e-13 -1.000000e+00  1.275661e-14
   outer loop
     vertex  2.699153e+02  3.611857e+02  6.565122e+02
     vertex  2.762697e+02  3.611857e+02  5.351582e+02
     vertex  2.762697e+02  3.611857e+02  5.396142e+02
   endloop
 endfacet
 facet normal  9.927089e-01  2.291701e-15  1.205367e-01
   outer loop
     vertex  2.699778e+02  3.611857e+02  2.789283e+02
     vertex  2.697744e+02  3.641857e+02  2.806035e+02
     vertex  2.697744e+02  3.611857e+02  2.806035e+02
   endloop
 endfacet
 facet normal  9.927089e-01  2.337747e-14  1.205367e-01
   outer loop
     vertex  2.699778e+02  3.611857e+02  2.789283e+02
     vertex  2.699778e+02  3.641857e+02  2.789283e+02
     vertex  2.697744e+02  3.641857e+02  2.806035e+02
   endloop
 endfacet
 facet normal  9.350162e-01  6.718985e-15  3.546049e-01
   outer loop
     vertex  2.705762e+02  3.611857e+02  2.773504e+02
     vertex  2.705762e+02  3.641857e+02  2.773504e+02
     vertex  2.699778e+02  3.641857e+02  2.789283e+02
   endloop
 endfacet
 facet normal  9.350162e-01  3.114082e-14  3.546049e-01
   outer loop
     vertex  2.705762e+02  3.611857e+02  2.773504e+02
     vertex  2.699778e+02  3.641857e+02  2.789283e+02
     vertex  2.699778e+02  3.611857e+02  2.789283e+02
   endloop
 endfacet
 facet normal  8.229839e-01  2.152716e-14  5.680647e-01
   outer loop
     vertex  2.715348e+02  3.611857e+02  2.759616e+02
     vertex  2.715348e+02  3.641857e+02  2.759616e+02
     vertex  2.705762e+02  3.641857e+02  2.773504e+02
   endloop
 endfacet
 facet normal  6.631227e-01  2.836527e-14  7.485107e-01
   outer loop
     vertex  2.715348e+02  3.611857e+02  2.759616e+02
     vertex  2.727979e+02  3.641857e+02  2.748426e+02
     vertex  2.715348e+02  3.641857e+02  2.759616e+02
   endloop
 endfacet
 facet normal  8.229839e-01  1.078964e-14  5.680647e-01
   outer loop
     vertex  2.715348e+02  3.611857e+02  2.759616e+02
     vertex  2.705762e+02  3.641857e+02  2.773504e+02
     vertex  2.705762e+02  3.611857e+02  2.773504e+02
   endloop
 endfacet
 facet normal  4.647232e-01  3.355490e-14  8.854560e-01
   outer loop
     vertex  2.727979e+02  3.611857e+02  2.748426e+02
     vertex  2.742922e+02  3.641857e+02  2.740584e+02
     vertex  2.727979e+02  3.641857e+02  2.748426e+02
   endloop
 endfacet
 facet normal  6.631227e-01  2.836527e-14  7.485107e-01
   outer loop
     vertex  2.727979e+02  3.611857e+02  2.748426e+02
     vertex  2.727979e+02  3.641857e+02  2.748426e+02
     vertex  2.715348e+02  3.611857e+02  2.759616e+02
   endloop
 endfacet
 facet normal  4.647232e-01  2.558293e-14  8.854560e-01
   outer loop
     vertex  2.742922e+02  3.611857e+02  2.740584e+02
     vertex  2.742922e+02  3.641857e+02  2.740584e+02
     vertex  2.727979e+02  3.611857e+02  2.748426e+02
   endloop
 endfacet
 facet normal  2.393157e-01  2.293172e-14  9.709418e-01
   outer loop
     vertex  2.759306e+02  3.611857e+02  2.736545e+02
     vertex  2.759306e+02  3.641857e+02  2.736545e+02
     vertex  2.742922e+02  3.641857e+02  2.740584e+02
   endloop
 endfacet
 facet normal  0.000000e+00  1.894781e-14  1.000000e+00
   outer loop
     vertex  2.759306e+02  3.611857e+02  2.736545e+02
     vertex  2.776181e+02  3.641857e+02  2.736545e+02
     vertex  2.759306e+02  3.641857e+02  2.736545e+02
   endloop
 endfacet
 facet normal  2.393157e-01  2.293894e-14  9.709418e-01
   outer loop
     vertex  2.759306e+02  3.611857e+02  2.736545e+02
     vertex  2.742922e+02  3.641857e+02  2.740584e+02
     vertex  2.742922e+02  3.611857e+02  2.740584e+02
   endloop
 endfacet
 facet normal  0.000000e+00  1.894781e-14  1.000000e+00
   outer loop
     vertex  2.776181e+02  3.611857e+02  2.736545e+02
     vertex  2.776181e+02  3.641857e+02  2.736545e+02
     vertex  2.759306e+02  3.611857e+02  2.736545e+02
   endloop
 endfacet
 facet normal -2.393157e-01  1.839722e-14  9.709418e-01
   outer loop
     vertex  2.792566e+02  3.611857e+02  2.740584e+02
     vertex  2.792566e+02  3.641857e+02  2.740584e+02
     vertex  2.776181e+02  3.641857e+02  2.736545e+02
   endloop
 endfacet
 facet normal -2.393157e-01  1.839940e-14  9.709418e-01
   outer loop
     vertex  2.792566e+02  3.611857e+02  2.740584e+02
     vertex  2.776181e+02  3.641857e+02  2.736545e+02
     vertex  2.776181e+02  3.611857e+02  2.736545e+02
   endloop
 endfacet
 facet normal -4.647232e-01  3.355490e-14  8.854560e-01
   outer loop
     vertex  2.807508e+02  3.611857e+02  2.748426e+02
     vertex  2.807508e+02  3.641857e+02  2.748426e+02
     vertex  2.792566e+02  3.641857e+02  2.740584e+02
   endloop
 endfacet
 facet normal -6.631227e-01  2.836527e-14  7.485107e-01
   outer loop
     vertex  2.807508e+02  3.611857e+02  2.748426e+02
     vertex  2.820140e+02  3.641857e+02  2.759616e+02
     vertex  2.807508e+02  3.641857e+02  2.748426e+02
   endloop
 endfacet
 facet normal -4.647232e-01  1.675464e-14  8.854560e-01
   outer loop
     vertex  2.807508e+02  3.611857e+02  2.748426e+02
     vertex  2.792566e+02  3.641857e+02  2.740584e+02
     vertex  2.792566e+02  3.611857e+02  2.740584e+02
   endloop
 endfacet
 facet normal -6.631227e-01  2.836527e-14  7.485107e-01
   outer loop
     vertex  2.820140e+02  3.611857e+02  2.759616e+02
     vertex  2.820140e+02  3.641857e+02  2.759616e+02
     vertex  2.807508e+02  3.611857e+02  2.748426e+02
   endloop
 endfacet
 facet normal -8.229839e-01 -4.830158e-15  5.680647e-01
   outer loop
     vertex  2.829726e+02  3.611857e+02  2.773504e+02
     vertex  2.829726e+02  3.641857e+02  2.773504e+02
     vertex  2.820140e+02  3.641857e+02  2.759616e+02
   endloop
 endfacet
 facet normal -8.229839e-01  2.149155e-14  5.680647e-01
   outer loop
     vertex  2.829726e+02  3.611857e+02  2.773504e+02
     vertex  2.820140e+02  3.641857e+02  2.759616e+02
     vertex  2.820140e+02  3.611857e+02  2.759616e+02
   endloop
 endfacet
 facet normal -9.350162e-01  1.343797e-14  3.546049e-01
   outer loop
     vertex  2.835710e+02  3.611857e+02  2.789283e+02
     vertex  2.835710e+02  3.641857e+02  2.789283e+02
     vertex  2.829726e+02  3.641857e+02  2.773504e+02
   endloop
 endfacet
 facet normal -9.350162e-01 -1.098701e-14  3.546049e-01
   outer loop
     vertex  2.835710e+02  3.611857e+02  2.789283e+02
     vertex  2.829726e+02  3.641857e+02  2.773504e+02
     vertex  2.829726e+02  3.611857e+02  2.773504e+02
   endloop
 endfacet
 facet normal -9.927089e-01 -1.652575e-14  1.205367e-01
   outer loop
     vertex  2.837744e+02  3.611857e+02  2.806035e+02
     vertex  2.837744e+02  3.641857e+02  2.806035e+02
     vertex  2.835710e+02  3.641857e+02  2.789283e+02
   endloop
 endfacet
 facet normal -9.927089e-01  4.561472e-15  1.205367e-01
   outer loop
     vertex  2.837744e+02  3.611857e+02  2.806035e+02
     vertex  2.835710e+02  3.641857e+02  2.789283e+02
     vertex  2.835710e+02  3.611857e+02  2.789283e+02
   endloop
 endfacet
 facet normal  9.927089e-01  2.793902e-14  1.205367e-01
   outer loop
     vertex  2.699153e+02  3.611857e+02  6.565122e+02
     vertex  2.697119e+02  3.641857e+02  6.581874e+02
     vertex  2.697119e+02  3.611857e+02  6.581874e+02
   endloop
 endfacet
 facet normal  9.927089e-01 -0.000000e+00  1.205367e-01
   outer loop
     vertex  2.699153e+02  3.611857e+02  6.565122e+02
     vertex  2.699153e+02  3.641857e+02  6.565122e+02
     vertex  2.697119e+02  3.641857e+02  6.581874e+02
   endloop
 endfacet
 facet normal  9.350162e-01  3.115448e-14  3.546049e-01
   outer loop
     vertex  2.705137e+02  3.611857e+02  6.549344e+02
     vertex  2.705137e+02  3.641857e+02  6.549344e+02
     vertex  2.699153e+02  3.641857e+02  6.565122e+02
   endloop
 endfacet
 facet normal  9.350162e-01  0.000000e+00  3.546049e-01
   outer loop
     vertex  2.705137e+02  3.611857e+02  6.549344e+02
     vertex  2.699153e+02  3.641857e+02  6.565122e+02
     vertex  2.699153e+02  3.611857e+02  6.565122e+02
   endloop
 endfacet
 facet normal  8.229839e-01 -0.000000e+00  5.680647e-01
   outer loop
     vertex  2.714723e+02  3.611857e+02  6.535456e+02
     vertex  2.714723e+02  3.641857e+02  6.535456e+02
     vertex  2.705137e+02  3.641857e+02  6.549344e+02
   endloop
 endfacet
 facet normal  6.631227e-01 -0.000000e+00  7.485107e-01
   outer loop
     vertex  2.714723e+02  3.611857e+02  6.535456e+02
     vertex  2.727354e+02  3.641857e+02  6.524265e+02
     vertex  2.714723e+02  3.641857e+02  6.535456e+02
   endloop
 endfacet
 facet normal  8.229839e-01  3.710582e-14  5.680647e-01
   outer loop
     vertex  2.714723e+02  3.611857e+02  6.535456e+02
     vertex  2.705137e+02  3.641857e+02  6.549344e+02
     vertex  2.705137e+02  3.611857e+02  6.549344e+02
   endloop
 endfacet
 facet normal  6.631227e-01  2.836527e-14  7.485107e-01
   outer loop
     vertex  2.727354e+02  3.611857e+02  6.524265e+02
     vertex  2.727354e+02  3.641857e+02  6.524265e+02
     vertex  2.714723e+02  3.611857e+02  6.535456e+02
   endloop
 endfacet
 facet normal  4.647232e-01 -0.000000e+00  8.854560e-01
   outer loop
     vertex  2.742297e+02  3.611857e+02  6.516423e+02
     vertex  2.742297e+02  3.641857e+02  6.516423e+02
     vertex  2.727354e+02  3.641857e+02  6.524265e+02
   endloop
 endfacet
 facet normal  4.647232e-01  3.355314e-14  8.854560e-01
   outer loop
     vertex  2.742297e+02  3.611857e+02  6.516423e+02
     vertex  2.727354e+02  3.641857e+02  6.524265e+02
     vertex  2.727354e+02  3.611857e+02  6.524265e+02
   endloop
 endfacet
 facet normal  2.393157e-01  3.679443e-14  9.709418e-01
   outer loop
     vertex  2.758681e+02  3.611857e+02  6.512385e+02
     vertex  2.758681e+02  3.641857e+02  6.512385e+02
     vertex  2.742297e+02  3.641857e+02  6.516423e+02
   endloop
 endfacet
 facet normal  0.000000e+00  3.789561e-14  1.000000e+00
   outer loop
     vertex  2.758681e+02  3.611857e+02  6.512385e+02
     vertex  2.775556e+02  3.641857e+02  6.512385e+02
     vertex  2.758681e+02  3.641857e+02  6.512385e+02
   endloop
 endfacet
 facet normal  2.393157e-01  0.000000e+00  9.709418e-01
   outer loop
     vertex  2.758681e+02  3.611857e+02  6.512385e+02
     vertex  2.742297e+02  3.641857e+02  6.516423e+02
     vertex  2.742297e+02  3.611857e+02  6.516423e+02
   endloop
 endfacet
 facet normal  0.000000e+00  3.789561e-14  1.000000e+00
   outer loop
     vertex  2.775556e+02  3.611857e+02  6.512385e+02
     vertex  2.775556e+02  3.641857e+02  6.512385e+02
     vertex  2.758681e+02  3.611857e+02  6.512385e+02
   endloop
 endfacet
 facet normal -2.393157e-01  0.000000e+00  9.709418e-01
   outer loop
     vertex  2.791941e+02  3.611857e+02  6.516423e+02
     vertex  2.791941e+02  3.641857e+02  6.516423e+02
     vertex  2.775556e+02  3.641857e+02  6.512385e+02
   endloop
 endfacet
 facet normal -4.647232e-01  0.000000e+00  8.854560e-01
   outer loop
     vertex  2.791941e+02  3.611857e+02  6.516423e+02
     vertex  2.806883e+02  3.641857e+02  6.524265e+02
     vertex  2.791941e+02  3.641857e+02  6.516423e+02
   endloop
 endfacet
 facet normal -2.393157e-01  3.679880e-14  9.709418e-01
   outer loop
     vertex  2.791941e+02  3.611857e+02  6.516423e+02
     vertex  2.775556e+02  3.641857e+02  6.512385e+02
     vertex  2.775556e+02  3.611857e+02  6.512385e+02
   endloop
 endfacet
 facet normal -4.647232e-01  3.355490e-14  8.854560e-01
   outer loop
     vertex  2.806883e+02  3.611857e+02  6.524265e+02
     vertex  2.806883e+02  3.641857e+02  6.524265e+02
     vertex  2.791941e+02  3.611857e+02  6.516423e+02
   endloop
 endfacet
 facet normal -6.631227e-01  0.000000e+00  7.485107e-01
   outer loop
     vertex  2.819515e+02  3.611857e+02  6.535456e+02
     vertex  2.819515e+02  3.641857e+02  6.535456e+02
     vertex  2.806883e+02  3.641857e+02  6.524265e+02
   endloop
 endfacet
 facet normal -8.229839e-01  0.000000e+00  5.680647e-01
   outer loop
     vertex  2.819515e+02  3.611857e+02  6.535456e+02
     vertex  2.829101e+02  3.641857e+02  6.549344e+02
     vertex  2.819515e+02  3.641857e+02  6.535456e+02
   endloop
 endfacet
 facet normal -6.631227e-01  2.837762e-14  7.485107e-01
   outer loop
     vertex  2.819515e+02  3.611857e+02  6.535456e+02
     vertex  2.806883e+02  3.641857e+02  6.524265e+02
     vertex  2.806883e+02  3.611857e+02  6.524265e+02
   endloop
 endfacet
 facet normal -8.229839e-01  5.933423e-15  5.680647e-01
   outer loop
     vertex  2.829101e+02  3.611857e+02  6.549344e+02
     vertex  2.829101e+02  3.641857e+02  6.549344e+02
     vertex  2.819515e+02  3.611857e+02  6.535456e+02
   endloop
 endfacet
 facet normal -9.350162e-01 -1.771651e-14  3.546049e-01
   outer loop
     vertex  2.835085e+02  3.611857e+02  6.565122e+02
     vertex  2.835085e+02  3.641857e+02  6.565122e+02
     vertex  2.829101e+02  3.641857e+02  6.549344e+02
   endloop
 endfacet
 facet normal -9.927089e-01 -1.880966e-14  1.205367e-01
   outer loop
     vertex  2.835085e+02  3.611857e+02  6.565122e+02
     vertex  2.837119e+02  3.641857e+02  6.581874e+02
     vertex  2.835085e+02  3.641857e+02  6.565122e+02
   endloop
 endfacet
 facet normal -9.350162e-01 -4.276380e-15  3.546049e-01
   outer loop
     vertex  2.835085e+02  3.611857e+02  6.565122e+02
     vertex  2.829101e+02  3.641857e+02  6.549344e+02
     vertex  2.829101e+02  3.611857e+02  6.549344e+02
   endloop
 endfacet
 facet normal -9.927089e-01  9.135623e-15  1.205367e-01
   outer loop
     vertex  2.837119e+02  3.611857e+02  6.581874e+02
     vertex  2.837119e+02  3.641857e+02  6.581874e+02
     vertex  2.835085e+02  3.611857e+02  6.565122e+02
   endloop
 endfacet
 facet normal  9.927089e-01  1.995644e-14  1.205367e-01
   outer loop
     vertex  2.699778e+02  3.611857e+02  2.339283e+02
     vertex  2.697744e+02  3.641857e+02  2.356035e+02
     vertex  2.697744e+02  3.611857e+02  2.356035e+02
   endloop
 endfacet
 facet normal  9.927089e-01  1.141953e-15  1.205367e-01
   outer loop
     vertex  2.699778e+02  3.611857e+02  2.339283e+02
     vertex  2.699778e+02  3.641857e+02  2.339283e+02
     vertex  2.697744e+02  3.641857e+02  2.356035e+02
   endloop
 endfacet
 facet normal  9.350162e-01  2.107600e-14  3.546049e-01
   outer loop
     vertex  2.705762e+02  3.611857e+02  2.323504e+02
     vertex  2.705762e+02  3.641857e+02  2.323504e+02
     vertex  2.699778e+02  3.641857e+02  2.339283e+02
   endloop
 endfacet
 facet normal  8.229839e-01  2.097553e-14  5.680647e-01
   outer loop
     vertex  2.705762e+02  3.611857e+02  2.323504e+02
     vertex  2.715348e+02  3.641857e+02  2.309616e+02
     vertex  2.705762e+02  3.641857e+02  2.323504e+02
   endloop
 endfacet
 facet normal  9.350162e-01  3.377244e-15  3.546049e-01
   outer loop
     vertex  2.705762e+02  3.611857e+02  2.323504e+02
     vertex  2.699778e+02  3.641857e+02  2.339283e+02
     vertex  2.699778e+02  3.611857e+02  2.339283e+02
   endloop
 endfacet
 facet normal  8.229839e-01  5.381790e-15  5.680647e-01
   outer loop
     vertex  2.715348e+02  3.611857e+02  2.309616e+02
     vertex  2.715348e+02  3.641857e+02  2.309616e+02
     vertex  2.705762e+02  3.611857e+02  2.323504e+02
   endloop
 endfacet
 facet normal  6.631227e-01  7.091318e-15  7.485107e-01
   outer loop
     vertex  2.727979e+02  3.611857e+02  2.298426e+02
     vertex  2.727979e+02  3.641857e+02  2.298426e+02
     vertex  2.715348e+02  3.641857e+02  2.309616e+02
   endloop
 endfacet
 facet normal  4.647232e-01  8.388725e-15  8.854560e-01
   outer loop
     vertex  2.727979e+02  3.611857e+02  2.298426e+02
     vertex  2.742922e+02  3.641857e+02  2.290584e+02
     vertex  2.727979e+02  3.641857e+02  2.298426e+02
   endloop
 endfacet
 facet normal  6.631227e-01  7.105370e-15  7.485107e-01
   outer loop
     vertex  2.727979e+02  3.611857e+02  2.298426e+02
     vertex  2.715348e+02  3.641857e+02  2.309616e+02
     vertex  2.715348e+02  3.611857e+02  2.309616e+02
   endloop
 endfacet
 facet normal  4.647232e-01  8.388725e-15  8.854560e-01
   outer loop
     vertex  2.742922e+02  3.611857e+02  2.290584e+02
     vertex  2.742922e+02  3.641857e+02  2.290584e+02
     vertex  2.727979e+02  3.611857e+02  2.298426e+02
   endloop
 endfacet
 facet normal  2.393157e-01  9.198609e-15  9.709418e-01
   outer loop
     vertex  2.759306e+02  3.611857e+02  2.286545e+02
     vertex  2.759306e+02  3.641857e+02  2.286545e+02
     vertex  2.742922e+02  3.641857e+02  2.290584e+02
   endloop
 endfacet
 facet normal  2.393157e-01  9.188735e-15  9.709418e-01
   outer loop
     vertex  2.759306e+02  3.611857e+02  2.286545e+02
     vertex  2.742922e+02  3.641857e+02  2.290584e+02
     vertex  2.742922e+02  3.611857e+02  2.290584e+02
   endloop
 endfacet
 facet normal  0.000000e+00  9.473903e-15  1.000000e+00
   outer loop
     vertex  2.776181e+02  3.611857e+02  2.286545e+02
     vertex  2.776181e+02  3.641857e+02  2.286545e+02
     vertex  2.759306e+02  3.641857e+02  2.286545e+02
   endloop
 endfacet
 facet normal  0.000000e+00  9.473903e-15  1.000000e+00
   outer loop
     vertex  2.776181e+02  3.611857e+02  2.286545e+02
     vertex  2.759306e+02  3.641857e+02  2.286545e+02
     vertex  2.759306e+02  3.611857e+02  2.286545e+02
   endloop
 endfacet
 facet normal -2.393157e-01  4.664102e-15  9.709418e-01
   outer loop
     vertex  2.792566e+02  3.611857e+02  2.290584e+02
     vertex  2.792566e+02  3.641857e+02  2.290584e+02
     vertex  2.776181e+02  3.641857e+02  2.286545e+02
   endloop
 endfacet
 facet normal -4.647232e-01 -4.167600e-16  8.854560e-01
   outer loop
     vertex  2.792566e+02  3.611857e+02  2.290584e+02
     vertex  2.807508e+02  3.641857e+02  2.298426e+02
     vertex  2.792566e+02  3.641857e+02  2.290584e+02
   endloop
 endfacet
 facet normal -2.393157e-01  4.671123e-15  9.709418e-01
   outer loop
     vertex  2.792566e+02  3.611857e+02  2.290584e+02
     vertex  2.776181e+02  3.641857e+02  2.286545e+02
     vertex  2.776181e+02  3.611857e+02  2.286545e+02
   endloop
 endfacet
 facet normal -4.647232e-01  8.388725e-15  8.854560e-01
   outer loop
     vertex  2.807508e+02  3.611857e+02  2.298426e+02
     vertex  2.807508e+02  3.641857e+02  2.298426e+02
     vertex  2.792566e+02  3.611857e+02  2.290584e+02
   endloop
 endfacet
 facet normal -6.631227e-01 -5.473401e-15  7.485107e-01
   outer loop
     vertex  2.820140e+02  3.611857e+02  2.309616e+02
     vertex  2.820140e+02  3.641857e+02  2.309616e+02
     vertex  2.807508e+02  3.641857e+02  2.298426e+02
   endloop
 endfacet
 facet normal -6.631227e-01  7.105370e-15  7.485107e-01
   outer loop
     vertex  2.820140e+02  3.611857e+02  2.309616e+02
     vertex  2.807508e+02  3.641857e+02  2.298426e+02
     vertex  2.807508e+02  3.611857e+02  2.298426e+02
   endloop
 endfacet
 facet normal -8.229839e-01 -1.021195e-14  5.680647e-01
   outer loop
     vertex  2.829726e+02  3.611857e+02  2.323504e+02
     vertex  2.829726e+02  3.641857e+02  2.323504e+02
     vertex  2.820140e+02  3.641857e+02  2.309616e+02
   endloop
 endfacet
 facet normal -9.350162e-01 -1.435701e-14  3.546049e-01
   outer loop
     vertex  2.829726e+02  3.611857e+02  2.323504e+02
     vertex  2.835710e+02  3.641857e+02  2.339283e+02
     vertex  2.829726e+02  3.641857e+02  2.323504e+02
   endloop
 endfacet
 facet normal -8.229839e-01 -1.021945e-14  5.680647e-01
   outer loop
     vertex  2.829726e+02  3.611857e+02  2.323504e+02
     vertex  2.820140e+02  3.641857e+02  2.309616e+02
     vertex  2.820140e+02  3.611857e+02  2.309616e+02
   endloop
 endfacet
 facet normal -9.350162e-01 -1.435701e-14  3.546049e-01
   outer loop
     vertex  2.835710e+02  3.611857e+02  2.339283e+02
     vertex  2.835710e+02  3.641857e+02  2.339283e+02
     vertex  2.829726e+02  3.611857e+02  2.323504e+02
   endloop
 endfacet
 facet normal -9.927089e-01 -1.766770e-14  1.205367e-01
   outer loop
     vertex  2.837744e+02  3.611857e+02  2.356035e+02
     vertex  2.837744e+02  3.641857e+02  2.356035e+02
     vertex  2.835710e+02  3.641857e+02  2.339283e+02
   endloop
 endfacet
 facet normal -9.927089e-01 -1.766474e-14  1.205367e-01
   outer loop
     vertex  2.837744e+02  3.611857e+02  2.356035e+02
     vertex  2.835710e+02  3.641857e+02  2.339283e+02
     vertex  2.835710e+02  3.611857e+02  2.339283e+02
   endloop
 endfacet
 facet normal  9.927089e-01  2.337755e-14  1.205367e-01
   outer loop
     vertex  2.699778e+02  3.611857e+02  7.015122e+02
     vertex  2.697744e+02  3.641857e+02  7.031874e+02
     vertex  2.697744e+02  3.611857e+02  7.031874e+02
   endloop
 endfacet
 facet normal  9.927089e-01  9.135623e-15  1.205367e-01
   outer loop
     vertex  2.699778e+02  3.611857e+02  7.015122e+02
     vertex  2.699778e+02  3.641857e+02  7.015122e+02
     vertex  2.697744e+02  3.641857e+02  7.031874e+02
   endloop
 endfacet
 facet normal  9.350162e-01  1.771651e-14  3.546049e-01
   outer loop
     vertex  2.705762e+02  3.611857e+02  6.999344e+02
     vertex  2.705762e+02  3.641857e+02  6.999344e+02
     vertex  2.699778e+02  3.641857e+02  7.015122e+02
   endloop
 endfacet
 facet normal  8.229839e-01  1.559374e-14  5.680647e-01
   outer loop
     vertex  2.705762e+02  3.611857e+02  6.999344e+02
     vertex  2.715348e+02  3.641857e+02  6.985456e+02
     vertex  2.705762e+02  3.641857e+02  6.999344e+02
   endloop
 endfacet
 facet normal  9.350162e-01  2.686444e-14  3.546049e-01
   outer loop
     vertex  2.705762e+02  3.611857e+02  6.999344e+02
     vertex  2.699778e+02  3.641857e+02  7.015122e+02
     vertex  2.699778e+02  3.611857e+02  7.015122e+02
   endloop
 endfacet
 facet normal  8.229839e-01  4.305432e-14  5.680647e-01
   outer loop
     vertex  2.715348e+02  3.611857e+02  6.985456e+02
     vertex  2.715348e+02  3.641857e+02  6.985456e+02
     vertex  2.705762e+02  3.611857e+02  6.999344e+02
   endloop
 endfacet
 facet normal  6.631227e-01 -0.000000e+00  7.485107e-01
   outer loop
     vertex  2.727979e+02  3.611857e+02  6.974265e+02
     vertex  2.727979e+02  3.641857e+02  6.974265e+02
     vertex  2.715348e+02  3.641857e+02  6.985456e+02
   endloop
 endfacet
 facet normal  4.647232e-01 -0.000000e+00  8.854560e-01
   outer loop
     vertex  2.727979e+02  3.611857e+02  6.974265e+02
     vertex  2.742922e+02  3.641857e+02  6.966423e+02
     vertex  2.727979e+02  3.641857e+02  6.974265e+02
   endloop
 endfacet
 facet normal  6.631227e-01  5.675524e-14  7.485107e-01
   outer loop
     vertex  2.727979e+02  3.611857e+02  6.974265e+02
     vertex  2.715348e+02  3.641857e+02  6.985456e+02
     vertex  2.715348e+02  3.611857e+02  6.985456e+02
   endloop
 endfacet
 facet normal  4.647232e-01  3.355490e-14  8.854560e-01
   outer loop
     vertex  2.742922e+02  3.611857e+02  6.966423e+02
     vertex  2.742922e+02  3.641857e+02  6.966423e+02
     vertex  2.727979e+02  3.611857e+02  6.974265e+02
   endloop
 endfacet
 facet normal  2.393157e-01 -0.000000e+00  9.709418e-01
   outer loop
     vertex  2.759306e+02  3.611857e+02  6.962385e+02
     vertex  2.759306e+02  3.641857e+02  6.962385e+02
     vertex  2.742922e+02  3.641857e+02  6.966423e+02
   endloop
 endfacet
 facet normal  2.393157e-01  3.679880e-14  9.709418e-01
   outer loop
     vertex  2.759306e+02  3.611857e+02  6.962385e+02
     vertex  2.742922e+02  3.641857e+02  6.966423e+02
     vertex  2.742922e+02  3.611857e+02  6.966423e+02
   endloop
 endfacet
 facet normal  0.000000e+00 -0.000000e+00  1.000000e+00
   outer loop
     vertex  2.776181e+02  3.611857e+02  6.962385e+02
     vertex  2.776181e+02  3.641857e+02  6.962385e+02
     vertex  2.759306e+02  3.641857e+02  6.962385e+02
   endloop
 endfacet
 facet normal  0.000000e+00  0.000000e+00  1.000000e+00
   outer loop
     vertex  2.776181e+02  3.611857e+02  6.962385e+02
     vertex  2.759306e+02  3.641857e+02  6.962385e+02
     vertex  2.759306e+02  3.611857e+02  6.962385e+02
   endloop
 endfacet
 facet normal -2.393157e-01  3.679443e-14  9.709418e-01
   outer loop
     vertex  2.792566e+02  3.611857e+02  6.966423e+02
     vertex  2.792566e+02  3.641857e+02  6.966423e+02
     vertex  2.776181e+02  3.641857e+02  6.962385e+02
   endloop
 endfacet
 facet normal -4.647232e-01  3.355490e-14  8.854560e-01
   outer loop
     vertex  2.792566e+02  3.611857e+02  6.966423e+02
     vertex  2.807508e+02  3.641857e+02  6.974265e+02
     vertex  2.792566e+02  3.641857e+02  6.966423e+02
   endloop
 endfacet
 facet normal -2.393157e-01  0.000000e+00  9.709418e-01
   outer loop
     vertex  2.792566e+02  3.611857e+02  6.966423e+02
     vertex  2.776181e+02  3.641857e+02  6.962385e+02
     vertex  2.776181e+02  3.611857e+02  6.962385e+02
   endloop
 endfacet
 facet normal -4.647232e-01  0.000000e+00  8.854560e-01
   outer loop
     vertex  2.807508e+02  3.611857e+02  6.974265e+02
     vertex  2.807508e+02  3.641857e+02  6.974265e+02
     vertex  2.792566e+02  3.611857e+02  6.966423e+02
   endloop
 endfacet
 facet normal -6.631227e-01  2.836527e-14  7.485107e-01
   outer loop
     vertex  2.820140e+02  3.611857e+02  6.985456e+02
     vertex  2.820140e+02  3.641857e+02  6.985456e+02
     vertex  2.807508e+02  3.641857e+02  6.974265e+02
   endloop
 endfacet
 facet normal -6.631227e-01  0.000000e+00  7.485107e-01
   outer loop
     vertex  2.820140e+02  3.611857e+02  6.985456e+02
     vertex  2.807508e+02  3.641857e+02  6.974265e+02
     vertex  2.807508e+02  3.611857e+02  6.974265e+02
   endloop
 endfacet
 facet normal -8.229839e-01 -1.559374e-14  5.680647e-01
   outer loop
     vertex  2.829726e+02  3.611857e+02  6.999344e+02
     vertex  2.829726e+02  3.641857e+02  6.999344e+02
     vertex  2.820140e+02  3.641857e+02  6.985456e+02
   endloop
 endfacet
 facet normal -9.350162e-01 -1.771651e-14  3.546049e-01
   outer loop
     vertex  2.829726e+02  3.611857e+02  6.999344e+02
     vertex  2.835710e+02  3.641857e+02  7.015122e+02
     vertex  2.829726e+02  3.641857e+02  6.999344e+02
   endloop
 endfacet
 facet normal -8.229839e-01  2.153541e-14  5.680647e-01
   outer loop
     vertex  2.829726e+02  3.611857e+02  6.999344e+02
     vertex  2.820140e+02  3.641857e+02  6.985456e+02
     vertex  2.820140e+02  3.611857e+02  6.985456e+02
   endloop
 endfacet
 facet normal -9.350162e-01  1.343797e-14  3.546049e-01
   outer loop
     vertex  2.835710e+02  3.611857e+02  7.015122e+02
     vertex  2.835710e+02  3.641857e+02  7.015122e+02
     vertex  2.829726e+02  3.611857e+02  6.999344e+02
   endloop
 endfacet
 facet normal -9.927089e-01 -1.424184e-14  1.205367e-01
   outer loop
     vertex  2.837744e+02  3.611857e+02  7.031874e+02
     vertex  2.837744e+02  3.641857e+02  7.031874e+02
     vertex  2.835710e+02  3.641857e+02  7.015122e+02
   endloop
 endfacet
 facet normal -9.927089e-01  4.572437e-15  1.205367e-01
   outer loop
     vertex  2.837744e+02  3.611857e+02  7.031874e+02
     vertex  2.835710e+02  3.641857e+02  7.015122e+02
     vertex  2.835710e+02  3.611857e+02  7.015122e+02
   endloop
 endfacet
 facet normal  1.015256e-13  2.087105e-13  1.000000e+00
   outer loop
     vertex  2.612119e+02  3.602588e+02  7.881455e+02
     vertex  2.582571e+02  3.616961e+02  7.881455e+02
     vertex  2.603784e+02  3.595748e+02  7.881455e+02
   endloop
 endfacet
 facet normal  0.000000e+00  0.000000e+00  1.000000e+00
   outer loop
     vertex  2.612119e+02  3.602588e+02  7.881455e+02
     vertex  2.610147e+02  3.635387e+02  7.881455e+02
     vertex  2.595452e+02  3.627532e+02  7.881455e+02
   endloop
 endfacet
 facet normal  0.000000e+00  0.000000e+00  1.000000e+00
   outer loop
     vertex  2.612119e+02  3.602588e+02  7.881455e+02
     vertex  2.595452e+02  3.627532e+02  7.881455e+02
     vertex  2.582571e+02  3.616961e+02  7.881455e+02
   endloop
 endfacet
 facet normal  0.000000e+00  0.000000e+00  1.000000e+00
   outer loop
     vertex  2.621627e+02  3.607670e+02  7.881455e+02
     vertex  2.610147e+02  3.635387e+02  7.881455e+02
     vertex  2.612119e+02  3.602588e+02  7.881455e+02
   endloop
 endfacet
 facet normal  0.000000e+00  0.000000e+00  1.000000e+00
   outer loop
     vertex  2.631945e+02  3.610800e+02  7.881455e+02
     vertex  2.626092e+02  3.640224e+02  7.881455e+02
     vertex  2.610147e+02  3.635387e+02  7.881455e+02
   endloop
 endfacet
 facet normal  0.000000e+00  0.000000e+00  1.000000e+00
   outer loop
     vertex  2.631945e+02  3.610800e+02  7.881455e+02
     vertex  2.610147e+02  3.635387e+02  7.881455e+02
     vertex  2.621627e+02  3.607670e+02  7.881455e+02
   endloop
 endfacet
 facet normal  0.000000e+00  0.000000e+00  1.000000e+00
   outer loop
     vertex  2.642675e+02  3.611857e+02  7.881455e+02
     vertex  2.642675e+02  3.641857e+02  7.881455e+02
     vertex  2.626092e+02  3.640224e+02  7.881455e+02
   endloop
 endfacet
 facet normal  0.000000e+00  0.000000e+00  1.000000e+00
   outer loop
     vertex  2.642675e+02  3.611857e+02  7.881455e+02
     vertex  2.626092e+02  3.640224e+02  7.881455e+02
     vertex  2.631945e+02  3.610800e+02  7.881455e+02
   endloop
 endfacet
 facet normal -3.200164e-01 -5.542877e-01  7.683454e-01
   outer loop
     vertex  2.595046e+02  3.584356e+02  7.863129e+02
     vertex  2.582571e+02  3.616961e+02  7.881455e+02
     vertex  2.569066e+02  3.599355e+02  7.863128e+02
   endloop
 endfacet
 facet normal -3.200306e-01 -5.543123e-01  7.683217e-01
   outer loop
     vertex  2.595046e+02  3.584356e+02  7.863129e+02
     vertex  2.569066e+02  3.599355e+02  7.863128e+02
     vertex  2.560575e+02  3.578856e+02  7.844803e+02
   endloop
 endfacet
 facet normal -5.584373e-01 -5.584373e-01  6.134294e-01
   outer loop
     vertex  2.595046e+02  3.584356e+02  7.863129e+02
     vertex  2.603784e+02  3.595748e+02  7.881455e+02
     vertex  2.582571e+02  3.616961e+02  7.881455e+02
   endloop
 endfacet
 facet normal -1.656548e-01 -6.182263e-01  7.683454e-01
   outer loop
     vertex  2.589552e+02  3.571092e+02  7.844803e+02
     vertex  2.560575e+02  3.578856e+02  7.844803e+02
     vertex  2.557675e+02  3.556857e+02  7.826477e+02
   endloop
 endfacet
 facet normal -2.044085e-01 -7.628465e-01  6.134186e-01
   outer loop
     vertex  2.589552e+02  3.571092e+02  7.844803e+02
     vertex  2.595046e+02  3.584356e+02  7.863129e+02
     vertex  2.560575e+02  3.578856e+02  7.844803e+02
   endloop
 endfacet
 facet normal  0.000000e+00 -7.897495e-01  6.134294e-01
   outer loop
     vertex  2.587675e+02  3.556857e+02  7.826477e+02
     vertex  2.589552e+02  3.571092e+02  7.844803e+02
     vertex  2.557675e+02  3.556857e+02  7.826477e+02
   endloop
 endfacet
 facet normal -1.656548e-01 -6.182263e-01 -7.683454e-01
   outer loop
     vertex  2.589552e+02  3.571092e+02  1.543107e+02
     vertex  2.557675e+02  3.556857e+02  1.561432e+02
     vertex  2.560575e+02  3.578856e+02  1.543106e+02
   endloop
 endfacet
 facet normal -1.656622e-01 -6.182538e-01 -7.683217e-01
   outer loop
     vertex  2.589552e+02  3.571092e+02  1.543107e+02
     vertex  2.560575e+02  3.578856e+02  1.543106e+02
     vertex  2.569066e+02  3.599355e+02  1.524781e+02
   endloop
 endfacet
 facet normal  0.000000e+00 -7.897495e-01 -6.134294e-01
   outer loop
     vertex  2.589552e+02  3.571092e+02  1.543107e+02
     vertex  2.587675e+02  3.556857e+02  1.561432e+02
     vertex  2.557675e+02  3.556857e+02  1.561432e+02
   endloop
 endfacet
 facet normal -3.200164e-01 -5.542877e-01 -7.683454e-01
   outer loop
     vertex  2.595046e+02  3.584356e+02  1.524781e+02
     vertex  2.569066e+02  3.599355e+02  1.524781e+02
     vertex  2.582571e+02  3.616961e+02  1.506455e+02
   endloop
 endfacet
 facet normal -3.948752e-01 -6.839526e-01 -6.134186e-01
   outer loop
     vertex  2.595046e+02  3.584356e+02  1.524781e+02
     vertex  2.589552e+02  3.571092e+02  1.543107e+02
     vertex  2.569066e+02  3.599355e+02  1.524781e+02
   endloop
 endfacet
 facet normal -5.584373e-01 -5.584373e-01 -6.134294e-01
   outer loop
     vertex  2.603784e+02  3.595748e+02  1.506455e+02
     vertex  2.595046e+02  3.584356e+02  1.524781e+02
     vertex  2.582571e+02  3.616961e+02  1.506455e+02
   endloop
 endfacet
 facet normal  0.000000e+00  0.000000e+00 -1.000000e+00
   outer loop
     vertex  2.642675e+02  3.611857e+02  1.506455e+02
     vertex  2.626092e+02  3.640224e+02  1.506455e+02
     vertex  2.642675e+02  3.641857e+02  1.506455e+02
   endloop
 endfacet
 facet normal  0.000000e+00  0.000000e+00 -1.000000e+00
   outer loop
     vertex  2.631945e+02  3.610800e+02  1.506455e+02
     vertex  2.610147e+02  3.635387e+02  1.506455e+02
     vertex  2.626092e+02  3.640224e+02  1.506455e+02
   endloop
 endfacet
 facet normal  0.000000e+00  0.000000e+00 -1.000000e+00
   outer loop
     vertex  2.631945e+02  3.610800e+02  1.506455e+02
     vertex  2.626092e+02  3.640224e+02  1.506455e+02
     vertex  2.642675e+02  3.611857e+02  1.506455e+02
   endloop
 endfacet
 facet normal  0.000000e+00  0.000000e+00 -1.000000e+00
   outer loop
     vertex  2.621627e+02  3.607670e+02  1.506455e+02
     vertex  2.610147e+02  3.635387e+02  1.506455e+02
     vertex  2.631945e+02  3.610800e+02  1.506455e+02
   endloop
 endfacet
 facet normal  0.000000e+00  0.000000e+00 -1.000000e+00
   outer loop
     vertex  2.595452e+02  3.627532e+02  1.506455e+02
     vertex  2.610147e+02  3.635387e+02  1.506455e+02
     vertex  2.621627e+02  3.607670e+02  1.506455e+02
   endloop
 endfacet
 facet normal  0.000000e+00  0.000000e+00 -1.000000e+00
   outer loop
     vertex  2.612119e+02  3.602588e+02  1.506455e+02
     vertex  2.595452e+02  3.627532e+02  1.506455e+02
     vertex  2.621627e+02  3.607670e+02  1.506455e+02
   endloop
 endfacet
 facet normal -8.809640e-14 -5.886413e-14 -1.000000e+00
   outer loop
     vertex  2.603784e+02  3.595748e+02  1.506455e+02
     vertex  2.595452e+02  3.627532e+02  1.506455e+02
     vertex  2.612119e+02  3.602588e+02  1.506455e+02
   endloop
 endfacet
 facet normal  2.415704e-14 -2.943544e-14 -1.000000e+00
   outer loop
     vertex  2.582571e+02  3.616961e+02  1.506455e+02
     vertex  2.595452e+02  3.627532e+02  1.506455e+02
     vertex  2.603784e+02  3.595748e+02  1.506455e+02
   endloop
 endfacet
 facet normal  9.914205e-01 -1.307110e-01  5.168963e-16
   outer loop
     vertex  2.587675e+02  3.556857e+02  1.561432e+02
     vertex  2.589552e+02  3.571092e+02  7.844803e+02
     vertex  2.587675e+02  3.556857e+02  7.826477e+02
   endloop
 endfacet
 facet normal  9.238795e-01 -3.826834e-01  1.208177e-15
   outer loop
     vertex  2.589552e+02  3.571092e+02  1.543107e+02
     vertex  2.595046e+02  3.584356e+02  7.863129e+02
     vertex  2.589552e+02  3.571092e+02  7.844803e+02
   endloop
 endfacet
 facet normal  9.914205e-01 -1.307110e-01  4.126699e-16
   outer loop
     vertex  2.589552e+02  3.571092e+02  1.543107e+02
     vertex  2.589552e+02  3.571092e+02  7.844803e+02
     vertex  2.587675e+02  3.556857e+02  1.561432e+02
   endloop
 endfacet
 facet normal  7.934668e-01 -6.086136e-01  2.036095e-15
   outer loop
     vertex  2.595046e+02  3.584356e+02  1.524781e+02
     vertex  2.603784e+02  3.595748e+02  7.881455e+02
     vertex  2.595046e+02  3.584356e+02  7.863129e+02
   endloop
 endfacet
 facet normal  9.238795e-01 -3.826834e-01  1.318365e-15
   outer loop
     vertex  2.595046e+02  3.584356e+02  1.524781e+02
     vertex  2.595046e+02  3.584356e+02  7.863129e+02
     vertex  2.589552e+02  3.571092e+02  1.543107e+02
   endloop
 endfacet
 facet normal  6.343933e-01 -7.730105e-01  2.525556e-15
   outer loop
     vertex  2.603784e+02  3.595748e+02  1.506455e+02
     vertex  2.612119e+02  3.602588e+02  7.881455e+02
     vertex  2.603784e+02  3.595748e+02  7.881455e+02
   endloop
 endfacet
 facet normal  7.934668e-01 -6.086136e-01  2.040871e-15
   outer loop
     vertex  2.603784e+02  3.595748e+02  1.506455e+02
     vertex  2.603784e+02  3.595748e+02  7.881455e+02
     vertex  2.595046e+02  3.584356e+02  1.524781e+02
   endloop
 endfacet
 facet normal  4.713967e-01 -8.819213e-01  2.915016e-15
   outer loop
     vertex  2.612119e+02  3.602588e+02  1.506455e+02
     vertex  2.621627e+02  3.607670e+02  7.881455e+02
     vertex  2.612119e+02  3.602588e+02  7.881455e+02
   endloop
 endfacet
 facet normal  6.343933e-01 -7.730105e-01  2.594482e-15
   outer loop
     vertex  2.612119e+02  3.602588e+02  1.506455e+02
     vertex  2.612119e+02  3.602588e+02  7.881455e+02
     vertex  2.603784e+02  3.595748e+02  1.506455e+02
   endloop
 endfacet
 facet normal  2.902847e-01 -9.569403e-01  3.157087e-15
   outer loop
     vertex  2.621627e+02  3.607670e+02  1.506455e+02
     vertex  2.631945e+02  3.610800e+02  7.881455e+02
     vertex  2.621627e+02  3.607670e+02  7.881455e+02
   endloop
 endfacet
 facet normal  4.713967e-01 -8.819213e-01  2.909588e-15
   outer loop
     vertex  2.621627e+02  3.607670e+02  1.506455e+02
     vertex  2.621627e+02  3.607670e+02  7.881455e+02
     vertex  2.612119e+02  3.602588e+02  1.506455e+02
   endloop
 endfacet
 facet normal  9.801714e-02 -9.951847e-01  3.292001e-15
   outer loop
     vertex  2.631945e+02  3.610800e+02  1.506455e+02
     vertex  2.642675e+02  3.611857e+02  7.881455e+02
     vertex  2.631945e+02  3.610800e+02  7.881455e+02
   endloop
 endfacet
 facet normal  2.902847e-01 -9.569403e-01  3.182971e-15
   outer loop
     vertex  2.631945e+02  3.610800e+02  1.506455e+02
     vertex  2.631945e+02  3.610800e+02  7.881455e+02
     vertex  2.621627e+02  3.607670e+02  1.506455e+02
   endloop
 endfacet
 facet normal  9.801714e-02 -9.951847e-01  3.283261e-15
   outer loop
     vertex  2.642675e+02  3.611857e+02  1.506455e+02
     vertex  2.642675e+02  3.611857e+02  7.881455e+02
     vertex  2.631945e+02  3.610800e+02  1.506455e+02
   endloop
 endfacet
 facet normal -9.914207e-01  1.307094e-01 -4.269386e-16
   outer loop
     vertex  2.557675e+02  3.556857e+02  1.561432e+02
     vertex  2.557675e+02  3.556857e+02  7.826477e+02
     vertex  2.560575e+02  3.578856e+02  7.844803e+02
   endloop
 endfacet
 facet normal -9.238795e-01  3.826834e-01 -1.291514e-15
   outer loop
     vertex  2.560575e+02  3.578856e+02  1.543106e+02
     vertex  2.560575e+02  3.578856e+02  7.844803e+02
     vertex  2.569066e+02  3.599355e+02  7.863128e+02
   endloop
 endfacet
 facet normal -9.914207e-01  1.307094e-01 -5.020945e-16
   outer loop
     vertex  2.560575e+02  3.578856e+02  1.543106e+02
     vertex  2.557675e+02  3.556857e+02  1.561432e+02
     vertex  2.560575e+02  3.578856e+02  7.844803e+02
   endloop
 endfacet
 facet normal -7.934658e-01  6.086148e-01 -2.107258e-15
   outer loop
     vertex  2.569066e+02  3.599355e+02  1.524781e+02
     vertex  2.569066e+02  3.599355e+02  7.863128e+02
     vertex  2.582571e+02  3.616961e+02  7.881455e+02
   endloop
 endfacet
 facet normal -9.238795e-01  3.826834e-01 -1.401220e-15
   outer loop
     vertex  2.569066e+02  3.599355e+02  1.524781e+02
     vertex  2.560575e+02  3.578856e+02  1.543106e+02
     vertex  2.569066e+02  3.599355e+02  7.863128e+02
   endloop
 endfacet
 facet normal -6.343933e-01  7.730105e-01 -2.582122e-15
   outer loop
     vertex  2.582571e+02  3.616961e+02  1.506455e+02
     vertex  2.582571e+02  3.616961e+02  7.881455e+02
     vertex  2.595452e+02  3.627532e+02  7.881455e+02
   endloop
 endfacet
 facet normal -7.934658e-01  6.086148e-01 -2.111625e-15
   outer loop
     vertex  2.582571e+02  3.616961e+02  1.506455e+02
     vertex  2.569066e+02  3.599355e+02  1.524781e+02
     vertex  2.582571e+02  3.616961e+02  7.881455e+02
   endloop
 endfacet
 facet normal -4.713967e-01  8.819213e-01 -2.915016e-15
   outer loop
     vertex  2.595452e+02  3.627532e+02  1.506455e+02
     vertex  2.595452e+02  3.627532e+02  7.881455e+02
     vertex  2.610147e+02  3.635387e+02  7.881455e+02
   endloop
 endfacet
 facet normal -6.343933e-01  7.730105e-01 -2.594482e-15
   outer loop
     vertex  2.595452e+02  3.627532e+02  1.506455e+02
     vertex  2.582571e+02  3.616961e+02  1.506455e+02
     vertex  2.595452e+02  3.627532e+02  7.881455e+02
   endloop
 endfacet
 facet normal -2.902847e-01  9.569403e-01 -3.123528e-15
   outer loop
     vertex  2.610147e+02  3.635387e+02  1.506455e+02
     vertex  2.610147e+02  3.635387e+02  7.881455e+02
     vertex  2.626092e+02  3.640224e+02  7.881455e+02
   endloop
 endfacet
 facet normal -4.713967e-01  8.819213e-01 -2.915016e-15
   outer loop
     vertex  2.610147e+02  3.635387e+02  1.506455e+02
     vertex  2.595452e+02  3.627532e+02  1.506455e+02
     vertex  2.610147e+02  3.635387e+02  7.881455e+02
   endloop
 endfacet
 facet normal -9.801714e-02  9.951847e-01 -3.212004e-15
   outer loop
     vertex  2.626092e+02  3.640224e+02  1.506455e+02
     vertex  2.626092e+02  3.640224e+02  7.881455e+02
     vertex  2.642675e+02  3.641857e+02  7.881455e+02
   endloop
 endfacet
 facet normal -2.902847e-01  9.569403e-01 -3.123528e-15
   outer loop
     vertex  2.626092e+02  3.640224e+02  1.506455e+02
     vertex  2.610147e+02  3.635387e+02  1.506455e+02
     vertex  2.626092e+02  3.640224e+02  7.881455e+02
   endloop
 endfacet
 facet normal -9.801714e-02  9.951847e-01 -3.292001e-15
   outer loop
     vertex  2.642675e+02  3.641857e+02  1.506455e+02
     vertex  2.626092e+02  3.640224e+02  1.506455e+02
     vertex  2.642675e+02  3.641857e+02  7.881455e+02
   endloop
 endfacet
 facet normal  1.894781e-14 -1.000000e+00  5.210213e-16
   outer loop
     vertex  2.587675e+02  3.151835e+02  7.421455e+02
     vertex  2.557675e+02  3.151835e+02  1.966455e+02
     vertex  2.587675e+02  3.151835e+02  1.966455e+02
   endloop
 endfacet
 facet normal  0.000000e+00 -1.000000e+00  6.252255e-16
   outer loop
     vertex  2.587675e+02  3.151835e+02  7.421455e+02
     vertex  2.557675e+02  3.151835e+02  7.421455e+02
     vertex  2.557675e+02  3.151835e+02  1.966455e+02
   endloop
 endfacet
 facet normal  1.000000e+00  8.511518e-15  9.073107e-17
   outer loop
     vertex  2.587675e+02  3.151835e+02  1.966455e+02
     vertex  2.587675e+02  3.556857e+02  1.561432e+02
     vertex  2.587675e+02  3.556857e+02  7.826477e+02
   endloop
 endfacet
 facet normal  1.000000e+00  9.824252e-15 -5.118644e-30
   outer loop
     vertex  2.587675e+02  3.151835e+02  1.966455e+02
     vertex  2.587675e+02  3.556857e+02  7.826477e+02
     vertex  2.587675e+02  3.151835e+02  7.421455e+02
   endloop
 endfacet
 facet normal  0.000000e+00 -7.071068e-01  7.071068e-01
   outer loop
     vertex  2.557675e+02  3.151835e+02  7.421455e+02
     vertex  2.587675e+02  3.556857e+02  7.826477e+02
     vertex  2.557675e+02  3.556857e+02  7.826477e+02
   endloop
 endfacet
 facet normal  0.000000e+00 -7.071068e-01  7.071068e-01
   outer loop
     vertex  2.587675e+02  3.151835e+02  7.421455e+02
     vertex  2.587675e+02  3.556857e+02  7.826477e+02
     vertex  2.557675e+02  3.151835e+02  7.421455e+02
   endloop
 endfacet
 facet normal -1.000000e+00 -9.720047e-15 -1.042043e-16
   outer loop
     vertex  2.557675e+02  3.151835e+02  1.966455e+02
     vertex  2.557675e+02  3.151835e+02  7.421455e+02
     vertex  2.557675e+02  3.556857e+02  7.826477e+02
   endloop
 endfacet
 facet normal -1.000000e+00 -1.122772e-14  3.667330e-29
   outer loop
     vertex  2.557675e+02  3.556857e+02  1.561432e+02
     vertex  2.557675e+02  3.151835e+02  1.966455e+02
     vertex  2.557675e+02  3.556857e+02  7.826477e+02
   endloop
 endfacet
 facet normal  1.339812e-14 -7.071068e-01 -7.071068e-01
   outer loop
     vertex  2.587675e+02  3.151835e+02  1.966455e+02
     vertex  2.557675e+02  3.151835e+02  1.966455e+02
     vertex  2.557675e+02  3.556857e+02  1.561432e+02
   endloop
 endfacet
 facet normal  0.000000e+00 -7.071068e-01 -7.071068e-01
   outer loop
     vertex  2.587675e+02  3.151835e+02  1.966455e+02
     vertex  2.557675e+02  3.556857e+02  1.561432e+02
     vertex  2.587675e+02  3.556857e+02  1.561432e+02
   endloop
 endfacet
 facet normal  0.000000e+00 -1.000000e+00  6.356459e-15
   outer loop
     vertex  3.047719e+02  3.151835e+02  7.421455e+02
     vertex  3.047719e+02  3.151835e+02  1.966455e+02
     vertex  3.077719e+02  3.151835e+02  1.966455e+02
   endloop
 endfacet
 facet normal  0.000000e+00 -1.000000e+00  6.356459e-15
   outer loop
     vertex  3.047719e+02  3.151835e+02  7.421455e+02
     vertex  3.077719e+02  3.151835e+02  1.966455e+02
     vertex  3.077719e+02  3.151835e+02  7.421455e+02
   endloop
 endfacet
 facet normal -1.000000e+00 -1.403465e-15  8.921065e-30
   outer loop
     vertex  3.047719e+02  3.151835e+02  1.966455e+02
     vertex  3.047719e+02  3.151835e+02  7.421455e+02
     vertex  3.047719e+02  3.556857e+02  7.826477e+02
   endloop
 endfacet
 facet normal -1.000000e+00 -1.403465e-15  4.584162e-30
   outer loop
     vertex  3.047719e+02  3.556857e+02  1.561432e+02
     vertex  3.047719e+02  3.151835e+02  1.966455e+02
     vertex  3.047719e+02  3.556857e+02  7.826477e+02
   endloop
 endfacet
 facet normal  0.000000e+00 -7.071068e-01 -7.071068e-01
   outer loop
     vertex  3.047719e+02  3.151835e+02  1.966455e+02
     vertex  3.047719e+02  3.556857e+02  1.561432e+02
     vertex  3.077719e+02  3.556857e+02  1.561432e+02
   endloop
 endfacet
 facet normal  0.000000e+00 -7.071068e-01 -7.071068e-01
   outer loop
     vertex  3.047719e+02  3.151835e+02  1.966455e+02
     vertex  3.077719e+02  3.556857e+02  1.561432e+02
     vertex  3.077719e+02  3.151835e+02  1.966455e+02
   endloop
 endfacet
 facet normal  1.000000e+00  1.403465e-15 -8.921065e-30
   outer loop
     vertex  3.077719e+02  3.556857e+02  1.561432e+02
     vertex  3.077719e+02  3.151835e+02  7.421455e+02
     vertex  3.077719e+02  3.151835e+02  1.966455e+02
   endloop
 endfacet
 facet normal  1.000000e+00  1.403465e-15 -4.584162e-30
   outer loop
     vertex  3.077719e+02  3.556857e+02  1.561432e+02
     vertex  3.077719e+02  3.556857e+02  7.826477e+02
     vertex  3.077719e+02  3.151835e+02  7.421455e+02
   endloop
 endfacet
 facet normal  0.000000e+00 -7.071068e-01  7.071068e-01
   outer loop
     vertex  3.077719e+02  3.151835e+02  7.421455e+02
     vertex  3.077719e+02  3.556857e+02  7.826477e+02
     vertex  3.047719e+02  3.556857e+02  7.826477e+02
   endloop
 endfacet
 facet normal  0.000000e+00 -7.071068e-01  7.071068e-01
   outer loop
     vertex  3.047719e+02  3.151835e+02  7.421455e+02
     vertex  3.077719e+02  3.151835e+02  7.421455e+02
     vertex  3.047719e+02  3.556857e+02  7.826477e+02
   endloop
 endfacet
 facet normal  1.656548e-01 -6.182263e-01  7.683454e-01
   outer loop
     vertex  3.045843e+02  3.571092e+02  7.844803e+02
     vertex  3.077719e+02  3.556857e+02  7.826477e+02
     vertex  3.074819e+02  3.578856e+02  7.844803e+02
   endloop
 endfacet
 facet normal  0.000000e+00 -7.897495e-01  6.134294e-01
   outer loop
     vertex  3.045843e+02  3.571092e+02  7.844803e+02
     vertex  3.047719e+02  3.556857e+02  7.826477e+02
     vertex  3.077719e+02  3.556857e+02  7.826477e+02
   endloop
 endfacet
 facet normal  3.200306e-01 -5.543123e-01  7.683217e-01
   outer loop
     vertex  3.040348e+02  3.584356e+02  7.863129e+02
     vertex  3.074819e+02  3.578856e+02  7.844803e+02
     vertex  3.066328e+02  3.599355e+02  7.863128e+02
   endloop
 endfacet
 facet normal  3.200164e-01 -5.542877e-01  7.683454e-01
   outer loop
     vertex  3.040348e+02  3.584356e+02  7.863129e+02
     vertex  3.066328e+02  3.599355e+02  7.863128e+02
     vertex  3.052823e+02  3.616961e+02  7.881455e+02
   endloop
 endfacet
 facet normal  2.044085e-01 -7.628465e-01  6.134186e-01
   outer loop
     vertex  3.040348e+02  3.584356e+02  7.863129e+02
     vertex  3.045843e+02  3.571092e+02  7.844803e+02
     vertex  3.074819e+02  3.578856e+02  7.844803e+02
   endloop
 endfacet
 facet normal  5.584373e-01 -5.584373e-01  6.134294e-01
   outer loop
     vertex  3.031610e+02  3.595748e+02  7.881455e+02
     vertex  3.040348e+02  3.584356e+02  7.863129e+02
     vertex  3.052823e+02  3.616961e+02  7.881455e+02
   endloop
 endfacet
 facet normal  2.415704e-14  2.943544e-14  1.000000e+00
   outer loop
     vertex  3.031610e+02  3.595748e+02  7.881455e+02
     vertex  3.052823e+02  3.616961e+02  7.881455e+02
     vertex  3.039943e+02  3.627532e+02  7.881455e+02
   endloop
 endfacet
 facet normal  0.000000e+00  0.000000e+00  1.000000e+00
   outer loop
     vertex  3.023276e+02  3.602588e+02  7.881455e+02
     vertex  3.039943e+02  3.627532e+02  7.881455e+02
     vertex  3.025247e+02  3.635387e+02  7.881455e+02
   endloop
 endfacet
 facet normal -8.809640e-14  5.886413e-14  1.000000e+00
   outer loop
     vertex  3.023276e+02  3.602588e+02  7.881455e+02
     vertex  3.031610e+02  3.595748e+02  7.881455e+02
     vertex  3.039943e+02  3.627532e+02  7.881455e+02
   endloop
 endfacet
 facet normal  0.000000e+00 -0.000000e+00  1.000000e+00
   outer loop
     vertex  3.013767e+02  3.607670e+02  7.881455e+02
     vertex  3.025247e+02  3.635387e+02  7.881455e+02
     vertex  3.009302e+02  3.640224e+02  7.881455e+02
   endloop
 endfacet
 facet normal -0.000000e+00  0.000000e+00  1.000000e+00
   outer loop
     vertex  3.013767e+02  3.607670e+02  7.881455e+02
     vertex  3.023276e+02  3.602588e+02  7.881455e+02
     vertex  3.025247e+02  3.635387e+02  7.881455e+02
   endloop
 endfacet
 facet normal  0.000000e+00 -0.000000e+00  1.000000e+00
   outer loop
     vertex  3.003449e+02  3.610800e+02  7.881455e+02
     vertex  3.009302e+02  3.640224e+02  7.881455e+02
     vertex  2.992719e+02  3.641857e+02  7.881455e+02
   endloop
 endfacet
 facet normal -0.000000e+00  0.000000e+00  1.000000e+00
   outer loop
     vertex  3.003449e+02  3.610800e+02  7.881455e+02
     vertex  3.013767e+02  3.607670e+02  7.881455e+02
     vertex  3.009302e+02  3.640224e+02  7.881455e+02
   endloop
 endfacet
 facet normal -0.000000e+00  0.000000e+00  1.000000e+00
   outer loop
     vertex  2.992719e+02  3.611857e+02  7.881455e+02
     vertex  3.003449e+02  3.610800e+02  7.881455e+02
     vertex  2.992719e+02  3.641857e+02  7.881455e+02
   endloop
 endfacet
 facet normal  5.076278e-14 -1.043553e-13 -1.000000e+00
   outer loop
     vertex  3.023276e+02  3.602588e+02  1.506455e+02
     vertex  3.052823e+02  3.616961e+02  1.506455e+02
     vertex  3.031610e+02  3.595748e+02  1.506455e+02
   endloop
 endfacet
 facet normal  0.000000e+00 -0.000000e+00 -1.000000e+00
   outer loop
     vertex  3.039943e+02  3.627532e+02  1.506455e+02
     vertex  3.052823e+02  3.616961e+02  1.506455e+02
     vertex  3.023276e+02  3.602588e+02  1.506455e+02
   endloop
 endfacet
 facet normal  0.000000e+00  0.000000e+00 -1.000000e+00
   outer loop
     vertex  3.025247e+02  3.635387e+02  1.506455e+02
     vertex  3.023276e+02  3.602588e+02  1.506455e+02
     vertex  3.013767e+02  3.607670e+02  1.506455e+02
   endloop
 endfacet
 facet normal  0.000000e+00 -0.000000e+00 -1.000000e+00
   outer loop
     vertex  3.025247e+02  3.635387e+02  1.506455e+02
     vertex  3.039943e+02  3.627532e+02  1.506455e+02
     vertex  3.023276e+02  3.602588e+02  1.506455e+02
   endloop
 endfacet
 facet normal  0.000000e+00 -0.000000e+00 -1.000000e+00
   outer loop
     vertex  3.009302e+02  3.640224e+02  1.506455e+02
     vertex  3.013767e+02  3.607670e+02  1.506455e+02
     vertex  3.003449e+02  3.610800e+02  1.506455e+02
   endloop
 endfacet
 facet normal  0.000000e+00  0.000000e+00 -1.000000e+00
   outer loop
     vertex  3.009302e+02  3.640224e+02  1.506455e+02
     vertex  3.025247e+02  3.635387e+02  1.506455e+02
     vertex  3.013767e+02  3.607670e+02  1.506455e+02
   endloop
 endfacet
 facet normal  0.000000e+00  0.000000e+00 -1.000000e+00
   outer loop
     vertex  2.992719e+02  3.641857e+02  1.506455e+02
     vertex  3.003449e+02  3.610800e+02  1.506455e+02
     vertex  2.992719e+02  3.611857e+02  1.506455e+02
   endloop
 endfacet
 facet normal  0.000000e+00  0.000000e+00 -1.000000e+00
   outer loop
     vertex  2.992719e+02  3.641857e+02  1.506455e+02
     vertex  3.009302e+02  3.640224e+02  1.506455e+02
     vertex  3.003449e+02  3.610800e+02  1.506455e+02
   endloop
 endfacet
 facet normal  5.584373e-01 -5.584373e-01 -6.134294e-01
   outer loop
     vertex  3.040348e+02  3.584356e+02  1.524781e+02
     vertex  3.031610e+02  3.595748e+02  1.506455e+02
     vertex  3.052823e+02  3.616961e+02  1.506455e+02
   endloop
 endfacet
 facet normal  3.200164e-01 -5.542877e-01 -7.683454e-01
   outer loop
     vertex  3.040348e+02  3.584356e+02  1.524781e+02
     vertex  3.052823e+02  3.616961e+02  1.506455e+02
     vertex  3.066328e+02  3.599355e+02  1.524781e+02
   endloop
 endfacet
 facet normal  3.200306e-01 -5.543123e-01 -7.683217e-01
   outer loop
     vertex  3.040348e+02  3.584356e+02  1.524781e+02
     vertex  3.066328e+02  3.599355e+02  1.524781e+02
     vertex  3.074819e+02  3.578856e+02  1.543106e+02
   endloop
 endfacet
 facet normal  1.656548e-01 -6.182263e-01 -7.683454e-01
   outer loop
     vertex  3.045843e+02  3.571092e+02  1.543107e+02
     vertex  3.074819e+02  3.578856e+02  1.543106e+02
     vertex  3.077719e+02  3.556857e+02  1.561432e+02
   endloop
 endfacet
 facet normal  2.044085e-01 -7.628465e-01 -6.134186e-01
   outer loop
     vertex  3.045843e+02  3.571092e+02  1.543107e+02
     vertex  3.040348e+02  3.584356e+02  1.524781e+02
     vertex  3.074819e+02  3.578856e+02  1.543106e+02
   endloop
 endfacet
 facet normal  0.000000e+00 -7.897495e-01 -6.134294e-01
   outer loop
     vertex  3.047719e+02  3.556857e+02  1.561432e+02
     vertex  3.045843e+02  3.571092e+02  1.543107e+02
     vertex  3.077719e+02  3.556857e+02  1.561432e+02
   endloop
 endfacet
 facet normal -9.801714e-02 -9.951847e-01  3.168305e-15
   outer loop
     vertex  2.992719e+02  3.611857e+02  1.506455e+02
     vertex  3.003449e+02  3.610800e+02  7.881455e+02
     vertex  2.992719e+02  3.611857e+02  7.881455e+02
   endloop
 endfacet
 facet normal -2.902847e-01 -9.569403e-01  3.131204e-15
   outer loop
     vertex  3.003449e+02  3.610800e+02  1.506455e+02
     vertex  3.013767e+02  3.607670e+02  7.881455e+02
     vertex  3.003449e+02  3.610800e+02  7.881455e+02
   endloop
 endfacet
 facet normal -9.801714e-02 -9.951847e-01  3.274521e-15
   outer loop
     vertex  3.003449e+02  3.610800e+02  1.506455e+02
     vertex  3.003449e+02  3.610800e+02  7.881455e+02
     vertex  2.992719e+02  3.611857e+02  1.506455e+02
   endloop
 endfacet
 facet normal -4.713967e-01 -8.819213e-01  2.909588e-15
   outer loop
     vertex  3.013767e+02  3.607670e+02  1.506455e+02
     vertex  3.023276e+02  3.602588e+02  7.881455e+02
     vertex  3.013767e+02  3.607670e+02  7.881455e+02
   endloop
 endfacet
 facet normal -2.902847e-01 -9.569403e-01  3.157087e-15
   outer loop
     vertex  3.013767e+02  3.607670e+02  1.506455e+02
     vertex  3.013767e+02  3.607670e+02  7.881455e+02
     vertex  3.003449e+02  3.610800e+02  1.506455e+02
   endloop
 endfacet
 facet normal -6.343933e-01 -7.730105e-01  2.550275e-15
   outer loop
     vertex  3.023276e+02  3.602588e+02  1.506455e+02
     vertex  3.031610e+02  3.595748e+02  7.881455e+02
     vertex  3.023276e+02  3.602588e+02  7.881455e+02
   endloop
 endfacet
 facet normal -4.713967e-01 -8.819213e-01  2.909588e-15
   outer loop
     vertex  3.023276e+02  3.602588e+02  1.506455e+02
     vertex  3.023276e+02  3.602588e+02  7.881455e+02
     vertex  3.013767e+02  3.607670e+02  1.506455e+02
   endloop
 endfacet
 facet normal -7.934668e-01 -6.086136e-01  2.007906e-15
   outer loop
     vertex  3.031610e+02  3.595748e+02  1.506455e+02
     vertex  3.040348e+02  3.584356e+02  7.863129e+02
     vertex  3.031610e+02  3.595748e+02  7.881455e+02
   endloop
 endfacet
 facet normal -6.343933e-01 -7.730105e-01  2.550275e-15
   outer loop
     vertex  3.031610e+02  3.595748e+02  1.506455e+02
     vertex  3.031610e+02  3.595748e+02  7.881455e+02
     vertex  3.023276e+02  3.602588e+02  1.506455e+02
   endloop
 endfacet
 facet normal -9.238795e-01 -3.826834e-01  1.269830e-15
   outer loop
     vertex  3.040348e+02  3.584356e+02  1.524781e+02
     vertex  3.045843e+02  3.571092e+02  7.844803e+02
     vertex  3.040348e+02  3.584356e+02  7.863129e+02
   endloop
 endfacet
 facet normal -7.934668e-01 -6.086136e-01  2.019517e-15
   outer loop
     vertex  3.040348e+02  3.584356e+02  1.524781e+02
     vertex  3.040348e+02  3.584356e+02  7.863129e+02
     vertex  3.031610e+02  3.595748e+02  1.506455e+02
   endloop
 endfacet
 facet normal -9.914205e-01 -1.307110e-01  4.244605e-16
   outer loop
     vertex  3.045843e+02  3.571092e+02  1.543107e+02
     vertex  3.047719e+02  3.556857e+02  7.826477e+02
     vertex  3.045843e+02  3.571092e+02  7.844803e+02
   endloop
 endfacet
 facet normal -9.238795e-01 -3.826834e-01  1.242696e-15
   outer loop
     vertex  3.045843e+02  3.571092e+02  1.543107e+02
     vertex  3.045843e+02  3.571092e+02  7.844803e+02
     vertex  3.040348e+02  3.584356e+02  1.524781e+02
   endloop
 endfacet
 facet normal -9.914205e-01 -1.307110e-01  4.269437e-16
   outer loop
     vertex  3.047719e+02  3.556857e+02  1.561432e+02
     vertex  3.047719e+02  3.556857e+02  7.826477e+02
     vertex  3.045843e+02  3.571092e+02  1.543107e+02
   endloop
 endfacet
 facet normal  9.801714e-02  9.951847e-01 -3.265784e-15
   outer loop
     vertex  3.009302e+02  3.640224e+02  1.506455e+02
     vertex  2.992719e+02  3.641857e+02  1.506455e+02
     vertex  2.992719e+02  3.641857e+02  7.881455e+02
   endloop
 endfacet
 facet normal  9.801714e-02  9.951847e-01 -3.283261e-15
   outer loop
     vertex  3.009302e+02  3.640224e+02  1.506455e+02
     vertex  2.992719e+02  3.641857e+02  7.881455e+02
     vertex  3.009302e+02  3.640224e+02  7.881455e+02
   endloop
 endfacet
 facet normal  2.902847e-01  9.569403e-01 -3.157087e-15
   outer loop
     vertex  3.025247e+02  3.635387e+02  1.506455e+02
     vertex  3.009302e+02  3.640224e+02  7.881455e+02
     vertex  3.025247e+02  3.635387e+02  7.881455e+02
   endloop
 endfacet
 facet normal  2.902847e-01  9.569403e-01 -3.157088e-15
   outer loop
     vertex  3.025247e+02  3.635387e+02  1.506455e+02
     vertex  3.009302e+02  3.640224e+02  1.506455e+02
     vertex  3.009302e+02  3.640224e+02  7.881455e+02
   endloop
 endfacet
 facet normal  6.343933e-01  7.730105e-01 -2.550275e-15
   outer loop
     vertex  3.039943e+02  3.627532e+02  1.506455e+02
     vertex  3.039943e+02  3.627532e+02  7.881455e+02
     vertex  3.052823e+02  3.616961e+02  7.881455e+02
   endloop
 endfacet
 facet normal  4.713967e-01  8.819213e-01 -2.909588e-15
   outer loop
     vertex  3.039943e+02  3.627532e+02  1.506455e+02
     vertex  3.025247e+02  3.635387e+02  7.881455e+02
     vertex  3.039943e+02  3.627532e+02  7.881455e+02
   endloop
 endfacet
 facet normal  4.713967e-01  8.819213e-01 -2.909492e-15
   outer loop
     vertex  3.039943e+02  3.627532e+02  1.506455e+02
     vertex  3.025247e+02  3.635387e+02  1.506455e+02
     vertex  3.025247e+02  3.635387e+02  7.881455e+02
   endloop
 endfacet
 facet normal  7.934658e-01  6.086148e-01 -2.062178e-15
   outer loop
     vertex  3.052823e+02  3.616961e+02  1.506455e+02
     vertex  3.052823e+02  3.616961e+02  7.881455e+02
     vertex  3.066328e+02  3.599355e+02  7.863128e+02
   endloop
 endfacet
 facet normal  6.343933e-01  7.730105e-01 -2.619202e-15
   outer loop
     vertex  3.052823e+02  3.616961e+02  1.506455e+02
     vertex  3.039943e+02  3.627532e+02  1.506455e+02
     vertex  3.052823e+02  3.616961e+02  7.881455e+02
   endloop
 endfacet
 facet normal  9.238795e-01  3.826834e-01 -1.221294e-15
   outer loop
     vertex  3.066328e+02  3.599355e+02  1.524781e+02
     vertex  3.066328e+02  3.599355e+02  7.863128e+02
     vertex  3.074819e+02  3.578856e+02  7.844803e+02
   endloop
 endfacet
 facet normal  7.934658e-01  6.086148e-01 -2.002943e-15
   outer loop
     vertex  3.066328e+02  3.599355e+02  1.524781e+02
     vertex  3.052823e+02  3.616961e+02  1.506455e+02
     vertex  3.066328e+02  3.599355e+02  7.863128e+02
   endloop
 endfacet
 facet normal  9.914207e-01  1.307094e-01 -4.244554e-16
   outer loop
     vertex  3.074819e+02  3.578856e+02  1.543106e+02
     vertex  3.074819e+02  3.578856e+02  7.844803e+02
     vertex  3.077719e+02  3.556857e+02  7.826477e+02
   endloop
 endfacet
 facet normal  9.238795e-01  3.826834e-01 -1.242696e-15
   outer loop
     vertex  3.074819e+02  3.578856e+02  1.543106e+02
     vertex  3.066328e+02  3.599355e+02  1.524781e+02
     vertex  3.074819e+02  3.578856e+02  7.844803e+02
   endloop
 endfacet
 facet normal  9.914207e-01  1.307094e-01 -4.269386e-16
   outer loop
     vertex  3.077719e+02  3.556857e+02  1.561432e+02
     vertex  3.074819e+02  3.578856e+02  1.543106e+02
     vertex  3.077719e+02  3.556857e+02  7.826477e+02
   endloop
 endfacet
 facet normal  9.927089e-01  0.000000e+00 -1.205367e-01
   outer loop
     vertex  2.764295e+02  3.641857e+02  5.409305e+02
     vertex  2.762697e+02  3.611857e+02  5.396142e+02
     vertex  2.762697e+02  3.641857e+02  5.396142e+02
   endloop
 endfacet
 facet normal  9.927089e-01  0.000000e+00 -1.205367e-01
   outer loop
     vertex  2.764295e+02  3.641857e+02  5.409305e+02
     vertex  2.764295e+02  3.611857e+02  5.409305e+02
     vertex  2.762697e+02  3.611857e+02  5.396142e+02
   endloop
 endfacet
 facet normal  9.350162e-01  0.000000e+00 -3.546049e-01
   outer loop
     vertex  2.768997e+02  3.641857e+02  5.421702e+02
     vertex  2.768997e+02  3.611857e+02  5.421702e+02
     vertex  2.764295e+02  3.611857e+02  5.409305e+02
   endloop
 endfacet
 facet normal  9.350162e-01  0.000000e+00 -3.546049e-01
   outer loop
     vertex  2.768997e+02  3.641857e+02  5.421702e+02
     vertex  2.764295e+02  3.611857e+02  5.409305e+02
     vertex  2.764295e+02  3.641857e+02  5.409305e+02
   endloop
 endfacet
 facet normal  8.229839e-01  0.000000e+00 -5.680647e-01
   outer loop
     vertex  2.776529e+02  3.641857e+02  5.432614e+02
     vertex  2.776529e+02  3.611857e+02  5.432614e+02
     vertex  2.768997e+02  3.611857e+02  5.421702e+02
   endloop
 endfacet
 facet normal  8.229839e-01  0.000000e+00 -5.680647e-01
   outer loop
     vertex  2.776529e+02  3.641857e+02  5.432614e+02
     vertex  2.768997e+02  3.611857e+02  5.421702e+02
     vertex  2.768997e+02  3.641857e+02  5.421702e+02
   endloop
 endfacet
 facet normal  6.631227e-01  0.000000e+00 -7.485107e-01
   outer loop
     vertex  2.786454e+02  3.641857e+02  5.441406e+02
     vertex  2.786454e+02  3.611857e+02  5.441406e+02
     vertex  2.776529e+02  3.611857e+02  5.432614e+02
   endloop
 endfacet
 facet normal  6.631227e-01  0.000000e+00 -7.485107e-01
   outer loop
     vertex  2.786454e+02  3.641857e+02  5.441406e+02
     vertex  2.776529e+02  3.611857e+02  5.432614e+02
     vertex  2.776529e+02  3.641857e+02  5.432614e+02
   endloop
 endfacet
 facet normal  4.647232e-01 -3.355490e-14 -8.854560e-01
   outer loop
     vertex  2.798194e+02  3.641857e+02  5.447568e+02
     vertex  2.798194e+02  3.611857e+02  5.447568e+02
     vertex  2.786454e+02  3.611857e+02  5.441406e+02
   endloop
 endfacet
 facet normal  4.647232e-01  0.000000e+00 -8.854560e-01
   outer loop
     vertex  2.798194e+02  3.641857e+02  5.447568e+02
     vertex  2.786454e+02  3.611857e+02  5.441406e+02
     vertex  2.786454e+02  3.641857e+02  5.441406e+02
   endloop
 endfacet
 facet normal  2.393157e-01  0.000000e+00 -9.709418e-01
   outer loop
     vertex  2.811068e+02  3.641857e+02  5.450741e+02
     vertex  2.811068e+02  3.611857e+02  5.450741e+02
     vertex  2.798194e+02  3.611857e+02  5.447568e+02
   endloop
 endfacet
 facet normal  2.393157e-01 -3.680079e-14 -9.709418e-01
   outer loop
     vertex  2.811068e+02  3.641857e+02  5.450741e+02
     vertex  2.798194e+02  3.611857e+02  5.447568e+02
     vertex  2.798194e+02  3.641857e+02  5.447568e+02
   endloop
 endfacet
 facet normal  0.000000e+00 -0.000000e+00 -1.000000e+00
   outer loop
     vertex  2.824327e+02  3.641857e+02  5.450741e+02
     vertex  2.824327e+02  3.611857e+02  5.450741e+02
     vertex  2.811068e+02  3.611857e+02  5.450741e+02
   endloop
 endfacet
 facet normal -0.000000e+00  0.000000e+00 -1.000000e+00
   outer loop
     vertex  2.824327e+02  3.641857e+02  5.450741e+02
     vertex  2.811068e+02  3.611857e+02  5.450741e+02
     vertex  2.811068e+02  3.641857e+02  5.450741e+02
   endloop
 endfacet
 facet normal -2.393157e-01 -4.132894e-14 -9.709418e-01
   outer loop
     vertex  2.837200e+02  3.641857e+02  5.447568e+02
     vertex  2.837200e+02  3.611857e+02  5.447568e+02
     vertex  2.824327e+02  3.611857e+02  5.450741e+02
   endloop
 endfacet
 facet normal -2.393157e-01 -4.535555e-15 -9.709418e-01
   outer loop
     vertex  2.837200e+02  3.641857e+02  5.447568e+02
     vertex  2.824327e+02  3.611857e+02  5.450741e+02
     vertex  2.824327e+02  3.641857e+02  5.450741e+02
   endloop
 endfacet
 facet normal -4.647232e-01 -8.805485e-15 -8.854560e-01
   outer loop
     vertex  2.848941e+02  3.641857e+02  5.441406e+02
     vertex  2.848941e+02  3.611857e+02  5.441406e+02
     vertex  2.837200e+02  3.611857e+02  5.447568e+02
   endloop
 endfacet
 facet normal -4.647232e-01 -4.236906e-14 -8.854560e-01
   outer loop
     vertex  2.848941e+02  3.641857e+02  5.441406e+02
     vertex  2.837200e+02  3.611857e+02  5.447568e+02
     vertex  2.837200e+02  3.641857e+02  5.447568e+02
   endloop
 endfacet
 facet normal -6.631227e-01 -0.000000e+00 -7.485107e-01
   outer loop
     vertex  2.858865e+02  3.641857e+02  5.432614e+02
     vertex  2.858865e+02  3.611857e+02  5.432614e+02
     vertex  2.848941e+02  3.611857e+02  5.441406e+02
   endloop
 endfacet
 facet normal -6.631227e-01 -1.258791e-14 -7.485107e-01
   outer loop
     vertex  2.858865e+02  3.641857e+02  5.432614e+02
     vertex  2.848941e+02  3.611857e+02  5.441406e+02
     vertex  2.848941e+02  3.641857e+02  5.441406e+02
   endloop
 endfacet
 facet normal -8.229839e-01 -0.000000e+00 -5.680647e-01
   outer loop
     vertex  2.866397e+02  3.641857e+02  5.421702e+02
     vertex  2.866397e+02  3.611857e+02  5.421702e+02
     vertex  2.858865e+02  3.611857e+02  5.432614e+02
   endloop
 endfacet
 facet normal -8.229839e-01  0.000000e+00 -5.680647e-01
   outer loop
     vertex  2.866397e+02  3.641857e+02  5.421702e+02
     vertex  2.858865e+02  3.611857e+02  5.432614e+02
     vertex  2.858865e+02  3.641857e+02  5.432614e+02
   endloop
 endfacet
 facet normal -9.350162e-01 -0.000000e+00 -3.546049e-01
   outer loop
     vertex  2.871099e+02  3.641857e+02  5.409305e+02
     vertex  2.871099e+02  3.611857e+02  5.409305e+02
     vertex  2.866397e+02  3.611857e+02  5.421702e+02
   endloop
 endfacet
 facet normal -9.350162e-01  0.000000e+00 -3.546049e-01
   outer loop
     vertex  2.871099e+02  3.641857e+02  5.409305e+02
     vertex  2.866397e+02  3.611857e+02  5.421702e+02
     vertex  2.866397e+02  3.641857e+02  5.421702e+02
   endloop
 endfacet
 facet normal -9.927089e-01 -0.000000e+00 -1.205367e-01
   outer loop
     vertex  2.872697e+02  3.641857e+02  5.396142e+02
     vertex  2.872697e+02  3.611857e+02  5.396142e+02
     vertex  2.871099e+02  3.611857e+02  5.409305e+02
   endloop
 endfacet
 facet normal -9.927089e-01  0.000000e+00 -1.205367e-01
   outer loop
     vertex  2.872697e+02  3.641857e+02  5.396142e+02
     vertex  2.871099e+02  3.611857e+02  5.409305e+02
     vertex  2.871099e+02  3.641857e+02  5.409305e+02
   endloop
 endfacet
 facet normal  1.000000e+00  0.000000e+00 -0.000000e+00
   outer loop
     vertex  2.762697e+02  3.641857e+02  5.351582e+02
     vertex  2.762697e+02  3.641857e+02  5.396142e+02
     vertex  2.762697e+02  3.611857e+02  5.396142e+02
   endloop
 endfacet
 facet normal  1.000000e+00  0.000000e+00  0.000000e+00
   outer loop
     vertex  2.762697e+02  3.641857e+02  5.351582e+02
     vertex  2.762697e+02  3.611857e+02  5.396142e+02
     vertex  2.762697e+02  3.611857e+02  5.351582e+02
   endloop
 endfacet
 facet normal -9.937122e-01  0.000000e+00  1.119645e-01
   outer loop
     vertex  2.871318e+02  3.641857e+02  5.339344e+02
     vertex  2.872697e+02  3.611857e+02  5.351582e+02
     vertex  2.872697e+02  3.641857e+02  5.351582e+02
   endloop
 endfacet
 facet normal -9.937122e-01  0.000000e+00  1.119645e-01
   outer loop
     vertex  2.871318e+02  3.641857e+02  5.339344e+02
     vertex  2.871318e+02  3.611857e+02  5.339344e+02
     vertex  2.872697e+02  3.611857e+02  5.351582e+02
   endloop
 endfacet
 facet normal -9.438833e-01  0.000000e+00  3.302791e-01
   outer loop
     vertex  2.867250e+02  3.641857e+02  5.327719e+02
     vertex  2.867250e+02  3.611857e+02  5.327719e+02
     vertex  2.871318e+02  3.611857e+02  5.339344e+02
   endloop
 endfacet
 facet normal -9.438833e-01  0.000000e+00  3.302791e-01
   outer loop
     vertex  2.867250e+02  3.641857e+02  5.327719e+02
     vertex  2.871318e+02  3.611857e+02  5.339344e+02
     vertex  2.871318e+02  3.641857e+02  5.339344e+02
   endloop
 endfacet
 facet normal -7.071068e-01  0.000000e+00  7.071068e-01
   outer loop
     vertex  2.860698e+02  3.641857e+02  5.317290e+02
     vertex  2.851989e+02  3.611857e+02  5.308582e+02
     vertex  2.860698e+02  3.611857e+02  5.317290e+02
   endloop
 endfacet
 facet normal -8.467242e-01  0.000000e+00  5.320321e-01
   outer loop
     vertex  2.860698e+02  3.641857e+02  5.317290e+02
     vertex  2.860698e+02  3.611857e+02  5.317290e+02
     vertex  2.867250e+02  3.611857e+02  5.327719e+02
   endloop
 endfacet
 facet normal -8.467242e-01  0.000000e+00  5.320321e-01
   outer loop
     vertex  2.860698e+02  3.641857e+02  5.317290e+02
     vertex  2.867250e+02  3.611857e+02  5.327719e+02
     vertex  2.867250e+02  3.641857e+02  5.327719e+02
   endloop
 endfacet
 facet normal -7.071068e-01  0.000000e+00  7.071068e-01
   outer loop
     vertex  2.851989e+02  3.641857e+02  5.308582e+02
     vertex  2.851989e+02  3.611857e+02  5.308582e+02
     vertex  2.860698e+02  3.641857e+02  5.317290e+02
   endloop
 endfacet
 facet normal -5.320321e-01  0.000000e+00  8.467242e-01
   outer loop
     vertex  2.841561e+02  3.641857e+02  5.302029e+02
     vertex  2.841561e+02  3.611857e+02  5.302029e+02
     vertex  2.851989e+02  3.611857e+02  5.308582e+02
   endloop
 endfacet
 facet normal -5.320321e-01  0.000000e+00  8.467242e-01
   outer loop
     vertex  2.841561e+02  3.641857e+02  5.302029e+02
     vertex  2.851989e+02  3.611857e+02  5.308582e+02
     vertex  2.851989e+02  3.641857e+02  5.308582e+02
   endloop
 endfacet
 facet normal -3.302791e-01  0.000000e+00  9.438833e-01
   outer loop
     vertex  2.829936e+02  3.641857e+02  5.297961e+02
     vertex  2.829936e+02  3.611857e+02  5.297961e+02
     vertex  2.841561e+02  3.611857e+02  5.302029e+02
   endloop
 endfacet
 facet normal -3.302791e-01  0.000000e+00  9.438833e-01
   outer loop
     vertex  2.829936e+02  3.641857e+02  5.297961e+02
     vertex  2.841561e+02  3.611857e+02  5.302029e+02
     vertex  2.841561e+02  3.641857e+02  5.302029e+02
   endloop
 endfacet
 facet normal -1.119645e-01  0.000000e+00  9.937122e-01
   outer loop
     vertex  2.817697e+02  3.641857e+02  5.296582e+02
     vertex  2.817697e+02  3.611857e+02  5.296582e+02
     vertex  2.829936e+02  3.611857e+02  5.297961e+02
   endloop
 endfacet
 facet normal -1.119645e-01  0.000000e+00  9.937122e-01
   outer loop
     vertex  2.817697e+02  3.641857e+02  5.296582e+02
     vertex  2.829936e+02  3.611857e+02  5.297961e+02
     vertex  2.829936e+02  3.641857e+02  5.297961e+02
   endloop
 endfacet
 facet normal -1.000000e+00  0.000000e+00  0.000000e+00
   outer loop
     vertex  2.872697e+02  3.611857e+02  5.351582e+02
     vertex  2.872697e+02  3.641857e+02  5.396142e+02
     vertex  2.872697e+02  3.641857e+02  5.351582e+02
   endloop
 endfacet
 facet normal -1.000000e+00  0.000000e+00  0.000000e+00
   outer loop
     vertex  2.872697e+02  3.611857e+02  5.351582e+02
     vertex  2.872697e+02  3.611857e+02  5.396142e+02
     vertex  2.872697e+02  3.641857e+02  5.396142e+02
   endloop
 endfacet
 facet normal  9.927089e-01 -4.563466e-15 -1.205367e-01
   outer loop
     vertex  2.764295e+02  3.641857e+02  4.049305e+02
     vertex  2.762697e+02  3.611857e+02  4.036142e+02
     vertex  2.762697e+02  3.641857e+02  4.036142e+02
   endloop
 endfacet
 facet normal  9.927089e-01  0.000000e+00 -1.205367e-01
   outer loop
     vertex  2.764295e+02  3.641857e+02  4.049305e+02
     vertex  2.764295e+02  3.611857e+02  4.049305e+02
     vertex  2.762697e+02  3.611857e+02  4.036142e+02
   endloop
 endfacet
 facet normal  9.350162e-01 -6.718985e-15 -3.546049e-01
   outer loop
     vertex  2.768997e+02  3.641857e+02  4.061702e+02
     vertex  2.768997e+02  3.611857e+02  4.061702e+02
     vertex  2.764295e+02  3.611857e+02  4.049305e+02
   endloop
 endfacet
 facet normal  9.350162e-01  0.000000e+00 -3.546049e-01
   outer loop
     vertex  2.768997e+02  3.641857e+02  4.061702e+02
     vertex  2.764295e+02  3.611857e+02  4.049305e+02
     vertex  2.764295e+02  3.641857e+02  4.049305e+02
   endloop
 endfacet
 facet normal  8.229839e-01  0.000000e+00 -5.680647e-01
   outer loop
     vertex  2.776529e+02  3.641857e+02  4.072614e+02
     vertex  2.776529e+02  3.611857e+02  4.072614e+02
     vertex  2.768997e+02  3.611857e+02  4.061702e+02
   endloop
 endfacet
 facet normal  8.229839e-01 -1.077369e-14 -5.680647e-01
   outer loop
     vertex  2.776529e+02  3.641857e+02  4.072614e+02
     vertex  2.768997e+02  3.611857e+02  4.061702e+02
     vertex  2.768997e+02  3.641857e+02  4.061702e+02
   endloop
 endfacet
 facet normal  6.631227e-01 -1.418264e-14 -7.485107e-01
   outer loop
     vertex  2.786454e+02  3.641857e+02  4.081406e+02
     vertex  2.786454e+02  3.611857e+02  4.081406e+02
     vertex  2.776529e+02  3.611857e+02  4.072614e+02
   endloop
 endfacet
 facet normal  6.631227e-01  0.000000e+00 -7.485107e-01
   outer loop
     vertex  2.786454e+02  3.641857e+02  4.081406e+02
     vertex  2.776529e+02  3.611857e+02  4.072614e+02
     vertex  2.776529e+02  3.641857e+02  4.072614e+02
   endloop
 endfacet
 facet normal  4.647232e-01  0.000000e+00 -8.854560e-01
   outer loop
     vertex  2.798194e+02  3.641857e+02  4.087568e+02
     vertex  2.798194e+02  3.611857e+02  4.087568e+02
     vertex  2.786454e+02  3.611857e+02  4.081406e+02
   endloop
 endfacet
 facet normal  4.647232e-01 -1.677458e-14 -8.854560e-01
   outer loop
     vertex  2.798194e+02  3.641857e+02  4.087568e+02
     vertex  2.786454e+02  3.611857e+02  4.081406e+02
     vertex  2.786454e+02  3.641857e+02  4.081406e+02
   endloop
 endfacet
 facet normal  2.393157e-01  0.000000e+00 -9.709418e-01
   outer loop
     vertex  2.811068e+02  3.641857e+02  4.090741e+02
     vertex  2.811068e+02  3.611857e+02  4.090741e+02
     vertex  2.798194e+02  3.611857e+02  4.087568e+02
   endloop
 endfacet
 facet normal  2.393157e-01  0.000000e+00 -9.709418e-01
   outer loop
     vertex  2.811068e+02  3.641857e+02  4.090741e+02
     vertex  2.798194e+02  3.611857e+02  4.087568e+02
     vertex  2.798194e+02  3.641857e+02  4.087568e+02
   endloop
 endfacet
 facet normal  0.000000e+00 -0.000000e+00 -1.000000e+00
   outer loop
     vertex  2.824327e+02  3.641857e+02  4.090741e+02
     vertex  2.824327e+02  3.611857e+02  4.090741e+02
     vertex  2.811068e+02  3.611857e+02  4.090741e+02
   endloop
 endfacet
 facet normal -0.000000e+00  0.000000e+00 -1.000000e+00
   outer loop
     vertex  2.824327e+02  3.641857e+02  4.090741e+02
     vertex  2.811068e+02  3.611857e+02  4.090741e+02
     vertex  2.811068e+02  3.641857e+02  4.090741e+02
   endloop
 endfacet
 facet normal -2.393157e-01 -4.534507e-15 -9.709418e-01
   outer loop
     vertex  2.837200e+02  3.641857e+02  4.087568e+02
     vertex  2.837200e+02  3.611857e+02  4.087568e+02
     vertex  2.824327e+02  3.611857e+02  4.090741e+02
   endloop
 endfacet
 facet normal -2.393157e-01 -4.535555e-15 -9.709418e-01
   outer loop
     vertex  2.837200e+02  3.641857e+02  4.087568e+02
     vertex  2.824327e+02  3.611857e+02  4.090741e+02
     vertex  2.824327e+02  3.641857e+02  4.090741e+02
   endloop
 endfacet
 facet normal -4.647232e-01 -8.805485e-15 -8.854560e-01
   outer loop
     vertex  2.848941e+02  3.641857e+02  4.081406e+02
     vertex  2.848941e+02  3.611857e+02  4.081406e+02
     vertex  2.837200e+02  3.611857e+02  4.087568e+02
   endloop
 endfacet
 facet normal -4.647232e-01 -8.819910e-15 -8.854560e-01
   outer loop
     vertex  2.848941e+02  3.641857e+02  4.081406e+02
     vertex  2.837200e+02  3.611857e+02  4.087568e+02
     vertex  2.837200e+02  3.641857e+02  4.087568e+02
   endloop
 endfacet
 facet normal -6.631227e-01 -0.000000e+00 -7.485107e-01
   outer loop
     vertex  2.858865e+02  3.641857e+02  4.072614e+02
     vertex  2.858865e+02  3.611857e+02  4.072614e+02
     vertex  2.848941e+02  3.611857e+02  4.081406e+02
   endloop
 endfacet
 facet normal -6.631227e-01 -1.256000e-14 -7.485107e-01
   outer loop
     vertex  2.858865e+02  3.641857e+02  4.072614e+02
     vertex  2.848941e+02  3.611857e+02  4.081406e+02
     vertex  2.848941e+02  3.641857e+02  4.081406e+02
   endloop
 endfacet
 facet normal -8.229839e-01  1.076358e-14 -5.680647e-01
   outer loop
     vertex  2.866397e+02  3.641857e+02  4.061702e+02
     vertex  2.866397e+02  3.611857e+02  4.061702e+02
     vertex  2.858865e+02  3.611857e+02  4.072614e+02
   endloop
 endfacet
 facet normal -8.229839e-01  0.000000e+00 -5.680647e-01
   outer loop
     vertex  2.866397e+02  3.641857e+02  4.061702e+02
     vertex  2.858865e+02  3.611857e+02  4.072614e+02
     vertex  2.858865e+02  3.641857e+02  4.072614e+02
   endloop
 endfacet
 facet normal -9.350162e-01 -0.000000e+00 -3.546049e-01
   outer loop
     vertex  2.871099e+02  3.641857e+02  4.049305e+02
     vertex  2.871099e+02  3.611857e+02  4.049305e+02
     vertex  2.866397e+02  3.611857e+02  4.061702e+02
   endloop
 endfacet
 facet normal -9.350162e-01  6.698666e-15 -3.546049e-01
   outer loop
     vertex  2.871099e+02  3.641857e+02  4.049305e+02
     vertex  2.866397e+02  3.611857e+02  4.061702e+02
     vertex  2.866397e+02  3.641857e+02  4.061702e+02
   endloop
 endfacet
 facet normal -9.927089e-01 -4.567811e-15 -1.205367e-01
   outer loop
     vertex  2.872697e+02  3.641857e+02  4.036142e+02
     vertex  2.872697e+02  3.611857e+02  4.036142e+02
     vertex  2.871099e+02  3.611857e+02  4.049305e+02
   endloop
 endfacet
 facet normal -9.927089e-01  0.000000e+00 -1.205367e-01
   outer loop
     vertex  2.872697e+02  3.641857e+02  4.036142e+02
     vertex  2.871099e+02  3.611857e+02  4.049305e+02
     vertex  2.871099e+02  3.641857e+02  4.049305e+02
   endloop
 endfacet
 facet normal  1.000000e+00  0.000000e+00 -0.000000e+00
   outer loop
     vertex  2.762697e+02  3.641857e+02  3.991582e+02
     vertex  2.762697e+02  3.641857e+02  4.036142e+02
     vertex  2.762697e+02  3.611857e+02  4.036142e+02
   endloop
 endfacet
 facet normal  1.000000e+00  0.000000e+00  0.000000e+00
   outer loop
     vertex  2.762697e+02  3.641857e+02  3.991582e+02
     vertex  2.762697e+02  3.611857e+02  4.036142e+02
     vertex  2.762697e+02  3.611857e+02  3.991582e+02
   endloop
 endfacet
 facet normal -9.937122e-01  2.118386e-15  1.119645e-01
   outer loop
     vertex  2.871318e+02  3.641857e+02  3.979344e+02
     vertex  2.872697e+02  3.611857e+02  3.991582e+02
     vertex  2.872697e+02  3.641857e+02  3.991582e+02
   endloop
 endfacet
 facet normal -9.937122e-01  2.121481e-15  1.119645e-01
   outer loop
     vertex  2.871318e+02  3.641857e+02  3.979344e+02
     vertex  2.871318e+02  3.611857e+02  3.979344e+02
     vertex  2.872697e+02  3.611857e+02  3.991582e+02
   endloop
 endfacet
 facet normal -9.438833e-01  6.258064e-15  3.302791e-01
   outer loop
     vertex  2.867250e+02  3.641857e+02  3.967719e+02
     vertex  2.867250e+02  3.611857e+02  3.967719e+02
     vertex  2.871318e+02  3.611857e+02  3.979344e+02
   endloop
 endfacet
 facet normal -9.438833e-01  6.249991e-15  3.302791e-01
   outer loop
     vertex  2.867250e+02  3.641857e+02  3.967719e+02
     vertex  2.871318e+02  3.611857e+02  3.979344e+02
     vertex  2.871318e+02  3.641857e+02  3.979344e+02
   endloop
 endfacet
 facet normal -8.467242e-01  0.000000e+00  5.320321e-01
   outer loop
     vertex  2.860698e+02  3.641857e+02  3.957290e+02
     vertex  2.860698e+02  3.611857e+02  3.957290e+02
     vertex  2.867250e+02  3.611857e+02  3.967719e+02
   endloop
 endfacet
 facet normal -8.467242e-01  1.009614e-14  5.320321e-01
   outer loop
     vertex  2.860698e+02  3.641857e+02  3.957290e+02
     vertex  2.867250e+02  3.611857e+02  3.967719e+02
     vertex  2.867250e+02  3.641857e+02  3.967719e+02
   endloop
 endfacet
 facet normal -7.071068e-01  1.339812e-14  7.071068e-01
   outer loop
     vertex  2.851989e+02  3.641857e+02  3.948582e+02
     vertex  2.851989e+02  3.611857e+02  3.948582e+02
     vertex  2.860698e+02  3.611857e+02  3.957290e+02
   endloop
 endfacet
 facet normal -7.071068e-01  0.000000e+00  7.071068e-01
   outer loop
     vertex  2.851989e+02  3.641857e+02  3.948582e+02
     vertex  2.860698e+02  3.611857e+02  3.957290e+02
     vertex  2.860698e+02  3.641857e+02  3.957290e+02
   endloop
 endfacet
 facet normal -5.320321e-01  1.604357e-14  8.467242e-01
   outer loop
     vertex  2.841561e+02  3.641857e+02  3.942029e+02
     vertex  2.841561e+02  3.611857e+02  3.942029e+02
     vertex  2.851989e+02  3.611857e+02  3.948582e+02
   endloop
 endfacet
 facet normal -5.320321e-01  1.604565e-14  8.467242e-01
   outer loop
     vertex  2.841561e+02  3.641857e+02  3.942029e+02
     vertex  2.851989e+02  3.611857e+02  3.948582e+02
     vertex  2.851989e+02  3.641857e+02  3.948582e+02
   endloop
 endfacet
 facet normal -3.302791e-01  3.576904e-14  9.438833e-01
   outer loop
     vertex  2.829936e+02  3.641857e+02  3.937961e+02
     vertex  2.829936e+02  3.611857e+02  3.937961e+02
     vertex  2.841561e+02  3.611857e+02  3.942029e+02
   endloop
 endfacet
 facet normal -3.302791e-01  1.789360e-14  9.438833e-01
   outer loop
     vertex  2.829936e+02  3.641857e+02  3.937961e+02
     vertex  2.841561e+02  3.611857e+02  3.942029e+02
     vertex  2.841561e+02  3.641857e+02  3.942029e+02
   endloop
 endfacet
 facet normal -1.119645e-01  0.000000e+00  9.937122e-01
   outer loop
     vertex  2.817697e+02  3.641857e+02  3.936582e+02
     vertex  2.817697e+02  3.611857e+02  3.936582e+02
     vertex  2.829936e+02  3.611857e+02  3.937961e+02
   endloop
 endfacet
 facet normal -1.119645e-01  3.765770e-14  9.937122e-01
   outer loop
     vertex  2.817697e+02  3.641857e+02  3.936582e+02
     vertex  2.829936e+02  3.611857e+02  3.937961e+02
     vertex  2.829936e+02  3.641857e+02  3.937961e+02
   endloop
 endfacet
 facet normal -1.000000e+00  0.000000e+00  0.000000e+00
   outer loop
     vertex  2.872697e+02  3.611857e+02  3.991582e+02
     vertex  2.872697e+02  3.641857e+02  4.036142e+02
     vertex  2.872697e+02  3.641857e+02  3.991582e+02
   endloop
 endfacet
 facet normal -1.000000e+00  0.000000e+00  0.000000e+00
   outer loop
     vertex  2.872697e+02  3.611857e+02  3.991582e+02
     vertex  2.872697e+02  3.611857e+02  4.036142e+02
     vertex  2.872697e+02  3.641857e+02  4.036142e+02
   endloop
 endfacet
 facet normal -9.927089e-01  1.205367e-01 -3.761931e-14
   outer loop
     vertex  2.872697e+02  3.296650e+02  7.881292e+02
     vertex  2.871099e+02  3.283488e+02  7.911292e+02
     vertex  2.872697e+02  3.296650e+02  7.911292e+02
   endloop
 endfacet
 facet normal -9.927089e-01  1.205367e-01 -3.761931e-14
   outer loop
     vertex  2.871099e+02  3.283488e+02  7.881292e+02
     vertex  2.871099e+02  3.283488e+02  7.911292e+02
     vertex  2.872697e+02  3.296650e+02  7.881292e+02
   endloop
 endfacet
 facet normal -9.350162e-01  3.546049e-01 -1.099752e-14
   outer loop
     vertex  2.866397e+02  3.271090e+02  7.881292e+02
     vertex  2.866397e+02  3.271090e+02  7.911292e+02
     vertex  2.871099e+02  3.283488e+02  7.911292e+02
   endloop
 endfacet
 facet normal -9.350162e-01  3.546049e-01 -3.541919e-14
   outer loop
     vertex  2.866397e+02  3.271090e+02  7.881292e+02
     vertex  2.871099e+02  3.283488e+02  7.911292e+02
     vertex  2.871099e+02  3.283488e+02  7.881292e+02
   endloop
 endfacet
 facet normal -8.229839e-01  5.680647e-01 -3.118748e-14
   outer loop
     vertex  2.858865e+02  3.260178e+02  7.881292e+02
     vertex  2.858865e+02  3.260178e+02  7.911292e+02
     vertex  2.866397e+02  3.271090e+02  7.911292e+02
   endloop
 endfacet
 facet normal -8.229839e-01  5.680647e-01 -4.828622e-15
   outer loop
     vertex  2.858865e+02  3.260178e+02  7.881292e+02
     vertex  2.866397e+02  3.271090e+02  7.911292e+02
     vertex  2.866397e+02  3.271090e+02  7.881292e+02
   endloop
 endfacet
 facet normal -6.631227e-01  7.485107e-01 -1.094680e-14
   outer loop
     vertex  2.848941e+02  3.251386e+02  7.881292e+02
     vertex  2.848941e+02  3.251386e+02  7.911292e+02
     vertex  2.858865e+02  3.260178e+02  7.911292e+02
   endloop
 endfacet
 facet normal -6.631227e-01  7.485107e-01 -2.512000e-14
   outer loop
     vertex  2.848941e+02  3.251386e+02  7.881292e+02
     vertex  2.858865e+02  3.260178e+02  7.911292e+02
     vertex  2.858865e+02  3.260178e+02  7.881292e+02
   endloop
 endfacet
 facet normal -4.647232e-01  8.854560e-01  7.971965e-15
   outer loop
     vertex  2.837200e+02  3.245224e+02  7.881292e+02
     vertex  2.837200e+02  3.245224e+02  7.911292e+02
     vertex  2.848941e+02  3.251386e+02  7.911292e+02
   endloop
 endfacet
 facet normal -4.647232e-01  8.854560e-01 -8.094221e-16
   outer loop
     vertex  2.837200e+02  3.245224e+02  7.881292e+02
     vertex  2.848941e+02  3.251386e+02  7.911292e+02
     vertex  2.848941e+02  3.251386e+02  7.881292e+02
   endloop
 endfacet
 facet normal -2.393157e-01  9.709418e-01 -9.069014e-15
   outer loop
     vertex  2.824327e+02  3.242051e+02  7.881292e+02
     vertex  2.824327e+02  3.242051e+02  7.911292e+02
     vertex  2.837200e+02  3.245224e+02  7.911292e+02
   endloop
 endfacet
 facet normal  0.000000e+00  1.000000e+00  0.000000e+00
   outer loop
     vertex  2.824327e+02  3.242051e+02  7.881292e+02
     vertex  2.811068e+02  3.242051e+02  7.911292e+02
     vertex  2.824327e+02  3.242051e+02  7.911292e+02
   endloop
 endfacet
 facet normal -2.393157e-01  9.709418e-01  1.387182e-14
   outer loop
     vertex  2.824327e+02  3.242051e+02  7.881292e+02
     vertex  2.837200e+02  3.245224e+02  7.911292e+02
     vertex  2.837200e+02  3.245224e+02  7.881292e+02
   endloop
 endfacet
 facet normal -0.000000e+00  1.000000e+00 -0.000000e+00
   outer loop
     vertex  2.811068e+02  3.242051e+02  7.881292e+02
     vertex  2.811068e+02  3.242051e+02  7.911292e+02
     vertex  2.824327e+02  3.242051e+02  7.881292e+02
   endloop
 endfacet
 facet normal  2.393157e-01  9.709418e-01  2.746623e-14
   outer loop
     vertex  2.798194e+02  3.245224e+02  7.881292e+02
     vertex  2.798194e+02  3.245224e+02  7.911292e+02
     vertex  2.811068e+02  3.242051e+02  7.911292e+02
   endloop
 endfacet
 facet normal  2.393157e-01  9.709418e-01  9.071110e-15
   outer loop
     vertex  2.798194e+02  3.245224e+02  7.881292e+02
     vertex  2.811068e+02  3.242051e+02  7.911292e+02
     vertex  2.811068e+02  3.242051e+02  7.881292e+02
   endloop
 endfacet
 facet normal  4.647232e-01  8.854560e-01  3.438842e-14
   outer loop
     vertex  2.786454e+02  3.251386e+02  7.881292e+02
     vertex  2.786454e+02  3.251386e+02  7.911292e+02
     vertex  2.798194e+02  3.245224e+02  7.911292e+02
   endloop
 endfacet
 facet normal  4.647232e-01  8.854560e-01  3.438648e-14
   outer loop
     vertex  2.786454e+02  3.251386e+02  7.881292e+02
     vertex  2.798194e+02  3.245224e+02  7.911292e+02
     vertex  2.798194e+02  3.245224e+02  7.881292e+02
   endloop
 endfacet
 facet normal  6.631227e-01  7.485107e-01  2.512944e-14
   outer loop
     vertex  2.776529e+02  3.260178e+02  7.881292e+02
     vertex  2.776529e+02  3.260178e+02  7.911292e+02
     vertex  2.786454e+02  3.251386e+02  7.911292e+02
   endloop
 endfacet
 facet normal  6.631227e-01  7.485107e-01  3.932675e-14
   outer loop
     vertex  2.776529e+02  3.260178e+02  7.881292e+02
     vertex  2.786454e+02  3.251386e+02  7.911292e+02
     vertex  2.786454e+02  3.251386e+02  7.881292e+02
   endloop
 endfacet
 facet normal  8.229839e-01  5.680647e-01  4.195106e-14
   outer loop
     vertex  2.768997e+02  3.271090e+02  7.881292e+02
     vertex  2.768997e+02  3.271090e+02  7.911292e+02
     vertex  2.776529e+02  3.260178e+02  7.911292e+02
   endloop
 endfacet
 facet normal  8.229839e-01  5.680647e-01  3.117671e-14
   outer loop
     vertex  2.768997e+02  3.271090e+02  7.881292e+02
     vertex  2.776529e+02  3.260178e+02  7.911292e+02
     vertex  2.776529e+02  3.260178e+02  7.881292e+02
   endloop
 endfacet
 facet normal  9.350162e-01  3.546049e-01  3.543301e-14
   outer loop
     vertex  2.764295e+02  3.283488e+02  7.881292e+02
     vertex  2.764295e+02  3.283488e+02  7.911292e+02
     vertex  2.768997e+02  3.271090e+02  7.911292e+02
   endloop
 endfacet
 facet normal  9.350162e-01  3.546049e-01  4.214577e-14
   outer loop
     vertex  2.764295e+02  3.283488e+02  7.881292e+02
     vertex  2.768997e+02  3.271090e+02  7.911292e+02
     vertex  2.768997e+02  3.271090e+02  7.881292e+02
   endloop
 endfacet
 facet normal  9.927089e-01  1.205367e-01  3.761931e-14
   outer loop
     vertex  2.762697e+02  3.296650e+02  7.881292e+02
     vertex  2.762697e+02  3.296650e+02  7.911292e+02
     vertex  2.764295e+02  3.283488e+02  7.911292e+02
   endloop
 endfacet
 facet normal  9.927089e-01  1.205367e-01  3.762417e-14
   outer loop
     vertex  2.762697e+02  3.296650e+02  7.881292e+02
     vertex  2.764295e+02  3.283488e+02  7.911292e+02
     vertex  2.764295e+02  3.283488e+02  7.881292e+02
   endloop
 endfacet
 facet normal -9.927089e-01  1.205367e-01 -3.647736e-14
   outer loop
     vertex  2.872697e+02  2.546650e+02  7.881292e+02
     vertex  2.871099e+02  2.533488e+02  7.911292e+02
     vertex  2.872697e+02  2.546650e+02  7.911292e+02
   endloop
 endfacet
 facet normal -9.927089e-01  1.205367e-01 -3.533541e-14
   outer loop
     vertex  2.871099e+02  2.533488e+02  7.881292e+02
     vertex  2.871099e+02  2.533488e+02  7.911292e+02
     vertex  2.872697e+02  2.546650e+02  7.881292e+02
   endloop
 endfacet
 facet normal -9.350162e-01  3.546049e-01 -1.435701e-14
   outer loop
     vertex  2.866397e+02  2.521090e+02  7.881292e+02
     vertex  2.866397e+02  2.521090e+02  7.911292e+02
     vertex  2.871099e+02  2.533488e+02  7.911292e+02
   endloop
 endfacet
 facet normal -9.350162e-01  3.546049e-01 -2.869262e-14
   outer loop
     vertex  2.866397e+02  2.521090e+02  7.881292e+02
     vertex  2.871099e+02  2.533488e+02  7.911292e+02
     vertex  2.871099e+02  2.533488e+02  7.881292e+02
   endloop
 endfacet
 facet normal -8.229839e-01  5.680647e-01 -2.580569e-14
   outer loop
     vertex  2.858865e+02  2.510178e+02  7.881292e+02
     vertex  2.858865e+02  2.510178e+02  7.911292e+02
     vertex  2.866397e+02  2.521090e+02  7.911292e+02
   endloop
 endfacet
 facet normal -8.229839e-01  5.680647e-01 -1.021547e-14
   outer loop
     vertex  2.858865e+02  2.510178e+02  7.881292e+02
     vertex  2.866397e+02  2.521090e+02  7.911292e+02
     vertex  2.866397e+02  2.521090e+02  7.881292e+02
   endloop
 endfacet
 facet normal -6.631227e-01  7.485107e-01 -1.094680e-14
   outer loop
     vertex  2.848941e+02  2.501386e+02  7.881292e+02
     vertex  2.848941e+02  2.501386e+02  7.911292e+02
     vertex  2.858865e+02  2.510178e+02  7.911292e+02
   endloop
 endfacet
 facet normal -6.631227e-01  7.485107e-01 -1.803058e-14
   outer loop
     vertex  2.848941e+02  2.501386e+02  7.881292e+02
     vertex  2.858865e+02  2.510178e+02  7.911292e+02
     vertex  2.858865e+02  2.510178e+02  7.881292e+02
   endloop
 endfacet
 facet normal -4.647232e-01  8.854560e-01 -4.167600e-16
   outer loop
     vertex  2.837200e+02  2.495224e+02  7.881292e+02
     vertex  2.837200e+02  2.495224e+02  7.911292e+02
     vertex  2.848941e+02  2.501386e+02  7.911292e+02
   endloop
 endfacet
 facet normal -4.647232e-01  8.854560e-01 -8.373332e-16
   outer loop
     vertex  2.837200e+02  2.495224e+02  7.881292e+02
     vertex  2.848941e+02  2.501386e+02  7.911292e+02
     vertex  2.848941e+02  2.501386e+02  7.881292e+02
   endloop
 endfacet
 facet normal -2.393157e-01  9.709418e-01 -9.069014e-15
   outer loop
     vertex  2.824327e+02  2.492051e+02  7.881292e+02
     vertex  2.824327e+02  2.492051e+02  7.911292e+02
     vertex  2.837200e+02  2.495224e+02  7.911292e+02
   endloop
 endfacet
 facet normal -2.393157e-01  9.709418e-01  4.661155e-15
   outer loop
     vertex  2.824327e+02  2.492051e+02  7.881292e+02
     vertex  2.837200e+02  2.495224e+02  7.911292e+02
     vertex  2.837200e+02  2.495224e+02  7.881292e+02
   endloop
 endfacet
 facet normal -4.287146e-14  1.000000e+00  1.894781e-14
   outer loop
     vertex  2.811068e+02  2.492051e+02  7.881292e+02
     vertex  2.811068e+02  2.492051e+02  7.911292e+02
     vertex  2.824327e+02  2.492051e+02  7.911292e+02
   endloop
 endfacet
 facet normal  0.000000e+00  1.000000e+00  0.000000e+00
   outer loop
     vertex  2.811068e+02  2.492051e+02  7.881292e+02
     vertex  2.824327e+02  2.492051e+02  7.911292e+02
     vertex  2.824327e+02  2.492051e+02  7.881292e+02
   endloop
 endfacet
 facet normal  2.393157e-01  9.709418e-01  9.069014e-15
   outer loop
     vertex  2.798194e+02  2.495224e+02  7.881292e+02
     vertex  2.798194e+02  2.495224e+02  7.911292e+02
     vertex  2.811068e+02  2.492051e+02  7.911292e+02
   endloop
 endfacet
 facet normal  2.393157e-01  9.709418e-01  2.746453e-14
   outer loop
     vertex  2.798194e+02  2.495224e+02  7.881292e+02
     vertex  2.811068e+02  2.492051e+02  7.911292e+02
     vertex  2.811068e+02  2.492051e+02  7.881292e+02
   endloop
 endfacet
 facet normal  4.647232e-01  8.854560e-01  2.599969e-14
   outer loop
     vertex  2.786454e+02  2.501386e+02  7.881292e+02
     vertex  2.786454e+02  2.501386e+02  7.911292e+02
     vertex  2.798194e+02  2.495224e+02  7.911292e+02
   endloop
 endfacet
 facet normal  4.647232e-01  8.854560e-01  1.761191e-14
   outer loop
     vertex  2.786454e+02  2.501386e+02  7.881292e+02
     vertex  2.798194e+02  2.495224e+02  7.911292e+02
     vertex  2.798194e+02  2.495224e+02  7.881292e+02
   endloop
 endfacet
 facet normal  6.631227e-01  7.485107e-01  2.512944e-14
   outer loop
     vertex  2.776529e+02  2.510178e+02  7.881292e+02
     vertex  2.776529e+02  2.510178e+02  7.911292e+02
     vertex  2.786454e+02  2.501386e+02  7.911292e+02
   endloop
 endfacet
 facet normal  6.631227e-01  7.485107e-01  3.223733e-14
   outer loop
     vertex  2.776529e+02  2.510178e+02  7.881292e+02
     vertex  2.786454e+02  2.501386e+02  7.911292e+02
     vertex  2.786454e+02  2.501386e+02  7.881292e+02
   endloop
 endfacet
 facet normal  8.229839e-01  5.680647e-01  3.118748e-14
   outer loop
     vertex  2.768997e+02  2.521090e+02  7.881292e+02
     vertex  2.768997e+02  2.521090e+02  7.911292e+02
     vertex  2.776529e+02  2.510178e+02  7.911292e+02
   endloop
 endfacet
 facet normal  8.229839e-01  5.680647e-01  3.117671e-14
   outer loop
     vertex  2.768997e+02  2.521090e+02  7.881292e+02
     vertex  2.776529e+02  2.510178e+02  7.911292e+02
     vertex  2.776529e+02  2.510178e+02  7.881292e+02
   endloop
 endfacet
 facet normal  9.350162e-01  3.546049e-01  3.879251e-14
   outer loop
     vertex  2.764295e+02  2.533488e+02  7.881292e+02
     vertex  2.764295e+02  2.533488e+02  7.911292e+02
     vertex  2.768997e+02  2.521090e+02  7.911292e+02
   endloop
 endfacet
 facet normal  9.350162e-01  3.546049e-01  3.541919e-14
   outer loop
     vertex  2.764295e+02  2.533488e+02  7.881292e+02
     vertex  2.768997e+02  2.521090e+02  7.911292e+02
     vertex  2.768997e+02  2.521090e+02  7.881292e+02
   endloop
 endfacet
 facet normal  9.927089e-01  1.205367e-01  3.876126e-14
   outer loop
     vertex  2.762697e+02  2.546650e+02  7.881292e+02
     vertex  2.762697e+02  2.546650e+02  7.911292e+02
     vertex  2.764295e+02  2.533488e+02  7.911292e+02
   endloop
 endfacet
 facet normal  9.927089e-01  1.205367e-01  3.876155e-14
   outer loop
     vertex  2.762697e+02  2.546650e+02  7.881292e+02
     vertex  2.764295e+02  2.533488e+02  7.911292e+02
     vertex  2.764295e+02  2.533488e+02  7.881292e+02
   endloop
 endfacet
 facet normal -9.927089e-01  1.205367e-01 -3.704833e-14
   outer loop
     vertex  2.872697e+02  1.226650e+02  7.881292e+02
     vertex  2.871099e+02  1.213488e+02  7.911292e+02
     vertex  2.872697e+02  1.226650e+02  7.911292e+02
   endloop
 endfacet
 facet normal -9.927089e-01  1.205367e-01 -3.647736e-14
   outer loop
     vertex  2.871099e+02  1.213488e+02  7.881292e+02
     vertex  2.871099e+02  1.213488e+02  7.911292e+02
     vertex  2.872697e+02  1.226650e+02  7.881292e+02
   endloop
 endfacet
 facet normal -9.350162e-01  3.546049e-01 -3.207352e-14
   outer loop
     vertex  2.866397e+02  1.201090e+02  7.881292e+02
     vertex  2.866397e+02  1.201090e+02  7.911292e+02
     vertex  2.871099e+02  1.213488e+02  7.911292e+02
   endloop
 endfacet
 facet normal -9.350162e-01  3.546049e-01 -3.209777e-14
   outer loop
     vertex  2.866397e+02  1.201090e+02  7.881292e+02
     vertex  2.871099e+02  1.213488e+02  7.911292e+02
     vertex  2.871099e+02  1.213488e+02  7.881292e+02
   endloop
 endfacet
 facet normal -8.229839e-01  5.680647e-01 -2.580569e-14
   outer loop
     vertex  2.858865e+02  1.190178e+02  7.881292e+02
     vertex  2.858865e+02  1.190178e+02  7.911292e+02
     vertex  2.866397e+02  1.201090e+02  7.911292e+02
   endloop
 endfacet
 facet normal -8.229839e-01  5.680647e-01 -2.581777e-14
   outer loop
     vertex  2.858865e+02  1.190178e+02  7.881292e+02
     vertex  2.866397e+02  1.201090e+02  7.911292e+02
     vertex  2.866397e+02  1.201090e+02  7.881292e+02
   endloop
 endfacet
 facet normal -6.631227e-01  7.485107e-01 -1.803812e-14
   outer loop
     vertex  2.848941e+02  1.181386e+02  7.881292e+02
     vertex  2.848941e+02  1.181386e+02  7.911292e+02
     vertex  2.858865e+02  1.190178e+02  7.911292e+02
   endloop
 endfacet
 facet normal -6.631227e-01  7.485107e-01 -1.803058e-14
   outer loop
     vertex  2.848941e+02  1.181386e+02  7.881292e+02
     vertex  2.858865e+02  1.190178e+02  7.911292e+02
     vertex  2.858865e+02  1.190178e+02  7.881292e+02
   endloop
 endfacet
 facet normal -4.647232e-01  8.854560e-01 -4.167600e-16
   outer loop
     vertex  2.837200e+02  1.175224e+02  7.881292e+02
     vertex  2.837200e+02  1.175224e+02  7.911292e+02
     vertex  2.848941e+02  1.181386e+02  7.911292e+02
   endloop
 endfacet
 facet normal -4.647232e-01  8.854560e-01 -9.210665e-15
   outer loop
     vertex  2.837200e+02  1.175224e+02  7.881292e+02
     vertex  2.848941e+02  1.181386e+02  7.911292e+02
     vertex  2.848941e+02  1.181386e+02  7.881292e+02
   endloop
 endfacet
 facet normal -2.393157e-01  9.709418e-01  1.295950e-16
   outer loop
     vertex  2.824327e+02  1.172051e+02  7.881292e+02
     vertex  2.824327e+02  1.172051e+02  7.911292e+02
     vertex  2.837200e+02  1.175224e+02  7.911292e+02
   endloop
 endfacet
 facet normal -2.393157e-01  9.709418e-01  4.661155e-15
   outer loop
     vertex  2.824327e+02  1.172051e+02  7.881292e+02
     vertex  2.837200e+02  1.175224e+02  7.911292e+02
     vertex  2.837200e+02  1.175224e+02  7.881292e+02
   endloop
 endfacet
 facet normal -8.123201e-28  1.000000e+00  9.473903e-15
   outer loop
     vertex  2.811068e+02  1.172051e+02  7.881292e+02
     vertex  2.811068e+02  1.172051e+02  7.911292e+02
     vertex  2.824327e+02  1.172051e+02  7.911292e+02
   endloop
 endfacet
 facet normal -8.123201e-28  1.000000e+00  9.473903e-15
   outer loop
     vertex  2.811068e+02  1.172051e+02  7.881292e+02
     vertex  2.824327e+02  1.172051e+02  7.911292e+02
     vertex  2.824327e+02  1.172051e+02  7.881292e+02
   endloop
 endfacet
 facet normal  2.393157e-01  9.709418e-01  1.826762e-14
   outer loop
     vertex  2.798194e+02  1.175224e+02  7.881292e+02
     vertex  2.798194e+02  1.175224e+02  7.911292e+02
     vertex  2.811068e+02  1.172051e+02  7.911292e+02
   endloop
 endfacet
 facet normal  2.393157e-01  9.709418e-01  1.826782e-14
   outer loop
     vertex  2.798194e+02  1.175224e+02  7.881292e+02
     vertex  2.811068e+02  1.172051e+02  7.911292e+02
     vertex  2.811068e+02  1.172051e+02  7.881292e+02
   endloop
 endfacet
 facet normal  4.647232e-01  8.854560e-01  2.599969e-14
   outer loop
     vertex  2.786454e+02  1.181386e+02  7.881292e+02
     vertex  2.786454e+02  1.181386e+02  7.911292e+02
     vertex  2.798194e+02  1.175224e+02  7.911292e+02
   endloop
 endfacet
 facet normal  4.647232e-01  8.854560e-01  2.598524e-14
   outer loop
     vertex  2.786454e+02  1.181386e+02  7.881292e+02
     vertex  2.798194e+02  1.175224e+02  7.911292e+02
     vertex  2.798194e+02  1.175224e+02  7.881292e+02
   endloop
 endfacet
 facet normal  6.631227e-01  7.485107e-01  3.222076e-14
   outer loop
     vertex  2.776529e+02  1.190178e+02  7.881292e+02
     vertex  2.776529e+02  1.190178e+02  7.911292e+02
     vertex  2.786454e+02  1.181386e+02  7.911292e+02
   endloop
 endfacet
 facet normal  6.631227e-01  7.485107e-01  3.223733e-14
   outer loop
     vertex  2.776529e+02  1.190178e+02  7.881292e+02
     vertex  2.786454e+02  1.181386e+02  7.911292e+02
     vertex  2.786454e+02  1.181386e+02  7.881292e+02
   endloop
 endfacet
 facet normal  8.229839e-01  5.680647e-01  3.656927e-14
   outer loop
     vertex  2.768997e+02  1.201090e+02  7.881292e+02
     vertex  2.768997e+02  1.201090e+02  7.911292e+02
     vertex  2.776529e+02  1.190178e+02  7.911292e+02
   endloop
 endfacet
 facet normal  8.229839e-01  5.680647e-01  3.659146e-14
   outer loop
     vertex  2.768997e+02  1.201090e+02  7.881292e+02
     vertex  2.776529e+02  1.190178e+02  7.911292e+02
     vertex  2.776529e+02  1.190178e+02  7.881292e+02
   endloop
 endfacet
 facet normal  9.350162e-01  3.546049e-01  3.879251e-14
   outer loop
     vertex  2.764295e+02  1.213488e+02  7.881292e+02
     vertex  2.764295e+02  1.213488e+02  7.911292e+02
     vertex  2.768997e+02  1.201090e+02  7.911292e+02
   endloop
 endfacet
 facet normal  9.350162e-01  3.546049e-01  3.879644e-14
   outer loop
     vertex  2.764295e+02  1.213488e+02  7.881292e+02
     vertex  2.768997e+02  1.201090e+02  7.911292e+02
     vertex  2.768997e+02  1.201090e+02  7.881292e+02
   endloop
 endfacet
 facet normal  9.927089e-01  1.205367e-01  3.819029e-14
   outer loop
     vertex  2.762697e+02  1.226650e+02  7.881292e+02
     vertex  2.762697e+02  1.226650e+02  7.911292e+02
     vertex  2.764295e+02  1.213488e+02  7.911292e+02
   endloop
 endfacet
 facet normal  9.927089e-01  1.205367e-01  3.876155e-14
   outer loop
     vertex  2.762697e+02  1.226650e+02  7.881292e+02
     vertex  2.764295e+02  1.213488e+02  7.911292e+02
     vertex  2.764295e+02  1.213488e+02  7.881292e+02
   endloop
 endfacet
 facet normal -9.927089e-01  1.205367e-01 -3.704833e-14
   outer loop
     vertex  2.872697e+02  6.266499e+01  7.881292e+02
     vertex  2.871099e+02  6.134876e+01  7.911292e+02
     vertex  2.872697e+02  6.266499e+01  7.911292e+02
   endloop
 endfacet
 facet normal -9.927089e-01  1.205367e-01 -3.704833e-14
   outer loop
     vertex  2.871099e+02  6.134876e+01  7.881292e+02
     vertex  2.871099e+02  6.134876e+01  7.911292e+02
     vertex  2.872697e+02  6.266499e+01  7.881292e+02
   endloop
 endfacet
 facet normal -9.350162e-01  3.546049e-01 -3.375327e-14
   outer loop
     vertex  2.866397e+02  6.010901e+01  7.881292e+02
     vertex  2.866397e+02  6.010901e+01  7.911292e+02
     vertex  2.871099e+02  6.134876e+01  7.911292e+02
   endloop
 endfacet
 facet normal -9.350162e-01  3.546049e-01 -3.377244e-14
   outer loop
     vertex  2.866397e+02  6.010901e+01  7.881292e+02
     vertex  2.871099e+02  6.134876e+01  7.911292e+02
     vertex  2.871099e+02  6.134876e+01  7.881292e+02
   endloop
 endfacet
 facet normal -8.229839e-01  5.680647e-01 -2.849658e-14
   outer loop
     vertex  2.858865e+02  5.901782e+01  7.881292e+02
     vertex  2.858865e+02  5.901782e+01  7.911292e+02
     vertex  2.866397e+02  6.010901e+01  7.911292e+02
   endloop
 endfacet
 facet normal -8.229839e-01  5.680647e-01 -2.849724e-14
   outer loop
     vertex  2.858865e+02  5.901782e+01  7.881292e+02
     vertex  2.866397e+02  6.010901e+01  7.911292e+02
     vertex  2.866397e+02  6.010901e+01  7.881292e+02
   endloop
 endfacet
 facet normal -6.631227e-01  7.485107e-01 -2.158378e-14
   outer loop
     vertex  2.848941e+02  5.813858e+01  7.881292e+02
     vertex  2.848941e+02  5.813858e+01  7.911292e+02
     vertex  2.858865e+02  5.901782e+01  7.911292e+02
   endloop
 endfacet
 facet normal -6.631227e-01  7.485107e-01 -2.157529e-14
   outer loop
     vertex  2.848941e+02  5.813858e+01  7.881292e+02
     vertex  2.858865e+02  5.901782e+01  7.911292e+02
     vertex  2.858865e+02  5.901782e+01  7.881292e+02
   endloop
 endfacet
 facet normal -4.647232e-01  8.854560e-01 -1.341661e-14
   outer loop
     vertex  2.837200e+02  5.752240e+01  7.881292e+02
     vertex  2.837200e+02  5.752240e+01  7.911292e+02
     vertex  2.848941e+02  5.813858e+01  7.911292e+02
   endloop
 endfacet
 facet normal -2.393157e-01  9.709418e-01 -4.469709e-15
   outer loop
     vertex  2.837200e+02  5.752240e+01  7.881292e+02
     vertex  2.824327e+02  5.720509e+01  7.911292e+02
     vertex  2.837200e+02  5.752240e+01  7.911292e+02
   endloop
 endfacet
 facet normal -4.647232e-01  8.854560e-01 -1.339733e-14
   outer loop
     vertex  2.837200e+02  5.752240e+01  7.881292e+02
     vertex  2.848941e+02  5.813858e+01  7.911292e+02
     vertex  2.848941e+02  5.813858e+01  7.881292e+02
   endloop
 endfacet
 facet normal  0.000000e+00  1.000000e+00  1.894781e-14
   outer loop
     vertex  2.824327e+02  5.720509e+01  7.881292e+02
     vertex  2.811068e+02  5.720509e+01  7.911292e+02
     vertex  2.824327e+02  5.720509e+01  7.911292e+02
   endloop
 endfacet
 facet normal -2.393157e-01  9.709418e-01  1.386271e-14
   outer loop
     vertex  2.824327e+02  5.720509e+01  7.881292e+02
     vertex  2.824327e+02  5.720509e+01  7.911292e+02
     vertex  2.837200e+02  5.752240e+01  7.881292e+02
   endloop
 endfacet
 facet normal -0.000000e+00  1.000000e+00  1.894781e-14
   outer loop
     vertex  2.811068e+02  5.720509e+01  7.881292e+02
     vertex  2.811068e+02  5.720509e+01  7.911292e+02
     vertex  2.824327e+02  5.720509e+01  7.881292e+02
   endloop
 endfacet
 facet normal  2.393157e-01  9.709418e-01  1.366832e-14
   outer loop
     vertex  2.798194e+02  5.752240e+01  7.881292e+02
     vertex  2.798194e+02  5.752240e+01  7.911292e+02
     vertex  2.811068e+02  5.720509e+01  7.911292e+02
   endloop
 endfacet
 facet normal  2.393157e-01  9.709418e-01  2.746453e-14
   outer loop
     vertex  2.798194e+02  5.752240e+01  7.881292e+02
     vertex  2.811068e+02  5.720509e+01  7.911292e+02
     vertex  2.811068e+02  5.720509e+01  7.881292e+02
   endloop
 endfacet
 facet normal  4.647232e-01  8.854560e-01  2.180533e-14
   outer loop
     vertex  2.786454e+02  5.813858e+01  7.881292e+02
     vertex  2.786454e+02  5.813858e+01  7.911292e+02
     vertex  2.798194e+02  5.752240e+01  7.911292e+02
   endloop
 endfacet
 facet normal  4.647232e-01  8.854560e-01  2.179857e-14
   outer loop
     vertex  2.786454e+02  5.813858e+01  7.881292e+02
     vertex  2.798194e+02  5.752240e+01  7.911292e+02
     vertex  2.798194e+02  5.752240e+01  7.881292e+02
   endloop
 endfacet
 facet normal  6.631227e-01  7.485107e-01  2.867510e-14
   outer loop
     vertex  2.776529e+02  5.901782e+01  7.881292e+02
     vertex  2.776529e+02  5.901782e+01  7.911292e+02
     vertex  2.786454e+02  5.813858e+01  7.911292e+02
   endloop
 endfacet
 facet normal  8.229839e-01  5.680647e-01  3.387837e-14
   outer loop
     vertex  2.776529e+02  5.901782e+01  7.881292e+02
     vertex  2.768997e+02  6.010901e+01  7.911292e+02
     vertex  2.776529e+02  5.901782e+01  7.911292e+02
   endloop
 endfacet
 facet normal  6.631227e-01  7.485107e-01  2.866471e-14
   outer loop
     vertex  2.776529e+02  5.901782e+01  7.881292e+02
     vertex  2.786454e+02  5.813858e+01  7.911292e+02
     vertex  2.786454e+02  5.813858e+01  7.881292e+02
   endloop
 endfacet
 facet normal  8.229839e-01  5.680647e-01  3.387837e-14
   outer loop
     vertex  2.768997e+02  6.010901e+01  7.881292e+02
     vertex  2.768997e+02  6.010901e+01  7.911292e+02
     vertex  2.776529e+02  5.901782e+01  7.881292e+02
   endloop
 endfacet
 facet normal  9.350162e-01  3.546049e-01  3.711276e-14
   outer loop
     vertex  2.764295e+02  6.134876e+01  7.881292e+02
     vertex  2.764295e+02  6.134876e+01  7.911292e+02
     vertex  2.768997e+02  6.010901e+01  7.911292e+02
   endloop
 endfacet
 facet normal  9.350162e-01  3.546049e-01  3.712177e-14
   outer loop
     vertex  2.764295e+02  6.134876e+01  7.881292e+02
     vertex  2.768997e+02  6.010901e+01  7.911292e+02
     vertex  2.768997e+02  6.010901e+01  7.881292e+02
   endloop
 endfacet
 facet normal  9.927089e-01  1.205367e-01  1.938063e-14
   outer loop
     vertex  2.762697e+02  6.266499e+01  7.881292e+02
     vertex  2.762697e+02  6.266499e+01  7.911292e+02
     vertex  2.764295e+02  6.134876e+01  7.911292e+02
   endloop
 endfacet
 facet normal  9.927089e-01  1.205367e-01  3.818937e-14
   outer loop
     vertex  2.762697e+02  6.266499e+01  7.881292e+02
     vertex  2.764295e+02  6.134876e+01  7.911292e+02
     vertex  2.764295e+02  6.134876e+01  7.881292e+02
   endloop
 endfacet
 facet normal -6.470640e-14 -5.626332e-14  1.000000e+00
   outer loop
     vertex  2.848941e+02  5.813858e+01  7.911292e+02
     vertex  2.992719e+02  4.766499e+01  7.911292e+02
     vertex  2.858865e+02  5.901782e+01  7.911292e+02
   endloop
 endfacet
 facet normal -6.644958e-14 -5.831859e-14  1.000000e+00
   outer loop
     vertex  2.866397e+02  6.010901e+01  7.911292e+02
     vertex  2.858865e+02  5.901782e+01  7.911292e+02
     vertex  2.992719e+02  4.766499e+01  7.911292e+02
   endloop
 endfacet
 facet normal -9.933720e-15  1.892712e-14  1.000000e+00
   outer loop
     vertex  2.837200e+02  5.752240e+01  7.911292e+02
     vertex  2.992719e+02  4.766499e+01  7.911292e+02
     vertex  2.848941e+02  5.813858e+01  7.911292e+02
   endloop
 endfacet
 facet normal -6.551951e-15  2.484827e-15  1.000000e+00
   outer loop
     vertex  2.871099e+02  6.134876e+01  7.911292e+02
     vertex  2.866397e+02  6.010901e+01  7.911292e+02
     vertex  2.992719e+02  4.766499e+01  7.911292e+02
   endloop
 endfacet
 facet normal  5.744336e-14  1.252269e-13  1.000000e+00
   outer loop
     vertex  2.824327e+02  5.720509e+01  7.911292e+02
     vertex  2.992719e+02  4.766499e+01  7.911292e+02
     vertex  2.837200e+02  5.752240e+01  7.911292e+02
   endloop
 endfacet
 facet normal -8.224146e-15  9.985922e-16  1.000000e+00
   outer loop
     vertex  2.872697e+02  6.266499e+01  7.911292e+02
     vertex  2.871099e+02  6.134876e+01  7.911292e+02
     vertex  2.992719e+02  4.766499e+01  7.911292e+02
   endloop
 endfacet
 facet normal -0.000000e+00  2.383347e-14  1.000000e+00
   outer loop
     vertex  2.811068e+02  5.720509e+01  7.911292e+02
     vertex  2.992719e+02  4.766499e+01  7.911292e+02
     vertex  2.824327e+02  5.720509e+01  7.911292e+02
   endloop
 endfacet
 facet normal -1.116670e-14 -1.355883e-15  1.000000e+00
   outer loop
     vertex  2.871099e+02  6.398123e+01  7.911292e+02
     vertex  2.872697e+02  6.266499e+01  7.911292e+02
     vertex  2.992719e+02  4.766499e+01  7.911292e+02
   endloop
 endfacet
 facet normal -1.902995e-14 -7.217108e-15  1.000000e+00
   outer loop
     vertex  2.866397e+02  6.522097e+01  7.911292e+02
     vertex  2.871099e+02  6.398123e+01  7.911292e+02
     vertex  2.992719e+02  4.766499e+01  7.911292e+02
   endloop
 endfacet
 facet normal -6.767712e-14  8.370690e-14  1.000000e+00
   outer loop
     vertex  2.642675e+02  4.766499e+01  7.911292e+02
     vertex  2.811068e+02  5.720509e+01  7.911292e+02
     vertex  2.798194e+02  5.752240e+01  7.911292e+02
   endloop
 endfacet
 facet normal -6.622480e-15 -1.261808e-14  1.000000e+00
   outer loop
     vertex  2.642675e+02  4.766499e+01  7.911292e+02
     vertex  2.798194e+02  5.752240e+01  7.911292e+02
     vertex  2.786454e+02  5.813858e+01  7.911292e+02
   endloop
 endfacet
 facet normal -8.678353e-15 -9.795836e-15  1.000000e+00
   outer loop
     vertex  2.642675e+02  4.766499e+01  7.911292e+02
     vertex  2.786454e+02  5.813858e+01  7.911292e+02
     vertex  2.776529e+02  5.901782e+01  7.911292e+02
   endloop
 endfacet
 facet normal -1.071421e-14 -7.395485e-15  1.000000e+00
   outer loop
     vertex  2.642675e+02  4.766499e+01  7.911292e+02
     vertex  2.776529e+02  5.901782e+01  7.911292e+02
     vertex  2.768997e+02  6.010901e+01  7.911292e+02
   endloop
 endfacet
 facet normal -1.623892e-14 -7.086826e-15  1.000000e+00
   outer loop
     vertex  2.642675e+02  4.766499e+01  7.911292e+02
     vertex  2.992719e+02  4.766499e+01  7.911292e+02
     vertex  2.811068e+02  5.720509e+01  7.911292e+02
   endloop
 endfacet
 facet normal -7.886974e-14  6.179072e-14  1.000000e+00
   outer loop
     vertex  2.764295e+02  6.134876e+01  7.911292e+02
     vertex  2.642675e+02  4.766499e+01  7.911292e+02
     vertex  2.768997e+02  6.010901e+01  7.911292e+02
   endloop
 endfacet
 facet normal  7.727516e-14 -7.698977e-14  1.000000e+00
   outer loop
     vertex  2.762697e+02  6.266499e+01  7.911292e+02
     vertex  2.642675e+02  4.766499e+01  7.911292e+02
     vertex  2.764295e+02  6.134876e+01  7.911292e+02
   endloop
 endfacet
 facet normal -2.233339e-14  2.711765e-15  1.000000e+00
   outer loop
     vertex  2.764295e+02  6.398123e+01  7.911292e+02
     vertex  2.642675e+02  4.766499e+01  7.911292e+02
     vertex  2.762697e+02  6.266499e+01  7.911292e+02
   endloop
 endfacet
 facet normal -3.805990e-14  1.443422e-14  1.000000e+00
   outer loop
     vertex  2.768997e+02  6.522097e+01  7.911292e+02
     vertex  2.642675e+02  4.766499e+01  7.911292e+02
     vertex  2.764295e+02  6.398123e+01  7.911292e+02
   endloop
 endfacet
 facet normal -9.683476e-14 -1.728667e-27  1.000000e+00
   outer loop
     vertex  2.848941e+02  1.181386e+02  7.911292e+02
     vertex  2.837200e+02  6.780758e+01  7.911292e+02
     vertex  2.848941e+02  6.719140e+01  7.911292e+02
   endloop
 endfacet
 facet normal  0.000000e+00  0.000000e+00  1.000000e+00
   outer loop
     vertex  2.848941e+02  1.181386e+02  7.911292e+02
     vertex  2.848941e+02  6.719140e+01  7.911292e+02
     vertex  2.858865e+02  6.631217e+01  7.911292e+02
   endloop
 endfacet
 facet normal -0.000000e+00  0.000000e+00  1.000000e+00
   outer loop
     vertex  2.848941e+02  1.181386e+02  7.911292e+02
     vertex  2.858865e+02  6.631217e+01  7.911292e+02
     vertex  2.858865e+02  1.190178e+02  7.911292e+02
   endloop
 endfacet
 facet normal -3.000723e-15 -2.071250e-15  1.000000e+00
   outer loop
     vertex  2.866397e+02  1.201090e+02  7.911292e+02
     vertex  2.858865e+02  6.631217e+01  7.911292e+02
     vertex  2.866397e+02  6.522097e+01  7.911292e+02
   endloop
 endfacet
 facet normal -1.187834e-14 -2.071250e-15  1.000000e+00
   outer loop
     vertex  2.866397e+02  1.201090e+02  7.911292e+02
     vertex  2.866397e+02  6.522097e+01  7.911292e+02
     vertex  2.992719e+02  4.766499e+01  7.911292e+02
   endloop
 endfacet
 facet normal -1.509386e-13 -2.441826e-27  1.000000e+00
   outer loop
     vertex  2.866397e+02  1.201090e+02  7.911292e+02
     vertex  2.858865e+02  1.190178e+02  7.911292e+02
     vertex  2.858865e+02  6.631217e+01  7.911292e+02
   endloop
 endfacet
 facet normal  9.923515e-14 -4.573559e-15  1.000000e+00
   outer loop
     vertex  2.837200e+02  1.175224e+02  7.911292e+02
     vertex  2.837200e+02  6.780758e+01  7.911292e+02
     vertex  2.848941e+02  1.181386e+02  7.911292e+02
   endloop
 endfacet
 facet normal -8.943630e-14 -4.573559e-15  1.000000e+00
   outer loop
     vertex  2.837200e+02  1.175224e+02  7.911292e+02
     vertex  2.824327e+02  6.812489e+01  7.911292e+02
     vertex  2.837200e+02  6.780758e+01  7.911292e+02
   endloop
 endfacet
 facet normal -1.656402e-13 -2.888301e-14  1.000000e+00
   outer loop
     vertex  2.871099e+02  1.213488e+02  7.911292e+02
     vertex  2.866397e+02  1.201090e+02  7.911292e+02
     vertex  2.992719e+02  4.766499e+01  7.911292e+02
   endloop
 endfacet
 facet normal  0.000000e+00 -6.949045e-15  1.000000e+00
   outer loop
     vertex  2.824327e+02  1.172051e+02  7.911292e+02
     vertex  2.811068e+02  6.812489e+01  7.911292e+02
     vertex  2.824327e+02  6.812489e+01  7.911292e+02
   endloop
 endfacet
 facet normal  1.712786e-15 -6.949045e-15  1.000000e+00
   outer loop
     vertex  2.824327e+02  1.172051e+02  7.911292e+02
     vertex  2.824327e+02  6.812489e+01  7.911292e+02
     vertex  2.837200e+02  1.175224e+02  7.911292e+02
   endloop
 endfacet
 facet normal  5.385740e-15 -6.539472e-16  1.000000e+00
   outer loop
     vertex  2.872697e+02  1.226650e+02  7.911292e+02
     vertex  2.871099e+02  1.213488e+02  7.911292e+02
     vertex  2.992719e+02  4.766499e+01  7.911292e+02
   endloop
 endfacet
 facet normal -8.574292e-14 -4.632696e-15  1.000000e+00
   outer loop
     vertex  2.811068e+02  1.172051e+02  7.911292e+02
     vertex  2.811068e+02  6.812489e+01  7.911292e+02
     vertex  2.824327e+02  1.172051e+02  7.911292e+02
   endloop
 endfacet
 facet normal  1.200195e-15 -2.286780e-15  1.000000e+00
   outer loop
     vertex  2.798194e+02  1.175224e+02  7.911292e+02
     vertex  2.786454e+02  6.719140e+01  7.911292e+02
     vertex  2.798194e+02  6.780758e+01  7.911292e+02
   endloop
 endfacet
 facet normal  8.887266e-14 -2.286780e-15  1.000000e+00
   outer loop
     vertex  2.798194e+02  1.175224e+02  7.911292e+02
     vertex  2.798194e+02  6.780758e+01  7.911292e+02
     vertex  2.811068e+02  6.812489e+01  7.911292e+02
   endloop
 endfacet
 facet normal -1.141857e-15 -4.632696e-15  1.000000e+00
   outer loop
     vertex  2.798194e+02  1.175224e+02  7.911292e+02
     vertex  2.811068e+02  6.812489e+01  7.911292e+02
     vertex  2.811068e+02  1.172051e+02  7.911292e+02
   endloop
 endfacet
 facet normal -1.125745e-13 -2.231465e-15  1.000000e+00
   outer loop
     vertex  2.786454e+02  1.181386e+02  7.911292e+02
     vertex  2.776529e+02  6.631217e+01  7.911292e+02
     vertex  2.786454e+02  6.719140e+01  7.911292e+02
   endloop
 endfacet
 facet normal -1.171163e-15 -2.231465e-15  1.000000e+00
   outer loop
     vertex  2.786454e+02  1.181386e+02  7.911292e+02
     vertex  2.786454e+02  6.719140e+01  7.911292e+02
     vertex  2.798194e+02  1.175224e+02  7.911292e+02
   endloop
 endfacet
 facet normal  3.124975e-15 -2.157014e-15  1.000000e+00
   outer loop
     vertex  2.776529e+02  1.190178e+02  7.911292e+02
     vertex  2.768997e+02  6.522097e+01  7.911292e+02
     vertex  2.776529e+02  6.631217e+01  7.911292e+02
   endloop
 endfacet
 facet normal -1.164623e-13 -2.157014e-15  1.000000e+00
   outer loop
     vertex  2.776529e+02  1.190178e+02  7.911292e+02
     vertex  2.776529e+02  6.631217e+01  7.911292e+02
     vertex  2.786454e+02  1.181386e+02  7.911292e+02
   endloop
 endfacet
 facet normal -1.512094e-14 -2.071250e-15  1.000000e+00
   outer loop
     vertex  2.768997e+02  1.201090e+02  7.911292e+02
     vertex  2.642675e+02  4.766499e+01  7.911292e+02
     vertex  2.768997e+02  6.522097e+01  7.911292e+02
   endloop
 endfacet
 facet normal -3.000723e-15 -2.071250e-15  1.000000e+00
   outer loop
     vertex  2.768997e+02  1.201090e+02  7.911292e+02
     vertex  2.768997e+02  6.522097e+01  7.911292e+02
     vertex  2.776529e+02  1.190178e+02  7.911292e+02
   endloop
 endfacet
 facet normal -8.503850e-15 -3.225085e-15  1.000000e+00
   outer loop
     vertex  2.764295e+02  1.213488e+02  7.911292e+02
     vertex  2.642675e+02  4.766499e+01  7.911292e+02
     vertex  2.768997e+02  1.201090e+02  7.911292e+02
   endloop
 endfacet
 facet normal -1.615722e-14 -1.961842e-15  1.000000e+00
   outer loop
     vertex  2.762697e+02  1.226650e+02  7.911292e+02
     vertex  2.642675e+02  4.766499e+01  7.911292e+02
     vertex  2.764295e+02  1.213488e+02  7.911292e+02
   endloop
 endfacet
 facet normal  1.615288e-15 -1.823283e-15  1.000000e+00
   outer loop
     vertex  2.848941e+02  2.501386e+02  7.911292e+02
     vertex  2.858865e+02  1.263122e+02  7.911292e+02
     vertex  2.858865e+02  2.510178e+02  7.911292e+02
   endloop
 endfacet
 facet normal -1.170089e-13 -2.774041e-15  1.000000e+00
   outer loop
     vertex  2.848941e+02  2.501386e+02  7.911292e+02
     vertex  2.848941e+02  1.271914e+02  7.911292e+02
     vertex  2.858865e+02  1.263122e+02  7.911292e+02
   endloop
 endfacet
 facet normal -2.992358e-13 -1.823283e-15  1.000000e+00
   outer loop
     vertex  2.866397e+02  2.521090e+02  7.911292e+02
     vertex  2.858865e+02  2.510178e+02  7.911292e+02
     vertex  2.858865e+02  1.263122e+02  7.911292e+02
   endloop
 endfacet
 facet normal -5.192099e-15 -3.583847e-15  1.000000e+00
   outer loop
     vertex  2.866397e+02  2.521090e+02  7.911292e+02
     vertex  2.858865e+02  1.263122e+02  7.911292e+02
     vertex  2.866397e+02  1.252210e+02  7.911292e+02
   endloop
 endfacet
 facet normal  1.455929e-15 -2.774041e-15  1.000000e+00
   outer loop
     vertex  2.837200e+02  2.495224e+02  7.911292e+02
     vertex  2.848941e+02  1.271914e+02  7.911292e+02
     vertex  2.848941e+02  2.501386e+02  7.911292e+02
   endloop
 endfacet
 facet normal -9.879565e-14 -3.736171e-15  1.000000e+00
   outer loop
     vertex  2.837200e+02  2.495224e+02  7.911292e+02
     vertex  2.837200e+02  1.278076e+02  7.911292e+02
     vertex  2.848941e+02  1.271914e+02  7.911292e+02
   endloop
 endfacet
 facet normal  9.449828e-15 -3.583847e-15  1.000000e+00
   outer loop
     vertex  2.871099e+02  2.533488e+02  7.911292e+02
     vertex  2.866397e+02  2.521090e+02  7.911292e+02
     vertex  2.866397e+02  1.252210e+02  7.911292e+02
   endloop
 endfacet
 facet normal -9.268711e-15 -3.515158e-15  1.000000e+00
   outer loop
     vertex  2.871099e+02  2.533488e+02  7.911292e+02
     vertex  2.866397e+02  1.252210e+02  7.911292e+02
     vertex  2.871099e+02  1.239812e+02  7.911292e+02
   endloop
 endfacet
 facet normal  8.922990e-14 -3.736171e-15  1.000000e+00
   outer loop
     vertex  2.824327e+02  2.492051e+02  7.911292e+02
     vertex  2.837200e+02  1.278076e+02  7.911292e+02
     vertex  2.837200e+02  2.495224e+02  7.911292e+02
   endloop
 endfacet
 facet normal  8.574292e-14 -4.694691e-15  1.000000e+00
   outer loop
     vertex  2.824327e+02  2.492051e+02  7.911292e+02
     vertex  2.811068e+02  1.281249e+02  7.911292e+02
     vertex  2.824327e+02  1.281249e+02  7.911292e+02
   endloop
 endfacet
 facet normal -1.157138e-15 -4.694691e-15  1.000000e+00
   outer loop
     vertex  2.824327e+02  2.492051e+02  7.911292e+02
     vertex  2.824327e+02  1.281249e+02  7.911292e+02
     vertex  2.837200e+02  1.278076e+02  7.911292e+02
   endloop
 endfacet
 facet normal  1.610146e-28 -3.755753e-15  1.000000e+00
   outer loop
     vertex  2.811068e+02  2.492051e+02  7.911292e+02
     vertex  2.811068e+02  1.281249e+02  7.911292e+02
     vertex  2.824327e+02  2.492051e+02  7.911292e+02
   endloop
 endfacet
 facet normal -8.923473e-14 -3.755753e-15  1.000000e+00
   outer loop
     vertex  2.798194e+02  2.495224e+02  7.911292e+02
     vertex  2.811068e+02  1.281249e+02  7.911292e+02
     vertex  2.811068e+02  2.492051e+02  7.911292e+02
   endloop
 endfacet
 facet normal  6.906625e-16 -2.802128e-15  1.000000e+00
   outer loop
     vertex  2.798194e+02  2.495224e+02  7.911292e+02
     vertex  2.798194e+02  1.278076e+02  7.911292e+02
     vertex  2.811068e+02  1.281249e+02  7.911292e+02
   endloop
 endfacet
 facet normal -1.470670e-15 -2.802128e-15  1.000000e+00
   outer loop
     vertex  2.786454e+02  2.501386e+02  7.911292e+02
     vertex  2.798194e+02  1.278076e+02  7.911292e+02
     vertex  2.798194e+02  2.495224e+02  7.911292e+02
   endloop
 endfacet
 facet normal -9.489352e-14 -3.698721e-15  1.000000e+00
   outer loop
     vertex  2.786454e+02  2.501386e+02  7.911292e+02
     vertex  2.786454e+02  1.271914e+02  7.911292e+02
     vertex  2.798194e+02  1.278076e+02  7.911292e+02
   endloop
 endfacet
 facet normal -1.178281e-13 -3.698721e-15  1.000000e+00
   outer loop
     vertex  2.776529e+02  2.510178e+02  7.911292e+02
     vertex  2.786454e+02  1.271914e+02  7.911292e+02
     vertex  2.786454e+02  2.501386e+02  7.911292e+02
   endloop
 endfacet
 facet normal  2.422931e-15 -2.734924e-15  1.000000e+00
   outer loop
     vertex  2.776529e+02  2.510178e+02  7.911292e+02
     vertex  2.776529e+02  1.263122e+02  7.911292e+02
     vertex  2.786454e+02  1.271914e+02  7.911292e+02
   endloop
 endfacet
 facet normal -3.962222e-15 -2.734924e-15  1.000000e+00
   outer loop
     vertex  2.768997e+02  2.521090e+02  7.911292e+02
     vertex  2.776529e+02  1.263122e+02  7.911292e+02
     vertex  2.776529e+02  2.510178e+02  7.911292e+02
   endloop
 endfacet
 facet normal  3.894074e-15 -2.687885e-15  1.000000e+00
   outer loop
     vertex  2.768997e+02  2.521090e+02  7.911292e+02
     vertex  2.768997e+02  1.252210e+02  7.911292e+02
     vertex  2.776529e+02  1.263122e+02  7.911292e+02
   endloop
 endfacet
 facet normal -7.087371e-15 -2.687885e-15  1.000000e+00
   outer loop
     vertex  2.764295e+02  2.533488e+02  7.911292e+02
     vertex  2.768997e+02  1.252210e+02  7.911292e+02
     vertex  2.768997e+02  2.521090e+02  7.911292e+02
   endloop
 endfacet
 facet normal -2.325298e-13 -3.515158e-15  1.000000e+00
   outer loop
     vertex  2.764295e+02  2.533488e+02  7.911292e+02
     vertex  2.764295e+02  1.239812e+02  7.911292e+02
     vertex  2.768997e+02  1.252210e+02  7.911292e+02
   endloop
 endfacet
 facet normal -1.115762e-13 -3.358267e-15  1.000000e+00
   outer loop
     vertex  2.848941e+02  3.251386e+02  7.911292e+02
     vertex  2.858865e+02  2.583122e+02  7.911292e+02
     vertex  2.858865e+02  3.260178e+02  7.911292e+02
   endloop
 endfacet
 facet normal -9.864431e-14 -3.447815e-15  1.000000e+00
   outer loop
     vertex  2.848941e+02  3.251386e+02  7.911292e+02
     vertex  2.837200e+02  2.598076e+02  7.911292e+02
     vertex  2.848941e+02  2.591914e+02  7.911292e+02
   endloop
 endfacet
 facet normal -1.176059e-13 -3.447815e-15  1.000000e+00
   outer loop
     vertex  2.848941e+02  3.251386e+02  7.911292e+02
     vertex  2.848941e+02  2.591914e+02  7.911292e+02
     vertex  2.858865e+02  2.583122e+02  7.911292e+02
   endloop
 endfacet
 facet normal  4.865290e-15 -3.358267e-15  1.000000e+00
   outer loop
     vertex  2.866397e+02  3.271090e+02  7.911292e+02
     vertex  2.858865e+02  3.260178e+02  7.911292e+02
     vertex  2.858865e+02  2.583122e+02  7.911292e+02
   endloop
 endfacet
 facet normal -4.713362e-15 -3.253399e-15  1.000000e+00
   outer loop
     vertex  2.866397e+02  3.271090e+02  7.911292e+02
     vertex  2.858865e+02  2.583122e+02  7.911292e+02
     vertex  2.866397e+02  2.572210e+02  7.911292e+02
   endloop
 endfacet
 facet normal -9.499075e-14 -3.513471e-15  1.000000e+00
   outer loop
     vertex  2.837200e+02  3.245224e+02  7.911292e+02
     vertex  2.837200e+02  2.598076e+02  7.911292e+02
     vertex  2.848941e+02  3.251386e+02  7.911292e+02
   endloop
 endfacet
 facet normal -8.659929e-16 -3.513471e-15  1.000000e+00
   outer loop
     vertex  2.837200e+02  3.245224e+02  7.911292e+02
     vertex  2.824327e+02  2.601249e+02  7.911292e+02
     vertex  2.837200e+02  2.598076e+02  7.911292e+02
   endloop
 endfacet
 facet normal  8.578507e-15 -3.253399e-15  1.000000e+00
   outer loop
     vertex  2.871099e+02  3.283488e+02  7.911292e+02
     vertex  2.866397e+02  3.271090e+02  7.911292e+02
     vertex  2.866397e+02  2.572210e+02  7.911292e+02
   endloop
 endfacet
 facet normal -8.284587e-15 -3.141930e-15  1.000000e+00
   outer loop
     vertex  2.871099e+02  3.283488e+02  7.911292e+02
     vertex  2.866397e+02  2.572210e+02  7.911292e+02
     vertex  2.871099e+02  2.559812e+02  7.911292e+02
   endloop
 endfacet
 facet normal  8.745693e-16 -3.548267e-15  1.000000e+00
   outer loop
     vertex  2.824327e+02  3.242051e+02  7.911292e+02
     vertex  2.824327e+02  2.601249e+02  7.911292e+02
     vertex  2.837200e+02  3.245224e+02  7.911292e+02
   endloop
 endfacet
 facet normal  0.000000e+00 -5.322401e-15  1.000000e+00
   outer loop
     vertex  2.811068e+02  3.242051e+02  7.911292e+02
     vertex  2.811068e+02  2.601249e+02  7.911292e+02
     vertex  2.824327e+02  2.601249e+02  7.911292e+02
   endloop
 endfacet
 facet normal  8.574292e-14 -3.548267e-15  1.000000e+00
   outer loop
     vertex  2.811068e+02  3.242051e+02  7.911292e+02
     vertex  2.824327e+02  2.601249e+02  7.911292e+02
     vertex  2.824327e+02  3.242051e+02  7.911292e+02
   endloop
 endfacet
 facet normal  8.917501e-14 -3.513471e-15  1.000000e+00
   outer loop
     vertex  2.798194e+02  3.245224e+02  7.911292e+02
     vertex  2.798194e+02  2.598076e+02  7.911292e+02
     vertex  2.811068e+02  2.601249e+02  7.911292e+02
   endloop
 endfacet
 facet normal -1.311854e-15 -5.322401e-15  1.000000e+00
   outer loop
     vertex  2.798194e+02  3.245224e+02  7.911292e+02
     vertex  2.811068e+02  2.601249e+02  7.911292e+02
     vertex  2.811068e+02  3.242051e+02  7.911292e+02
   endloop
 endfacet
 facet normal  3.054498e-15 -3.447815e-15  1.000000e+00
   outer loop
     vertex  2.786454e+02  3.251386e+02  7.911292e+02
     vertex  2.776529e+02  2.583122e+02  7.911292e+02
     vertex  2.786454e+02  2.591914e+02  7.911292e+02
   endloop
 endfacet
 facet normal -9.502521e-14 -3.447815e-15  1.000000e+00
   outer loop
     vertex  2.786454e+02  3.251386e+02  7.911292e+02
     vertex  2.786454e+02  2.591914e+02  7.911292e+02
     vertex  2.798194e+02  2.598076e+02  7.911292e+02
   endloop
 endfacet
 facet normal -9.867877e-14 -3.513471e-15  1.000000e+00
   outer loop
     vertex  2.786454e+02  3.251386e+02  7.911292e+02
     vertex  2.798194e+02  2.598076e+02  7.911292e+02
     vertex  2.798194e+02  3.245224e+02  7.911292e+02
   endloop
 endfacet
 facet normal -2.975165e-15 -3.358267e-15  1.000000e+00
   outer loop
     vertex  2.776529e+02  3.260178e+02  7.911292e+02
     vertex  2.776529e+02  2.583122e+02  7.911292e+02
     vertex  2.786454e+02  3.251386e+02  7.911292e+02
   endloop
 endfacet
 facet normal  4.713362e-15 -3.253399e-15  1.000000e+00
   outer loop
     vertex  2.768997e+02  3.271090e+02  7.911292e+02
     vertex  2.768997e+02  2.572210e+02  7.911292e+02
     vertex  2.776529e+02  2.583122e+02  7.911292e+02
   endloop
 endfacet
 facet normal -4.865290e-15 -3.358267e-15  1.000000e+00
   outer loop
     vertex  2.768997e+02  3.271090e+02  7.911292e+02
     vertex  2.776529e+02  2.583122e+02  7.911292e+02
     vertex  2.776529e+02  3.260178e+02  7.911292e+02
   endloop
 endfacet
 facet normal -8.578507e-15 -3.253399e-15  1.000000e+00
   outer loop
     vertex  2.764295e+02  3.283488e+02  7.911292e+02
     vertex  2.768997e+02  2.572210e+02  7.911292e+02
     vertex  2.768997e+02  3.271090e+02  7.911292e+02
   endloop
 endfacet
 facet normal -2.293716e-13 -4.712894e-15  1.000000e+00
   outer loop
     vertex  2.764295e+02  3.283488e+02  7.911292e+02
     vertex  2.764295e+02  2.559812e+02  7.911292e+02
     vertex  2.768997e+02  2.572210e+02  7.911292e+02
   endloop
 endfacet
 facet normal -7.895303e-14  3.795877e-14  1.000000e+00
   outer loop
     vertex  2.992719e+02  3.611650e+02  7.911292e+02
     vertex  2.824327e+02  3.351249e+02  7.911292e+02
     vertex  2.837200e+02  3.348076e+02  7.911292e+02
   endloop
 endfacet
 facet normal -3.457012e-15 -6.586786e-15  1.000000e+00
   outer loop
     vertex  2.992719e+02  3.611650e+02  7.911292e+02
     vertex  2.837200e+02  3.348076e+02  7.911292e+02
     vertex  2.848941e+02  3.341914e+02  7.911292e+02
   endloop
 endfacet
 facet normal -5.072504e-15 -5.725673e-15  1.000000e+00
   outer loop
     vertex  2.992719e+02  3.611650e+02  7.911292e+02
     vertex  2.848941e+02  3.341914e+02  7.911292e+02
     vertex  2.858865e+02  3.333122e+02  7.911292e+02
   endloop
 endfacet
 facet normal -6.972338e-15 -4.812658e-15  1.000000e+00
   outer loop
     vertex  2.992719e+02  3.611650e+02  7.911292e+02
     vertex  2.858865e+02  3.333122e+02  7.911292e+02
     vertex  2.866397e+02  3.322210e+02  7.911292e+02
   endloop
 endfacet
 facet normal -9.630713e-15 -3.652448e-15  1.000000e+00
   outer loop
     vertex  2.992719e+02  3.611650e+02  7.911292e+02
     vertex  2.866397e+02  3.322210e+02  7.911292e+02
     vertex  2.871099e+02  3.309812e+02  7.911292e+02
   endloop
 endfacet
 facet normal -1.436618e-14 -1.744371e-15  1.000000e+00
   outer loop
     vertex  2.992719e+02  3.611650e+02  7.911292e+02
     vertex  2.871099e+02  3.309812e+02  7.911292e+02
     vertex  2.872697e+02  3.296650e+02  7.911292e+02
   endloop
 endfacet
 facet normal -1.021765e-14 -3.141930e-15  1.000000e+00
   outer loop
     vertex  2.992719e+02  3.611650e+02  7.911292e+02
     vertex  2.871099e+02  3.283488e+02  7.911292e+02
     vertex  2.871099e+02  2.559812e+02  7.911292e+02
   endloop
 endfacet
 facet normal -1.823830e-14 -2.214530e-15  1.000000e+00
   outer loop
     vertex  2.992719e+02  3.611650e+02  7.911292e+02
     vertex  2.871099e+02  2.559812e+02  7.911292e+02
     vertex  2.872697e+02  2.546650e+02  7.911292e+02
   endloop
 endfacet
 facet normal -2.780506e-14  3.376146e-15  1.000000e+00
   outer loop
     vertex  2.992719e+02  3.611650e+02  7.911292e+02
     vertex  2.872697e+02  3.296650e+02  7.911292e+02
     vertex  2.871099e+02  3.283488e+02  7.911292e+02
   endloop
 endfacet
 facet normal -1.856292e-15  7.531272e-15  1.000000e+00
   outer loop
     vertex  2.642675e+02  3.611650e+02  7.911292e+02
     vertex  2.798194e+02  3.348076e+02  7.911292e+02
     vertex  2.811068e+02  3.351249e+02  7.911292e+02
   endloop
 endfacet
 facet normal -8.574292e-14 -4.671540e-14  1.000000e+00
   outer loop
     vertex  2.642675e+02  3.611650e+02  7.911292e+02
     vertex  2.811068e+02  3.351249e+02  7.911292e+02
     vertex  2.824327e+02  3.351249e+02  7.911292e+02
   endloop
 endfacet
 facet normal  4.559574e-15 -5.536325e-16  1.000000e+00
   outer loop
     vertex  2.642675e+02  3.611650e+02  7.911292e+02
     vertex  2.762697e+02  2.546650e+02  7.911292e+02
     vertex  2.764295e+02  2.559812e+02  7.911292e+02
   endloop
 endfacet
 facet normal -3.141195e-14 -4.712894e-15  1.000000e+00
   outer loop
     vertex  2.642675e+02  3.611650e+02  7.911292e+02
     vertex  2.764295e+02  2.559812e+02  7.911292e+02
     vertex  2.764295e+02  3.283488e+02  7.911292e+02
   endloop
 endfacet
 facet normal -2.780506e-14 -3.376146e-15  1.000000e+00
   outer loop
     vertex  2.642675e+02  3.611650e+02  7.911292e+02
     vertex  2.764295e+02  3.283488e+02  7.911292e+02
     vertex  2.762697e+02  3.296650e+02  7.911292e+02
   endloop
 endfacet
 facet normal -1.436618e-14  1.744371e-15  1.000000e+00
   outer loop
     vertex  2.642675e+02  3.611650e+02  7.911292e+02
     vertex  2.762697e+02  3.296650e+02  7.911292e+02
     vertex  2.764295e+02  3.309812e+02  7.911292e+02
   endloop
 endfacet
 facet normal -1.948671e-14 -4.961097e-16  1.000000e+00
   outer loop
     vertex  2.642675e+02  3.611650e+02  7.911292e+02
     vertex  2.824327e+02  3.351249e+02  7.911292e+02
     vertex  2.992719e+02  3.611650e+02  7.911292e+02
   endloop
 endfacet
 facet normal -9.630713e-15  3.652448e-15  1.000000e+00
   outer loop
     vertex  2.642675e+02  3.611650e+02  7.911292e+02
     vertex  2.764295e+02  3.309812e+02  7.911292e+02
     vertex  2.768997e+02  3.322210e+02  7.911292e+02
   endloop
 endfacet
 facet normal -9.944303e-14 -3.554485e-14  1.000000e+00
   outer loop
     vertex  2.642675e+02  3.611650e+02  7.911292e+02
     vertex  2.768997e+02  3.322210e+02  7.911292e+02
     vertex  2.776529e+02  3.333122e+02  7.911292e+02
   endloop
 endfacet
 facet normal -7.608755e-15  8.588509e-15  1.000000e+00
   outer loop
     vertex  2.642675e+02  3.611650e+02  7.911292e+02
     vertex  2.776529e+02  3.333122e+02  7.911292e+02
     vertex  2.786454e+02  3.341914e+02  7.911292e+02
   endloop
 endfacet
 facet normal  7.048093e-14  5.021302e-14  1.000000e+00
   outer loop
     vertex  2.642675e+02  3.611650e+02  7.911292e+02
     vertex  2.786454e+02  3.341914e+02  7.911292e+02
     vertex  2.798194e+02  3.348076e+02  7.911292e+02
   endloop
 endfacet
 facet normal -1.627035e-14 -2.901100e-15  1.000000e+00
   outer loop
     vertex  2.642675e+02  4.766499e+01  7.911292e+02
     vertex  2.762697e+02  2.546650e+02  7.911292e+02
     vertex  2.642675e+02  3.611650e+02  7.911292e+02
   endloop
 endfacet
 facet normal -2.142923e-14 -2.601979e-15  1.000000e+00
   outer loop
     vertex  2.642675e+02  4.766499e+01  7.911292e+02
     vertex  2.764295e+02  2.533488e+02  7.911292e+02
     vertex  2.762697e+02  2.546650e+02  7.911292e+02
   endloop
 endfacet
 facet normal -6.723397e-15 -3.471532e-15  1.000000e+00
   outer loop
     vertex  2.642675e+02  4.766499e+01  7.911292e+02
     vertex  2.762697e+02  1.226650e+02  7.911292e+02
     vertex  2.764295e+02  2.533488e+02  7.911292e+02
   endloop
 endfacet
 facet normal  2.894993e-14 -3.515158e-15  1.000000e+00
   outer loop
     vertex  2.762697e+02  1.226650e+02  7.911292e+02
     vertex  2.764295e+02  1.239812e+02  7.911292e+02
     vertex  2.764295e+02  2.533488e+02  7.911292e+02
   endloop
 endfacet
 facet normal -1.092244e-14 -3.263737e-15  1.000000e+00
   outer loop
     vertex  2.992719e+02  3.611650e+02  7.911292e+02
     vertex  2.872697e+02  1.226650e+02  7.911292e+02
     vertex  2.992719e+02  4.766499e+01  7.911292e+02
   endloop
 endfacet
 facet normal -2.220373e-14 -2.696020e-15  1.000000e+00
   outer loop
     vertex  2.992719e+02  3.611650e+02  7.911292e+02
     vertex  2.871099e+02  1.239812e+02  7.911292e+02
     vertex  2.872697e+02  1.226650e+02  7.911292e+02
   endloop
 endfacet
 facet normal -7.088424e-15 -3.471085e-15  1.000000e+00
   outer loop
     vertex  2.992719e+02  3.611650e+02  7.911292e+02
     vertex  2.872697e+02  2.546650e+02  7.911292e+02
     vertex  2.871099e+02  1.239812e+02  7.911292e+02
   endloop
 endfacet
 facet normal  2.894993e-14 -3.515158e-15  1.000000e+00
   outer loop
     vertex  2.872697e+02  2.546650e+02  7.911292e+02
     vertex  2.871099e+02  2.533488e+02  7.911292e+02
     vertex  2.871099e+02  1.239812e+02  7.911292e+02
   endloop
 endfacet
 facet normal  4.546899e-14  1.000000e+00  1.723075e-27
   outer loop
     vertex  2.992719e+02  3.611650e+02  7.881292e+02
     vertex  2.642675e+02  3.611650e+02  7.881292e+02
     vertex  2.642675e+02  3.611650e+02  7.911292e+02
   endloop
 endfacet
 facet normal  1.033845e-26  1.000000e+00 -5.305386e-13
   outer loop
     vertex  2.992719e+02  3.611650e+02  7.881292e+02
     vertex  2.642675e+02  3.611650e+02  7.911292e+02
     vertex  2.992719e+02  3.611650e+02  7.911292e+02
   endloop
 endfacet
 facet normal  3.076920e-28 -1.000000e+00 -1.894781e-14
   outer loop
     vertex  2.642675e+02  4.766499e+01  7.881292e+02
     vertex  2.992719e+02  4.766499e+01  7.881292e+02
     vertex  2.992719e+02  4.766499e+01  7.911292e+02
   endloop
 endfacet
 facet normal  3.076920e-28 -1.000000e+00 -1.894781e-14
   outer loop
     vertex  2.642675e+02  4.766499e+01  7.881292e+02
     vertex  2.992719e+02  4.766499e+01  7.911292e+02
     vertex  2.642675e+02  4.766499e+01  7.911292e+02
   endloop
 endfacet
 facet normal  9.927089e-01 -1.205367e-01  1.823991e-14
   outer loop
     vertex  2.764295e+02  6.398123e+01  7.881292e+02
     vertex  2.762697e+02  6.266499e+01  7.911292e+02
     vertex  2.762697e+02  6.266499e+01  7.881292e+02
   endloop
 endfacet
 facet normal  9.927089e-01 -1.205367e-01  1.823868e-14
   outer loop
     vertex  2.764295e+02  6.398123e+01  7.881292e+02
     vertex  2.764295e+02  6.398123e+01  7.911292e+02
     vertex  2.762697e+02  6.266499e+01  7.911292e+02
   endloop
 endfacet
 facet normal  9.350162e-01 -3.546049e-01  3.207352e-14
   outer loop
     vertex  2.768997e+02  6.522097e+01  7.881292e+02
     vertex  2.768997e+02  6.522097e+01  7.911292e+02
     vertex  2.764295e+02  6.398123e+01  7.911292e+02
   endloop
 endfacet
 facet normal  9.350162e-01 -3.546049e-01  1.604889e-14
   outer loop
     vertex  2.768997e+02  6.522097e+01  7.881292e+02
     vertex  2.764295e+02  6.398123e+01  7.911292e+02
     vertex  2.764295e+02  6.398123e+01  7.881292e+02
   endloop
 endfacet
 facet normal  8.229839e-01 -5.680647e-01  2.580569e-14
   outer loop
     vertex  2.776529e+02  6.631217e+01  7.881292e+02
     vertex  2.776529e+02  6.631217e+01  7.911292e+02
     vertex  2.768997e+02  6.522097e+01  7.911292e+02
   endloop
 endfacet
 facet normal  8.229839e-01 -5.680647e-01  2.581777e-14
   outer loop
     vertex  2.776529e+02  6.631217e+01  7.881292e+02
     vertex  2.768997e+02  6.522097e+01  7.911292e+02
     vertex  2.768997e+02  6.522097e+01  7.881292e+02
   endloop
 endfacet
 facet normal  6.631227e-01 -7.485107e-01  5.473401e-15
   outer loop
     vertex  2.786454e+02  6.719140e+01  7.881292e+02
     vertex  2.786454e+02  6.719140e+01  7.911292e+02
     vertex  2.776529e+02  6.631217e+01  7.911292e+02
   endloop
 endfacet
 facet normal  6.631227e-01 -7.485107e-01  1.803058e-14
   outer loop
     vertex  2.786454e+02  6.719140e+01  7.881292e+02
     vertex  2.776529e+02  6.631217e+01  7.911292e+02
     vertex  2.776529e+02  6.631217e+01  7.881292e+02
   endloop
 endfacet
 facet normal  4.647232e-01 -8.854560e-01  9.222245e-15
   outer loop
     vertex  2.798194e+02  6.780758e+01  7.881292e+02
     vertex  2.798194e+02  6.780758e+01  7.911292e+02
     vertex  2.786454e+02  6.719140e+01  7.911292e+02
   endloop
 endfacet
 facet normal  2.393157e-01 -9.709418e-01 -1.295950e-16
   outer loop
     vertex  2.798194e+02  6.780758e+01  7.881292e+02
     vertex  2.811068e+02  6.812489e+01  7.911292e+02
     vertex  2.798194e+02  6.780758e+01  7.911292e+02
   endloop
 endfacet
 facet normal  4.647232e-01 -8.854560e-01  4.186666e-16
   outer loop
     vertex  2.798194e+02  6.780758e+01  7.881292e+02
     vertex  2.786454e+02  6.719140e+01  7.911292e+02
     vertex  2.786454e+02  6.719140e+01  7.881292e+02
   endloop
 endfacet
 facet normal  2.393157e-01 -9.709418e-01 -1.295950e-16
   outer loop
     vertex  2.811068e+02  6.812489e+01  7.881292e+02
     vertex  2.811068e+02  6.812489e+01  7.911292e+02
     vertex  2.798194e+02  6.780758e+01  7.881292e+02
   endloop
 endfacet
 facet normal  0.000000e+00 -1.000000e+00 -9.473903e-15
   outer loop
     vertex  2.824327e+02  6.812489e+01  7.881292e+02
     vertex  2.824327e+02  6.812489e+01  7.911292e+02
     vertex  2.811068e+02  6.812489e+01  7.911292e+02
   endloop
 endfacet
 facet normal -0.000000e+00 -1.000000e+00 -9.473903e-15
   outer loop
     vertex  2.824327e+02  6.812489e+01  7.881292e+02
     vertex  2.811068e+02  6.812489e+01  7.911292e+02
     vertex  2.811068e+02  6.812489e+01  7.881292e+02
   endloop
 endfacet
 facet normal -2.393157e-01 -9.709418e-01 -1.826762e-14
   outer loop
     vertex  2.837200e+02  6.780758e+01  7.881292e+02
     vertex  2.837200e+02  6.780758e+01  7.911292e+02
     vertex  2.824327e+02  6.812489e+01  7.911292e+02
   endloop
 endfacet
 facet normal -2.393157e-01 -9.709418e-01 -1.373226e-14
   outer loop
     vertex  2.837200e+02  6.780758e+01  7.881292e+02
     vertex  2.824327e+02  6.812489e+01  7.911292e+02
     vertex  2.824327e+02  6.812489e+01  7.881292e+02
   endloop
 endfacet
 facet normal -4.647232e-01 -8.854560e-01 -2.599969e-14
   outer loop
     vertex  2.848941e+02  6.719140e+01  7.881292e+02
     vertex  2.848941e+02  6.719140e+01  7.911292e+02
     vertex  2.837200e+02  6.780758e+01  7.911292e+02
   endloop
 endfacet
 facet normal -4.647232e-01 -8.854560e-01 -2.601315e-14
   outer loop
     vertex  2.848941e+02  6.719140e+01  7.881292e+02
     vertex  2.837200e+02  6.780758e+01  7.911292e+02
     vertex  2.837200e+02  6.780758e+01  7.881292e+02
   endloop
 endfacet
 facet normal -6.631227e-01 -7.485107e-01 -3.222076e-14
   outer loop
     vertex  2.858865e+02  6.631217e+01  7.881292e+02
     vertex  2.858865e+02  6.631217e+01  7.911292e+02
     vertex  2.848941e+02  6.719140e+01  7.911292e+02
   endloop
 endfacet
 facet normal -8.229839e-01 -5.680647e-01 -3.656927e-14
   outer loop
     vertex  2.858865e+02  6.631217e+01  7.881292e+02
     vertex  2.866397e+02  6.522097e+01  7.911292e+02
     vertex  2.858865e+02  6.631217e+01  7.911292e+02
   endloop
 endfacet
 facet normal -6.631227e-01 -7.485107e-01 -3.220942e-14
   outer loop
     vertex  2.858865e+02  6.631217e+01  7.881292e+02
     vertex  2.848941e+02  6.719140e+01  7.911292e+02
     vertex  2.848941e+02  6.719140e+01  7.881292e+02
   endloop
 endfacet
 facet normal -9.350162e-01 -3.546049e-01 -3.879251e-14
   outer loop
     vertex  2.866397e+02  6.522097e+01  7.881292e+02
     vertex  2.871099e+02  6.398123e+01  7.911292e+02
     vertex  2.866397e+02  6.522097e+01  7.911292e+02
   endloop
 endfacet
 facet normal -8.229839e-01 -5.680647e-01 -3.656927e-14
   outer loop
     vertex  2.866397e+02  6.522097e+01  7.881292e+02
     vertex  2.866397e+02  6.522097e+01  7.911292e+02
     vertex  2.858865e+02  6.631217e+01  7.881292e+02
   endloop
 endfacet
 facet normal -9.350162e-01 -3.546049e-01 -3.711276e-14
   outer loop
     vertex  2.871099e+02  6.398123e+01  7.881292e+02
     vertex  2.871099e+02  6.398123e+01  7.911292e+02
     vertex  2.866397e+02  6.522097e+01  7.881292e+02
   endloop
 endfacet
 facet normal -9.927089e-01 -1.205367e-01 -3.819029e-14
   outer loop
     vertex  2.872697e+02  6.266499e+01  7.881292e+02
     vertex  2.872697e+02  6.266499e+01  7.911292e+02
     vertex  2.871099e+02  6.398123e+01  7.911292e+02
   endloop
 endfacet
 facet normal -9.927089e-01 -1.205367e-01 -3.818937e-14
   outer loop
     vertex  2.872697e+02  6.266499e+01  7.881292e+02
     vertex  2.871099e+02  6.398123e+01  7.911292e+02
     vertex  2.871099e+02  6.398123e+01  7.881292e+02
   endloop
 endfacet
 facet normal  9.927089e-01 -1.205367e-01  3.705199e-14
   outer loop
     vertex  2.764295e+02  1.239812e+02  7.881292e+02
     vertex  2.762697e+02  1.226650e+02  7.911292e+02
     vertex  2.762697e+02  1.226650e+02  7.881292e+02
   endloop
 endfacet
 facet normal  9.927089e-01 -1.205367e-01  3.647736e-14
   outer loop
     vertex  2.764295e+02  1.239812e+02  7.881292e+02
     vertex  2.764295e+02  1.239812e+02  7.911292e+02
     vertex  2.762697e+02  1.226650e+02  7.911292e+02
   endloop
 endfacet
 facet normal  9.350162e-01 -3.546049e-01  3.375327e-14
   outer loop
     vertex  2.768997e+02  1.252210e+02  7.881292e+02
     vertex  2.768997e+02  1.252210e+02  7.911292e+02
     vertex  2.764295e+02  1.239812e+02  7.911292e+02
   endloop
 endfacet
 facet normal  9.350162e-01 -3.546049e-01  3.206986e-14
   outer loop
     vertex  2.768997e+02  1.252210e+02  7.881292e+02
     vertex  2.764295e+02  1.239812e+02  7.911292e+02
     vertex  2.764295e+02  1.239812e+02  7.881292e+02
   endloop
 endfacet
 facet normal  8.229839e-01 -5.680647e-01  1.290284e-14
   outer loop
     vertex  2.776529e+02  1.263122e+02  7.881292e+02
     vertex  2.776529e+02  1.263122e+02  7.911292e+02
     vertex  2.768997e+02  1.252210e+02  7.911292e+02
   endloop
 endfacet
 facet normal  6.631227e-01 -7.485107e-01  9.019061e-15
   outer loop
     vertex  2.776529e+02  1.263122e+02  7.881292e+02
     vertex  2.786454e+02  1.271914e+02  7.911292e+02
     vertex  2.776529e+02  1.263122e+02  7.911292e+02
   endloop
 endfacet
 facet normal  8.229839e-01 -5.680647e-01  2.849724e-14
   outer loop
     vertex  2.776529e+02  1.263122e+02  7.881292e+02
     vertex  2.768997e+02  1.252210e+02  7.911292e+02
     vertex  2.768997e+02  1.252210e+02  7.881292e+02
   endloop
 endfacet
 facet normal  6.631227e-01 -7.485107e-01  2.158378e-14
   outer loop
     vertex  2.786454e+02  1.271914e+02  7.881292e+02
     vertex  2.786454e+02  1.271914e+02  7.911292e+02
     vertex  2.776529e+02  1.263122e+02  7.881292e+02
   endloop
 endfacet
 facet normal  4.647232e-01 -8.854560e-01  1.341661e-14
   outer loop
     vertex  2.798194e+02  1.278076e+02  7.881292e+02
     vertex  2.798194e+02  1.278076e+02  7.911292e+02
     vertex  2.786454e+02  1.271914e+02  7.911292e+02
   endloop
 endfacet
 facet normal  4.647232e-01 -8.854560e-01  1.342524e-14
   outer loop
     vertex  2.798194e+02  1.278076e+02  7.881292e+02
     vertex  2.786454e+02  1.271914e+02  7.911292e+02
     vertex  2.786454e+02  1.271914e+02  7.881292e+02
   endloop
 endfacet
 facet normal  2.393157e-01 -9.709418e-01  9.069014e-15
   outer loop
     vertex  2.811068e+02  1.281249e+02  7.881292e+02
     vertex  2.811068e+02  1.281249e+02  7.911292e+02
     vertex  2.798194e+02  1.278076e+02  7.911292e+02
   endloop
 endfacet
 facet normal  2.393157e-01 -9.709418e-01  4.465777e-15
   outer loop
     vertex  2.811068e+02  1.281249e+02  7.881292e+02
     vertex  2.798194e+02  1.278076e+02  7.911292e+02
     vertex  2.798194e+02  1.278076e+02  7.881292e+02
   endloop
 endfacet
 facet normal  0.000000e+00 -1.000000e+00  0.000000e+00
   outer loop
     vertex  2.824327e+02  1.281249e+02  7.881292e+02
     vertex  2.824327e+02  1.281249e+02  7.911292e+02
     vertex  2.811068e+02  1.281249e+02  7.911292e+02
   endloop
 endfacet
 facet normal  0.000000e+00 -1.000000e+00  0.000000e+00
   outer loop
     vertex  2.824327e+02  1.281249e+02  7.881292e+02
     vertex  2.811068e+02  1.281249e+02  7.911292e+02
     vertex  2.811068e+02  1.281249e+02  7.881292e+02
   endloop
 endfacet
 facet normal -2.393157e-01 -9.709418e-01 -9.133811e-15
   outer loop
     vertex  2.837200e+02  1.278076e+02  7.881292e+02
     vertex  2.837200e+02  1.278076e+02  7.911292e+02
     vertex  2.824327e+02  1.281249e+02  7.911292e+02
   endloop
 endfacet
 facet normal -2.393157e-01 -9.709418e-01 -9.071110e-15
   outer loop
     vertex  2.837200e+02  1.278076e+02  7.881292e+02
     vertex  2.824327e+02  1.281249e+02  7.911292e+02
     vertex  2.824327e+02  1.281249e+02  7.881292e+02
   endloop
 endfacet
 facet normal -4.647232e-01 -8.854560e-01 -2.180533e-14
   outer loop
     vertex  2.848941e+02  1.271914e+02  7.881292e+02
     vertex  2.848941e+02  1.271914e+02  7.911292e+02
     vertex  2.837200e+02  1.278076e+02  7.911292e+02
   endloop
 endfacet
 facet normal -4.647232e-01 -8.854560e-01 -1.300658e-14
   outer loop
     vertex  2.848941e+02  1.271914e+02  7.881292e+02
     vertex  2.837200e+02  1.278076e+02  7.911292e+02
     vertex  2.837200e+02  1.278076e+02  7.881292e+02
   endloop
 endfacet
 facet normal -6.631227e-01 -7.485107e-01 -2.867510e-14
   outer loop
     vertex  2.858865e+02  1.263122e+02  7.881292e+02
     vertex  2.858865e+02  1.263122e+02  7.911292e+02
     vertex  2.848941e+02  1.271914e+02  7.911292e+02
   endloop
 endfacet
 facet normal -6.631227e-01 -7.485107e-01 -2.866471e-14
   outer loop
     vertex  2.858865e+02  1.263122e+02  7.881292e+02
     vertex  2.848941e+02  1.271914e+02  7.911292e+02
     vertex  2.848941e+02  1.271914e+02  7.881292e+02
   endloop
 endfacet
 facet normal -8.229839e-01 -5.680647e-01 -1.828463e-14
   outer loop
     vertex  2.866397e+02  1.252210e+02  7.881292e+02
     vertex  2.866397e+02  1.252210e+02  7.911292e+02
     vertex  2.858865e+02  1.263122e+02  7.911292e+02
   endloop
 endfacet
 facet normal -8.229839e-01 -5.680647e-01 -3.388408e-14
   outer loop
     vertex  2.866397e+02  1.252210e+02  7.881292e+02
     vertex  2.858865e+02  1.263122e+02  7.911292e+02
     vertex  2.858865e+02  1.263122e+02  7.881292e+02
   endloop
 endfacet
 facet normal -9.350162e-01 -3.546049e-01 -3.879251e-14
   outer loop
     vertex  2.871099e+02  1.239812e+02  7.881292e+02
     vertex  2.871099e+02  1.239812e+02  7.911292e+02
     vertex  2.866397e+02  1.252210e+02  7.911292e+02
   endloop
 endfacet
 facet normal -9.350162e-01 -3.546049e-01 -1.937031e-14
   outer loop
     vertex  2.871099e+02  1.239812e+02  7.881292e+02
     vertex  2.866397e+02  1.252210e+02  7.911292e+02
     vertex  2.866397e+02  1.252210e+02  7.881292e+02
   endloop
 endfacet
 facet normal -9.927089e-01 -1.205367e-01 -3.819029e-14
   outer loop
     vertex  2.872697e+02  1.226650e+02  7.881292e+02
     vertex  2.872697e+02  1.226650e+02  7.911292e+02
     vertex  2.871099e+02  1.239812e+02  7.911292e+02
   endloop
 endfacet
 facet normal -9.927089e-01 -1.205367e-01 -3.876155e-14
   outer loop
     vertex  2.872697e+02  1.226650e+02  7.881292e+02
     vertex  2.871099e+02  1.239812e+02  7.911292e+02
     vertex  2.871099e+02  1.239812e+02  7.881292e+02
   endloop
 endfacet
 facet normal  9.927089e-01 -1.205367e-01  3.647284e-14
   outer loop
     vertex  2.764295e+02  2.559812e+02  7.881292e+02
     vertex  2.762697e+02  2.546650e+02  7.911292e+02
     vertex  2.762697e+02  2.546650e+02  7.881292e+02
   endloop
 endfacet
 facet normal  9.927089e-01 -1.205367e-01  3.761931e-14
   outer loop
     vertex  2.764295e+02  2.559812e+02  7.881292e+02
     vertex  2.764295e+02  2.559812e+02  7.911292e+02
     vertex  2.762697e+02  2.546650e+02  7.911292e+02
   endloop
 endfacet
 facet normal  9.350162e-01 -3.546049e-01  3.543301e-14
   outer loop
     vertex  2.768997e+02  2.572210e+02  7.881292e+02
     vertex  2.768997e+02  2.572210e+02  7.911292e+02
     vertex  2.764295e+02  2.559812e+02  7.911292e+02
   endloop
 endfacet
 facet normal  9.350162e-01 -3.546049e-01  3.541919e-14
   outer loop
     vertex  2.768997e+02  2.572210e+02  7.881292e+02
     vertex  2.764295e+02  2.559812e+02  7.911292e+02
     vertex  2.764295e+02  2.559812e+02  7.881292e+02
   endloop
 endfacet
 facet normal  8.229839e-01 -5.680647e-01  4.830158e-15
   outer loop
     vertex  2.776529e+02  2.583122e+02  7.881292e+02
     vertex  2.776529e+02  2.583122e+02  7.911292e+02
     vertex  2.768997e+02  2.572210e+02  7.911292e+02
   endloop
 endfacet
 facet normal  6.631227e-01 -7.485107e-01 -1.617917e-15
   outer loop
     vertex  2.776529e+02  2.583122e+02  7.881292e+02
     vertex  2.786454e+02  2.591914e+02  7.911292e+02
     vertex  2.776529e+02  2.583122e+02  7.911292e+02
   endloop
 endfacet
 facet normal  8.229839e-01 -5.680647e-01  3.120462e-14
   outer loop
     vertex  2.776529e+02  2.583122e+02  7.881292e+02
     vertex  2.768997e+02  2.572210e+02  7.911292e+02
     vertex  2.768997e+02  2.572210e+02  7.881292e+02
   endloop
 endfacet
 facet normal  6.631227e-01 -7.485107e-01  2.512944e-14
   outer loop
     vertex  2.786454e+02  2.591914e+02  7.881292e+02
     vertex  2.786454e+02  2.591914e+02  7.911292e+02
     vertex  2.776529e+02  2.583122e+02  7.881292e+02
   endloop
 endfacet
 facet normal  4.647232e-01 -8.854560e-01  1.761097e-14
   outer loop
     vertex  2.798194e+02  2.598076e+02  7.881292e+02
     vertex  2.798194e+02  2.598076e+02  7.911292e+02
     vertex  2.786454e+02  2.591914e+02  7.911292e+02
   endloop
 endfacet
 facet normal  4.647232e-01 -8.854560e-01  1.761191e-14
   outer loop
     vertex  2.798194e+02  2.598076e+02  7.881292e+02
     vertex  2.786454e+02  2.591914e+02  7.911292e+02
     vertex  2.786454e+02  2.591914e+02  7.881292e+02
   endloop
 endfacet
 facet normal  2.393157e-01 -9.709418e-01  2.746623e-14
   outer loop
     vertex  2.811068e+02  2.601249e+02  7.881292e+02
     vertex  2.811068e+02  2.601249e+02  7.911292e+02
     vertex  2.798194e+02  2.598076e+02  7.911292e+02
   endloop
 endfacet
 facet normal  2.393157e-01 -9.709418e-01  9.071110e-15
   outer loop
     vertex  2.811068e+02  2.601249e+02  7.881292e+02
     vertex  2.798194e+02  2.598076e+02  7.911292e+02
     vertex  2.798194e+02  2.598076e+02  7.881292e+02
   endloop
 endfacet
 facet normal  0.000000e+00 -1.000000e+00  1.894781e-14
   outer loop
     vertex  2.824327e+02  2.601249e+02  7.881292e+02
     vertex  2.824327e+02  2.601249e+02  7.911292e+02
     vertex  2.811068e+02  2.601249e+02  7.911292e+02
   endloop
 endfacet
 facet normal  0.000000e+00 -1.000000e+00  1.894781e-14
   outer loop
     vertex  2.824327e+02  2.601249e+02  7.881292e+02
     vertex  2.811068e+02  2.601249e+02  7.911292e+02
     vertex  2.811068e+02  2.601249e+02  7.881292e+02
   endloop
 endfacet
 facet normal -2.393157e-01 -9.709418e-01 -9.069014e-15
   outer loop
     vertex  2.837200e+02  2.598076e+02  7.881292e+02
     vertex  2.837200e+02  2.598076e+02  7.911292e+02
     vertex  2.824327e+02  2.601249e+02  7.911292e+02
   endloop
 endfacet
 facet normal -2.393157e-01 -9.709418e-01  9.322310e-15
   outer loop
     vertex  2.837200e+02  2.598076e+02  7.881292e+02
     vertex  2.824327e+02  2.601249e+02  7.911292e+02
     vertex  2.824327e+02  2.601249e+02  7.881292e+02
   endloop
 endfacet
 facet normal -4.647232e-01 -8.854560e-01 -1.761097e-14
   outer loop
     vertex  2.848941e+02  2.591914e+02  7.881292e+02
     vertex  2.848941e+02  2.591914e+02  7.911292e+02
     vertex  2.837200e+02  2.598076e+02  7.911292e+02
   endloop
 endfacet
 facet normal -4.647232e-01 -8.854560e-01 -1.761191e-14
   outer loop
     vertex  2.848941e+02  2.591914e+02  7.881292e+02
     vertex  2.837200e+02  2.598076e+02  7.911292e+02
     vertex  2.837200e+02  2.598076e+02  7.881292e+02
   endloop
 endfacet
 facet normal -6.631227e-01 -7.485107e-01 -2.512944e-14
   outer loop
     vertex  2.858865e+02  2.583122e+02  7.881292e+02
     vertex  2.858865e+02  2.583122e+02  7.911292e+02
     vertex  2.848941e+02  2.591914e+02  7.911292e+02
   endloop
 endfacet
 facet normal -6.631227e-01 -7.485107e-01 -2.512000e-14
   outer loop
     vertex  2.858865e+02  2.583122e+02  7.881292e+02
     vertex  2.848941e+02  2.591914e+02  7.911292e+02
     vertex  2.848941e+02  2.591914e+02  7.881292e+02
   endloop
 endfacet
 facet normal -8.229839e-01 -5.680647e-01 -3.118748e-14
   outer loop
     vertex  2.866397e+02  2.572210e+02  7.881292e+02
     vertex  2.866397e+02  2.572210e+02  7.911292e+02
     vertex  2.858865e+02  2.583122e+02  7.911292e+02
   endloop
 endfacet
 facet normal -8.229839e-01 -5.680647e-01 -3.120462e-14
   outer loop
     vertex  2.866397e+02  2.572210e+02  7.881292e+02
     vertex  2.858865e+02  2.583122e+02  7.911292e+02
     vertex  2.858865e+02  2.583122e+02  7.881292e+02
   endloop
 endfacet
 facet normal -9.350162e-01 -3.546049e-01 -3.879251e-14
   outer loop
     vertex  2.871099e+02  2.559812e+02  7.881292e+02
     vertex  2.871099e+02  2.559812e+02  7.911292e+02
     vertex  2.866397e+02  2.572210e+02  7.911292e+02
   endloop
 endfacet
 facet normal -9.350162e-01 -3.546049e-01 -3.544711e-14
   outer loop
     vertex  2.871099e+02  2.559812e+02  7.881292e+02
     vertex  2.866397e+02  2.572210e+02  7.911292e+02
     vertex  2.866397e+02  2.572210e+02  7.881292e+02
   endloop
 endfacet
 facet normal -9.927089e-01 -1.205367e-01 -3.876126e-14
   outer loop
     vertex  2.872697e+02  2.546650e+02  7.881292e+02
     vertex  2.872697e+02  2.546650e+02  7.911292e+02
     vertex  2.871099e+02  2.559812e+02  7.911292e+02
   endloop
 endfacet
 facet normal -9.927089e-01 -1.205367e-01 -3.876155e-14
   outer loop
     vertex  2.872697e+02  2.546650e+02  7.881292e+02
     vertex  2.871099e+02  2.559812e+02  7.911292e+02
     vertex  2.871099e+02  2.559812e+02  7.881292e+02
   endloop
 endfacet
 facet normal  9.927089e-01 -1.205367e-01  3.761719e-14
   outer loop
     vertex  2.764295e+02  3.309812e+02  7.881292e+02
     vertex  2.762697e+02  3.296650e+02  7.911292e+02
     vertex  2.762697e+02  3.296650e+02  7.881292e+02
   endloop
 endfacet
 facet normal  9.927089e-01 -1.205367e-01  3.761931e-14
   outer loop
     vertex  2.764295e+02  3.309812e+02  7.881292e+02
     vertex  2.764295e+02  3.309812e+02  7.911292e+02
     vertex  2.762697e+02  3.296650e+02  7.911292e+02
   endloop
 endfacet
 facet normal  9.350162e-01 -3.546049e-01  2.871403e-14
   outer loop
     vertex  2.768997e+02  3.322210e+02  7.881292e+02
     vertex  2.768997e+02  3.322210e+02  7.911292e+02
     vertex  2.764295e+02  3.309812e+02  7.911292e+02
   endloop
 endfacet
 facet normal  9.350162e-01 -3.546049e-01  3.544711e-14
   outer loop
     vertex  2.768997e+02  3.322210e+02  7.881292e+02
     vertex  2.764295e+02  3.309812e+02  7.911292e+02
     vertex  2.764295e+02  3.309812e+02  7.881292e+02
   endloop
 endfacet
 facet normal  8.229839e-01 -5.680647e-01  1.559374e-14
   outer loop
     vertex  2.776529e+02  3.333122e+02  7.881292e+02
     vertex  2.776529e+02  3.333122e+02  7.911292e+02
     vertex  2.768997e+02  3.322210e+02  7.911292e+02
   endloop
 endfacet
 facet normal  6.631227e-01 -7.485107e-01  1.256472e-14
   outer loop
     vertex  2.776529e+02  3.333122e+02  7.881292e+02
     vertex  2.786454e+02  3.341914e+02  7.911292e+02
     vertex  2.776529e+02  3.333122e+02  7.911292e+02
   endloop
 endfacet
 facet normal  8.229839e-01 -5.680647e-01  2.040302e-14
   outer loop
     vertex  2.776529e+02  3.333122e+02  7.881292e+02
     vertex  2.768997e+02  3.322210e+02  7.911292e+02
     vertex  2.768997e+02  3.322210e+02  7.881292e+02
   endloop
 endfacet
 facet normal  6.631227e-01 -7.485107e-01  1.094680e-14
   outer loop
     vertex  2.786454e+02  3.341914e+02  7.881292e+02
     vertex  2.786454e+02  3.341914e+02  7.911292e+02
     vertex  2.776529e+02  3.333122e+02  7.881292e+02
   endloop
 endfacet
 facet normal  4.647232e-01 -8.854560e-01  8.335200e-16
   outer loop
     vertex  2.798194e+02  3.348076e+02  7.881292e+02
     vertex  2.798194e+02  3.348076e+02  7.911292e+02
     vertex  2.786454e+02  3.341914e+02  7.911292e+02
   endloop
 endfacet
 facet normal  4.647232e-01 -8.854560e-01  8.373332e-16
   outer loop
     vertex  2.798194e+02  3.348076e+02  7.881292e+02
     vertex  2.786454e+02  3.341914e+02  7.911292e+02
     vertex  2.786454e+02  3.341914e+02  7.881292e+02
   endloop
 endfacet
 facet normal  2.393157e-01 -9.709418e-01  9.069014e-15
   outer loop
     vertex  2.811068e+02  3.351249e+02  7.881292e+02
     vertex  2.811068e+02  3.351249e+02  7.911292e+02
     vertex  2.798194e+02  3.348076e+02  7.911292e+02
   endloop
 endfacet
 facet normal  0.000000e+00 -1.000000e+00  0.000000e+00
   outer loop
     vertex  2.811068e+02  3.351249e+02  7.881292e+02
     vertex  2.824327e+02  3.351249e+02  7.911292e+02
     vertex  2.811068e+02  3.351249e+02  7.911292e+02
   endloop
 endfacet
 facet normal  2.393157e-01 -9.709418e-01 -9.322310e-15
   outer loop
     vertex  2.811068e+02  3.351249e+02  7.881292e+02
     vertex  2.798194e+02  3.348076e+02  7.911292e+02
     vertex  2.798194e+02  3.348076e+02  7.881292e+02
   endloop
 endfacet
 facet normal -0.000000e+00 -1.000000e+00  0.000000e+00
   outer loop
     vertex  2.824327e+02  3.351249e+02  7.881292e+02
     vertex  2.824327e+02  3.351249e+02  7.911292e+02
     vertex  2.811068e+02  3.351249e+02  7.881292e+02
   endloop
 endfacet
 facet normal -2.393157e-01 -9.709418e-01 -2.746623e-14
   outer loop
     vertex  2.837200e+02  3.348076e+02  7.881292e+02
     vertex  2.837200e+02  3.348076e+02  7.911292e+02
     vertex  2.824327e+02  3.351249e+02  7.911292e+02
   endloop
 endfacet
 facet normal -2.393157e-01 -9.709418e-01 -9.071110e-15
   outer loop
     vertex  2.837200e+02  3.348076e+02  7.881292e+02
     vertex  2.824327e+02  3.351249e+02  7.911292e+02
     vertex  2.824327e+02  3.351249e+02  7.881292e+02
   endloop
 endfacet
 facet normal -4.647232e-01 -8.854560e-01 -3.438842e-14
   outer loop
     vertex  2.848941e+02  3.341914e+02  7.881292e+02
     vertex  2.848941e+02  3.341914e+02  7.911292e+02
     vertex  2.837200e+02  3.348076e+02  7.911292e+02
   endloop
 endfacet
 facet normal -4.647232e-01 -8.854560e-01 -3.441440e-14
   outer loop
     vertex  2.848941e+02  3.341914e+02  7.881292e+02
     vertex  2.837200e+02  3.348076e+02  7.911292e+02
     vertex  2.837200e+02  3.348076e+02  7.881292e+02
   endloop
 endfacet
 facet normal -6.631227e-01 -7.485107e-01 -2.512944e-14
   outer loop
     vertex  2.858865e+02  3.333122e+02  7.881292e+02
     vertex  2.858865e+02  3.333122e+02  7.911292e+02
     vertex  2.848941e+02  3.341914e+02  7.911292e+02
   endloop
 endfacet
 facet normal -8.229839e-01 -5.680647e-01 -3.118748e-14
   outer loop
     vertex  2.858865e+02  3.333122e+02  7.881292e+02
     vertex  2.866397e+02  3.322210e+02  7.911292e+02
     vertex  2.858865e+02  3.333122e+02  7.911292e+02
   endloop
 endfacet
 facet normal -6.631227e-01 -7.485107e-01 -3.932675e-14
   outer loop
     vertex  2.858865e+02  3.333122e+02  7.881292e+02
     vertex  2.848941e+02  3.341914e+02  7.911292e+02
     vertex  2.848941e+02  3.341914e+02  7.881292e+02
   endloop
 endfacet
 facet normal -8.229839e-01 -5.680647e-01 -4.195106e-14
   outer loop
     vertex  2.866397e+02  3.322210e+02  7.881292e+02
     vertex  2.866397e+02  3.322210e+02  7.911292e+02
     vertex  2.858865e+02  3.333122e+02  7.881292e+02
   endloop
 endfacet
 facet normal -9.350162e-01 -3.546049e-01 -3.543301e-14
   outer loop
     vertex  2.871099e+02  3.309812e+02  7.881292e+02
     vertex  2.871099e+02  3.309812e+02  7.911292e+02
     vertex  2.866397e+02  3.322210e+02  7.911292e+02
   endloop
 endfacet
 facet normal -9.350162e-01 -3.546049e-01 -4.214577e-14
   outer loop
     vertex  2.871099e+02  3.309812e+02  7.881292e+02
     vertex  2.866397e+02  3.322210e+02  7.911292e+02
     vertex  2.866397e+02  3.322210e+02  7.881292e+02
   endloop
 endfacet
 facet normal -9.927089e-01 -1.205367e-01 -3.761931e-14
   outer loop
     vertex  2.872697e+02  3.296650e+02  7.881292e+02
     vertex  2.872697e+02  3.296650e+02  7.911292e+02
     vertex  2.871099e+02  3.309812e+02  7.911292e+02
   endloop
 endfacet
 facet normal -9.927089e-01 -1.205367e-01 -3.761719e-14
   outer loop
     vertex  2.872697e+02  3.296650e+02  7.881292e+02
     vertex  2.871099e+02  3.309812e+02  7.911292e+02
     vertex  2.871099e+02  3.309812e+02  7.881292e+02
   endloop
 endfacet
 facet normal  6.470640e-14  5.626332e-14 -1.000000e+00
   outer loop
     vertex  2.848941e+02  5.813858e+01  7.881292e+02
     vertex  2.858865e+02  5.901782e+01  7.881292e+02
     vertex  2.992719e+02  4.766499e+01  7.881292e+02
   endloop
 endfacet
 facet normal  6.644958e-14  5.831859e-14 -1.000000e+00
   outer loop
     vertex  2.866397e+02  6.010901e+01  7.881292e+02
     vertex  2.992719e+02  4.766499e+01  7.881292e+02
     vertex  2.858865e+02  5.901782e+01  7.881292e+02
   endloop
 endfacet
 facet normal  9.933720e-15 -1.892712e-14 -1.000000e+00
   outer loop
     vertex  2.837200e+02  5.752240e+01  7.881292e+02
     vertex  2.848941e+02  5.813858e+01  7.881292e+02
     vertex  2.992719e+02  4.766499e+01  7.881292e+02
   endloop
 endfacet
 facet normal  6.551951e-15 -2.484827e-15 -1.000000e+00
   outer loop
     vertex  2.871099e+02  6.134876e+01  7.881292e+02
     vertex  2.992719e+02  4.766499e+01  7.881292e+02
     vertex  2.866397e+02  6.010901e+01  7.881292e+02
   endloop
 endfacet
 facet normal -5.744336e-14 -1.252269e-13 -1.000000e+00
   outer loop
     vertex  2.824327e+02  5.720509e+01  7.881292e+02
     vertex  2.837200e+02  5.752240e+01  7.881292e+02
     vertex  2.992719e+02  4.766499e+01  7.881292e+02
   endloop
 endfacet
 facet normal  8.224146e-15 -9.985922e-16 -1.000000e+00
   outer loop
     vertex  2.872697e+02  6.266499e+01  7.881292e+02
     vertex  2.992719e+02  4.766499e+01  7.881292e+02
     vertex  2.871099e+02  6.134876e+01  7.881292e+02
   endloop
 endfacet
 facet normal  0.000000e+00 -2.383347e-14 -1.000000e+00
   outer loop
     vertex  2.811068e+02  5.720509e+01  7.881292e+02
     vertex  2.824327e+02  5.720509e+01  7.881292e+02
     vertex  2.992719e+02  4.766499e+01  7.881292e+02
   endloop
 endfacet
 facet normal  1.116670e-14  1.355883e-15 -1.000000e+00
   outer loop
     vertex  2.871099e+02  6.398123e+01  7.881292e+02
     vertex  2.992719e+02  4.766499e+01  7.881292e+02
     vertex  2.872697e+02  6.266499e+01  7.881292e+02
   endloop
 endfacet
 facet normal  1.902995e-14  7.217108e-15 -1.000000e+00
   outer loop
     vertex  2.866397e+02  6.522097e+01  7.881292e+02
     vertex  2.992719e+02  4.766499e+01  7.881292e+02
     vertex  2.871099e+02  6.398123e+01  7.881292e+02
   endloop
 endfacet
 facet normal  6.767712e-14 -8.370690e-14 -1.000000e+00
   outer loop
     vertex  2.642675e+02  4.766499e+01  7.881292e+02
     vertex  2.798194e+02  5.752240e+01  7.881292e+02
     vertex  2.811068e+02  5.720509e+01  7.881292e+02
   endloop
 endfacet
 facet normal  6.622480e-15  1.261808e-14 -1.000000e+00
   outer loop
     vertex  2.642675e+02  4.766499e+01  7.881292e+02
     vertex  2.786454e+02  5.813858e+01  7.881292e+02
     vertex  2.798194e+02  5.752240e+01  7.881292e+02
   endloop
 endfacet
 facet normal  8.678353e-15  9.795836e-15 -1.000000e+00
   outer loop
     vertex  2.642675e+02  4.766499e+01  7.881292e+02
     vertex  2.776529e+02  5.901782e+01  7.881292e+02
     vertex  2.786454e+02  5.813858e+01  7.881292e+02
   endloop
 endfacet
 facet normal  1.623892e-14  7.086826e-15 -1.000000e+00
   outer loop
     vertex  2.642675e+02  4.766499e+01  7.881292e+02
     vertex  2.811068e+02  5.720509e+01  7.881292e+02
     vertex  2.992719e+02  4.766499e+01  7.881292e+02
   endloop
 endfacet
 facet normal  1.071421e-14  7.395485e-15 -1.000000e+00
   outer loop
     vertex  2.642675e+02  4.766499e+01  7.881292e+02
     vertex  2.768997e+02  6.010901e+01  7.881292e+02
     vertex  2.776529e+02  5.901782e+01  7.881292e+02
   endloop
 endfacet
 facet normal  7.886974e-14 -6.179072e-14 -1.000000e+00
   outer loop
     vertex  2.764295e+02  6.134876e+01  7.881292e+02
     vertex  2.768997e+02  6.010901e+01  7.881292e+02
     vertex  2.642675e+02  4.766499e+01  7.881292e+02
   endloop
 endfacet
 facet normal -7.727516e-14  7.698977e-14 -1.000000e+00
   outer loop
     vertex  2.762697e+02  6.266499e+01  7.881292e+02
     vertex  2.764295e+02  6.134876e+01  7.881292e+02
     vertex  2.642675e+02  4.766499e+01  7.881292e+02
   endloop
 endfacet
 facet normal  2.233339e-14 -2.711765e-15 -1.000000e+00
   outer loop
     vertex  2.764295e+02  6.398123e+01  7.881292e+02
     vertex  2.762697e+02  6.266499e+01  7.881292e+02
     vertex  2.642675e+02  4.766499e+01  7.881292e+02
   endloop
 endfacet
 facet normal  3.805990e-14 -1.443422e-14 -1.000000e+00
   outer loop
     vertex  2.768997e+02  6.522097e+01  7.881292e+02
     vertex  2.764295e+02  6.398123e+01  7.881292e+02
     vertex  2.642675e+02  4.766499e+01  7.881292e+02
   endloop
 endfacet
 facet normal  9.683476e-14  1.728667e-27 -1.000000e+00
   outer loop
     vertex  2.848941e+02  1.181386e+02  7.881292e+02
     vertex  2.848941e+02  6.719140e+01  7.881292e+02
     vertex  2.837200e+02  6.780758e+01  7.881292e+02
   endloop
 endfacet
 facet normal  0.000000e+00  0.000000e+00 -1.000000e+00
   outer loop
     vertex  2.848941e+02  1.181386e+02  7.881292e+02
     vertex  2.858865e+02  6.631217e+01  7.881292e+02
     vertex  2.848941e+02  6.719140e+01  7.881292e+02
   endloop
 endfacet
 facet normal  0.000000e+00  0.000000e+00 -1.000000e+00
   outer loop
     vertex  2.848941e+02  1.181386e+02  7.881292e+02
     vertex  2.858865e+02  1.190178e+02  7.881292e+02
     vertex  2.858865e+02  6.631217e+01  7.881292e+02
   endloop
 endfacet
 facet normal  3.000723e-15  2.071250e-15 -1.000000e+00
   outer loop
     vertex  2.866397e+02  1.201090e+02  7.881292e+02
     vertex  2.866397e+02  6.522097e+01  7.881292e+02
     vertex  2.858865e+02  6.631217e+01  7.881292e+02
   endloop
 endfacet
 facet normal  1.187834e-14  2.071250e-15 -1.000000e+00
   outer loop
     vertex  2.866397e+02  1.201090e+02  7.881292e+02
     vertex  2.992719e+02  4.766499e+01  7.881292e+02
     vertex  2.866397e+02  6.522097e+01  7.881292e+02
   endloop
 endfacet
 facet normal  1.509386e-13  2.441826e-27 -1.000000e+00
   outer loop
     vertex  2.866397e+02  1.201090e+02  7.881292e+02
     vertex  2.858865e+02  6.631217e+01  7.881292e+02
     vertex  2.858865e+02  1.190178e+02  7.881292e+02
   endloop
 endfacet
 facet normal  8.943630e-14  4.573559e-15 -1.000000e+00
   outer loop
     vertex  2.837200e+02  1.175224e+02  7.881292e+02
     vertex  2.837200e+02  6.780758e+01  7.881292e+02
     vertex  2.824327e+02  6.812489e+01  7.881292e+02
   endloop
 endfacet
 facet normal -9.923515e-14  4.573559e-15 -1.000000e+00
   outer loop
     vertex  2.837200e+02  1.175224e+02  7.881292e+02
     vertex  2.848941e+02  1.181386e+02  7.881292e+02
     vertex  2.837200e+02  6.780758e+01  7.881292e+02
   endloop
 endfacet
 facet normal  1.656402e-13  2.888301e-14 -1.000000e+00
   outer loop
     vertex  2.871099e+02  1.213488e+02  7.881292e+02
     vertex  2.992719e+02  4.766499e+01  7.881292e+02
     vertex  2.866397e+02  1.201090e+02  7.881292e+02
   endloop
 endfacet
 facet normal  0.000000e+00  6.949045e-15 -1.000000e+00
   outer loop
     vertex  2.824327e+02  1.172051e+02  7.881292e+02
     vertex  2.824327e+02  6.812489e+01  7.881292e+02
     vertex  2.811068e+02  6.812489e+01  7.881292e+02
   endloop
 endfacet
 facet normal -1.712786e-15  6.949045e-15 -1.000000e+00
   outer loop
     vertex  2.824327e+02  1.172051e+02  7.881292e+02
     vertex  2.837200e+02  1.175224e+02  7.881292e+02
     vertex  2.824327e+02  6.812489e+01  7.881292e+02
   endloop
 endfacet
 facet normal -5.385740e-15  6.539472e-16 -1.000000e+00
   outer loop
     vertex  2.872697e+02  1.226650e+02  7.881292e+02
     vertex  2.992719e+02  4.766499e+01  7.881292e+02
     vertex  2.871099e+02  1.213488e+02  7.881292e+02
   endloop
 endfacet
 facet normal -8.945088e-14  4.632696e-15 -1.000000e+00
   outer loop
     vertex  2.811068e+02  1.172051e+02  7.881292e+02
     vertex  2.811068e+02  6.812489e+01  7.881292e+02
     vertex  2.798194e+02  6.780758e+01  7.881292e+02
   endloop
 endfacet
 facet normal  8.574292e-14  4.632696e-15 -1.000000e+00
   outer loop
     vertex  2.811068e+02  1.172051e+02  7.881292e+02
     vertex  2.824327e+02  1.172051e+02  7.881292e+02
     vertex  2.811068e+02  6.812489e+01  7.881292e+02
   endloop
 endfacet
 facet normal -1.200195e-15  2.286780e-15 -1.000000e+00
   outer loop
     vertex  2.798194e+02  1.175224e+02  7.881292e+02
     vertex  2.798194e+02  6.780758e+01  7.881292e+02
     vertex  2.786454e+02  6.719140e+01  7.881292e+02
   endloop
 endfacet
 facet normal  5.636405e-16  2.286780e-15 -1.000000e+00
   outer loop
     vertex  2.798194e+02  1.175224e+02  7.881292e+02
     vertex  2.811068e+02  1.172051e+02  7.881292e+02
     vertex  2.798194e+02  6.780758e+01  7.881292e+02
   endloop
 endfacet
 facet normal  1.125745e-13  2.231465e-15 -1.000000e+00
   outer loop
     vertex  2.786454e+02  1.181386e+02  7.881292e+02
     vertex  2.786454e+02  6.719140e+01  7.881292e+02
     vertex  2.776529e+02  6.631217e+01  7.881292e+02
   endloop
 endfacet
 facet normal  1.171163e-15  2.231465e-15 -1.000000e+00
   outer loop
     vertex  2.786454e+02  1.181386e+02  7.881292e+02
     vertex  2.798194e+02  1.175224e+02  7.881292e+02
     vertex  2.786454e+02  6.719140e+01  7.881292e+02
   endloop
 endfacet
 facet normal  1.164623e-13  2.157014e-15 -1.000000e+00
   outer loop
     vertex  2.776529e+02  1.190178e+02  7.881292e+02
     vertex  2.786454e+02  1.181386e+02  7.881292e+02
     vertex  2.776529e+02  6.631217e+01  7.881292e+02
   endloop
 endfacet
 facet normal -3.000723e-15  2.071250e-15 -1.000000e+00
   outer loop
     vertex  2.768997e+02  1.201090e+02  7.881292e+02
     vertex  2.776529e+02  6.631217e+01  7.881292e+02
     vertex  2.768997e+02  6.522097e+01  7.881292e+02
   endloop
 endfacet
 facet normal  1.512094e-14  2.071250e-15 -1.000000e+00
   outer loop
     vertex  2.768997e+02  1.201090e+02  7.881292e+02
     vertex  2.768997e+02  6.522097e+01  7.881292e+02
     vertex  2.642675e+02  4.766499e+01  7.881292e+02
   endloop
 endfacet
 facet normal  3.124975e-15  2.157014e-15 -1.000000e+00
   outer loop
     vertex  2.768997e+02  1.201090e+02  7.881292e+02
     vertex  2.776529e+02  1.190178e+02  7.881292e+02
     vertex  2.776529e+02  6.631217e+01  7.881292e+02
   endloop
 endfacet
 facet normal  8.503850e-15  3.225085e-15 -1.000000e+00
   outer loop
     vertex  2.764295e+02  1.213488e+02  7.881292e+02
     vertex  2.768997e+02  1.201090e+02  7.881292e+02
     vertex  2.642675e+02  4.766499e+01  7.881292e+02
   endloop
 endfacet
 facet normal  1.615722e-14  1.961842e-15 -1.000000e+00
   outer loop
     vertex  2.762697e+02  1.226650e+02  7.881292e+02
     vertex  2.764295e+02  1.213488e+02  7.881292e+02
     vertex  2.642675e+02  4.766499e+01  7.881292e+02
   endloop
 endfacet
 facet normal -1.615288e-15  1.823283e-15 -1.000000e+00
   outer loop
     vertex  2.848941e+02  2.501386e+02  7.881292e+02
     vertex  2.858865e+02  2.510178e+02  7.881292e+02
     vertex  2.858865e+02  1.263122e+02  7.881292e+02
   endloop
 endfacet
 facet normal  1.170089e-13  2.774041e-15 -1.000000e+00
   outer loop
     vertex  2.848941e+02  2.501386e+02  7.881292e+02
     vertex  2.858865e+02  1.263122e+02  7.881292e+02
     vertex  2.848941e+02  1.271914e+02  7.881292e+02
   endloop
 endfacet
 facet normal  2.992358e-13  1.823283e-15 -1.000000e+00
   outer loop
     vertex  2.866397e+02  2.521090e+02  7.881292e+02
     vertex  2.858865e+02  1.263122e+02  7.881292e+02
     vertex  2.858865e+02  2.510178e+02  7.881292e+02
   endloop
 endfacet
 facet normal  5.192099e-15  3.583847e-15 -1.000000e+00
   outer loop
     vertex  2.866397e+02  2.521090e+02  7.881292e+02
     vertex  2.866397e+02  1.252210e+02  7.881292e+02
     vertex  2.858865e+02  1.263122e+02  7.881292e+02
   endloop
 endfacet
 facet normal -1.455929e-15  2.774041e-15 -1.000000e+00
   outer loop
     vertex  2.837200e+02  2.495224e+02  7.881292e+02
     vertex  2.848941e+02  2.501386e+02  7.881292e+02
     vertex  2.848941e+02  1.271914e+02  7.881292e+02
   endloop
 endfacet
 facet normal  9.879565e-14  3.736171e-15 -1.000000e+00
   outer loop
     vertex  2.837200e+02  2.495224e+02  7.881292e+02
     vertex  2.848941e+02  1.271914e+02  7.881292e+02
     vertex  2.837200e+02  1.278076e+02  7.881292e+02
   endloop
 endfacet
 facet normal -9.449828e-15  3.583847e-15 -1.000000e+00
   outer loop
     vertex  2.871099e+02  2.533488e+02  7.881292e+02
     vertex  2.866397e+02  1.252210e+02  7.881292e+02
     vertex  2.866397e+02  2.521090e+02  7.881292e+02
   endloop
 endfacet
 facet normal  9.268711e-15  3.515158e-15 -1.000000e+00
   outer loop
     vertex  2.871099e+02  2.533488e+02  7.881292e+02
     vertex  2.871099e+02  1.239812e+02  7.881292e+02
     vertex  2.866397e+02  1.252210e+02  7.881292e+02
   endloop
 endfacet
 facet normal -8.922990e-14  3.736171e-15 -1.000000e+00
   outer loop
     vertex  2.824327e+02  2.492051e+02  7.881292e+02
     vertex  2.837200e+02  2.495224e+02  7.881292e+02
     vertex  2.837200e+02  1.278076e+02  7.881292e+02
   endloop
 endfacet
 facet normal  1.157138e-15  4.694691e-15 -1.000000e+00
   outer loop
     vertex  2.824327e+02  2.492051e+02  7.881292e+02
     vertex  2.837200e+02  1.278076e+02  7.881292e+02
     vertex  2.824327e+02  1.281249e+02  7.881292e+02
   endloop
 endfacet
 facet normal  0.000000e+00  4.694691e-15 -1.000000e+00
   outer loop
     vertex  2.811068e+02  2.492051e+02  7.881292e+02
     vertex  2.824327e+02  2.492051e+02  7.881292e+02
     vertex  2.824327e+02  1.281249e+02  7.881292e+02
   endloop
 endfacet
 facet normal -8.574292e-14  3.755753e-15 -1.000000e+00
   outer loop
     vertex  2.811068e+02  2.492051e+02  7.881292e+02
     vertex  2.824327e+02  1.281249e+02  7.881292e+02
     vertex  2.811068e+02  1.281249e+02  7.881292e+02
   endloop
 endfacet
 facet normal  8.923473e-14  3.755753e-15 -1.000000e+00
   outer loop
     vertex  2.798194e+02  2.495224e+02  7.881292e+02
     vertex  2.811068e+02  2.492051e+02  7.881292e+02
     vertex  2.811068e+02  1.281249e+02  7.881292e+02
   endloop
 endfacet
 facet normal -6.906625e-16  2.802128e-15 -1.000000e+00
   outer loop
     vertex  2.798194e+02  2.495224e+02  7.881292e+02
     vertex  2.811068e+02  1.281249e+02  7.881292e+02
     vertex  2.798194e+02  1.278076e+02  7.881292e+02
   endloop
 endfacet
 facet normal  9.489352e-14  3.698721e-15 -1.000000e+00
   outer loop
     vertex  2.786454e+02  2.501386e+02  7.881292e+02
     vertex  2.798194e+02  1.278076e+02  7.881292e+02
     vertex  2.786454e+02  1.271914e+02  7.881292e+02
   endloop
 endfacet
 facet normal  1.470670e-15  2.802128e-15 -1.000000e+00
   outer loop
     vertex  2.786454e+02  2.501386e+02  7.881292e+02
     vertex  2.798194e+02  2.495224e+02  7.881292e+02
     vertex  2.798194e+02  1.278076e+02  7.881292e+02
   endloop
 endfacet
 facet normal -2.422931e-15  2.734924e-15 -1.000000e+00
   outer loop
     vertex  2.776529e+02  2.510178e+02  7.881292e+02
     vertex  2.786454e+02  1.271914e+02  7.881292e+02
     vertex  2.776529e+02  1.263122e+02  7.881292e+02
   endloop
 endfacet
 facet normal  1.178281e-13  3.698721e-15 -1.000000e+00
   outer loop
     vertex  2.776529e+02  2.510178e+02  7.881292e+02
     vertex  2.786454e+02  2.501386e+02  7.881292e+02
     vertex  2.786454e+02  1.271914e+02  7.881292e+02
   endloop
 endfacet
 facet normal  3.962222e-15  2.734924e-15 -1.000000e+00
   outer loop
     vertex  2.768997e+02  2.521090e+02  7.881292e+02
     vertex  2.776529e+02  2.510178e+02  7.881292e+02
     vertex  2.776529e+02  1.263122e+02  7.881292e+02
   endloop
 endfacet
 facet normal -3.894074e-15  2.687885e-15 -1.000000e+00
   outer loop
     vertex  2.768997e+02  2.521090e+02  7.881292e+02
     vertex  2.776529e+02  1.263122e+02  7.881292e+02
     vertex  2.768997e+02  1.252210e+02  7.881292e+02
   endloop
 endfacet
 facet normal  2.325298e-13  3.515158e-15 -1.000000e+00
   outer loop
     vertex  2.764295e+02  2.533488e+02  7.881292e+02
     vertex  2.768997e+02  1.252210e+02  7.881292e+02
     vertex  2.764295e+02  1.239812e+02  7.881292e+02
   endloop
 endfacet
 facet normal  7.087371e-15  2.687885e-15 -1.000000e+00
   outer loop
     vertex  2.764295e+02  2.533488e+02  7.881292e+02
     vertex  2.768997e+02  2.521090e+02  7.881292e+02
     vertex  2.768997e+02  1.252210e+02  7.881292e+02
   endloop
 endfacet
 facet normal  9.864431e-14  3.447815e-15 -1.000000e+00
   outer loop
     vertex  2.848941e+02  3.251386e+02  7.881292e+02
     vertex  2.848941e+02  2.591914e+02  7.881292e+02
     vertex  2.837200e+02  2.598076e+02  7.881292e+02
   endloop
 endfacet
 facet normal  1.176059e-13  3.447815e-15 -1.000000e+00
   outer loop
     vertex  2.848941e+02  3.251386e+02  7.881292e+02
     vertex  2.858865e+02  2.583122e+02  7.881292e+02
     vertex  2.848941e+02  2.591914e+02  7.881292e+02
   endloop
 endfacet
 facet normal  1.115762e-13  3.358267e-15 -1.000000e+00
   outer loop
     vertex  2.848941e+02  3.251386e+02  7.881292e+02
     vertex  2.858865e+02  3.260178e+02  7.881292e+02
     vertex  2.858865e+02  2.583122e+02  7.881292e+02
   endloop
 endfacet
 facet normal  4.713362e-15  3.253399e-15 -1.000000e+00
   outer loop
     vertex  2.866397e+02  3.271090e+02  7.881292e+02
     vertex  2.866397e+02  2.572210e+02  7.881292e+02
     vertex  2.858865e+02  2.583122e+02  7.881292e+02
   endloop
 endfacet
 facet normal -4.865290e-15  3.358267e-15 -1.000000e+00
   outer loop
     vertex  2.866397e+02  3.271090e+02  7.881292e+02
     vertex  2.858865e+02  2.583122e+02  7.881292e+02
     vertex  2.858865e+02  3.260178e+02  7.881292e+02
   endloop
 endfacet
 facet normal  9.499075e-14  3.513471e-15 -1.000000e+00
   outer loop
     vertex  2.837200e+02  3.245224e+02  7.881292e+02
     vertex  2.848941e+02  3.251386e+02  7.881292e+02
     vertex  2.837200e+02  2.598076e+02  7.881292e+02
   endloop
 endfacet
 facet normal  8.659929e-16  3.513471e-15 -1.000000e+00
   outer loop
     vertex  2.837200e+02  3.245224e+02  7.881292e+02
     vertex  2.837200e+02  2.598076e+02  7.881292e+02
     vertex  2.824327e+02  2.601249e+02  7.881292e+02
   endloop
 endfacet
 facet normal  8.284587e-15  3.141930e-15 -1.000000e+00
   outer loop
     vertex  2.871099e+02  3.283488e+02  7.881292e+02
     vertex  2.871099e+02  2.559812e+02  7.881292e+02
     vertex  2.866397e+02  2.572210e+02  7.881292e+02
   endloop
 endfacet
 facet normal -8.578507e-15  3.253399e-15 -1.000000e+00
   outer loop
     vertex  2.871099e+02  3.283488e+02  7.881292e+02
     vertex  2.866397e+02  2.572210e+02  7.881292e+02
     vertex  2.866397e+02  3.271090e+02  7.881292e+02
   endloop
 endfacet
 facet normal -8.745693e-16  3.548267e-15 -1.000000e+00
   outer loop
     vertex  2.824327e+02  3.242051e+02  7.881292e+02
     vertex  2.837200e+02  3.245224e+02  7.881292e+02
     vertex  2.824327e+02  2.601249e+02  7.881292e+02
   endloop
 endfacet
 facet normal  0.000000e+00  5.322401e-15 -1.000000e+00
   outer loop
     vertex  2.811068e+02  3.242051e+02  7.881292e+02
     vertex  2.824327e+02  2.601249e+02  7.881292e+02
     vertex  2.811068e+02  2.601249e+02  7.881292e+02
   endloop
 endfacet
 facet normal -8.574292e-14  3.548267e-15 -1.000000e+00
   outer loop
     vertex  2.811068e+02  3.242051e+02  7.881292e+02
     vertex  2.824327e+02  3.242051e+02  7.881292e+02
     vertex  2.824327e+02  2.601249e+02  7.881292e+02
   endloop
 endfacet
 facet normal -8.917501e-14  3.513471e-15 -1.000000e+00
   outer loop
     vertex  2.798194e+02  3.245224e+02  7.881292e+02
     vertex  2.811068e+02  2.601249e+02  7.881292e+02
     vertex  2.798194e+02  2.598076e+02  7.881292e+02
   endloop
 endfacet
 facet normal  1.311854e-15  5.322401e-15 -1.000000e+00
   outer loop
     vertex  2.798194e+02  3.245224e+02  7.881292e+02
     vertex  2.811068e+02  3.242051e+02  7.881292e+02
     vertex  2.811068e+02  2.601249e+02  7.881292e+02
   endloop
 endfacet
 facet normal -3.054498e-15  3.447815e-15 -1.000000e+00
   outer loop
     vertex  2.786454e+02  3.251386e+02  7.881292e+02
     vertex  2.786454e+02  2.591914e+02  7.881292e+02
     vertex  2.776529e+02  2.583122e+02  7.881292e+02
   endloop
 endfacet
 facet normal  9.502521e-14  3.447815e-15 -1.000000e+00
   outer loop
     vertex  2.786454e+02  3.251386e+02  7.881292e+02
     vertex  2.798194e+02  2.598076e+02  7.881292e+02
     vertex  2.786454e+02  2.591914e+02  7.881292e+02
   endloop
 endfacet
 facet normal  9.867877e-14  3.513471e-15 -1.000000e+00
   outer loop
     vertex  2.786454e+02  3.251386e+02  7.881292e+02
     vertex  2.798194e+02  3.245224e+02  7.881292e+02
     vertex  2.798194e+02  2.598076e+02  7.881292e+02
   endloop
 endfacet
 facet normal  2.975165e-15  3.358267e-15 -1.000000e+00
   outer loop
     vertex  2.776529e+02  3.260178e+02  7.881292e+02
     vertex  2.786454e+02  3.251386e+02  7.881292e+02
     vertex  2.776529e+02  2.583122e+02  7.881292e+02
   endloop
 endfacet
 facet normal  4.865290e-15  3.358267e-15 -1.000000e+00
   outer loop
     vertex  2.768997e+02  3.271090e+02  7.881292e+02
     vertex  2.776529e+02  3.260178e+02  7.881292e+02
     vertex  2.776529e+02  2.583122e+02  7.881292e+02
   endloop
 endfacet
 facet normal -4.713362e-15  3.253399e-15 -1.000000e+00
   outer loop
     vertex  2.768997e+02  3.271090e+02  7.881292e+02
     vertex  2.776529e+02  2.583122e+02  7.881292e+02
     vertex  2.768997e+02  2.572210e+02  7.881292e+02
   endloop
 endfacet
 facet normal  8.578507e-15  3.253399e-15 -1.000000e+00
   outer loop
     vertex  2.764295e+02  3.283488e+02  7.881292e+02
     vertex  2.768997e+02  3.271090e+02  7.881292e+02
     vertex  2.768997e+02  2.572210e+02  7.881292e+02
   endloop
 endfacet
 facet normal  2.293716e-13  4.712894e-15 -1.000000e+00
   outer loop
     vertex  2.764295e+02  3.283488e+02  7.881292e+02
     vertex  2.768997e+02  2.572210e+02  7.881292e+02
     vertex  2.764295e+02  2.559812e+02  7.881292e+02
   endloop
 endfacet
 facet normal  1.823830e-14  2.214530e-15 -1.000000e+00
   outer loop
     vertex  2.992719e+02  3.611650e+02  7.881292e+02
     vertex  2.872697e+02  2.546650e+02  7.881292e+02
     vertex  2.871099e+02  2.559812e+02  7.881292e+02
   endloop
 endfacet
 facet normal  1.021765e-14  3.141930e-15 -1.000000e+00
   outer loop
     vertex  2.992719e+02  3.611650e+02  7.881292e+02
     vertex  2.871099e+02  2.559812e+02  7.881292e+02
     vertex  2.871099e+02  3.283488e+02  7.881292e+02
   endloop
 endfacet
 facet normal  7.895303e-14 -3.795877e-14 -1.000000e+00
   outer loop
     vertex  2.992719e+02  3.611650e+02  7.881292e+02
     vertex  2.837200e+02  3.348076e+02  7.881292e+02
     vertex  2.824327e+02  3.351249e+02  7.881292e+02
   endloop
 endfacet
 facet normal  3.457012e-15  6.586786e-15 -1.000000e+00
   outer loop
     vertex  2.992719e+02  3.611650e+02  7.881292e+02
     vertex  2.848941e+02  3.341914e+02  7.881292e+02
     vertex  2.837200e+02  3.348076e+02  7.881292e+02
   endloop
 endfacet
 facet normal  5.072504e-15  5.725673e-15 -1.000000e+00
   outer loop
     vertex  2.992719e+02  3.611650e+02  7.881292e+02
     vertex  2.858865e+02  3.333122e+02  7.881292e+02
     vertex  2.848941e+02  3.341914e+02  7.881292e+02
   endloop
 endfacet
 facet normal  6.972338e-15  4.812658e-15 -1.000000e+00
   outer loop
     vertex  2.992719e+02  3.611650e+02  7.881292e+02
     vertex  2.866397e+02  3.322210e+02  7.881292e+02
     vertex  2.858865e+02  3.333122e+02  7.881292e+02
   endloop
 endfacet
 facet normal  9.630713e-15  3.652448e-15 -1.000000e+00
   outer loop
     vertex  2.992719e+02  3.611650e+02  7.881292e+02
     vertex  2.871099e+02  3.309812e+02  7.881292e+02
     vertex  2.866397e+02  3.322210e+02  7.881292e+02
   endloop
 endfacet
 facet normal  1.436618e-14  1.744371e-15 -1.000000e+00
   outer loop
     vertex  2.992719e+02  3.611650e+02  7.881292e+02
     vertex  2.872697e+02  3.296650e+02  7.881292e+02
     vertex  2.871099e+02  3.309812e+02  7.881292e+02
   endloop
 endfacet
 facet normal  2.780506e-14 -3.376146e-15 -1.000000e+00
   outer loop
     vertex  2.992719e+02  3.611650e+02  7.881292e+02
     vertex  2.871099e+02  3.283488e+02  7.881292e+02
     vertex  2.872697e+02  3.296650e+02  7.881292e+02
   endloop
 endfacet
 facet normal  3.141195e-14  4.712894e-15 -1.000000e+00
   outer loop
     vertex  2.642675e+02  3.611650e+02  7.881292e+02
     vertex  2.764295e+02  3.283488e+02  7.881292e+02
     vertex  2.764295e+02  2.559812e+02  7.881292e+02
   endloop
 endfacet
 facet normal  2.780506e-14  3.376146e-15 -1.000000e+00
   outer loop
     vertex  2.642675e+02  3.611650e+02  7.881292e+02
     vertex  2.762697e+02  3.296650e+02  7.881292e+02
     vertex  2.764295e+02  3.283488e+02  7.881292e+02
   endloop
 endfacet
 facet normal -4.559574e-15  5.536325e-16 -1.000000e+00
   outer loop
     vertex  2.642675e+02  3.611650e+02  7.881292e+02
     vertex  2.764295e+02  2.559812e+02  7.881292e+02
     vertex  2.762697e+02  2.546650e+02  7.881292e+02
   endloop
 endfacet
 facet normal  1.436618e-14 -1.744371e-15 -1.000000e+00
   outer loop
     vertex  2.642675e+02  3.611650e+02  7.881292e+02
     vertex  2.764295e+02  3.309812e+02  7.881292e+02
     vertex  2.762697e+02  3.296650e+02  7.881292e+02
   endloop
 endfacet
 facet normal  9.630713e-15 -3.652448e-15 -1.000000e+00
   outer loop
     vertex  2.642675e+02  3.611650e+02  7.881292e+02
     vertex  2.768997e+02  3.322210e+02  7.881292e+02
     vertex  2.764295e+02  3.309812e+02  7.881292e+02
   endloop
 endfacet
 facet normal  9.944303e-14  3.554485e-14 -1.000000e+00
   outer loop
     vertex  2.642675e+02  3.611650e+02  7.881292e+02
     vertex  2.776529e+02  3.333122e+02  7.881292e+02
     vertex  2.768997e+02  3.322210e+02  7.881292e+02
   endloop
 endfacet
 facet normal  7.608755e-15 -8.588509e-15 -1.000000e+00
   outer loop
     vertex  2.642675e+02  3.611650e+02  7.881292e+02
     vertex  2.786454e+02  3.341914e+02  7.881292e+02
     vertex  2.776529e+02  3.333122e+02  7.881292e+02
   endloop
 endfacet
 facet normal -7.048093e-14 -5.021302e-14 -1.000000e+00
   outer loop
     vertex  2.642675e+02  3.611650e+02  7.881292e+02
     vertex  2.798194e+02  3.348076e+02  7.881292e+02
     vertex  2.786454e+02  3.341914e+02  7.881292e+02
   endloop
 endfacet
 facet normal  1.948671e-14  4.961097e-16 -1.000000e+00
   outer loop
     vertex  2.642675e+02  3.611650e+02  7.881292e+02
     vertex  2.992719e+02  3.611650e+02  7.881292e+02
     vertex  2.824327e+02  3.351249e+02  7.881292e+02
   endloop
 endfacet
 facet normal  1.856292e-15 -7.531272e-15 -1.000000e+00
   outer loop
     vertex  2.642675e+02  3.611650e+02  7.881292e+02
     vertex  2.811068e+02  3.351249e+02  7.881292e+02
     vertex  2.798194e+02  3.348076e+02  7.881292e+02
   endloop
 endfacet
 facet normal  8.574292e-14  4.671540e-14 -1.000000e+00
   outer loop
     vertex  2.642675e+02  3.611650e+02  7.881292e+02
     vertex  2.824327e+02  3.351249e+02  7.881292e+02
     vertex  2.811068e+02  3.351249e+02  7.881292e+02
   endloop
 endfacet
 facet normal  1.092244e-14  3.263737e-15 -1.000000e+00
   outer loop
     vertex  2.992719e+02  3.611650e+02  7.881292e+02
     vertex  2.992719e+02  4.766499e+01  7.881292e+02
     vertex  2.872697e+02  1.226650e+02  7.881292e+02
   endloop
 endfacet
 facet normal  2.220373e-14  2.696020e-15 -1.000000e+00
   outer loop
     vertex  2.992719e+02  3.611650e+02  7.881292e+02
     vertex  2.872697e+02  1.226650e+02  7.881292e+02
     vertex  2.871099e+02  1.239812e+02  7.881292e+02
   endloop
 endfacet
 facet normal  7.088424e-15  3.471085e-15 -1.000000e+00
   outer loop
     vertex  2.992719e+02  3.611650e+02  7.881292e+02
     vertex  2.871099e+02  1.239812e+02  7.881292e+02
     vertex  2.872697e+02  2.546650e+02  7.881292e+02
   endloop
 endfacet
 facet normal -2.894993e-14  3.515158e-15 -1.000000e+00
   outer loop
     vertex  2.872697e+02  2.546650e+02  7.881292e+02
     vertex  2.871099e+02  1.239812e+02  7.881292e+02
     vertex  2.871099e+02  2.533488e+02  7.881292e+02
   endloop
 endfacet
 facet normal  1.028794e-14  2.901100e-15 -1.000000e+00
   outer loop
     vertex  2.642675e+02  4.766499e+01  7.881292e+02
     vertex  2.642675e+02  3.611650e+02  7.881292e+02
     vertex  2.762697e+02  1.226650e+02  7.881292e+02
   endloop
 endfacet
 facet normal -1.387733e-14  1.685013e-15 -1.000000e+00
   outer loop
     vertex  2.762697e+02  1.226650e+02  7.881292e+02
     vertex  2.642675e+02  3.611650e+02  7.881292e+02
     vertex  2.764295e+02  1.239812e+02  7.881292e+02
   endloop
 endfacet
 facet normal  2.163980e-14  3.506218e-15 -1.000000e+00
   outer loop
     vertex  2.764295e+02  1.239812e+02  7.881292e+02
     vertex  2.642675e+02  3.611650e+02  7.881292e+02
     vertex  2.762697e+02  2.546650e+02  7.881292e+02
   endloop
 endfacet
 facet normal  2.894993e-14  3.515158e-15 -1.000000e+00
   outer loop
     vertex  2.764295e+02  1.239812e+02  7.881292e+02
     vertex  2.762697e+02  2.546650e+02  7.881292e+02
     vertex  2.764295e+02  2.533488e+02  7.881292e+02
   endloop
 endfacet
 facet normal -1.656548e-01  7.683454e-01 -6.182263e-01
   outer loop
     vertex  2.589552e+02  3.574998e+02  7.840526e+02
     vertex  2.557675e+02  3.556672e+02  7.826292e+02
     vertex  2.560575e+02  3.574998e+02  7.848291e+02
   endloop
 endfacet
 facet normal -2.998262e-14  6.134294e-01 -7.897495e-01
   outer loop
     vertex  2.589552e+02  3.574998e+02  7.840526e+02
     vertex  2.587675e+02  3.556672e+02  7.826292e+02
     vertex  2.557675e+02  3.556672e+02  7.826292e+02
   endloop
 endfacet
 facet normal -3.200306e-01  7.683217e-01 -5.543123e-01
   outer loop
     vertex  2.595046e+02  3.593324e+02  7.853790e+02
     vertex  2.560575e+02  3.574998e+02  7.848291e+02
     vertex  2.569066e+02  3.593324e+02  7.868789e+02
   endloop
 endfacet
 facet normal -3.200164e-01  7.683454e-01 -5.542877e-01
   outer loop
     vertex  2.595046e+02  3.593324e+02  7.853790e+02
     vertex  2.569066e+02  3.593324e+02  7.868789e+02
     vertex  2.582571e+02  3.611650e+02  7.886396e+02
   endloop
 endfacet
 facet normal -2.044085e-01  6.134186e-01 -7.628465e-01
   outer loop
     vertex  2.595046e+02  3.593324e+02  7.853790e+02
     vertex  2.589552e+02  3.574998e+02  7.840526e+02
     vertex  2.560575e+02  3.574998e+02  7.848291e+02
   endloop
 endfacet
 facet normal -5.584373e-01  6.134294e-01 -5.584373e-01
   outer loop
     vertex  2.603784e+02  3.611650e+02  7.865183e+02
     vertex  2.595046e+02  3.593324e+02  7.853790e+02
     vertex  2.582571e+02  3.611650e+02  7.886396e+02
   endloop
 endfacet
 facet normal  0.000000e+00  1.000000e+00  0.000000e+00
   outer loop
     vertex  2.631945e+02  3.611650e+02  7.880235e+02
     vertex  2.642675e+02  3.611650e+02  7.911292e+02
     vertex  2.642675e+02  3.611650e+02  7.881292e+02
   endloop
 endfacet
 facet normal  0.000000e+00  1.000000e+00 -0.000000e+00
   outer loop
     vertex  2.631945e+02  3.611650e+02  7.880235e+02
     vertex  2.626092e+02  3.611650e+02  7.909658e+02
     vertex  2.642675e+02  3.611650e+02  7.911292e+02
   endloop
 endfacet
 facet normal  0.000000e+00  1.000000e+00 -0.000000e+00
   outer loop
     vertex  2.621627e+02  3.611650e+02  7.877105e+02
     vertex  2.610147e+02  3.611650e+02  7.904821e+02
     vertex  2.626092e+02  3.611650e+02  7.909658e+02
   endloop
 endfacet
 facet normal  0.000000e+00  1.000000e+00  0.000000e+00
   outer loop
     vertex  2.621627e+02  3.611650e+02  7.877105e+02
     vertex  2.626092e+02  3.611650e+02  7.909658e+02
     vertex  2.631945e+02  3.611650e+02  7.880235e+02
   endloop
 endfacet
 facet normal  0.000000e+00  1.000000e+00  0.000000e+00
   outer loop
     vertex  2.612119e+02  3.611650e+02  7.872023e+02
     vertex  2.595452e+02  3.611650e+02  7.896967e+02
     vertex  2.610147e+02  3.611650e+02  7.904821e+02
   endloop
 endfacet
 facet normal  0.000000e+00  1.000000e+00 -0.000000e+00
   outer loop
     vertex  2.612119e+02  3.611650e+02  7.872023e+02
     vertex  2.610147e+02  3.611650e+02  7.904821e+02
     vertex  2.621627e+02  3.611650e+02  7.877105e+02
   endloop
 endfacet
 facet normal  0.000000e+00  1.000000e+00 -0.000000e+00
   outer loop
     vertex  2.603784e+02  3.611650e+02  7.865183e+02
     vertex  2.595452e+02  3.611650e+02  7.896967e+02
     vertex  2.612119e+02  3.611650e+02  7.872023e+02
   endloop
 endfacet
 facet normal -0.000000e+00  1.000000e+00  0.000000e+00
   outer loop
     vertex  2.582571e+02  3.611650e+02  7.886396e+02
     vertex  2.595452e+02  3.611650e+02  7.896967e+02
     vertex  2.603784e+02  3.611650e+02  7.865183e+02
   endloop
 endfacet
 facet normal  0.000000e+00 -1.000000e+00  0.000000e+00
   outer loop
     vertex  2.599674e+02  4.766499e+01  7.860584e+02
     vertex  2.576219e+02  4.766499e+01  7.879288e+02
     vertex  2.566093e+02  4.766499e+01  7.863172e+02
   endloop
 endfacet
 facet normal  0.000000e+00 -1.000000e+00  0.000000e+00
   outer loop
     vertex  2.608383e+02  4.766499e+01  7.869292e+02
     vertex  2.589678e+02  4.766499e+01  7.892747e+02
     vertex  2.576219e+02  4.766499e+01  7.879288e+02
   endloop
 endfacet
 facet normal -0.000000e+00 -1.000000e+00  0.000000e+00
   outer loop
     vertex  2.608383e+02  4.766499e+01  7.869292e+02
     vertex  2.576219e+02  4.766499e+01  7.879288e+02
     vertex  2.599674e+02  4.766499e+01  7.860584e+02
   endloop
 endfacet
 facet normal  0.000000e+00 -1.000000e+00  0.000000e+00
   outer loop
     vertex  2.618811e+02  4.766499e+01  7.875845e+02
     vertex  2.605795e+02  4.766499e+01  7.902874e+02
     vertex  2.589678e+02  4.766499e+01  7.892747e+02
   endloop
 endfacet
 facet normal -0.000000e+00 -1.000000e+00  0.000000e+00
   outer loop
     vertex  2.618811e+02  4.766499e+01  7.875845e+02
     vertex  2.589678e+02  4.766499e+01  7.892747e+02
     vertex  2.608383e+02  4.766499e+01  7.869292e+02
   endloop
 endfacet
 facet normal  6.519792e-15 -1.000000e+00  1.353849e-14
   outer loop
     vertex  2.593122e+02  4.766499e+01  7.850155e+02
     vertex  2.566093e+02  4.766499e+01  7.863172e+02
     vertex  2.559806e+02  4.766499e+01  7.845206e+02
   endloop
 endfacet
 facet normal  0.000000e+00 -1.000000e+00  0.000000e+00
   outer loop
     vertex  2.593122e+02  4.766499e+01  7.850155e+02
     vertex  2.599674e+02  4.766499e+01  7.860584e+02
     vertex  2.566093e+02  4.766499e+01  7.863172e+02
   endloop
 endfacet
 facet normal -6.687461e-15 -1.000000e+00 -2.929968e-14
   outer loop
     vertex  2.589054e+02  4.766499e+01  7.838530e+02
     vertex  2.559806e+02  4.766499e+01  7.845206e+02
     vertex  2.557675e+02  4.766499e+01  7.826292e+02
   endloop
 endfacet
 facet normal  5.167584e-15 -1.000000e+00  2.264066e-14
   outer loop
     vertex  2.589054e+02  4.766499e+01  7.838530e+02
     vertex  2.593122e+02  4.766499e+01  7.850155e+02
     vertex  2.559806e+02  4.766499e+01  7.845206e+02
   endloop
 endfacet
 facet normal  2.134905e-15 -1.000000e+00 -1.894781e-14
   outer loop
     vertex  2.630436e+02  4.766499e+01  7.879913e+02
     vertex  2.642675e+02  4.766499e+01  7.911292e+02
     vertex  2.623761e+02  4.766499e+01  7.909161e+02
   endloop
 endfacet
 facet normal -2.300202e-14 -1.000000e+00 -2.468515e-14
   outer loop
     vertex  2.630436e+02  4.766499e+01  7.879913e+02
     vertex  2.623761e+02  4.766499e+01  7.909161e+02
     vertex  2.605795e+02  4.766499e+01  7.902874e+02
   endloop
 endfacet
 facet normal -0.000000e+00 -1.000000e+00  0.000000e+00
   outer loop
     vertex  2.630436e+02  4.766499e+01  7.879913e+02
     vertex  2.605795e+02  4.766499e+01  7.902874e+02
     vertex  2.618811e+02  4.766499e+01  7.875845e+02
   endloop
 endfacet
 facet normal  2.134905e-15 -1.000000e+00 -1.894781e-14
   outer loop
     vertex  2.642675e+02  4.766499e+01  7.881292e+02
     vertex  2.642675e+02  4.766499e+01  7.911292e+02
     vertex  2.630436e+02  4.766499e+01  7.879913e+02
   endloop
 endfacet
 facet normal  1.760093e-27 -1.000000e+00 -4.644582e-14
   outer loop
     vertex  2.587675e+02  4.766499e+01  7.826292e+02
     vertex  2.589054e+02  4.766499e+01  7.838530e+02
     vertex  2.557675e+02  4.766499e+01  7.826292e+02
   endloop
 endfacet
 facet normal  9.937122e-01  3.306181e-16 -1.119645e-01
   outer loop
     vertex  2.587675e+02  3.556672e+02  7.826292e+02
     vertex  2.589054e+02  4.766499e+01  7.838530e+02
     vertex  2.587675e+02  4.766499e+01  7.826292e+02
   endloop
 endfacet
 facet normal  9.438833e-01  6.112119e-05 -3.302791e-01
   outer loop
     vertex  2.589552e+02  3.574998e+02  7.840526e+02
     vertex  2.593122e+02  4.766499e+01  7.850155e+02
     vertex  2.589054e+02  4.766499e+01  7.838530e+02
   endloop
 endfacet
 facet normal  9.914330e-01 -7.513295e-05 -1.306159e-01
   outer loop
     vertex  2.589552e+02  3.574998e+02  7.840526e+02
     vertex  2.589054e+02  4.766499e+01  7.838530e+02
     vertex  2.587675e+02  3.556672e+02  7.826292e+02
   endloop
 endfacet
 facet normal  8.467242e-01  9.775910e-05 -5.320321e-01
   outer loop
     vertex  2.595046e+02  3.593324e+02  7.853790e+02
     vertex  2.599674e+02  4.766499e+01  7.860584e+02
     vertex  2.593122e+02  4.766499e+01  7.850155e+02
   endloop
 endfacet
 facet normal  9.239402e-01 -1.242659e-04 -3.825369e-01
   outer loop
     vertex  2.595046e+02  3.593324e+02  7.853790e+02
     vertex  2.593122e+02  4.766499e+01  7.850155e+02
     vertex  2.589552e+02  3.574998e+02  7.840526e+02
   endloop
 endfacet
 facet normal  7.071068e-01  1.103121e-04 -7.071068e-01
   outer loop
     vertex  2.603784e+02  3.611650e+02  7.865183e+02
     vertex  2.608383e+02  4.766499e+01  7.869292e+02
     vertex  2.599674e+02  4.766499e+01  7.860584e+02
   endloop
 endfacet
 facet normal  7.935815e-01 -1.477584e-04 -6.084639e-01
   outer loop
     vertex  2.603784e+02  3.611650e+02  7.865183e+02
     vertex  2.599674e+02  4.766499e+01  7.860584e+02
     vertex  2.595046e+02  3.593324e+02  7.853790e+02
   endloop
 endfacet
 facet normal  5.320321e-01  1.034108e-04 -8.467242e-01
   outer loop
     vertex  2.612119e+02  3.611650e+02  7.872023e+02
     vertex  2.618811e+02  4.766499e+01  7.875845e+02
     vertex  2.608383e+02  4.766499e+01  7.869292e+02
   endloop
 endfacet
 facet normal  6.343933e-01 -8.275307e-05 -7.730105e-01
   outer loop
     vertex  2.612119e+02  3.611650e+02  7.872023e+02
     vertex  2.608383e+02  4.766499e+01  7.869292e+02
     vertex  2.603784e+02  3.611650e+02  7.865183e+02
   endloop
 endfacet
 facet normal  3.302791e-01  8.271237e-05 -9.438833e-01
   outer loop
     vertex  2.621627e+02  3.611650e+02  7.877105e+02
     vertex  2.630436e+02  4.766499e+01  7.879913e+02
     vertex  2.618811e+02  4.766499e+01  7.875845e+02
   endloop
 endfacet
 facet normal  4.713967e-01 -6.895185e-05 -8.819213e-01
   outer loop
     vertex  2.621627e+02  3.611650e+02  7.877105e+02
     vertex  2.618811e+02  4.766499e+01  7.875845e+02
     vertex  2.612119e+02  3.611650e+02  7.872023e+02
   endloop
 endfacet
 facet normal  1.119645e-01  4.823306e-05 -9.937122e-01
   outer loop
     vertex  2.631945e+02  3.611650e+02  7.880235e+02
     vertex  2.642675e+02  4.766499e+01  7.881292e+02
     vertex  2.630436e+02  4.766499e+01  7.879913e+02
   endloop
 endfacet
 facet normal  2.902847e-01 -4.136025e-05 -9.569403e-01
   outer loop
     vertex  2.631945e+02  3.611650e+02  7.880235e+02
     vertex  2.630436e+02  4.766499e+01  7.879913e+02
     vertex  2.621627e+02  3.611650e+02  7.877105e+02
   endloop
 endfacet
 facet normal  9.801714e-02  2.887130e-15 -9.951847e-01
   outer loop
     vertex  2.642675e+02  3.611650e+02  7.881292e+02
     vertex  2.642675e+02  4.766499e+01  7.881292e+02
     vertex  2.631945e+02  3.611650e+02  7.880235e+02
   endloop
 endfacet
 facet normal -9.937122e-01 -4.132726e-16  1.119645e-01
   outer loop
     vertex  2.557675e+02  3.556672e+02  7.826292e+02
     vertex  2.557675e+02  4.766499e+01  7.826292e+02
     vertex  2.559806e+02  4.766499e+01  7.845206e+02
   endloop
 endfacet
 facet normal -9.438833e-01 -9.448832e-05  3.302791e-01
   outer loop
     vertex  2.560575e+02  3.574998e+02  7.848291e+02
     vertex  2.559806e+02  4.766499e+01  7.845206e+02
     vertex  2.566093e+02  4.766499e+01  7.863172e+02
   endloop
 endfacet
 facet normal -9.914332e-01  1.161049e-04  1.306144e-01
   outer loop
     vertex  2.560575e+02  3.574998e+02  7.848291e+02
     vertex  2.557675e+02  3.556672e+02  7.826292e+02
     vertex  2.559806e+02  4.766499e+01  7.845206e+02
   endloop
 endfacet
 facet normal -8.467242e-01 -1.511012e-04  5.320321e-01
   outer loop
     vertex  2.569066e+02  3.593324e+02  7.868789e+02
     vertex  2.566093e+02  4.766499e+01  7.863172e+02
     vertex  2.576219e+02  4.766499e+01  7.879288e+02
   endloop
 endfacet
 facet normal -9.239402e-01  1.920146e-04  3.825369e-01
   outer loop
     vertex  2.569066e+02  3.593324e+02  7.868789e+02
     vertex  2.560575e+02  3.574998e+02  7.848291e+02
     vertex  2.566093e+02  4.766499e+01  7.863172e+02
   endloop
 endfacet
 facet normal -7.071068e-01 -1.704823e-04  7.071068e-01
   outer loop
     vertex  2.582571e+02  3.611650e+02  7.886396e+02
     vertex  2.576219e+02  4.766499e+01  7.879288e+02
     vertex  2.589678e+02  4.766499e+01  7.892747e+02
   endloop
 endfacet
 facet normal -7.935806e-01  2.283492e-04  6.084651e-01
   outer loop
     vertex  2.582571e+02  3.611650e+02  7.886396e+02
     vertex  2.569066e+02  3.593324e+02  7.868789e+02
     vertex  2.576219e+02  4.766499e+01  7.879288e+02
   endloop
 endfacet
 facet normal -5.320321e-01 -1.598167e-04  8.467242e-01
   outer loop
     vertex  2.595452e+02  3.611650e+02  7.896967e+02
     vertex  2.589678e+02  4.766499e+01  7.892747e+02
     vertex  2.605795e+02  4.766499e+01  7.902874e+02
   endloop
 endfacet
 facet normal -6.343933e-01  1.278911e-04  7.730104e-01
   outer loop
     vertex  2.595452e+02  3.611650e+02  7.896967e+02
     vertex  2.582571e+02  3.611650e+02  7.886396e+02
     vertex  2.589678e+02  4.766499e+01  7.892747e+02
   endloop
 endfacet
 facet normal -3.302791e-01 -1.278282e-04  9.438833e-01
   outer loop
     vertex  2.610147e+02  3.611650e+02  7.904821e+02
     vertex  2.605795e+02  4.766499e+01  7.902874e+02
     vertex  2.623761e+02  4.766499e+01  7.909161e+02
   endloop
 endfacet
 facet normal -4.713967e-01  1.065619e-04  8.819213e-01
   outer loop
     vertex  2.610147e+02  3.611650e+02  7.904821e+02
     vertex  2.595452e+02  3.611650e+02  7.896967e+02
     vertex  2.605795e+02  4.766499e+01  7.902874e+02
   endloop
 endfacet
 facet normal -1.119645e-01 -7.454200e-05  9.937122e-01
   outer loop
     vertex  2.626092e+02  3.611650e+02  7.909658e+02
     vertex  2.623761e+02  4.766499e+01  7.909161e+02
     vertex  2.642675e+02  4.766499e+01  7.911292e+02
   endloop
 endfacet
 facet normal -2.902847e-01  6.392039e-05  9.569403e-01
   outer loop
     vertex  2.626092e+02  3.611650e+02  7.909658e+02
     vertex  2.610147e+02  3.611650e+02  7.904821e+02
     vertex  2.623761e+02  4.766499e+01  7.909161e+02
   endloop
 endfacet
 facet normal -9.801714e-02 -2.887130e-15  9.951847e-01
   outer loop
     vertex  2.642675e+02  3.611650e+02  7.911292e+02
     vertex  2.626092e+02  3.611650e+02  7.909658e+02
     vertex  2.642675e+02  4.766499e+01  7.911292e+02
   endloop
 endfacet
 facet normal  3.789561e-14  3.464742e-15 -1.000000e+00
   outer loop
     vertex  2.587675e+02  3.151650e+02  7.421270e+02
     vertex  2.587675e+02  5.266499e+01  7.421270e+02
     vertex  2.557675e+02  5.266499e+01  7.421270e+02
   endloop
 endfacet
 facet normal  3.789561e-14  3.464742e-15 -1.000000e+00
   outer loop
     vertex  2.587675e+02  3.151650e+02  7.421270e+02
     vertex  2.557675e+02  5.266499e+01  7.421270e+02
     vertex  2.557675e+02  3.151650e+02  7.421270e+02
   endloop
 endfacet
 facet normal  4.242962e-15 -9.937122e-01 -1.119645e-01
   outer loop
     vertex  2.587675e+02  4.779035e+01  7.460144e+02
     vertex  2.557675e+02  4.766499e+01  7.471270e+02
     vertex  2.557675e+02  4.779035e+01  7.460144e+02
   endloop
 endfacet
 facet normal  4.247289e-15 -9.937122e-01 -1.119645e-01
   outer loop
     vertex  2.587675e+02  4.779035e+01  7.460144e+02
     vertex  2.587675e+02  4.766499e+01  7.471270e+02
     vertex  2.557675e+02  4.766499e+01  7.471270e+02
   endloop
 endfacet
 facet normal  2.503225e-14 -9.438833e-01 -3.302791e-01
   outer loop
     vertex  2.587675e+02  4.816015e+01  7.449575e+02
     vertex  2.557675e+02  4.779035e+01  7.460144e+02
     vertex  2.557675e+02  4.816015e+01  7.449575e+02
   endloop
 endfacet
 facet normal  1.251050e-14 -9.438833e-01 -3.302791e-01
   outer loop
     vertex  2.587675e+02  4.816015e+01  7.449575e+02
     vertex  2.587675e+02  4.779035e+01  7.460144e+02
     vertex  2.557675e+02  4.779035e+01  7.460144e+02
   endloop
 endfacet
 facet normal  4.032336e-14 -8.467242e-01 -5.320321e-01
   outer loop
     vertex  2.587675e+02  4.875583e+01  7.440095e+02
     vertex  2.557675e+02  4.816015e+01  7.449575e+02
     vertex  2.557675e+02  4.875583e+01  7.440095e+02
   endloop
 endfacet
 facet normal  4.032446e-14 -8.467242e-01 -5.320321e-01
   outer loop
     vertex  2.587675e+02  4.875583e+01  7.440095e+02
     vertex  2.587675e+02  4.816015e+01  7.449575e+02
     vertex  2.557675e+02  4.816015e+01  7.449575e+02
   endloop
 endfacet
 facet normal -0.000000e+00 -7.071068e-01 -7.071068e-01
   outer loop
     vertex  2.587675e+02  4.954754e+01  7.432178e+02
     vertex  2.557675e+02  4.875583e+01  7.440095e+02
     vertex  2.557675e+02  4.954754e+01  7.432178e+02
   endloop
 endfacet
 facet normal  5.357865e-14 -7.071068e-01 -7.071068e-01
   outer loop
     vertex  2.587675e+02  4.954754e+01  7.432178e+02
     vertex  2.587675e+02  4.875583e+01  7.440095e+02
     vertex  2.557675e+02  4.875583e+01  7.440095e+02
   endloop
 endfacet
 facet normal  3.208713e-14 -5.320321e-01 -8.467242e-01
   outer loop
     vertex  2.587675e+02  5.049557e+01  7.426221e+02
     vertex  2.557675e+02  4.954754e+01  7.432178e+02
     vertex  2.557675e+02  5.049557e+01  7.426221e+02
   endloop
 endfacet
 facet normal  0.000000e+00 -5.320321e-01 -8.467242e-01
   outer loop
     vertex  2.587675e+02  5.049557e+01  7.426221e+02
     vertex  2.587675e+02  4.954754e+01  7.432178e+02
     vertex  2.557675e+02  4.954754e+01  7.432178e+02
   endloop
 endfacet
 facet normal  3.576904e-14 -3.302791e-01 -9.438833e-01
   outer loop
     vertex  2.587675e+02  5.155239e+01  7.422523e+02
     vertex  2.557675e+02  5.049557e+01  7.426221e+02
     vertex  2.557675e+02  5.155239e+01  7.422523e+02
   endloop
 endfacet
 facet normal  3.576317e-14 -3.302791e-01 -9.438833e-01
   outer loop
     vertex  2.587675e+02  5.155239e+01  7.422523e+02
     vertex  2.587675e+02  5.049557e+01  7.426221e+02
     vertex  2.557675e+02  5.049557e+01  7.426221e+02
   endloop
 endfacet
 facet normal  3.765733e-14 -1.119645e-01 -9.937122e-01
   outer loop
     vertex  2.587675e+02  5.266499e+01  7.421270e+02
     vertex  2.557675e+02  5.155239e+01  7.422523e+02
     vertex  2.557675e+02  5.266499e+01  7.421270e+02
   endloop
 endfacet
 facet normal  3.765544e-14 -1.119645e-01 -9.937122e-01
   outer loop
     vertex  2.587675e+02  5.266499e+01  7.421270e+02
     vertex  2.587675e+02  5.155239e+01  7.422523e+02
     vertex  2.557675e+02  5.155239e+01  7.422523e+02
   endloop
 endfacet
 facet normal  1.000000e+00  0.000000e+00  0.000000e+00
   outer loop
     vertex  2.587675e+02  4.816015e+01  7.449575e+02
     vertex  2.587675e+02  4.766499e+01  7.471270e+02
     vertex  2.587675e+02  4.779035e+01  7.460144e+02
   endloop
 endfacet
 facet normal  1.000000e+00 -1.498620e-13 -3.420501e-14
   outer loop
     vertex  2.587675e+02  4.875583e+01  7.440095e+02
     vertex  2.587675e+02  4.766499e+01  7.471270e+02
     vertex  2.587675e+02  4.816015e+01  7.449575e+02
   endloop
 endfacet
 facet normal  1.000000e+00 -8.239613e-14 -1.059770e-14
   outer loop
     vertex  2.587675e+02  4.954754e+01  7.432178e+02
     vertex  2.587675e+02  4.766499e+01  7.471270e+02
     vertex  2.587675e+02  4.875583e+01  7.440095e+02
   endloop
 endfacet
 facet normal  1.000000e+00 -7.535466e-14 -2.153512e-13
   outer loop
     vertex  2.587675e+02  5.155239e+01  7.422523e+02
     vertex  2.587675e+02  4.954754e+01  7.432178e+02
     vertex  2.587675e+02  5.049557e+01  7.426221e+02
   endloop
 endfacet
 facet normal  1.000000e+00  1.104704e-14  2.241573e-14
   outer loop
     vertex  2.587675e+02  5.266499e+01  7.421270e+02
     vertex  2.587675e+02  4.766499e+01  7.826292e+02
     vertex  2.587675e+02  4.766499e+01  7.471270e+02
   endloop
 endfacet
 facet normal  1.000000e+00  3.416789e-14  4.553657e-14
   outer loop
     vertex  2.587675e+02  5.266499e+01  7.421270e+02
     vertex  2.587675e+02  4.766499e+01  7.471270e+02
     vertex  2.587675e+02  4.954754e+01  7.432178e+02
   endloop
 endfacet
 facet normal  1.000000e+00 -8.659813e-15 -7.685797e-14
   outer loop
     vertex  2.587675e+02  5.266499e+01  7.421270e+02
     vertex  2.587675e+02  4.954754e+01  7.432178e+02
     vertex  2.587675e+02  5.155239e+01  7.422523e+02
   endloop
 endfacet
 facet normal  1.000000e+00 -7.293963e-29  2.105197e-14
   outer loop
     vertex  2.587675e+02  3.151650e+02  7.421270e+02
     vertex  2.587675e+02  4.766499e+01  7.826292e+02
     vertex  2.587675e+02  5.266499e+01  7.421270e+02
   endloop
 endfacet
 facet normal  1.000000e+00 -6.216401e-29  2.105197e-14
   outer loop
     vertex  2.587675e+02  3.556672e+02  7.826292e+02
     vertex  2.587675e+02  4.766499e+01  7.826292e+02
     vertex  2.587675e+02  3.151650e+02  7.421270e+02
   endloop
 endfacet
 facet normal  1.213511e-28 -1.000000e+00 -3.202247e-15
   outer loop
     vertex  2.557675e+02  4.766499e+01  7.471270e+02
     vertex  2.587675e+02  4.766499e+01  7.826292e+02
     vertex  2.557675e+02  4.766499e+01  7.826292e+02
   endloop
 endfacet
 facet normal  1.213511e-28 -1.000000e+00 -3.202247e-15
   outer loop
     vertex  2.587675e+02  4.766499e+01  7.471270e+02
     vertex  2.587675e+02  4.766499e+01  7.826292e+02
     vertex  2.557675e+02  4.766499e+01  7.471270e+02
   endloop
 endfacet
 facet normal -1.000000e+00 -6.163531e-14 -5.803503e-14
   outer loop
     vertex  2.557675e+02  4.875583e+01  7.440095e+02
     vertex  2.557675e+02  4.779035e+01  7.460144e+02
     vertex  2.557675e+02  4.766499e+01  7.471270e+02
   endloop
 endfacet
 facet normal -1.000000e+00  2.153512e-13  7.535466e-14
   outer loop
     vertex  2.557675e+02  4.875583e+01  7.440095e+02
     vertex  2.557675e+02  4.816015e+01  7.449575e+02
     vertex  2.557675e+02  4.779035e+01  7.460144e+02
   endloop
 endfacet
 facet normal -1.000000e+00  8.803810e-14  1.239373e-13
   outer loop
     vertex  2.557675e+02  5.155239e+01  7.422523e+02
     vertex  2.557675e+02  4.954754e+01  7.432178e+02
     vertex  2.557675e+02  4.875583e+01  7.440095e+02
   endloop
 endfacet
 facet normal -1.000000e+00 -7.535466e-14 -2.153512e-13
   outer loop
     vertex  2.557675e+02  5.155239e+01  7.422523e+02
     vertex  2.557675e+02  5.049557e+01  7.426221e+02
     vertex  2.557675e+02  4.954754e+01  7.432178e+02
   endloop
 endfacet
 facet normal -1.000000e+00 -1.634487e-14 -4.218722e-14
   outer loop
     vertex  2.557675e+02  5.155239e+01  7.422523e+02
     vertex  2.557675e+02  4.875583e+01  7.440095e+02
     vertex  2.557675e+02  4.766499e+01  7.471270e+02
   endloop
 endfacet
 facet normal -1.000000e+00  8.407669e-15 -2.001404e-14
   outer loop
     vertex  2.557675e+02  5.266499e+01  7.421270e+02
     vertex  2.557675e+02  4.766499e+01  7.471270e+02
     vertex  2.557675e+02  4.766499e+01  7.826292e+02
   endloop
 endfacet
 facet normal -1.000000e+00 -3.608993e-15 -3.203070e-14
   outer loop
     vertex  2.557675e+02  5.266499e+01  7.421270e+02
     vertex  2.557675e+02  5.155239e+01  7.422523e+02
     vertex  2.557675e+02  4.766499e+01  7.471270e+02
   endloop
 endfacet
 facet normal -1.000000e+00  7.293963e-29 -2.105197e-14
   outer loop
     vertex  2.557675e+02  3.151650e+02  7.421270e+02
     vertex  2.557675e+02  5.266499e+01  7.421270e+02
     vertex  2.557675e+02  4.766499e+01  7.826292e+02
   endloop
 endfacet
 facet normal -1.000000e+00  7.770501e-29 -2.105197e-14
   outer loop
     vertex  2.557675e+02  3.556672e+02  7.826292e+02
     vertex  2.557675e+02  3.151650e+02  7.421270e+02
     vertex  2.557675e+02  4.766499e+01  7.826292e+02
   endloop
 endfacet
 facet normal -2.778718e-14  7.071068e-01 -7.071068e-01
   outer loop
     vertex  2.557675e+02  3.151650e+02  7.421270e+02
     vertex  2.557675e+02  3.556672e+02  7.826292e+02
     vertex  2.587675e+02  3.556672e+02  7.826292e+02
   endloop
 endfacet
 facet normal  2.679624e-14  7.071068e-01 -7.071068e-01
   outer loop
     vertex  2.587675e+02  3.151650e+02  7.421270e+02
     vertex  2.557675e+02  3.151650e+02  7.421270e+02
     vertex  2.587675e+02  3.556672e+02  7.826292e+02
   endloop
 endfacet
 facet normal  0.000000e+00 -1.119645e-01 -9.937122e-01
   outer loop
     vertex  3.047719e+02  5.155239e+01  7.422523e+02
     vertex  3.047719e+02  5.266499e+01  7.421270e+02
     vertex  3.077719e+02  5.266499e+01  7.421270e+02
   endloop
 endfacet
 facet normal  3.765733e-14 -1.119645e-01 -9.937122e-01
   outer loop
     vertex  3.047719e+02  5.155239e+01  7.422523e+02
     vertex  3.077719e+02  5.266499e+01  7.421270e+02
     vertex  3.077719e+02  5.155239e+01  7.422523e+02
   endloop
 endfacet
 facet normal  0.000000e+00 -3.302791e-01 -9.438833e-01
   outer loop
     vertex  3.047719e+02  5.049557e+01  7.426221e+02
     vertex  3.077719e+02  5.155239e+01  7.422523e+02
     vertex  3.077719e+02  5.049557e+01  7.426221e+02
   endloop
 endfacet
 facet normal  3.577969e-14 -3.302791e-01 -9.438833e-01
   outer loop
     vertex  3.047719e+02  5.049557e+01  7.426221e+02
     vertex  3.047719e+02  5.155239e+01  7.422523e+02
     vertex  3.077719e+02  5.155239e+01  7.422523e+02
   endloop
 endfacet
 facet normal  3.208713e-14 -5.320321e-01 -8.467242e-01
   outer loop
     vertex  3.047719e+02  4.954754e+01  7.432178e+02
     vertex  3.077719e+02  5.049557e+01  7.426221e+02
     vertex  3.077719e+02  4.954754e+01  7.432178e+02
   endloop
 endfacet
 facet normal  2.679624e-14 -7.071068e-01 -7.071068e-01
   outer loop
     vertex  3.047719e+02  4.954754e+01  7.432178e+02
     vertex  3.077719e+02  4.954754e+01  7.432178e+02
     vertex  3.077719e+02  4.875583e+01  7.440095e+02
   endloop
 endfacet
 facet normal  0.000000e+00 -5.320321e-01 -8.467242e-01
   outer loop
     vertex  3.047719e+02  4.954754e+01  7.432178e+02
     vertex  3.047719e+02  5.049557e+01  7.426221e+02
     vertex  3.077719e+02  5.049557e+01  7.426221e+02
   endloop
 endfacet
 facet normal  0.000000e+00 -7.071068e-01 -7.071068e-01
   outer loop
     vertex  3.047719e+02  4.875583e+01  7.440095e+02
     vertex  3.047719e+02  4.954754e+01  7.432178e+02
     vertex  3.077719e+02  4.875583e+01  7.440095e+02
   endloop
 endfacet
 facet normal  4.032336e-14 -8.467242e-01 -5.320321e-01
   outer loop
     vertex  3.047719e+02  4.816015e+01  7.449575e+02
     vertex  3.077719e+02  4.875583e+01  7.440095e+02
     vertex  3.077719e+02  4.816015e+01  7.449575e+02
   endloop
 endfacet
 facet normal  2.503225e-14 -9.438833e-01 -3.302791e-01
   outer loop
     vertex  3.047719e+02  4.816015e+01  7.449575e+02
     vertex  3.077719e+02  4.816015e+01  7.449575e+02
     vertex  3.077719e+02  4.779035e+01  7.460144e+02
   endloop
 endfacet
 facet normal  0.000000e+00 -8.467242e-01 -5.320321e-01
   outer loop
     vertex  3.047719e+02  4.816015e+01  7.449575e+02
     vertex  3.047719e+02  4.875583e+01  7.440095e+02
     vertex  3.077719e+02  4.875583e+01  7.440095e+02
   endloop
 endfacet
 facet normal  1.251613e-14 -9.438833e-01 -3.302791e-01
   outer loop
     vertex  3.047719e+02  4.779035e+01  7.460144e+02
     vertex  3.047719e+02  4.816015e+01  7.449575e+02
     vertex  3.077719e+02  4.779035e+01  7.460144e+02
   endloop
 endfacet
 facet normal  4.242962e-15 -9.937122e-01 -1.119645e-01
   outer loop
     vertex  3.047719e+02  4.766499e+01  7.471270e+02
     vertex  3.077719e+02  4.779035e+01  7.460144e+02
     vertex  3.077719e+02  4.766499e+01  7.471270e+02
   endloop
 endfacet
 facet normal  4.247289e-15 -9.937122e-01 -1.119645e-01
   outer loop
     vertex  3.047719e+02  4.766499e+01  7.471270e+02
     vertex  3.047719e+02  4.779035e+01  7.460144e+02
     vertex  3.077719e+02  4.779035e+01  7.460144e+02
   endloop
 endfacet
 facet normal  0.000000e+00  3.464742e-15 -1.000000e+00
   outer loop
     vertex  3.047719e+02  5.266499e+01  7.421270e+02
     vertex  3.047719e+02  3.151650e+02  7.421270e+02
     vertex  3.077719e+02  3.151650e+02  7.421270e+02
   endloop
 endfacet
 facet normal  0.000000e+00  3.464742e-15 -1.000000e+00
   outer loop
     vertex  3.047719e+02  5.266499e+01  7.421270e+02
     vertex  3.077719e+02  3.151650e+02  7.421270e+02
     vertex  3.077719e+02  5.266499e+01  7.421270e+02
   endloop
 endfacet
 facet normal -1.000000e+00  8.380260e-14  1.200417e-14
   outer loop
     vertex  3.047719e+02  4.779035e+01  7.460144e+02
     vertex  3.047719e+02  4.954754e+01  7.432178e+02
     vertex  3.047719e+02  4.875583e+01  7.440095e+02
   endloop
 endfacet
 facet normal -1.000000e+00  2.153512e-13  7.535466e-14
   outer loop
     vertex  3.047719e+02  4.779035e+01  7.460144e+02
     vertex  3.047719e+02  4.875583e+01  7.440095e+02
     vertex  3.047719e+02  4.816015e+01  7.449575e+02
   endloop
 endfacet
 facet normal -1.000000e+00  0.000000e+00  0.000000e+00
   outer loop
     vertex  3.047719e+02  5.266499e+01  7.421270e+02
     vertex  3.047719e+02  5.155239e+01  7.422523e+02
     vertex  3.047719e+02  5.049557e+01  7.426221e+02
   endloop
 endfacet
 facet normal -1.000000e+00  3.420501e-14  1.498620e-13
   outer loop
     vertex  3.047719e+02  5.266499e+01  7.421270e+02
     vertex  3.047719e+02  5.049557e+01  7.426221e+02
     vertex  3.047719e+02  4.954754e+01  7.432178e+02
   endloop
 endfacet
 facet normal -1.000000e+00 -4.160681e-14 -6.679578e-14
   outer loop
     vertex  3.047719e+02  5.266499e+01  7.421270e+02
     vertex  3.047719e+02  4.954754e+01  7.432178e+02
     vertex  3.047719e+02  4.779035e+01  7.460144e+02
   endloop
 endfacet
 facet normal -1.000000e+00  5.757787e-14  5.757787e-14
   outer loop
     vertex  3.047719e+02  4.766499e+01  7.471270e+02
     vertex  3.047719e+02  5.266499e+01  7.421270e+02
     vertex  3.047719e+02  4.779035e+01  7.460144e+02
   endloop
 endfacet
 facet normal -1.000000e+00 -1.601123e-14 -1.601123e-14
   outer loop
     vertex  3.047719e+02  4.766499e+01  7.826292e+02
     vertex  3.047719e+02  5.266499e+01  7.421270e+02
     vertex  3.047719e+02  4.766499e+01  7.471270e+02
   endloop
 endfacet
 facet normal -1.000000e+00  4.862642e-29 -1.403465e-14
   outer loop
     vertex  3.047719e+02  3.151650e+02  7.421270e+02
     vertex  3.047719e+02  5.266499e+01  7.421270e+02
     vertex  3.047719e+02  4.766499e+01  7.826292e+02
   endloop
 endfacet
 facet normal -1.000000e+00  4.662301e-29 -1.403465e-14
   outer loop
     vertex  3.047719e+02  3.556672e+02  7.826292e+02
     vertex  3.047719e+02  3.151650e+02  7.421270e+02
     vertex  3.047719e+02  4.766499e+01  7.826292e+02
   endloop
 endfacet
 facet normal  0.000000e+00  7.071068e-01 -7.071068e-01
   outer loop
     vertex  3.047719e+02  3.151650e+02  7.421270e+02
     vertex  3.047719e+02  3.556672e+02  7.826292e+02
     vertex  3.077719e+02  3.556672e+02  7.826292e+02
   endloop
 endfacet
 facet normal  0.000000e+00  7.071068e-01 -7.071068e-01
   outer loop
     vertex  3.047719e+02  3.151650e+02  7.421270e+02
     vertex  3.077719e+02  3.556672e+02  7.826292e+02
     vertex  3.077719e+02  3.151650e+02  7.421270e+02
   endloop
 endfacet
 facet normal  1.000000e+00  0.000000e+00  0.000000e+00
   outer loop
     vertex  3.077719e+02  5.266499e+01  7.421270e+02
     vertex  3.077719e+02  5.049557e+01  7.426221e+02
     vertex  3.077719e+02  5.155239e+01  7.422523e+02
   endloop
 endfacet
 facet normal  1.000000e+00  9.907602e-14  6.225359e-14
   outer loop
     vertex  3.077719e+02  4.766499e+01  7.471270e+02
     vertex  3.077719e+02  4.954754e+01  7.432178e+02
     vertex  3.077719e+02  5.049557e+01  7.426221e+02
   endloop
 endfacet
 facet normal  1.000000e+00 -2.489380e-13 -1.053411e-13
   outer loop
     vertex  3.077719e+02  4.766499e+01  7.471270e+02
     vertex  3.077719e+02  4.875583e+01  7.440095e+02
     vertex  3.077719e+02  4.954754e+01  7.432178e+02
   endloop
 endfacet
 facet normal  1.000000e+00 -6.548928e-14 -4.114964e-14
   outer loop
     vertex  3.077719e+02  4.766499e+01  7.471270e+02
     vertex  3.077719e+02  4.816015e+01  7.449575e+02
     vertex  3.077719e+02  4.875583e+01  7.440095e+02
   endloop
 endfacet
 facet normal  1.000000e+00 -2.153512e-13 -7.535466e-14
   outer loop
     vertex  3.077719e+02  4.766499e+01  7.471270e+02
     vertex  3.077719e+02  4.779035e+01  7.460144e+02
     vertex  3.077719e+02  4.816015e+01  7.449575e+02
   endloop
 endfacet
 facet normal  1.000000e+00  0.000000e+00  0.000000e+00
   outer loop
     vertex  3.077719e+02  4.766499e+01  7.471270e+02
     vertex  3.077719e+02  5.049557e+01  7.426221e+02
     vertex  3.077719e+02  5.266499e+01  7.421270e+02
   endloop
 endfacet
 facet normal  1.000000e+00  1.601123e-14  1.601123e-14
   outer loop
     vertex  3.077719e+02  4.766499e+01  7.826292e+02
     vertex  3.077719e+02  4.766499e+01  7.471270e+02
     vertex  3.077719e+02  5.266499e+01  7.421270e+02
   endloop
 endfacet
 facet normal  1.000000e+00 -4.862642e-29  1.403465e-14
   outer loop
     vertex  3.077719e+02  3.151650e+02  7.421270e+02
     vertex  3.077719e+02  4.766499e+01  7.826292e+02
     vertex  3.077719e+02  5.266499e+01  7.421270e+02
   endloop
 endfacet
 facet normal  1.000000e+00 -4.662301e-29  1.403465e-14
   outer loop
     vertex  3.077719e+02  3.556672e+02  7.826292e+02
     vertex  3.077719e+02  4.766499e+01  7.826292e+02
     vertex  3.077719e+02  3.151650e+02  7.421270e+02
   endloop
 endfacet
 facet normal  1.213511e-28 -1.000000e+00 -3.202247e-15
   outer loop
     vertex  3.077719e+02  4.766499e+01  7.826292e+02
     vertex  3.047719e+02  4.766499e+01  7.471270e+02
     vertex  3.077719e+02  4.766499e+01  7.471270e+02
   endloop
 endfacet
 facet normal  0.000000e+00 -1.000000e+00 -3.202247e-15
   outer loop
     vertex  3.047719e+02  4.766499e+01  7.826292e+02
     vertex  3.047719e+02  4.766499e+01  7.471270e+02
     vertex  3.077719e+02  4.766499e+01  7.826292e+02
   endloop
 endfacet
 facet normal  0.000000e+00 -1.000000e+00  0.000000e+00
   outer loop
     vertex  3.027011e+02  4.766499e+01  7.869292e+02
     vertex  3.059175e+02  4.766499e+01  7.879288e+02
     vertex  3.045716e+02  4.766499e+01  7.892747e+02
   endloop
 endfacet
 facet normal  0.000000e+00 -1.000000e+00  0.000000e+00
   outer loop
     vertex  3.035720e+02  4.766499e+01  7.860584e+02
     vertex  3.059175e+02  4.766499e+01  7.879288e+02
     vertex  3.027011e+02  4.766499e+01  7.869292e+02
   endloop
 endfacet
 facet normal  0.000000e+00 -1.000000e+00  0.000000e+00
   outer loop
     vertex  3.016583e+02  4.766499e+01  7.875845e+02
     vertex  3.045716e+02  4.766499e+01  7.892747e+02
     vertex  3.029599e+02  4.766499e+01  7.902874e+02
   endloop
 endfacet
 facet normal  0.000000e+00 -1.000000e+00  0.000000e+00
   outer loop
     vertex  3.016583e+02  4.766499e+01  7.875845e+02
     vertex  3.027011e+02  4.766499e+01  7.869292e+02
     vertex  3.045716e+02  4.766499e+01  7.892747e+02
   endloop
 endfacet
 facet normal  0.000000e+00 -1.000000e+00  0.000000e+00
   outer loop
     vertex  3.042273e+02  4.766499e+01  7.850155e+02
     vertex  3.069302e+02  4.766499e+01  7.863172e+02
     vertex  3.059175e+02  4.766499e+01  7.879288e+02
   endloop
 endfacet
 facet normal  0.000000e+00 -1.000000e+00  0.000000e+00
   outer loop
     vertex  3.042273e+02  4.766499e+01  7.850155e+02
     vertex  3.059175e+02  4.766499e+01  7.879288e+02
     vertex  3.035720e+02  4.766499e+01  7.860584e+02
   endloop
 endfacet
 facet normal  2.300202e-14 -1.000000e+00 -2.468515e-14
   outer loop
     vertex  3.004958e+02  4.766499e+01  7.879913e+02
     vertex  3.029599e+02  4.766499e+01  7.902874e+02
     vertex  3.011634e+02  4.766499e+01  7.909161e+02
   endloop
 endfacet
 facet normal  0.000000e+00 -1.000000e+00  0.000000e+00
   outer loop
     vertex  3.004958e+02  4.766499e+01  7.879913e+02
     vertex  3.016583e+02  4.766499e+01  7.875845e+02
     vertex  3.029599e+02  4.766499e+01  7.902874e+02
   endloop
 endfacet
 facet normal -3.343731e-15 -1.000000e+00  1.464984e-14
   outer loop
     vertex  3.046340e+02  4.766499e+01  7.838530e+02
     vertex  3.075588e+02  4.766499e+01  7.845206e+02
     vertex  3.069302e+02  4.766499e+01  7.863172e+02
   endloop
 endfacet
 facet normal -1.007604e-14 -1.000000e+00  2.092312e-14
   outer loop
     vertex  3.046340e+02  4.766499e+01  7.838530e+02
     vertex  3.069302e+02  4.766499e+01  7.863172e+02
     vertex  3.042273e+02  4.766499e+01  7.850155e+02
   endloop
 endfacet
 facet normal  0.000000e+00 -1.000000e+00 -3.005318e-14
   outer loop
     vertex  3.047719e+02  4.766499e+01  7.826292e+02
     vertex  3.077719e+02  4.766499e+01  7.826292e+02
     vertex  3.075588e+02  4.766499e+01  7.845206e+02
   endloop
 endfacet
 facet normal  1.033517e-14 -1.000000e+00 -4.528133e-14
   outer loop
     vertex  3.047719e+02  4.766499e+01  7.826292e+02
     vertex  3.075588e+02  4.766499e+01  7.845206e+02
     vertex  3.046340e+02  4.766499e+01  7.838530e+02
   endloop
 endfacet
 facet normal -2.134905e-15 -1.000000e+00 -1.894781e-14
   outer loop
     vertex  2.992719e+02  4.766499e+01  7.881292e+02
     vertex  3.011634e+02  4.766499e+01  7.909161e+02
     vertex  2.992719e+02  4.766499e+01  7.911292e+02
   endloop
 endfacet
 facet normal -2.134905e-15 -1.000000e+00 -1.894781e-14
   outer loop
     vertex  2.992719e+02  4.766499e+01  7.881292e+02
     vertex  3.004958e+02  4.766499e+01  7.879913e+02
     vertex  3.011634e+02  4.766499e+01  7.909161e+02
   endloop
 endfacet
 facet normal  2.415704e-14  1.000000e+00  2.943544e-14
   outer loop
     vertex  3.039943e+02  3.611650e+02  7.896967e+02
     vertex  3.031610e+02  3.611650e+02  7.865183e+02
     vertex  3.023276e+02  3.611650e+02  7.872023e+02
   endloop
 endfacet
 facet normal  2.415704e-14  1.000000e+00  2.943544e-14
   outer loop
     vertex  3.039943e+02  3.611650e+02  7.896967e+02
     vertex  3.052823e+02  3.611650e+02  7.886396e+02
     vertex  3.031610e+02  3.611650e+02  7.865183e+02
   endloop
 endfacet
 facet normal  1.795030e-14  1.000000e+00  3.358266e-14
   outer loop
     vertex  3.025247e+02  3.611650e+02  7.904821e+02
     vertex  3.023276e+02  3.611650e+02  7.872023e+02
     vertex  3.013767e+02  3.611650e+02  7.877105e+02
   endloop
 endfacet
 facet normal  1.795030e-14  1.000000e+00  3.358266e-14
   outer loop
     vertex  3.025247e+02  3.611650e+02  7.904821e+02
     vertex  3.039943e+02  3.611650e+02  7.896967e+02
     vertex  3.023276e+02  3.611650e+02  7.872023e+02
   endloop
 endfacet
 facet normal -1.001844e-13  1.000000e+00  5.856595e-14
   outer loop
     vertex  3.009302e+02  3.611650e+02  7.909658e+02
     vertex  3.003449e+02  3.611650e+02  7.880235e+02
     vertex  2.992719e+02  3.611650e+02  7.881292e+02
   endloop
 endfacet
 facet normal  1.105374e-14  1.000000e+00  3.643931e-14
   outer loop
     vertex  3.009302e+02  3.611650e+02  7.909658e+02
     vertex  3.013767e+02  3.611650e+02  7.877105e+02
     vertex  3.003449e+02  3.611650e+02  7.880235e+02
   endloop
 endfacet
 facet normal  1.105374e-14  1.000000e+00  3.643931e-14
   outer loop
     vertex  3.009302e+02  3.611650e+02  7.909658e+02
     vertex  3.025247e+02  3.611650e+02  7.904821e+02
     vertex  3.013767e+02  3.611650e+02  7.877105e+02
   endloop
 endfacet
 facet normal  9.075528e-13  1.000000e+00 -5.305386e-13
   outer loop
     vertex  2.992719e+02  3.611650e+02  7.911292e+02
     vertex  3.009302e+02  3.611650e+02  7.909658e+02
     vertex  2.992719e+02  3.611650e+02  7.881292e+02
   endloop
 endfacet
 facet normal  5.584373e-01  6.134294e-01 -5.584373e-01
   outer loop
     vertex  3.040348e+02  3.593324e+02  7.853790e+02
     vertex  3.031610e+02  3.611650e+02  7.865183e+02
     vertex  3.052823e+02  3.611650e+02  7.886396e+02
   endloop
 endfacet
 facet normal  3.200164e-01  7.683454e-01 -5.542877e-01
   outer loop
     vertex  3.040348e+02  3.593324e+02  7.853790e+02
     vertex  3.052823e+02  3.611650e+02  7.886396e+02
     vertex  3.066328e+02  3.593324e+02  7.868789e+02
   endloop
 endfacet
 facet normal  3.200306e-01  7.683217e-01 -5.543123e-01
   outer loop
     vertex  3.040348e+02  3.593324e+02  7.853790e+02
     vertex  3.066328e+02  3.593324e+02  7.868789e+02
     vertex  3.074819e+02  3.574998e+02  7.848291e+02
   endloop
 endfacet
 facet normal  1.656548e-01  7.683454e-01 -6.182263e-01
   outer loop
     vertex  3.045843e+02  3.574998e+02  7.840526e+02
     vertex  3.074819e+02  3.574998e+02  7.848291e+02
     vertex  3.077719e+02  3.556672e+02  7.826292e+02
   endloop
 endfacet
 facet normal  2.044085e-01  6.134186e-01 -7.628465e-01
   outer loop
     vertex  3.045843e+02  3.574998e+02  7.840526e+02
     vertex  3.040348e+02  3.593324e+02  7.853790e+02
     vertex  3.074819e+02  3.574998e+02  7.848291e+02
   endloop
 endfacet
 facet normal  0.000000e+00  6.134294e-01 -7.897495e-01
   outer loop
     vertex  3.047719e+02  3.556672e+02  7.826292e+02
     vertex  3.045843e+02  3.574998e+02  7.840526e+02
     vertex  3.077719e+02  3.556672e+02  7.826292e+02
   endloop
 endfacet
 facet normal -9.801714e-02  3.248025e-15 -9.951847e-01
   outer loop
     vertex  3.003449e+02  3.611650e+02  7.880235e+02
     vertex  2.992719e+02  4.766499e+01  7.881292e+02
     vertex  2.992719e+02  3.611650e+02  7.881292e+02
   endloop
 endfacet
 facet normal -1.119645e-01  4.823306e-05 -9.937122e-01
   outer loop
     vertex  3.003449e+02  3.611650e+02  7.880235e+02
     vertex  3.004958e+02  4.766499e+01  7.879913e+02
     vertex  2.992719e+02  4.766499e+01  7.881292e+02
   endloop
 endfacet
 facet normal -3.302791e-01  8.271237e-05 -9.438833e-01
   outer loop
     vertex  3.013767e+02  3.611650e+02  7.877105e+02
     vertex  3.016583e+02  4.766499e+01  7.875845e+02
     vertex  3.004958e+02  4.766499e+01  7.879913e+02
   endloop
 endfacet
 facet normal -2.902847e-01 -4.136025e-05 -9.569403e-01
   outer loop
     vertex  3.013767e+02  3.611650e+02  7.877105e+02
     vertex  3.004958e+02  4.766499e+01  7.879913e+02
     vertex  3.003449e+02  3.611650e+02  7.880235e+02
   endloop
 endfacet
 facet normal -5.320321e-01  1.034108e-04 -8.467242e-01
   outer loop
     vertex  3.023276e+02  3.611650e+02  7.872023e+02
     vertex  3.027011e+02  4.766499e+01  7.869292e+02
     vertex  3.016583e+02  4.766499e+01  7.875845e+02
   endloop
 endfacet
 facet normal -4.713967e-01 -6.895185e-05 -8.819213e-01
   outer loop
     vertex  3.023276e+02  3.611650e+02  7.872023e+02
     vertex  3.016583e+02  4.766499e+01  7.875845e+02
     vertex  3.013767e+02  3.611650e+02  7.877105e+02
   endloop
 endfacet
 facet normal -7.071068e-01  1.103121e-04 -7.071068e-01
   outer loop
     vertex  3.031610e+02  3.611650e+02  7.865183e+02
     vertex  3.035720e+02  4.766499e+01  7.860584e+02
     vertex  3.027011e+02  4.766499e+01  7.869292e+02
   endloop
 endfacet
 facet normal -6.343933e-01 -8.275307e-05 -7.730105e-01
   outer loop
     vertex  3.031610e+02  3.611650e+02  7.865183e+02
     vertex  3.027011e+02  4.766499e+01  7.869292e+02
     vertex  3.023276e+02  3.611650e+02  7.872023e+02
   endloop
 endfacet
 facet normal -8.467242e-01  9.775910e-05 -5.320321e-01
   outer loop
     vertex  3.040348e+02  3.593324e+02  7.853790e+02
     vertex  3.042273e+02  4.766499e+01  7.850155e+02
     vertex  3.035720e+02  4.766499e+01  7.860584e+02
   endloop
 endfacet
 facet normal -7.935815e-01 -1.477584e-04 -6.084639e-01
   outer loop
     vertex  3.040348e+02  3.593324e+02  7.853790e+02
     vertex  3.035720e+02  4.766499e+01  7.860584e+02
     vertex  3.031610e+02  3.611650e+02  7.865183e+02
   endloop
 endfacet
 facet normal -9.438833e-01  6.112119e-05 -3.302791e-01
   outer loop
     vertex  3.045843e+02  3.574998e+02  7.840526e+02
     vertex  3.046340e+02  4.766499e+01  7.838530e+02
     vertex  3.042273e+02  4.766499e+01  7.850155e+02
   endloop
 endfacet
 facet normal -9.239402e-01 -1.242659e-04 -3.825369e-01
   outer loop
     vertex  3.045843e+02  3.574998e+02  7.840526e+02
     vertex  3.042273e+02  4.766499e+01  7.850155e+02
     vertex  3.040348e+02  3.593324e+02  7.853790e+02
   endloop
 endfacet
 facet normal -9.937122e-01  3.719453e-16 -1.119645e-01
   outer loop
     vertex  3.047719e+02  3.556672e+02  7.826292e+02
     vertex  3.047719e+02  4.766499e+01  7.826292e+02
     vertex  3.046340e+02  4.766499e+01  7.838530e+02
   endloop
 endfacet
 facet normal -9.914330e-01 -7.513295e-05 -1.306159e-01
   outer loop
     vertex  3.047719e+02  3.556672e+02  7.826292e+02
     vertex  3.046340e+02  4.766499e+01  7.838530e+02
     vertex  3.045843e+02  3.574998e+02  7.840526e+02
   endloop
 endfacet
 facet normal  9.801714e-02 -3.248001e-15  9.951847e-01
   outer loop
     vertex  3.009302e+02  3.611650e+02  7.909658e+02
     vertex  2.992719e+02  3.611650e+02  7.911292e+02
     vertex  2.992719e+02  4.766499e+01  7.911292e+02
   endloop
 endfacet
 facet normal  1.119645e-01 -7.454200e-05  9.937122e-01
   outer loop
     vertex  3.009302e+02  3.611650e+02  7.909658e+02
     vertex  2.992719e+02  4.766499e+01  7.911292e+02
     vertex  3.011634e+02  4.766499e+01  7.909161e+02
   endloop
 endfacet
 facet normal  3.302791e-01 -1.278282e-04  9.438833e-01
   outer loop
     vertex  3.025247e+02  3.611650e+02  7.904821e+02
     vertex  3.011634e+02  4.766499e+01  7.909161e+02
     vertex  3.029599e+02  4.766499e+01  7.902874e+02
   endloop
 endfacet
 facet normal  2.902847e-01  6.392039e-05  9.569403e-01
   outer loop
     vertex  3.025247e+02  3.611650e+02  7.904821e+02
     vertex  3.009302e+02  3.611650e+02  7.909658e+02
     vertex  3.011634e+02  4.766499e+01  7.909161e+02
   endloop
 endfacet
 facet normal  5.320321e-01 -1.598167e-04  8.467242e-01
   outer loop
     vertex  3.039943e+02  3.611650e+02  7.896967e+02
     vertex  3.029599e+02  4.766499e+01  7.902874e+02
     vertex  3.045716e+02  4.766499e+01  7.892747e+02
   endloop
 endfacet
 facet normal  4.713967e-01  1.065619e-04  8.819213e-01
   outer loop
     vertex  3.039943e+02  3.611650e+02  7.896967e+02
     vertex  3.025247e+02  3.611650e+02  7.904821e+02
     vertex  3.029599e+02  4.766499e+01  7.902874e+02
   endloop
 endfacet
 facet normal  7.071068e-01 -1.704823e-04  7.071068e-01
   outer loop
     vertex  3.052823e+02  3.611650e+02  7.886396e+02
     vertex  3.045716e+02  4.766499e+01  7.892747e+02
     vertex  3.059175e+02  4.766499e+01  7.879288e+02
   endloop
 endfacet
 facet normal  6.343933e-01  1.278911e-04  7.730104e-01
   outer loop
     vertex  3.052823e+02  3.611650e+02  7.886396e+02
     vertex  3.039943e+02  3.611650e+02  7.896967e+02
     vertex  3.045716e+02  4.766499e+01  7.892747e+02
   endloop
 endfacet
 facet normal  8.467242e-01 -1.511012e-04  5.320321e-01
   outer loop
     vertex  3.066328e+02  3.593324e+02  7.868789e+02
     vertex  3.059175e+02  4.766499e+01  7.879288e+02
     vertex  3.069302e+02  4.766499e+01  7.863172e+02
   endloop
 endfacet
 facet normal  7.935806e-01  2.283492e-04  6.084651e-01
   outer loop
     vertex  3.066328e+02  3.593324e+02  7.868789e+02
     vertex  3.052823e+02  3.611650e+02  7.886396e+02
     vertex  3.059175e+02  4.766499e+01  7.879288e+02
   endloop
 endfacet
 facet normal  9.438833e-01 -9.448832e-05  3.302791e-01
   outer loop
     vertex  3.074819e+02  3.574998e+02  7.848291e+02
     vertex  3.069302e+02  4.766499e+01  7.863172e+02
     vertex  3.075588e+02  4.766499e+01  7.845206e+02
   endloop
 endfacet
 facet normal  9.239402e-01  1.920146e-04  3.825369e-01
   outer loop
     vertex  3.074819e+02  3.574998e+02  7.848291e+02
     vertex  3.066328e+02  3.593324e+02  7.868789e+02
     vertex  3.069302e+02  4.766499e+01  7.863172e+02
   endloop
 endfacet
 facet normal  9.937122e-01 -3.719453e-16  1.119645e-01
   outer loop
     vertex  3.077719e+02  3.556672e+02  7.826292e+02
     vertex  3.075588e+02  4.766499e+01  7.845206e+02
     vertex  3.077719e+02  4.766499e+01  7.826292e+02
   endloop
 endfacet
 facet normal  9.914332e-01  1.161049e-04  1.306144e-01
   outer loop
     vertex  3.077719e+02  3.556672e+02  7.826292e+02
     vertex  3.074819e+02  3.574998e+02  7.848291e+02
     vertex  3.075588e+02  4.766499e+01  7.845206e+02
   endloop
 endfacet
 facet normal  9.927089e-01  1.205367e-01  2.109356e-14
   outer loop
     vertex  2.762697e+02  3.296835e+02  1.506433e+02
     vertex  2.764295e+02  3.283672e+02  1.476433e+02
     vertex  2.762697e+02  3.296835e+02  1.476433e+02
   endloop
 endfacet
 facet normal  9.927089e-01  1.205367e-01  2.109356e-14
   outer loop
     vertex  2.764295e+02  3.283672e+02  1.506433e+02
     vertex  2.764295e+02  3.283672e+02  1.476433e+02
     vertex  2.762697e+02  3.296835e+02  1.506433e+02
   endloop
 endfacet
 facet normal  9.350162e-01  3.546049e-01  0.000000e+00
   outer loop
     vertex  2.768997e+02  3.271275e+02  1.506433e+02
     vertex  2.768997e+02  3.271275e+02  1.476433e+02
     vertex  2.764295e+02  3.283672e+02  1.476433e+02
   endloop
 endfacet
 facet normal  9.350162e-01  3.546049e-01  2.445013e-14
   outer loop
     vertex  2.768997e+02  3.271275e+02  1.506433e+02
     vertex  2.764295e+02  3.283672e+02  1.476433e+02
     vertex  2.764295e+02  3.283672e+02  1.506433e+02
   endloop
 endfacet
 facet normal  8.229839e-01  5.680647e-01  2.635732e-14
   outer loop
     vertex  2.776529e+02  3.260363e+02  1.506433e+02
     vertex  2.776529e+02  3.260363e+02  1.476433e+02
     vertex  2.768997e+02  3.271275e+02  1.476433e+02
   endloop
 endfacet
 facet normal  8.229839e-01  5.680647e-01  0.000000e+00
   outer loop
     vertex  2.776529e+02  3.260363e+02  1.506433e+02
     vertex  2.768997e+02  3.271275e+02  1.476433e+02
     vertex  2.768997e+02  3.271275e+02  1.506433e+02
   endloop
 endfacet
 facet normal  6.631227e-01  7.485107e-01  2.512944e-14
   outer loop
     vertex  2.786454e+02  3.251571e+02  1.506433e+02
     vertex  2.786454e+02  3.251571e+02  1.476433e+02
     vertex  2.776529e+02  3.260363e+02  1.476433e+02
   endloop
 endfacet
 facet normal  6.631227e-01  7.485107e-01  2.673884e-14
   outer loop
     vertex  2.786454e+02  3.251571e+02  1.506433e+02
     vertex  2.776529e+02  3.260363e+02  1.476433e+02
     vertex  2.776529e+02  3.260363e+02  1.506433e+02
   endloop
 endfacet
 facet normal  4.647232e-01  8.854560e-01 -7.971965e-15
   outer loop
     vertex  2.798194e+02  3.245409e+02  1.506433e+02
     vertex  2.798194e+02  3.245409e+02  1.476433e+02
     vertex  2.786454e+02  3.251571e+02  1.476433e+02
   endloop
 endfacet
 facet normal  4.647232e-01  8.854560e-01  1.761191e-14
   outer loop
     vertex  2.798194e+02  3.245409e+02  1.506433e+02
     vertex  2.786454e+02  3.251571e+02  1.476433e+02
     vertex  2.786454e+02  3.251571e+02  1.506433e+02
   endloop
 endfacet
 facet normal  2.393157e-01  9.709418e-01  9.069014e-15
   outer loop
     vertex  2.811068e+02  3.242236e+02  1.506433e+02
     vertex  2.811068e+02  3.242236e+02  1.476433e+02
     vertex  2.798194e+02  3.245409e+02  1.476433e+02
   endloop
 endfacet
 facet normal  0.000000e+00  1.000000e+00  0.000000e+00
   outer loop
     vertex  2.811068e+02  3.242236e+02  1.506433e+02
     vertex  2.824327e+02  3.242236e+02  1.476433e+02
     vertex  2.811068e+02  3.242236e+02  1.476433e+02
   endloop
 endfacet
 facet normal  2.393157e-01  9.709418e-01 -1.385786e-14
   outer loop
     vertex  2.811068e+02  3.242236e+02  1.506433e+02
     vertex  2.798194e+02  3.245409e+02  1.476433e+02
     vertex  2.798194e+02  3.245409e+02  1.506433e+02
   endloop
 endfacet
 facet normal  0.000000e+00  1.000000e+00  0.000000e+00
   outer loop
     vertex  2.824327e+02  3.242236e+02  1.506433e+02
     vertex  2.824327e+02  3.242236e+02  1.476433e+02
     vertex  2.811068e+02  3.242236e+02  1.506433e+02
   endloop
 endfacet
 facet normal -2.393157e-01  9.709418e-01 -2.746623e-14
   outer loop
     vertex  2.837200e+02  3.245409e+02  1.506433e+02
     vertex  2.837200e+02  3.245409e+02  1.476433e+02
     vertex  2.824327e+02  3.242236e+02  1.476433e+02
   endloop
 endfacet
 facet normal -2.393157e-01  9.709418e-01 -9.071110e-15
   outer loop
     vertex  2.837200e+02  3.245409e+02  1.506433e+02
     vertex  2.824327e+02  3.242236e+02  1.476433e+02
     vertex  2.824327e+02  3.242236e+02  1.506433e+02
   endloop
 endfacet
 facet normal -4.647232e-01  8.854560e-01 -3.438842e-14
   outer loop
     vertex  2.848941e+02  3.251571e+02  1.506433e+02
     vertex  2.848941e+02  3.251571e+02  1.476433e+02
     vertex  2.837200e+02  3.245409e+02  1.476433e+02
   endloop
 endfacet
 facet normal -4.647232e-01  8.854560e-01 -3.438648e-14
   outer loop
     vertex  2.848941e+02  3.251571e+02  1.506433e+02
     vertex  2.837200e+02  3.245409e+02  1.476433e+02
     vertex  2.837200e+02  3.245409e+02  1.506433e+02
   endloop
 endfacet
 facet normal -6.631227e-01  7.485107e-01 -1.256472e-14
   outer loop
     vertex  2.858865e+02  3.260363e+02  1.506433e+02
     vertex  2.858865e+02  3.260363e+02  1.476433e+02
     vertex  2.848941e+02  3.251571e+02  1.476433e+02
   endloop
 endfacet
 facet normal -6.631227e-01  7.485107e-01 -3.932675e-14
   outer loop
     vertex  2.858865e+02  3.260363e+02  1.506433e+02
     vertex  2.848941e+02  3.251571e+02  1.476433e+02
     vertex  2.848941e+02  3.251571e+02  1.506433e+02
   endloop
 endfacet
 facet normal -8.229839e-01  5.680647e-01 -2.635732e-14
   outer loop
     vertex  2.866397e+02  3.271275e+02  1.506433e+02
     vertex  2.866397e+02  3.271275e+02  1.476433e+02
     vertex  2.858865e+02  3.260363e+02  1.476433e+02
   endloop
 endfacet
 facet normal -8.229839e-01  5.680647e-01 -1.560231e-14
   outer loop
     vertex  2.866397e+02  3.271275e+02  1.506433e+02
     vertex  2.858865e+02  3.260363e+02  1.476433e+02
     vertex  2.858865e+02  3.260363e+02  1.506433e+02
   endloop
 endfacet
 facet normal -9.350162e-01  3.546049e-01 -1.771651e-14
   outer loop
     vertex  2.871099e+02  3.283672e+02  1.506433e+02
     vertex  2.871099e+02  3.283672e+02  1.476433e+02
     vertex  2.866397e+02  3.271275e+02  1.476433e+02
   endloop
 endfacet
 facet normal -9.350162e-01  3.546049e-01 -2.445013e-14
   outer loop
     vertex  2.871099e+02  3.283672e+02  1.506433e+02
     vertex  2.866397e+02  3.271275e+02  1.476433e+02
     vertex  2.866397e+02  3.271275e+02  1.506433e+02
   endloop
 endfacet
 facet normal -9.927089e-01  1.205367e-01 -1.880966e-14
   outer loop
     vertex  2.872697e+02  3.296835e+02  1.506433e+02
     vertex  2.872697e+02  3.296835e+02  1.476433e+02
     vertex  2.871099e+02  3.283672e+02  1.476433e+02
   endloop
 endfacet
 facet normal -9.927089e-01  1.205367e-01 -1.881209e-14
   outer loop
     vertex  2.872697e+02  3.296835e+02  1.506433e+02
     vertex  2.871099e+02  3.283672e+02  1.476433e+02
     vertex  2.871099e+02  3.283672e+02  1.506433e+02
   endloop
 endfacet
 facet normal  9.927089e-01  1.205367e-01  1.766770e-14
   outer loop
     vertex  2.762697e+02  2.546835e+02  1.506433e+02
     vertex  2.764295e+02  2.533672e+02  1.476433e+02
     vertex  2.762697e+02  2.546835e+02  1.476433e+02
   endloop
 endfacet
 facet normal  9.927089e-01  1.205367e-01  1.652575e-14
   outer loop
     vertex  2.764295e+02  2.533672e+02  1.506433e+02
     vertex  2.764295e+02  2.533672e+02  1.476433e+02
     vertex  2.762697e+02  2.546835e+02  1.506433e+02
   endloop
 endfacet
 facet normal  9.350162e-01  3.546049e-01 -3.359492e-15
   outer loop
     vertex  2.768997e+02  2.521275e+02  1.506433e+02
     vertex  2.768997e+02  2.521275e+02  1.476433e+02
     vertex  2.764295e+02  2.533672e+02  1.476433e+02
   endloop
 endfacet
 facet normal  9.350162e-01  3.546049e-01  1.099698e-14
   outer loop
     vertex  2.768997e+02  2.521275e+02  1.506433e+02
     vertex  2.764295e+02  2.533672e+02  1.476433e+02
     vertex  2.764295e+02  2.533672e+02  1.506433e+02
   endloop
 endfacet
 facet normal  8.229839e-01  5.680647e-01  2.580569e-14
   outer loop
     vertex  2.776529e+02  2.510363e+02  1.506433e+02
     vertex  2.776529e+02  2.510363e+02  1.476433e+02
     vertex  2.768997e+02  2.521275e+02  1.476433e+02
   endloop
 endfacet
 facet normal  8.229839e-01  5.680647e-01 -5.386844e-15
   outer loop
     vertex  2.776529e+02  2.510363e+02  1.506433e+02
     vertex  2.768997e+02  2.521275e+02  1.476433e+02
     vertex  2.768997e+02  2.521275e+02  1.506433e+02
   endloop
 endfacet
 facet normal  6.631227e-01  7.485107e-01 -1.617917e-15
   outer loop
     vertex  2.786454e+02  2.501571e+02  1.506433e+02
     vertex  2.786454e+02  2.501571e+02  1.476433e+02
     vertex  2.776529e+02  2.510363e+02  1.476433e+02
   endloop
 endfacet
 facet normal  6.631227e-01  7.485107e-01  1.803058e-14
   outer loop
     vertex  2.786454e+02  2.501571e+02  1.506433e+02
     vertex  2.776529e+02  2.510363e+02  1.476433e+02
     vertex  2.776529e+02  2.510363e+02  1.506433e+02
   endloop
 endfacet
 facet normal  4.647232e-01  8.854560e-01 -8.388725e-15
   outer loop
     vertex  2.798194e+02  2.495409e+02  1.506433e+02
     vertex  2.798194e+02  2.495409e+02  1.476433e+02
     vertex  2.786454e+02  2.501571e+02  1.476433e+02
   endloop
 endfacet
 facet normal  4.647232e-01  8.854560e-01 -7.982577e-15
   outer loop
     vertex  2.798194e+02  2.495409e+02  1.506433e+02
     vertex  2.786454e+02  2.501571e+02  1.476433e+02
     vertex  2.786454e+02  2.501571e+02  1.506433e+02
   endloop
 endfacet
 facet normal  2.393157e-01  9.709418e-01  4.534507e-15
   outer loop
     vertex  2.811068e+02  2.492236e+02  1.506433e+02
     vertex  2.811068e+02  2.492236e+02  1.476433e+02
     vertex  2.798194e+02  2.495409e+02  1.476433e+02
   endloop
 endfacet
 facet normal  2.393157e-01  9.709418e-01 -9.196710e-15
   outer loop
     vertex  2.811068e+02  2.492236e+02  1.506433e+02
     vertex  2.798194e+02  2.495409e+02  1.476433e+02
     vertex  2.798194e+02  2.495409e+02  1.506433e+02
   endloop
 endfacet
 facet normal  2.143573e-14  1.000000e+00 -1.894781e-14
   outer loop
     vertex  2.824327e+02  2.492236e+02  1.506433e+02
     vertex  2.824327e+02  2.492236e+02  1.476433e+02
     vertex  2.811068e+02  2.492236e+02  1.476433e+02
   endloop
 endfacet
 facet normal -2.143573e-14  1.000000e+00 -4.061601e-28
   outer loop
     vertex  2.824327e+02  2.492236e+02  1.506433e+02
     vertex  2.811068e+02  2.492236e+02  1.476433e+02
     vertex  2.811068e+02  2.492236e+02  1.506433e+02
   endloop
 endfacet
 facet normal -2.393157e-01  9.709418e-01 -1.373312e-14
   outer loop
     vertex  2.837200e+02  2.495409e+02  1.506433e+02
     vertex  2.837200e+02  2.495409e+02  1.476433e+02
     vertex  2.824327e+02  2.492236e+02  1.476433e+02
   endloop
 endfacet
 facet normal -2.393157e-01  9.709418e-01 -2.292897e-14
   outer loop
     vertex  2.837200e+02  2.495409e+02  1.506433e+02
     vertex  2.824327e+02  2.492236e+02  1.476433e+02
     vertex  2.824327e+02  2.492236e+02  1.506433e+02
   endloop
 endfacet
 facet normal -4.647232e-01  8.854560e-01 -1.719421e-14
   outer loop
     vertex  2.848941e+02  2.501571e+02  1.506433e+02
     vertex  2.848941e+02  2.501571e+02  1.476433e+02
     vertex  2.837200e+02  2.495409e+02  1.476433e+02
   endloop
 endfacet
 facet normal -4.647232e-01  8.854560e-01 -1.719324e-14
   outer loop
     vertex  2.848941e+02  2.501571e+02  1.506433e+02
     vertex  2.837200e+02  2.495409e+02  1.476433e+02
     vertex  2.837200e+02  2.495409e+02  1.506433e+02
   endloop
 endfacet
 facet normal -6.631227e-01  7.485107e-01 -3.222076e-14
   outer loop
     vertex  2.858865e+02  2.510363e+02  1.506433e+02
     vertex  2.858865e+02  2.510363e+02  1.476433e+02
     vertex  2.848941e+02  2.501571e+02  1.476433e+02
   endloop
 endfacet
 facet normal -6.631227e-01  7.485107e-01 -1.964942e-14
   outer loop
     vertex  2.858865e+02  2.510363e+02  1.506433e+02
     vertex  2.848941e+02  2.501571e+02  1.476433e+02
     vertex  2.848941e+02  2.501571e+02  1.506433e+02
   endloop
 endfacet
 facet normal -8.229839e-01  5.680647e-01 -3.118748e-14
   outer loop
     vertex  2.866397e+02  2.521275e+02  1.506433e+02
     vertex  2.866397e+02  2.521275e+02  1.476433e+02
     vertex  2.858865e+02  2.510363e+02  1.476433e+02
   endloop
 endfacet
 facet normal -8.229839e-01  5.680647e-01 -3.656355e-14
   outer loop
     vertex  2.866397e+02  2.521275e+02  1.506433e+02
     vertex  2.858865e+02  2.510363e+02  1.476433e+02
     vertex  2.858865e+02  2.510363e+02  1.506433e+02
   endloop
 endfacet
 facet normal -9.350162e-01  3.546049e-01 -2.107600e-14
   outer loop
     vertex  2.871099e+02  2.533672e+02  1.506433e+02
     vertex  2.871099e+02  2.533672e+02  1.476433e+02
     vertex  2.866397e+02  2.521275e+02  1.476433e+02
   endloop
 endfacet
 facet normal -9.350162e-01  3.546049e-01 -3.541919e-14
   outer loop
     vertex  2.871099e+02  2.533672e+02  1.506433e+02
     vertex  2.866397e+02  2.521275e+02  1.476433e+02
     vertex  2.866397e+02  2.521275e+02  1.506433e+02
   endloop
 endfacet
 facet normal -9.927089e-01  1.205367e-01 -1.995161e-14
   outer loop
     vertex  2.872697e+02  2.546835e+02  1.506433e+02
     vertex  2.872697e+02  2.546835e+02  1.476433e+02
     vertex  2.871099e+02  2.533672e+02  1.476433e+02
   endloop
 endfacet
 facet normal -9.927089e-01  1.205367e-01 -1.994946e-14
   outer loop
     vertex  2.872697e+02  2.546835e+02  1.506433e+02
     vertex  2.871099e+02  2.533672e+02  1.476433e+02
     vertex  2.871099e+02  2.533672e+02  1.506433e+02
   endloop
 endfacet
 facet normal  9.927089e-01  1.205367e-01  1.880966e-14
   outer loop
     vertex  2.762697e+02  1.226835e+02  1.506433e+02
     vertex  2.764295e+02  1.213672e+02  1.476433e+02
     vertex  2.762697e+02  1.226835e+02  1.476433e+02
   endloop
 endfacet
 facet normal  9.927089e-01  1.205367e-01  3.647736e-14
   outer loop
     vertex  2.764295e+02  1.213672e+02  1.506433e+02
     vertex  2.764295e+02  1.213672e+02  1.476433e+02
     vertex  2.762697e+02  1.226835e+02  1.506433e+02
   endloop
 endfacet
 facet normal  9.350162e-01  3.546049e-01  1.435701e-14
   outer loop
     vertex  2.768997e+02  1.201275e+02  1.506433e+02
     vertex  2.768997e+02  1.201275e+02  1.476433e+02
     vertex  2.764295e+02  1.213672e+02  1.476433e+02
   endloop
 endfacet
 facet normal  9.350162e-01  3.546049e-01  3.206986e-14
   outer loop
     vertex  2.768997e+02  1.201275e+02  1.506433e+02
     vertex  2.764295e+02  1.213672e+02  1.476433e+02
     vertex  2.764295e+02  1.213672e+02  1.506433e+02
   endloop
 endfacet
 facet normal  8.229839e-01  5.680647e-01  1.021195e-14
   outer loop
     vertex  2.776529e+02  1.190363e+02  1.506433e+02
     vertex  2.776529e+02  1.190363e+02  1.476433e+02
     vertex  2.768997e+02  1.201275e+02  1.476433e+02
   endloop
 endfacet
 facet normal  8.229839e-01  5.680647e-01  1.021547e-14
   outer loop
     vertex  2.776529e+02  1.190363e+02  1.506433e+02
     vertex  2.768997e+02  1.201275e+02  1.476433e+02
     vertex  2.768997e+02  1.201275e+02  1.506433e+02
   endloop
 endfacet
 facet normal  6.631227e-01  7.485107e-01  5.473401e-15
   outer loop
     vertex  2.786454e+02  1.181571e+02  1.506433e+02
     vertex  2.786454e+02  1.181571e+02  1.476433e+02
     vertex  2.776529e+02  1.190363e+02  1.476433e+02
   endloop
 endfacet
 facet normal  6.631227e-01  7.485107e-01  5.470577e-15
   outer loop
     vertex  2.786454e+02  1.181571e+02  1.506433e+02
     vertex  2.776529e+02  1.190363e+02  1.476433e+02
     vertex  2.776529e+02  1.190363e+02  1.506433e+02
   endloop
 endfacet
 facet normal  4.647232e-01  8.854560e-01 -8.388725e-15
   outer loop
     vertex  2.798194e+02  1.175409e+02  1.506433e+02
     vertex  2.798194e+02  1.175409e+02  1.476433e+02
     vertex  2.786454e+02  1.181571e+02  1.476433e+02
   endloop
 endfacet
 facet normal  4.647232e-01  8.854560e-01  4.186666e-16
   outer loop
     vertex  2.798194e+02  1.175409e+02  1.506433e+02
     vertex  2.786454e+02  1.181571e+02  1.476433e+02
     vertex  2.786454e+02  1.181571e+02  1.506433e+02
   endloop
 endfacet
 facet normal  2.393157e-01  9.709418e-01 -4.664102e-15
   outer loop
     vertex  2.811068e+02  1.172236e+02  1.506433e+02
     vertex  2.811068e+02  1.172236e+02  1.476433e+02
     vertex  2.798194e+02  1.175409e+02  1.476433e+02
   endloop
 endfacet
 facet normal  2.393157e-01  9.709418e-01 -9.196710e-15
   outer loop
     vertex  2.811068e+02  1.172236e+02  1.506433e+02
     vertex  2.798194e+02  1.175409e+02  1.476433e+02
     vertex  2.798194e+02  1.175409e+02  1.506433e+02
   endloop
 endfacet
 facet normal -1.071787e-14  1.000000e+00 -9.473903e-15
   outer loop
     vertex  2.824327e+02  1.172236e+02  1.506433e+02
     vertex  2.824327e+02  1.172236e+02  1.476433e+02
     vertex  2.811068e+02  1.172236e+02  1.476433e+02
   endloop
 endfacet
 facet normal -1.071787e-14  1.000000e+00 -9.473903e-15
   outer loop
     vertex  2.824327e+02  1.172236e+02  1.506433e+02
     vertex  2.811068e+02  1.172236e+02  1.476433e+02
     vertex  2.811068e+02  1.172236e+02  1.506433e+02
   endloop
 endfacet
 facet normal -2.393157e-01  9.709418e-01 -1.373312e-14
   outer loop
     vertex  2.837200e+02  1.175409e+02  1.506433e+02
     vertex  2.837200e+02  1.175409e+02  1.476433e+02
     vertex  2.824327e+02  1.172236e+02  1.476433e+02
   endloop
 endfacet
 facet normal -2.393157e-01  9.709418e-01 -1.373226e-14
   outer loop
     vertex  2.837200e+02  1.175409e+02  1.506433e+02
     vertex  2.824327e+02  1.172236e+02  1.476433e+02
     vertex  2.824327e+02  1.172236e+02  1.506433e+02
   endloop
 endfacet
 facet normal -4.647232e-01  8.854560e-01 -1.719421e-14
   outer loop
     vertex  2.848941e+02  1.181571e+02  1.506433e+02
     vertex  2.848941e+02  1.181571e+02  1.476433e+02
     vertex  2.837200e+02  1.175409e+02  1.476433e+02
   endloop
 endfacet
 facet normal -4.647232e-01  8.854560e-01 -1.719324e-14
   outer loop
     vertex  2.848941e+02  1.181571e+02  1.506433e+02
     vertex  2.837200e+02  1.175409e+02  1.476433e+02
     vertex  2.837200e+02  1.175409e+02  1.506433e+02
   endloop
 endfacet
 facet normal -6.631227e-01  7.485107e-01 -1.965604e-14
   outer loop
     vertex  2.858865e+02  1.190363e+02  1.506433e+02
     vertex  2.858865e+02  1.190363e+02  1.476433e+02
     vertex  2.848941e+02  1.181571e+02  1.476433e+02
   endloop
 endfacet
 facet normal -6.631227e-01  7.485107e-01 -1.964942e-14
   outer loop
     vertex  2.858865e+02  1.190363e+02  1.506433e+02
     vertex  2.848941e+02  1.181571e+02  1.476433e+02
     vertex  2.848941e+02  1.181571e+02  1.506433e+02
   endloop
 endfacet
 facet normal -8.229839e-01  5.680647e-01 -3.656927e-14
   outer loop
     vertex  2.866397e+02  1.201275e+02  1.506433e+02
     vertex  2.866397e+02  1.201275e+02  1.476433e+02
     vertex  2.858865e+02  1.190363e+02  1.476433e+02
   endloop
 endfacet
 facet normal -8.229839e-01  5.680647e-01 -2.096124e-14
   outer loop
     vertex  2.866397e+02  1.201275e+02  1.506433e+02
     vertex  2.858865e+02  1.190363e+02  1.476433e+02
     vertex  2.858865e+02  1.190363e+02  1.506433e+02
   endloop
 endfacet
 facet normal -9.350162e-01  3.546049e-01 -3.879251e-14
   outer loop
     vertex  2.871099e+02  1.213672e+02  1.506433e+02
     vertex  2.871099e+02  1.213672e+02  1.476433e+02
     vertex  2.866397e+02  1.201275e+02  1.476433e+02
   endloop
 endfacet
 facet normal -9.350162e-01  3.546049e-01 -3.879644e-14
   outer loop
     vertex  2.871099e+02  1.213672e+02  1.506433e+02
     vertex  2.866397e+02  1.201275e+02  1.476433e+02
     vertex  2.866397e+02  1.201275e+02  1.506433e+02
   endloop
 endfacet
 facet normal -9.927089e-01  1.205367e-01 -1.938063e-14
   outer loop
     vertex  2.872697e+02  1.226835e+02  1.506433e+02
     vertex  2.872697e+02  1.226835e+02  1.476433e+02
     vertex  2.871099e+02  1.213672e+02  1.476433e+02
   endloop
 endfacet
 facet normal -9.927089e-01  1.205367e-01 -3.876155e-14
   outer loop
     vertex  2.872697e+02  1.226835e+02  1.506433e+02
     vertex  2.871099e+02  1.213672e+02  1.476433e+02
     vertex  2.871099e+02  1.213672e+02  1.506433e+02
   endloop
 endfacet
 facet normal  9.927089e-01  1.205367e-01  1.823868e-14
   outer loop
     vertex  2.762697e+02  6.268346e+01  1.506433e+02
     vertex  2.764295e+02  6.136723e+01  1.476433e+02
     vertex  2.762697e+02  6.268346e+01  1.476433e+02
   endloop
 endfacet
 facet normal  9.927089e-01  1.205367e-01  1.823868e-14
   outer loop
     vertex  2.764295e+02  6.136723e+01  1.506433e+02
     vertex  2.764295e+02  6.136723e+01  1.476433e+02
     vertex  2.762697e+02  6.268346e+01  1.506433e+02
   endloop
 endfacet
 facet normal  9.350162e-01  3.546049e-01  1.603676e-14
   outer loop
     vertex  2.768997e+02  6.012748e+01  1.506433e+02
     vertex  2.768997e+02  6.012748e+01  1.476433e+02
     vertex  2.764295e+02  6.136723e+01  1.476433e+02
   endloop
 endfacet
 facet normal  9.350162e-01  3.546049e-01  1.604889e-14
   outer loop
     vertex  2.768997e+02  6.012748e+01  1.506433e+02
     vertex  2.764295e+02  6.136723e+01  1.476433e+02
     vertex  2.764295e+02  6.136723e+01  1.506433e+02
   endloop
 endfacet
 facet normal  8.229839e-01  5.680647e-01  1.290284e-14
   outer loop
     vertex  2.776529e+02  5.903629e+01  1.506433e+02
     vertex  2.776529e+02  5.903629e+01  1.476433e+02
     vertex  2.768997e+02  6.012748e+01  1.476433e+02
   endloop
 endfacet
 facet normal  8.229839e-01  5.680647e-01  1.289493e-14
   outer loop
     vertex  2.776529e+02  5.903629e+01  1.506433e+02
     vertex  2.768997e+02  6.012748e+01  1.476433e+02
     vertex  2.768997e+02  6.012748e+01  1.506433e+02
   endloop
 endfacet
 facet normal  6.631227e-01  7.485107e-01  9.019061e-15
   outer loop
     vertex  2.786454e+02  5.815705e+01  1.506433e+02
     vertex  2.786454e+02  5.815705e+01  1.476433e+02
     vertex  2.776529e+02  5.903629e+01  1.476433e+02
   endloop
 endfacet
 facet normal  6.631227e-01  7.485107e-01  9.015288e-15
   outer loop
     vertex  2.786454e+02  5.815705e+01  1.506433e+02
     vertex  2.776529e+02  5.903629e+01  1.476433e+02
     vertex  2.776529e+02  5.903629e+01  1.506433e+02
   endloop
 endfacet
 facet normal  4.647232e-01  8.854560e-01  1.341661e-14
   outer loop
     vertex  2.798194e+02  5.754087e+01  1.506433e+02
     vertex  2.798194e+02  5.754087e+01  1.476433e+02
     vertex  2.786454e+02  5.815705e+01  1.476433e+02
   endloop
 endfacet
 facet normal  2.393157e-01  9.709418e-01  4.469709e-15
   outer loop
     vertex  2.798194e+02  5.754087e+01  1.506433e+02
     vertex  2.811068e+02  5.722356e+01  1.476433e+02
     vertex  2.798194e+02  5.754087e+01  1.476433e+02
   endloop
 endfacet
 facet normal  4.647232e-01  8.854560e-01  4.605333e-15
   outer loop
     vertex  2.798194e+02  5.754087e+01  1.506433e+02
     vertex  2.786454e+02  5.815705e+01  1.476433e+02
     vertex  2.786454e+02  5.815705e+01  1.506433e+02
   endloop
 endfacet
 facet normal  0.000000e+00  1.000000e+00 -1.894781e-14
   outer loop
     vertex  2.811068e+02  5.722356e+01  1.506433e+02
     vertex  2.824327e+02  5.722356e+01  1.476433e+02
     vertex  2.811068e+02  5.722356e+01  1.476433e+02
   endloop
 endfacet
 facet normal  2.393157e-01  9.709418e-01 -1.839722e-14
   outer loop
     vertex  2.811068e+02  5.722356e+01  1.506433e+02
     vertex  2.811068e+02  5.722356e+01  1.476433e+02
     vertex  2.798194e+02  5.754087e+01  1.506433e+02
   endloop
 endfacet
 facet normal  0.000000e+00  1.000000e+00 -1.894781e-14
   outer loop
     vertex  2.824327e+02  5.722356e+01  1.506433e+02
     vertex  2.824327e+02  5.722356e+01  1.476433e+02
     vertex  2.811068e+02  5.722356e+01  1.506433e+02
   endloop
 endfacet
 facet normal -2.393157e-01  9.709418e-01 -1.366832e-14
   outer loop
     vertex  2.837200e+02  5.754087e+01  1.506433e+02
     vertex  2.837200e+02  5.754087e+01  1.476433e+02
     vertex  2.824327e+02  5.722356e+01  1.476433e+02
   endloop
 endfacet
 facet normal -2.393157e-01  9.709418e-01 -2.292897e-14
   outer loop
     vertex  2.837200e+02  5.754087e+01  1.506433e+02
     vertex  2.824327e+02  5.722356e+01  1.476433e+02
     vertex  2.824327e+02  5.722356e+01  1.506433e+02
   endloop
 endfacet
 facet normal -4.647232e-01  8.854560e-01 -1.299985e-14
   outer loop
     vertex  2.848941e+02  5.815705e+01  1.506433e+02
     vertex  2.848941e+02  5.815705e+01  1.476433e+02
     vertex  2.837200e+02  5.754087e+01  1.476433e+02
   endloop
 endfacet
 facet normal -4.647232e-01  8.854560e-01 -2.182649e-14
   outer loop
     vertex  2.848941e+02  5.815705e+01  1.506433e+02
     vertex  2.837200e+02  5.754087e+01  1.476433e+02
     vertex  2.837200e+02  5.754087e+01  1.506433e+02
   endloop
 endfacet
 facet normal -6.631227e-01  7.485107e-01 -1.611038e-14
   outer loop
     vertex  2.858865e+02  5.903629e+01  1.506433e+02
     vertex  2.858865e+02  5.903629e+01  1.476433e+02
     vertex  2.848941e+02  5.815705e+01  1.476433e+02
   endloop
 endfacet
 facet normal -8.229839e-01  5.680647e-01 -1.828463e-14
   outer loop
     vertex  2.858865e+02  5.903629e+01  1.506433e+02
     vertex  2.866397e+02  6.012748e+01  1.476433e+02
     vertex  2.858865e+02  5.903629e+01  1.476433e+02
   endloop
 endfacet
 facet normal -6.631227e-01  7.485107e-01 -1.610471e-14
   outer loop
     vertex  2.858865e+02  5.903629e+01  1.506433e+02
     vertex  2.848941e+02  5.815705e+01  1.476433e+02
     vertex  2.848941e+02  5.815705e+01  1.506433e+02
   endloop
 endfacet
 facet normal -8.229839e-01  5.680647e-01 -1.828463e-14
   outer loop
     vertex  2.866397e+02  6.012748e+01  1.506433e+02
     vertex  2.866397e+02  6.012748e+01  1.476433e+02
     vertex  2.858865e+02  5.903629e+01  1.506433e+02
   endloop
 endfacet
 facet normal -9.350162e-01  3.546049e-01 -1.939625e-14
   outer loop
     vertex  2.871099e+02  6.136723e+01  1.506433e+02
     vertex  2.871099e+02  6.136723e+01  1.476433e+02
     vertex  2.866397e+02  6.012748e+01  1.476433e+02
   endloop
 endfacet
 facet normal -9.350162e-01  3.546049e-01 -1.939822e-14
   outer loop
     vertex  2.871099e+02  6.136723e+01  1.506433e+02
     vertex  2.866397e+02  6.012748e+01  1.476433e+02
     vertex  2.866397e+02  6.012748e+01  1.506433e+02
   endloop
 endfacet
 facet normal -9.927089e-01  1.205367e-01 -5.709764e-16
   outer loop
     vertex  2.872697e+02  6.268346e+01  1.506433e+02
     vertex  2.872697e+02  6.268346e+01  1.476433e+02
     vertex  2.871099e+02  6.136723e+01  1.476433e+02
   endloop
 endfacet
 facet normal -9.927089e-01  1.205367e-01 -1.937729e-14
   outer loop
     vertex  2.872697e+02  6.268346e+01  1.506433e+02
     vertex  2.871099e+02  6.136723e+01  1.476433e+02
     vertex  2.871099e+02  6.136723e+01  1.506433e+02
   endloop
 endfacet
 facet normal  1.726139e-14 -1.284135e-14 -1.000000e+00
   outer loop
     vertex  2.786454e+02  5.815705e+01  1.476433e+02
     vertex  2.642675e+02  4.768346e+01  1.476433e+02
     vertex  2.776529e+02  5.903629e+01  1.476433e+02
   endloop
 endfacet
 facet normal  5.975320e-14 -6.294077e-14 -1.000000e+00
   outer loop
     vertex  2.768997e+02  6.012748e+01  1.476433e+02
     vertex  2.776529e+02  5.903629e+01  1.476433e+02
     vertex  2.642675e+02  4.768346e+01  1.476433e+02
   endloop
 endfacet
 facet normal  3.311240e-15  6.309041e-15 -1.000000e+00
   outer loop
     vertex  2.798194e+02  5.754087e+01  1.476433e+02
     vertex  2.642675e+02  4.768346e+01  1.476433e+02
     vertex  2.786454e+02  5.815705e+01  1.476433e+02
   endloop
 endfacet
 facet normal -1.637988e-15 -6.212068e-16 -1.000000e+00
   outer loop
     vertex  2.764295e+02  6.136723e+01  1.476433e+02
     vertex  2.768997e+02  6.012748e+01  1.476433e+02
     vertex  2.642675e+02  4.768346e+01  1.476433e+02
   endloop
 endfacet
 facet normal -6.153687e-14  1.086189e-13 -1.000000e+00
   outer loop
     vertex  2.811068e+02  5.722356e+01  1.476433e+02
     vertex  2.642675e+02  4.768346e+01  1.476433e+02
     vertex  2.798194e+02  5.754087e+01  1.476433e+02
   endloop
 endfacet
 facet normal -2.056037e-15 -2.496480e-16 -1.000000e+00
   outer loop
     vertex  2.762697e+02  6.268346e+01  1.476433e+02
     vertex  2.764295e+02  6.136723e+01  1.476433e+02
     vertex  2.642675e+02  4.768346e+01  1.476433e+02
   endloop
 endfacet
 facet normal -0.000000e+00  0.000000e+00 -1.000000e+00
   outer loop
     vertex  2.824327e+02  5.722356e+01  1.476433e+02
     vertex  2.642675e+02  4.768346e+01  1.476433e+02
     vertex  2.811068e+02  5.722356e+01  1.476433e+02
   endloop
 endfacet
 facet normal  2.902261e-14 -2.511715e-14 -1.000000e+00
   outer loop
     vertex  2.764295e+02  6.399970e+01  1.476433e+02
     vertex  2.762697e+02  6.268346e+01  1.476433e+02
     vertex  2.642675e+02  4.768346e+01  1.476433e+02
   endloop
 endfacet
 facet normal -9.514975e-15  3.608554e-15 -1.000000e+00
   outer loop
     vertex  2.768997e+02  6.523944e+01  1.476433e+02
     vertex  2.764295e+02  6.399970e+01  1.476433e+02
     vertex  2.642675e+02  4.768346e+01  1.476433e+02
   endloop
 endfacet
 facet normal  8.101459e-14  1.191656e-13 -1.000000e+00
   outer loop
     vertex  2.992719e+02  4.768346e+01  1.476433e+02
     vertex  2.824327e+02  5.722356e+01  1.476433e+02
     vertex  2.837200e+02  5.754087e+01  1.476433e+02
   endloop
 endfacet
 facet normal  2.483430e-15 -4.731781e-15 -1.000000e+00
   outer loop
     vertex  2.992719e+02  4.768346e+01  1.476433e+02
     vertex  2.837200e+02  5.754087e+01  1.476433e+02
     vertex  2.848941e+02  5.815705e+01  1.476433e+02
   endloop
 endfacet
 facet normal  3.254382e-15 -3.673438e-15 -1.000000e+00
   outer loop
     vertex  2.992719e+02  4.768346e+01  1.476433e+02
     vertex  2.848941e+02  5.815705e+01  1.476433e+02
     vertex  2.858865e+02  5.903629e+01  1.476433e+02
   endloop
 endfacet
 facet normal -9.916013e-15 -1.920183e-14 -1.000000e+00
   outer loop
     vertex  2.992719e+02  4.768346e+01  1.476433e+02
     vertex  2.858865e+02  5.903629e+01  1.476433e+02
     vertex  2.866397e+02  6.012748e+01  1.476433e+02
   endloop
 endfacet
 facet normal  6.495569e-15 -1.236812e-14 -1.000000e+00
   outer loop
     vertex  2.992719e+02  4.768346e+01  1.476433e+02
     vertex  2.642675e+02  4.768346e+01  1.476433e+02
     vertex  2.824327e+02  5.722356e+01  1.476433e+02
   endloop
 endfacet
 facet normal  6.551951e-15 -2.484827e-15 -1.000000e+00
   outer loop
     vertex  2.871099e+02  6.136723e+01  1.476433e+02
     vertex  2.992719e+02  4.768346e+01  1.476433e+02
     vertex  2.866397e+02  6.012748e+01  1.476433e+02
   endloop
 endfacet
 facet normal  8.224146e-15 -9.985922e-16 -1.000000e+00
   outer loop
     vertex  2.872697e+02  6.268346e+01  1.476433e+02
     vertex  2.992719e+02  4.768346e+01  1.476433e+02
     vertex  2.871099e+02  6.136723e+01  1.476433e+02
   endloop
 endfacet
 facet normal  1.116670e-14  1.355883e-15 -1.000000e+00
   outer loop
     vertex  2.871099e+02  6.399970e+01  1.476433e+02
     vertex  2.992719e+02  4.768346e+01  1.476433e+02
     vertex  2.872697e+02  6.268346e+01  1.476433e+02
   endloop
 endfacet
 facet normal -4.358335e-14 -3.945450e-14 -1.000000e+00
   outer loop
     vertex  2.866397e+02  6.523944e+01  1.476433e+02
     vertex  2.992719e+02  4.768346e+01  1.476433e+02
     vertex  2.871099e+02  6.399970e+01  1.476433e+02
   endloop
 endfacet
 facet normal  9.859150e-14 -3.347197e-15 -1.000000e+00
   outer loop
     vertex  2.786454e+02  1.181571e+02  1.476433e+02
     vertex  2.798194e+02  6.782605e+01  1.476433e+02
     vertex  2.786454e+02  6.720987e+01  1.476433e+02
   endloop
 endfacet
 facet normal  2.965358e-15 -3.347197e-15 -1.000000e+00
   outer loop
     vertex  2.786454e+02  1.181571e+02  1.476433e+02
     vertex  2.786454e+02  6.720987e+01  1.476433e+02
     vertex  2.776529e+02  6.633064e+01  1.476433e+02
   endloop
 endfacet
 facet normal  2.529368e-14 -3.774775e-15 -1.000000e+00
   outer loop
     vertex  2.786454e+02  1.181571e+02  1.476433e+02
     vertex  2.776529e+02  6.633064e+01  1.476433e+02
     vertex  2.776529e+02  1.190363e+02  1.476433e+02
   endloop
 endfacet
 facet normal  5.251265e-15 -3.624687e-15 -1.000000e+00
   outer loop
     vertex  2.768997e+02  1.201275e+02  1.476433e+02
     vertex  2.776529e+02  6.633064e+01  1.476433e+02
     vertex  2.768997e+02  6.523944e+01  1.476433e+02
   endloop
 endfacet
 facet normal  5.376337e-16 -3.624687e-15 -1.000000e+00
   outer loop
     vertex  2.768997e+02  1.201275e+02  1.476433e+02
     vertex  2.768997e+02  6.523944e+01  1.476433e+02
     vertex  2.642675e+02  4.768346e+01  1.476433e+02
   endloop
 endfacet
 facet normal -5.468706e-15 -3.774775e-15 -1.000000e+00
   outer loop
     vertex  2.768997e+02  1.201275e+02  1.476433e+02
     vertex  2.776529e+02  1.190363e+02  1.476433e+02
     vertex  2.776529e+02  6.633064e+01  1.476433e+02
   endloop
 endfacet
 facet normal -1.010354e-13 -8.003728e-15 -1.000000e+00
   outer loop
     vertex  2.798194e+02  1.175409e+02  1.476433e+02
     vertex  2.798194e+02  6.782605e+01  1.476433e+02
     vertex  2.786454e+02  1.181571e+02  1.476433e+02
   endloop
 endfacet
 facet normal  1.972742e-15 -8.003728e-15 -1.000000e+00
   outer loop
     vertex  2.798194e+02  1.175409e+02  1.476433e+02
     vertex  2.811068e+02  6.814336e+01  1.476433e+02
     vertex  2.798194e+02  6.782605e+01  1.476433e+02
   endloop
 endfacet
 facet normal  1.592624e-13 -3.130182e-14 -1.000000e+00
   outer loop
     vertex  2.764295e+02  1.213672e+02  1.476433e+02
     vertex  2.768997e+02  1.201275e+02  1.476433e+02
     vertex  2.642675e+02  4.768346e+01  1.476433e+02
   endloop
 endfacet
 facet normal  9.930523e-29 -8.107219e-15 -1.000000e+00
   outer loop
     vertex  2.811068e+02  1.172236e+02  1.476433e+02
     vertex  2.824327e+02  6.814336e+01  1.476433e+02
     vertex  2.811068e+02  6.814336e+01  1.476433e+02
   endloop
 endfacet
 facet normal -1.998250e-15 -8.107219e-15 -1.000000e+00
   outer loop
     vertex  2.811068e+02  1.172236e+02  1.476433e+02
     vertex  2.811068e+02  6.814336e+01  1.476433e+02
     vertex  2.798194e+02  1.175409e+02  1.476433e+02
   endloop
 endfacet
 facet normal -1.750365e-14 -2.125328e-15 -1.000000e+00
   outer loop
     vertex  2.762697e+02  1.226835e+02  1.476433e+02
     vertex  2.764295e+02  1.213672e+02  1.476433e+02
     vertex  2.642675e+02  4.768346e+01  1.476433e+02
   endloop
 endfacet
 facet normal  8.574292e-14 -5.790870e-15 -1.000000e+00
   outer loop
     vertex  2.824327e+02  1.172236e+02  1.476433e+02
     vertex  2.824327e+02  6.814336e+01  1.476433e+02
     vertex  2.811068e+02  1.172236e+02  1.476433e+02
   endloop
 endfacet
 facet normal  2.270845e-14 -2.858474e-15 -1.000000e+00
   outer loop
     vertex  2.837200e+02  1.175409e+02  1.476433e+02
     vertex  2.848941e+02  6.720987e+01  1.476433e+02
     vertex  2.837200e+02  6.782605e+01  1.476433e+02
   endloop
 endfacet
 facet normal -8.901357e-14 -2.858474e-15 -1.000000e+00
   outer loop
     vertex  2.837200e+02  1.175409e+02  1.476433e+02
     vertex  2.837200e+02  6.782605e+01  1.476433e+02
     vertex  2.824327e+02  6.814336e+01  1.476433e+02
   endloop
 endfacet
 facet normal  2.350458e-14 -5.790870e-15 -1.000000e+00
   outer loop
     vertex  2.837200e+02  1.175409e+02  1.476433e+02
     vertex  2.824327e+02  6.814336e+01  1.476433e+02
     vertex  2.824327e+02  1.172236e+02  1.476433e+02
   endloop
 endfacet
 facet normal  1.115860e-13 -3.347197e-15 -1.000000e+00
   outer loop
     vertex  2.848941e+02  1.181571e+02  1.476433e+02
     vertex  2.858865e+02  6.633064e+01  1.476433e+02
     vertex  2.848941e+02  6.720987e+01  1.476433e+02
   endloop
 endfacet
 facet normal  1.756745e-15 -3.347197e-15 -1.000000e+00
   outer loop
     vertex  2.848941e+02  1.181571e+02  1.476433e+02
     vertex  2.848941e+02  6.720987e+01  1.476433e+02
     vertex  2.837200e+02  1.175409e+02  1.476433e+02
   endloop
 endfacet
 facet normal -7.812436e-15 -5.392536e-15 -1.000000e+00
   outer loop
     vertex  2.858865e+02  1.190363e+02  1.476433e+02
     vertex  2.866397e+02  6.523944e+01  1.476433e+02
     vertex  2.858865e+02  6.633064e+01  1.476433e+02
   endloop
 endfacet
 facet normal  4.777370e-15 -5.392536e-15 -1.000000e+00
   outer loop
     vertex  2.858865e+02  1.190363e+02  1.476433e+02
     vertex  2.858865e+02  6.633064e+01  1.476433e+02
     vertex  2.848941e+02  1.181571e+02  1.476433e+02
   endloop
 endfacet
 facet normal  3.333608e-15 -5.695936e-15 -1.000000e+00
   outer loop
     vertex  2.866397e+02  1.201275e+02  1.476433e+02
     vertex  2.992719e+02  4.768346e+01  1.476433e+02
     vertex  2.866397e+02  6.523944e+01  1.476433e+02
   endloop
 endfacet
 facet normal -2.948267e-14 -5.695936e-15 -1.000000e+00
   outer loop
     vertex  2.866397e+02  1.201275e+02  1.476433e+02
     vertex  2.866397e+02  6.523944e+01  1.476433e+02
     vertex  2.858865e+02  1.190363e+02  1.476433e+02
   endloop
 endfacet
 facet normal  1.133847e-14 -4.300113e-15 -1.000000e+00
   outer loop
     vertex  2.871099e+02  1.213672e+02  1.476433e+02
     vertex  2.992719e+02  4.768346e+01  1.476433e+02
     vertex  2.866397e+02  1.201275e+02  1.476433e+02
   endloop
 endfacet
 facet normal  2.154296e-14 -2.615789e-15 -1.000000e+00
   outer loop
     vertex  2.872697e+02  1.226835e+02  1.476433e+02
     vertex  2.992719e+02  4.768346e+01  1.476433e+02
     vertex  2.871099e+02  1.213672e+02  1.476433e+02
   endloop
 endfacet
 facet normal -4.240130e-15 -4.786118e-15 -1.000000e+00
   outer loop
     vertex  2.786454e+02  2.501571e+02  1.476433e+02
     vertex  2.776529e+02  1.263306e+02  1.476433e+02
     vertex  2.776529e+02  2.510363e+02  1.476433e+02
   endloop
 endfacet
 facet normal  1.196713e-13 -5.779252e-15 -1.000000e+00
   outer loop
     vertex  2.786454e+02  2.501571e+02  1.476433e+02
     vertex  2.786454e+02  1.272099e+02  1.476433e+02
     vertex  2.776529e+02  1.263306e+02  1.476433e+02
   endloop
 endfacet
 facet normal  1.440048e-13 -4.786118e-15 -1.000000e+00
   outer loop
     vertex  2.768997e+02  2.521275e+02  1.476433e+02
     vertex  2.776529e+02  2.510363e+02  1.476433e+02
     vertex  2.776529e+02  1.263306e+02  1.476433e+02
   endloop
 endfacet
 facet normal  8.112654e-15 -5.599761e-15 -1.000000e+00
   outer loop
     vertex  2.768997e+02  2.521275e+02  1.476433e+02
     vertex  2.776529e+02  1.263306e+02  1.476433e+02
     vertex  2.768997e+02  1.252394e+02  1.476433e+02
   endloop
 endfacet
 facet normal -3.033185e-15 -5.779252e-15 -1.000000e+00
   outer loop
     vertex  2.798194e+02  2.495409e+02  1.476433e+02
     vertex  2.786454e+02  1.272099e+02  1.476433e+02
     vertex  2.786454e+02  2.501571e+02  1.476433e+02
   endloop
 endfacet
 facet normal  3.063896e-15 -5.837767e-15 -1.000000e+00
   outer loop
     vertex  2.798194e+02  2.495409e+02  1.476433e+02
     vertex  2.798194e+02  1.278261e+02  1.476433e+02
     vertex  2.786454e+02  1.272099e+02  1.476433e+02
   endloop
 endfacet
 facet normal  4.568426e-14 -5.599761e-15 -1.000000e+00
   outer loop
     vertex  2.764295e+02  2.533672e+02  1.476433e+02
     vertex  2.768997e+02  2.521275e+02  1.476433e+02
     vertex  2.768997e+02  1.252394e+02  1.476433e+02
   endloop
 endfacet
 facet normal  1.506166e-14 -5.712132e-15 -1.000000e+00
   outer loop
     vertex  2.764295e+02  2.533672e+02  1.476433e+02
     vertex  2.768997e+02  1.252394e+02  1.476433e+02
     vertex  2.764295e+02  1.239997e+02  1.476433e+02
   endloop
 endfacet
 facet normal -6.767065e-14 -5.837767e-15 -1.000000e+00
   outer loop
     vertex  2.811068e+02  2.492236e+02  1.476433e+02
     vertex  2.798194e+02  1.278261e+02  1.476433e+02
     vertex  2.798194e+02  2.495409e+02  1.476433e+02
   endloop
 endfacet
 facet normal -8.574292e-14 -6.572568e-15 -1.000000e+00
   outer loop
     vertex  2.811068e+02  2.492236e+02  1.476433e+02
     vertex  2.824327e+02  1.281434e+02  1.476433e+02
     vertex  2.811068e+02  1.281434e+02  1.476433e+02
   endloop
 endfacet
 facet normal  1.619993e-15 -6.572568e-15 -1.000000e+00
   outer loop
     vertex  2.811068e+02  2.492236e+02  1.476433e+02
     vertex  2.811068e+02  1.281434e+02  1.476433e+02
     vertex  2.798194e+02  1.278261e+02  1.476433e+02
   endloop
 endfacet
 facet normal -1.207610e-28 -5.633630e-15 -1.000000e+00
   outer loop
     vertex  2.824327e+02  2.492236e+02  1.476433e+02
     vertex  2.824327e+02  1.281434e+02  1.476433e+02
     vertex  2.811068e+02  2.492236e+02  1.476433e+02
   endloop
 endfacet
 facet normal  8.969759e-14 -5.633630e-15 -1.000000e+00
   outer loop
     vertex  2.837200e+02  2.495409e+02  1.476433e+02
     vertex  2.824327e+02  1.281434e+02  1.476433e+02
     vertex  2.824327e+02  2.492236e+02  1.476433e+02
   endloop
 endfacet
 facet normal -1.151104e-15 -4.670213e-15 -1.000000e+00
   outer loop
     vertex  2.837200e+02  2.495409e+02  1.476433e+02
     vertex  2.837200e+02  1.278261e+02  1.476433e+02
     vertex  2.824327e+02  1.281434e+02  1.476433e+02
   endloop
 endfacet
 facet normal  2.451117e-15 -4.670213e-15 -1.000000e+00
   outer loop
     vertex  2.848941e+02  2.501571e+02  1.476433e+02
     vertex  2.837200e+02  1.278261e+02  1.476433e+02
     vertex  2.837200e+02  2.495409e+02  1.476433e+02
   endloop
 endfacet
 facet normal  1.180103e-13 -5.779252e-15 -1.000000e+00
   outer loop
     vertex  2.848941e+02  2.501571e+02  1.476433e+02
     vertex  2.848941e+02  1.272099e+02  1.476433e+02
     vertex  2.837200e+02  1.278261e+02  1.476433e+02
   endloop
 endfacet
 facet normal  5.119971e-15 -5.779252e-15 -1.000000e+00
   outer loop
     vertex  2.858865e+02  2.510363e+02  1.476433e+02
     vertex  2.848941e+02  1.272099e+02  1.476433e+02
     vertex  2.848941e+02  2.501571e+02  1.476433e+02
   endloop
 endfacet
 facet normal -5.047774e-15 -5.697759e-15 -1.000000e+00
   outer loop
     vertex  2.858865e+02  2.510363e+02  1.476433e+02
     vertex  2.858865e+02  1.263306e+02  1.476433e+02
     vertex  2.848941e+02  1.272099e+02  1.476433e+02
   endloop
 endfacet
 facet normal  8.254629e-15 -5.697759e-15 -1.000000e+00
   outer loop
     vertex  2.866397e+02  2.521275e+02  1.476433e+02
     vertex  2.858865e+02  1.263306e+02  1.476433e+02
     vertex  2.858865e+02  2.510363e+02  1.476433e+02
   endloop
 endfacet
 facet normal -8.112654e-15 -5.599761e-15 -1.000000e+00
   outer loop
     vertex  2.866397e+02  2.521275e+02  1.476433e+02
     vertex  2.866397e+02  1.252394e+02  1.476433e+02
     vertex  2.858865e+02  1.263306e+02  1.476433e+02
   endloop
 endfacet
 facet normal  1.476536e-14 -5.599761e-15 -1.000000e+00
   outer loop
     vertex  2.871099e+02  2.533672e+02  1.476433e+02
     vertex  2.866397e+02  1.252394e+02  1.476433e+02
     vertex  2.866397e+02  2.521275e+02  1.476433e+02
   endloop
 endfacet
 facet normal  4.538796e-14 -5.712132e-15 -1.000000e+00
   outer loop
     vertex  2.871099e+02  2.533672e+02  1.476433e+02
     vertex  2.871099e+02  1.239997e+02  1.476433e+02
     vertex  2.866397e+02  1.252394e+02  1.476433e+02
   endloop
 endfacet
 facet normal  1.097167e-13 -5.457184e-15 -1.000000e+00
   outer loop
     vertex  2.786454e+02  3.251571e+02  1.476433e+02
     vertex  2.776529e+02  2.583306e+02  1.476433e+02
     vertex  2.776529e+02  3.260363e+02  1.476433e+02
   endloop
 endfacet
 facet normal  2.940524e-15 -5.602700e-15 -1.000000e+00
   outer loop
     vertex  2.786454e+02  3.251571e+02  1.476433e+02
     vertex  2.798194e+02  2.598261e+02  1.476433e+02
     vertex  2.786454e+02  2.592099e+02  1.476433e+02
   endloop
 endfacet
 facet normal  1.195149e-13 -5.602700e-15 -1.000000e+00
   outer loop
     vertex  2.786454e+02  3.251571e+02  1.476433e+02
     vertex  2.786454e+02  2.592099e+02  1.476433e+02
     vertex  2.776529e+02  2.583306e+02  1.476433e+02
   endloop
 endfacet
 facet normal -7.906097e-15 -5.457184e-15 -1.000000e+00
   outer loop
     vertex  2.768997e+02  3.271275e+02  1.476433e+02
     vertex  2.776529e+02  3.260363e+02  1.476433e+02
     vertex  2.776529e+02  2.583306e+02  1.476433e+02
   endloop
 endfacet
 facet normal -2.948628e-14 -5.693448e-15 -1.000000e+00
   outer loop
     vertex  2.768997e+02  3.271275e+02  1.476433e+02
     vertex  2.776529e+02  2.583306e+02  1.476433e+02
     vertex  2.768997e+02  2.572394e+02  1.476433e+02
   endloop
 endfacet
 facet normal  2.144267e-14 -5.270207e-15 -1.000000e+00
   outer loop
     vertex  2.798194e+02  3.245409e+02  1.476433e+02
     vertex  2.798194e+02  2.598261e+02  1.476433e+02
     vertex  2.786454e+02  3.251571e+02  1.476433e+02
   endloop
 endfacet
 facet normal  2.337624e-14 -5.270207e-15 -1.000000e+00
   outer loop
     vertex  2.798194e+02  3.245409e+02  1.476433e+02
     vertex  2.811068e+02  2.601434e+02  1.476433e+02
     vertex  2.798194e+02  2.598261e+02  1.476433e+02
   endloop
 endfacet
 facet normal  4.543723e-14 -5.693448e-15 -1.000000e+00
   outer loop
     vertex  2.764295e+02  3.283672e+02  1.476433e+02
     vertex  2.768997e+02  3.271275e+02  1.476433e+02
     vertex  2.768997e+02  2.572394e+02  1.476433e+02
   endloop
 endfacet
 facet normal  1.553360e-14 -5.891118e-15 -1.000000e+00
   outer loop
     vertex  2.764295e+02  3.283672e+02  1.476433e+02
     vertex  2.768997e+02  2.572394e+02  1.476433e+02
     vertex  2.764295e+02  2.559997e+02  1.476433e+02
   endloop
 endfacet
 facet normal -1.421175e-15 -5.765934e-15 -1.000000e+00
   outer loop
     vertex  2.811068e+02  3.242236e+02  1.476433e+02
     vertex  2.811068e+02  2.601434e+02  1.476433e+02
     vertex  2.798194e+02  3.245409e+02  1.476433e+02
   endloop
 endfacet
 facet normal  3.042388e-28 -7.540068e-15 -1.000000e+00
   outer loop
     vertex  2.824327e+02  3.242236e+02  1.476433e+02
     vertex  2.824327e+02  2.601434e+02  1.476433e+02
     vertex  2.811068e+02  2.601434e+02  1.476433e+02
   endloop
 endfacet
 facet normal -8.574292e-14 -5.765934e-15 -1.000000e+00
   outer loop
     vertex  2.824327e+02  3.242236e+02  1.476433e+02
     vertex  2.811068e+02  2.601434e+02  1.476433e+02
     vertex  2.811068e+02  3.242236e+02  1.476433e+02
   endloop
 endfacet
 facet normal -8.971626e-14 -5.709391e-15 -1.000000e+00
   outer loop
     vertex  2.837200e+02  3.245409e+02  1.476433e+02
     vertex  2.837200e+02  2.598261e+02  1.476433e+02
     vertex  2.824327e+02  2.601434e+02  1.476433e+02
   endloop
 endfacet
 facet normal  1.858460e-15 -7.540068e-15 -1.000000e+00
   outer loop
     vertex  2.837200e+02  3.245409e+02  1.476433e+02
     vertex  2.824327e+02  2.601434e+02  1.476433e+02
     vertex  2.824327e+02  3.242236e+02  1.476433e+02
   endloop
 endfacet
 facet normal  2.367428e-14 -5.602700e-15 -1.000000e+00
   outer loop
     vertex  2.848941e+02  3.251571e+02  1.476433e+02
     vertex  2.858865e+02  2.583306e+02  1.476433e+02
     vertex  2.848941e+02  2.592099e+02  1.476433e+02
   endloop
 endfacet
 facet normal  9.389424e-14 -5.602700e-15 -1.000000e+00
   outer loop
     vertex  2.848941e+02  3.251571e+02  1.476433e+02
     vertex  2.848941e+02  2.592099e+02  1.476433e+02
     vertex  2.837200e+02  2.598261e+02  1.476433e+02
   endloop
 endfacet
 facet normal  9.983128e-14 -5.709391e-15 -1.000000e+00
   outer loop
     vertex  2.848941e+02  3.251571e+02  1.476433e+02
     vertex  2.837200e+02  2.598261e+02  1.476433e+02
     vertex  2.837200e+02  3.245409e+02  1.476433e+02
   endloop
 endfacet
 facet normal  5.206539e-15 -5.876968e-15 -1.000000e+00
   outer loop
     vertex  2.858865e+02  3.260363e+02  1.476433e+02
     vertex  2.858865e+02  2.583306e+02  1.476433e+02
     vertex  2.848941e+02  3.251571e+02  1.476433e+02
   endloop
 endfacet
 facet normal -8.248383e-15 -5.693448e-15 -1.000000e+00
   outer loop
     vertex  2.866397e+02  3.271275e+02  1.476433e+02
     vertex  2.866397e+02  2.572394e+02  1.476433e+02
     vertex  2.858865e+02  2.583306e+02  1.476433e+02
   endloop
 endfacet
 facet normal  8.514258e-15 -5.876968e-15 -1.000000e+00
   outer loop
     vertex  2.866397e+02  3.271275e+02  1.476433e+02
     vertex  2.858865e+02  2.583306e+02  1.476433e+02
     vertex  2.858865e+02  3.260363e+02  1.476433e+02
   endloop
 endfacet
 facet normal  1.501239e-14 -5.693448e-15 -1.000000e+00
   outer loop
     vertex  2.871099e+02  3.283672e+02  1.476433e+02
     vertex  2.866397e+02  2.572394e+02  1.476433e+02
     vertex  2.866397e+02  3.271275e+02  1.476433e+02
   endloop
 endfacet
 facet normal -1.449803e-14 -5.498377e-15 -1.000000e+00
   outer loop
     vertex  2.871099e+02  3.283672e+02  1.476433e+02
     vertex  2.871099e+02  2.559997e+02  1.476433e+02
     vertex  2.866397e+02  2.572394e+02  1.476433e+02
   endloop
 endfacet
 facet normal  7.895303e-14  3.795877e-14 -1.000000e+00
   outer loop
     vertex  2.642675e+02  3.611835e+02  1.476433e+02
     vertex  2.811068e+02  3.351434e+02  1.476433e+02
     vertex  2.798194e+02  3.348261e+02  1.476433e+02
   endloop
 endfacet
 facet normal  3.457012e-15 -6.586786e-15 -1.000000e+00
   outer loop
     vertex  2.642675e+02  3.611835e+02  1.476433e+02
     vertex  2.798194e+02  3.348261e+02  1.476433e+02
     vertex  2.786454e+02  3.342099e+02  1.476433e+02
   endloop
 endfacet
 facet normal  5.072504e-15 -5.725673e-15 -1.000000e+00
   outer loop
     vertex  2.642675e+02  3.611835e+02  1.476433e+02
     vertex  2.786454e+02  3.342099e+02  1.476433e+02
     vertex  2.776529e+02  3.333306e+02  1.476433e+02
   endloop
 endfacet
 facet normal  6.972338e-15 -4.812658e-15 -1.000000e+00
   outer loop
     vertex  2.642675e+02  3.611835e+02  1.476433e+02
     vertex  2.776529e+02  3.333306e+02  1.476433e+02
     vertex  2.768997e+02  3.322394e+02  1.476433e+02
   endloop
 endfacet
 facet normal  9.630713e-15 -3.652448e-15 -1.000000e+00
   outer loop
     vertex  2.642675e+02  3.611835e+02  1.476433e+02
     vertex  2.768997e+02  3.322394e+02  1.476433e+02
     vertex  2.764295e+02  3.309997e+02  1.476433e+02
   endloop
 endfacet
 facet normal  1.436618e-14 -1.744371e-15 -1.000000e+00
   outer loop
     vertex  2.642675e+02  3.611835e+02  1.476433e+02
     vertex  2.764295e+02  3.309997e+02  1.476433e+02
     vertex  2.762697e+02  3.296835e+02  1.476433e+02
   endloop
 endfacet
 facet normal  2.799644e-15 -5.891118e-15 -1.000000e+00
   outer loop
     vertex  2.642675e+02  3.611835e+02  1.476433e+02
     vertex  2.764295e+02  3.283672e+02  1.476433e+02
     vertex  2.764295e+02  2.559997e+02  1.476433e+02
   endloop
 endfacet
 facet normal  2.621755e-14 -3.183387e-15 -1.000000e+00
   outer loop
     vertex  2.642675e+02  3.611835e+02  1.476433e+02
     vertex  2.764295e+02  2.559997e+02  1.476433e+02
     vertex  2.762697e+02  2.546835e+02  1.476433e+02
   endloop
 endfacet
 facet normal  2.780506e-14  3.376146e-15 -1.000000e+00
   outer loop
     vertex  2.642675e+02  3.611835e+02  1.476433e+02
     vertex  2.762697e+02  3.296835e+02  1.476433e+02
     vertex  2.764295e+02  3.283672e+02  1.476433e+02
   endloop
 endfacet
 facet normal  2.320365e-16  9.414090e-16 -1.000000e+00
   outer loop
     vertex  2.992719e+02  3.611835e+02  1.476433e+02
     vertex  2.837200e+02  3.348261e+02  1.476433e+02
     vertex  2.824327e+02  3.351434e+02  1.476433e+02
   endloop
 endfacet
 facet normal  0.000000e+00  1.091459e-15 -1.000000e+00
   outer loop
     vertex  2.992719e+02  3.611835e+02  1.476433e+02
     vertex  2.824327e+02  3.351434e+02  1.476433e+02
     vertex  2.811068e+02  3.351434e+02  1.476433e+02
   endloop
 endfacet
 facet normal -1.709840e-14 -2.076122e-15 -1.000000e+00
   outer loop
     vertex  2.992719e+02  3.611835e+02  1.476433e+02
     vertex  2.872697e+02  2.546835e+02  1.476433e+02
     vertex  2.871099e+02  2.559997e+02  1.476433e+02
   endloop
 endfacet
 facet normal  1.249909e-14 -5.498377e-15 -1.000000e+00
   outer loop
     vertex  2.992719e+02  3.611835e+02  1.476433e+02
     vertex  2.871099e+02  2.559997e+02  1.476433e+02
     vertex  2.871099e+02  3.283672e+02  1.476433e+02
   endloop
 endfacet
 facet normal -3.475633e-15  4.220182e-16 -1.000000e+00
   outer loop
     vertex  2.992719e+02  3.611835e+02  1.476433e+02
     vertex  2.871099e+02  3.283672e+02  1.476433e+02
     vertex  2.872697e+02  3.296835e+02  1.476433e+02
   endloop
 endfacet
 facet normal  4.118044e-14 -1.659296e-14 -1.000000e+00
   outer loop
     vertex  2.992719e+02  3.611835e+02  1.476433e+02
     vertex  2.872697e+02  3.296835e+02  1.476433e+02
     vertex  2.871099e+02  3.309997e+02  1.476433e+02
   endloop
 endfacet
 facet normal  1.055530e-14 -6.271752e-15 -1.000000e+00
   outer loop
     vertex  2.992719e+02  3.611835e+02  1.476433e+02
     vertex  2.811068e+02  3.351434e+02  1.476433e+02
     vertex  2.642675e+02  3.611835e+02  1.476433e+02
   endloop
 endfacet
 facet normal  0.000000e+00  0.000000e+00 -1.000000e+00
   outer loop
     vertex  2.992719e+02  3.611835e+02  1.476433e+02
     vertex  2.871099e+02  3.309997e+02  1.476433e+02
     vertex  2.866397e+02  3.322394e+02  1.476433e+02
   endloop
 endfacet
 facet normal  1.155884e-13 -5.044689e-14 -1.000000e+00
   outer loop
     vertex  2.992719e+02  3.611835e+02  1.476433e+02
     vertex  2.866397e+02  3.322394e+02  1.476433e+02
     vertex  2.858865e+02  3.333306e+02  1.476433e+02
   endloop
 endfacet
 facet normal  3.170315e-15  3.578546e-15 -1.000000e+00
   outer loop
     vertex  2.992719e+02  3.611835e+02  1.476433e+02
     vertex  2.858865e+02  3.333306e+02  1.476433e+02
     vertex  2.848941e+02  3.342099e+02  1.476433e+02
   endloop
 endfacet
 facet normal -7.350582e-14  4.444958e-14 -1.000000e+00
   outer loop
     vertex  2.992719e+02  3.611835e+02  1.476433e+02
     vertex  2.848941e+02  3.342099e+02  1.476433e+02
     vertex  2.837200e+02  3.348261e+02  1.476433e+02
   endloop
 endfacet
 facet normal  1.113772e-14 -5.258243e-15 -1.000000e+00
   outer loop
     vertex  2.992719e+02  4.768346e+01  1.476433e+02
     vertex  2.872697e+02  2.546835e+02  1.476433e+02
     vertex  2.992719e+02  3.611835e+02  1.476433e+02
   endloop
 endfacet
 facet normal -8.745161e-14 -1.097462e-14 -1.000000e+00
   outer loop
     vertex  2.992719e+02  4.768346e+01  1.476433e+02
     vertex  2.871099e+02  2.533672e+02  1.476433e+02
     vertex  2.872697e+02  2.546835e+02  1.476433e+02
   endloop
 endfacet
 facet normal  2.573557e-15 -5.651453e-15 -1.000000e+00
   outer loop
     vertex  2.992719e+02  4.768346e+01  1.476433e+02
     vertex  2.872697e+02  1.226835e+02  1.476433e+02
     vertex  2.871099e+02  2.533672e+02  1.476433e+02
   endloop
 endfacet
 facet normal -4.704364e-14 -5.712132e-15 -1.000000e+00
   outer loop
     vertex  2.872697e+02  1.226835e+02  1.476433e+02
     vertex  2.871099e+02  1.239997e+02  1.476433e+02
     vertex  2.871099e+02  2.533672e+02  1.476433e+02
   endloop
 endfacet
 facet normal  4.906033e-15 -5.711540e-15 -1.000000e+00
   outer loop
     vertex  2.642675e+02  3.611835e+02  1.476433e+02
     vertex  2.762697e+02  1.226835e+02  1.476433e+02
     vertex  2.642675e+02  4.768346e+01  1.476433e+02
   endloop
 endfacet
 facet normal -9.103422e-14 -1.053961e-14 -1.000000e+00
   outer loop
     vertex  2.642675e+02  3.611835e+02  1.476433e+02
     vertex  2.764295e+02  1.239997e+02  1.476433e+02
     vertex  2.762697e+02  1.226835e+02  1.476433e+02
   endloop
 endfacet
 facet normal  4.336635e-15 -5.649297e-15 -1.000000e+00
   outer loop
     vertex  2.642675e+02  3.611835e+02  1.476433e+02
     vertex  2.762697e+02  2.546835e+02  1.476433e+02
     vertex  2.764295e+02  1.239997e+02  1.476433e+02
   endloop
 endfacet
 facet normal -4.704364e-14 -5.712132e-15 -1.000000e+00
   outer loop
     vertex  2.762697e+02  2.546835e+02  1.476433e+02
     vertex  2.764295e+02  2.533672e+02  1.476433e+02
     vertex  2.764295e+02  1.239997e+02  1.476433e+02
   endloop
 endfacet
 facet normal -5.196455e-14  1.000000e+00  1.894781e-14
   outer loop
     vertex  2.642675e+02  3.611835e+02  1.506433e+02
     vertex  2.992719e+02  3.611835e+02  1.506433e+02
     vertex  2.992719e+02  3.611835e+02  1.476433e+02
   endloop
 endfacet
 facet normal -6.495569e-15  1.000000e+00  5.494864e-13
   outer loop
     vertex  2.642675e+02  3.611835e+02  1.506433e+02
     vertex  2.992719e+02  3.611835e+02  1.476433e+02
     vertex  2.642675e+02  3.611835e+02  1.476433e+02
   endloop
 endfacet
 facet normal  6.495569e-15 -1.000000e+00  1.894781e-14
   outer loop
     vertex  2.992719e+02  4.768346e+01  1.506433e+02
     vertex  2.642675e+02  4.768346e+01  1.506433e+02
     vertex  2.642675e+02  4.768346e+01  1.476433e+02
   endloop
 endfacet
 facet normal  6.495569e-15 -1.000000e+00  1.894781e-14
   outer loop
     vertex  2.992719e+02  4.768346e+01  1.506433e+02
     vertex  2.642675e+02  4.768346e+01  1.476433e+02
     vertex  2.992719e+02  4.768346e+01  1.476433e+02
   endloop
 endfacet
 facet normal -9.927089e-01 -1.205367e-01  5.721777e-16
   outer loop
     vertex  2.871099e+02  6.399970e+01  1.506433e+02
     vertex  2.872697e+02  6.268346e+01  1.476433e+02
     vertex  2.872697e+02  6.268346e+01  1.506433e+02
   endloop
 endfacet
 facet normal -9.927089e-01 -1.205367e-01  5.709764e-16
   outer loop
     vertex  2.871099e+02  6.399970e+01  1.506433e+02
     vertex  2.871099e+02  6.399970e+01  1.476433e+02
     vertex  2.872697e+02  6.268346e+01  1.476433e+02
   endloop
 endfacet
 facet normal -9.350162e-01 -3.546049e-01 -3.207352e-14
   outer loop
     vertex  2.866397e+02  6.523944e+01  1.506433e+02
     vertex  2.866397e+02  6.523944e+01  1.476433e+02
     vertex  2.871099e+02  6.399970e+01  1.476433e+02
   endloop
 endfacet
 facet normal -9.350162e-01 -3.546049e-01  1.674666e-15
   outer loop
     vertex  2.866397e+02  6.523944e+01  1.506433e+02
     vertex  2.871099e+02  6.399970e+01  1.476433e+02
     vertex  2.871099e+02  6.399970e+01  1.506433e+02
   endloop
 endfacet
 facet normal -8.229839e-01 -5.680647e-01 -1.021195e-14
   outer loop
     vertex  2.858865e+02  6.633064e+01  1.506433e+02
     vertex  2.858865e+02  6.633064e+01  1.476433e+02
     vertex  2.866397e+02  6.523944e+01  1.476433e+02
   endloop
 endfacet
 facet normal -8.229839e-01 -5.680647e-01 -2.578986e-14
   outer loop
     vertex  2.858865e+02  6.633064e+01  1.506433e+02
     vertex  2.866397e+02  6.523944e+01  1.476433e+02
     vertex  2.866397e+02  6.523944e+01  1.506433e+02
   endloop
 endfacet
 facet normal -6.631227e-01 -7.485107e-01  7.091318e-15
   outer loop
     vertex  2.848941e+02  6.720987e+01  1.506433e+02
     vertex  2.848941e+02  6.720987e+01  1.476433e+02
     vertex  2.858865e+02  6.633064e+01  1.476433e+02
   endloop
 endfacet
 facet normal -6.631227e-01 -7.485107e-01 -5.470577e-15
   outer loop
     vertex  2.848941e+02  6.720987e+01  1.506433e+02
     vertex  2.858865e+02  6.633064e+01  1.476433e+02
     vertex  2.858865e+02  6.633064e+01  1.506433e+02
   endloop
 endfacet
 facet normal -4.647232e-01 -8.854560e-01 -4.167600e-16
   outer loop
     vertex  2.837200e+02  6.782605e+01  1.506433e+02
     vertex  2.837200e+02  6.782605e+01  1.476433e+02
     vertex  2.848941e+02  6.720987e+01  1.476433e+02
   endloop
 endfacet
 facet normal -2.393157e-01 -9.709418e-01  4.664102e-15
   outer loop
     vertex  2.837200e+02  6.782605e+01  1.506433e+02
     vertex  2.824327e+02  6.814336e+01  1.476433e+02
     vertex  2.837200e+02  6.782605e+01  1.476433e+02
   endloop
 endfacet
 facet normal -4.647232e-01 -8.854560e-01  8.373332e-15
   outer loop
     vertex  2.837200e+02  6.782605e+01  1.506433e+02
     vertex  2.848941e+02  6.720987e+01  1.476433e+02
     vertex  2.848941e+02  6.720987e+01  1.506433e+02
   endloop
 endfacet
 facet normal -2.393157e-01 -9.709418e-01  4.664102e-15
   outer loop
     vertex  2.824327e+02  6.814336e+01  1.506433e+02
     vertex  2.824327e+02  6.814336e+01  1.476433e+02
     vertex  2.837200e+02  6.782605e+01  1.506433e+02
   endloop
 endfacet
 facet normal  1.071787e-14 -1.000000e+00  9.473903e-15
   outer loop
     vertex  2.811068e+02  6.814336e+01  1.506433e+02
     vertex  2.811068e+02  6.814336e+01  1.476433e+02
     vertex  2.824327e+02  6.814336e+01  1.476433e+02
   endloop
 endfacet
 facet normal  1.071787e-14 -1.000000e+00  9.473903e-15
   outer loop
     vertex  2.811068e+02  6.814336e+01  1.506433e+02
     vertex  2.824327e+02  6.814336e+01  1.476433e+02
     vertex  2.824327e+02  6.814336e+01  1.506433e+02
   endloop
 endfacet
 facet normal  2.393157e-01 -9.709418e-01  1.373312e-14
   outer loop
     vertex  2.798194e+02  6.782605e+01  1.506433e+02
     vertex  2.798194e+02  6.782605e+01  1.476433e+02
     vertex  2.811068e+02  6.814336e+01  1.476433e+02
   endloop
 endfacet
 facet normal  2.393157e-01 -9.709418e-01  9.196710e-15
   outer loop
     vertex  2.798194e+02  6.782605e+01  1.506433e+02
     vertex  2.811068e+02  6.814336e+01  1.476433e+02
     vertex  2.811068e+02  6.814336e+01  1.506433e+02
   endloop
 endfacet
 facet normal  4.647232e-01 -8.854560e-01  1.719421e-14
   outer loop
     vertex  2.786454e+02  6.720987e+01  1.506433e+02
     vertex  2.786454e+02  6.720987e+01  1.476433e+02
     vertex  2.798194e+02  6.782605e+01  1.476433e+02
   endloop
 endfacet
 facet normal  4.647232e-01 -8.854560e-01  1.719324e-14
   outer loop
     vertex  2.786454e+02  6.720987e+01  1.506433e+02
     vertex  2.798194e+02  6.782605e+01  1.476433e+02
     vertex  2.798194e+02  6.782605e+01  1.506433e+02
   endloop
 endfacet
 facet normal  6.631227e-01 -7.485107e-01  1.965604e-14
   outer loop
     vertex  2.776529e+02  6.633064e+01  1.506433e+02
     vertex  2.776529e+02  6.633064e+01  1.476433e+02
     vertex  2.786454e+02  6.720987e+01  1.476433e+02
   endloop
 endfacet
 facet normal  8.229839e-01 -5.680647e-01  2.097553e-14
   outer loop
     vertex  2.776529e+02  6.633064e+01  1.506433e+02
     vertex  2.768997e+02  6.523944e+01  1.476433e+02
     vertex  2.776529e+02  6.633064e+01  1.476433e+02
   endloop
 endfacet
 facet normal  6.631227e-01 -7.485107e-01  1.964942e-14
   outer loop
     vertex  2.776529e+02  6.633064e+01  1.506433e+02
     vertex  2.786454e+02  6.720987e+01  1.476433e+02
     vertex  2.786454e+02  6.720987e+01  1.506433e+02
   endloop
 endfacet
 facet normal  9.350162e-01 -3.546049e-01  3.879251e-14
   outer loop
     vertex  2.768997e+02  6.523944e+01  1.506433e+02
     vertex  2.764295e+02  6.399970e+01  1.476433e+02
     vertex  2.768997e+02  6.523944e+01  1.476433e+02
   endloop
 endfacet
 facet normal  8.229839e-01 -5.680647e-01  3.656927e-14
   outer loop
     vertex  2.768997e+02  6.523944e+01  1.506433e+02
     vertex  2.768997e+02  6.523944e+01  1.476433e+02
     vertex  2.776529e+02  6.633064e+01  1.506433e+02
   endloop
 endfacet
 facet normal  9.350162e-01 -3.546049e-01  1.939625e-14
   outer loop
     vertex  2.764295e+02  6.399970e+01  1.506433e+02
     vertex  2.764295e+02  6.399970e+01  1.476433e+02
     vertex  2.768997e+02  6.523944e+01  1.506433e+02
   endloop
 endfacet
 facet normal  9.927089e-01 -1.205367e-01  1.938063e-14
   outer loop
     vertex  2.762697e+02  6.268346e+01  1.506433e+02
     vertex  2.762697e+02  6.268346e+01  1.476433e+02
     vertex  2.764295e+02  6.399970e+01  1.476433e+02
   endloop
 endfacet
 facet normal  9.927089e-01 -1.205367e-01  1.937729e-14
   outer loop
     vertex  2.762697e+02  6.268346e+01  1.506433e+02
     vertex  2.764295e+02  6.399970e+01  1.476433e+02
     vertex  2.764295e+02  6.399970e+01  1.506433e+02
   endloop
 endfacet
 facet normal -9.927089e-01 -1.205367e-01 -1.823991e-14
   outer loop
     vertex  2.871099e+02  1.239997e+02  1.506433e+02
     vertex  2.872697e+02  1.226835e+02  1.476433e+02
     vertex  2.872697e+02  1.226835e+02  1.506433e+02
   endloop
 endfacet
 facet normal -9.927089e-01 -1.205367e-01 -1.766770e-14
   outer loop
     vertex  2.871099e+02  1.239997e+02  1.506433e+02
     vertex  2.871099e+02  1.239997e+02  1.476433e+02
     vertex  2.872697e+02  1.226835e+02  1.476433e+02
   endloop
 endfacet
 facet normal -9.350162e-01 -3.546049e-01 -1.435701e-14
   outer loop
     vertex  2.866397e+02  1.252394e+02  1.506433e+02
     vertex  2.866397e+02  1.252394e+02  1.476433e+02
     vertex  2.871099e+02  1.239997e+02  1.476433e+02
   endloop
 endfacet
 facet normal -9.350162e-01 -3.546049e-01 -1.434631e-14
   outer loop
     vertex  2.866397e+02  1.252394e+02  1.506433e+02
     vertex  2.871099e+02  1.239997e+02  1.476433e+02
     vertex  2.871099e+02  1.239997e+02  1.506433e+02
   endloop
 endfacet
 facet normal -8.229839e-01 -5.680647e-01  5.381790e-15
   outer loop
     vertex  2.858865e+02  1.263306e+02  1.506433e+02
     vertex  2.858865e+02  1.263306e+02  1.476433e+02
     vertex  2.866397e+02  1.252394e+02  1.476433e+02
   endloop
 endfacet
 facet normal -6.631227e-01 -7.485107e-01  7.091318e-15
   outer loop
     vertex  2.858865e+02  1.263306e+02  1.506433e+02
     vertex  2.848941e+02  1.272099e+02  1.476433e+02
     vertex  2.858865e+02  1.263306e+02  1.476433e+02
   endloop
 endfacet
 facet normal -8.229839e-01 -5.680647e-01 -1.018755e-14
   outer loop
     vertex  2.858865e+02  1.263306e+02  1.506433e+02
     vertex  2.866397e+02  1.252394e+02  1.476433e+02
     vertex  2.866397e+02  1.252394e+02  1.506433e+02
   endloop
 endfacet
 facet normal -6.631227e-01 -7.485107e-01 -9.019061e-15
   outer loop
     vertex  2.848941e+02  1.272099e+02  1.506433e+02
     vertex  2.848941e+02  1.272099e+02  1.476433e+02
     vertex  2.858865e+02  1.263306e+02  1.506433e+02
   endloop
 endfacet
 facet normal -4.647232e-01 -8.854560e-01 -4.611122e-15
   outer loop
     vertex  2.837200e+02  1.278261e+02  1.506433e+02
     vertex  2.837200e+02  1.278261e+02  1.476433e+02
     vertex  2.848941e+02  1.272099e+02  1.476433e+02
   endloop
 endfacet
 facet normal -4.647232e-01 -8.854560e-01 -4.605333e-15
   outer loop
     vertex  2.837200e+02  1.278261e+02  1.506433e+02
     vertex  2.848941e+02  1.272099e+02  1.476433e+02
     vertex  2.848941e+02  1.272099e+02  1.506433e+02
   endloop
 endfacet
 facet normal -2.393157e-01 -9.709418e-01  4.664102e-15
   outer loop
     vertex  2.824327e+02  1.281434e+02  1.506433e+02
     vertex  2.824327e+02  1.281434e+02  1.476433e+02
     vertex  2.837200e+02  1.278261e+02  1.476433e+02
   endloop
 endfacet
 facet normal -2.393157e-01 -9.709418e-01  6.977777e-17
   outer loop
     vertex  2.824327e+02  1.281434e+02  1.506433e+02
     vertex  2.837200e+02  1.278261e+02  1.476433e+02
     vertex  2.837200e+02  1.278261e+02  1.506433e+02
   endloop
 endfacet
 facet normal  0.000000e+00 -1.000000e+00  0.000000e+00
   outer loop
     vertex  2.811068e+02  1.281434e+02  1.506433e+02
     vertex  2.811068e+02  1.281434e+02  1.476433e+02
     vertex  2.824327e+02  1.281434e+02  1.476433e+02
   endloop
 endfacet
 facet normal  2.143573e-14 -1.000000e+00  9.473903e-15
   outer loop
     vertex  2.811068e+02  1.281434e+02  1.506433e+02
     vertex  2.824327e+02  1.281434e+02  1.476433e+02
     vertex  2.824327e+02  1.281434e+02  1.506433e+02
   endloop
 endfacet
 facet normal  2.393157e-01 -9.709418e-01  9.198609e-15
   outer loop
     vertex  2.798194e+02  1.278261e+02  1.506433e+02
     vertex  2.798194e+02  1.278261e+02  1.476433e+02
     vertex  2.811068e+02  1.281434e+02  1.476433e+02
   endloop
 endfacet
 facet normal  2.393157e-01 -9.709418e-01  4.535555e-15
   outer loop
     vertex  2.798194e+02  1.278261e+02  1.506433e+02
     vertex  2.811068e+02  1.281434e+02  1.476433e+02
     vertex  2.811068e+02  1.281434e+02  1.506433e+02
   endloop
 endfacet
 facet normal  4.647232e-01 -8.854560e-01  1.719421e-14
   outer loop
     vertex  2.786454e+02  1.272099e+02  1.506433e+02
     vertex  2.786454e+02  1.272099e+02  1.476433e+02
     vertex  2.798194e+02  1.278261e+02  1.476433e+02
   endloop
 endfacet
 facet normal  4.647232e-01 -8.854560e-01  8.373332e-15
   outer loop
     vertex  2.786454e+02  1.272099e+02  1.506433e+02
     vertex  2.798194e+02  1.278261e+02  1.476433e+02
     vertex  2.798194e+02  1.278261e+02  1.506433e+02
   endloop
 endfacet
 facet normal  6.631227e-01 -7.485107e-01  1.965604e-14
   outer loop
     vertex  2.776529e+02  1.263306e+02  1.506433e+02
     vertex  2.776529e+02  1.263306e+02  1.476433e+02
     vertex  2.786454e+02  1.272099e+02  1.476433e+02
   endloop
 endfacet
 facet normal  6.631227e-01 -7.485107e-01  1.964942e-14
   outer loop
     vertex  2.776529e+02  1.263306e+02  1.506433e+02
     vertex  2.786454e+02  1.272099e+02  1.476433e+02
     vertex  2.786454e+02  1.272099e+02  1.506433e+02
   endloop
 endfacet
 facet normal  8.229839e-01 -5.680647e-01  2.690895e-15
   outer loop
     vertex  2.768997e+02  1.252394e+02  1.506433e+02
     vertex  2.768997e+02  1.252394e+02  1.476433e+02
     vertex  2.776529e+02  1.263306e+02  1.476433e+02
   endloop
 endfacet
 facet normal  8.229839e-01 -5.680647e-01  2.098915e-14
   outer loop
     vertex  2.768997e+02  1.252394e+02  1.506433e+02
     vertex  2.776529e+02  1.263306e+02  1.476433e+02
     vertex  2.776529e+02  1.263306e+02  1.506433e+02
   endloop
 endfacet
 facet normal  9.350162e-01 -3.546049e-01  2.107600e-14
   outer loop
     vertex  2.764295e+02  1.239997e+02  1.506433e+02
     vertex  2.764295e+02  1.239997e+02  1.476433e+02
     vertex  2.768997e+02  1.252394e+02  1.476433e+02
   endloop
 endfacet
 facet normal  9.350162e-01 -3.546049e-01  1.674666e-15
   outer loop
     vertex  2.764295e+02  1.239997e+02  1.506433e+02
     vertex  2.768997e+02  1.252394e+02  1.476433e+02
     vertex  2.768997e+02  1.252394e+02  1.506433e+02
   endloop
 endfacet
 facet normal  9.927089e-01 -1.205367e-01  1.880966e-14
   outer loop
     vertex  2.762697e+02  1.226835e+02  1.506433e+02
     vertex  2.762697e+02  1.226835e+02  1.476433e+02
     vertex  2.764295e+02  1.239997e+02  1.476433e+02
   endloop
 endfacet
 facet normal  9.927089e-01 -1.205367e-01  1.994946e-14
   outer loop
     vertex  2.762697e+02  1.226835e+02  1.506433e+02
     vertex  2.764295e+02  1.239997e+02  1.476433e+02
     vertex  2.764295e+02  1.239997e+02  1.506433e+02
   endloop
 endfacet
 facet normal -9.927089e-01 -1.205367e-01 -1.766773e-14
   outer loop
     vertex  2.871099e+02  2.559997e+02  1.506433e+02
     vertex  2.872697e+02  2.546835e+02  1.476433e+02
     vertex  2.872697e+02  2.546835e+02  1.506433e+02
   endloop
 endfacet
 facet normal -9.927089e-01 -1.205367e-01 -1.880966e-14
   outer loop
     vertex  2.871099e+02  2.559997e+02  1.506433e+02
     vertex  2.871099e+02  2.559997e+02  1.476433e+02
     vertex  2.872697e+02  2.546835e+02  1.476433e+02
   endloop
 endfacet
 facet normal -9.350162e-01 -3.546049e-01 -1.771651e-14
   outer loop
     vertex  2.866397e+02  2.572394e+02  1.506433e+02
     vertex  2.866397e+02  2.572394e+02  1.476433e+02
     vertex  2.871099e+02  2.559997e+02  1.476433e+02
   endloop
 endfacet
 facet normal -9.350162e-01 -3.546049e-01 -1.769564e-14
   outer loop
     vertex  2.866397e+02  2.572394e+02  1.506433e+02
     vertex  2.871099e+02  2.559997e+02  1.476433e+02
     vertex  2.871099e+02  2.559997e+02  1.506433e+02
   endloop
 endfacet
 facet normal -8.229839e-01 -5.680647e-01 -0.000000e+00
   outer loop
     vertex  2.858865e+02  2.583306e+02  1.506433e+02
     vertex  2.858865e+02  2.583306e+02  1.476433e+02
     vertex  2.866397e+02  2.572394e+02  1.476433e+02
   endloop
 endfacet
 facet normal -6.631227e-01 -7.485107e-01 -0.000000e+00
   outer loop
     vertex  2.858865e+02  2.583306e+02  1.506433e+02
     vertex  2.848941e+02  2.592099e+02  1.476433e+02
     vertex  2.858865e+02  2.583306e+02  1.476433e+02
   endloop
 endfacet
 facet normal -8.229839e-01 -5.680647e-01 -1.557440e-14
   outer loop
     vertex  2.858865e+02  2.583306e+02  1.506433e+02
     vertex  2.866397e+02  2.572394e+02  1.476433e+02
     vertex  2.866397e+02  2.572394e+02  1.506433e+02
   endloop
 endfacet
 facet normal -6.631227e-01 -7.485107e-01 -3.931208e-14
   outer loop
     vertex  2.848941e+02  2.592099e+02  1.506433e+02
     vertex  2.848941e+02  2.592099e+02  1.476433e+02
     vertex  2.858865e+02  2.583306e+02  1.506433e+02
   endloop
 endfacet
 facet normal -4.647232e-01 -8.854560e-01 -3.438842e-14
   outer loop
     vertex  2.837200e+02  2.598261e+02  1.506433e+02
     vertex  2.837200e+02  2.598261e+02  1.476433e+02
     vertex  2.848941e+02  2.592099e+02  1.476433e+02
   endloop
 endfacet
 facet normal -4.647232e-01 -8.854560e-01 -3.441440e-14
   outer loop
     vertex  2.837200e+02  2.598261e+02  1.506433e+02
     vertex  2.848941e+02  2.592099e+02  1.476433e+02
     vertex  2.848941e+02  2.592099e+02  1.506433e+02
   endloop
 endfacet
 facet normal -2.393157e-01 -9.709418e-01 -2.746623e-14
   outer loop
     vertex  2.824327e+02  2.601434e+02  1.506433e+02
     vertex  2.824327e+02  2.601434e+02  1.476433e+02
     vertex  2.837200e+02  2.598261e+02  1.476433e+02
   endloop
 endfacet
 facet normal -2.393157e-01 -9.709418e-01 -2.746453e-14
   outer loop
     vertex  2.824327e+02  2.601434e+02  1.506433e+02
     vertex  2.837200e+02  2.598261e+02  1.476433e+02
     vertex  2.837200e+02  2.598261e+02  1.506433e+02
   endloop
 endfacet
 facet normal  4.287146e-14 -1.000000e+00  1.624640e-27
   outer loop
     vertex  2.811068e+02  2.601434e+02  1.506433e+02
     vertex  2.811068e+02  2.601434e+02  1.476433e+02
     vertex  2.824327e+02  2.601434e+02  1.476433e+02
   endloop
 endfacet
 facet normal  0.000000e+00 -1.000000e+00 -1.894781e-14
   outer loop
     vertex  2.811068e+02  2.601434e+02  1.506433e+02
     vertex  2.824327e+02  2.601434e+02  1.476433e+02
     vertex  2.824327e+02  2.601434e+02  1.506433e+02
   endloop
 endfacet
 facet normal  2.393157e-01 -9.709418e-01 -9.328204e-15
   outer loop
     vertex  2.798194e+02  2.598261e+02  1.506433e+02
     vertex  2.798194e+02  2.598261e+02  1.476433e+02
     vertex  2.811068e+02  2.601434e+02  1.476433e+02
   endloop
 endfacet
 facet normal  2.393157e-01 -9.709418e-01  9.071110e-15
   outer loop
     vertex  2.798194e+02  2.598261e+02  1.506433e+02
     vertex  2.811068e+02  2.601434e+02  1.476433e+02
     vertex  2.811068e+02  2.601434e+02  1.506433e+02
   endloop
 endfacet
 facet normal  4.647232e-01 -8.854560e-01  8.335200e-16
   outer loop
     vertex  2.786454e+02  2.592099e+02  1.506433e+02
     vertex  2.786454e+02  2.592099e+02  1.476433e+02
     vertex  2.798194e+02  2.598261e+02  1.476433e+02
   endloop
 endfacet
 facet normal  4.647232e-01 -8.854560e-01  8.373332e-16
   outer loop
     vertex  2.786454e+02  2.592099e+02  1.506433e+02
     vertex  2.798194e+02  2.598261e+02  1.476433e+02
     vertex  2.798194e+02  2.598261e+02  1.506433e+02
   endloop
 endfacet
 facet normal  6.631227e-01 -7.485107e-01 -1.617917e-15
   outer loop
     vertex  2.776529e+02  2.583306e+02  1.506433e+02
     vertex  2.776529e+02  2.583306e+02  1.476433e+02
     vertex  2.786454e+02  2.592099e+02  1.476433e+02
   endloop
 endfacet
 facet normal  6.631227e-01 -7.485107e-01  1.094115e-14
   outer loop
     vertex  2.776529e+02  2.583306e+02  1.506433e+02
     vertex  2.786454e+02  2.592099e+02  1.476433e+02
     vertex  2.786454e+02  2.592099e+02  1.506433e+02
   endloop
 endfacet
 facet normal  8.229839e-01 -5.680647e-01  4.830158e-15
   outer loop
     vertex  2.768997e+02  2.572394e+02  1.506433e+02
     vertex  2.768997e+02  2.572394e+02  1.476433e+02
     vertex  2.776529e+02  2.583306e+02  1.476433e+02
   endloop
 endfacet
 facet normal  8.229839e-01 -5.680647e-01  4.828622e-15
   outer loop
     vertex  2.768997e+02  2.572394e+02  1.506433e+02
     vertex  2.776529e+02  2.583306e+02  1.476433e+02
     vertex  2.776529e+02  2.583306e+02  1.506433e+02
   endloop
 endfacet
 facet normal  9.350162e-01 -3.546049e-01  2.107600e-14
   outer loop
     vertex  2.764295e+02  2.559997e+02  1.506433e+02
     vertex  2.764295e+02  2.559997e+02  1.476433e+02
     vertex  2.768997e+02  2.572394e+02  1.476433e+02
   endloop
 endfacet
 facet normal  9.350162e-01 -3.546049e-01  1.099698e-14
   outer loop
     vertex  2.764295e+02  2.559997e+02  1.506433e+02
     vertex  2.768997e+02  2.572394e+02  1.476433e+02
     vertex  2.768997e+02  2.572394e+02  1.506433e+02
   endloop
 endfacet
 facet normal  9.927089e-01 -1.205367e-01  1.995161e-14
   outer loop
     vertex  2.762697e+02  2.546835e+02  1.506433e+02
     vertex  2.762697e+02  2.546835e+02  1.476433e+02
     vertex  2.764295e+02  2.559997e+02  1.476433e+02
   endloop
 endfacet
 facet normal  9.927089e-01 -1.205367e-01  1.994946e-14
   outer loop
     vertex  2.762697e+02  2.546835e+02  1.506433e+02
     vertex  2.764295e+02  2.559997e+02  1.476433e+02
     vertex  2.764295e+02  2.559997e+02  1.506433e+02
   endloop
 endfacet
 facet normal -9.927089e-01 -1.205367e-01 -1.880511e-14
   outer loop
     vertex  2.871099e+02  3.309997e+02  1.506433e+02
     vertex  2.872697e+02  3.296835e+02  1.476433e+02
     vertex  2.872697e+02  3.296835e+02  1.506433e+02
   endloop
 endfacet
 facet normal -9.927089e-01 -1.205367e-01 -1.880966e-14
   outer loop
     vertex  2.871099e+02  3.309997e+02  1.506433e+02
     vertex  2.871099e+02  3.309997e+02  1.476433e+02
     vertex  2.872697e+02  3.296835e+02  1.476433e+02
   endloop
 endfacet
 facet normal -9.350162e-01 -3.546049e-01 -2.871403e-14
   outer loop
     vertex  2.866397e+02  3.322394e+02  1.506433e+02
     vertex  2.866397e+02  3.322394e+02  1.476433e+02
     vertex  2.871099e+02  3.309997e+02  1.476433e+02
   endloop
 endfacet
 facet normal -9.350162e-01 -3.546049e-01 -1.772355e-14
   outer loop
     vertex  2.866397e+02  3.322394e+02  1.506433e+02
     vertex  2.871099e+02  3.309997e+02  1.476433e+02
     vertex  2.871099e+02  3.309997e+02  1.506433e+02
   endloop
 endfacet
 facet normal -8.229839e-01 -5.680647e-01 -0.000000e+00
   outer loop
     vertex  2.858865e+02  3.333306e+02  1.506433e+02
     vertex  2.858865e+02  3.333306e+02  1.476433e+02
     vertex  2.866397e+02  3.322394e+02  1.476433e+02
   endloop
 endfacet
 facet normal -6.631227e-01 -7.485107e-01 -0.000000e+00
   outer loop
     vertex  2.858865e+02  3.333306e+02  1.506433e+02
     vertex  2.848941e+02  3.342099e+02  1.476433e+02
     vertex  2.858865e+02  3.333306e+02  1.476433e+02
   endloop
 endfacet
 facet normal -8.229839e-01 -5.680647e-01 -2.040302e-14
   outer loop
     vertex  2.858865e+02  3.333306e+02  1.506433e+02
     vertex  2.866397e+02  3.322394e+02  1.476433e+02
     vertex  2.866397e+02  3.322394e+02  1.506433e+02
   endloop
 endfacet
 facet normal -6.631227e-01 -7.485107e-01  1.617917e-15
   outer loop
     vertex  2.848941e+02  3.342099e+02  1.506433e+02
     vertex  2.848941e+02  3.342099e+02  1.476433e+02
     vertex  2.858865e+02  3.333306e+02  1.506433e+02
   endloop
 endfacet
 facet normal -4.647232e-01 -8.854560e-01  7.971965e-15
   outer loop
     vertex  2.837200e+02  3.348261e+02  1.506433e+02
     vertex  2.837200e+02  3.348261e+02  1.476433e+02
     vertex  2.848941e+02  3.342099e+02  1.476433e+02
   endloop
 endfacet
 facet normal -4.647232e-01 -8.854560e-01  7.982577e-15
   outer loop
     vertex  2.837200e+02  3.348261e+02  1.506433e+02
     vertex  2.848941e+02  3.342099e+02  1.476433e+02
     vertex  2.848941e+02  3.342099e+02  1.506433e+02
   endloop
 endfacet
 facet normal -2.393157e-01 -9.709418e-01 -2.293172e-14
   outer loop
     vertex  2.824327e+02  3.351434e+02  1.506433e+02
     vertex  2.824327e+02  3.351434e+02  1.476433e+02
     vertex  2.837200e+02  3.348261e+02  1.476433e+02
   endloop
 endfacet
 facet normal  0.000000e+00 -1.000000e+00 -1.894781e-14
   outer loop
     vertex  2.824327e+02  3.351434e+02  1.506433e+02
     vertex  2.811068e+02  3.351434e+02  1.476433e+02
     vertex  2.824327e+02  3.351434e+02  1.476433e+02
   endloop
 endfacet
 facet normal -2.393157e-01 -9.709418e-01  1.385786e-14
   outer loop
     vertex  2.824327e+02  3.351434e+02  1.506433e+02
     vertex  2.837200e+02  3.348261e+02  1.476433e+02
     vertex  2.837200e+02  3.348261e+02  1.506433e+02
   endloop
 endfacet
 facet normal  0.000000e+00 -1.000000e+00 -1.894781e-14
   outer loop
     vertex  2.811068e+02  3.351434e+02  1.506433e+02
     vertex  2.811068e+02  3.351434e+02  1.476433e+02
     vertex  2.824327e+02  3.351434e+02  1.506433e+02
   endloop
 endfacet
 facet normal  2.393157e-01 -9.709418e-01  2.293172e-14
   outer loop
     vertex  2.798194e+02  3.348261e+02  1.506433e+02
     vertex  2.798194e+02  3.348261e+02  1.476433e+02
     vertex  2.811068e+02  3.351434e+02  1.476433e+02
   endloop
 endfacet
 facet normal  2.393157e-01 -9.709418e-01 -1.385786e-14
   outer loop
     vertex  2.798194e+02  3.348261e+02  1.506433e+02
     vertex  2.811068e+02  3.351434e+02  1.476433e+02
     vertex  2.811068e+02  3.351434e+02  1.506433e+02
   endloop
 endfacet
 facet normal  4.647232e-01 -8.854560e-01  8.805485e-15
   outer loop
     vertex  2.786454e+02  3.342099e+02  1.506433e+02
     vertex  2.786454e+02  3.342099e+02  1.476433e+02
     vertex  2.798194e+02  3.348261e+02  1.476433e+02
   endloop
 endfacet
 facet normal  4.647232e-01 -8.854560e-01  2.556657e-14
   outer loop
     vertex  2.786454e+02  3.342099e+02  1.506433e+02
     vertex  2.798194e+02  3.348261e+02  1.476433e+02
     vertex  2.798194e+02  3.348261e+02  1.506433e+02
   endloop
 endfacet
 facet normal  6.631227e-01 -7.485107e-01  1.094680e-14
   outer loop
     vertex  2.776529e+02  3.333306e+02  1.506433e+02
     vertex  2.776529e+02  3.333306e+02  1.476433e+02
     vertex  2.786454e+02  3.342099e+02  1.476433e+02
   endloop
 endfacet
 facet normal  8.229839e-01 -5.680647e-01  2.042390e-14
   outer loop
     vertex  2.776529e+02  3.333306e+02  1.506433e+02
     vertex  2.768997e+02  3.322394e+02  1.476433e+02
     vertex  2.776529e+02  3.333306e+02  1.476433e+02
   endloop
 endfacet
 facet normal  6.631227e-01 -7.485107e-01  1.256000e-14
   outer loop
     vertex  2.776529e+02  3.333306e+02  1.506433e+02
     vertex  2.786454e+02  3.342099e+02  1.476433e+02
     vertex  2.786454e+02  3.342099e+02  1.506433e+02
   endloop
 endfacet
 facet normal  8.229839e-01 -5.680647e-01  3.118748e-14
   outer loop
     vertex  2.768997e+02  3.322394e+02  1.506433e+02
     vertex  2.768997e+02  3.322394e+02  1.476433e+02
     vertex  2.776529e+02  3.333306e+02  1.506433e+02
   endloop
 endfacet
 facet normal  9.350162e-01 -3.546049e-01  1.099752e-14
   outer loop
     vertex  2.764295e+02  3.309997e+02  1.506433e+02
     vertex  2.764295e+02  3.309997e+02  1.476433e+02
     vertex  2.768997e+02  3.322394e+02  1.476433e+02
   endloop
 endfacet
 facet normal  9.350162e-01 -3.546049e-01  3.541919e-14
   outer loop
     vertex  2.764295e+02  3.309997e+02  1.506433e+02
     vertex  2.768997e+02  3.322394e+02  1.476433e+02
     vertex  2.768997e+02  3.322394e+02  1.506433e+02
   endloop
 endfacet
 facet normal  9.927089e-01 -1.205367e-01  1.652575e-14
   outer loop
     vertex  2.762697e+02  3.296835e+02  1.506433e+02
     vertex  2.762697e+02  3.296835e+02  1.476433e+02
     vertex  2.764295e+02  3.309997e+02  1.476433e+02
   endloop
 endfacet
 facet normal  9.927089e-01 -1.205367e-01  1.652338e-14
   outer loop
     vertex  2.762697e+02  3.296835e+02  1.506433e+02
     vertex  2.764295e+02  3.309997e+02  1.476433e+02
     vertex  2.764295e+02  3.309997e+02  1.506433e+02
   endloop
 endfacet
 facet normal -1.726139e-14  1.284135e-14  1.000000e+00
   outer loop
     vertex  2.786454e+02  5.815705e+01  1.506433e+02
     vertex  2.776529e+02  5.903629e+01  1.506433e+02
     vertex  2.642675e+02  4.768346e+01  1.506433e+02
   endloop
 endfacet
 facet normal -5.975320e-14  6.294077e-14  1.000000e+00
   outer loop
     vertex  2.768997e+02  6.012748e+01  1.506433e+02
     vertex  2.642675e+02  4.768346e+01  1.506433e+02
     vertex  2.776529e+02  5.903629e+01  1.506433e+02
   endloop
 endfacet
 facet normal -3.311240e-15 -6.309041e-15  1.000000e+00
   outer loop
     vertex  2.798194e+02  5.754087e+01  1.506433e+02
     vertex  2.786454e+02  5.815705e+01  1.506433e+02
     vertex  2.642675e+02  4.768346e+01  1.506433e+02
   endloop
 endfacet
 facet normal  1.637988e-15  6.212068e-16  1.000000e+00
   outer loop
     vertex  2.764295e+02  6.136723e+01  1.506433e+02
     vertex  2.642675e+02  4.768346e+01  1.506433e+02
     vertex  2.768997e+02  6.012748e+01  1.506433e+02
   endloop
 endfacet
 facet normal  6.153687e-14 -1.086189e-13  1.000000e+00
   outer loop
     vertex  2.811068e+02  5.722356e+01  1.506433e+02
     vertex  2.798194e+02  5.754087e+01  1.506433e+02
     vertex  2.642675e+02  4.768346e+01  1.506433e+02
   endloop
 endfacet
 facet normal  2.056037e-15  2.496480e-16  1.000000e+00
   outer loop
     vertex  2.762697e+02  6.268346e+01  1.506433e+02
     vertex  2.642675e+02  4.768346e+01  1.506433e+02
     vertex  2.764295e+02  6.136723e+01  1.506433e+02
   endloop
 endfacet
 facet normal  0.000000e+00  0.000000e+00  1.000000e+00
   outer loop
     vertex  2.824327e+02  5.722356e+01  1.506433e+02
     vertex  2.811068e+02  5.722356e+01  1.506433e+02
     vertex  2.642675e+02  4.768346e+01  1.506433e+02
   endloop
 endfacet
 facet normal -2.902261e-14  2.511715e-14  1.000000e+00
   outer loop
     vertex  2.764295e+02  6.399970e+01  1.506433e+02
     vertex  2.642675e+02  4.768346e+01  1.506433e+02
     vertex  2.762697e+02  6.268346e+01  1.506433e+02
   endloop
 endfacet
 facet normal  9.514975e-15 -3.608554e-15  1.000000e+00
   outer loop
     vertex  2.768997e+02  6.523944e+01  1.506433e+02
     vertex  2.642675e+02  4.768346e+01  1.506433e+02
     vertex  2.764295e+02  6.399970e+01  1.506433e+02
   endloop
 endfacet
 facet normal -8.101459e-14 -1.191656e-13  1.000000e+00
   outer loop
     vertex  2.992719e+02  4.768346e+01  1.506433e+02
     vertex  2.837200e+02  5.754087e+01  1.506433e+02
     vertex  2.824327e+02  5.722356e+01  1.506433e+02
   endloop
 endfacet
 facet normal -2.483430e-15  4.731781e-15  1.000000e+00
   outer loop
     vertex  2.992719e+02  4.768346e+01  1.506433e+02
     vertex  2.848941e+02  5.815705e+01  1.506433e+02
     vertex  2.837200e+02  5.754087e+01  1.506433e+02
   endloop
 endfacet
 facet normal -3.254382e-15  3.673438e-15  1.000000e+00
   outer loop
     vertex  2.992719e+02  4.768346e+01  1.506433e+02
     vertex  2.858865e+02  5.903629e+01  1.506433e+02
     vertex  2.848941e+02  5.815705e+01  1.506433e+02
   endloop
 endfacet
 facet normal -6.495569e-15  1.236812e-14  1.000000e+00
   outer loop
     vertex  2.992719e+02  4.768346e+01  1.506433e+02
     vertex  2.824327e+02  5.722356e+01  1.506433e+02
     vertex  2.642675e+02  4.768346e+01  1.506433e+02
   endloop
 endfacet
 facet normal  9.916013e-15  1.920183e-14  1.000000e+00
   outer loop
     vertex  2.992719e+02  4.768346e+01  1.506433e+02
     vertex  2.866397e+02  6.012748e+01  1.506433e+02
     vertex  2.858865e+02  5.903629e+01  1.506433e+02
   endloop
 endfacet
 facet normal -6.551951e-15  2.484827e-15  1.000000e+00
   outer loop
     vertex  2.871099e+02  6.136723e+01  1.506433e+02
     vertex  2.866397e+02  6.012748e+01  1.506433e+02
     vertex  2.992719e+02  4.768346e+01  1.506433e+02
   endloop
 endfacet
 facet normal -8.224146e-15  9.985922e-16  1.000000e+00
   outer loop
     vertex  2.872697e+02  6.268346e+01  1.506433e+02
     vertex  2.871099e+02  6.136723e+01  1.506433e+02
     vertex  2.992719e+02  4.768346e+01  1.506433e+02
   endloop
 endfacet
 facet normal -1.116670e-14 -1.355883e-15  1.000000e+00
   outer loop
     vertex  2.871099e+02  6.399970e+01  1.506433e+02
     vertex  2.872697e+02  6.268346e+01  1.506433e+02
     vertex  2.992719e+02  4.768346e+01  1.506433e+02
   endloop
 endfacet
 facet normal  4.358335e-14  3.945450e-14  1.000000e+00
   outer loop
     vertex  2.866397e+02  6.523944e+01  1.506433e+02
     vertex  2.871099e+02  6.399970e+01  1.506433e+02
     vertex  2.992719e+02  4.768346e+01  1.506433e+02
   endloop
 endfacet
 facet normal -9.859150e-14  3.347197e-15  1.000000e+00
   outer loop
     vertex  2.786454e+02  1.181571e+02  1.506433e+02
     vertex  2.786454e+02  6.720987e+01  1.506433e+02
     vertex  2.798194e+02  6.782605e+01  1.506433e+02
   endloop
 endfacet
 facet normal -2.965358e-15  3.347197e-15  1.000000e+00
   outer loop
     vertex  2.786454e+02  1.181571e+02  1.506433e+02
     vertex  2.776529e+02  6.633064e+01  1.506433e+02
     vertex  2.786454e+02  6.720987e+01  1.506433e+02
   endloop
 endfacet
 facet normal -2.529368e-14  3.774775e-15  1.000000e+00
   outer loop
     vertex  2.786454e+02  1.181571e+02  1.506433e+02
     vertex  2.776529e+02  1.190363e+02  1.506433e+02
     vertex  2.776529e+02  6.633064e+01  1.506433e+02
   endloop
 endfacet
 facet normal -5.251265e-15  3.624687e-15  1.000000e+00
   outer loop
     vertex  2.768997e+02  1.201275e+02  1.506433e+02
     vertex  2.768997e+02  6.523944e+01  1.506433e+02
     vertex  2.776529e+02  6.633064e+01  1.506433e+02
   endloop
 endfacet
 facet normal -5.376337e-16  3.624687e-15  1.000000e+00
   outer loop
     vertex  2.768997e+02  1.201275e+02  1.506433e+02
     vertex  2.642675e+02  4.768346e+01  1.506433e+02
     vertex  2.768997e+02  6.523944e+01  1.506433e+02
   endloop
 endfacet
 facet normal  5.468706e-15  3.774775e-15  1.000000e+00
   outer loop
     vertex  2.768997e+02  1.201275e+02  1.506433e+02
     vertex  2.776529e+02  6.633064e+01  1.506433e+02
     vertex  2.776529e+02  1.190363e+02  1.506433e+02
   endloop
 endfacet
 facet normal -1.972742e-15  8.003728e-15  1.000000e+00
   outer loop
     vertex  2.798194e+02  1.175409e+02  1.506433e+02
     vertex  2.798194e+02  6.782605e+01  1.506433e+02
     vertex  2.811068e+02  6.814336e+01  1.506433e+02
   endloop
 endfacet
 facet normal  1.010354e-13  8.003728e-15  1.000000e+00
   outer loop
     vertex  2.798194e+02  1.175409e+02  1.506433e+02
     vertex  2.786454e+02  1.181571e+02  1.506433e+02
     vertex  2.798194e+02  6.782605e+01  1.506433e+02
   endloop
 endfacet
 facet normal -1.592624e-13  3.130182e-14  1.000000e+00
   outer loop
     vertex  2.764295e+02  1.213672e+02  1.506433e+02
     vertex  2.642675e+02  4.768346e+01  1.506433e+02
     vertex  2.768997e+02  1.201275e+02  1.506433e+02
   endloop
 endfacet
 facet normal -9.930523e-29  8.107219e-15  1.000000e+00
   outer loop
     vertex  2.811068e+02  1.172236e+02  1.506433e+02
     vertex  2.811068e+02  6.814336e+01  1.506433e+02
     vertex  2.824327e+02  6.814336e+01  1.506433e+02
   endloop
 endfacet
 facet normal  1.998250e-15  8.107219e-15  1.000000e+00
   outer loop
     vertex  2.811068e+02  1.172236e+02  1.506433e+02
     vertex  2.798194e+02  1.175409e+02  1.506433e+02
     vertex  2.811068e+02  6.814336e+01  1.506433e+02
   endloop
 endfacet
 facet normal  1.750365e-14  2.125328e-15  1.000000e+00
   outer loop
     vertex  2.762697e+02  1.226835e+02  1.506433e+02
     vertex  2.642675e+02  4.768346e+01  1.506433e+02
     vertex  2.764295e+02  1.213672e+02  1.506433e+02
   endloop
 endfacet
 facet normal  8.973634e-14  5.790870e-15  1.000000e+00
   outer loop
     vertex  2.824327e+02  1.172236e+02  1.506433e+02
     vertex  2.824327e+02  6.814336e+01  1.506433e+02
     vertex  2.837200e+02  6.782605e+01  1.506433e+02
   endloop
 endfacet
 facet normal -8.574292e-14  5.790870e-15  1.000000e+00
   outer loop
     vertex  2.824327e+02  1.172236e+02  1.506433e+02
     vertex  2.811068e+02  1.172236e+02  1.506433e+02
     vertex  2.824327e+02  6.814336e+01  1.506433e+02
   endloop
 endfacet
 facet normal -2.270845e-14  2.858474e-15  1.000000e+00
   outer loop
     vertex  2.837200e+02  1.175409e+02  1.506433e+02
     vertex  2.837200e+02  6.782605e+01  1.506433e+02
     vertex  2.848941e+02  6.720987e+01  1.506433e+02
   endloop
 endfacet
 facet normal -2.278181e-14  2.858474e-15  1.000000e+00
   outer loop
     vertex  2.837200e+02  1.175409e+02  1.506433e+02
     vertex  2.824327e+02  1.172236e+02  1.506433e+02
     vertex  2.837200e+02  6.782605e+01  1.506433e+02
   endloop
 endfacet
 facet normal -1.115860e-13  3.347197e-15  1.000000e+00
   outer loop
     vertex  2.848941e+02  1.181571e+02  1.506433e+02
     vertex  2.848941e+02  6.720987e+01  1.506433e+02
     vertex  2.858865e+02  6.633064e+01  1.506433e+02
   endloop
 endfacet
 facet normal -1.756745e-15  3.347197e-15  1.000000e+00
   outer loop
     vertex  2.848941e+02  1.181571e+02  1.506433e+02
     vertex  2.837200e+02  1.175409e+02  1.506433e+02
     vertex  2.848941e+02  6.720987e+01  1.506433e+02
   endloop
 endfacet
 facet normal -4.777370e-15  5.392536e-15  1.000000e+00
   outer loop
     vertex  2.858865e+02  1.190363e+02  1.506433e+02
     vertex  2.848941e+02  1.181571e+02  1.506433e+02
     vertex  2.858865e+02  6.633064e+01  1.506433e+02
   endloop
 endfacet
 facet normal  8.251988e-15  5.695936e-15  1.000000e+00
   outer loop
     vertex  2.866397e+02  1.201275e+02  1.506433e+02
     vertex  2.858865e+02  6.633064e+01  1.506433e+02
     vertex  2.866397e+02  6.523944e+01  1.506433e+02
   endloop
 endfacet
 facet normal -3.333608e-15  5.695936e-15  1.000000e+00
   outer loop
     vertex  2.866397e+02  1.201275e+02  1.506433e+02
     vertex  2.866397e+02  6.523944e+01  1.506433e+02
     vertex  2.992719e+02  4.768346e+01  1.506433e+02
   endloop
 endfacet
 facet normal  2.992222e-14  5.392536e-15  1.000000e+00
   outer loop
     vertex  2.866397e+02  1.201275e+02  1.506433e+02
     vertex  2.858865e+02  1.190363e+02  1.506433e+02
     vertex  2.858865e+02  6.633064e+01  1.506433e+02
   endloop
 endfacet
 facet normal -1.133847e-14  4.300113e-15  1.000000e+00
   outer loop
     vertex  2.871099e+02  1.213672e+02  1.506433e+02
     vertex  2.866397e+02  1.201275e+02  1.506433e+02
     vertex  2.992719e+02  4.768346e+01  1.506433e+02
   endloop
 endfacet
 facet normal -2.154296e-14  2.615789e-15  1.000000e+00
   outer loop
     vertex  2.872697e+02  1.226835e+02  1.506433e+02
     vertex  2.871099e+02  1.213672e+02  1.506433e+02
     vertex  2.992719e+02  4.768346e+01  1.506433e+02
   endloop
 endfacet
 facet normal  4.240130e-15  4.786118e-15  1.000000e+00
   outer loop
     vertex  2.786454e+02  2.501571e+02  1.506433e+02
     vertex  2.776529e+02  2.510363e+02  1.506433e+02
     vertex  2.776529e+02  1.263306e+02  1.506433e+02
   endloop
 endfacet
 facet normal -1.196713e-13  5.779252e-15  1.000000e+00
   outer loop
     vertex  2.786454e+02  2.501571e+02  1.506433e+02
     vertex  2.776529e+02  1.263306e+02  1.506433e+02
     vertex  2.786454e+02  1.272099e+02  1.506433e+02
   endloop
 endfacet
 facet normal -1.440048e-13  4.786118e-15  1.000000e+00
   outer loop
     vertex  2.768997e+02  2.521275e+02  1.506433e+02
     vertex  2.776529e+02  1.263306e+02  1.506433e+02
     vertex  2.776529e+02  2.510363e+02  1.506433e+02
   endloop
 endfacet
 facet normal -8.112654e-15  5.599761e-15  1.000000e+00
   outer loop
     vertex  2.768997e+02  2.521275e+02  1.506433e+02
     vertex  2.768997e+02  1.252394e+02  1.506433e+02
     vertex  2.776529e+02  1.263306e+02  1.506433e+02
   endloop
 endfacet
 facet normal  3.033185e-15  5.779252e-15  1.000000e+00
   outer loop
     vertex  2.798194e+02  2.495409e+02  1.506433e+02
     vertex  2.786454e+02  2.501571e+02  1.506433e+02
     vertex  2.786454e+02  1.272099e+02  1.506433e+02
   endloop
 endfacet
 facet normal -3.063896e-15  5.837767e-15  1.000000e+00
   outer loop
     vertex  2.798194e+02  2.495409e+02  1.506433e+02
     vertex  2.786454e+02  1.272099e+02  1.506433e+02
     vertex  2.798194e+02  1.278261e+02  1.506433e+02
   endloop
 endfacet
 facet normal -4.568426e-14  5.599761e-15  1.000000e+00
   outer loop
     vertex  2.764295e+02  2.533672e+02  1.506433e+02
     vertex  2.768997e+02  1.252394e+02  1.506433e+02
     vertex  2.768997e+02  2.521275e+02  1.506433e+02
   endloop
 endfacet
 facet normal -1.506166e-14  5.712132e-15  1.000000e+00
   outer loop
     vertex  2.764295e+02  2.533672e+02  1.506433e+02
     vertex  2.764295e+02  1.239997e+02  1.506433e+02
     vertex  2.768997e+02  1.252394e+02  1.506433e+02
   endloop
 endfacet
 facet normal  6.767065e-14  5.837767e-15  1.000000e+00
   outer loop
     vertex  2.811068e+02  2.492236e+02  1.506433e+02
     vertex  2.798194e+02  2.495409e+02  1.506433e+02
     vertex  2.798194e+02  1.278261e+02  1.506433e+02
   endloop
 endfacet
 facet normal -1.619993e-15  6.572568e-15  1.000000e+00
   outer loop
     vertex  2.811068e+02  2.492236e+02  1.506433e+02
     vertex  2.798194e+02  1.278261e+02  1.506433e+02
     vertex  2.811068e+02  1.281434e+02  1.506433e+02
   endloop
 endfacet
 facet normal -1.408878e-28  6.572568e-15  1.000000e+00
   outer loop
     vertex  2.824327e+02  2.492236e+02  1.506433e+02
     vertex  2.811068e+02  2.492236e+02  1.506433e+02
     vertex  2.811068e+02  1.281434e+02  1.506433e+02
   endloop
 endfacet
 facet normal  8.574292e-14  5.633630e-15  1.000000e+00
   outer loop
     vertex  2.824327e+02  2.492236e+02  1.506433e+02
     vertex  2.811068e+02  1.281434e+02  1.506433e+02
     vertex  2.824327e+02  1.281434e+02  1.506433e+02
   endloop
 endfacet
 facet normal -8.969759e-14  5.633630e-15  1.000000e+00
   outer loop
     vertex  2.837200e+02  2.495409e+02  1.506433e+02
     vertex  2.824327e+02  2.492236e+02  1.506433e+02
     vertex  2.824327e+02  1.281434e+02  1.506433e+02
   endloop
 endfacet
 facet normal  1.151104e-15  4.670213e-15  1.000000e+00
   outer loop
     vertex  2.837200e+02  2.495409e+02  1.506433e+02
     vertex  2.824327e+02  1.281434e+02  1.506433e+02
     vertex  2.837200e+02  1.278261e+02  1.506433e+02
   endloop
 endfacet
 facet normal -1.180103e-13  5.779252e-15  1.000000e+00
   outer loop
     vertex  2.848941e+02  2.501571e+02  1.506433e+02
     vertex  2.837200e+02  1.278261e+02  1.506433e+02
     vertex  2.848941e+02  1.272099e+02  1.506433e+02
   endloop
 endfacet
 facet normal -2.451117e-15  4.670213e-15  1.000000e+00
   outer loop
     vertex  2.848941e+02  2.501571e+02  1.506433e+02
     vertex  2.837200e+02  2.495409e+02  1.506433e+02
     vertex  2.837200e+02  1.278261e+02  1.506433e+02
   endloop
 endfacet
 facet normal  5.047774e-15  5.697759e-15  1.000000e+00
   outer loop
     vertex  2.858865e+02  2.510363e+02  1.506433e+02
     vertex  2.848941e+02  1.272099e+02  1.506433e+02
     vertex  2.858865e+02  1.263306e+02  1.506433e+02
   endloop
 endfacet
 facet normal -5.119971e-15  5.779252e-15  1.000000e+00
   outer loop
     vertex  2.858865e+02  2.510363e+02  1.506433e+02
     vertex  2.848941e+02  2.501571e+02  1.506433e+02
     vertex  2.848941e+02  1.272099e+02  1.506433e+02
   endloop
 endfacet
 facet normal -8.254629e-15  5.697759e-15  1.000000e+00
   outer loop
     vertex  2.866397e+02  2.521275e+02  1.506433e+02
     vertex  2.858865e+02  2.510363e+02  1.506433e+02
     vertex  2.858865e+02  1.263306e+02  1.506433e+02
   endloop
 endfacet
 facet normal  8.112654e-15  5.599761e-15  1.000000e+00
   outer loop
     vertex  2.866397e+02  2.521275e+02  1.506433e+02
     vertex  2.858865e+02  1.263306e+02  1.506433e+02
     vertex  2.866397e+02  1.252394e+02  1.506433e+02
   endloop
 endfacet
 facet normal -4.538796e-14  5.712132e-15  1.000000e+00
   outer loop
     vertex  2.871099e+02  2.533672e+02  1.506433e+02
     vertex  2.866397e+02  1.252394e+02  1.506433e+02
     vertex  2.871099e+02  1.239997e+02  1.506433e+02
   endloop
 endfacet
 facet normal -1.476536e-14  5.599761e-15  1.000000e+00
   outer loop
     vertex  2.871099e+02  2.533672e+02  1.506433e+02
     vertex  2.866397e+02  2.521275e+02  1.506433e+02
     vertex  2.866397e+02  1.252394e+02  1.506433e+02
   endloop
 endfacet
 facet normal -2.940524e-15  5.602700e-15  1.000000e+00
   outer loop
     vertex  2.786454e+02  3.251571e+02  1.506433e+02
     vertex  2.786454e+02  2.592099e+02  1.506433e+02
     vertex  2.798194e+02  2.598261e+02  1.506433e+02
   endloop
 endfacet
 facet normal -1.195149e-13  5.602700e-15  1.000000e+00
   outer loop
     vertex  2.786454e+02  3.251571e+02  1.506433e+02
     vertex  2.776529e+02  2.583306e+02  1.506433e+02
     vertex  2.786454e+02  2.592099e+02  1.506433e+02
   endloop
 endfacet
 facet normal -1.097167e-13  5.457184e-15  1.000000e+00
   outer loop
     vertex  2.786454e+02  3.251571e+02  1.506433e+02
     vertex  2.776529e+02  3.260363e+02  1.506433e+02
     vertex  2.776529e+02  2.583306e+02  1.506433e+02
   endloop
 endfacet
 facet normal  2.948628e-14  5.693448e-15  1.000000e+00
   outer loop
     vertex  2.768997e+02  3.271275e+02  1.506433e+02
     vertex  2.768997e+02  2.572394e+02  1.506433e+02
     vertex  2.776529e+02  2.583306e+02  1.506433e+02
   endloop
 endfacet
 facet normal  7.906097e-15  5.457184e-15  1.000000e+00
   outer loop
     vertex  2.768997e+02  3.271275e+02  1.506433e+02
     vertex  2.776529e+02  2.583306e+02  1.506433e+02
     vertex  2.776529e+02  3.260363e+02  1.506433e+02
   endloop
 endfacet
 facet normal -2.144267e-14  5.270207e-15  1.000000e+00
   outer loop
     vertex  2.798194e+02  3.245409e+02  1.506433e+02
     vertex  2.786454e+02  3.251571e+02  1.506433e+02
     vertex  2.798194e+02  2.598261e+02  1.506433e+02
   endloop
 endfacet
 facet normal -2.337624e-14  5.270207e-15  1.000000e+00
   outer loop
     vertex  2.798194e+02  3.245409e+02  1.506433e+02
     vertex  2.798194e+02  2.598261e+02  1.506433e+02
     vertex  2.811068e+02  2.601434e+02  1.506433e+02
   endloop
 endfacet
 facet normal -1.553360e-14  5.891118e-15  1.000000e+00
   outer loop
     vertex  2.764295e+02  3.283672e+02  1.506433e+02
     vertex  2.764295e+02  2.559997e+02  1.506433e+02
     vertex  2.768997e+02  2.572394e+02  1.506433e+02
   endloop
 endfacet
 facet normal -4.543723e-14  5.693448e-15  1.000000e+00
   outer loop
     vertex  2.764295e+02  3.283672e+02  1.506433e+02
     vertex  2.768997e+02  2.572394e+02  1.506433e+02
     vertex  2.768997e+02  3.271275e+02  1.506433e+02
   endloop
 endfacet
 facet normal  1.421175e-15  5.765934e-15  1.000000e+00
   outer loop
     vertex  2.811068e+02  3.242236e+02  1.506433e+02
     vertex  2.798194e+02  3.245409e+02  1.506433e+02
     vertex  2.811068e+02  2.601434e+02  1.506433e+02
   endloop
 endfacet
 facet normal  0.000000e+00  7.540068e-15  1.000000e+00
   outer loop
     vertex  2.824327e+02  3.242236e+02  1.506433e+02
     vertex  2.811068e+02  2.601434e+02  1.506433e+02
     vertex  2.824327e+02  2.601434e+02  1.506433e+02
   endloop
 endfacet
 facet normal  8.574292e-14  5.765934e-15  1.000000e+00
   outer loop
     vertex  2.824327e+02  3.242236e+02  1.506433e+02
     vertex  2.811068e+02  3.242236e+02  1.506433e+02
     vertex  2.811068e+02  2.601434e+02  1.506433e+02
   endloop
 endfacet
 facet normal  8.971626e-14  5.709391e-15  1.000000e+00
   outer loop
     vertex  2.837200e+02  3.245409e+02  1.506433e+02
     vertex  2.824327e+02  2.601434e+02  1.506433e+02
     vertex  2.837200e+02  2.598261e+02  1.506433e+02
   endloop
 endfacet
 facet normal -1.858460e-15  7.540068e-15  1.000000e+00
   outer loop
     vertex  2.837200e+02  3.245409e+02  1.506433e+02
     vertex  2.824327e+02  3.242236e+02  1.506433e+02
     vertex  2.824327e+02  2.601434e+02  1.506433e+02
   endloop
 endfacet
 facet normal -2.367428e-14  5.602700e-15  1.000000e+00
   outer loop
     vertex  2.848941e+02  3.251571e+02  1.506433e+02
     vertex  2.848941e+02  2.592099e+02  1.506433e+02
     vertex  2.858865e+02  2.583306e+02  1.506433e+02
   endloop
 endfacet
 facet normal -9.389424e-14  5.602700e-15  1.000000e+00
   outer loop
     vertex  2.848941e+02  3.251571e+02  1.506433e+02
     vertex  2.837200e+02  2.598261e+02  1.506433e+02
     vertex  2.848941e+02  2.592099e+02  1.506433e+02
   endloop
 endfacet
 facet normal -9.983128e-14  5.709391e-15  1.000000e+00
   outer loop
     vertex  2.848941e+02  3.251571e+02  1.506433e+02
     vertex  2.837200e+02  3.245409e+02  1.506433e+02
     vertex  2.837200e+02  2.598261e+02  1.506433e+02
   endloop
 endfacet
 facet normal -5.206539e-15  5.876968e-15  1.000000e+00
   outer loop
     vertex  2.858865e+02  3.260363e+02  1.506433e+02
     vertex  2.848941e+02  3.251571e+02  1.506433e+02
     vertex  2.858865e+02  2.583306e+02  1.506433e+02
   endloop
 endfacet
 facet normal -8.514258e-15  5.876968e-15  1.000000e+00
   outer loop
     vertex  2.866397e+02  3.271275e+02  1.506433e+02
     vertex  2.858865e+02  3.260363e+02  1.506433e+02
     vertex  2.858865e+02  2.583306e+02  1.506433e+02
   endloop
 endfacet
 facet normal  8.248383e-15  5.693448e-15  1.000000e+00
   outer loop
     vertex  2.866397e+02  3.271275e+02  1.506433e+02
     vertex  2.858865e+02  2.583306e+02  1.506433e+02
     vertex  2.866397e+02  2.572394e+02  1.506433e+02
   endloop
 endfacet
 facet normal -1.501239e-14  5.693448e-15  1.000000e+00
   outer loop
     vertex  2.871099e+02  3.283672e+02  1.506433e+02
     vertex  2.866397e+02  3.271275e+02  1.506433e+02
     vertex  2.866397e+02  2.572394e+02  1.506433e+02
   endloop
 endfacet
 facet normal  1.449803e-14  5.498377e-15  1.000000e+00
   outer loop
     vertex  2.871099e+02  3.283672e+02  1.506433e+02
     vertex  2.866397e+02  2.572394e+02  1.506433e+02
     vertex  2.871099e+02  2.559997e+02  1.506433e+02
   endloop
 endfacet
 facet normal -2.621755e-14  3.183387e-15  1.000000e+00
   outer loop
     vertex  2.642675e+02  3.611835e+02  1.506433e+02
     vertex  2.762697e+02  2.546835e+02  1.506433e+02
     vertex  2.764295e+02  2.559997e+02  1.506433e+02
   endloop
 endfacet
 facet normal -2.799644e-15  5.891118e-15  1.000000e+00
   outer loop
     vertex  2.642675e+02  3.611835e+02  1.506433e+02
     vertex  2.764295e+02  2.559997e+02  1.506433e+02
     vertex  2.764295e+02  3.283672e+02  1.506433e+02
   endloop
 endfacet
 facet normal -7.895303e-14 -3.795877e-14  1.000000e+00
   outer loop
     vertex  2.642675e+02  3.611835e+02  1.506433e+02
     vertex  2.798194e+02  3.348261e+02  1.506433e+02
     vertex  2.811068e+02  3.351434e+02  1.506433e+02
   endloop
 endfacet
 facet normal -3.457012e-15  6.586786e-15  1.000000e+00
   outer loop
     vertex  2.642675e+02  3.611835e+02  1.506433e+02
     vertex  2.786454e+02  3.342099e+02  1.506433e+02
     vertex  2.798194e+02  3.348261e+02  1.506433e+02
   endloop
 endfacet
 facet normal -5.072504e-15  5.725673e-15  1.000000e+00
   outer loop
     vertex  2.642675e+02  3.611835e+02  1.506433e+02
     vertex  2.776529e+02  3.333306e+02  1.506433e+02
     vertex  2.786454e+02  3.342099e+02  1.506433e+02
   endloop
 endfacet
 facet normal -6.972338e-15  4.812658e-15  1.000000e+00
   outer loop
     vertex  2.642675e+02  3.611835e+02  1.506433e+02
     vertex  2.768997e+02  3.322394e+02  1.506433e+02
     vertex  2.776529e+02  3.333306e+02  1.506433e+02
   endloop
 endfacet
 facet normal -9.630713e-15  3.652448e-15  1.000000e+00
   outer loop
     vertex  2.642675e+02  3.611835e+02  1.506433e+02
     vertex  2.764295e+02  3.309997e+02  1.506433e+02
     vertex  2.768997e+02  3.322394e+02  1.506433e+02
   endloop
 endfacet
 facet normal -1.436618e-14  1.744371e-15  1.000000e+00
   outer loop
     vertex  2.642675e+02  3.611835e+02  1.506433e+02
     vertex  2.762697e+02  3.296835e+02  1.506433e+02
     vertex  2.764295e+02  3.309997e+02  1.506433e+02
   endloop
 endfacet
 facet normal -2.780506e-14 -3.376146e-15  1.000000e+00
   outer loop
     vertex  2.642675e+02  3.611835e+02  1.506433e+02
     vertex  2.764295e+02  3.283672e+02  1.506433e+02
     vertex  2.762697e+02  3.296835e+02  1.506433e+02
   endloop
 endfacet
 facet normal -1.249909e-14  5.498377e-15  1.000000e+00
   outer loop
     vertex  2.992719e+02  3.611835e+02  1.506433e+02
     vertex  2.871099e+02  3.283672e+02  1.506433e+02
     vertex  2.871099e+02  2.559997e+02  1.506433e+02
   endloop
 endfacet
 facet normal  3.475633e-15 -4.220182e-16  1.000000e+00
   outer loop
     vertex  2.992719e+02  3.611835e+02  1.506433e+02
     vertex  2.872697e+02  3.296835e+02  1.506433e+02
     vertex  2.871099e+02  3.283672e+02  1.506433e+02
   endloop
 endfacet
 facet normal  1.709840e-14  2.076122e-15  1.000000e+00
   outer loop
     vertex  2.992719e+02  3.611835e+02  1.506433e+02
     vertex  2.871099e+02  2.559997e+02  1.506433e+02
     vertex  2.872697e+02  2.546835e+02  1.506433e+02
   endloop
 endfacet
 facet normal -4.118044e-14  1.659296e-14  1.000000e+00
   outer loop
     vertex  2.992719e+02  3.611835e+02  1.506433e+02
     vertex  2.871099e+02  3.309997e+02  1.506433e+02
     vertex  2.872697e+02  3.296835e+02  1.506433e+02
   endloop
 endfacet
 facet normal  0.000000e+00  0.000000e+00  1.000000e+00
   outer loop
     vertex  2.992719e+02  3.611835e+02  1.506433e+02
     vertex  2.866397e+02  3.322394e+02  1.506433e+02
     vertex  2.871099e+02  3.309997e+02  1.506433e+02
   endloop
 endfacet
 facet normal -1.155884e-13  5.044689e-14  1.000000e+00
   outer loop
     vertex  2.992719e+02  3.611835e+02  1.506433e+02
     vertex  2.858865e+02  3.333306e+02  1.506433e+02
     vertex  2.866397e+02  3.322394e+02  1.506433e+02
   endloop
 endfacet
 facet normal -3.170315e-15 -3.578546e-15  1.000000e+00
   outer loop
     vertex  2.992719e+02  3.611835e+02  1.506433e+02
     vertex  2.848941e+02  3.342099e+02  1.506433e+02
     vertex  2.858865e+02  3.333306e+02  1.506433e+02
   endloop
 endfacet
 facet normal  7.350582e-14 -4.444958e-14  1.000000e+00
   outer loop
     vertex  2.992719e+02  3.611835e+02  1.506433e+02
     vertex  2.837200e+02  3.348261e+02  1.506433e+02
     vertex  2.848941e+02  3.342099e+02  1.506433e+02
   endloop
 endfacet
 facet normal -1.055530e-14  6.271752e-15  1.000000e+00
   outer loop
     vertex  2.992719e+02  3.611835e+02  1.506433e+02
     vertex  2.642675e+02  3.611835e+02  1.506433e+02
     vertex  2.811068e+02  3.351434e+02  1.506433e+02
   endloop
 endfacet
 facet normal -2.320365e-16 -9.414090e-16  1.000000e+00
   outer loop
     vertex  2.992719e+02  3.611835e+02  1.506433e+02
     vertex  2.824327e+02  3.351434e+02  1.506433e+02
     vertex  2.837200e+02  3.348261e+02  1.506433e+02
   endloop
 endfacet
 facet normal  0.000000e+00 -1.091459e-15  1.000000e+00
   outer loop
     vertex  2.992719e+02  3.611835e+02  1.506433e+02
     vertex  2.811068e+02  3.351434e+02  1.506433e+02
     vertex  2.824327e+02  3.351434e+02  1.506433e+02
   endloop
 endfacet
 facet normal -4.906033e-15  5.711540e-15  1.000000e+00
   outer loop
     vertex  2.642675e+02  3.611835e+02  1.506433e+02
     vertex  2.642675e+02  4.768346e+01  1.506433e+02
     vertex  2.762697e+02  1.226835e+02  1.506433e+02
   endloop
 endfacet
 facet normal  9.103422e-14  1.053961e-14  1.000000e+00
   outer loop
     vertex  2.642675e+02  3.611835e+02  1.506433e+02
     vertex  2.762697e+02  1.226835e+02  1.506433e+02
     vertex  2.764295e+02  1.239997e+02  1.506433e+02
   endloop
 endfacet
 facet normal -4.336635e-15  5.649297e-15  1.000000e+00
   outer loop
     vertex  2.642675e+02  3.611835e+02  1.506433e+02
     vertex  2.764295e+02  1.239997e+02  1.506433e+02
     vertex  2.762697e+02  2.546835e+02  1.506433e+02
   endloop
 endfacet
 facet normal  4.704364e-14  5.712132e-15  1.000000e+00
   outer loop
     vertex  2.762697e+02  2.546835e+02  1.506433e+02
     vertex  2.764295e+02  1.239997e+02  1.506433e+02
     vertex  2.764295e+02  2.533672e+02  1.506433e+02
   endloop
 endfacet
 facet normal -5.030667e-15  5.258243e-15  1.000000e+00
   outer loop
     vertex  2.992719e+02  4.768346e+01  1.506433e+02
     vertex  2.992719e+02  3.611835e+02  1.506433e+02
     vertex  2.872697e+02  1.226835e+02  1.506433e+02
   endloop
 endfacet
 facet normal  2.914239e-14  3.538527e-15  1.000000e+00
   outer loop
     vertex  2.872697e+02  1.226835e+02  1.506433e+02
     vertex  2.992719e+02  3.611835e+02  1.506433e+02
     vertex  2.871099e+02  1.239997e+02  1.506433e+02
   endloop
 endfacet
 facet normal -1.676650e-14  5.892590e-15  1.000000e+00
   outer loop
     vertex  2.871099e+02  1.239997e+02  1.506433e+02
     vertex  2.992719e+02  3.611835e+02  1.506433e+02
     vertex  2.872697e+02  2.546835e+02  1.506433e+02
   endloop
 endfacet
 facet normal  1.307921e-13  5.712132e-15  1.000000e+00
   outer loop
     vertex  2.871099e+02  1.239997e+02  1.506433e+02
     vertex  2.872697e+02  2.546835e+02  1.506433e+02
     vertex  2.871099e+02  2.533672e+02  1.506433e+02
   endloop
 endfacet
 facet normal  1.656548e-01  7.683454e-01  6.182263e-01
   outer loop
     vertex  3.045843e+02  3.575183e+02  1.547198e+02
     vertex  3.077719e+02  3.556857e+02  1.561433e+02
     vertex  3.074819e+02  3.575183e+02  1.539434e+02
   endloop
 endfacet
 facet normal  1.078098e-14  6.134294e-01  7.897495e-01
   outer loop
     vertex  3.045843e+02  3.575183e+02  1.547198e+02
     vertex  3.047719e+02  3.556857e+02  1.561433e+02
     vertex  3.077719e+02  3.556857e+02  1.561433e+02
   endloop
 endfacet
 facet normal  3.200306e-01  7.683217e-01  5.543123e-01
   outer loop
     vertex  3.040348e+02  3.593509e+02  1.533934e+02
     vertex  3.074819e+02  3.575183e+02  1.539434e+02
     vertex  3.066328e+02  3.593508e+02  1.518935e+02
   endloop
 endfacet
 facet normal  3.200164e-01  7.683454e-01  5.542877e-01
   outer loop
     vertex  3.040348e+02  3.593509e+02  1.533934e+02
     vertex  3.066328e+02  3.593508e+02  1.518935e+02
     vertex  3.052823e+02  3.611835e+02  1.501329e+02
   endloop
 endfacet
 facet normal  2.044085e-01  6.134186e-01  7.628465e-01
   outer loop
     vertex  3.040348e+02  3.593509e+02  1.533934e+02
     vertex  3.045843e+02  3.575183e+02  1.547198e+02
     vertex  3.074819e+02  3.575183e+02  1.539434e+02
   endloop
 endfacet
 facet normal  5.584373e-01  6.134294e-01  5.584373e-01
   outer loop
     vertex  3.031610e+02  3.611835e+02  1.522542e+02
     vertex  3.040348e+02  3.593509e+02  1.533934e+02
     vertex  3.052823e+02  3.611835e+02  1.501329e+02
   endloop
 endfacet
 facet normal -5.484251e-14  1.000000e+00  1.894781e-14
   outer loop
     vertex  3.003449e+02  3.611835e+02  1.507490e+02
     vertex  2.992719e+02  3.611835e+02  1.476433e+02
     vertex  2.992719e+02  3.611835e+02  1.506433e+02
   endloop
 endfacet
 facet normal  0.000000e+00  1.000000e+00  0.000000e+00
   outer loop
     vertex  3.003449e+02  3.611835e+02  1.507490e+02
     vertex  3.009302e+02  3.611835e+02  1.478066e+02
     vertex  2.992719e+02  3.611835e+02  1.476433e+02
   endloop
 endfacet
 facet normal  0.000000e+00  1.000000e+00  0.000000e+00
   outer loop
     vertex  3.013767e+02  3.611835e+02  1.510619e+02
     vertex  3.025247e+02  3.611835e+02  1.482903e+02
     vertex  3.009302e+02  3.611835e+02  1.478066e+02
   endloop
 endfacet
 facet normal  0.000000e+00  1.000000e+00  0.000000e+00
   outer loop
     vertex  3.013767e+02  3.611835e+02  1.510619e+02
     vertex  3.009302e+02  3.611835e+02  1.478066e+02
     vertex  3.003449e+02  3.611835e+02  1.507490e+02
   endloop
 endfacet
 facet normal  0.000000e+00  1.000000e+00  0.000000e+00
   outer loop
     vertex  3.023276e+02  3.611835e+02  1.515702e+02
     vertex  3.039943e+02  3.611835e+02  1.490758e+02
     vertex  3.025247e+02  3.611835e+02  1.482903e+02
   endloop
 endfacet
 facet normal  0.000000e+00  1.000000e+00  0.000000e+00
   outer loop
     vertex  3.023276e+02  3.611835e+02  1.515702e+02
     vertex  3.025247e+02  3.611835e+02  1.482903e+02
     vertex  3.013767e+02  3.611835e+02  1.510619e+02
   endloop
 endfacet
 facet normal  0.000000e+00  1.000000e+00  0.000000e+00
   outer loop
     vertex  3.031610e+02  3.611835e+02  1.522542e+02
     vertex  3.039943e+02  3.611835e+02  1.490758e+02
     vertex  3.023276e+02  3.611835e+02  1.515702e+02
   endloop
 endfacet
 facet normal  0.000000e+00  1.000000e+00  0.000000e+00
   outer loop
     vertex  3.052823e+02  3.611835e+02  1.501329e+02
     vertex  3.039943e+02  3.611835e+02  1.490758e+02
     vertex  3.031610e+02  3.611835e+02  1.522542e+02
   endloop
 endfacet
 facet normal  0.000000e+00 -1.000000e+00  0.000000e+00
   outer loop
     vertex  3.035720e+02  4.768346e+01  1.527141e+02
     vertex  3.059175e+02  4.768346e+01  1.508436e+02
     vertex  3.069302e+02  4.768346e+01  1.524553e+02
   endloop
 endfacet
 facet normal  1.174826e-14 -1.000000e+00  9.368925e-15
   outer loop
     vertex  3.027011e+02  4.768346e+01  1.518432e+02
     vertex  3.045716e+02  4.768346e+01  1.494977e+02
     vertex  3.059175e+02  4.768346e+01  1.508436e+02
   endloop
 endfacet
 facet normal  1.447925e-14 -1.000000e+00  1.815640e-14
   outer loop
     vertex  3.027011e+02  4.768346e+01  1.518432e+02
     vertex  3.059175e+02  4.768346e+01  1.508436e+02
     vertex  3.035720e+02  4.768346e+01  1.527141e+02
   endloop
 endfacet
 facet normal  8.466174e-15 -1.000000e+00  1.459233e-14
   outer loop
     vertex  3.016583e+02  4.768346e+01  1.511880e+02
     vertex  3.029599e+02  4.768346e+01  1.484850e+02
     vertex  3.045716e+02  4.768346e+01  1.494977e+02
   endloop
 endfacet
 facet normal  0.000000e+00 -1.000000e+00  0.000000e+00
   outer loop
     vertex  3.016583e+02  4.768346e+01  1.511880e+02
     vertex  3.045716e+02  4.768346e+01  1.494977e+02
     vertex  3.027011e+02  4.768346e+01  1.518432e+02
   endloop
 endfacet
 facet normal -6.519792e-15 -1.000000e+00 -1.353849e-14
   outer loop
     vertex  3.042273e+02  4.768346e+01  1.537569e+02
     vertex  3.069302e+02  4.768346e+01  1.524553e+02
     vertex  3.075588e+02  4.768346e+01  1.542519e+02
   endloop
 endfacet
 facet normal  0.000000e+00 -1.000000e+00 -0.000000e+00
   outer loop
     vertex  3.042273e+02  4.768346e+01  1.537569e+02
     vertex  3.035720e+02  4.768346e+01  1.527141e+02
     vertex  3.069302e+02  4.768346e+01  1.524553e+02
   endloop
 endfacet
 facet normal  1.003119e-14 -1.000000e+00  4.394952e-14
   outer loop
     vertex  3.046340e+02  4.768346e+01  1.549194e+02
     vertex  3.075588e+02  4.768346e+01  1.542519e+02
     vertex  3.077719e+02  4.768346e+01  1.561433e+02
   endloop
 endfacet
 facet normal -5.167584e-15 -1.000000e+00 -2.264066e-14
   outer loop
     vertex  3.046340e+02  4.768346e+01  1.549194e+02
     vertex  3.042273e+02  4.768346e+01  1.537569e+02
     vertex  3.075588e+02  4.768346e+01  1.542519e+02
   endloop
 endfacet
 facet normal  1.251494e-14 -1.000000e+00  2.229154e-14
   outer loop
     vertex  3.004958e+02  4.768346e+01  1.507812e+02
     vertex  2.992719e+02  4.768346e+01  1.476433e+02
     vertex  3.011634e+02  4.768346e+01  1.478564e+02
   endloop
 endfacet
 facet normal  8.352179e-15 -1.000000e+00  2.134141e-14
   outer loop
     vertex  3.004958e+02  4.768346e+01  1.507812e+02
     vertex  3.011634e+02  4.768346e+01  1.478564e+02
     vertex  3.029599e+02  4.768346e+01  1.484850e+02
   endloop
 endfacet
 facet normal -3.148831e-15 -1.000000e+00  8.998842e-15
   outer loop
     vertex  3.004958e+02  4.768346e+01  1.507812e+02
     vertex  3.029599e+02  4.768346e+01  1.484850e+02
     vertex  3.016583e+02  4.768346e+01  1.511880e+02
   endloop
 endfacet
 facet normal  2.108800e-14 -1.000000e+00  1.894781e-14
   outer loop
     vertex  2.992719e+02  4.768346e+01  1.506433e+02
     vertex  2.992719e+02  4.768346e+01  1.476433e+02
     vertex  3.004958e+02  4.768346e+01  1.507812e+02
   endloop
 endfacet
 facet normal  9.473903e-15 -1.000000e+00  4.537837e-14
   outer loop
     vertex  3.047719e+02  4.768346e+01  1.561433e+02
     vertex  3.046340e+02  4.768346e+01  1.549194e+02
     vertex  3.077719e+02  4.768346e+01  1.561433e+02
   endloop
 endfacet
 facet normal -9.937122e-01 -6.369757e-15  1.119645e-01
   outer loop
     vertex  3.047719e+02  3.556857e+02  1.561433e+02
     vertex  3.046340e+02  4.768346e+01  1.549194e+02
     vertex  3.047719e+02  4.768346e+01  1.561433e+02
   endloop
 endfacet
 facet normal -9.438833e-01  6.112119e-05  3.302791e-01
   outer loop
     vertex  3.045843e+02  3.575183e+02  1.547198e+02
     vertex  3.042273e+02  4.768346e+01  1.537569e+02
     vertex  3.046340e+02  4.768346e+01  1.549194e+02
   endloop
 endfacet
 facet normal -9.914330e-01 -7.513295e-05  1.306159e-01
   outer loop
     vertex  3.045843e+02  3.575183e+02  1.547198e+02
     vertex  3.046340e+02  4.768346e+01  1.549194e+02
     vertex  3.047719e+02  3.556857e+02  1.561433e+02
   endloop
 endfacet
 facet normal -8.467242e-01  9.775910e-05  5.320321e-01
   outer loop
     vertex  3.040348e+02  3.593509e+02  1.533934e+02
     vertex  3.035720e+02  4.768346e+01  1.527141e+02
     vertex  3.042273e+02  4.768346e+01  1.537569e+02
   endloop
 endfacet
 facet normal -9.239402e-01 -1.242659e-04  3.825369e-01
   outer loop
     vertex  3.040348e+02  3.593509e+02  1.533934e+02
     vertex  3.042273e+02  4.768346e+01  1.537569e+02
     vertex  3.045843e+02  3.575183e+02  1.547198e+02
   endloop
 endfacet
 facet normal -7.071068e-01  1.103121e-04  7.071068e-01
   outer loop
     vertex  3.031610e+02  3.611835e+02  1.522542e+02
     vertex  3.027011e+02  4.768346e+01  1.518432e+02
     vertex  3.035720e+02  4.768346e+01  1.527141e+02
   endloop
 endfacet
 facet normal -7.935815e-01 -1.477584e-04  6.084639e-01
   outer loop
     vertex  3.031610e+02  3.611835e+02  1.522542e+02
     vertex  3.035720e+02  4.768346e+01  1.527141e+02
     vertex  3.040348e+02  3.593509e+02  1.533934e+02
   endloop
 endfacet
 facet normal -5.320321e-01  1.034108e-04  8.467242e-01
   outer loop
     vertex  3.023276e+02  3.611835e+02  1.515702e+02
     vertex  3.016583e+02  4.768346e+01  1.511880e+02
     vertex  3.027011e+02  4.768346e+01  1.518432e+02
   endloop
 endfacet
 facet normal -6.343933e-01 -8.275307e-05  7.730105e-01
   outer loop
     vertex  3.023276e+02  3.611835e+02  1.515702e+02
     vertex  3.027011e+02  4.768346e+01  1.518432e+02
     vertex  3.031610e+02  3.611835e+02  1.522542e+02
   endloop
 endfacet
 facet normal -3.302791e-01  8.271237e-05  9.438833e-01
   outer loop
     vertex  3.013767e+02  3.611835e+02  1.510619e+02
     vertex  3.004958e+02  4.768346e+01  1.507812e+02
     vertex  3.016583e+02  4.768346e+01  1.511880e+02
   endloop
 endfacet
 facet normal -4.713967e-01 -6.895185e-05  8.819213e-01
   outer loop
     vertex  3.013767e+02  3.611835e+02  1.510619e+02
     vertex  3.016583e+02  4.768346e+01  1.511880e+02
     vertex  3.023276e+02  3.611835e+02  1.515702e+02
   endloop
 endfacet
 facet normal -1.119645e-01  4.823306e-05  9.937122e-01
   outer loop
     vertex  3.003449e+02  3.611835e+02  1.507490e+02
     vertex  2.992719e+02  4.768346e+01  1.506433e+02
     vertex  3.004958e+02  4.768346e+01  1.507812e+02
   endloop
 endfacet
 facet normal -2.902847e-01 -4.136025e-05  9.569403e-01
   outer loop
     vertex  3.003449e+02  3.611835e+02  1.507490e+02
     vertex  3.004958e+02  4.768346e+01  1.507812e+02
     vertex  3.013767e+02  3.611835e+02  1.510619e+02
   endloop
 endfacet
 facet normal -9.801714e-02  4.557574e-15  9.951847e-01
   outer loop
     vertex  2.992719e+02  3.611835e+02  1.506433e+02
     vertex  2.992719e+02  4.768346e+01  1.506433e+02
     vertex  3.003449e+02  3.611835e+02  1.507490e+02
   endloop
 endfacet
 facet normal  9.937122e-01  6.297434e-15 -1.119645e-01
   outer loop
     vertex  3.077719e+02  3.556857e+02  1.561433e+02
     vertex  3.077719e+02  4.768346e+01  1.561433e+02
     vertex  3.075588e+02  4.768346e+01  1.542519e+02
   endloop
 endfacet
 facet normal  9.438833e-01 -9.448832e-05 -3.302791e-01
   outer loop
     vertex  3.074819e+02  3.575183e+02  1.539434e+02
     vertex  3.075588e+02  4.768346e+01  1.542519e+02
     vertex  3.069302e+02  4.768346e+01  1.524553e+02
   endloop
 endfacet
 facet normal  9.914332e-01  1.161049e-04 -1.306144e-01
   outer loop
     vertex  3.074819e+02  3.575183e+02  1.539434e+02
     vertex  3.077719e+02  3.556857e+02  1.561433e+02
     vertex  3.075588e+02  4.768346e+01  1.542519e+02
   endloop
 endfacet
 facet normal  8.467242e-01 -1.511012e-04 -5.320321e-01
   outer loop
     vertex  3.066328e+02  3.593508e+02  1.518935e+02
     vertex  3.069302e+02  4.768346e+01  1.524553e+02
     vertex  3.059175e+02  4.768346e+01  1.508436e+02
   endloop
 endfacet
 facet normal  9.239402e-01  1.920146e-04 -3.825369e-01
   outer loop
     vertex  3.066328e+02  3.593508e+02  1.518935e+02
     vertex  3.074819e+02  3.575183e+02  1.539434e+02
     vertex  3.069302e+02  4.768346e+01  1.524553e+02
   endloop
 endfacet
 facet normal  7.071068e-01 -1.704823e-04 -7.071068e-01
   outer loop
     vertex  3.052823e+02  3.611835e+02  1.501329e+02
     vertex  3.059175e+02  4.768346e+01  1.508436e+02
     vertex  3.045716e+02  4.768346e+01  1.494977e+02
   endloop
 endfacet
 facet normal  7.935806e-01  2.283492e-04 -6.084651e-01
   outer loop
     vertex  3.052823e+02  3.611835e+02  1.501329e+02
     vertex  3.066328e+02  3.593508e+02  1.518935e+02
     vertex  3.059175e+02  4.768346e+01  1.508436e+02
   endloop
 endfacet
 facet normal  5.320321e-01 -1.598167e-04 -8.467242e-01
   outer loop
     vertex  3.039943e+02  3.611835e+02  1.490758e+02
     vertex  3.045716e+02  4.768346e+01  1.494977e+02
     vertex  3.029599e+02  4.768346e+01  1.484850e+02
   endloop
 endfacet
 facet normal  6.343933e-01  1.278911e-04 -7.730104e-01
   outer loop
     vertex  3.039943e+02  3.611835e+02  1.490758e+02
     vertex  3.052823e+02  3.611835e+02  1.501329e+02
     vertex  3.045716e+02  4.768346e+01  1.494977e+02
   endloop
 endfacet
 facet normal  3.302791e-01 -1.278282e-04 -9.438833e-01
   outer loop
     vertex  3.025247e+02  3.611835e+02  1.482903e+02
     vertex  3.029599e+02  4.768346e+01  1.484850e+02
     vertex  3.011634e+02  4.768346e+01  1.478564e+02
   endloop
 endfacet
 facet normal  4.713967e-01  1.065619e-04 -8.819213e-01
   outer loop
     vertex  3.025247e+02  3.611835e+02  1.482903e+02
     vertex  3.039943e+02  3.611835e+02  1.490758e+02
     vertex  3.029599e+02  4.768346e+01  1.484850e+02
   endloop
 endfacet
 facet normal  1.119645e-01 -7.454200e-05 -9.937122e-01
   outer loop
     vertex  3.009302e+02  3.611835e+02  1.478066e+02
     vertex  3.011634e+02  4.768346e+01  1.478564e+02
     vertex  2.992719e+02  4.768346e+01  1.476433e+02
   endloop
 endfacet
 facet normal  2.902847e-01  6.392039e-05 -9.569403e-01
   outer loop
     vertex  3.009302e+02  3.611835e+02  1.478066e+02
     vertex  3.025247e+02  3.611835e+02  1.482903e+02
     vertex  3.011634e+02  4.768346e+01  1.478564e+02
   endloop
 endfacet
 facet normal  9.801714e-02 -4.539802e-15 -9.951847e-01
   outer loop
     vertex  2.992719e+02  3.611835e+02  1.476433e+02
     vertex  3.009302e+02  3.611835e+02  1.478066e+02
     vertex  2.992719e+02  4.768346e+01  1.476433e+02
   endloop
 endfacet
 facet normal -4.736952e-14  5.738478e-15  1.000000e+00
   outer loop
     vertex  3.047719e+02  3.151835e+02  1.966455e+02
     vertex  3.047719e+02  5.268346e+01  1.966455e+02
     vertex  3.077719e+02  5.268346e+01  1.966455e+02
   endloop
 endfacet
 facet normal -4.736952e-14  5.738478e-15  1.000000e+00
   outer loop
     vertex  3.047719e+02  3.151835e+02  1.966455e+02
     vertex  3.077719e+02  5.268346e+01  1.966455e+02
     vertex  3.077719e+02  3.151835e+02  1.966455e+02
   endloop
 endfacet
 facet normal  5.171371e-15 -9.937122e-01  1.119645e-01
   outer loop
     vertex  3.047719e+02  4.780882e+01  1.927581e+02
     vertex  3.077719e+02  4.768346e+01  1.916455e+02
     vertex  3.077719e+02  4.780882e+01  1.927581e+02
   endloop
 endfacet
 facet normal  5.164506e-15 -9.937122e-01  1.119645e-01
   outer loop
     vertex  3.047719e+02  4.780882e+01  1.927581e+02
     vertex  3.047719e+02  4.768346e+01  1.916455e+02
     vertex  3.077719e+02  4.768346e+01  1.916455e+02
   endloop
 endfacet
 facet normal -3.573868e-15 -9.438833e-01  3.302791e-01
   outer loop
     vertex  3.047719e+02  4.817862e+01  1.938149e+02
     vertex  3.077719e+02  4.780882e+01  1.927581e+02
     vertex  3.077719e+02  4.817862e+01  1.938149e+02
   endloop
 endfacet
 facet normal -3.569706e-15 -9.438833e-01  3.302791e-01
   outer loop
     vertex  3.047719e+02  4.817862e+01  1.938149e+02
     vertex  3.047719e+02  4.780882e+01  1.927581e+02
     vertex  3.077719e+02  4.780882e+01  1.927581e+02
   endloop
 endfacet
 facet normal -1.213990e-14 -8.467242e-01  5.320321e-01
   outer loop
     vertex  3.047719e+02  4.877430e+01  1.947629e+02
     vertex  3.077719e+02  4.817862e+01  1.938149e+02
     vertex  3.077719e+02  4.877430e+01  1.947629e+02
   endloop
 endfacet
 facet normal -1.213039e-14 -8.467242e-01  5.320321e-01
   outer loop
     vertex  3.047719e+02  4.877430e+01  1.947629e+02
     vertex  3.047719e+02  4.817862e+01  1.938149e+02
     vertex  3.077719e+02  4.817862e+01  1.938149e+02
   endloop
 endfacet
 facet normal  6.699061e-15 -7.071068e-01  7.071068e-01
   outer loop
     vertex  3.047719e+02  4.956601e+01  1.955547e+02
     vertex  3.077719e+02  4.877430e+01  1.947629e+02
     vertex  3.077719e+02  4.956601e+01  1.955547e+02
   endloop
 endfacet
 facet normal -2.009612e-14 -7.071068e-01  7.071068e-01
   outer loop
     vertex  3.047719e+02  4.956601e+01  1.955547e+02
     vertex  3.047719e+02  4.877430e+01  1.947629e+02
     vertex  3.077719e+02  4.877430e+01  1.947629e+02
   endloop
 endfacet
 facet normal -2.704671e-14 -5.320321e-01  8.467242e-01
   outer loop
     vertex  3.047719e+02  5.051404e+01  1.961503e+02
     vertex  3.077719e+02  4.956601e+01  1.955547e+02
     vertex  3.077719e+02  5.051404e+01  1.961503e+02
   endloop
 endfacet
 facet normal  5.024031e-15 -5.320321e-01  8.467242e-01
   outer loop
     vertex  3.047719e+02  5.051404e+01  1.961503e+02
     vertex  3.047719e+02  4.956601e+01  1.955547e+02
     vertex  3.077719e+02  4.956601e+01  1.955547e+02
   endloop
 endfacet
 facet normal -3.264001e-14 -3.302791e-01  9.438833e-01
   outer loop
     vertex  3.047719e+02  5.157086e+01  1.965201e+02
     vertex  3.077719e+02  5.051404e+01  1.961503e+02
     vertex  3.077719e+02  5.157086e+01  1.965201e+02
   endloop
 endfacet
 facet normal -3.263968e-14 -3.302791e-01  9.438833e-01
   outer loop
     vertex  3.047719e+02  5.157086e+01  1.965201e+02
     vertex  3.047719e+02  5.051404e+01  1.961503e+02
     vertex  3.077719e+02  5.051404e+01  1.961503e+02
   endloop
 endfacet
 facet normal -4.601093e-14 -1.119645e-01  9.937122e-01
   outer loop
     vertex  3.047719e+02  5.268346e+01  1.966455e+02
     vertex  3.077719e+02  5.157086e+01  1.965201e+02
     vertex  3.077719e+02  5.268346e+01  1.966455e+02
   endloop
 endfacet
 facet normal -3.658949e-14 -1.119645e-01  9.937122e-01
   outer loop
     vertex  3.047719e+02  5.268346e+01  1.966455e+02
     vertex  3.047719e+02  5.157086e+01  1.965201e+02
     vertex  3.077719e+02  5.157086e+01  1.965201e+02
   endloop
 endfacet
 facet normal -1.000000e+00  0.000000e+00  0.000000e+00
   outer loop
     vertex  3.047719e+02  4.817862e+01  1.938149e+02
     vertex  3.047719e+02  4.768346e+01  1.916455e+02
     vertex  3.047719e+02  4.780882e+01  1.927581e+02
   endloop
 endfacet
 facet normal -1.000000e+00  0.000000e+00  0.000000e+00
   outer loop
     vertex  3.047719e+02  4.877430e+01  1.947629e+02
     vertex  3.047719e+02  4.768346e+01  1.916455e+02
     vertex  3.047719e+02  4.817862e+01  1.938149e+02
   endloop
 endfacet
 facet normal -1.000000e+00 -1.104447e-13  3.864627e-14
   outer loop
     vertex  3.047719e+02  4.956601e+01  1.955547e+02
     vertex  3.047719e+02  4.768346e+01  1.916455e+02
     vertex  3.047719e+02  4.877430e+01  1.947629e+02
   endloop
 endfacet
 facet normal -1.000000e+00  0.000000e+00  0.000000e+00
   outer loop
     vertex  3.047719e+02  5.157086e+01  1.965201e+02
     vertex  3.047719e+02  4.956601e+01  1.955547e+02
     vertex  3.047719e+02  5.051404e+01  1.961503e+02
   endloop
 endfacet
 facet normal -1.000000e+00 -1.608209e-16 -1.120786e-14
   outer loop
     vertex  3.047719e+02  5.268346e+01  1.966455e+02
     vertex  3.047719e+02  4.768346e+01  1.561433e+02
     vertex  3.047719e+02  4.768346e+01  1.916455e+02
   endloop
 endfacet
 facet normal -1.000000e+00  6.119316e-15 -1.748800e-14
   outer loop
     vertex  3.047719e+02  5.268346e+01  1.966455e+02
     vertex  3.047719e+02  4.768346e+01  1.916455e+02
     vertex  3.047719e+02  4.956601e+01  1.955547e+02
   endloop
 endfacet
 facet normal -1.000000e+00  0.000000e+00  0.000000e+00
   outer loop
     vertex  3.047719e+02  5.268346e+01  1.966455e+02
     vertex  3.047719e+02  4.956601e+01  1.955547e+02
     vertex  3.047719e+02  5.157086e+01  1.965201e+02
   endloop
 endfacet
 facet normal -1.000000e+00 -6.929483e-15 -1.037227e-14
   outer loop
     vertex  3.047719e+02  3.151835e+02  1.966455e+02
     vertex  3.047719e+02  4.768346e+01  1.561433e+02
     vertex  3.047719e+02  5.268346e+01  1.966455e+02
   endloop
 endfacet
 facet normal -1.000000e+00 -7.013099e-15 -9.820028e-15
   outer loop
     vertex  3.047719e+02  3.556857e+02  1.561433e+02
     vertex  3.047719e+02  4.768346e+01  1.561433e+02
     vertex  3.047719e+02  3.151835e+02  1.966455e+02
   endloop
 endfacet
 facet normal  9.473903e-15 -1.000000e+00  5.603931e-15
   outer loop
     vertex  3.077719e+02  4.768346e+01  1.916455e+02
     vertex  3.047719e+02  4.768346e+01  1.561433e+02
     vertex  3.077719e+02  4.768346e+01  1.561433e+02
   endloop
 endfacet
 facet normal  9.473903e-15 -1.000000e+00  5.603931e-15
   outer loop
     vertex  3.047719e+02  4.768346e+01  1.916455e+02
     vertex  3.047719e+02  4.768346e+01  1.561433e+02
     vertex  3.077719e+02  4.768346e+01  1.916455e+02
   endloop
 endfacet
 facet normal  1.000000e+00 -6.163531e-14  5.803503e-14
   outer loop
     vertex  3.077719e+02  4.877430e+01  1.947629e+02
     vertex  3.077719e+02  4.780882e+01  1.927581e+02
     vertex  3.077719e+02  4.768346e+01  1.916455e+02
   endloop
 endfacet
 facet normal  1.000000e+00  2.153512e-13 -7.535466e-14
   outer loop
     vertex  3.077719e+02  4.877430e+01  1.947629e+02
     vertex  3.077719e+02  4.817862e+01  1.938149e+02
     vertex  3.077719e+02  4.780882e+01  1.927581e+02
   endloop
 endfacet
 facet normal  1.000000e+00  0.000000e+00  0.000000e+00
   outer loop
     vertex  3.077719e+02  5.157086e+01  1.965201e+02
     vertex  3.077719e+02  4.956601e+01  1.955547e+02
     vertex  3.077719e+02  4.877430e+01  1.947629e+02
   endloop
 endfacet
 facet normal  1.000000e+00  0.000000e+00  0.000000e+00
   outer loop
     vertex  3.077719e+02  5.157086e+01  1.965201e+02
     vertex  3.077719e+02  5.051404e+01  1.961503e+02
     vertex  3.077719e+02  4.956601e+01  1.955547e+02
   endloop
 endfacet
 facet normal  1.000000e+00 -2.937228e-14  4.674571e-14
   outer loop
     vertex  3.077719e+02  5.157086e+01  1.965201e+02
     vertex  3.077719e+02  4.877430e+01  1.947629e+02
     vertex  3.077719e+02  4.768346e+01  1.916455e+02
   endloop
 endfacet
 facet normal  1.000000e+00  1.313063e-14  9.606740e-15
   outer loop
     vertex  3.077719e+02  5.268346e+01  1.966455e+02
     vertex  3.077719e+02  4.768346e+01  1.916455e+02
     vertex  3.077719e+02  4.768346e+01  1.561433e+02
   endloop
 endfacet
 facet normal  1.000000e+00 -2.887195e-15  2.562456e-14
   outer loop
     vertex  3.077719e+02  5.268346e+01  1.966455e+02
     vertex  3.077719e+02  5.157086e+01  1.965201e+02
     vertex  3.077719e+02  4.768346e+01  1.916455e+02
   endloop
 endfacet
 facet normal  1.000000e+00  7.146030e-15  1.034554e-14
   outer loop
     vertex  3.077719e+02  3.151835e+02  1.966455e+02
     vertex  3.077719e+02  5.268346e+01  1.966455e+02
     vertex  3.077719e+02  4.768346e+01  1.561433e+02
   endloop
 endfacet
 facet normal  1.000000e+00  7.013099e-15  1.122349e-14
   outer loop
     vertex  3.077719e+02  3.556857e+02  1.561433e+02
     vertex  3.077719e+02  3.151835e+02  1.966455e+02
     vertex  3.077719e+02  4.768346e+01  1.561433e+02
   endloop
 endfacet
 facet normal  6.615995e-15  7.071068e-01  7.071068e-01
   outer loop
     vertex  3.077719e+02  3.151835e+02  1.966455e+02
     vertex  3.077719e+02  3.556857e+02  1.561433e+02
     vertex  3.047719e+02  3.556857e+02  1.561433e+02
   endloop
 endfacet
 facet normal -4.689343e-14  7.071068e-01  7.071068e-01
   outer loop
     vertex  3.047719e+02  3.151835e+02  1.966455e+02
     vertex  3.077719e+02  3.151835e+02  1.966455e+02
     vertex  3.047719e+02  3.556857e+02  1.561433e+02
   endloop
 endfacet
 facet normal -9.411795e-15 -1.119645e-01  9.937122e-01
   outer loop
     vertex  2.587675e+02  5.157086e+01  1.965201e+02
     vertex  2.587675e+02  5.268346e+01  1.966455e+02
     vertex  2.557675e+02  5.268346e+01  1.966455e+02
   endloop
 endfacet
 facet normal -4.707167e-14 -1.119645e-01  9.937122e-01
   outer loop
     vertex  2.587675e+02  5.157086e+01  1.965201e+02
     vertex  2.557675e+02  5.268346e+01  1.966455e+02
     vertex  2.557675e+02  5.157086e+01  1.965201e+02
   endloop
 endfacet
 facet normal  0.000000e+00 -3.302791e-01  9.438833e-01
   outer loop
     vertex  2.587675e+02  5.051404e+01  1.961503e+02
     vertex  2.557675e+02  5.157086e+01  1.965201e+02
     vertex  2.557675e+02  5.051404e+01  1.961503e+02
   endloop
 endfacet
 facet normal -4.472049e-14 -3.302791e-01  9.438833e-01
   outer loop
     vertex  2.587675e+02  5.051404e+01  1.961503e+02
     vertex  2.587675e+02  5.157086e+01  1.965201e+02
     vertex  2.557675e+02  5.157086e+01  1.965201e+02
   endloop
 endfacet
 facet normal -3.208713e-14 -5.320321e-01  8.467242e-01
   outer loop
     vertex  2.587675e+02  4.956601e+01  1.955547e+02
     vertex  2.557675e+02  5.051404e+01  1.961503e+02
     vertex  2.557675e+02  4.956601e+01  1.955547e+02
   endloop
 endfacet
 facet normal -2.679624e-14 -7.071068e-01  7.071068e-01
   outer loop
     vertex  2.587675e+02  4.956601e+01  1.955547e+02
     vertex  2.557675e+02  4.956601e+01  1.955547e+02
     vertex  2.557675e+02  4.877430e+01  1.947629e+02
   endloop
 endfacet
 facet normal  0.000000e+00 -5.320321e-01  8.467242e-01
   outer loop
     vertex  2.587675e+02  4.956601e+01  1.955547e+02
     vertex  2.587675e+02  5.051404e+01  1.961503e+02
     vertex  2.557675e+02  5.051404e+01  1.961503e+02
   endloop
 endfacet
 facet normal  0.000000e+00 -7.071068e-01  7.071068e-01
   outer loop
     vertex  2.587675e+02  4.877430e+01  1.947629e+02
     vertex  2.587675e+02  4.956601e+01  1.955547e+02
     vertex  2.557675e+02  4.877430e+01  1.947629e+02
   endloop
 endfacet
 facet normal -2.016168e-14 -8.467242e-01  5.320321e-01
   outer loop
     vertex  2.587675e+02  4.817862e+01  1.938149e+02
     vertex  2.557675e+02  4.877430e+01  1.947629e+02
     vertex  2.557675e+02  4.817862e+01  1.938149e+02
   endloop
 endfacet
 facet normal -1.251613e-14 -9.438833e-01  3.302791e-01
   outer loop
     vertex  2.587675e+02  4.817862e+01  1.938149e+02
     vertex  2.557675e+02  4.817862e+01  1.938149e+02
     vertex  2.557675e+02  4.780882e+01  1.927581e+02
   endloop
 endfacet
 facet normal  0.000000e+00 -8.467242e-01  5.320321e-01
   outer loop
     vertex  2.587675e+02  4.817862e+01  1.938149e+02
     vertex  2.587675e+02  4.877430e+01  1.947629e+02
     vertex  2.557675e+02  4.877430e+01  1.947629e+02
   endloop
 endfacet
 facet normal  0.000000e+00 -9.438833e-01  3.302791e-01
   outer loop
     vertex  2.587675e+02  4.780882e+01  1.927581e+02
     vertex  2.587675e+02  4.817862e+01  1.938149e+02
     vertex  2.557675e+02  4.780882e+01  1.927581e+02
   endloop
 endfacet
 facet normal -4.242962e-15 -9.937122e-01  1.119645e-01
   outer loop
     vertex  2.587675e+02  4.768346e+01  1.916455e+02
     vertex  2.557675e+02  4.780882e+01  1.927581e+02
     vertex  2.557675e+02  4.768346e+01  1.916455e+02
   endloop
 endfacet
 facet normal  0.000000e+00 -9.937122e-01  1.119645e-01
   outer loop
     vertex  2.587675e+02  4.768346e+01  1.916455e+02
     vertex  2.587675e+02  4.780882e+01  1.927581e+02
     vertex  2.557675e+02  4.780882e+01  1.927581e+02
   endloop
 endfacet
 facet normal -9.473903e-15  5.738478e-15  1.000000e+00
   outer loop
     vertex  2.587675e+02  5.268346e+01  1.966455e+02
     vertex  2.587675e+02  3.151835e+02  1.966455e+02
     vertex  2.557675e+02  3.151835e+02  1.966455e+02
   endloop
 endfacet
 facet normal -9.473903e-15  5.738478e-15  1.000000e+00
   outer loop
     vertex  2.587675e+02  5.268346e+01  1.966455e+02
     vertex  2.557675e+02  3.151835e+02  1.966455e+02
     vertex  2.557675e+02  5.268346e+01  1.966455e+02
   endloop
 endfacet
 facet normal  1.000000e+00 -5.469067e-14  5.469067e-14
   outer loop
     vertex  2.587675e+02  4.780882e+01  1.927581e+02
     vertex  2.587675e+02  4.956601e+01  1.955547e+02
     vertex  2.587675e+02  4.877430e+01  1.947629e+02
   endloop
 endfacet
 facet normal  1.000000e+00  2.153512e-13 -7.535466e-14
   outer loop
     vertex  2.587675e+02  4.780882e+01  1.927581e+02
     vertex  2.587675e+02  4.877430e+01  1.947629e+02
     vertex  2.587675e+02  4.817862e+01  1.938149e+02
   endloop
 endfacet
 facet normal  1.000000e+00  0.000000e+00  0.000000e+00
   outer loop
     vertex  2.587675e+02  5.268346e+01  1.966455e+02
     vertex  2.587675e+02  5.157086e+01  1.965201e+02
     vertex  2.587675e+02  5.051404e+01  1.961503e+02
   endloop
 endfacet
 facet normal  1.000000e+00  0.000000e+00  0.000000e+00
   outer loop
     vertex  2.587675e+02  5.268346e+01  1.966455e+02
     vertex  2.587675e+02  5.051404e+01  1.961503e+02
     vertex  2.587675e+02  4.956601e+01  1.955547e+02
   endloop
 endfacet
 facet normal  1.000000e+00 -9.116977e-15  2.605482e-14
   outer loop
     vertex  2.587675e+02  5.268346e+01  1.966455e+02
     vertex  2.587675e+02  4.956601e+01  1.955547e+02
     vertex  2.587675e+02  4.780882e+01  1.927581e+02
   endloop
 endfacet
 facet normal  1.000000e+00  5.757787e-14 -5.757787e-14
   outer loop
     vertex  2.587675e+02  4.768346e+01  1.916455e+02
     vertex  2.587675e+02  5.268346e+01  1.966455e+02
     vertex  2.587675e+02  4.780882e+01  1.927581e+02
   endloop
 endfacet
 facet normal  1.000000e+00 -4.803370e-15  4.803370e-15
   outer loop
     vertex  2.587675e+02  4.768346e+01  1.561433e+02
     vertex  2.587675e+02  5.268346e+01  1.966455e+02
     vertex  2.587675e+02  4.768346e+01  1.916455e+02
   endloop
 endfacet
 facet normal  1.000000e+00  6.929483e-15  3.354949e-15
   outer loop
     vertex  2.587675e+02  3.151835e+02  1.966455e+02
     vertex  2.587675e+02  5.268346e+01  1.966455e+02
     vertex  2.587675e+02  4.768346e+01  1.561433e+02
   endloop
 endfacet
 facet normal  1.000000e+00  7.013099e-15  2.802705e-15
   outer loop
     vertex  2.587675e+02  3.556857e+02  1.561433e+02
     vertex  2.587675e+02  3.151835e+02  1.966455e+02
     vertex  2.587675e+02  4.768346e+01  1.561433e+02
   endloop
 endfacet
 facet normal -6.615995e-15  7.071068e-01  7.071068e-01
   outer loop
     vertex  2.587675e+02  3.151835e+02  1.966455e+02
     vertex  2.587675e+02  3.556857e+02  1.561433e+02
     vertex  2.557675e+02  3.556857e+02  1.561433e+02
   endloop
 endfacet
 facet normal -6.699061e-15  7.071068e-01  7.071068e-01
   outer loop
     vertex  2.587675e+02  3.151835e+02  1.966455e+02
     vertex  2.557675e+02  3.556857e+02  1.561433e+02
     vertex  2.557675e+02  3.151835e+02  1.966455e+02
   endloop
 endfacet
 facet normal -1.000000e+00  1.277260e-14 -1.133600e-13
   outer loop
     vertex  2.557675e+02  5.268346e+01  1.966455e+02
     vertex  2.557675e+02  5.051404e+01  1.961503e+02
     vertex  2.557675e+02  5.157086e+01  1.965201e+02
   endloop
 endfacet
 facet normal -1.000000e+00  9.252548e-14 -5.182847e-14
   outer loop
     vertex  2.557675e+02  4.768346e+01  1.916455e+02
     vertex  2.557675e+02  4.956601e+01  1.955547e+02
     vertex  2.557675e+02  5.051404e+01  1.961503e+02
   endloop
 endfacet
 facet normal -1.000000e+00 -1.244690e-13  5.267056e-14
   outer loop
     vertex  2.557675e+02  4.768346e+01  1.916455e+02
     vertex  2.557675e+02  4.877430e+01  1.947629e+02
     vertex  2.557675e+02  4.956601e+01  1.955547e+02
   endloop
 endfacet
 facet normal -1.000000e+00 -1.404203e-13  5.825215e-14
   outer loop
     vertex  2.557675e+02  4.768346e+01  1.916455e+02
     vertex  2.557675e+02  4.817862e+01  1.938149e+02
     vertex  2.557675e+02  4.877430e+01  1.947629e+02
   endloop
 endfacet
 facet normal -1.000000e+00 -2.153512e-13  7.535466e-14
   outer loop
     vertex  2.557675e+02  4.768346e+01  1.916455e+02
     vertex  2.557675e+02  4.780882e+01  1.927581e+02
     vertex  2.557675e+02  4.817862e+01  1.938149e+02
   endloop
 endfacet
 facet normal -1.000000e+00 -1.697565e-14  1.697565e-14
   outer loop
     vertex  2.557675e+02  4.768346e+01  1.916455e+02
     vertex  2.557675e+02  5.051404e+01  1.961503e+02
     vertex  2.557675e+02  5.268346e+01  1.966455e+02
   endloop
 endfacet
 facet normal -1.000000e+00  4.803370e-15 -4.803370e-15
   outer loop
     vertex  2.557675e+02  4.768346e+01  1.561433e+02
     vertex  2.557675e+02  4.768346e+01  1.916455e+02
     vertex  2.557675e+02  5.268346e+01  1.966455e+02
   endloop
 endfacet
 facet normal -1.000000e+00 -7.037757e-15 -3.341582e-15
   outer loop
     vertex  2.557675e+02  3.151835e+02  1.966455e+02
     vertex  2.557675e+02  4.768346e+01  1.561433e+02
     vertex  2.557675e+02  5.268346e+01  1.966455e+02
   endloop
 endfacet
 facet normal -1.000000e+00 -7.013099e-15 -3.504437e-15
   outer loop
     vertex  2.557675e+02  3.556857e+02  1.561433e+02
     vertex  2.557675e+02  4.768346e+01  1.561433e+02
     vertex  2.557675e+02  3.151835e+02  1.966455e+02
   endloop
 endfacet
 facet normal -2.123644e-28 -1.000000e+00  5.603931e-15
   outer loop
     vertex  2.557675e+02  4.768346e+01  1.561433e+02
     vertex  2.587675e+02  4.768346e+01  1.916455e+02
     vertex  2.557675e+02  4.768346e+01  1.916455e+02
   endloop
 endfacet
 facet normal  0.000000e+00 -1.000000e+00  5.603931e-15
   outer loop
     vertex  2.587675e+02  4.768346e+01  1.561433e+02
     vertex  2.587675e+02  4.768346e+01  1.916455e+02
     vertex  2.557675e+02  4.768346e+01  1.561433e+02
   endloop
 endfacet
 facet normal  6.741450e-15 -1.000000e+00  6.741450e-15
   outer loop
     vertex  2.608383e+02  4.768346e+01  1.518432e+02
     vertex  2.576219e+02  4.768346e+01  1.508436e+02
     vertex  2.589678e+02  4.768346e+01  1.494977e+02
   endloop
 endfacet
 facet normal  6.741450e-15 -1.000000e+00  6.741450e-15
   outer loop
     vertex  2.599674e+02  4.768346e+01  1.527141e+02
     vertex  2.576219e+02  4.768346e+01  1.508436e+02
     vertex  2.608383e+02  4.768346e+01  1.518432e+02
   endloop
 endfacet
 facet normal  5.072314e-15 -1.000000e+00  8.072541e-15
   outer loop
     vertex  2.618811e+02  4.768346e+01  1.511880e+02
     vertex  2.589678e+02  4.768346e+01  1.494977e+02
     vertex  2.605795e+02  4.768346e+01  1.484850e+02
   endloop
 endfacet
 facet normal  5.072314e-15 -1.000000e+00  8.072541e-15
   outer loop
     vertex  2.618811e+02  4.768346e+01  1.511880e+02
     vertex  2.608383e+02  4.768346e+01  1.518432e+02
     vertex  2.589678e+02  4.768346e+01  1.494977e+02
   endloop
 endfacet
 facet normal  8.072541e-15 -1.000000e+00  5.072314e-15
   outer loop
     vertex  2.593122e+02  4.768346e+01  1.537569e+02
     vertex  2.566093e+02  4.768346e+01  1.524553e+02
     vertex  2.576219e+02  4.768346e+01  1.508436e+02
   endloop
 endfacet
 facet normal  8.072541e-15 -1.000000e+00  5.072314e-15
   outer loop
     vertex  2.593122e+02  4.768346e+01  1.537569e+02
     vertex  2.576219e+02  4.768346e+01  1.508436e+02
     vertex  2.599674e+02  4.768346e+01  1.527141e+02
   endloop
 endfacet
 facet normal -5.203348e-15 -1.000000e+00  3.034026e-14
   outer loop
     vertex  2.630436e+02  4.768346e+01  1.507812e+02
     vertex  2.605795e+02  4.768346e+01  1.484850e+02
     vertex  2.623761e+02  4.768346e+01  1.478564e+02
   endloop
 endfacet
 facet normal  2.407195e-14 -1.000000e+00 -1.077201e-15
   outer loop
     vertex  2.630436e+02  4.768346e+01  1.507812e+02
     vertex  2.618811e+02  4.768346e+01  1.511880e+02
     vertex  2.605795e+02  4.768346e+01  1.484850e+02
   endloop
 endfacet
 facet normal  1.234257e-14 -1.000000e+00 -1.150101e-14
   outer loop
     vertex  2.589054e+02  4.768346e+01  1.549194e+02
     vertex  2.559806e+02  4.768346e+01  1.542519e+02
     vertex  2.566093e+02  4.768346e+01  1.524553e+02
   endloop
 endfacet
 facet normal  1.907488e-14 -1.000000e+00 -1.777429e-14
   outer loop
     vertex  2.589054e+02  4.768346e+01  1.549194e+02
     vertex  2.566093e+02  4.768346e+01  1.524553e+02
     vertex  2.593122e+02  4.768346e+01  1.537569e+02
   endloop
 endfacet
 facet normal  0.000000e+00 -1.000000e+00  3.005318e-14
   outer loop
     vertex  2.587675e+02  4.768346e+01  1.561433e+02
     vertex  2.557675e+02  4.768346e+01  1.561433e+02
     vertex  2.559806e+02  4.768346e+01  1.542519e+02
   endloop
 endfacet
 facet normal  4.306320e-15 -1.000000e+00  2.370812e-14
   outer loop
     vertex  2.587675e+02  4.768346e+01  1.561433e+02
     vertex  2.559806e+02  4.768346e+01  1.542519e+02
     vertex  2.589054e+02  4.768346e+01  1.549194e+02
   endloop
 endfacet
 facet normal  1.716149e-14 -1.000000e+00  1.894781e-14
   outer loop
     vertex  2.642675e+02  4.768346e+01  1.506433e+02
     vertex  2.623761e+02  4.768346e+01  1.478564e+02
     vertex  2.642675e+02  4.768346e+01  1.476433e+02
   endloop
 endfacet
 facet normal  3.202358e-15 -1.000000e+00  2.842171e-14
   outer loop
     vertex  2.642675e+02  4.768346e+01  1.506433e+02
     vertex  2.630436e+02  4.768346e+01  1.507812e+02
     vertex  2.623761e+02  4.768346e+01  1.478564e+02
   endloop
 endfacet
 facet normal -1.207852e-14  1.000000e+00 -1.471772e-14
   outer loop
     vertex  2.595452e+02  3.611835e+02  1.490758e+02
     vertex  2.603784e+02  3.611835e+02  1.522542e+02
     vertex  2.612119e+02  3.611835e+02  1.515702e+02
   endloop
 endfacet
 facet normal -4.839581e-14  1.000000e+00 -5.196676e-15
   outer loop
     vertex  2.595452e+02  3.611835e+02  1.490758e+02
     vertex  2.582571e+02  3.611835e+02  1.501329e+02
     vertex  2.603784e+02  3.611835e+02  1.522542e+02
   endloop
 endfacet
 facet normal -8.975152e-15  1.000000e+00 -1.679133e-14
   outer loop
     vertex  2.610147e+02  3.611835e+02  1.482903e+02
     vertex  2.612119e+02  3.611835e+02  1.515702e+02
     vertex  2.621627e+02  3.611835e+02  1.510619e+02
   endloop
 endfacet
 facet normal -8.975152e-15  1.000000e+00 -1.679133e-14
   outer loop
     vertex  2.610147e+02  3.611835e+02  1.482903e+02
     vertex  2.595452e+02  3.611835e+02  1.490758e+02
     vertex  2.612119e+02  3.611835e+02  1.515702e+02
   endloop
 endfacet
 facet normal  1.001844e-13  1.000000e+00 -5.856595e-14
   outer loop
     vertex  2.626092e+02  3.611835e+02  1.478066e+02
     vertex  2.631945e+02  3.611835e+02  1.507490e+02
     vertex  2.642675e+02  3.611835e+02  1.506433e+02
   endloop
 endfacet
 facet normal -6.301214e-14  1.000000e+00 -2.610414e-14
   outer loop
     vertex  2.626092e+02  3.611835e+02  1.478066e+02
     vertex  2.621627e+02  3.611835e+02  1.510619e+02
     vertex  2.631945e+02  3.611835e+02  1.507490e+02
   endloop
 endfacet
 facet normal -5.526871e-15  1.000000e+00 -1.821965e-14
   outer loop
     vertex  2.626092e+02  3.611835e+02  1.478066e+02
     vertex  2.610147e+02  3.611835e+02  1.482903e+02
     vertex  2.621627e+02  3.611835e+02  1.510619e+02
   endloop
 endfacet
 facet normal -9.399654e-13  1.000000e+00  5.494864e-13
   outer loop
     vertex  2.642675e+02  3.611835e+02  1.476433e+02
     vertex  2.626092e+02  3.611835e+02  1.478066e+02
     vertex  2.642675e+02  3.611835e+02  1.506433e+02
   endloop
 endfacet
 facet normal -5.584373e-01  6.134294e-01  5.584373e-01
   outer loop
     vertex  2.595046e+02  3.593509e+02  1.533934e+02
     vertex  2.603784e+02  3.611835e+02  1.522542e+02
     vertex  2.582571e+02  3.611835e+02  1.501329e+02
   endloop
 endfacet
 facet normal -3.200164e-01  7.683454e-01  5.542877e-01
   outer loop
     vertex  2.595046e+02  3.593509e+02  1.533934e+02
     vertex  2.582571e+02  3.611835e+02  1.501329e+02
     vertex  2.569066e+02  3.593508e+02  1.518935e+02
   endloop
 endfacet
 facet normal -3.200306e-01  7.683217e-01  5.543123e-01
   outer loop
     vertex  2.595046e+02  3.593509e+02  1.533934e+02
     vertex  2.569066e+02  3.593508e+02  1.518935e+02
     vertex  2.560575e+02  3.575183e+02  1.539434e+02
   endloop
 endfacet
 facet normal -1.656548e-01  7.683454e-01  6.182263e-01
   outer loop
     vertex  2.589552e+02  3.575183e+02  1.547198e+02
     vertex  2.560575e+02  3.575183e+02  1.539434e+02
     vertex  2.557675e+02  3.556857e+02  1.561433e+02
   endloop
 endfacet
 facet normal -2.044085e-01  6.134186e-01  7.628465e-01
   outer loop
     vertex  2.589552e+02  3.575183e+02  1.547198e+02
     vertex  2.595046e+02  3.593509e+02  1.533934e+02
     vertex  2.560575e+02  3.575183e+02  1.539434e+02
   endloop
 endfacet
 facet normal -7.482011e-15  6.134294e-01  7.897495e-01
   outer loop
     vertex  2.587675e+02  3.556857e+02  1.561433e+02
     vertex  2.589552e+02  3.575183e+02  1.547198e+02
     vertex  2.557675e+02  3.556857e+02  1.561433e+02
   endloop
 endfacet
 facet normal  9.801714e-02  6.377149e-15  9.951847e-01
   outer loop
     vertex  2.631945e+02  3.611835e+02  1.507490e+02
     vertex  2.642675e+02  4.768346e+01  1.506433e+02
     vertex  2.642675e+02  3.611835e+02  1.506433e+02
   endloop
 endfacet
 facet normal  1.119645e-01  4.823306e-05  9.937122e-01
   outer loop
     vertex  2.631945e+02  3.611835e+02  1.507490e+02
     vertex  2.630436e+02  4.768346e+01  1.507812e+02
     vertex  2.642675e+02  4.768346e+01  1.506433e+02
   endloop
 endfacet
 facet normal  3.302791e-01  8.271237e-05  9.438833e-01
   outer loop
     vertex  2.621627e+02  3.611835e+02  1.510619e+02
     vertex  2.618811e+02  4.768346e+01  1.511880e+02
     vertex  2.630436e+02  4.768346e+01  1.507812e+02
   endloop
 endfacet
 facet normal  2.902847e-01 -4.136025e-05  9.569403e-01
   outer loop
     vertex  2.621627e+02  3.611835e+02  1.510619e+02
     vertex  2.630436e+02  4.768346e+01  1.507812e+02
     vertex  2.631945e+02  3.611835e+02  1.507490e+02
   endloop
 endfacet
 facet normal  5.320321e-01  1.034108e-04  8.467242e-01
   outer loop
     vertex  2.612119e+02  3.611835e+02  1.515702e+02
     vertex  2.608383e+02  4.768346e+01  1.518432e+02
     vertex  2.618811e+02  4.768346e+01  1.511880e+02
   endloop
 endfacet
 facet normal  4.713967e-01 -6.895185e-05  8.819213e-01
   outer loop
     vertex  2.612119e+02  3.611835e+02  1.515702e+02
     vertex  2.618811e+02  4.768346e+01  1.511880e+02
     vertex  2.621627e+02  3.611835e+02  1.510619e+02
   endloop
 endfacet
 facet normal  7.071068e-01  1.103121e-04  7.071068e-01
   outer loop
     vertex  2.603784e+02  3.611835e+02  1.522542e+02
     vertex  2.599674e+02  4.768346e+01  1.527141e+02
     vertex  2.608383e+02  4.768346e+01  1.518432e+02
   endloop
 endfacet
 facet normal  6.343933e-01 -8.275307e-05  7.730105e-01
   outer loop
     vertex  2.603784e+02  3.611835e+02  1.522542e+02
     vertex  2.608383e+02  4.768346e+01  1.518432e+02
     vertex  2.612119e+02  3.611835e+02  1.515702e+02
   endloop
 endfacet
 facet normal  8.467242e-01  9.775910e-05  5.320321e-01
   outer loop
     vertex  2.595046e+02  3.593509e+02  1.533934e+02
     vertex  2.593122e+02  4.768346e+01  1.537569e+02
     vertex  2.599674e+02  4.768346e+01  1.527141e+02
   endloop
 endfacet
 facet normal  7.935815e-01 -1.477584e-04  6.084639e-01
   outer loop
     vertex  2.595046e+02  3.593509e+02  1.533934e+02
     vertex  2.599674e+02  4.768346e+01  1.527141e+02
     vertex  2.603784e+02  3.611835e+02  1.522542e+02
   endloop
 endfacet
 facet normal  9.438833e-01  6.112119e-05  3.302791e-01
   outer loop
     vertex  2.589552e+02  3.575183e+02  1.547198e+02
     vertex  2.589054e+02  4.768346e+01  1.549194e+02
     vertex  2.593122e+02  4.768346e+01  1.537569e+02
   endloop
 endfacet
 facet normal  9.239402e-01 -1.242659e-04  3.825369e-01
   outer loop
     vertex  2.589552e+02  3.575183e+02  1.547198e+02
     vertex  2.593122e+02  4.768346e+01  1.537569e+02
     vertex  2.595046e+02  3.593509e+02  1.533934e+02
   endloop
 endfacet
 facet normal  9.937122e-01  7.599243e-15  1.119645e-01
   outer loop
     vertex  2.587675e+02  3.556857e+02  1.561433e+02
     vertex  2.587675e+02  4.768346e+01  1.561433e+02
     vertex  2.589054e+02  4.768346e+01  1.549194e+02
   endloop
 endfacet
 facet normal  9.914330e-01 -7.513295e-05  1.306159e-01
   outer loop
     vertex  2.587675e+02  3.556857e+02  1.561433e+02
     vertex  2.589054e+02  4.768346e+01  1.549194e+02
     vertex  2.589552e+02  3.575183e+02  1.547198e+02
   endloop
 endfacet
 facet normal -9.801714e-02 -6.377197e-15 -9.951847e-01
   outer loop
     vertex  2.626092e+02  3.611835e+02  1.478066e+02
     vertex  2.642675e+02  3.611835e+02  1.476433e+02
     vertex  2.642675e+02  4.768346e+01  1.476433e+02
   endloop
 endfacet
 facet normal -1.119645e-01 -7.454200e-05 -9.937122e-01
   outer loop
     vertex  2.626092e+02  3.611835e+02  1.478066e+02
     vertex  2.642675e+02  4.768346e+01  1.476433e+02
     vertex  2.623761e+02  4.768346e+01  1.478564e+02
   endloop
 endfacet
 facet normal -3.302791e-01 -1.278282e-04 -9.438833e-01
   outer loop
     vertex  2.610147e+02  3.611835e+02  1.482903e+02
     vertex  2.623761e+02  4.768346e+01  1.478564e+02
     vertex  2.605795e+02  4.768346e+01  1.484850e+02
   endloop
 endfacet
 facet normal -2.902847e-01  6.392039e-05 -9.569403e-01
   outer loop
     vertex  2.610147e+02  3.611835e+02  1.482903e+02
     vertex  2.626092e+02  3.611835e+02  1.478066e+02
     vertex  2.623761e+02  4.768346e+01  1.478564e+02
   endloop
 endfacet
 facet normal -5.320321e-01 -1.598167e-04 -8.467242e-01
   outer loop
     vertex  2.595452e+02  3.611835e+02  1.490758e+02
     vertex  2.605795e+02  4.768346e+01  1.484850e+02
     vertex  2.589678e+02  4.768346e+01  1.494977e+02
   endloop
 endfacet
 facet normal -4.713967e-01  1.065619e-04 -8.819213e-01
   outer loop
     vertex  2.595452e+02  3.611835e+02  1.490758e+02
     vertex  2.610147e+02  3.611835e+02  1.482903e+02
     vertex  2.605795e+02  4.768346e+01  1.484850e+02
   endloop
 endfacet
 facet normal -7.071068e-01 -1.704823e-04 -7.071068e-01
   outer loop
     vertex  2.582571e+02  3.611835e+02  1.501329e+02
     vertex  2.589678e+02  4.768346e+01  1.494977e+02
     vertex  2.576219e+02  4.768346e+01  1.508436e+02
   endloop
 endfacet
 facet normal -6.343933e-01  1.278911e-04 -7.730104e-01
   outer loop
     vertex  2.582571e+02  3.611835e+02  1.501329e+02
     vertex  2.595452e+02  3.611835e+02  1.490758e+02
     vertex  2.589678e+02  4.768346e+01  1.494977e+02
   endloop
 endfacet
 facet normal -8.467242e-01 -1.511012e-04 -5.320321e-01
   outer loop
     vertex  2.569066e+02  3.593508e+02  1.518935e+02
     vertex  2.576219e+02  4.768346e+01  1.508436e+02
     vertex  2.566093e+02  4.768346e+01  1.524553e+02
   endloop
 endfacet
 facet normal -7.935806e-01  2.283492e-04 -6.084651e-01
   outer loop
     vertex  2.569066e+02  3.593508e+02  1.518935e+02
     vertex  2.582571e+02  3.611835e+02  1.501329e+02
     vertex  2.576219e+02  4.768346e+01  1.508436e+02
   endloop
 endfacet
 facet normal -9.438833e-01 -9.448832e-05 -3.302791e-01
   outer loop
     vertex  2.560575e+02  3.575183e+02  1.539434e+02
     vertex  2.566093e+02  4.768346e+01  1.524553e+02
     vertex  2.559806e+02  4.768346e+01  1.542519e+02
   endloop
 endfacet
 facet normal -9.239402e-01  1.920146e-04 -3.825369e-01
   outer loop
     vertex  2.560575e+02  3.575183e+02  1.539434e+02
     vertex  2.569066e+02  3.593508e+02  1.518935e+02
     vertex  2.566093e+02  4.768346e+01  1.524553e+02
   endloop
 endfacet
 facet normal -9.937122e-01 -7.609574e-15 -1.119645e-01
   outer loop
     vertex  2.557675e+02  3.556857e+02  1.561433e+02
     vertex  2.559806e+02  4.768346e+01  1.542519e+02
     vertex  2.557675e+02  4.768346e+01  1.561433e+02
   endloop
 endfacet
 facet normal -9.914332e-01  1.161049e-04 -1.306144e-01
   outer loop
     vertex  2.557675e+02  3.556857e+02  1.561433e+02
     vertex  2.560575e+02  3.575183e+02  1.539434e+02
     vertex  2.559806e+02  4.768346e+01  1.542519e+02
   endloop
 endfacet
endsolid
