  0
SECTION
  2
HEADER
  9
$ACADVER
  1
AC1024
  9
$ACADMAINTVER
 70
6
  9
$DWGCODEPAGE
  3
ANSI_1252
  9
$LASTSAVEDBY
  1
ezdxf
  9
$INSBASE
 10
0.0
 20
0.0
 30
0.0
  9
$EXTMIN
 10
1e+20
 20
1e+20
 30
1e+20
  9
$EXTMAX
 10
-1e+20
 20
-1e+20
 30
-1e+20
  9
$LIMMIN
 10
0.0
 20
0.0
  9
$LIMMAX
 10
420.0
 20
297.0
  9
$ORTHOMODE
 70
0
  9
$REGENMODE
 70
1
  9
$FILLMODE
 70
1
  9
$QTEXTMODE
 70
0
  9
$MIRRTEXT
 70
1
  9
$LTSCALE
 40
1.0
  9
$ATTMODE
 70
1
  9
$TEXTSIZE
 40
2.5
  9
$TRACEWID
 40
1.0
  9
$TEXTSTYLE
  7
Standard
  9
$CLAYER
  8
0
  9
$CELTYPE
  6
ByLayer
  9
$CECOLOR
 62
256
  9
$CELTSCALE
 40
1.0
  9
$DISPSILH
 70
0
  9
$DIMSCALE
 40
1.0
  9
$DIMASZ
 40
2.5
  9
$DIMEXO
 40
0.625
  9
$DIMDLI
 40
3.75
  9
$DIMRND
 40
0.0
  9
$DIMDLE
 40
0.0
  9
$DIMEXE
 40
1.25
  9
$DIMTP
 40
0.0
  9
$DIMTM
 40
0.0
  9
$DIMTXT
 40
2.5
  9
$DIMCEN
 40
2.5
  9
$DIMTSZ
 40
0.0
  9
$DIMTOL
 70
0
  9
$DIMLIM
 70
0
  9
$DIMTIH
 70
0
  9
$DIMTOH
 70
0
  9
$DIMSE1
 70
0
  9
$DIMSE2
 70
0
  9
$DIMTAD
 70
1
  9
$DIMZIN
 70
8
  9
$DIMBLK
  1

  9
$DIMASO
 70
1
  9
$DIMSHO
 70
1
  9
$DIMPOST
  1

  9
$DIMAPOST
  1

  9
$DIMALT
 70
0
  9
$DIMALTD
 70
3
  9
$DIMALTF
 40
0.03937007874
  9
$DIMLFAC
 40
1.0
  9
$DIMTOFL
 70
1
  9
$DIMTVP
 40
0.0
  9
$DIMTIX
 70
0
  9
$DIMSOXD
 70
0
  9
$DIMSAH
 70
0
  9
$DIMBLK1
  1

  9
$DIMBLK2
  1

  9
$DIMSTYLE
  2
ISO-25
  9
$DIMCLRD
 70
0
  9
$DIMCLRE
 70
0
  9
$DIMCLRT
 70
0
  9
$DIMTFAC
 40
1.0
  9
$DIMGAP
 40
0.625
  9
$DIMJUST
 70
0
  9
$DIMSD1
 70
0
  9
$DIMSD2
 70
0
  9
$DIMTOLJ
 70
0
  9
$DIMTZIN
 70
8
  9
$DIMALTZ
 70
0
  9
$DIMALTTZ
 70
0
  9
$DIMUPT
 70
0
  9
$DIMDEC
 70
2
  9
$DIMTDEC
 70
2
  9
$DIMALTU
 70
2
  9
$DIMALTTD
 70
3
  9
$DIMTXSTY
  7
Standard
  9
$DIMAUNIT
 70
0
  9
$DIMADEC
 70
0
  9
$DIMALTRND
 40
0.0
  9
$DIMAZIN
 70
0
  9
$DIMDSEP
 70
44
  9
$DIMATFIT
 70
3
  9
$DIMFRAC
 70
0
  9
$DIMLDRBLK
  1

  9
$DIMLUNIT
 70
2
  9
$DIMLWD
 70
-2
  9
$DIMLWE
 70
-2
  9
$DIMTMOVE
 70
0
  9
$DIMFXL
 40
1.0
  9
$DIMFXLON
 70
0
  9
$DIMJOGANG
 40
0.785398163397
  9
$DIMTFILL
 70
0
  9
$DIMTFILLCLR
 70
0
  9
$DIMARCSYM
 70
0
  9
$DIMLTYPE
  6

  9
$DIMLTEX1
  6

  9
$DIMLTEX2
  6

  9
$DIMTXTDIRECTION
 70
0
  9
$LUNITS
 70
2
  9
$LUPREC
 70
4
  9
$SKETCHINC
 40
1.0
  9
$FILLETRAD
 40
10.0
  9
$AUNITS
 70
0
  9
$AUPREC
 70
2
  9
$MENU
  1
.
  9
$ELEVATION
 40
0.0
  9
$PELEVATION
 40
0.0
  9
$THICKNESS
 40
0.0
  9
$LIMCHECK
 70
0
  9
$CHAMFERA
 40
0.0
  9
$CHAMFERB
 40
0.0
  9
$CHAMFERC
 40
0.0
  9
$CHAMFERD
 40
0.0
  9
$SKPOLY
 70
0
  9
$TDCREATE
 40
2461245.898738426
  9
$TDUCREATE
 40
2458532.153996898
  9
$TDUPDATE
 40
2461245.89875
  9
$TDUUPDATE
 40
2458532.1544311
  9
$TDINDWG
 40
0.0
  9
$TDUSRTIMER
 40
0.0
  9
$USRTIMER
 70
1
  9
$ANGBASE
 50
0.0
  9
$ANGDIR
 70
0
  9
$PDMODE
 70
0
  9
$PDSIZE
 40
0.0
  9
$PLINEWID
 40
0.0
  9
$SPLFRAME
 70
0
  9
$SPLINETYPE
 70
6
  9
$SPLINESEGS
 70
8
  9
$HANDSEED
  5
830
  9
$SURFTAB1
 70
6
  9
$SURFTAB2
 70
6
  9
$SURFTYPE
 70
6
  9
$SURFU
 70
6
  9
$SURFV
 70
6
  9
$UCSBASE
  2

  9
$UCSNAME
  2

  9
$UCSORG
 10
0.0
 20
0.0
 30
0.0
  9
$UCSXDIR
 10
1.0
 20
0.0
 30
0.0
  9
$UCSYDIR
 10
0.0
 20
1.0
 30
0.0
  9
$UCSORTHOREF
  2

  9
$UCSORTHOVIEW
 70
0
  9
$UCSORGTOP
 10
0.0
 20
0.0
 30
0.0
  9
$UCSORGBOTTOM
 10
0.0
 20
0.0
 30
0.0
  9
$UCSORGLEFT
 10
0.0
 20
0.0
 30
0.0
  9
$UCSORGRIGHT
 10
0.0
 20
0.0
 30
0.0
  9
$UCSORGFRONT
 10
0.0
 20
0.0
 30
0.0
  9
$UCSORGBACK
 10
0.0
 20
0.0
 30
0.0
  9
$PUCSBASE
  2

  9
$PUCSNAME
  2

  9
$PUCSORG
 10
0.0
 20
0.0
 30
0.0
  9
$PUCSXDIR
 10
1.0
 20
0.0
 30
0.0
  9
$PUCSYDIR
 10
0.0
 20
1.0
 30
0.0
  9
$PUCSORTHOREF
  2

  9
$PUCSORTHOVIEW
 70
0
  9
$PUCSORGTOP
 10
0.0
 20
0.0
 30
0.0
  9
$PUCSORGBOTTOM
 10
0.0
 20
0.0
 30
0.0
  9
$PUCSORGLEFT
 10
0.0
 20
0.0
 30
0.0
  9
$PUCSORGRIGHT
 10
0.0
 20
0.0
 30
0.0
  9
$PUCSORGFRONT
 10
0.0
 20
0.0
 30
0.0
  9
$PUCSORGBACK
 10
0.0
 20
0.0
 30
0.0
  9
$USERI1
 70
0
  9
$USERI2
 70
0
  9
$USERI3
 70
0
  9
$USERI4
 70
0
  9
$USERI5
 70
0
  9
$USERR1
 40
0.0
  9
$USERR2
 40
0.0
  9
$USERR3
 40
0.0
  9
$USERR4
 40
0.0
  9
$USERR5
 40
0.0
  9
$WORLDVIEW
 70
1
  9
$SHADEDGE
 70
3
  9
$SHADEDIF
 70
70
  9
$TILEMODE
 70
1
  9
$MAXACTVP
 70
64
  9
$PINSBASE
 10
0.0
 20
0.0
 30
0.0
  9
$PLIMCHECK
 70
0
  9
$PEXTMIN
 10
1e+20
 20
1e+20
 30
1e+20
  9
$PEXTMAX
 10
-1e+20
 20
-1e+20
 30
-1e+20
  9
$PLIMMIN
 10
0.0
 20
0.0
  9
$PLIMMAX
 10
420.0
 20
297.0
  9
$UNITMODE
 70
0
  9
$VISRETAIN
 70
1
  9
$PLINEGEN
 70
0
  9
$PSLTSCALE
 70
1
  9
$TREEDEPTH
 70
3020
  9
$CMLSTYLE
  2
Standard
  9
$CMLJUST
 70
0
  9
$CMLSCALE
 40
20.0
  9
$PROXYGRAPHICS
 70
1
  9
$MEASUREMENT
 70
1
  9
$CELWEIGHT
370
-1
  9
$ENDCAPS
280
0
  9
$JOINSTYLE
280
0
  9
$LWDISPLAY
290
0
  9
$INSUNITS
 70
6
  9
$HYPERLINKBASE
  1

  9
$STYLESHEET
  1

  9
$XEDIT
290
1
  9
$CEPSNTYPE
380
0
  9
$PSTYLEMODE
290
1
  9
$FINGERPRINTGUID
  2
{C138EF54-42B9-45E4-8BB4-500A5068E1D8}
  9
$VERSIONGUID
  2
{A6F3484A-7A94-4B41-8311-4690071C9810}
  9
$EXTNAMES
290
1
  9
$PSVPSCALE
 40
0.0
  9
$OLESTARTUP
290
0
  9
$SORTENTS
280
127
  9
$INDEXCTL
280
0
  9
$HIDETEXT
280
1
  9
$XCLIPFRAME
280
1
  9
$HALOGAP
280
0
  9
$OBSCOLOR
 70
257
  9
$OBSLTYPE
280
0
  9
$INTERSECTIONDISPLAY
280
0
  9
$INTERSECTIONCOLOR
 70
257
  9
$DIMASSOC
280
2
  9
$PROJECTNAME
  1

  9
$CAMERADISPLAY
290
0
  9
$LENSLENGTH
 40
50.0
  9
$CAMERAHEIGHT
 40
0.0
  9
$STEPSPERSEC
 40
24.0
  9
$STEPSIZE
 40
100.0
  9
$3DDWFPREC
 40
2.0
  9
$PSOLWIDTH
 40
0.005
  9
$PSOLHEIGHT
 40
0.08
  9
$LOFTANG1
 40
1.570796326795
  9
$LOFTANG2
 40
1.570796326795
  9
$LOFTMAG1
 40
0.0
  9
$LOFTMAG2
 40
0.0
  9
$LOFTPARAM
 70
7
  9
$LOFTNORMALS
280
1
  9
$LATITUDE
 40
37.795
  9
$LONGITUDE
 40
-122.394
  9
$NORTHDIRECTION
 40
0.0
  9
$TIMEZONE
 70
-8000
  9
$LIGHTGLYPHDISPLAY
280
1
  9
$TILEMODELIGHTSYNCH
280
1
  9
$CMATERIAL
347
20
  9
$SOLIDHIST
280
0
  9
$SHOWHIST
280
1
  9
$DWFFRAME
280
2
  9
$DGNFRAME
280
2
  9
$REALWORLDSCALE
290
1
  9
$INTERFERECOLOR
 62
256
  9
$CSHADOW
280
0
  9
$SHADOWPLANELOCATION
 40
0.0
  0
ENDSEC
  0
SECTION
  2
CLASSES
  0
CLASS
  1
ACDBDICTIONARYWDFLT
  2
AcDbDictionaryWithDefault
  3
ObjectDBX Classes
 90
0
 91
0
280
0
281
0
  0
CLASS
  1
SUN
  2
AcDbSun
  3
SCENEOE
 90
1153
 91
0
280
0
281
0
  0
CLASS
  1
VISUALSTYLE
  2
AcDbVisualStyle
  3
ObjectDBX Classes
 90
4095
 91
0
280
0
281
0
  0
CLASS
  1
MATERIAL
  2
AcDbMaterial
  3
ObjectDBX Classes
 90
1153
 91
0
280
0
281
0
  0
CLASS
  1
SCALE
  2
AcDbScale
  3
ObjectDBX Classes
 90
1153
 91
0
280
0
281
0
  0
CLASS
  1
TABLESTYLE
  2
AcDbTableStyle
  3
ObjectDBX Classes
 90
4095
 91
0
280
0
281
0
  0
CLASS
  1
MLEADERSTYLE
  2
AcDbMLeaderStyle
  3
ACDB_MLEADERSTYLE_CLASS
 90
4095
 91
0
280
0
281
0
  0
CLASS
  1
DICTIONARYVAR
  2
AcDbDictionaryVar
  3
ObjectDBX Classes
 90
0
 91
0
280
0
281
0
  0
CLASS
  1
CELLSTYLEMAP
  2
AcDbCellStyleMap
  3
ObjectDBX Classes
 90
1152
 91
0
280
0
281
0
  0
CLASS
  1
MENTALRAYRENDERSETTINGS
  2
AcDbMentalRayRenderSettings
  3
SCENEOE
 90
1024
 91
0
280
0
281
0
  0
CLASS
  1
ACDBDETAILVIEWSTYLE
  2
AcDbDetailViewStyle
  3
ObjectDBX Classes
 90
1025
 91
0
280
0
281
0
  0
CLASS
  1
ACDBSECTIONVIEWSTYLE
  2
AcDbSectionViewStyle
  3
ObjectDBX Classes
 90
1025
 91
0
280
0
281
0
  0
CLASS
  1
RASTERVARIABLES
  2
AcDbRasterVariables
  3
ISM
 90
0
 91
0
280
0
281
0
  0
CLASS
  1
LAYOUT
  2
AcDbLayout
  3
ObjectDBX Classes
 90
0
 91
0
280
0
281
0
  0
CLASS
  1
ACDBPLACEHOLDER
  2
AcDbPlaceHolder
  3
ObjectDBX Classes
 90
0
 91
0
280
0
281
0
  0
ENDSEC
  0
SECTION
  2
TABLES
  0
TABLE
  2
VPORT
  5
8
330
0
100
AcDbSymbolTable
 70
1
  0
VPORT
  5
23
330
8
100
AcDbSymbolTableRecord
100
AcDbViewportTableRecord
  2
*Active
 70
0
 10
0.0
 20
0.0
 11
1.0
 21
1.0
 12
0.0
 22
0.0
 13
0.0
 23
0.0
 14
0.5
 24
0.5
 15
0.5
 25
0.5
 16
0.0
 26
0.0
 36
1.0
 17
0.0
 27
0.0
 37
0.0
 40
1000.0
 41
1.34
 42
50.0
 43
0.0
 44
0.0
 50
0.0
 51
0.0
 71
0
 72
1000
 73
1
 74
3
 75
0
 76
0
 77
0
 78
0
281
0
 65
0
146
0.0
  0
ENDTAB
  0
TABLE
  2
LTYPE
  5
2
330
0
100
AcDbSymbolTable
 70
3
  0
LTYPE
  5
24
330
2
100
AcDbSymbolTableRecord
100
AcDbLinetypeTableRecord
  2
ByBlock
 70
0
  3

 72
65
 73
0
 40
0.0
  0
LTYPE
  5
25
330
2
100
AcDbSymbolTableRecord
100
AcDbLinetypeTableRecord
  2
ByLayer
 70
0
  3

 72
65
 73
0
 40
0.0
  0
LTYPE
  5
26
330
2
100
AcDbSymbolTableRecord
100
AcDbLinetypeTableRecord
  2
Continuous
 70
0
  3

 72
65
 73
0
 40
0.0
  0
ENDTAB
  0
TABLE
  2
LAYER
  5
1
330
0
100
AcDbSymbolTable
 70
4
  0
LAYER
  5
27
330
1
100
AcDbSymbolTableRecord
100
AcDbLayerTableRecord
  2
0
 70
0
 62
7
  6
Continuous
370
-3
390
13
347
21
  0
LAYER
  5
28
330
1
100
AcDbSymbolTableRecord
100
AcDbLayerTableRecord
  2
Defpoints
 70
0
 62
7
  6
Continuous
290
0
370
-3
390
13
347
21
  0
LAYER
  5
2F
330
1
100
AcDbSymbolTableRecord
100
AcDbLayerTableRecord
  2
CUT
 70
0
 62
3
  6
Continuous
370
-3
390
13
347
21
  0
LAYER
  5
30
330
1
100
AcDbSymbolTableRecord
100
AcDbLayerTableRecord
  2
BEND_LINES
 70
0
 62
1
  6
DASHED
370
-3
390
13
347
21
  0
ENDTAB
  0
TABLE
  2
STYLE
  5
5
330
0
100
AcDbSymbolTable
 70
1
  0
STYLE
  5
29
330
5
100
AcDbSymbolTableRecord
100
AcDbTextStyleTableRecord
  2
Standard
 70
0
 40
0.0
 41
1.0
 50
0.0
 71
0
 42
2.5
  3
txt
  4

  0
ENDTAB
  0
TABLE
  2
VIEW
  5
7
330
0
100
AcDbSymbolTable
 70
0
  0
ENDTAB
  0
TABLE
  2
UCS
  5
6
330
0
100
AcDbSymbolTable
 70
0
  0
ENDTAB
  0
TABLE
  2
APPID
  5
3
330
0
100
AcDbSymbolTable
 70
3
  0
APPID
  5
2A
330
3
100
AcDbSymbolTableRecord
100
AcDbRegAppTableRecord
  2
ACAD
 70
0
  0
APPID
  5
82D
330
3
100
AcDbSymbolTableRecord
100
AcDbRegAppTableRecord
  2
HATCHBACKGROUNDCOLOR
 70
0
  0
APPID
  5
82E
330
3
100
AcDbSymbolTableRecord
100
AcDbRegAppTableRecord
  2
EZDXF
 70
0
  0
ENDTAB
  0
TABLE
  2
DIMSTYLE
  5
4
330
0
100
AcDbSymbolTable
 70
1
100
AcDbDimStyleTable
  0
DIMSTYLE
105
2B
330
4
100
AcDbSymbolTableRecord
100
AcDbDimStyleTableRecord
  2
Standard
 70
0
 40
1.0
 41
2.5
 42
0.625
 43
3.75
 44
1.25
 45
0.0
 46
0.0
 47
0.0
 48
0.0
 49
2.5
140
2.5
141
2.5
142
0.0
143
0.03937007874
144
1.0
145
0.0
146
1.0
147
0.625
148
0.0
 69
0
 70
0
 71
0
 72
0
 73
0
 74
0
 75
0
 76
0
 77
1
 78
8
 79
3
170
0
171
3
172
1
173
0
174
0
175
0
176
0
177
0
178
0
179
2
271
2
272
2
273
2
274
3
275
0
276
0
277
2
278
44
279
0
280
0
281
0
282
0
283
0
284
8
285
0
286
0
288
0
289
3
290
0
371
-2
372
-2
  0
ENDTAB
  0
TABLE
  2
BLOCK_RECORD
  5
9
330
0
100
AcDbSymbolTable
 70
2
  0
BLOCK_RECORD
  5
17
330
9
100
AcDbSymbolTableRecord
100
AcDbBlockTableRecord
  2
*Model_Space
340
1A
 70
0
280
1
281
0
  0
BLOCK_RECORD
  5
1B
330
9
100
AcDbSymbolTableRecord
100
AcDbBlockTableRecord
  2
*Paper_Space
340
1E
 70
0
280
1
281
0
  0
ENDTAB
  0
ENDSEC
  0
SECTION
  2
BLOCKS
  0
BLOCK
  5
18
330
17
100
AcDbEntity
  8
0
100
AcDbBlockBegin
  2
*Model_Space
 70
0
 10
0.0
 20
0.0
 30
0.0
  3
*Model_Space
  1

  0
ENDBLK
  5
19
330
17
100
AcDbEntity
  8
0
100
AcDbBlockEnd
  0
BLOCK
  5
1C
330
1B
100
AcDbEntity
  8
0
100
AcDbBlockBegin
  2
*Paper_Space
 70
0
 10
0.0
 20
0.0
 30
0.0
  3
*Paper_Space
  1

  0
ENDBLK
  5
1D
330
1B
100
AcDbEntity
  8
0
100
AcDbBlockEnd
  0
ENDSEC
  0
SECTION
  2
ENTITIES
  0
LINE
  5
31
330
17
100
AcDbEntity
  8
CUT
 62
4
 48
25.4
100
AcDbLine
 10
11.93610262839195
 20
577.0559272425784
 30
0.0
 11
525.1161026283919
 21
513.3587572280784
 31
0.0
  0
LINE
  5
32
330
17
100
AcDbEntity
  8
CUT
 62
4
 48
25.4
100
AcDbLine
 10
525.1161026283919
 20
35.626035633678434
 30
0.0
 11
11.93610262839195
 21
35.626035633678434
 31
0.0
  0
LINE
  5
33
330
17
100
AcDbEntity
  8
CUT
  6
Continuous
 62
3
 48
25.4
100
AcDbLine
 10
11.93610262839195
 20
577.0559272425784
 30
0.0
 11
14.281961379691893
 21
595.9554763703783
 31
0.0
  0
LINE
  5
34
330
17
100
AcDbEntity
  8
CUT
  6
Continuous
 62
3
 48
25.4
100
AcDbLine
 10
14.281961379691893
 20
595.9554763703783
 30
0.0
 11
527.4619613796918
 21
532.2583063557785
 31
0.0
  0
LINE
  5
35
330
17
100
AcDbEntity
  8
CUT
  6
Continuous
 62
3
 48
25.4
100
AcDbLine
 10
527.4619613796918
 20
532.2583063557785
 30
0.0
 11
525.1161026283919
 21
513.3587572280784
 31
0.0
  0
LINE
  5
36
330
17
100
AcDbEntity
  8
CUT
  6
Continuous
 62
3
 48
25.4
100
AcDbLine
 10
11.93610262839195
 20
11.58145607637843
 30
0.0
 11
11.93610262839195
 21
577.0559272425784
 31
0.0
  0
LINE
  5
37
330
17
100
AcDbEntity
  8
CUT
  6
Continuous
 62
3
 48
25.4
100
AcDbLine
 10
525.1161026283919
 20
513.3587572279785
 30
0.0
 11
525.1161026283919
 21
11.58145607637843
 31
0.0
  0
CIRCLE
  5
38
330
17
100
AcDbEntity
  8
CUT
  6
Continuous
 62
3
 48
25.4
100
AcDbCircle
 10
31.936102628392007
 20
54.67061519097843
 30
0.0
 40
2.049999999999999
  0
CIRCLE
  5
39
330
17
100
AcDbEntity
  8
CUT
  6
Continuous
 62
3
 48
25.4
100
AcDbCircle
 10
31.936102628392007
 20
74.67061519097842
 30
0.0
 40
2.049999999999999
  0
CIRCLE
  5
3A
330
17
100
AcDbEntity
  8
CUT
  6
Continuous
 62
3
 48
25.4
100
AcDbCircle
 10
31.936102628392007
 20
94.67061519097842
 30
0.0
 40
2.049999999999999
  0
CIRCLE
  5
3B
330
17
100
AcDbEntity
  8
CUT
  6
Continuous
 62
3
 48
25.4
100
AcDbCircle
 10
31.936102628392007
 20
114.67061519097842
 30
0.0
 40
2.049999999999999
  0
CIRCLE
  5
3C
330
17
100
AcDbEntity
  8
CUT
  6
Continuous
 62
3
 48
25.4
100
AcDbCircle
 10
31.936102628392007
 20
134.67061519097842
 30
0.0
 40
2.049999999999999
  0
CIRCLE
  5
3D
330
17
100
AcDbEntity
  8
CUT
  6
Continuous
 62
3
 48
25.4
100
AcDbCircle
 10
31.936102628392007
 20
154.67061519097842
 30
0.0
 40
2.049999999999999
  0
CIRCLE
  5
3E
330
17
100
AcDbEntity
  8
CUT
  6
Continuous
 62
3
 48
25.4
100
AcDbCircle
 10
31.936102628392007
 20
174.67061519097842
 30
0.0
 40
2.049999999999999
  0
CIRCLE
  5
3F
330
17
100
AcDbEntity
  8
CUT
  6
Continuous
 62
3
 48
25.4
100
AcDbCircle
 10
31.936102628392007
 20
194.67061519097842
 30
0.0
 40
2.049999999999999
  0
CIRCLE
  5
40
330
17
100
AcDbEntity
  8
CUT
  6
Continuous
 62
3
 48
25.4
100
AcDbCircle
 10
31.936102628392007
 20
214.67061519097842
 30
0.0
 40
2.049999999999999
  0
CIRCLE
  5
41
330
17
100
AcDbEntity
  8
CUT
  6
Continuous
 62
3
 48
25.4
100
AcDbCircle
 10
31.936102628392007
 20
234.67061519097842
 30
0.0
 40
2.049999999999999
  0
CIRCLE
  5
42
330
17
100
AcDbEntity
  8
CUT
  6
Continuous
 62
3
 48
25.4
100
AcDbCircle
 10
31.936102628392007
 20
254.67061519097842
 30
0.0
 40
2.049999999999999
  0
CIRCLE
  5
43
330
17
100
AcDbEntity
  8
CUT
  6
Continuous
 62
3
 48
25.4
100
AcDbCircle
 10
31.936102628392007
 20
274.6706151909784
 30
0.0
 40
2.049999999999999
  0
CIRCLE
  5
44
330
17
100
AcDbEntity
  8
CUT
  6
Continuous
 62
3
 48
25.4
100
AcDbCircle
 10
31.936102628392007
 20
294.6706151909784
 30
0.0
 40
2.049999999999999
  0
CIRCLE
  5
45
330
17
100
AcDbEntity
  8
CUT
  6
Continuous
 62
3
 48
25.4
100
AcDbCircle
 10
31.936102628392007
 20
314.6706151909784
 30
0.0
 40
2.049999999999999
  0
CIRCLE
  5
46
330
17
100
AcDbEntity
  8
CUT
  6
Continuous
 62
3
 48
25.4
100
AcDbCircle
 10
31.936102628392007
 20
334.6706151909784
 30
0.0
 40
2.049999999999999
  0
CIRCLE
  5
47
330
17
100
AcDbEntity
  8
CUT
  6
Continuous
 62
3
 48
25.4
100
AcDbCircle
 10
31.936102628392007
 20
354.6706151909784
 30
0.0
 40
2.049999999999999
  0
CIRCLE
  5
48
330
17
100
AcDbEntity
  8
CUT
  6
Continuous
 62
3
 48
25.4
100
AcDbCircle
 10
31.936102628392007
 20
374.6706151909784
 30
0.0
 40
2.049999999999999
  0
CIRCLE
  5
49
330
17
100
AcDbEntity
  8
CUT
  6
Continuous
 62
3
 48
25.4
100
AcDbCircle
 10
31.936102628392007
 20
394.6706151909784
 30
0.0
 40
2.049999999999999
  0
CIRCLE
  5
4A
330
17
100
AcDbEntity
  8
CUT
  6
Continuous
 62
3
 48
25.4
100
AcDbCircle
 10
31.936102628392007
 20
414.6706151909784
 30
0.0
 40
2.049999999999999
  0
CIRCLE
  5
4B
330
17
100
AcDbEntity
  8
CUT
  6
Continuous
 62
3
 48
25.4
100
AcDbCircle
 10
31.936102628392007
 20
434.6706151909784
 30
0.0
 40
2.049999999999999
  0
CIRCLE
  5
4C
330
17
100
AcDbEntity
  8
CUT
  6
Continuous
 62
3
 48
25.4
100
AcDbCircle
 10
31.936102628392007
 20
454.6706151909784
 30
0.0
 40
2.049999999999999
  0
CIRCLE
  5
4D
330
17
100
AcDbEntity
  8
CUT
  6
Continuous
 62
3
 48
25.4
100
AcDbCircle
 10
31.936102628392007
 20
474.6706151909784
 30
0.0
 40
2.049999999999999
  0
CIRCLE
  5
4E
330
17
100
AcDbEntity
  8
CUT
  6
Continuous
 62
3
 48
25.4
100
AcDbCircle
 10
31.936102628392007
 20
494.6706151909784
 30
0.0
 40
2.049999999999999
  0
CIRCLE
  5
4F
330
17
100
AcDbEntity
  8
CUT
  6
Continuous
 62
3
 48
25.4
100
AcDbCircle
 10
31.936102628392007
 20
514.6706151909784
 30
0.0
 40
2.049999999999999
  0
CIRCLE
  5
50
330
17
100
AcDbEntity
  8
CUT
  6
Continuous
 62
3
 48
25.4
100
AcDbCircle
 10
31.936102628392007
 20
534.6706151909784
 30
0.0
 40
2.049999999999999
  0
CIRCLE
  5
51
330
17
100
AcDbEntity
  8
CUT
  6
Continuous
 62
3
 48
25.4
100
AcDbCircle
 10
31.936102628392007
 20
554.6706151909784
 30
0.0
 40
2.049999999999999
  0
CIRCLE
  5
52
330
17
100
AcDbEntity
  8
CUT
  6
Continuous
 62
3
 48
25.4
100
AcDbCircle
 10
51.93610262839201
 20
554.6706151909784
 30
0.0
 40
2.049999999999999
  0
CIRCLE
  5
53
330
17
100
AcDbEntity
  8
CUT
  6
Continuous
 62
3
 48
25.4
100
AcDbCircle
 10
71.9361026283919
 20
554.6706151909784
 30
0.0
 40
2.049999999999999
  0
CIRCLE
  5
54
330
17
100
AcDbEntity
  8
CUT
  6
Continuous
 62
3
 48
25.4
100
AcDbCircle
 10
51.93610262839201
 20
534.6706151909784
 30
0.0
 40
2.049999999999999
  0
CIRCLE
  5
55
330
17
100
AcDbEntity
  8
CUT
  6
Continuous
 62
3
 48
25.4
100
AcDbCircle
 10
71.9361026283919
 20
534.6706151909784
 30
0.0
 40
2.049999999999999
  0
CIRCLE
  5
56
330
17
100
AcDbEntity
  8
CUT
  6
Continuous
 62
3
 48
25.4
100
AcDbCircle
 10
91.9361026283919
 20
534.6706151909784
 30
0.0
 40
2.049999999999999
  0
CIRCLE
  5
57
330
17
100
AcDbEntity
  8
CUT
  6
Continuous
 62
3
 48
25.4
100
AcDbCircle
 10
111.9361026283919
 20
534.6706151909784
 30
0.0
 40
2.049999999999999
  0
CIRCLE
  5
58
330
17
100
AcDbEntity
  8
CUT
  6
Continuous
 62
3
 48
25.4
100
AcDbCircle
 10
131.9361026283919
 20
534.6706151909784
 30
0.0
 40
2.049999999999999
  0
CIRCLE
  5
59
330
17
100
AcDbEntity
  8
CUT
  6
Continuous
 62
3
 48
25.4
100
AcDbCircle
 10
151.9361026283919
 20
534.6706151909784
 30
0.0
 40
2.049999999999999
  0
CIRCLE
  5
5A
330
17
100
AcDbEntity
  8
CUT
  6
Continuous
 62
3
 48
25.4
100
AcDbCircle
 10
171.9361026283919
 20
534.6706151909784
 30
0.0
 40
2.049999999999999
  0
CIRCLE
  5
5B
330
17
100
AcDbEntity
  8
CUT
  6
Continuous
 62
3
 48
25.4
100
AcDbCircle
 10
191.9361026283919
 20
534.6706151909784
 30
0.0
 40
2.049999999999999
  0
CIRCLE
  5
5C
330
17
100
AcDbEntity
  8
CUT
  6
Continuous
 62
3
 48
25.4
100
AcDbCircle
 10
211.9361026283919
 20
534.6706151909784
 30
0.0
 40
2.049999999999999
  0
CIRCLE
  5
5D
330
17
100
AcDbEntity
  8
CUT
  6
Continuous
 62
3
 48
25.4
100
AcDbCircle
 10
51.93610262839201
 20
514.6706151909784
 30
0.0
 40
2.049999999999999
  0
CIRCLE
  5
5E
330
17
100
AcDbEntity
  8
CUT
  6
Continuous
 62
3
 48
25.4
100
AcDbCircle
 10
71.9361026283919
 20
514.6706151909784
 30
0.0
 40
2.049999999999999
  0
CIRCLE
  5
5F
330
17
100
AcDbEntity
  8
CUT
  6
Continuous
 62
3
 48
25.4
100
AcDbCircle
 10
91.9361026283919
 20
514.6706151909784
 30
0.0
 40
2.049999999999999
  0
CIRCLE
  5
60
330
17
100
AcDbEntity
  8
CUT
  6
Continuous
 62
3
 48
25.4
100
AcDbCircle
 10
111.9361026283919
 20
514.6706151909784
 30
0.0
 40
2.049999999999999
  0
CIRCLE
  5
61
330
17
100
AcDbEntity
  8
CUT
  6
Continuous
 62
3
 48
25.4
100
AcDbCircle
 10
131.9361026283919
 20
514.6706151909784
 30
0.0
 40
2.049999999999999
  0
CIRCLE
  5
62
330
17
100
AcDbEntity
  8
CUT
  6
Continuous
 62
3
 48
25.4
100
AcDbCircle
 10
151.9361026283919
 20
514.6706151909784
 30
0.0
 40
2.049999999999999
  0
CIRCLE
  5
63
330
17
100
AcDbEntity
  8
CUT
  6
Continuous
 62
3
 48
25.4
100
AcDbCircle
 10
171.9361026283919
 20
514.6706151909784
 30
0.0
 40
2.049999999999999
  0
CIRCLE
  5
64
330
17
100
AcDbEntity
  8
CUT
  6
Continuous
 62
3
 48
25.4
100
AcDbCircle
 10
191.9361026283919
 20
514.6706151909784
 30
0.0
 40
2.049999999999999
  0
CIRCLE
  5
65
330
17
100
AcDbEntity
  8
CUT
  6
Continuous
 62
3
 48
25.4
100
AcDbCircle
 10
211.9361026283919
 20
514.6706151909784
 30
0.0
 40
2.049999999999999
  0
CIRCLE
  5
66
330
17
100
AcDbEntity
  8
CUT
  6
Continuous
 62
3
 48
25.4
100
AcDbCircle
 10
231.9361026283919
 20
514.6706151909784
 30
0.0
 40
2.049999999999999
  0
CIRCLE
  5
67
330
17
100
AcDbEntity
  8
CUT
  6
Continuous
 62
3
 48
25.4
100
AcDbCircle
 10
251.9361026283919
 20
514.6706151909784
 30
0.0
 40
2.049999999999999
  0
CIRCLE
  5
68
330
17
100
AcDbEntity
  8
CUT
  6
Continuous
 62
3
 48
25.4
100
AcDbCircle
 10
271.9361026283919
 20
514.6706151909784
 30
0.0
 40
2.049999999999999
  0
CIRCLE
  5
69
330
17
100
AcDbEntity
  8
CUT
  6
Continuous
 62
3
 48
25.4
100
AcDbCircle
 10
291.9361026283919
 20
514.6706151909784
 30
0.0
 40
2.049999999999999
  0
CIRCLE
  5
6A
330
17
100
AcDbEntity
  8
CUT
  6
Continuous
 62
3
 48
25.4
100
AcDbCircle
 10
311.9361026283919
 20
514.6706151909784
 30
0.0
 40
2.049999999999999
  0
CIRCLE
  5
6B
330
17
100
AcDbEntity
  8
CUT
  6
Continuous
 62
3
 48
25.4
100
AcDbCircle
 10
331.9361026283919
 20
514.6706151909784
 30
0.0
 40
2.049999999999999
  0
CIRCLE
  5
6C
330
17
100
AcDbEntity
  8
CUT
  6
Continuous
 62
3
 48
25.4
100
AcDbCircle
 10
351.9361026283919
 20
514.6706151909784
 30
0.0
 40
2.049999999999999
  0
CIRCLE
  5
6D
330
17
100
AcDbEntity
  8
CUT
  6
Continuous
 62
3
 48
25.4
100
AcDbCircle
 10
51.93610262839201
 20
54.67061519097843
 30
0.0
 40
2.049999999999999
  0
CIRCLE
  5
6E
330
17
100
AcDbEntity
  8
CUT
  6
Continuous
 62
3
 48
25.4
100
AcDbCircle
 10
51.93610262839201
 20
74.67061519097842
 30
0.0
 40
2.049999999999999
  0
CIRCLE
  5
6F
330
17
100
AcDbEntity
  8
CUT
  6
Continuous
 62
3
 48
25.4
100
AcDbCircle
 10
51.93610262839201
 20
94.67061519097842
 30
0.0
 40
2.049999999999999
  0
CIRCLE
  5
70
330
17
100
AcDbEntity
  8
CUT
  6
Continuous
 62
3
 48
25.4
100
AcDbCircle
 10
51.93610262839201
 20
114.67061519097842
 30
0.0
 40
2.049999999999999
  0
CIRCLE
  5
71
330
17
100
AcDbEntity
  8
CUT
  6
Continuous
 62
3
 48
25.4
100
AcDbCircle
 10
51.93610262839201
 20
134.67061519097842
 30
0.0
 40
2.049999999999999
  0
CIRCLE
  5
72
330
17
100
AcDbEntity
  8
CUT
  6
Continuous
 62
3
 48
25.4
100
AcDbCircle
 10
51.93610262839201
 20
154.67061519097842
 30
0.0
 40
2.049999999999999
  0
CIRCLE
  5
73
330
17
100
AcDbEntity
  8
CUT
  6
Continuous
 62
3
 48
25.4
100
AcDbCircle
 10
51.93610262839201
 20
174.67061519097842
 30
0.0
 40
2.049999999999999
  0
CIRCLE
  5
74
330
17
100
AcDbEntity
  8
CUT
  6
Continuous
 62
3
 48
25.4
100
AcDbCircle
 10
51.93610262839201
 20
194.67061519097842
 30
0.0
 40
2.049999999999999
  0
CIRCLE
  5
75
330
17
100
AcDbEntity
  8
CUT
  6
Continuous
 62
3
 48
25.4
100
AcDbCircle
 10
51.93610262839201
 20
214.67061519097842
 30
0.0
 40
2.049999999999999
  0
CIRCLE
  5
76
330
17
100
AcDbEntity
  8
CUT
  6
Continuous
 62
3
 48
25.4
100
AcDbCircle
 10
51.93610262839201
 20
234.67061519097842
 30
0.0
 40
2.049999999999999
  0
CIRCLE
  5
77
330
17
100
AcDbEntity
  8
CUT
  6
Continuous
 62
3
 48
25.4
100
AcDbCircle
 10
51.93610262839201
 20
254.67061519097842
 30
0.0
 40
2.049999999999999
  0
CIRCLE
  5
78
330
17
100
AcDbEntity
  8
CUT
  6
Continuous
 62
3
 48
25.4
100
AcDbCircle
 10
51.93610262839201
 20
274.6706151909784
 30
0.0
 40
2.049999999999999
  0
CIRCLE
  5
79
330
17
100
AcDbEntity
  8
CUT
  6
Continuous
 62
3
 48
25.4
100
AcDbCircle
 10
51.93610262839201
 20
294.6706151909784
 30
0.0
 40
2.049999999999999
  0
CIRCLE
  5
7A
330
17
100
AcDbEntity
  8
CUT
  6
Continuous
 62
3
 48
25.4
100
AcDbCircle
 10
51.93610262839201
 20
314.6706151909784
 30
0.0
 40
2.049999999999999
  0
CIRCLE
  5
7B
330
17
100
AcDbEntity
  8
CUT
  6
Continuous
 62
3
 48
25.4
100
AcDbCircle
 10
51.93610262839201
 20
334.6706151909784
 30
0.0
 40
2.049999999999999
  0
CIRCLE
  5
7C
330
17
100
AcDbEntity
  8
CUT
  6
Continuous
 62
3
 48
25.4
100
AcDbCircle
 10
51.93610262839201
 20
354.6706151909784
 30
0.0
 40
2.049999999999999
  0
CIRCLE
  5
7D
330
17
100
AcDbEntity
  8
CUT
  6
Continuous
 62
3
 48
25.4
100
AcDbCircle
 10
51.93610262839201
 20
374.6706151909784
 30
0.0
 40
2.049999999999999
  0
CIRCLE
  5
7E
330
17
100
AcDbEntity
  8
CUT
  6
Continuous
 62
3
 48
25.4
100
AcDbCircle
 10
51.93610262839201
 20
394.6706151909784
 30
0.0
 40
2.049999999999999
  0
CIRCLE
  5
7F
330
17
100
AcDbEntity
  8
CUT
  6
Continuous
 62
3
 48
25.4
100
AcDbCircle
 10
51.93610262839201
 20
414.6706151909784
 30
0.0
 40
2.049999999999999
  0
CIRCLE
  5
80
330
17
100
AcDbEntity
  8
CUT
  6
Continuous
 62
3
 48
25.4
100
AcDbCircle
 10
51.93610262839201
 20
434.6706151909784
 30
0.0
 40
2.049999999999999
  0
CIRCLE
  5
81
330
17
100
AcDbEntity
  8
CUT
  6
Continuous
 62
3
 48
25.4
100
AcDbCircle
 10
51.93610262839201
 20
454.6706151909784
 30
0.0
 40
2.049999999999999
  0
CIRCLE
  5
82
330
17
100
AcDbEntity
  8
CUT
  6
Continuous
 62
3
 48
25.4
100
AcDbCircle
 10
51.93610262839201
 20
474.6706151909784
 30
0.0
 40
2.049999999999999
  0
CIRCLE
  5
83
330
17
100
AcDbEntity
  8
CUT
  6
Continuous
 62
3
 48
25.4
100
AcDbCircle
 10
51.93610262839201
 20
494.6706151909784
 30
0.0
 40
2.049999999999999
  0
CIRCLE
  5
84
330
17
100
AcDbEntity
  8
CUT
  6
Continuous
 62
3
 48
25.4
100
AcDbCircle
 10
71.9361026283919
 20
494.6706151909784
 30
0.0
 40
2.049999999999999
  0
CIRCLE
  5
85
330
17
100
AcDbEntity
  8
CUT
  6
Continuous
 62
3
 48
25.4
100
AcDbCircle
 10
71.9361026283919
 20
474.6706151909784
 30
0.0
 40
2.049999999999999
  0
CIRCLE
  5
86
330
17
100
AcDbEntity
  8
CUT
  6
Continuous
 62
3
 48
25.4
100
AcDbCircle
 10
71.9361026283919
 20
454.6706151909784
 30
0.0
 40
2.049999999999999
  0
CIRCLE
  5
87
330
17
100
AcDbEntity
  8
CUT
  6
Continuous
 62
3
 48
25.4
100
AcDbCircle
 10
71.9361026283919
 20
434.6706151909784
 30
0.0
 40
2.049999999999999
  0
CIRCLE
  5
88
330
17
100
AcDbEntity
  8
CUT
  6
Continuous
 62
3
 48
25.4
100
AcDbCircle
 10
71.9361026283919
 20
414.6706151909784
 30
0.0
 40
2.049999999999999
  0
CIRCLE
  5
89
330
17
100
AcDbEntity
  8
CUT
  6
Continuous
 62
3
 48
25.4
100
AcDbCircle
 10
71.9361026283919
 20
394.6706151909784
 30
0.0
 40
2.049999999999999
  0
CIRCLE
  5
8A
330
17
100
AcDbEntity
  8
CUT
  6
Continuous
 62
3
 48
25.4
100
AcDbCircle
 10
71.9361026283919
 20
374.6706151909784
 30
0.0
 40
2.049999999999999
  0
CIRCLE
  5
8B
330
17
100
AcDbEntity
  8
CUT
  6
Continuous
 62
3
 48
25.4
100
AcDbCircle
 10
71.9361026283919
 20
354.6706151909784
 30
0.0
 40
2.049999999999999
  0
CIRCLE
  5
8C
330
17
100
AcDbEntity
  8
CUT
  6
Continuous
 62
3
 48
25.4
100
AcDbCircle
 10
71.9361026283919
 20
334.6706151909784
 30
0.0
 40
2.049999999999999
  0
CIRCLE
  5
8D
330
17
100
AcDbEntity
  8
CUT
  6
Continuous
 62
3
 48
25.4
100
AcDbCircle
 10
71.9361026283919
 20
314.6706151909784
 30
0.0
 40
2.049999999999999
  0
CIRCLE
  5
8E
330
17
100
AcDbEntity
  8
CUT
  6
Continuous
 62
3
 48
25.4
100
AcDbCircle
 10
71.9361026283919
 20
294.6706151909784
 30
0.0
 40
2.049999999999999
  0
CIRCLE
  5
8F
330
17
100
AcDbEntity
  8
CUT
  6
Continuous
 62
3
 48
25.4
100
AcDbCircle
 10
71.9361026283919
 20
274.6706151909784
 30
0.0
 40
2.049999999999999
  0
CIRCLE
  5
90
330
17
100
AcDbEntity
  8
CUT
  6
Continuous
 62
3
 48
25.4
100
AcDbCircle
 10
71.9361026283919
 20
234.67061519097842
 30
0.0
 40
2.049999999999999
  0
CIRCLE
  5
91
330
17
100
AcDbEntity
  8
CUT
  6
Continuous
 62
3
 48
25.4
100
AcDbCircle
 10
71.9361026283919
 20
214.67061519097842
 30
0.0
 40
2.049999999999999
  0
CIRCLE
  5
92
330
17
100
AcDbEntity
  8
CUT
  6
Continuous
 62
3
 48
25.4
100
AcDbCircle
 10
71.9361026283919
 20
194.67061519097842
 30
0.0
 40
2.049999999999999
  0
CIRCLE
  5
93
330
17
100
AcDbEntity
  8
CUT
  6
Continuous
 62
3
 48
25.4
100
AcDbCircle
 10
71.9361026283919
 20
174.67061519097842
 30
0.0
 40
2.049999999999999
  0
CIRCLE
  5
94
330
17
100
AcDbEntity
  8
CUT
  6
Continuous
 62
3
 48
25.4
100
AcDbCircle
 10
71.9361026283919
 20
154.67061519097842
 30
0.0
 40
2.049999999999999
  0
CIRCLE
  5
95
330
17
100
AcDbEntity
  8
CUT
  6
Continuous
 62
3
 48
25.4
100
AcDbCircle
 10
71.9361026283919
 20
134.67061519097842
 30
0.0
 40
2.049999999999999
  0
CIRCLE
  5
96
330
17
100
AcDbEntity
  8
CUT
  6
Continuous
 62
3
 48
25.4
100
AcDbCircle
 10
71.9361026283919
 20
114.67061519097842
 30
0.0
 40
2.049999999999999
  0
CIRCLE
  5
97
330
17
100
AcDbEntity
  8
CUT
  6
Continuous
 62
3
 48
25.4
100
AcDbCircle
 10
71.9361026283919
 20
94.67061519097842
 30
0.0
 40
2.049999999999999
  0
CIRCLE
  5
98
330
17
100
AcDbEntity
  8
CUT
  6
Continuous
 62
3
 48
25.4
100
AcDbCircle
 10
71.9361026283919
 20
74.67061519097842
 30
0.0
 40
2.049999999999999
  0
CIRCLE
  5
99
330
17
100
AcDbEntity
  8
CUT
  6
Continuous
 62
3
 48
25.4
100
AcDbCircle
 10
71.9361026283919
 20
54.67061519097843
 30
0.0
 40
2.049999999999999
  0
CIRCLE
  5
9A
330
17
100
AcDbEntity
  8
CUT
  6
Continuous
 62
3
 48
25.4
100
AcDbCircle
 10
91.9361026283919
 20
54.67061519097843
 30
0.0
 40
2.049999999999999
  0
CIRCLE
  5
9B
330
17
100
AcDbEntity
  8
CUT
  6
Continuous
 62
3
 48
25.4
100
AcDbCircle
 10
91.9361026283919
 20
74.67061519097842
 30
0.0
 40
2.049999999999999
  0
CIRCLE
  5
9C
330
17
100
AcDbEntity
  8
CUT
  6
Continuous
 62
3
 48
25.4
100
AcDbCircle
 10
91.9361026283919
 20
94.67061519097842
 30
0.0
 40
2.049999999999999
  0
CIRCLE
  5
9D
330
17
100
AcDbEntity
  8
CUT
  6
Continuous
 62
3
 48
25.4
100
AcDbCircle
 10
91.9361026283919
 20
114.67061519097842
 30
0.0
 40
2.049999999999999
  0
CIRCLE
  5
9E
330
17
100
AcDbEntity
  8
CUT
  6
Continuous
 62
3
 48
25.4
100
AcDbCircle
 10
91.9361026283919
 20
134.67061519097842
 30
0.0
 40
2.049999999999999
  0
CIRCLE
  5
9F
330
17
100
AcDbEntity
  8
CUT
  6
Continuous
 62
3
 48
25.4
100
AcDbCircle
 10
91.9361026283919
 20
154.67061519097842
 30
0.0
 40
2.049999999999999
  0
CIRCLE
  5
A0
330
17
100
AcDbEntity
  8
CUT
  6
Continuous
 62
3
 48
25.4
100
AcDbCircle
 10
91.9361026283919
 20
174.67061519097842
 30
0.0
 40
2.049999999999999
  0
CIRCLE
  5
A1
330
17
100
AcDbEntity
  8
CUT
  6
Continuous
 62
3
 48
25.4
100
AcDbCircle
 10
91.9361026283919
 20
194.67061519097842
 30
0.0
 40
2.049999999999999
  0
CIRCLE
  5
A2
330
17
100
AcDbEntity
  8
CUT
  6
Continuous
 62
3
 48
25.4
100
AcDbCircle
 10
91.9361026283919
 20
214.67061519097842
 30
0.0
 40
2.049999999999999
  0
CIRCLE
  5
A3
330
17
100
AcDbEntity
  8
CUT
  6
Continuous
 62
3
 48
25.4
100
AcDbCircle
 10
91.9361026283919
 20
234.67061519097842
 30
0.0
 40
2.049999999999999
  0
CIRCLE
  5
A4
330
17
100
AcDbEntity
  8
CUT
  6
Continuous
 62
3
 48
25.4
100
AcDbCircle
 10
91.9361026283919
 20
254.67061519097842
 30
0.0
 40
2.049999999999999
  0
CIRCLE
  5
A5
330
17
100
AcDbEntity
  8
CUT
  6
Continuous
 62
3
 48
25.4
100
AcDbCircle
 10
71.9361026283919
 20
254.67061519097842
 30
0.0
 40
2.049999999999999
  0
CIRCLE
  5
A6
330
17
100
AcDbEntity
  8
CUT
  6
Continuous
 62
3
 48
25.4
100
AcDbCircle
 10
91.9361026283919
 20
274.6706151909784
 30
0.0
 40
2.049999999999999
  0
CIRCLE
  5
A7
330
17
100
AcDbEntity
  8
CUT
  6
Continuous
 62
3
 48
25.4
100
AcDbCircle
 10
91.9361026283919
 20
294.6706151909784
 30
0.0
 40
2.049999999999999
  0
CIRCLE
  5
A8
330
17
100
AcDbEntity
  8
CUT
  6
Continuous
 62
3
 48
25.4
100
AcDbCircle
 10
91.9361026283919
 20
314.6706151909784
 30
0.0
 40
2.049999999999999
  0
CIRCLE
  5
A9
330
17
100
AcDbEntity
  8
CUT
  6
Continuous
 62
3
 48
25.4
100
AcDbCircle
 10
91.9361026283919
 20
334.6706151909784
 30
0.0
 40
2.049999999999999
  0
CIRCLE
  5
AA
330
17
100
AcDbEntity
  8
CUT
  6
Continuous
 62
3
 48
25.4
100
AcDbCircle
 10
91.9361026283919
 20
354.6706151909784
 30
0.0
 40
2.049999999999999
  0
CIRCLE
  5
AB
330
17
100
AcDbEntity
  8
CUT
  6
Continuous
 62
3
 48
25.4
100
AcDbCircle
 10
91.9361026283919
 20
374.6706151909784
 30
0.0
 40
2.049999999999999
  0
CIRCLE
  5
AC
330
17
100
AcDbEntity
  8
CUT
  6
Continuous
 62
3
 48
25.4
100
AcDbCircle
 10
91.9361026283919
 20
394.6706151909784
 30
0.0
 40
2.049999999999999
  0
CIRCLE
  5
AD
330
17
100
AcDbEntity
  8
CUT
  6
Continuous
 62
3
 48
25.4
100
AcDbCircle
 10
91.9361026283919
 20
414.6706151909784
 30
0.0
 40
2.049999999999999
  0
CIRCLE
  5
AE
330
17
100
AcDbEntity
  8
CUT
  6
Continuous
 62
3
 48
25.4
100
AcDbCircle
 10
91.9361026283919
 20
434.6706151909784
 30
0.0
 40
2.049999999999999
  0
CIRCLE
  5
AF
330
17
100
AcDbEntity
  8
CUT
  6
Continuous
 62
3
 48
25.4
100
AcDbCircle
 10
91.9361026283919
 20
454.6706151909784
 30
0.0
 40
2.049999999999999
  0
CIRCLE
  5
B0
330
17
100
AcDbEntity
  8
CUT
  6
Continuous
 62
3
 48
25.4
100
AcDbCircle
 10
91.9361026283919
 20
474.6706151909784
 30
0.0
 40
2.049999999999999
  0
CIRCLE
  5
B1
330
17
100
AcDbEntity
  8
CUT
  6
Continuous
 62
3
 48
25.4
100
AcDbCircle
 10
91.9361026283919
 20
494.6706151909784
 30
0.0
 40
2.049999999999999
  0
CIRCLE
  5
B2
330
17
100
AcDbEntity
  8
CUT
  6
Continuous
 62
3
 48
25.4
100
AcDbCircle
 10
111.9361026283919
 20
494.6706151909784
 30
0.0
 40
2.049999999999999
  0
CIRCLE
  5
B3
330
17
100
AcDbEntity
  8
CUT
  6
Continuous
 62
3
 48
25.4
100
AcDbCircle
 10
111.9361026283919
 20
474.6706151909784
 30
0.0
 40
2.049999999999999
  0
CIRCLE
  5
B4
330
17
100
AcDbEntity
  8
CUT
  6
Continuous
 62
3
 48
25.4
100
AcDbCircle
 10
111.9361026283919
 20
454.6706151909784
 30
0.0
 40
2.049999999999999
  0
CIRCLE
  5
B5
330
17
100
AcDbEntity
  8
CUT
  6
Continuous
 62
3
 48
25.4
100
AcDbCircle
 10
111.9361026283919
 20
434.6706151909784
 30
0.0
 40
2.049999999999999
  0
CIRCLE
  5
B6
330
17
100
AcDbEntity
  8
CUT
  6
Continuous
 62
3
 48
25.4
100
AcDbCircle
 10
111.9361026283919
 20
414.6706151909784
 30
0.0
 40
2.049999999999999
  0
CIRCLE
  5
B7
330
17
100
AcDbEntity
  8
CUT
  6
Continuous
 62
3
 48
25.4
100
AcDbCircle
 10
111.9361026283919
 20
394.6706151909784
 30
0.0
 40
2.049999999999999
  0
CIRCLE
  5
B8
330
17
100
AcDbEntity
  8
CUT
  6
Continuous
 62
3
 48
25.4
100
AcDbCircle
 10
111.9361026283919
 20
374.6706151909784
 30
0.0
 40
2.049999999999999
  0
CIRCLE
  5
B9
330
17
100
AcDbEntity
  8
CUT
  6
Continuous
 62
3
 48
25.4
100
AcDbCircle
 10
111.9361026283919
 20
354.6706151909784
 30
0.0
 40
2.049999999999999
  0
CIRCLE
  5
BA
330
17
100
AcDbEntity
  8
CUT
  6
Continuous
 62
3
 48
25.4
100
AcDbCircle
 10
111.9361026283919
 20
334.6706151909784
 30
0.0
 40
2.049999999999999
  0
CIRCLE
  5
BB
330
17
100
AcDbEntity
  8
CUT
  6
Continuous
 62
3
 48
25.4
100
AcDbCircle
 10
111.9361026283919
 20
314.6706151909784
 30
0.0
 40
2.049999999999999
  0
CIRCLE
  5
BC
330
17
100
AcDbEntity
  8
CUT
  6
Continuous
 62
3
 48
25.4
100
AcDbCircle
 10
111.9361026283919
 20
294.6706151909784
 30
0.0
 40
2.049999999999999
  0
CIRCLE
  5
BD
330
17
100
AcDbEntity
  8
CUT
  6
Continuous
 62
3
 48
25.4
100
AcDbCircle
 10
111.9361026283919
 20
274.6706151909784
 30
0.0
 40
2.049999999999999
  0
CIRCLE
  5
BE
330
17
100
AcDbEntity
  8
CUT
  6
Continuous
 62
3
 48
25.4
100
AcDbCircle
 10
131.9361026283919
 20
274.6706151909784
 30
0.0
 40
2.049999999999999
  0
CIRCLE
  5
BF
330
17
100
AcDbEntity
  8
CUT
  6
Continuous
 62
3
 48
25.4
100
AcDbCircle
 10
131.9361026283919
 20
294.6706151909784
 30
0.0
 40
2.049999999999999
  0
CIRCLE
  5
C0
330
17
100
AcDbEntity
  8
CUT
  6
Continuous
 62
3
 48
25.4
100
AcDbCircle
 10
131.9361026283919
 20
314.6706151909784
 30
0.0
 40
2.049999999999999
  0
CIRCLE
  5
C1
330
17
100
AcDbEntity
  8
CUT
  6
Continuous
 62
3
 48
25.4
100
AcDbCircle
 10
131.9361026283919
 20
334.6706151909784
 30
0.0
 40
2.049999999999999
  0
CIRCLE
  5
C2
330
17
100
AcDbEntity
  8
CUT
  6
Continuous
 62
3
 48
25.4
100
AcDbCircle
 10
131.9361026283919
 20
354.6706151909784
 30
0.0
 40
2.049999999999999
  0
CIRCLE
  5
C3
330
17
100
AcDbEntity
  8
CUT
  6
Continuous
 62
3
 48
25.4
100
AcDbCircle
 10
131.9361026283919
 20
374.6706151909784
 30
0.0
 40
2.049999999999999
  0
CIRCLE
  5
C4
330
17
100
AcDbEntity
  8
CUT
  6
Continuous
 62
3
 48
25.4
100
AcDbCircle
 10
131.9361026283919
 20
394.6706151909784
 30
0.0
 40
2.049999999999999
  0
CIRCLE
  5
C5
330
17
100
AcDbEntity
  8
CUT
  6
Continuous
 62
3
 48
25.4
100
AcDbCircle
 10
131.9361026283919
 20
414.6706151909784
 30
0.0
 40
2.049999999999999
  0
CIRCLE
  5
C6
330
17
100
AcDbEntity
  8
CUT
  6
Continuous
 62
3
 48
25.4
100
AcDbCircle
 10
131.9361026283919
 20
434.6706151909784
 30
0.0
 40
2.049999999999999
  0
CIRCLE
  5
C7
330
17
100
AcDbEntity
  8
CUT
  6
Continuous
 62
3
 48
25.4
100
AcDbCircle
 10
131.9361026283919
 20
454.6706151909784
 30
0.0
 40
2.049999999999999
  0
CIRCLE
  5
C8
330
17
100
AcDbEntity
  8
CUT
  6
Continuous
 62
3
 48
25.4
100
AcDbCircle
 10
131.9361026283919
 20
474.6706151909784
 30
0.0
 40
2.049999999999999
  0
CIRCLE
  5
C9
330
17
100
AcDbEntity
  8
CUT
  6
Continuous
 62
3
 48
25.4
100
AcDbCircle
 10
131.9361026283919
 20
494.6706151909784
 30
0.0
 40
2.049999999999999
  0
CIRCLE
  5
CA
330
17
100
AcDbEntity
  8
CUT
  6
Continuous
 62
3
 48
25.4
100
AcDbCircle
 10
151.9361026283919
 20
494.6706151909784
 30
0.0
 40
2.049999999999999
  0
CIRCLE
  5
CB
330
17
100
AcDbEntity
  8
CUT
  6
Continuous
 62
3
 48
25.4
100
AcDbCircle
 10
151.9361026283919
 20
474.6706151909784
 30
0.0
 40
2.049999999999999
  0
CIRCLE
  5
CC
330
17
100
AcDbEntity
  8
CUT
  6
Continuous
 62
3
 48
25.4
100
AcDbCircle
 10
151.9361026283919
 20
454.6706151909784
 30
0.0
 40
2.049999999999999
  0
CIRCLE
  5
CD
330
17
100
AcDbEntity
  8
CUT
  6
Continuous
 62
3
 48
25.4
100
AcDbCircle
 10
151.9361026283919
 20
434.6706151909784
 30
0.0
 40
2.049999999999999
  0
CIRCLE
  5
CE
330
17
100
AcDbEntity
  8
CUT
  6
Continuous
 62
3
 48
25.4
100
AcDbCircle
 10
151.9361026283919
 20
414.6706151909784
 30
0.0
 40
2.049999999999999
  0
CIRCLE
  5
CF
330
17
100
AcDbEntity
  8
CUT
  6
Continuous
 62
3
 48
25.4
100
AcDbCircle
 10
151.9361026283919
 20
394.6706151909784
 30
0.0
 40
2.049999999999999
  0
CIRCLE
  5
D0
330
17
100
AcDbEntity
  8
CUT
  6
Continuous
 62
3
 48
25.4
100
AcDbCircle
 10
151.9361026283919
 20
374.6706151909784
 30
0.0
 40
2.049999999999999
  0
CIRCLE
  5
D1
330
17
100
AcDbEntity
  8
CUT
  6
Continuous
 62
3
 48
25.4
100
AcDbCircle
 10
151.9361026283919
 20
354.6706151909784
 30
0.0
 40
2.049999999999999
  0
CIRCLE
  5
D2
330
17
100
AcDbEntity
  8
CUT
  6
Continuous
 62
3
 48
25.4
100
AcDbCircle
 10
151.9361026283919
 20
334.6706151909784
 30
0.0
 40
2.049999999999999
  0
CIRCLE
  5
D3
330
17
100
AcDbEntity
  8
CUT
  6
Continuous
 62
3
 48
25.4
100
AcDbCircle
 10
151.9361026283919
 20
314.6706151909784
 30
0.0
 40
2.049999999999999
  0
CIRCLE
  5
D4
330
17
100
AcDbEntity
  8
CUT
  6
Continuous
 62
3
 48
25.4
100
AcDbCircle
 10
151.9361026283919
 20
294.6706151909784
 30
0.0
 40
2.049999999999999
  0
CIRCLE
  5
D5
330
17
100
AcDbEntity
  8
CUT
  6
Continuous
 62
3
 48
25.4
100
AcDbCircle
 10
151.9361026283919
 20
274.6706151909784
 30
0.0
 40
2.049999999999999
  0
CIRCLE
  5
D6
330
17
100
AcDbEntity
  8
CUT
  6
Continuous
 62
3
 48
25.4
100
AcDbCircle
 10
171.9361026283919
 20
274.6706151909784
 30
0.0
 40
2.049999999999999
  0
CIRCLE
  5
D7
330
17
100
AcDbEntity
  8
CUT
  6
Continuous
 62
3
 48
25.4
100
AcDbCircle
 10
171.9361026283919
 20
294.6706151909784
 30
0.0
 40
2.049999999999999
  0
CIRCLE
  5
D8
330
17
100
AcDbEntity
  8
CUT
  6
Continuous
 62
3
 48
25.4
100
AcDbCircle
 10
171.9361026283919
 20
314.6706151909784
 30
0.0
 40
2.049999999999999
  0
CIRCLE
  5
D9
330
17
100
AcDbEntity
  8
CUT
  6
Continuous
 62
3
 48
25.4
100
AcDbCircle
 10
171.9361026283919
 20
334.6706151909784
 30
0.0
 40
2.049999999999999
  0
CIRCLE
  5
DA
330
17
100
AcDbEntity
  8
CUT
  6
Continuous
 62
3
 48
25.4
100
AcDbCircle
 10
171.9361026283919
 20
374.6706151909784
 30
0.0
 40
2.049999999999999
  0
CIRCLE
  5
DB
330
17
100
AcDbEntity
  8
CUT
  6
Continuous
 62
3
 48
25.4
100
AcDbCircle
 10
171.9361026283919
 20
394.6706151909784
 30
0.0
 40
2.049999999999999
  0
CIRCLE
  5
DC
330
17
100
AcDbEntity
  8
CUT
  6
Continuous
 62
3
 48
25.4
100
AcDbCircle
 10
171.9361026283919
 20
414.6706151909784
 30
0.0
 40
2.049999999999999
  0
CIRCLE
  5
DD
330
17
100
AcDbEntity
  8
CUT
  6
Continuous
 62
3
 48
25.4
100
AcDbCircle
 10
171.9361026283919
 20
434.6706151909784
 30
0.0
 40
2.049999999999999
  0
CIRCLE
  5
DE
330
17
100
AcDbEntity
  8
CUT
  6
Continuous
 62
3
 48
25.4
100
AcDbCircle
 10
171.9361026283919
 20
454.6706151909784
 30
0.0
 40
2.049999999999999
  0
CIRCLE
  5
DF
330
17
100
AcDbEntity
  8
CUT
  6
Continuous
 62
3
 48
25.4
100
AcDbCircle
 10
171.9361026283919
 20
474.6706151909784
 30
0.0
 40
2.049999999999999
  0
CIRCLE
  5
E0
330
17
100
AcDbEntity
  8
CUT
  6
Continuous
 62
3
 48
25.4
100
AcDbCircle
 10
171.9361026283919
 20
494.6706151909784
 30
0.0
 40
2.049999999999999
  0
CIRCLE
  5
E1
330
17
100
AcDbEntity
  8
CUT
  6
Continuous
 62
3
 48
25.4
100
AcDbCircle
 10
171.9361026283919
 20
354.6706151909784
 30
0.0
 40
2.049999999999999
  0
CIRCLE
  5
E2
330
17
100
AcDbEntity
  8
CUT
  6
Continuous
 62
3
 48
25.4
100
AcDbCircle
 10
191.9361026283919
 20
274.6706151909784
 30
0.0
 40
2.049999999999999
  0
CIRCLE
  5
E3
330
17
100
AcDbEntity
  8
CUT
  6
Continuous
 62
3
 48
25.4
100
AcDbCircle
 10
191.9361026283919
 20
294.6706151909784
 30
0.0
 40
2.049999999999999
  0
CIRCLE
  5
E4
330
17
100
AcDbEntity
  8
CUT
  6
Continuous
 62
3
 48
25.4
100
AcDbCircle
 10
191.9361026283919
 20
314.6706151909784
 30
0.0
 40
2.049999999999999
  0
CIRCLE
  5
E5
330
17
100
AcDbEntity
  8
CUT
  6
Continuous
 62
3
 48
25.4
100
AcDbCircle
 10
191.9361026283919
 20
334.6706151909784
 30
0.0
 40
2.049999999999999
  0
CIRCLE
  5
E6
330
17
100
AcDbEntity
  8
CUT
  6
Continuous
 62
3
 48
25.4
100
AcDbCircle
 10
191.9361026283919
 20
354.6706151909784
 30
0.0
 40
2.049999999999999
  0
CIRCLE
  5
E7
330
17
100
AcDbEntity
  8
CUT
  6
Continuous
 62
3
 48
25.4
100
AcDbCircle
 10
191.9361026283919
 20
374.6706151909784
 30
0.0
 40
2.049999999999999
  0
CIRCLE
  5
E8
330
17
100
AcDbEntity
  8
CUT
  6
Continuous
 62
3
 48
25.4
100
AcDbCircle
 10
191.9361026283919
 20
394.6706151909784
 30
0.0
 40
2.049999999999999
  0
CIRCLE
  5
E9
330
17
100
AcDbEntity
  8
CUT
  6
Continuous
 62
3
 48
25.4
100
AcDbCircle
 10
191.9361026283919
 20
414.6706151909784
 30
0.0
 40
2.049999999999999
  0
CIRCLE
  5
EA
330
17
100
AcDbEntity
  8
CUT
  6
Continuous
 62
3
 48
25.4
100
AcDbCircle
 10
191.9361026283919
 20
434.6706151909784
 30
0.0
 40
2.049999999999999
  0
CIRCLE
  5
EB
330
17
100
AcDbEntity
  8
CUT
  6
Continuous
 62
3
 48
25.4
100
AcDbCircle
 10
191.9361026283919
 20
454.6706151909784
 30
0.0
 40
2.049999999999999
  0
CIRCLE
  5
EC
330
17
100
AcDbEntity
  8
CUT
  6
Continuous
 62
3
 48
25.4
100
AcDbCircle
 10
191.9361026283919
 20
474.6706151909784
 30
0.0
 40
2.049999999999999
  0
CIRCLE
  5
ED
330
17
100
AcDbEntity
  8
CUT
  6
Continuous
 62
3
 48
25.4
100
AcDbCircle
 10
191.9361026283919
 20
494.6706151909784
 30
0.0
 40
2.049999999999999
  0
CIRCLE
  5
EE
330
17
100
AcDbEntity
  8
CUT
  6
Continuous
 62
3
 48
25.4
100
AcDbCircle
 10
211.9361026283919
 20
494.6706151909784
 30
0.0
 40
2.049999999999999
  0
CIRCLE
  5
EF
330
17
100
AcDbEntity
  8
CUT
  6
Continuous
 62
3
 48
25.4
100
AcDbCircle
 10
211.9361026283919
 20
474.6706151909784
 30
0.0
 40
2.049999999999999
  0
CIRCLE
  5
F0
330
17
100
AcDbEntity
  8
CUT
  6
Continuous
 62
3
 48
25.4
100
AcDbCircle
 10
211.9361026283919
 20
454.6706151909784
 30
0.0
 40
2.049999999999999
  0
CIRCLE
  5
F1
330
17
100
AcDbEntity
  8
CUT
  6
Continuous
 62
3
 48
25.4
100
AcDbCircle
 10
211.9361026283919
 20
414.6706151909784
 30
0.0
 40
2.049999999999999
  0
CIRCLE
  5
F2
330
17
100
AcDbEntity
  8
CUT
  6
Continuous
 62
3
 48
25.4
100
AcDbCircle
 10
211.9361026283919
 20
394.6706151909784
 30
0.0
 40
2.049999999999999
  0
CIRCLE
  5
F3
330
17
100
AcDbEntity
  8
CUT
  6
Continuous
 62
3
 48
25.4
100
AcDbCircle
 10
211.9361026283919
 20
374.6706151909784
 30
0.0
 40
2.049999999999999
  0
CIRCLE
  5
F4
330
17
100
AcDbEntity
  8
CUT
  6
Continuous
 62
3
 48
25.4
100
AcDbCircle
 10
211.9361026283919
 20
354.6706151909784
 30
0.0
 40
2.049999999999999
  0
CIRCLE
  5
F5
330
17
100
AcDbEntity
  8
CUT
  6
Continuous
 62
3
 48
25.4
100
AcDbCircle
 10
211.9361026283919
 20
334.6706151909784
 30
0.0
 40
2.049999999999999
  0
CIRCLE
  5
F6
330
17
100
AcDbEntity
  8
CUT
  6
Continuous
 62
3
 48
25.4
100
AcDbCircle
 10
211.9361026283919
 20
314.6706151909784
 30
0.0
 40
2.049999999999999
  0
CIRCLE
  5
F7
330
17
100
AcDbEntity
  8
CUT
  6
Continuous
 62
3
 48
25.4
100
AcDbCircle
 10
211.9361026283919
 20
294.6706151909784
 30
0.0
 40
2.049999999999999
  0
CIRCLE
  5
F8
330
17
100
AcDbEntity
  8
CUT
  6
Continuous
 62
3
 48
25.4
100
AcDbCircle
 10
211.9361026283919
 20
274.6706151909784
 30
0.0
 40
2.049999999999999
  0
CIRCLE
  5
F9
330
17
100
AcDbEntity
  8
CUT
  6
Continuous
 62
3
 48
25.4
100
AcDbCircle
 10
211.9361026283919
 20
434.6706151909784
 30
0.0
 40
2.049999999999999
  0
CIRCLE
  5
FA
330
17
100
AcDbEntity
  8
CUT
  6
Continuous
 62
3
 48
25.4
100
AcDbCircle
 10
111.9361026283919
 20
54.67061519097843
 30
0.0
 40
2.049999999999999
  0
CIRCLE
  5
FB
330
17
100
AcDbEntity
  8
CUT
  6
Continuous
 62
3
 48
25.4
100
AcDbCircle
 10
111.9361026283919
 20
74.67061519097842
 30
0.0
 40
2.049999999999999
  0
CIRCLE
  5
FC
330
17
100
AcDbEntity
  8
CUT
  6
Continuous
 62
3
 48
25.4
100
AcDbCircle
 10
111.9361026283919
 20
94.67061519097842
 30
0.0
 40
2.049999999999999
  0
CIRCLE
  5
FD
330
17
100
AcDbEntity
  8
CUT
  6
Continuous
 62
3
 48
25.4
100
AcDbCircle
 10
111.9361026283919
 20
114.67061519097842
 30
0.0
 40
2.049999999999999
  0
CIRCLE
  5
FE
330
17
100
AcDbEntity
  8
CUT
  6
Continuous
 62
3
 48
25.4
100
AcDbCircle
 10
111.9361026283919
 20
134.67061519097842
 30
0.0
 40
2.049999999999999
  0
CIRCLE
  5
FF
330
17
100
AcDbEntity
  8
CUT
  6
Continuous
 62
3
 48
25.4
100
AcDbCircle
 10
111.9361026283919
 20
154.67061519097842
 30
0.0
 40
2.049999999999999
  0
CIRCLE
  5
100
330
17
100
AcDbEntity
  8
CUT
  6
Continuous
 62
3
 48
25.4
100
AcDbCircle
 10
111.9361026283919
 20
174.67061519097842
 30
0.0
 40
2.049999999999999
  0
CIRCLE
  5
101
330
17
100
AcDbEntity
  8
CUT
  6
Continuous
 62
3
 48
25.4
100
AcDbCircle
 10
111.9361026283919
 20
194.67061519097842
 30
0.0
 40
2.049999999999999
  0
CIRCLE
  5
102
330
17
100
AcDbEntity
  8
CUT
  6
Continuous
 62
3
 48
25.4
100
AcDbCircle
 10
111.9361026283919
 20
214.67061519097842
 30
0.0
 40
2.049999999999999
  0
CIRCLE
  5
103
330
17
100
AcDbEntity
  8
CUT
  6
Continuous
 62
3
 48
25.4
100
AcDbCircle
 10
111.9361026283919
 20
234.67061519097842
 30
0.0
 40
2.049999999999999
  0
CIRCLE
  5
104
330
17
100
AcDbEntity
  8
CUT
  6
Continuous
 62
3
 48
25.4
100
AcDbCircle
 10
111.9361026283919
 20
254.67061519097842
 30
0.0
 40
2.049999999999999
  0
CIRCLE
  5
105
330
17
100
AcDbEntity
  8
CUT
  6
Continuous
 62
3
 48
25.4
100
AcDbCircle
 10
131.9361026283919
 20
254.67061519097842
 30
0.0
 40
2.049999999999999
  0
CIRCLE
  5
106
330
17
100
AcDbEntity
  8
CUT
  6
Continuous
 62
3
 48
25.4
100
AcDbCircle
 10
151.9361026283919
 20
254.67061519097842
 30
0.0
 40
2.049999999999999
  0
CIRCLE
  5
107
330
17
100
AcDbEntity
  8
CUT
  6
Continuous
 62
3
 48
25.4
100
AcDbCircle
 10
171.9361026283919
 20
254.67061519097842
 30
0.0
 40
2.049999999999999
  0
CIRCLE
  5
108
330
17
100
AcDbEntity
  8
CUT
  6
Continuous
 62
3
 48
25.4
100
AcDbCircle
 10
191.9361026283919
 20
254.67061519097842
 30
0.0
 40
2.049999999999999
  0
CIRCLE
  5
109
330
17
100
AcDbEntity
  8
CUT
  6
Continuous
 62
3
 48
25.4
100
AcDbCircle
 10
211.9361026283919
 20
254.67061519097842
 30
0.0
 40
2.049999999999999
  0
CIRCLE
  5
10A
330
17
100
AcDbEntity
  8
CUT
  6
Continuous
 62
3
 48
25.4
100
AcDbCircle
 10
231.9361026283919
 20
254.67061519097842
 30
0.0
 40
2.049999999999999
  0
CIRCLE
  5
10B
330
17
100
AcDbEntity
  8
CUT
  6
Continuous
 62
3
 48
25.4
100
AcDbCircle
 10
251.9361026283919
 20
254.67061519097842
 30
0.0
 40
2.049999999999999
  0
CIRCLE
  5
10C
330
17
100
AcDbEntity
  8
CUT
  6
Continuous
 62
3
 48
25.4
100
AcDbCircle
 10
251.9361026283919
 20
234.67061519097842
 30
0.0
 40
2.049999999999999
  0
CIRCLE
  5
10D
330
17
100
AcDbEntity
  8
CUT
  6
Continuous
 62
3
 48
25.4
100
AcDbCircle
 10
231.9361026283919
 20
234.67061519097842
 30
0.0
 40
2.049999999999999
  0
CIRCLE
  5
10E
330
17
100
AcDbEntity
  8
CUT
  6
Continuous
 62
3
 48
25.4
100
AcDbCircle
 10
211.9361026283919
 20
234.67061519097842
 30
0.0
 40
2.049999999999999
  0
CIRCLE
  5
10F
330
17
100
AcDbEntity
  8
CUT
  6
Continuous
 62
3
 48
25.4
100
AcDbCircle
 10
191.9361026283919
 20
234.67061519097842
 30
0.0
 40
2.049999999999999
  0
CIRCLE
  5
110
330
17
100
AcDbEntity
  8
CUT
  6
Continuous
 62
3
 48
25.4
100
AcDbCircle
 10
171.9361026283919
 20
234.67061519097842
 30
0.0
 40
2.049999999999999
  0
CIRCLE
  5
111
330
17
100
AcDbEntity
  8
CUT
  6
Continuous
 62
3
 48
25.4
100
AcDbCircle
 10
151.9361026283919
 20
234.67061519097842
 30
0.0
 40
2.049999999999999
  0
CIRCLE
  5
112
330
17
100
AcDbEntity
  8
CUT
  6
Continuous
 62
3
 48
25.4
100
AcDbCircle
 10
131.9361026283919
 20
234.67061519097842
 30
0.0
 40
2.049999999999999
  0
CIRCLE
  5
113
330
17
100
AcDbEntity
  8
CUT
  6
Continuous
 62
3
 48
25.4
100
AcDbCircle
 10
131.9361026283919
 20
214.67061519097842
 30
0.0
 40
2.049999999999999
  0
CIRCLE
  5
114
330
17
100
AcDbEntity
  8
CUT
  6
Continuous
 62
3
 48
25.4
100
AcDbCircle
 10
151.9361026283919
 20
214.67061519097842
 30
0.0
 40
2.049999999999999
  0
CIRCLE
  5
115
330
17
100
AcDbEntity
  8
CUT
  6
Continuous
 62
3
 48
25.4
100
AcDbCircle
 10
171.9361026283919
 20
214.67061519097842
 30
0.0
 40
2.049999999999999
  0
CIRCLE
  5
116
330
17
100
AcDbEntity
  8
CUT
  6
Continuous
 62
3
 48
25.4
100
AcDbCircle
 10
191.9361026283919
 20
214.67061519097842
 30
0.0
 40
2.049999999999999
  0
CIRCLE
  5
117
330
17
100
AcDbEntity
  8
CUT
  6
Continuous
 62
3
 48
25.4
100
AcDbCircle
 10
211.9361026283919
 20
214.67061519097842
 30
0.0
 40
2.049999999999999
  0
CIRCLE
  5
118
330
17
100
AcDbEntity
  8
CUT
  6
Continuous
 62
3
 48
25.4
100
AcDbCircle
 10
231.9361026283919
 20
214.67061519097842
 30
0.0
 40
2.049999999999999
  0
CIRCLE
  5
119
330
17
100
AcDbEntity
  8
CUT
  6
Continuous
 62
3
 48
25.4
100
AcDbCircle
 10
251.9361026283919
 20
214.67061519097842
 30
0.0
 40
2.049999999999999
  0
CIRCLE
  5
11A
330
17
100
AcDbEntity
  8
CUT
  6
Continuous
 62
3
 48
25.4
100
AcDbCircle
 10
251.9361026283919
 20
194.67061519097842
 30
0.0
 40
2.049999999999999
  0
CIRCLE
  5
11B
330
17
100
AcDbEntity
  8
CUT
  6
Continuous
 62
3
 48
25.4
100
AcDbCircle
 10
231.9361026283919
 20
194.67061519097842
 30
0.0
 40
2.049999999999999
  0
CIRCLE
  5
11C
330
17
100
AcDbEntity
  8
CUT
  6
Continuous
 62
3
 48
25.4
100
AcDbCircle
 10
211.9361026283919
 20
194.67061519097842
 30
0.0
 40
2.049999999999999
  0
CIRCLE
  5
11D
330
17
100
AcDbEntity
  8
CUT
  6
Continuous
 62
3
 48
25.4
100
AcDbCircle
 10
191.9361026283919
 20
194.67061519097842
 30
0.0
 40
2.049999999999999
  0
CIRCLE
  5
11E
330
17
100
AcDbEntity
  8
CUT
  6
Continuous
 62
3
 48
25.4
100
AcDbCircle
 10
171.9361026283919
 20
194.67061519097842
 30
0.0
 40
2.049999999999999
  0
CIRCLE
  5
11F
330
17
100
AcDbEntity
  8
CUT
  6
Continuous
 62
3
 48
25.4
100
AcDbCircle
 10
151.9361026283919
 20
194.67061519097842
 30
0.0
 40
2.049999999999999
  0
CIRCLE
  5
120
330
17
100
AcDbEntity
  8
CUT
  6
Continuous
 62
3
 48
25.4
100
AcDbCircle
 10
131.9361026283919
 20
194.67061519097842
 30
0.0
 40
2.049999999999999
  0
CIRCLE
  5
121
330
17
100
AcDbEntity
  8
CUT
  6
Continuous
 62
3
 48
25.4
100
AcDbCircle
 10
131.9361026283919
 20
174.67061519097842
 30
0.0
 40
2.049999999999999
  0
CIRCLE
  5
122
330
17
100
AcDbEntity
  8
CUT
  6
Continuous
 62
3
 48
25.4
100
AcDbCircle
 10
151.9361026283919
 20
174.67061519097842
 30
0.0
 40
2.049999999999999
  0
CIRCLE
  5
123
330
17
100
AcDbEntity
  8
CUT
  6
Continuous
 62
3
 48
25.4
100
AcDbCircle
 10
171.9361026283919
 20
174.67061519097842
 30
0.0
 40
2.049999999999999
  0
CIRCLE
  5
124
330
17
100
AcDbEntity
  8
CUT
  6
Continuous
 62
3
 48
25.4
100
AcDbCircle
 10
191.9361026283919
 20
174.67061519097842
 30
0.0
 40
2.049999999999999
  0
CIRCLE
  5
125
330
17
100
AcDbEntity
  8
CUT
  6
Continuous
 62
3
 48
25.4
100
AcDbCircle
 10
211.9361026283919
 20
174.67061519097842
 30
0.0
 40
2.049999999999999
  0
CIRCLE
  5
126
330
17
100
AcDbEntity
  8
CUT
  6
Continuous
 62
3
 48
25.4
100
AcDbCircle
 10
231.9361026283919
 20
174.67061519097842
 30
0.0
 40
2.049999999999999
  0
CIRCLE
  5
127
330
17
100
AcDbEntity
  8
CUT
  6
Continuous
 62
3
 48
25.4
100
AcDbCircle
 10
251.9361026283919
 20
174.67061519097842
 30
0.0
 40
2.049999999999999
  0
CIRCLE
  5
128
330
17
100
AcDbEntity
  8
CUT
  6
Continuous
 62
3
 48
25.4
100
AcDbCircle
 10
251.9361026283919
 20
154.67061519097842
 30
0.0
 40
2.049999999999999
  0
CIRCLE
  5
129
330
17
100
AcDbEntity
  8
CUT
  6
Continuous
 62
3
 48
25.4
100
AcDbCircle
 10
231.9361026283919
 20
154.67061519097842
 30
0.0
 40
2.049999999999999
  0
CIRCLE
  5
12A
330
17
100
AcDbEntity
  8
CUT
  6
Continuous
 62
3
 48
25.4
100
AcDbCircle
 10
211.9361026283919
 20
154.67061519097842
 30
0.0
 40
2.049999999999999
  0
CIRCLE
  5
12B
330
17
100
AcDbEntity
  8
CUT
  6
Continuous
 62
3
 48
25.4
100
AcDbCircle
 10
191.9361026283919
 20
154.67061519097842
 30
0.0
 40
2.049999999999999
  0
CIRCLE
  5
12C
330
17
100
AcDbEntity
  8
CUT
  6
Continuous
 62
3
 48
25.4
100
AcDbCircle
 10
171.9361026283919
 20
154.67061519097842
 30
0.0
 40
2.049999999999999
  0
CIRCLE
  5
12D
330
17
100
AcDbEntity
  8
CUT
  6
Continuous
 62
3
 48
25.4
100
AcDbCircle
 10
151.9361026283919
 20
154.67061519097842
 30
0.0
 40
2.049999999999999
  0
CIRCLE
  5
12E
330
17
100
AcDbEntity
  8
CUT
  6
Continuous
 62
3
 48
25.4
100
AcDbCircle
 10
131.9361026283919
 20
154.67061519097842
 30
0.0
 40
2.049999999999999
  0
CIRCLE
  5
12F
330
17
100
AcDbEntity
  8
CUT
  6
Continuous
 62
3
 48
25.4
100
AcDbCircle
 10
131.9361026283919
 20
134.67061519097842
 30
0.0
 40
2.049999999999999
  0
CIRCLE
  5
130
330
17
100
AcDbEntity
  8
CUT
  6
Continuous
 62
3
 48
25.4
100
AcDbCircle
 10
151.9361026283919
 20
134.67061519097842
 30
0.0
 40
2.049999999999999
  0
CIRCLE
  5
131
330
17
100
AcDbEntity
  8
CUT
  6
Continuous
 62
3
 48
25.4
100
AcDbCircle
 10
171.9361026283919
 20
134.67061519097842
 30
0.0
 40
2.049999999999999
  0
CIRCLE
  5
132
330
17
100
AcDbEntity
  8
CUT
  6
Continuous
 62
3
 48
25.4
100
AcDbCircle
 10
191.9361026283919
 20
134.67061519097842
 30
0.0
 40
2.049999999999999
  0
CIRCLE
  5
133
330
17
100
AcDbEntity
  8
CUT
  6
Continuous
 62
3
 48
25.4
100
AcDbCircle
 10
211.9361026283919
 20
134.67061519097842
 30
0.0
 40
2.049999999999999
  0
CIRCLE
  5
134
330
17
100
AcDbEntity
  8
CUT
  6
Continuous
 62
3
 48
25.4
100
AcDbCircle
 10
231.9361026283919
 20
134.67061519097842
 30
0.0
 40
2.049999999999999
  0
CIRCLE
  5
135
330
17
100
AcDbEntity
  8
CUT
  6
Continuous
 62
3
 48
25.4
100
AcDbCircle
 10
251.9361026283919
 20
134.67061519097842
 30
0.0
 40
2.049999999999999
  0
CIRCLE
  5
136
330
17
100
AcDbEntity
  8
CUT
  6
Continuous
 62
3
 48
25.4
100
AcDbCircle
 10
251.9361026283919
 20
114.67061519097842
 30
0.0
 40
2.049999999999999
  0
CIRCLE
  5
137
330
17
100
AcDbEntity
  8
CUT
  6
Continuous
 62
3
 48
25.4
100
AcDbCircle
 10
231.9361026283919
 20
114.67061519097842
 30
0.0
 40
2.049999999999999
  0
CIRCLE
  5
138
330
17
100
AcDbEntity
  8
CUT
  6
Continuous
 62
3
 48
25.4
100
AcDbCircle
 10
211.9361026283919
 20
114.67061519097842
 30
0.0
 40
2.049999999999999
  0
CIRCLE
  5
139
330
17
100
AcDbEntity
  8
CUT
  6
Continuous
 62
3
 48
25.4
100
AcDbCircle
 10
191.9361026283919
 20
114.67061519097842
 30
0.0
 40
2.049999999999999
  0
CIRCLE
  5
13A
330
17
100
AcDbEntity
  8
CUT
  6
Continuous
 62
3
 48
25.4
100
AcDbCircle
 10
171.9361026283919
 20
114.67061519097842
 30
0.0
 40
2.049999999999999
  0
CIRCLE
  5
13B
330
17
100
AcDbEntity
  8
CUT
  6
Continuous
 62
3
 48
25.4
100
AcDbCircle
 10
151.9361026283919
 20
114.67061519097842
 30
0.0
 40
2.049999999999999
  0
CIRCLE
  5
13C
330
17
100
AcDbEntity
  8
CUT
  6
Continuous
 62
3
 48
25.4
100
AcDbCircle
 10
131.9361026283919
 20
114.67061519097842
 30
0.0
 40
2.049999999999999
  0
CIRCLE
  5
13D
330
17
100
AcDbEntity
  8
CUT
  6
Continuous
 62
3
 48
25.4
100
AcDbCircle
 10
131.9361026283919
 20
94.67061519097842
 30
0.0
 40
2.049999999999999
  0
CIRCLE
  5
13E
330
17
100
AcDbEntity
  8
CUT
  6
Continuous
 62
3
 48
25.4
100
AcDbCircle
 10
131.9361026283919
 20
74.67061519097842
 30
0.0
 40
2.049999999999999
  0
CIRCLE
  5
13F
330
17
100
AcDbEntity
  8
CUT
  6
Continuous
 62
3
 48
25.4
100
AcDbCircle
 10
131.9361026283919
 20
54.67061519097843
 30
0.0
 40
2.049999999999999
  0
CIRCLE
  5
140
330
17
100
AcDbEntity
  8
CUT
  6
Continuous
 62
3
 48
25.4
100
AcDbCircle
 10
151.9361026283919
 20
54.67061519097843
 30
0.0
 40
2.049999999999999
  0
CIRCLE
  5
141
330
17
100
AcDbEntity
  8
CUT
  6
Continuous
 62
3
 48
25.4
100
AcDbCircle
 10
151.9361026283919
 20
74.67061519097842
 30
0.0
 40
2.049999999999999
  0
CIRCLE
  5
142
330
17
100
AcDbEntity
  8
CUT
  6
Continuous
 62
3
 48
25.4
100
AcDbCircle
 10
151.9361026283919
 20
94.67061519097842
 30
0.0
 40
2.049999999999999
  0
CIRCLE
  5
143
330
17
100
AcDbEntity
  8
CUT
  6
Continuous
 62
3
 48
25.4
100
AcDbCircle
 10
171.9361026283919
 20
94.67061519097842
 30
0.0
 40
2.049999999999999
  0
CIRCLE
  5
144
330
17
100
AcDbEntity
  8
CUT
  6
Continuous
 62
3
 48
25.4
100
AcDbCircle
 10
171.9361026283919
 20
74.67061519097842
 30
0.0
 40
2.049999999999999
  0
CIRCLE
  5
145
330
17
100
AcDbEntity
  8
CUT
  6
Continuous
 62
3
 48
25.4
100
AcDbCircle
 10
171.9361026283919
 20
54.67061519097843
 30
0.0
 40
2.049999999999999
  0
CIRCLE
  5
146
330
17
100
AcDbEntity
  8
CUT
  6
Continuous
 62
3
 48
25.4
100
AcDbCircle
 10
191.9361026283919
 20
54.67061519097843
 30
0.0
 40
2.049999999999999
  0
CIRCLE
  5
147
330
17
100
AcDbEntity
  8
CUT
  6
Continuous
 62
3
 48
25.4
100
AcDbCircle
 10
191.9361026283919
 20
74.67061519097842
 30
0.0
 40
2.049999999999999
  0
CIRCLE
  5
148
330
17
100
AcDbEntity
  8
CUT
  6
Continuous
 62
3
 48
25.4
100
AcDbCircle
 10
191.9361026283919
 20
94.67061519097842
 30
0.0
 40
2.049999999999999
  0
CIRCLE
  5
149
330
17
100
AcDbEntity
  8
CUT
  6
Continuous
 62
3
 48
25.4
100
AcDbCircle
 10
211.9361026283919
 20
94.67061519097842
 30
0.0
 40
2.049999999999999
  0
CIRCLE
  5
14A
330
17
100
AcDbEntity
  8
CUT
  6
Continuous
 62
3
 48
25.4
100
AcDbCircle
 10
211.9361026283919
 20
74.67061519097842
 30
0.0
 40
2.049999999999999
  0
CIRCLE
  5
14B
330
17
100
AcDbEntity
  8
CUT
  6
Continuous
 62
3
 48
25.4
100
AcDbCircle
 10
211.9361026283919
 20
54.67061519097843
 30
0.0
 40
2.049999999999999
  0
CIRCLE
  5
14C
330
17
100
AcDbEntity
  8
CUT
  6
Continuous
 62
3
 48
25.4
100
AcDbCircle
 10
231.9361026283919
 20
54.67061519097843
 30
0.0
 40
2.049999999999999
  0
CIRCLE
  5
14D
330
17
100
AcDbEntity
  8
CUT
  6
Continuous
 62
3
 48
25.4
100
AcDbCircle
 10
231.9361026283919
 20
74.67061519097842
 30
0.0
 40
2.049999999999999
  0
CIRCLE
  5
14E
330
17
100
AcDbEntity
  8
CUT
  6
Continuous
 62
3
 48
25.4
100
AcDbCircle
 10
231.9361026283919
 20
94.67061519097842
 30
0.0
 40
2.049999999999999
  0
CIRCLE
  5
14F
330
17
100
AcDbEntity
  8
CUT
  6
Continuous
 62
3
 48
25.4
100
AcDbCircle
 10
251.9361026283919
 20
94.67061519097842
 30
0.0
 40
2.049999999999999
  0
CIRCLE
  5
150
330
17
100
AcDbEntity
  8
CUT
  6
Continuous
 62
3
 48
25.4
100
AcDbCircle
 10
251.9361026283919
 20
74.67061519097842
 30
0.0
 40
2.049999999999999
  0
CIRCLE
  5
151
330
17
100
AcDbEntity
  8
CUT
  6
Continuous
 62
3
 48
25.4
100
AcDbCircle
 10
251.9361026283919
 20
54.67061519097843
 30
0.0
 40
2.049999999999999
  0
CIRCLE
  5
152
330
17
100
AcDbEntity
  8
CUT
  6
Continuous
 62
3
 48
25.4
100
AcDbCircle
 10
271.9361026283919
 20
54.67061519097843
 30
0.0
 40
2.049999999999999
  0
CIRCLE
  5
153
330
17
100
AcDbEntity
  8
CUT
  6
Continuous
 62
3
 48
25.4
100
AcDbCircle
 10
271.9361026283919
 20
74.67061519097842
 30
0.0
 40
2.049999999999999
  0
CIRCLE
  5
154
330
17
100
AcDbEntity
  8
CUT
  6
Continuous
 62
3
 48
25.4
100
AcDbCircle
 10
271.9361026283919
 20
94.67061519097842
 30
0.0
 40
2.049999999999999
  0
CIRCLE
  5
155
330
17
100
AcDbEntity
  8
CUT
  6
Continuous
 62
3
 48
25.4
100
AcDbCircle
 10
271.9361026283919
 20
114.67061519097842
 30
0.0
 40
2.049999999999999
  0
CIRCLE
  5
156
330
17
100
AcDbEntity
  8
CUT
  6
Continuous
 62
3
 48
25.4
100
AcDbCircle
 10
271.9361026283919
 20
134.67061519097842
 30
0.0
 40
2.049999999999999
  0
CIRCLE
  5
157
330
17
100
AcDbEntity
  8
CUT
  6
Continuous
 62
3
 48
25.4
100
AcDbCircle
 10
271.9361026283919
 20
154.67061519097842
 30
0.0
 40
2.049999999999999
  0
CIRCLE
  5
158
330
17
100
AcDbEntity
  8
CUT
  6
Continuous
 62
3
 48
25.4
100
AcDbCircle
 10
271.9361026283919
 20
174.67061519097842
 30
0.0
 40
2.049999999999999
  0
CIRCLE
  5
159
330
17
100
AcDbEntity
  8
CUT
  6
Continuous
 62
3
 48
25.4
100
AcDbCircle
 10
271.9361026283919
 20
194.67061519097842
 30
0.0
 40
2.049999999999999
  0
CIRCLE
  5
15A
330
17
100
AcDbEntity
  8
CUT
  6
Continuous
 62
3
 48
25.4
100
AcDbCircle
 10
271.9361026283919
 20
214.67061519097842
 30
0.0
 40
2.049999999999999
  0
CIRCLE
  5
15B
330
17
100
AcDbEntity
  8
CUT
  6
Continuous
 62
3
 48
25.4
100
AcDbCircle
 10
271.9361026283919
 20
234.67061519097842
 30
0.0
 40
2.049999999999999
  0
CIRCLE
  5
15C
330
17
100
AcDbEntity
  8
CUT
  6
Continuous
 62
3
 48
25.4
100
AcDbCircle
 10
271.9361026283919
 20
254.67061519097842
 30
0.0
 40
2.049999999999999
  0
CIRCLE
  5
15D
330
17
100
AcDbEntity
  8
CUT
  6
Continuous
 62
3
 48
25.4
100
AcDbCircle
 10
291.9361026283919
 20
254.67061519097842
 30
0.0
 40
2.049999999999999
  0
CIRCLE
  5
15E
330
17
100
AcDbEntity
  8
CUT
  6
Continuous
 62
3
 48
25.4
100
AcDbCircle
 10
311.9361026283919
 20
254.67061519097842
 30
0.0
 40
2.049999999999999
  0
CIRCLE
  5
15F
330
17
100
AcDbEntity
  8
CUT
  6
Continuous
 62
3
 48
25.4
100
AcDbCircle
 10
331.9361026283919
 20
254.67061519097842
 30
0.0
 40
2.049999999999999
  0
CIRCLE
  5
160
330
17
100
AcDbEntity
  8
CUT
  6
Continuous
 62
3
 48
25.4
100
AcDbCircle
 10
351.9361026283919
 20
254.67061519097842
 30
0.0
 40
2.049999999999999
  0
CIRCLE
  5
161
330
17
100
AcDbEntity
  8
CUT
  6
Continuous
 62
3
 48
25.4
100
AcDbCircle
 10
371.9361026283919
 20
254.67061519097842
 30
0.0
 40
2.049999999999999
  0
CIRCLE
  5
162
330
17
100
AcDbEntity
  8
CUT
  6
Continuous
 62
3
 48
25.4
100
AcDbCircle
 10
391.9361026283919
 20
254.67061519097842
 30
0.0
 40
2.049999999999999
  0
CIRCLE
  5
163
330
17
100
AcDbEntity
  8
CUT
  6
Continuous
 62
3
 48
25.4
100
AcDbCircle
 10
411.9361026283919
 20
254.67061519097842
 30
0.0
 40
2.049999999999999
  0
CIRCLE
  5
164
330
17
100
AcDbEntity
  8
CUT
  6
Continuous
 62
3
 48
25.4
100
AcDbCircle
 10
411.9361026283919
 20
234.67061519097842
 30
0.0
 40
2.049999999999999
  0
CIRCLE
  5
165
330
17
100
AcDbEntity
  8
CUT
  6
Continuous
 62
3
 48
25.4
100
AcDbCircle
 10
391.9361026283919
 20
234.67061519097842
 30
0.0
 40
2.049999999999999
  0
CIRCLE
  5
166
330
17
100
AcDbEntity
  8
CUT
  6
Continuous
 62
3
 48
25.4
100
AcDbCircle
 10
371.9361026283919
 20
234.67061519097842
 30
0.0
 40
2.049999999999999
  0
CIRCLE
  5
167
330
17
100
AcDbEntity
  8
CUT
  6
Continuous
 62
3
 48
25.4
100
AcDbCircle
 10
351.9361026283919
 20
234.67061519097842
 30
0.0
 40
2.049999999999999
  0
CIRCLE
  5
168
330
17
100
AcDbEntity
  8
CUT
  6
Continuous
 62
3
 48
25.4
100
AcDbCircle
 10
331.9361026283919
 20
234.67061519097842
 30
0.0
 40
2.049999999999999
  0
CIRCLE
  5
169
330
17
100
AcDbEntity
  8
CUT
  6
Continuous
 62
3
 48
25.4
100
AcDbCircle
 10
311.9361026283919
 20
234.67061519097842
 30
0.0
 40
2.049999999999999
  0
CIRCLE
  5
16A
330
17
100
AcDbEntity
  8
CUT
  6
Continuous
 62
3
 48
25.4
100
AcDbCircle
 10
291.9361026283919
 20
234.67061519097842
 30
0.0
 40
2.049999999999999
  0
CIRCLE
  5
16B
330
17
100
AcDbEntity
  8
CUT
  6
Continuous
 62
3
 48
25.4
100
AcDbCircle
 10
291.9361026283919
 20
214.67061519097842
 30
0.0
 40
2.049999999999999
  0
CIRCLE
  5
16C
330
17
100
AcDbEntity
  8
CUT
  6
Continuous
 62
3
 48
25.4
100
AcDbCircle
 10
311.9361026283919
 20
214.67061519097842
 30
0.0
 40
2.049999999999999
  0
CIRCLE
  5
16D
330
17
100
AcDbEntity
  8
CUT
  6
Continuous
 62
3
 48
25.4
100
AcDbCircle
 10
331.9361026283919
 20
214.67061519097842
 30
0.0
 40
2.049999999999999
  0
CIRCLE
  5
16E
330
17
100
AcDbEntity
  8
CUT
  6
Continuous
 62
3
 48
25.4
100
AcDbCircle
 10
351.9361026283919
 20
214.67061519097842
 30
0.0
 40
2.049999999999999
  0
CIRCLE
  5
16F
330
17
100
AcDbEntity
  8
CUT
  6
Continuous
 62
3
 48
25.4
100
AcDbCircle
 10
371.9361026283919
 20
214.67061519097842
 30
0.0
 40
2.049999999999999
  0
CIRCLE
  5
170
330
17
100
AcDbEntity
  8
CUT
  6
Continuous
 62
3
 48
25.4
100
AcDbCircle
 10
411.9361026283919
 20
214.67061519097842
 30
0.0
 40
2.049999999999999
  0
CIRCLE
  5
171
330
17
100
AcDbEntity
  8
CUT
  6
Continuous
 62
3
 48
25.4
100
AcDbCircle
 10
411.9361026283919
 20
194.67061519097842
 30
0.0
 40
2.049999999999999
  0
CIRCLE
  5
172
330
17
100
AcDbEntity
  8
CUT
  6
Continuous
 62
3
 48
25.4
100
AcDbCircle
 10
391.9361026283919
 20
194.67061519097842
 30
0.0
 40
2.049999999999999
  0
CIRCLE
  5
173
330
17
100
AcDbEntity
  8
CUT
  6
Continuous
 62
3
 48
25.4
100
AcDbCircle
 10
371.9361026283919
 20
194.67061519097842
 30
0.0
 40
2.049999999999999
  0
CIRCLE
  5
174
330
17
100
AcDbEntity
  8
CUT
  6
Continuous
 62
3
 48
25.4
100
AcDbCircle
 10
351.9361026283919
 20
194.67061519097842
 30
0.0
 40
2.049999999999999
  0
CIRCLE
  5
175
330
17
100
AcDbEntity
  8
CUT
  6
Continuous
 62
3
 48
25.4
100
AcDbCircle
 10
331.9361026283919
 20
194.67061519097842
 30
0.0
 40
2.049999999999999
  0
CIRCLE
  5
176
330
17
100
AcDbEntity
  8
CUT
  6
Continuous
 62
3
 48
25.4
100
AcDbCircle
 10
311.9361026283919
 20
194.67061519097842
 30
0.0
 40
2.049999999999999
  0
CIRCLE
  5
177
330
17
100
AcDbEntity
  8
CUT
  6
Continuous
 62
3
 48
25.4
100
AcDbCircle
 10
291.9361026283919
 20
194.67061519097842
 30
0.0
 40
2.049999999999999
  0
CIRCLE
  5
178
330
17
100
AcDbEntity
  8
CUT
  6
Continuous
 62
3
 48
25.4
100
AcDbCircle
 10
391.9361026283919
 20
214.67061519097842
 30
0.0
 40
2.049999999999999
  0
CIRCLE
  5
179
330
17
100
AcDbEntity
  8
CUT
  6
Continuous
 62
3
 48
25.4
100
AcDbCircle
 10
411.9361026283919
 20
174.67061519097842
 30
0.0
 40
2.049999999999999
  0
CIRCLE
  5
17A
330
17
100
AcDbEntity
  8
CUT
  6
Continuous
 62
3
 48
25.4
100
AcDbCircle
 10
391.9361026283919
 20
174.67061519097842
 30
0.0
 40
2.049999999999999
  0
CIRCLE
  5
17B
330
17
100
AcDbEntity
  8
CUT
  6
Continuous
 62
3
 48
25.4
100
AcDbCircle
 10
371.9361026283919
 20
174.67061519097842
 30
0.0
 40
2.049999999999999
  0
CIRCLE
  5
17C
330
17
100
AcDbEntity
  8
CUT
  6
Continuous
 62
3
 48
25.4
100
AcDbCircle
 10
351.9361026283919
 20
174.67061519097842
 30
0.0
 40
2.049999999999999
  0
CIRCLE
  5
17D
330
17
100
AcDbEntity
  8
CUT
  6
Continuous
 62
3
 48
25.4
100
AcDbCircle
 10
331.9361026283919
 20
174.67061519097842
 30
0.0
 40
2.049999999999999
  0
CIRCLE
  5
17E
330
17
100
AcDbEntity
  8
CUT
  6
Continuous
 62
3
 48
25.4
100
AcDbCircle
 10
311.9361026283919
 20
174.67061519097842
 30
0.0
 40
2.049999999999999
  0
CIRCLE
  5
17F
330
17
100
AcDbEntity
  8
CUT
  6
Continuous
 62
3
 48
25.4
100
AcDbCircle
 10
291.9361026283919
 20
174.67061519097842
 30
0.0
 40
2.049999999999999
  0
CIRCLE
  5
180
330
17
100
AcDbEntity
  8
CUT
  6
Continuous
 62
3
 48
25.4
100
AcDbCircle
 10
291.9361026283919
 20
154.67061519097842
 30
0.0
 40
2.049999999999999
  0
CIRCLE
  5
181
330
17
100
AcDbEntity
  8
CUT
  6
Continuous
 62
3
 48
25.4
100
AcDbCircle
 10
291.9361026283919
 20
134.67061519097842
 30
0.0
 40
2.049999999999999
  0
CIRCLE
  5
182
330
17
100
AcDbEntity
  8
CUT
  6
Continuous
 62
3
 48
25.4
100
AcDbCircle
 10
291.9361026283919
 20
114.67061519097842
 30
0.0
 40
2.049999999999999
  0
CIRCLE
  5
183
330
17
100
AcDbEntity
  8
CUT
  6
Continuous
 62
3
 48
25.4
100
AcDbCircle
 10
291.9361026283919
 20
74.67061519097842
 30
0.0
 40
2.049999999999999
  0
CIRCLE
  5
184
330
17
100
AcDbEntity
  8
CUT
  6
Continuous
 62
3
 48
25.4
100
AcDbCircle
 10
291.9361026283919
 20
54.67061519097843
 30
0.0
 40
2.049999999999999
  0
CIRCLE
  5
185
330
17
100
AcDbEntity
  8
CUT
  6
Continuous
 62
3
 48
25.4
100
AcDbCircle
 10
311.9361026283919
 20
54.67061519097843
 30
0.0
 40
2.049999999999999
  0
CIRCLE
  5
186
330
17
100
AcDbEntity
  8
CUT
  6
Continuous
 62
3
 48
25.4
100
AcDbCircle
 10
311.9361026283919
 20
74.67061519097842
 30
0.0
 40
2.049999999999999
  0
CIRCLE
  5
187
330
17
100
AcDbEntity
  8
CUT
  6
Continuous
 62
3
 48
25.4
100
AcDbCircle
 10
311.9361026283919
 20
94.67061519097842
 30
0.0
 40
2.049999999999999
  0
CIRCLE
  5
188
330
17
100
AcDbEntity
  8
CUT
  6
Continuous
 62
3
 48
25.4
100
AcDbCircle
 10
311.9361026283919
 20
114.67061519097842
 30
0.0
 40
2.049999999999999
  0
CIRCLE
  5
189
330
17
100
AcDbEntity
  8
CUT
  6
Continuous
 62
3
 48
25.4
100
AcDbCircle
 10
311.9361026283919
 20
134.67061519097842
 30
0.0
 40
2.049999999999999
  0
CIRCLE
  5
18A
330
17
100
AcDbEntity
  8
CUT
  6
Continuous
 62
3
 48
25.4
100
AcDbCircle
 10
311.9361026283919
 20
154.67061519097842
 30
0.0
 40
2.049999999999999
  0
CIRCLE
  5
18B
330
17
100
AcDbEntity
  8
CUT
  6
Continuous
 62
3
 48
25.4
100
AcDbCircle
 10
331.9361026283919
 20
154.67061519097842
 30
0.0
 40
2.049999999999999
  0
CIRCLE
  5
18C
330
17
100
AcDbEntity
  8
CUT
  6
Continuous
 62
3
 48
25.4
100
AcDbCircle
 10
331.9361026283919
 20
134.67061519097842
 30
0.0
 40
2.049999999999999
  0
CIRCLE
  5
18D
330
17
100
AcDbEntity
  8
CUT
  6
Continuous
 62
3
 48
25.4
100
AcDbCircle
 10
331.9361026283919
 20
114.67061519097842
 30
0.0
 40
2.049999999999999
  0
CIRCLE
  5
18E
330
17
100
AcDbEntity
  8
CUT
  6
Continuous
 62
3
 48
25.4
100
AcDbCircle
 10
331.9361026283919
 20
94.67061519097842
 30
0.0
 40
2.049999999999999
  0
CIRCLE
  5
18F
330
17
100
AcDbEntity
  8
CUT
  6
Continuous
 62
3
 48
25.4
100
AcDbCircle
 10
331.9361026283919
 20
74.67061519097842
 30
0.0
 40
2.049999999999999
  0
CIRCLE
  5
190
330
17
100
AcDbEntity
  8
CUT
  6
Continuous
 62
3
 48
25.4
100
AcDbCircle
 10
331.9361026283919
 20
54.67061519097843
 30
0.0
 40
2.049999999999999
  0
CIRCLE
  5
191
330
17
100
AcDbEntity
  8
CUT
  6
Continuous
 62
3
 48
25.4
100
AcDbCircle
 10
351.9361026283919
 20
54.67061519097843
 30
0.0
 40
2.049999999999999
  0
CIRCLE
  5
192
330
17
100
AcDbEntity
  8
CUT
  6
Continuous
 62
3
 48
25.4
100
AcDbCircle
 10
351.9361026283919
 20
74.67061519097842
 30
0.0
 40
2.049999999999999
  0
CIRCLE
  5
193
330
17
100
AcDbEntity
  8
CUT
  6
Continuous
 62
3
 48
25.4
100
AcDbCircle
 10
351.9361026283919
 20
94.67061519097842
 30
0.0
 40
2.049999999999999
  0
CIRCLE
  5
194
330
17
100
AcDbEntity
  8
CUT
  6
Continuous
 62
3
 48
25.4
100
AcDbCircle
 10
351.9361026283919
 20
114.67061519097842
 30
0.0
 40
2.049999999999999
  0
CIRCLE
  5
195
330
17
100
AcDbEntity
  8
CUT
  6
Continuous
 62
3
 48
25.4
100
AcDbCircle
 10
351.9361026283919
 20
134.67061519097842
 30
0.0
 40
2.049999999999999
  0
CIRCLE
  5
196
330
17
100
AcDbEntity
  8
CUT
  6
Continuous
 62
3
 48
25.4
100
AcDbCircle
 10
351.9361026283919
 20
154.67061519097842
 30
0.0
 40
2.049999999999999
  0
CIRCLE
  5
197
330
17
100
AcDbEntity
  8
CUT
  6
Continuous
 62
3
 48
25.4
100
AcDbCircle
 10
371.9361026283919
 20
154.67061519097842
 30
0.0
 40
2.049999999999999
  0
CIRCLE
  5
198
330
17
100
AcDbEntity
  8
CUT
  6
Continuous
 62
3
 48
25.4
100
AcDbCircle
 10
371.9361026283919
 20
134.67061519097842
 30
0.0
 40
2.049999999999999
  0
CIRCLE
  5
199
330
17
100
AcDbEntity
  8
CUT
  6
Continuous
 62
3
 48
25.4
100
AcDbCircle
 10
371.9361026283919
 20
114.67061519097842
 30
0.0
 40
2.049999999999999
  0
CIRCLE
  5
19A
330
17
100
AcDbEntity
  8
CUT
  6
Continuous
 62
3
 48
25.4
100
AcDbCircle
 10
371.9361026283919
 20
94.67061519097842
 30
0.0
 40
2.049999999999999
  0
CIRCLE
  5
19B
330
17
100
AcDbEntity
  8
CUT
  6
Continuous
 62
3
 48
25.4
100
AcDbCircle
 10
371.9361026283919
 20
74.67061519097842
 30
0.0
 40
2.049999999999999
  0
CIRCLE
  5
19C
330
17
100
AcDbEntity
  8
CUT
  6
Continuous
 62
3
 48
25.4
100
AcDbCircle
 10
371.9361026283919
 20
54.67061519097843
 30
0.0
 40
2.049999999999999
  0
CIRCLE
  5
19D
330
17
100
AcDbEntity
  8
CUT
  6
Continuous
 62
3
 48
25.4
100
AcDbCircle
 10
391.9361026283919
 20
54.67061519097843
 30
0.0
 40
2.049999999999999
  0
CIRCLE
  5
19E
330
17
100
AcDbEntity
  8
CUT
  6
Continuous
 62
3
 48
25.4
100
AcDbCircle
 10
391.9361026283919
 20
74.67061519097842
 30
0.0
 40
2.049999999999999
  0
CIRCLE
  5
19F
330
17
100
AcDbEntity
  8
CUT
  6
Continuous
 62
3
 48
25.4
100
AcDbCircle
 10
391.9361026283919
 20
94.67061519097842
 30
0.0
 40
2.049999999999999
  0
CIRCLE
  5
1A0
330
17
100
AcDbEntity
  8
CUT
  6
Continuous
 62
3
 48
25.4
100
AcDbCircle
 10
391.9361026283919
 20
114.67061519097842
 30
0.0
 40
2.049999999999999
  0
CIRCLE
  5
1A1
330
17
100
AcDbEntity
  8
CUT
  6
Continuous
 62
3
 48
25.4
100
AcDbCircle
 10
391.9361026283919
 20
134.67061519097842
 30
0.0
 40
2.049999999999999
  0
CIRCLE
  5
1A2
330
17
100
AcDbEntity
  8
CUT
  6
Continuous
 62
3
 48
25.4
100
AcDbCircle
 10
391.9361026283919
 20
154.67061519097842
 30
0.0
 40
2.049999999999999
  0
CIRCLE
  5
1A3
330
17
100
AcDbEntity
  8
CUT
  6
Continuous
 62
3
 48
25.4
100
AcDbCircle
 10
411.9361026283919
 20
154.67061519097842
 30
0.0
 40
2.049999999999999
  0
CIRCLE
  5
1A4
330
17
100
AcDbEntity
  8
CUT
  6
Continuous
 62
3
 48
25.4
100
AcDbCircle
 10
411.9361026283919
 20
134.67061519097842
 30
0.0
 40
2.049999999999999
  0
CIRCLE
  5
1A5
330
17
100
AcDbEntity
  8
CUT
  6
Continuous
 62
3
 48
25.4
100
AcDbCircle
 10
411.9361026283919
 20
114.67061519097842
 30
0.0
 40
2.049999999999999
  0
CIRCLE
  5
1A6
330
17
100
AcDbEntity
  8
CUT
  6
Continuous
 62
3
 48
25.4
100
AcDbCircle
 10
411.9361026283919
 20
94.67061519097842
 30
0.0
 40
2.049999999999999
  0
CIRCLE
  5
1A7
330
17
100
AcDbEntity
  8
CUT
  6
Continuous
 62
3
 48
25.4
100
AcDbCircle
 10
411.9361026283919
 20
74.67061519097842
 30
0.0
 40
2.049999999999999
  0
CIRCLE
  5
1A8
330
17
100
AcDbEntity
  8
CUT
  6
Continuous
 62
3
 48
25.4
100
AcDbCircle
 10
411.9361026283919
 20
54.67061519097843
 30
0.0
 40
2.049999999999999
  0
CIRCLE
  5
1A9
330
17
100
AcDbEntity
  8
CUT
  6
Continuous
 62
3
 48
25.4
100
AcDbCircle
 10
291.9361026283919
 20
94.67061519097842
 30
0.0
 40
2.049999999999999
  0
CIRCLE
  5
1AA
330
17
100
AcDbEntity
  8
CUT
  6
Continuous
 62
3
 48
25.4
100
AcDbCircle
 10
231.9361026283919
 20
294.6706151909784
 30
0.0
 40
2.049999999999999
  0
CIRCLE
  5
1AB
330
17
100
AcDbEntity
  8
CUT
  6
Continuous
 62
3
 48
25.4
100
AcDbCircle
 10
231.9361026283919
 20
314.6706151909784
 30
0.0
 40
2.049999999999999
  0
CIRCLE
  5
1AC
330
17
100
AcDbEntity
  8
CUT
  6
Continuous
 62
3
 48
25.4
100
AcDbCircle
 10
231.9361026283919
 20
334.6706151909784
 30
0.0
 40
2.049999999999999
  0
CIRCLE
  5
1AD
330
17
100
AcDbEntity
  8
CUT
  6
Continuous
 62
3
 48
25.4
100
AcDbCircle
 10
231.9361026283919
 20
354.6706151909784
 30
0.0
 40
2.049999999999999
  0
CIRCLE
  5
1AE
330
17
100
AcDbEntity
  8
CUT
  6
Continuous
 62
3
 48
25.4
100
AcDbCircle
 10
231.9361026283919
 20
374.6706151909784
 30
0.0
 40
2.049999999999999
  0
CIRCLE
  5
1AF
330
17
100
AcDbEntity
  8
CUT
  6
Continuous
 62
3
 48
25.4
100
AcDbCircle
 10
231.9361026283919
 20
394.6706151909784
 30
0.0
 40
2.049999999999999
  0
CIRCLE
  5
1B0
330
17
100
AcDbEntity
  8
CUT
  6
Continuous
 62
3
 48
25.4
100
AcDbCircle
 10
231.9361026283919
 20
414.6706151909784
 30
0.0
 40
2.049999999999999
  0
CIRCLE
  5
1B1
330
17
100
AcDbEntity
  8
CUT
  6
Continuous
 62
3
 48
25.4
100
AcDbCircle
 10
231.9361026283919
 20
434.6706151909784
 30
0.0
 40
2.049999999999999
  0
CIRCLE
  5
1B2
330
17
100
AcDbEntity
  8
CUT
  6
Continuous
 62
3
 48
25.4
100
AcDbCircle
 10
231.9361026283919
 20
454.6706151909784
 30
0.0
 40
2.049999999999999
  0
CIRCLE
  5
1B3
330
17
100
AcDbEntity
  8
CUT
  6
Continuous
 62
3
 48
25.4
100
AcDbCircle
 10
231.9361026283919
 20
474.6706151909784
 30
0.0
 40
2.049999999999999
  0
CIRCLE
  5
1B4
330
17
100
AcDbEntity
  8
CUT
  6
Continuous
 62
3
 48
25.4
100
AcDbCircle
 10
231.9361026283919
 20
494.6706151909784
 30
0.0
 40
2.049999999999999
  0
CIRCLE
  5
1B5
330
17
100
AcDbEntity
  8
CUT
  6
Continuous
 62
3
 48
25.4
100
AcDbCircle
 10
251.9361026283919
 20
494.6706151909784
 30
0.0
 40
2.049999999999999
  0
CIRCLE
  5
1B6
330
17
100
AcDbEntity
  8
CUT
  6
Continuous
 62
3
 48
25.4
100
AcDbCircle
 10
271.9361026283919
 20
494.6706151909784
 30
0.0
 40
2.049999999999999
  0
CIRCLE
  5
1B7
330
17
100
AcDbEntity
  8
CUT
  6
Continuous
 62
3
 48
25.4
100
AcDbCircle
 10
291.9361026283919
 20
494.6706151909784
 30
0.0
 40
2.049999999999999
  0
CIRCLE
  5
1B8
330
17
100
AcDbEntity
  8
CUT
  6
Continuous
 62
3
 48
25.4
100
AcDbCircle
 10
311.9361026283919
 20
494.6706151909784
 30
0.0
 40
2.049999999999999
  0
CIRCLE
  5
1B9
330
17
100
AcDbEntity
  8
CUT
  6
Continuous
 62
3
 48
25.4
100
AcDbCircle
 10
331.9361026283919
 20
494.6706151909784
 30
0.0
 40
2.049999999999999
  0
CIRCLE
  5
1BA
330
17
100
AcDbEntity
  8
CUT
  6
Continuous
 62
3
 48
25.4
100
AcDbCircle
 10
351.9361026283919
 20
494.6706151909784
 30
0.0
 40
2.049999999999999
  0
CIRCLE
  5
1BB
330
17
100
AcDbEntity
  8
CUT
  6
Continuous
 62
3
 48
25.4
100
AcDbCircle
 10
371.9361026283919
 20
494.6706151909784
 30
0.0
 40
2.049999999999999
  0
CIRCLE
  5
1BC
330
17
100
AcDbEntity
  8
CUT
  6
Continuous
 62
3
 48
25.4
100
AcDbCircle
 10
391.9361026283919
 20
494.6706151909784
 30
0.0
 40
2.049999999999999
  0
CIRCLE
  5
1BD
330
17
100
AcDbEntity
  8
CUT
  6
Continuous
 62
3
 48
25.4
100
AcDbCircle
 10
411.9361026283919
 20
494.6706151909784
 30
0.0
 40
2.049999999999999
  0
CIRCLE
  5
1BE
330
17
100
AcDbEntity
  8
CUT
  6
Continuous
 62
3
 48
25.4
100
AcDbCircle
 10
411.9361026283919
 20
474.6706151909784
 30
0.0
 40
2.049999999999999
  0
CIRCLE
  5
1BF
330
17
100
AcDbEntity
  8
CUT
  6
Continuous
 62
3
 48
25.4
100
AcDbCircle
 10
391.9361026283919
 20
474.6706151909784
 30
0.0
 40
2.049999999999999
  0
CIRCLE
  5
1C0
330
17
100
AcDbEntity
  8
CUT
  6
Continuous
 62
3
 48
25.4
100
AcDbCircle
 10
371.9361026283919
 20
474.6706151909784
 30
0.0
 40
2.049999999999999
  0
CIRCLE
  5
1C1
330
17
100
AcDbEntity
  8
CUT
  6
Continuous
 62
3
 48
25.4
100
AcDbCircle
 10
331.9361026283919
 20
474.6706151909784
 30
0.0
 40
2.049999999999999
  0
CIRCLE
  5
1C2
330
17
100
AcDbEntity
  8
CUT
  6
Continuous
 62
3
 48
25.4
100
AcDbCircle
 10
311.9361026283919
 20
474.6706151909784
 30
0.0
 40
2.049999999999999
  0
CIRCLE
  5
1C3
330
17
100
AcDbEntity
  8
CUT
  6
Continuous
 62
3
 48
25.4
100
AcDbCircle
 10
291.9361026283919
 20
474.6706151909784
 30
0.0
 40
2.049999999999999
  0
CIRCLE
  5
1C4
330
17
100
AcDbEntity
  8
CUT
  6
Continuous
 62
3
 48
25.4
100
AcDbCircle
 10
271.9361026283919
 20
474.6706151909784
 30
0.0
 40
2.049999999999999
  0
CIRCLE
  5
1C5
330
17
100
AcDbEntity
  8
CUT
  6
Continuous
 62
3
 48
25.4
100
AcDbCircle
 10
251.9361026283919
 20
474.6706151909784
 30
0.0
 40
2.049999999999999
  0
CIRCLE
  5
1C6
330
17
100
AcDbEntity
  8
CUT
  6
Continuous
 62
3
 48
25.4
100
AcDbCircle
 10
251.9361026283919
 20
454.6706151909784
 30
0.0
 40
2.049999999999999
  0
CIRCLE
  5
1C7
330
17
100
AcDbEntity
  8
CUT
  6
Continuous
 62
3
 48
25.4
100
AcDbCircle
 10
251.9361026283919
 20
434.6706151909784
 30
0.0
 40
2.049999999999999
  0
CIRCLE
  5
1C8
330
17
100
AcDbEntity
  8
CUT
  6
Continuous
 62
3
 48
25.4
100
AcDbCircle
 10
251.9361026283919
 20
414.6706151909784
 30
0.0
 40
2.049999999999999
  0
CIRCLE
  5
1C9
330
17
100
AcDbEntity
  8
CUT
  6
Continuous
 62
3
 48
25.4
100
AcDbCircle
 10
251.9361026283919
 20
394.6706151909784
 30
0.0
 40
2.049999999999999
  0
CIRCLE
  5
1CA
330
17
100
AcDbEntity
  8
CUT
  6
Continuous
 62
3
 48
25.4
100
AcDbCircle
 10
251.9361026283919
 20
374.6706151909784
 30
0.0
 40
2.049999999999999
  0
CIRCLE
  5
1CB
330
17
100
AcDbEntity
  8
CUT
  6
Continuous
 62
3
 48
25.4
100
AcDbCircle
 10
251.9361026283919
 20
354.6706151909784
 30
0.0
 40
2.049999999999999
  0
CIRCLE
  5
1CC
330
17
100
AcDbEntity
  8
CUT
  6
Continuous
 62
3
 48
25.4
100
AcDbCircle
 10
251.9361026283919
 20
334.6706151909784
 30
0.0
 40
2.049999999999999
  0
CIRCLE
  5
1CD
330
17
100
AcDbEntity
  8
CUT
  6
Continuous
 62
3
 48
25.4
100
AcDbCircle
 10
251.9361026283919
 20
314.6706151909784
 30
0.0
 40
2.049999999999999
  0
CIRCLE
  5
1CE
330
17
100
AcDbEntity
  8
CUT
  6
Continuous
 62
3
 48
25.4
100
AcDbCircle
 10
251.9361026283919
 20
294.6706151909784
 30
0.0
 40
2.049999999999999
  0
CIRCLE
  5
1CF
330
17
100
AcDbEntity
  8
CUT
  6
Continuous
 62
3
 48
25.4
100
AcDbCircle
 10
271.9361026283919
 20
294.6706151909784
 30
0.0
 40
2.049999999999999
  0
CIRCLE
  5
1D0
330
17
100
AcDbEntity
  8
CUT
  6
Continuous
 62
3
 48
25.4
100
AcDbCircle
 10
271.9361026283919
 20
314.6706151909784
 30
0.0
 40
2.049999999999999
  0
CIRCLE
  5
1D1
330
17
100
AcDbEntity
  8
CUT
  6
Continuous
 62
3
 48
25.4
100
AcDbCircle
 10
271.9361026283919
 20
334.6706151909784
 30
0.0
 40
2.049999999999999
  0
CIRCLE
  5
1D2
330
17
100
AcDbEntity
  8
CUT
  6
Continuous
 62
3
 48
25.4
100
AcDbCircle
 10
271.9361026283919
 20
354.6706151909784
 30
0.0
 40
2.049999999999999
  0
CIRCLE
  5
1D3
330
17
100
AcDbEntity
  8
CUT
  6
Continuous
 62
3
 48
25.4
100
AcDbCircle
 10
271.9361026283919
 20
374.6706151909784
 30
0.0
 40
2.049999999999999
  0
CIRCLE
  5
1D4
330
17
100
AcDbEntity
  8
CUT
  6
Continuous
 62
3
 48
25.4
100
AcDbCircle
 10
271.9361026283919
 20
414.6706151909784
 30
0.0
 40
2.049999999999999
  0
CIRCLE
  5
1D5
330
17
100
AcDbEntity
  8
CUT
  6
Continuous
 62
3
 48
25.4
100
AcDbCircle
 10
271.9361026283919
 20
434.6706151909784
 30
0.0
 40
2.049999999999999
  0
CIRCLE
  5
1D6
330
17
100
AcDbEntity
  8
CUT
  6
Continuous
 62
3
 48
25.4
100
AcDbCircle
 10
271.9361026283919
 20
454.6706151909784
 30
0.0
 40
2.049999999999999
  0
CIRCLE
  5
1D7
330
17
100
AcDbEntity
  8
CUT
  6
Continuous
 62
3
 48
25.4
100
AcDbCircle
 10
351.9361026283919
 20
474.6706151909784
 30
0.0
 40
2.049999999999999
  0
CIRCLE
  5
1D8
330
17
100
AcDbEntity
  8
CUT
  6
Continuous
 62
3
 48
25.4
100
AcDbCircle
 10
271.9361026283919
 20
394.6706151909784
 30
0.0
 40
2.049999999999999
  0
CIRCLE
  5
1D9
330
17
100
AcDbEntity
  8
CUT
  6
Continuous
 62
3
 48
25.4
100
AcDbCircle
 10
291.9361026283919
 20
334.6706151909784
 30
0.0
 40
2.049999999999999
  0
CIRCLE
  5
1DA
330
17
100
AcDbEntity
  8
CUT
  6
Continuous
 62
3
 48
25.4
100
AcDbCircle
 10
291.9361026283919
 20
354.6706151909784
 30
0.0
 40
2.049999999999999
  0
CIRCLE
  5
1DB
330
17
100
AcDbEntity
  8
CUT
  6
Continuous
 62
3
 48
25.4
100
AcDbCircle
 10
291.9361026283919
 20
374.6706151909784
 30
0.0
 40
2.049999999999999
  0
CIRCLE
  5
1DC
330
17
100
AcDbEntity
  8
CUT
  6
Continuous
 62
3
 48
25.4
100
AcDbCircle
 10
291.9361026283919
 20
394.6706151909784
 30
0.0
 40
2.049999999999999
  0
CIRCLE
  5
1DD
330
17
100
AcDbEntity
  8
CUT
  6
Continuous
 62
3
 48
25.4
100
AcDbCircle
 10
291.9361026283919
 20
414.6706151909784
 30
0.0
 40
2.049999999999999
  0
CIRCLE
  5
1DE
330
17
100
AcDbEntity
  8
CUT
  6
Continuous
 62
3
 48
25.4
100
AcDbCircle
 10
291.9361026283919
 20
434.6706151909784
 30
0.0
 40
2.049999999999999
  0
CIRCLE
  5
1DF
330
17
100
AcDbEntity
  8
CUT
  6
Continuous
 62
3
 48
25.4
100
AcDbCircle
 10
291.9361026283919
 20
454.6706151909784
 30
0.0
 40
2.049999999999999
  0
CIRCLE
  5
1E0
330
17
100
AcDbEntity
  8
CUT
  6
Continuous
 62
3
 48
25.4
100
AcDbCircle
 10
311.9361026283919
 20
454.6706151909784
 30
0.0
 40
2.049999999999999
  0
CIRCLE
  5
1E1
330
17
100
AcDbEntity
  8
CUT
  6
Continuous
 62
3
 48
25.4
100
AcDbCircle
 10
311.9361026283919
 20
434.6706151909784
 30
0.0
 40
2.049999999999999
  0
CIRCLE
  5
1E2
330
17
100
AcDbEntity
  8
CUT
  6
Continuous
 62
3
 48
25.4
100
AcDbCircle
 10
311.9361026283919
 20
414.6706151909784
 30
0.0
 40
2.049999999999999
  0
CIRCLE
  5
1E3
330
17
100
AcDbEntity
  8
CUT
  6
Continuous
 62
3
 48
25.4
100
AcDbCircle
 10
311.9361026283919
 20
394.6706151909784
 30
0.0
 40
2.049999999999999
  0
CIRCLE
  5
1E4
330
17
100
AcDbEntity
  8
CUT
  6
Continuous
 62
3
 48
25.4
100
AcDbCircle
 10
311.9361026283919
 20
374.6706151909784
 30
0.0
 40
2.049999999999999
  0
CIRCLE
  5
1E5
330
17
100
AcDbEntity
  8
CUT
  6
Continuous
 62
3
 48
25.4
100
AcDbCircle
 10
311.9361026283919
 20
354.6706151909784
 30
0.0
 40
2.049999999999999
  0
CIRCLE
  5
1E6
330
17
100
AcDbEntity
  8
CUT
  6
Continuous
 62
3
 48
25.4
100
AcDbCircle
 10
311.9361026283919
 20
334.6706151909784
 30
0.0
 40
2.049999999999999
  0
CIRCLE
  5
1E7
330
17
100
AcDbEntity
  8
CUT
  6
Continuous
 62
3
 48
25.4
100
AcDbCircle
 10
311.9361026283919
 20
314.6706151909784
 30
0.0
 40
2.049999999999999
  0
CIRCLE
  5
1E8
330
17
100
AcDbEntity
  8
CUT
  6
Continuous
 62
3
 48
25.4
100
AcDbCircle
 10
311.9361026283919
 20
294.6706151909784
 30
0.0
 40
2.049999999999999
  0
CIRCLE
  5
1E9
330
17
100
AcDbEntity
  8
CUT
  6
Continuous
 62
3
 48
25.4
100
AcDbCircle
 10
331.9361026283919
 20
294.6706151909784
 30
0.0
 40
2.049999999999999
  0
CIRCLE
  5
1EA
330
17
100
AcDbEntity
  8
CUT
  6
Continuous
 62
3
 48
25.4
100
AcDbCircle
 10
331.9361026283919
 20
314.6706151909784
 30
0.0
 40
2.049999999999999
  0
CIRCLE
  5
1EB
330
17
100
AcDbEntity
  8
CUT
  6
Continuous
 62
3
 48
25.4
100
AcDbCircle
 10
331.9361026283919
 20
334.6706151909784
 30
0.0
 40
2.049999999999999
  0
CIRCLE
  5
1EC
330
17
100
AcDbEntity
  8
CUT
  6
Continuous
 62
3
 48
25.4
100
AcDbCircle
 10
331.9361026283919
 20
354.6706151909784
 30
0.0
 40
2.049999999999999
  0
CIRCLE
  5
1ED
330
17
100
AcDbEntity
  8
CUT
  6
Continuous
 62
3
 48
25.4
100
AcDbCircle
 10
331.9361026283919
 20
374.6706151909784
 30
0.0
 40
2.049999999999999
  0
CIRCLE
  5
1EE
330
17
100
AcDbEntity
  8
CUT
  6
Continuous
 62
3
 48
25.4
100
AcDbCircle
 10
331.9361026283919
 20
394.6706151909784
 30
0.0
 40
2.049999999999999
  0
CIRCLE
  5
1EF
330
17
100
AcDbEntity
  8
CUT
  6
Continuous
 62
3
 48
25.4
100
AcDbCircle
 10
331.9361026283919
 20
414.6706151909784
 30
0.0
 40
2.049999999999999
  0
CIRCLE
  5
1F0
330
17
100
AcDbEntity
  8
CUT
  6
Continuous
 62
3
 48
25.4
100
AcDbCircle
 10
331.9361026283919
 20
434.6706151909784
 30
0.0
 40
2.049999999999999
  0
CIRCLE
  5
1F1
330
17
100
AcDbEntity
  8
CUT
  6
Continuous
 62
3
 48
25.4
100
AcDbCircle
 10
331.9361026283919
 20
454.6706151909784
 30
0.0
 40
2.049999999999999
  0
CIRCLE
  5
1F2
330
17
100
AcDbEntity
  8
CUT
  6
Continuous
 62
3
 48
25.4
100
AcDbCircle
 10
351.9361026283919
 20
454.6706151909784
 30
0.0
 40
2.049999999999999
  0
CIRCLE
  5
1F3
330
17
100
AcDbEntity
  8
CUT
  6
Continuous
 62
3
 48
25.4
100
AcDbCircle
 10
351.9361026283919
 20
434.6706151909784
 30
0.0
 40
2.049999999999999
  0
CIRCLE
  5
1F4
330
17
100
AcDbEntity
  8
CUT
  6
Continuous
 62
3
 48
25.4
100
AcDbCircle
 10
351.9361026283919
 20
414.6706151909784
 30
0.0
 40
2.049999999999999
  0
CIRCLE
  5
1F5
330
17
100
AcDbEntity
  8
CUT
  6
Continuous
 62
3
 48
25.4
100
AcDbCircle
 10
351.9361026283919
 20
394.6706151909784
 30
0.0
 40
2.049999999999999
  0
CIRCLE
  5
1F6
330
17
100
AcDbEntity
  8
CUT
  6
Continuous
 62
3
 48
25.4
100
AcDbCircle
 10
351.9361026283919
 20
374.6706151909784
 30
0.0
 40
2.049999999999999
  0
CIRCLE
  5
1F7
330
17
100
AcDbEntity
  8
CUT
  6
Continuous
 62
3
 48
25.4
100
AcDbCircle
 10
351.9361026283919
 20
354.6706151909784
 30
0.0
 40
2.049999999999999
  0
CIRCLE
  5
1F8
330
17
100
AcDbEntity
  8
CUT
  6
Continuous
 62
3
 48
25.4
100
AcDbCircle
 10
351.9361026283919
 20
334.6706151909784
 30
0.0
 40
2.049999999999999
  0
CIRCLE
  5
1F9
330
17
100
AcDbEntity
  8
CUT
  6
Continuous
 62
3
 48
25.4
100
AcDbCircle
 10
351.9361026283919
 20
314.6706151909784
 30
0.0
 40
2.049999999999999
  0
CIRCLE
  5
1FA
330
17
100
AcDbEntity
  8
CUT
  6
Continuous
 62
3
 48
25.4
100
AcDbCircle
 10
351.9361026283919
 20
294.6706151909784
 30
0.0
 40
2.049999999999999
  0
CIRCLE
  5
1FB
330
17
100
AcDbEntity
  8
CUT
  6
Continuous
 62
3
 48
25.4
100
AcDbCircle
 10
371.9361026283919
 20
294.6706151909784
 30
0.0
 40
2.049999999999999
  0
CIRCLE
  5
1FC
330
17
100
AcDbEntity
  8
CUT
  6
Continuous
 62
3
 48
25.4
100
AcDbCircle
 10
371.9361026283919
 20
314.6706151909784
 30
0.0
 40
2.049999999999999
  0
CIRCLE
  5
1FD
330
17
100
AcDbEntity
  8
CUT
  6
Continuous
 62
3
 48
25.4
100
AcDbCircle
 10
371.9361026283919
 20
334.6706151909784
 30
0.0
 40
2.049999999999999
  0
CIRCLE
  5
1FE
330
17
100
AcDbEntity
  8
CUT
  6
Continuous
 62
3
 48
25.4
100
AcDbCircle
 10
371.9361026283919
 20
354.6706151909784
 30
0.0
 40
2.049999999999999
  0
CIRCLE
  5
1FF
330
17
100
AcDbEntity
  8
CUT
  6
Continuous
 62
3
 48
25.4
100
AcDbCircle
 10
371.9361026283919
 20
374.6706151909784
 30
0.0
 40
2.049999999999999
  0
CIRCLE
  5
200
330
17
100
AcDbEntity
  8
CUT
  6
Continuous
 62
3
 48
25.4
100
AcDbCircle
 10
371.9361026283919
 20
394.6706151909784
 30
0.0
 40
2.049999999999999
  0
CIRCLE
  5
201
330
17
100
AcDbEntity
  8
CUT
  6
Continuous
 62
3
 48
25.4
100
AcDbCircle
 10
371.9361026283919
 20
414.6706151909784
 30
0.0
 40
2.049999999999999
  0
CIRCLE
  5
202
330
17
100
AcDbEntity
  8
CUT
  6
Continuous
 62
3
 48
25.4
100
AcDbCircle
 10
371.9361026283919
 20
434.6706151909784
 30
0.0
 40
2.049999999999999
  0
CIRCLE
  5
203
330
17
100
AcDbEntity
  8
CUT
  6
Continuous
 62
3
 48
25.4
100
AcDbCircle
 10
371.9361026283919
 20
454.6706151909784
 30
0.0
 40
2.049999999999999
  0
CIRCLE
  5
204
330
17
100
AcDbEntity
  8
CUT
  6
Continuous
 62
3
 48
25.4
100
AcDbCircle
 10
391.9361026283919
 20
454.6706151909784
 30
0.0
 40
2.049999999999999
  0
CIRCLE
  5
205
330
17
100
AcDbEntity
  8
CUT
  6
Continuous
 62
3
 48
25.4
100
AcDbCircle
 10
391.9361026283919
 20
434.6706151909784
 30
0.0
 40
2.049999999999999
  0
CIRCLE
  5
206
330
17
100
AcDbEntity
  8
CUT
  6
Continuous
 62
3
 48
25.4
100
AcDbCircle
 10
391.9361026283919
 20
414.6706151909784
 30
0.0
 40
2.049999999999999
  0
CIRCLE
  5
207
330
17
100
AcDbEntity
  8
CUT
  6
Continuous
 62
3
 48
25.4
100
AcDbCircle
 10
391.9361026283919
 20
394.6706151909784
 30
0.0
 40
2.049999999999999
  0
CIRCLE
  5
208
330
17
100
AcDbEntity
  8
CUT
  6
Continuous
 62
3
 48
25.4
100
AcDbCircle
 10
391.9361026283919
 20
374.6706151909784
 30
0.0
 40
2.049999999999999
  0
CIRCLE
  5
209
330
17
100
AcDbEntity
  8
CUT
  6
Continuous
 62
3
 48
25.4
100
AcDbCircle
 10
391.9361026283919
 20
354.6706151909784
 30
0.0
 40
2.049999999999999
  0
CIRCLE
  5
20A
330
17
100
AcDbEntity
  8
CUT
  6
Continuous
 62
3
 48
25.4
100
AcDbCircle
 10
391.9361026283919
 20
334.6706151909784
 30
0.0
 40
2.049999999999999
  0
CIRCLE
  5
20B
330
17
100
AcDbEntity
  8
CUT
  6
Continuous
 62
3
 48
25.4
100
AcDbCircle
 10
391.9361026283919
 20
314.6706151909784
 30
0.0
 40
2.049999999999999
  0
CIRCLE
  5
20C
330
17
100
AcDbEntity
  8
CUT
  6
Continuous
 62
3
 48
25.4
100
AcDbCircle
 10
391.9361026283919
 20
294.6706151909784
 30
0.0
 40
2.049999999999999
  0
CIRCLE
  5
20D
330
17
100
AcDbEntity
  8
CUT
  6
Continuous
 62
3
 48
25.4
100
AcDbCircle
 10
411.9361026283919
 20
294.6706151909784
 30
0.0
 40
2.049999999999999
  0
CIRCLE
  5
20E
330
17
100
AcDbEntity
  8
CUT
  6
Continuous
 62
3
 48
25.4
100
AcDbCircle
 10
411.9361026283919
 20
314.6706151909784
 30
0.0
 40
2.049999999999999
  0
CIRCLE
  5
20F
330
17
100
AcDbEntity
  8
CUT
  6
Continuous
 62
3
 48
25.4
100
AcDbCircle
 10
411.9361026283919
 20
354.6706151909784
 30
0.0
 40
2.049999999999999
  0
CIRCLE
  5
210
330
17
100
AcDbEntity
  8
CUT
  6
Continuous
 62
3
 48
25.4
100
AcDbCircle
 10
411.9361026283919
 20
374.6706151909784
 30
0.0
 40
2.049999999999999
  0
CIRCLE
  5
211
330
17
100
AcDbEntity
  8
CUT
  6
Continuous
 62
3
 48
25.4
100
AcDbCircle
 10
411.9361026283919
 20
394.6706151909784
 30
0.0
 40
2.049999999999999
  0
CIRCLE
  5
212
330
17
100
AcDbEntity
  8
CUT
  6
Continuous
 62
3
 48
25.4
100
AcDbCircle
 10
411.9361026283919
 20
414.6706151909784
 30
0.0
 40
2.049999999999999
  0
CIRCLE
  5
213
330
17
100
AcDbEntity
  8
CUT
  6
Continuous
 62
3
 48
25.4
100
AcDbCircle
 10
411.9361026283919
 20
434.6706151909784
 30
0.0
 40
2.049999999999999
  0
CIRCLE
  5
214
330
17
100
AcDbEntity
  8
CUT
  6
Continuous
 62
3
 48
25.4
100
AcDbCircle
 10
411.9361026283919
 20
454.6706151909784
 30
0.0
 40
2.049999999999999
  0
CIRCLE
  5
215
330
17
100
AcDbEntity
  8
CUT
  6
Continuous
 62
3
 48
25.4
100
AcDbCircle
 10
291.9361026283919
 20
294.6706151909784
 30
0.0
 40
2.049999999999999
  0
CIRCLE
  5
216
330
17
100
AcDbEntity
  8
CUT
  6
Continuous
 62
3
 48
25.4
100
AcDbCircle
 10
291.9361026283919
 20
314.6706151909784
 30
0.0
 40
2.049999999999999
  0
CIRCLE
  5
217
330
17
100
AcDbEntity
  8
CUT
  6
Continuous
 62
3
 48
25.4
100
AcDbCircle
 10
411.9361026283919
 20
334.6706151909784
 30
0.0
 40
2.049999999999999
  0
CIRCLE
  5
218
330
17
100
AcDbEntity
  8
CUT
  6
Continuous
 62
3
 48
25.4
100
AcDbCircle
 10
231.9361026283919
 20
274.6706151909784
 30
0.0
 40
2.049999999999999
  0
CIRCLE
  5
219
330
17
100
AcDbEntity
  8
CUT
  6
Continuous
 62
3
 48
25.4
100
AcDbCircle
 10
251.9361026283919
 20
274.6706151909784
 30
0.0
 40
2.049999999999999
  0
CIRCLE
  5
21A
330
17
100
AcDbEntity
  8
CUT
  6
Continuous
 62
3
 48
25.4
100
AcDbCircle
 10
271.9361026283919
 20
274.6706151909784
 30
0.0
 40
2.049999999999999
  0
CIRCLE
  5
21B
330
17
100
AcDbEntity
  8
CUT
  6
Continuous
 62
3
 48
25.4
100
AcDbCircle
 10
291.9361026283919
 20
274.6706151909784
 30
0.0
 40
2.049999999999999
  0
CIRCLE
  5
21C
330
17
100
AcDbEntity
  8
CUT
  6
Continuous
 62
3
 48
25.4
100
AcDbCircle
 10
311.9361026283919
 20
274.6706151909784
 30
0.0
 40
2.049999999999999
  0
CIRCLE
  5
21D
330
17
100
AcDbEntity
  8
CUT
  6
Continuous
 62
3
 48
25.4
100
AcDbCircle
 10
331.9361026283919
 20
274.6706151909784
 30
0.0
 40
2.049999999999999
  0
CIRCLE
  5
21E
330
17
100
AcDbEntity
  8
CUT
  6
Continuous
 62
3
 48
25.4
100
AcDbCircle
 10
351.9361026283919
 20
274.6706151909784
 30
0.0
 40
2.049999999999999
  0
CIRCLE
  5
21F
330
17
100
AcDbEntity
  8
CUT
  6
Continuous
 62
3
 48
25.4
100
AcDbCircle
 10
371.9361026283919
 20
274.6706151909784
 30
0.0
 40
2.049999999999999
  0
CIRCLE
  5
220
330
17
100
AcDbEntity
  8
CUT
  6
Continuous
 62
3
 48
25.4
100
AcDbCircle
 10
391.9361026283919
 20
274.6706151909784
 30
0.0
 40
2.049999999999999
  0
CIRCLE
  5
221
330
17
100
AcDbEntity
  8
CUT
  6
Continuous
 62
3
 48
25.4
100
AcDbCircle
 10
411.9361026283919
 20
274.6706151909784
 30
0.0
 40
2.049999999999999
  0
CIRCLE
  5
222
330
17
100
AcDbEntity
  8
CUT
  6
Continuous
 62
3
 48
25.4
100
AcDbCircle
 10
431.9361026283919
 20
74.67061519097842
 30
0.0
 40
2.049999999999999
  0
CIRCLE
  5
223
330
17
100
AcDbEntity
  8
CUT
  6
Continuous
 62
3
 48
25.4
100
AcDbCircle
 10
431.9361026283919
 20
94.67061519097842
 30
0.0
 40
2.049999999999999
  0
CIRCLE
  5
224
330
17
100
AcDbEntity
  8
CUT
  6
Continuous
 62
3
 48
25.4
100
AcDbCircle
 10
431.9361026283919
 20
114.67061519097842
 30
0.0
 40
2.049999999999999
  0
CIRCLE
  5
225
330
17
100
AcDbEntity
  8
CUT
  6
Continuous
 62
3
 48
25.4
100
AcDbCircle
 10
431.9361026283919
 20
134.67061519097842
 30
0.0
 40
2.049999999999999
  0
CIRCLE
  5
226
330
17
100
AcDbEntity
  8
CUT
  6
Continuous
 62
3
 48
25.4
100
AcDbCircle
 10
431.9361026283919
 20
154.67061519097842
 30
0.0
 40
2.049999999999999
  0
CIRCLE
  5
227
330
17
100
AcDbEntity
  8
CUT
  6
Continuous
 62
3
 48
25.4
100
AcDbCircle
 10
431.9361026283919
 20
174.67061519097842
 30
0.0
 40
2.049999999999999
  0
CIRCLE
  5
228
330
17
100
AcDbEntity
  8
CUT
  6
Continuous
 62
3
 48
25.4
100
AcDbCircle
 10
431.9361026283919
 20
194.67061519097842
 30
0.0
 40
2.049999999999999
  0
CIRCLE
  5
229
330
17
100
AcDbEntity
  8
CUT
  6
Continuous
 62
3
 48
25.4
100
AcDbCircle
 10
431.9361026283919
 20
214.67061519097842
 30
0.0
 40
2.049999999999999
  0
CIRCLE
  5
22A
330
17
100
AcDbEntity
  8
CUT
  6
Continuous
 62
3
 48
25.4
100
AcDbCircle
 10
431.9361026283919
 20
234.67061519097842
 30
0.0
 40
2.049999999999999
  0
CIRCLE
  5
22B
330
17
100
AcDbEntity
  8
CUT
  6
Continuous
 62
3
 48
25.4
100
AcDbCircle
 10
431.9361026283919
 20
254.67061519097842
 30
0.0
 40
2.049999999999999
  0
CIRCLE
  5
22C
330
17
100
AcDbEntity
  8
CUT
  6
Continuous
 62
3
 48
25.4
100
AcDbCircle
 10
451.9361026283919
 20
254.67061519097842
 30
0.0
 40
2.049999999999999
  0
CIRCLE
  5
22D
330
17
100
AcDbEntity
  8
CUT
  6
Continuous
 62
3
 48
25.4
100
AcDbCircle
 10
451.9361026283919
 20
234.67061519097842
 30
0.0
 40
2.049999999999999
  0
CIRCLE
  5
22E
330
17
100
AcDbEntity
  8
CUT
  6
Continuous
 62
3
 48
25.4
100
AcDbCircle
 10
451.9361026283919
 20
214.67061519097842
 30
0.0
 40
2.049999999999999
  0
CIRCLE
  5
22F
330
17
100
AcDbEntity
  8
CUT
  6
Continuous
 62
3
 48
25.4
100
AcDbCircle
 10
451.9361026283919
 20
194.67061519097842
 30
0.0
 40
2.049999999999999
  0
CIRCLE
  5
230
330
17
100
AcDbEntity
  8
CUT
  6
Continuous
 62
3
 48
25.4
100
AcDbCircle
 10
451.9361026283919
 20
174.67061519097842
 30
0.0
 40
2.049999999999999
  0
CIRCLE
  5
231
330
17
100
AcDbEntity
  8
CUT
  6
Continuous
 62
3
 48
25.4
100
AcDbCircle
 10
451.9361026283919
 20
154.67061519097842
 30
0.0
 40
2.049999999999999
  0
CIRCLE
  5
232
330
17
100
AcDbEntity
  8
CUT
  6
Continuous
 62
3
 48
25.4
100
AcDbCircle
 10
451.9361026283919
 20
134.67061519097842
 30
0.0
 40
2.049999999999999
  0
CIRCLE
  5
233
330
17
100
AcDbEntity
  8
CUT
  6
Continuous
 62
3
 48
25.4
100
AcDbCircle
 10
451.9361026283919
 20
114.67061519097842
 30
0.0
 40
2.049999999999999
  0
CIRCLE
  5
234
330
17
100
AcDbEntity
  8
CUT
  6
Continuous
 62
3
 48
25.4
100
AcDbCircle
 10
451.9361026283919
 20
94.67061519097842
 30
0.0
 40
2.049999999999999
  0
CIRCLE
  5
235
330
17
100
AcDbEntity
  8
CUT
  6
Continuous
 62
3
 48
25.4
100
AcDbCircle
 10
451.9361026283919
 20
74.67061519097842
 30
0.0
 40
2.049999999999999
  0
CIRCLE
  5
236
330
17
100
AcDbEntity
  8
CUT
  6
Continuous
 62
3
 48
25.4
100
AcDbCircle
 10
451.9361026283919
 20
54.67061519097843
 30
0.0
 40
2.049999999999999
  0
CIRCLE
  5
237
330
17
100
AcDbEntity
  8
CUT
  6
Continuous
 62
3
 48
25.4
100
AcDbCircle
 10
471.9361026283919
 20
54.67061519097843
 30
0.0
 40
2.049999999999999
  0
CIRCLE
  5
238
330
17
100
AcDbEntity
  8
CUT
  6
Continuous
 62
3
 48
25.4
100
AcDbCircle
 10
491.9361026283919
 20
54.67061519097843
 30
0.0
 40
2.049999999999999
  0
CIRCLE
  5
239
330
17
100
AcDbEntity
  8
CUT
  6
Continuous
 62
3
 48
25.4
100
AcDbCircle
 10
511.9361026283919
 20
54.67061519097843
 30
0.0
 40
2.049999999999999
  0
CIRCLE
  5
23A
330
17
100
AcDbEntity
  8
CUT
  6
Continuous
 62
3
 48
25.4
100
AcDbCircle
 10
511.9361026283919
 20
74.67061519097842
 30
0.0
 40
2.049999999999999
  0
CIRCLE
  5
23B
330
17
100
AcDbEntity
  8
CUT
  6
Continuous
 62
3
 48
25.4
100
AcDbCircle
 10
491.9361026283919
 20
74.67061519097842
 30
0.0
 40
2.049999999999999
  0
CIRCLE
  5
23C
330
17
100
AcDbEntity
  8
CUT
  6
Continuous
 62
3
 48
25.4
100
AcDbCircle
 10
471.9361026283919
 20
74.67061519097842
 30
0.0
 40
2.049999999999999
  0
CIRCLE
  5
23D
330
17
100
AcDbEntity
  8
CUT
  6
Continuous
 62
3
 48
25.4
100
AcDbCircle
 10
471.9361026283919
 20
94.67061519097842
 30
0.0
 40
2.049999999999999
  0
CIRCLE
  5
23E
330
17
100
AcDbEntity
  8
CUT
  6
Continuous
 62
3
 48
25.4
100
AcDbCircle
 10
491.9361026283919
 20
94.67061519097842
 30
0.0
 40
2.049999999999999
  0
CIRCLE
  5
23F
330
17
100
AcDbEntity
  8
CUT
  6
Continuous
 62
3
 48
25.4
100
AcDbCircle
 10
511.9361026283919
 20
94.67061519097842
 30
0.0
 40
2.049999999999999
  0
CIRCLE
  5
240
330
17
100
AcDbEntity
  8
CUT
  6
Continuous
 62
3
 48
25.4
100
AcDbCircle
 10
511.9361026283919
 20
114.67061519097842
 30
0.0
 40
2.049999999999999
  0
CIRCLE
  5
241
330
17
100
AcDbEntity
  8
CUT
  6
Continuous
 62
3
 48
25.4
100
AcDbCircle
 10
491.9361026283919
 20
114.67061519097842
 30
0.0
 40
2.049999999999999
  0
CIRCLE
  5
242
330
17
100
AcDbEntity
  8
CUT
  6
Continuous
 62
3
 48
25.4
100
AcDbCircle
 10
471.9361026283919
 20
114.67061519097842
 30
0.0
 40
2.049999999999999
  0
CIRCLE
  5
243
330
17
100
AcDbEntity
  8
CUT
  6
Continuous
 62
3
 48
25.4
100
AcDbCircle
 10
471.9361026283919
 20
134.67061519097842
 30
0.0
 40
2.049999999999999
  0
CIRCLE
  5
244
330
17
100
AcDbEntity
  8
CUT
  6
Continuous
 62
3
 48
25.4
100
AcDbCircle
 10
491.9361026283919
 20
134.67061519097842
 30
0.0
 40
2.049999999999999
  0
CIRCLE
  5
245
330
17
100
AcDbEntity
  8
CUT
  6
Continuous
 62
3
 48
25.4
100
AcDbCircle
 10
511.9361026283919
 20
134.67061519097842
 30
0.0
 40
2.049999999999999
  0
CIRCLE
  5
246
330
17
100
AcDbEntity
  8
CUT
  6
Continuous
 62
3
 48
25.4
100
AcDbCircle
 10
511.9361026283919
 20
154.67061519097842
 30
0.0
 40
2.049999999999999
  0
CIRCLE
  5
247
330
17
100
AcDbEntity
  8
CUT
  6
Continuous
 62
3
 48
25.4
100
AcDbCircle
 10
491.9361026283919
 20
154.67061519097842
 30
0.0
 40
2.049999999999999
  0
CIRCLE
  5
248
330
17
100
AcDbEntity
  8
CUT
  6
Continuous
 62
3
 48
25.4
100
AcDbCircle
 10
471.9361026283919
 20
154.67061519097842
 30
0.0
 40
2.049999999999999
  0
CIRCLE
  5
249
330
17
100
AcDbEntity
  8
CUT
  6
Continuous
 62
3
 48
25.4
100
AcDbCircle
 10
471.9361026283919
 20
174.67061519097842
 30
0.0
 40
2.049999999999999
  0
CIRCLE
  5
24A
330
17
100
AcDbEntity
  8
CUT
  6
Continuous
 62
3
 48
25.4
100
AcDbCircle
 10
491.9361026283919
 20
174.67061519097842
 30
0.0
 40
2.049999999999999
  0
CIRCLE
  5
24B
330
17
100
AcDbEntity
  8
CUT
  6
Continuous
 62
3
 48
25.4
100
AcDbCircle
 10
511.9361026283919
 20
174.67061519097842
 30
0.0
 40
2.049999999999999
  0
CIRCLE
  5
24C
330
17
100
AcDbEntity
  8
CUT
  6
Continuous
 62
3
 48
25.4
100
AcDbCircle
 10
511.9361026283919
 20
194.67061519097842
 30
0.0
 40
2.049999999999999
  0
CIRCLE
  5
24D
330
17
100
AcDbEntity
  8
CUT
  6
Continuous
 62
3
 48
25.4
100
AcDbCircle
 10
491.9361026283919
 20
194.67061519097842
 30
0.0
 40
2.049999999999999
  0
CIRCLE
  5
24E
330
17
100
AcDbEntity
  8
CUT
  6
Continuous
 62
3
 48
25.4
100
AcDbCircle
 10
471.9361026283919
 20
194.67061519097842
 30
0.0
 40
2.049999999999999
  0
CIRCLE
  5
24F
330
17
100
AcDbEntity
  8
CUT
  6
Continuous
 62
3
 48
25.4
100
AcDbCircle
 10
471.9361026283919
 20
214.67061519097842
 30
0.0
 40
2.049999999999999
  0
CIRCLE
  5
250
330
17
100
AcDbEntity
  8
CUT
  6
Continuous
 62
3
 48
25.4
100
AcDbCircle
 10
491.9361026283919
 20
214.67061519097842
 30
0.0
 40
2.049999999999999
  0
CIRCLE
  5
251
330
17
100
AcDbEntity
  8
CUT
  6
Continuous
 62
3
 48
25.4
100
AcDbCircle
 10
511.9361026283919
 20
214.67061519097842
 30
0.0
 40
2.049999999999999
  0
CIRCLE
  5
252
330
17
100
AcDbEntity
  8
CUT
  6
Continuous
 62
3
 48
25.4
100
AcDbCircle
 10
511.9361026283919
 20
234.67061519097842
 30
0.0
 40
2.049999999999999
  0
CIRCLE
  5
253
330
17
100
AcDbEntity
  8
CUT
  6
Continuous
 62
3
 48
25.4
100
AcDbCircle
 10
491.9361026283919
 20
234.67061519097842
 30
0.0
 40
2.049999999999999
  0
CIRCLE
  5
254
330
17
100
AcDbEntity
  8
CUT
  6
Continuous
 62
3
 48
25.4
100
AcDbCircle
 10
471.9361026283919
 20
234.67061519097842
 30
0.0
 40
2.049999999999999
  0
CIRCLE
  5
255
330
17
100
AcDbEntity
  8
CUT
  6
Continuous
 62
3
 48
25.4
100
AcDbCircle
 10
471.9361026283919
 20
254.67061519097842
 30
0.0
 40
2.049999999999999
  0
CIRCLE
  5
256
330
17
100
AcDbEntity
  8
CUT
  6
Continuous
 62
3
 48
25.4
100
AcDbCircle
 10
491.9361026283919
 20
254.67061519097842
 30
0.0
 40
2.049999999999999
  0
CIRCLE
  5
257
330
17
100
AcDbEntity
  8
CUT
  6
Continuous
 62
3
 48
25.4
100
AcDbCircle
 10
511.9361026283919
 20
254.67061519097842
 30
0.0
 40
2.049999999999999
  0
CIRCLE
  5
258
330
17
100
AcDbEntity
  8
CUT
  6
Continuous
 62
3
 48
25.4
100
AcDbCircle
 10
431.9361026283919
 20
54.67061519097843
 30
0.0
 40
2.049999999999999
  0
CIRCLE
  5
259
330
17
100
AcDbEntity
  8
CUT
  6
Continuous
 62
3
 48
25.4
100
AcDbCircle
 10
431.9361026283919
 20
274.6706151909784
 30
0.0
 40
2.049999999999999
  0
CIRCLE
  5
25A
330
17
100
AcDbEntity
  8
CUT
  6
Continuous
 62
3
 48
25.4
100
AcDbCircle
 10
451.9361026283919
 20
274.6706151909784
 30
0.0
 40
2.049999999999999
  0
CIRCLE
  5
25B
330
17
100
AcDbEntity
  8
CUT
  6
Continuous
 62
3
 48
25.4
100
AcDbCircle
 10
471.9361026283919
 20
274.6706151909784
 30
0.0
 40
2.049999999999999
  0
CIRCLE
  5
25C
330
17
100
AcDbEntity
  8
CUT
  6
Continuous
 62
3
 48
25.4
100
AcDbCircle
 10
491.9361026283919
 20
274.6706151909784
 30
0.0
 40
2.049999999999999
  0
CIRCLE
  5
25D
330
17
100
AcDbEntity
  8
CUT
  6
Continuous
 62
3
 48
25.4
100
AcDbCircle
 10
511.9361026283919
 20
274.6706151909784
 30
0.0
 40
2.049999999999999
  0
CIRCLE
  5
25E
330
17
100
AcDbEntity
  8
CUT
  6
Continuous
 62
3
 48
25.4
100
AcDbCircle
 10
511.9361026283919
 20
294.6706151909784
 30
0.0
 40
2.049999999999999
  0
CIRCLE
  5
25F
330
17
100
AcDbEntity
  8
CUT
  6
Continuous
 62
3
 48
25.4
100
AcDbCircle
 10
491.9361026283919
 20
294.6706151909784
 30
0.0
 40
2.049999999999999
  0
CIRCLE
  5
260
330
17
100
AcDbEntity
  8
CUT
  6
Continuous
 62
3
 48
25.4
100
AcDbCircle
 10
471.9361026283919
 20
294.6706151909784
 30
0.0
 40
2.049999999999999
  0
CIRCLE
  5
261
330
17
100
AcDbEntity
  8
CUT
  6
Continuous
 62
3
 48
25.4
100
AcDbCircle
 10
451.9361026283919
 20
294.6706151909784
 30
0.0
 40
2.049999999999999
  0
CIRCLE
  5
262
330
17
100
AcDbEntity
  8
CUT
  6
Continuous
 62
3
 48
25.4
100
AcDbCircle
 10
431.9361026283919
 20
294.6706151909784
 30
0.0
 40
2.049999999999999
  0
CIRCLE
  5
263
330
17
100
AcDbEntity
  8
CUT
  6
Continuous
 62
3
 48
25.4
100
AcDbCircle
 10
431.9361026283919
 20
314.6706151909784
 30
0.0
 40
2.049999999999999
  0
CIRCLE
  5
264
330
17
100
AcDbEntity
  8
CUT
  6
Continuous
 62
3
 48
25.4
100
AcDbCircle
 10
451.9361026283919
 20
314.6706151909784
 30
0.0
 40
2.049999999999999
  0
CIRCLE
  5
265
330
17
100
AcDbEntity
  8
CUT
  6
Continuous
 62
3
 48
25.4
100
AcDbCircle
 10
471.9361026283919
 20
314.6706151909784
 30
0.0
 40
2.049999999999999
  0
CIRCLE
  5
266
330
17
100
AcDbEntity
  8
CUT
  6
Continuous
 62
3
 48
25.4
100
AcDbCircle
 10
491.9361026283919
 20
314.6706151909784
 30
0.0
 40
2.049999999999999
  0
CIRCLE
  5
267
330
17
100
AcDbEntity
  8
CUT
  6
Continuous
 62
3
 48
25.4
100
AcDbCircle
 10
511.9361026283919
 20
314.6706151909784
 30
0.0
 40
2.049999999999999
  0
CIRCLE
  5
268
330
17
100
AcDbEntity
  8
CUT
  6
Continuous
 62
3
 48
25.4
100
AcDbCircle
 10
511.9361026283919
 20
334.6706151909784
 30
0.0
 40
2.049999999999999
  0
CIRCLE
  5
269
330
17
100
AcDbEntity
  8
CUT
  6
Continuous
 62
3
 48
25.4
100
AcDbCircle
 10
491.9361026283919
 20
334.6706151909784
 30
0.0
 40
2.049999999999999
  0
CIRCLE
  5
26A
330
17
100
AcDbEntity
  8
CUT
  6
Continuous
 62
3
 48
25.4
100
AcDbCircle
 10
471.9361026283919
 20
334.6706151909784
 30
0.0
 40
2.049999999999999
  0
CIRCLE
  5
26B
330
17
100
AcDbEntity
  8
CUT
  6
Continuous
 62
3
 48
25.4
100
AcDbCircle
 10
451.9361026283919
 20
334.6706151909784
 30
0.0
 40
2.049999999999999
  0
CIRCLE
  5
26C
330
17
100
AcDbEntity
  8
CUT
  6
Continuous
 62
3
 48
25.4
100
AcDbCircle
 10
431.9361026283919
 20
334.6706151909784
 30
0.0
 40
2.049999999999999
  0
CIRCLE
  5
26D
330
17
100
AcDbEntity
  8
CUT
  6
Continuous
 62
3
 48
25.4
100
AcDbCircle
 10
431.9361026283919
 20
354.6706151909784
 30
0.0
 40
2.049999999999999
  0
CIRCLE
  5
26E
330
17
100
AcDbEntity
  8
CUT
  6
Continuous
 62
3
 48
25.4
100
AcDbCircle
 10
451.9361026283919
 20
354.6706151909784
 30
0.0
 40
2.049999999999999
  0
CIRCLE
  5
26F
330
17
100
AcDbEntity
  8
CUT
  6
Continuous
 62
3
 48
25.4
100
AcDbCircle
 10
471.9361026283919
 20
354.6706151909784
 30
0.0
 40
2.049999999999999
  0
CIRCLE
  5
270
330
17
100
AcDbEntity
  8
CUT
  6
Continuous
 62
3
 48
25.4
100
AcDbCircle
 10
491.9361026283919
 20
354.6706151909784
 30
0.0
 40
2.049999999999999
  0
CIRCLE
  5
271
330
17
100
AcDbEntity
  8
CUT
  6
Continuous
 62
3
 48
25.4
100
AcDbCircle
 10
511.9361026283919
 20
354.6706151909784
 30
0.0
 40
2.049999999999999
  0
CIRCLE
  5
272
330
17
100
AcDbEntity
  8
CUT
  6
Continuous
 62
3
 48
25.4
100
AcDbCircle
 10
511.9361026283919
 20
374.6706151909784
 30
0.0
 40
2.049999999999999
  0
CIRCLE
  5
273
330
17
100
AcDbEntity
  8
CUT
  6
Continuous
 62
3
 48
25.4
100
AcDbCircle
 10
491.9361026283919
 20
374.6706151909784
 30
0.0
 40
2.049999999999999
  0
CIRCLE
  5
274
330
17
100
AcDbEntity
  8
CUT
  6
Continuous
 62
3
 48
25.4
100
AcDbCircle
 10
471.9361026283919
 20
374.6706151909784
 30
0.0
 40
2.049999999999999
  0
CIRCLE
  5
275
330
17
100
AcDbEntity
  8
CUT
  6
Continuous
 62
3
 48
25.4
100
AcDbCircle
 10
451.9361026283919
 20
374.6706151909784
 30
0.0
 40
2.049999999999999
  0
CIRCLE
  5
276
330
17
100
AcDbEntity
  8
CUT
  6
Continuous
 62
3
 48
25.4
100
AcDbCircle
 10
431.9361026283919
 20
374.6706151909784
 30
0.0
 40
2.049999999999999
  0
CIRCLE
  5
277
330
17
100
AcDbEntity
  8
CUT
  6
Continuous
 62
3
 48
25.4
100
AcDbCircle
 10
431.9361026283919
 20
394.6706151909784
 30
0.0
 40
2.049999999999999
  0
CIRCLE
  5
278
330
17
100
AcDbEntity
  8
CUT
  6
Continuous
 62
3
 48
25.4
100
AcDbCircle
 10
451.9361026283919
 20
394.6706151909784
 30
0.0
 40
2.049999999999999
  0
CIRCLE
  5
279
330
17
100
AcDbEntity
  8
CUT
  6
Continuous
 62
3
 48
25.4
100
AcDbCircle
 10
471.9361026283919
 20
394.6706151909784
 30
0.0
 40
2.049999999999999
  0
CIRCLE
  5
27A
330
17
100
AcDbEntity
  8
CUT
  6
Continuous
 62
3
 48
25.4
100
AcDbCircle
 10
491.9361026283919
 20
394.6706151909784
 30
0.0
 40
2.049999999999999
  0
CIRCLE
  5
27B
330
17
100
AcDbEntity
  8
CUT
  6
Continuous
 62
3
 48
25.4
100
AcDbCircle
 10
511.9361026283919
 20
394.6706151909784
 30
0.0
 40
2.049999999999999
  0
CIRCLE
  5
27C
330
17
100
AcDbEntity
  8
CUT
  6
Continuous
 62
3
 48
25.4
100
AcDbCircle
 10
511.9361026283919
 20
414.6706151909784
 30
0.0
 40
2.049999999999999
  0
CIRCLE
  5
27D
330
17
100
AcDbEntity
  8
CUT
  6
Continuous
 62
3
 48
25.4
100
AcDbCircle
 10
491.9361026283919
 20
414.6706151909784
 30
0.0
 40
2.049999999999999
  0
CIRCLE
  5
27E
330
17
100
AcDbEntity
  8
CUT
  6
Continuous
 62
3
 48
25.4
100
AcDbCircle
 10
471.9361026283919
 20
414.6706151909784
 30
0.0
 40
2.049999999999999
  0
CIRCLE
  5
27F
330
17
100
AcDbEntity
  8
CUT
  6
Continuous
 62
3
 48
25.4
100
AcDbCircle
 10
451.9361026283919
 20
414.6706151909784
 30
0.0
 40
2.049999999999999
  0
CIRCLE
  5
280
330
17
100
AcDbEntity
  8
CUT
  6
Continuous
 62
3
 48
25.4
100
AcDbCircle
 10
431.9361026283919
 20
414.6706151909784
 30
0.0
 40
2.049999999999999
  0
CIRCLE
  5
281
330
17
100
AcDbEntity
  8
CUT
  6
Continuous
 62
3
 48
25.4
100
AcDbCircle
 10
431.9361026283919
 20
434.6706151909784
 30
0.0
 40
2.049999999999999
  0
CIRCLE
  5
282
330
17
100
AcDbEntity
  8
CUT
  6
Continuous
 62
3
 48
25.4
100
AcDbCircle
 10
451.9361026283919
 20
434.6706151909784
 30
0.0
 40
2.049999999999999
  0
CIRCLE
  5
283
330
17
100
AcDbEntity
  8
CUT
  6
Continuous
 62
3
 48
25.4
100
AcDbCircle
 10
471.9361026283919
 20
434.6706151909784
 30
0.0
 40
2.049999999999999
  0
CIRCLE
  5
284
330
17
100
AcDbEntity
  8
CUT
  6
Continuous
 62
3
 48
25.4
100
AcDbCircle
 10
491.9361026283919
 20
434.6706151909784
 30
0.0
 40
2.049999999999999
  0
CIRCLE
  5
285
330
17
100
AcDbEntity
  8
CUT
  6
Continuous
 62
3
 48
25.4
100
AcDbCircle
 10
511.9361026283919
 20
434.6706151909784
 30
0.0
 40
2.049999999999999
  0
CIRCLE
  5
286
330
17
100
AcDbEntity
  8
CUT
  6
Continuous
 62
3
 48
25.4
100
AcDbCircle
 10
511.9361026283919
 20
454.6706151909784
 30
0.0
 40
2.049999999999999
  0
CIRCLE
  5
287
330
17
100
AcDbEntity
  8
CUT
  6
Continuous
 62
3
 48
25.4
100
AcDbCircle
 10
491.9361026283919
 20
454.6706151909784
 30
0.0
 40
2.049999999999999
  0
CIRCLE
  5
288
330
17
100
AcDbEntity
  8
CUT
  6
Continuous
 62
3
 48
25.4
100
AcDbCircle
 10
471.9361026283919
 20
454.6706151909784
 30
0.0
 40
2.049999999999999
  0
CIRCLE
  5
289
330
17
100
AcDbEntity
  8
CUT
  6
Continuous
 62
3
 48
25.4
100
AcDbCircle
 10
451.9361026283919
 20
454.6706151909784
 30
0.0
 40
2.049999999999999
  0
CIRCLE
  5
28A
330
17
100
AcDbEntity
  8
CUT
  6
Continuous
 62
3
 48
25.4
100
AcDbCircle
 10
431.9361026283919
 20
454.6706151909784
 30
0.0
 40
2.049999999999999
  0
CIRCLE
  5
28B
330
17
100
AcDbEntity
  8
CUT
  6
Continuous
 62
3
 48
25.4
100
AcDbCircle
 10
431.9361026283919
 20
474.6706151909784
 30
0.0
 40
2.049999999999999
  0
CIRCLE
  5
28C
330
17
100
AcDbEntity
  8
CUT
  6
Continuous
 62
3
 48
25.4
100
AcDbCircle
 10
451.9361026283919
 20
474.6706151909784
 30
0.0
 40
2.049999999999999
  0
CIRCLE
  5
28D
330
17
100
AcDbEntity
  8
CUT
  6
Continuous
 62
3
 48
25.4
100
AcDbCircle
 10
471.9361026283919
 20
474.6706151909784
 30
0.0
 40
2.049999999999999
  0
CIRCLE
  5
28E
330
17
100
AcDbEntity
  8
CUT
  6
Continuous
 62
3
 48
25.4
100
AcDbCircle
 10
491.9361026283919
 20
474.6706151909784
 30
0.0
 40
2.049999999999999
  0
CIRCLE
  5
28F
330
17
100
AcDbEntity
  8
CUT
  6
Continuous
 62
3
 48
25.4
100
AcDbCircle
 10
511.9361026283919
 20
474.6706151909784
 30
0.0
 40
2.049999999999999
  0
CIRCLE
  5
290
330
17
100
AcDbEntity
  8
CUT
  6
Continuous
 62
3
 48
25.4
100
AcDbCircle
 10
511.9361026283919
 20
494.6706151909784
 30
0.0
 40
2.049999999999999
  0
CIRCLE
  5
291
330
17
100
AcDbEntity
  8
CUT
  6
Continuous
 62
3
 48
25.4
100
AcDbCircle
 10
491.9361026283919
 20
494.6706151909784
 30
0.0
 40
2.049999999999999
  0
CIRCLE
  5
292
330
17
100
AcDbEntity
  8
CUT
  6
Continuous
 62
3
 48
25.4
100
AcDbCircle
 10
471.9361026283919
 20
494.6706151909784
 30
0.0
 40
2.049999999999999
  0
CIRCLE
  5
293
330
17
100
AcDbEntity
  8
CUT
  6
Continuous
 62
3
 48
25.4
100
AcDbCircle
 10
451.9361026283919
 20
494.6706151909784
 30
0.0
 40
2.049999999999999
  0
CIRCLE
  5
294
330
17
100
AcDbEntity
  8
CUT
  6
Continuous
 62
3
 48
25.4
100
AcDbCircle
 10
431.9361026283919
 20
494.6706151909784
 30
0.0
 40
2.049999999999999
  0
LINE
  5
295
330
17
100
AcDbEntity
  8
CUT
  6
Continuous
 62
3
 48
25.4
100
AcDbLine
 10
525.1161026283919
 20
11.58145607637843
 30
0.0
 11
11.93610262839195
 21
11.58145607637843
 31
0.0
  0
CIRCLE
  5
296
330
17
100
AcDbEntity
  8
CUT
  6
Continuous
 62
3
 48
25.4
100
AcDbCircle
 10
38.48362257839187
 20
587.9131376099783
 30
0.0
 40
2.049999999999999
  0
CIRCLE
  5
297
330
17
100
AcDbEntity
  8
CUT
  6
Continuous
 62
3
 48
25.4
100
AcDbCircle
 10
154.373813987792
 20
573.5285606092784
 30
0.0
 40
2.049999999999999
  0
CIRCLE
  5
298
330
17
100
AcDbEntity
  8
CUT
  6
Continuous
 62
3
 48
25.4
100
AcDbCircle
 10
270.2640053971919
 20
559.1439836085784
 30
0.0
 40
2.049999999999999
  0
CIRCLE
  5
299
330
17
100
AcDbEntity
  8
CUT
  6
Continuous
 62
3
 48
25.4
100
AcDbCircle
 10
386.1541968064919
 20
544.7594066077785
 30
0.0
 40
2.049999999999999
  0
CIRCLE
  5
29A
330
17
100
AcDbEntity
  8
CUT
  6
Continuous
 62
3
 48
25.4
100
AcDbCircle
 10
502.0443882158919
 20
530.3748296070784
 30
0.0
 40
2.049999999999999
  0
CIRCLE
  5
29B
330
17
100
AcDbEntity
  8
CUT
  6
Continuous
 62
3
 48
25.4
100
AcDbCircle
 10
36.93610262839189
 20
21.58145607637843
 30
0.0
 40
2.049999999999999
  0
CIRCLE
  5
29C
330
17
100
AcDbEntity
  8
CUT
  6
Continuous
 62
3
 48
25.4
100
AcDbCircle
 10
152.7311026283919
 20
21.58145607637843
 30
0.0
 40
2.049999999999999
  0
CIRCLE
  5
29D
330
17
100
AcDbEntity
  8
CUT
  6
Continuous
 62
3
 48
25.4
100
AcDbCircle
 10
268.5261026283919
 20
21.58145607637843
 30
0.0
 40
2.049999999999999
  0
CIRCLE
  5
29E
330
17
100
AcDbEntity
  8
CUT
  6
Continuous
 62
3
 48
25.4
100
AcDbCircle
 10
384.32110262839194
 20
21.58145607637843
 30
0.0
 40
2.049999999999999
  0
CIRCLE
  5
29F
330
17
100
AcDbEntity
  8
CUT
  6
Continuous
 62
3
 48
25.4
100
AcDbCircle
 10
500.1161026283919
 20
23.63145607637843
 30
0.0
 40
2.049999999999999
  0
LINE
  5
2A0
330
17
100
AcDbEntity
  8
CUT
 62
4
 48
25.4
100
AcDbLine
 10
531.3530833127112
 20
577.0559272425784
 30
0.0
 11
1044.5330833127111
 21
513.3587572280784
 31
0.0
  0
LINE
  5
2A1
330
17
100
AcDbEntity
  8
CUT
 62
4
 48
25.4
100
AcDbLine
 10
1044.5330833127111
 20
35.626035633678434
 30
0.0
 11
531.3530833127112
 21
35.626035633678434
 31
0.0
  0
LINE
  5
2A2
330
17
100
AcDbEntity
  8
CUT
  6
Continuous
 62
3
 48
25.4
100
AcDbLine
 10
531.3530833127112
 20
577.0559272425784
 30
0.0
 11
533.6989420640111
 21
595.9554763703783
 31
0.0
  0
LINE
  5
2A3
330
17
100
AcDbEntity
  8
CUT
  6
Continuous
 62
3
 48
25.4
100
AcDbLine
 10
533.6989420640111
 20
595.9554763703783
 30
0.0
 11
1046.8789420640112
 21
532.2583063557785
 31
0.0
  0
LINE
  5
2A4
330
17
100
AcDbEntity
  8
CUT
  6
Continuous
 62
3
 48
25.4
100
AcDbLine
 10
1046.8789420640112
 20
532.2583063557785
 30
0.0
 11
1044.5330833127111
 21
513.3587572280784
 31
0.0
  0
LINE
  5
2A5
330
17
100
AcDbEntity
  8
CUT
  6
Continuous
 62
3
 48
25.4
100
AcDbLine
 10
531.3530833127112
 20
11.58145607637843
 30
0.0
 11
531.3530833127112
 21
577.0559272425784
 31
0.0
  0
LINE
  5
2A6
330
17
100
AcDbEntity
  8
CUT
  6
Continuous
 62
3
 48
25.4
100
AcDbLine
 10
1044.5330833127111
 20
513.3587572279785
 30
0.0
 11
1044.5330833127111
 21
11.58145607637843
 31
0.0
  0
CIRCLE
  5
2A7
330
17
100
AcDbEntity
  8
CUT
  6
Continuous
 62
3
 48
25.4
100
AcDbCircle
 10
551.3530833127113
 20
54.67061519097843
 30
0.0
 40
2.049999999999999
  0
CIRCLE
  5
2A8
330
17
100
AcDbEntity
  8
CUT
  6
Continuous
 62
3
 48
25.4
100
AcDbCircle
 10
551.3530833127113
 20
74.67061519097842
 30
0.0
 40
2.049999999999999
  0
CIRCLE
  5
2A9
330
17
100
AcDbEntity
  8
CUT
  6
Continuous
 62
3
 48
25.4
100
AcDbCircle
 10
551.3530833127113
 20
94.67061519097842
 30
0.0
 40
2.049999999999999
  0
CIRCLE
  5
2AA
330
17
100
AcDbEntity
  8
CUT
  6
Continuous
 62
3
 48
25.4
100
AcDbCircle
 10
551.3530833127113
 20
114.67061519097842
 30
0.0
 40
2.049999999999999
  0
CIRCLE
  5
2AB
330
17
100
AcDbEntity
  8
CUT
  6
Continuous
 62
3
 48
25.4
100
AcDbCircle
 10
551.3530833127113
 20
134.67061519097842
 30
0.0
 40
2.049999999999999
  0
CIRCLE
  5
2AC
330
17
100
AcDbEntity
  8
CUT
  6
Continuous
 62
3
 48
25.4
100
AcDbCircle
 10
551.3530833127113
 20
154.67061519097842
 30
0.0
 40
2.049999999999999
  0
CIRCLE
  5
2AD
330
17
100
AcDbEntity
  8
CUT
  6
Continuous
 62
3
 48
25.4
100
AcDbCircle
 10
551.3530833127113
 20
174.67061519097842
 30
0.0
 40
2.049999999999999
  0
CIRCLE
  5
2AE
330
17
100
AcDbEntity
  8
CUT
  6
Continuous
 62
3
 48
25.4
100
AcDbCircle
 10
551.3530833127113
 20
194.67061519097842
 30
0.0
 40
2.049999999999999
  0
CIRCLE
  5
2AF
330
17
100
AcDbEntity
  8
CUT
  6
Continuous
 62
3
 48
25.4
100
AcDbCircle
 10
551.3530833127113
 20
214.67061519097842
 30
0.0
 40
2.049999999999999
  0
CIRCLE
  5
2B0
330
17
100
AcDbEntity
  8
CUT
  6
Continuous
 62
3
 48
25.4
100
AcDbCircle
 10
551.3530833127113
 20
234.67061519097842
 30
0.0
 40
2.049999999999999
  0
CIRCLE
  5
2B1
330
17
100
AcDbEntity
  8
CUT
  6
Continuous
 62
3
 48
25.4
100
AcDbCircle
 10
551.3530833127113
 20
254.67061519097842
 30
0.0
 40
2.049999999999999
  0
CIRCLE
  5
2B2
330
17
100
AcDbEntity
  8
CUT
  6
Continuous
 62
3
 48
25.4
100
AcDbCircle
 10
551.3530833127113
 20
274.6706151909784
 30
0.0
 40
2.049999999999999
  0
CIRCLE
  5
2B3
330
17
100
AcDbEntity
  8
CUT
  6
Continuous
 62
3
 48
25.4
100
AcDbCircle
 10
551.3530833127113
 20
294.6706151909784
 30
0.0
 40
2.049999999999999
  0
CIRCLE
  5
2B4
330
17
100
AcDbEntity
  8
CUT
  6
Continuous
 62
3
 48
25.4
100
AcDbCircle
 10
551.3530833127113
 20
314.6706151909784
 30
0.0
 40
2.049999999999999
  0
CIRCLE
  5
2B5
330
17
100
AcDbEntity
  8
CUT
  6
Continuous
 62
3
 48
25.4
100
AcDbCircle
 10
551.3530833127113
 20
334.6706151909784
 30
0.0
 40
2.049999999999999
  0
CIRCLE
  5
2B6
330
17
100
AcDbEntity
  8
CUT
  6
Continuous
 62
3
 48
25.4
100
AcDbCircle
 10
551.3530833127113
 20
354.6706151909784
 30
0.0
 40
2.049999999999999
  0
CIRCLE
  5
2B7
330
17
100
AcDbEntity
  8
CUT
  6
Continuous
 62
3
 48
25.4
100
AcDbCircle
 10
551.3530833127113
 20
374.6706151909784
 30
0.0
 40
2.049999999999999
  0
CIRCLE
  5
2B8
330
17
100
AcDbEntity
  8
CUT
  6
Continuous
 62
3
 48
25.4
100
AcDbCircle
 10
551.3530833127113
 20
394.6706151909784
 30
0.0
 40
2.049999999999999
  0
CIRCLE
  5
2B9
330
17
100
AcDbEntity
  8
CUT
  6
Continuous
 62
3
 48
25.4
100
AcDbCircle
 10
551.3530833127113
 20
414.6706151909784
 30
0.0
 40
2.049999999999999
  0
CIRCLE
  5
2BA
330
17
100
AcDbEntity
  8
CUT
  6
Continuous
 62
3
 48
25.4
100
AcDbCircle
 10
551.3530833127113
 20
434.6706151909784
 30
0.0
 40
2.049999999999999
  0
CIRCLE
  5
2BB
330
17
100
AcDbEntity
  8
CUT
  6
Continuous
 62
3
 48
25.4
100
AcDbCircle
 10
551.3530833127113
 20
454.6706151909784
 30
0.0
 40
2.049999999999999
  0
CIRCLE
  5
2BC
330
17
100
AcDbEntity
  8
CUT
  6
Continuous
 62
3
 48
25.4
100
AcDbCircle
 10
551.3530833127113
 20
474.6706151909784
 30
0.0
 40
2.049999999999999
  0
CIRCLE
  5
2BD
330
17
100
AcDbEntity
  8
CUT
  6
Continuous
 62
3
 48
25.4
100
AcDbCircle
 10
551.3530833127113
 20
494.6706151909784
 30
0.0
 40
2.049999999999999
  0
CIRCLE
  5
2BE
330
17
100
AcDbEntity
  8
CUT
  6
Continuous
 62
3
 48
25.4
100
AcDbCircle
 10
551.3530833127113
 20
514.6706151909784
 30
0.0
 40
2.049999999999999
  0
CIRCLE
  5
2BF
330
17
100
AcDbEntity
  8
CUT
  6
Continuous
 62
3
 48
25.4
100
AcDbCircle
 10
551.3530833127113
 20
534.6706151909784
 30
0.0
 40
2.049999999999999
  0
CIRCLE
  5
2C0
330
17
100
AcDbEntity
  8
CUT
  6
Continuous
 62
3
 48
25.4
100
AcDbCircle
 10
551.3530833127113
 20
554.6706151909784
 30
0.0
 40
2.049999999999999
  0
CIRCLE
  5
2C1
330
17
100
AcDbEntity
  8
CUT
  6
Continuous
 62
3
 48
25.4
100
AcDbCircle
 10
571.3530833127113
 20
554.6706151909784
 30
0.0
 40
2.049999999999999
  0
CIRCLE
  5
2C2
330
17
100
AcDbEntity
  8
CUT
  6
Continuous
 62
3
 48
25.4
100
AcDbCircle
 10
591.3530833127111
 20
554.6706151909784
 30
0.0
 40
2.049999999999999
  0
CIRCLE
  5
2C3
330
17
100
AcDbEntity
  8
CUT
  6
Continuous
 62
3
 48
25.4
100
AcDbCircle
 10
571.3530833127113
 20
534.6706151909784
 30
0.0
 40
2.049999999999999
  0
CIRCLE
  5
2C4
330
17
100
AcDbEntity
  8
CUT
  6
Continuous
 62
3
 48
25.4
100
AcDbCircle
 10
591.3530833127111
 20
534.6706151909784
 30
0.0
 40
2.049999999999999
  0
CIRCLE
  5
2C5
330
17
100
AcDbEntity
  8
CUT
  6
Continuous
 62
3
 48
25.4
100
AcDbCircle
 10
611.3530833127111
 20
534.6706151909784
 30
0.0
 40
2.049999999999999
  0
CIRCLE
  5
2C6
330
17
100
AcDbEntity
  8
CUT
  6
Continuous
 62
3
 48
25.4
100
AcDbCircle
 10
631.3530833127111
 20
534.6706151909784
 30
0.0
 40
2.049999999999999
  0
CIRCLE
  5
2C7
330
17
100
AcDbEntity
  8
CUT
  6
Continuous
 62
3
 48
25.4
100
AcDbCircle
 10
651.3530833127111
 20
534.6706151909784
 30
0.0
 40
2.049999999999999
  0
CIRCLE
  5
2C8
330
17
100
AcDbEntity
  8
CUT
  6
Continuous
 62
3
 48
25.4
100
AcDbCircle
 10
671.3530833127111
 20
534.6706151909784
 30
0.0
 40
2.049999999999999
  0
CIRCLE
  5
2C9
330
17
100
AcDbEntity
  8
CUT
  6
Continuous
 62
3
 48
25.4
100
AcDbCircle
 10
691.3530833127111
 20
534.6706151909784
 30
0.0
 40
2.049999999999999
  0
CIRCLE
  5
2CA
330
17
100
AcDbEntity
  8
CUT
  6
Continuous
 62
3
 48
25.4
100
AcDbCircle
 10
711.3530833127111
 20
534.6706151909784
 30
0.0
 40
2.049999999999999
  0
CIRCLE
  5
2CB
330
17
100
AcDbEntity
  8
CUT
  6
Continuous
 62
3
 48
25.4
100
AcDbCircle
 10
731.3530833127111
 20
534.6706151909784
 30
0.0
 40
2.049999999999999
  0
CIRCLE
  5
2CC
330
17
100
AcDbEntity
  8
CUT
  6
Continuous
 62
3
 48
25.4
100
AcDbCircle
 10
571.3530833127113
 20
514.6706151909784
 30
0.0
 40
2.049999999999999
  0
CIRCLE
  5
2CD
330
17
100
AcDbEntity
  8
CUT
  6
Continuous
 62
3
 48
25.4
100
AcDbCircle
 10
591.3530833127111
 20
514.6706151909784
 30
0.0
 40
2.049999999999999
  0
CIRCLE
  5
2CE
330
17
100
AcDbEntity
  8
CUT
  6
Continuous
 62
3
 48
25.4
100
AcDbCircle
 10
611.3530833127111
 20
514.6706151909784
 30
0.0
 40
2.049999999999999
  0
CIRCLE
  5
2CF
330
17
100
AcDbEntity
  8
CUT
  6
Continuous
 62
3
 48
25.4
100
AcDbCircle
 10
631.3530833127111
 20
514.6706151909784
 30
0.0
 40
2.049999999999999
  0
CIRCLE
  5
2D0
330
17
100
AcDbEntity
  8
CUT
  6
Continuous
 62
3
 48
25.4
100
AcDbCircle
 10
651.3530833127111
 20
514.6706151909784
 30
0.0
 40
2.049999999999999
  0
CIRCLE
  5
2D1
330
17
100
AcDbEntity
  8
CUT
  6
Continuous
 62
3
 48
25.4
100
AcDbCircle
 10
671.3530833127111
 20
514.6706151909784
 30
0.0
 40
2.049999999999999
  0
CIRCLE
  5
2D2
330
17
100
AcDbEntity
  8
CUT
  6
Continuous
 62
3
 48
25.4
100
AcDbCircle
 10
691.3530833127111
 20
514.6706151909784
 30
0.0
 40
2.049999999999999
  0
CIRCLE
  5
2D3
330
17
100
AcDbEntity
  8
CUT
  6
Continuous
 62
3
 48
25.4
100
AcDbCircle
 10
711.3530833127111
 20
514.6706151909784
 30
0.0
 40
2.049999999999999
  0
CIRCLE
  5
2D4
330
17
100
AcDbEntity
  8
CUT
  6
Continuous
 62
3
 48
25.4
100
AcDbCircle
 10
731.3530833127111
 20
514.6706151909784
 30
0.0
 40
2.049999999999999
  0
CIRCLE
  5
2D5
330
17
100
AcDbEntity
  8
CUT
  6
Continuous
 62
3
 48
25.4
100
AcDbCircle
 10
751.3530833127111
 20
514.6706151909784
 30
0.0
 40
2.049999999999999
  0
CIRCLE
  5
2D6
330
17
100
AcDbEntity
  8
CUT
  6
Continuous
 62
3
 48
25.4
100
AcDbCircle
 10
771.3530833127111
 20
514.6706151909784
 30
0.0
 40
2.049999999999999
  0
CIRCLE
  5
2D7
330
17
100
AcDbEntity
  8
CUT
  6
Continuous
 62
3
 48
25.4
100
AcDbCircle
 10
791.3530833127111
 20
514.6706151909784
 30
0.0
 40
2.049999999999999
  0
CIRCLE
  5
2D8
330
17
100
AcDbEntity
  8
CUT
  6
Continuous
 62
3
 48
25.4
100
AcDbCircle
 10
811.3530833127111
 20
514.6706151909784
 30
0.0
 40
2.049999999999999
  0
CIRCLE
  5
2D9
330
17
100
AcDbEntity
  8
CUT
  6
Continuous
 62
3
 48
25.4
100
AcDbCircle
 10
831.3530833127111
 20
514.6706151909784
 30
0.0
 40
2.049999999999999
  0
CIRCLE
  5
2DA
330
17
100
AcDbEntity
  8
CUT
  6
Continuous
 62
3
 48
25.4
100
AcDbCircle
 10
851.3530833127111
 20
514.6706151909784
 30
0.0
 40
2.049999999999999
  0
CIRCLE
  5
2DB
330
17
100
AcDbEntity
  8
CUT
  6
Continuous
 62
3
 48
25.4
100
AcDbCircle
 10
871.3530833127111
 20
514.6706151909784
 30
0.0
 40
2.049999999999999
  0
CIRCLE
  5
2DC
330
17
100
AcDbEntity
  8
CUT
  6
Continuous
 62
3
 48
25.4
100
AcDbCircle
 10
571.3530833127113
 20
54.67061519097843
 30
0.0
 40
2.049999999999999
  0
CIRCLE
  5
2DD
330
17
100
AcDbEntity
  8
CUT
  6
Continuous
 62
3
 48
25.4
100
AcDbCircle
 10
571.3530833127113
 20
74.67061519097842
 30
0.0
 40
2.049999999999999
  0
CIRCLE
  5
2DE
330
17
100
AcDbEntity
  8
CUT
  6
Continuous
 62
3
 48
25.4
100
AcDbCircle
 10
571.3530833127113
 20
94.67061519097842
 30
0.0
 40
2.049999999999999
  0
CIRCLE
  5
2DF
330
17
100
AcDbEntity
  8
CUT
  6
Continuous
 62
3
 48
25.4
100
AcDbCircle
 10
571.3530833127113
 20
114.67061519097842
 30
0.0
 40
2.049999999999999
  0
CIRCLE
  5
2E0
330
17
100
AcDbEntity
  8
CUT
  6
Continuous
 62
3
 48
25.4
100
AcDbCircle
 10
571.3530833127113
 20
134.67061519097842
 30
0.0
 40
2.049999999999999
  0
CIRCLE
  5
2E1
330
17
100
AcDbEntity
  8
CUT
  6
Continuous
 62
3
 48
25.4
100
AcDbCircle
 10
571.3530833127113
 20
154.67061519097842
 30
0.0
 40
2.049999999999999
  0
CIRCLE
  5
2E2
330
17
100
AcDbEntity
  8
CUT
  6
Continuous
 62
3
 48
25.4
100
AcDbCircle
 10
571.3530833127113
 20
174.67061519097842
 30
0.0
 40
2.049999999999999
  0
CIRCLE
  5
2E3
330
17
100
AcDbEntity
  8
CUT
  6
Continuous
 62
3
 48
25.4
100
AcDbCircle
 10
571.3530833127113
 20
194.67061519097842
 30
0.0
 40
2.049999999999999
  0
CIRCLE
  5
2E4
330
17
100
AcDbEntity
  8
CUT
  6
Continuous
 62
3
 48
25.4
100
AcDbCircle
 10
571.3530833127113
 20
214.67061519097842
 30
0.0
 40
2.049999999999999
  0
CIRCLE
  5
2E5
330
17
100
AcDbEntity
  8
CUT
  6
Continuous
 62
3
 48
25.4
100
AcDbCircle
 10
571.3530833127113
 20
234.67061519097842
 30
0.0
 40
2.049999999999999
  0
CIRCLE
  5
2E6
330
17
100
AcDbEntity
  8
CUT
  6
Continuous
 62
3
 48
25.4
100
AcDbCircle
 10
571.3530833127113
 20
254.67061519097842
 30
0.0
 40
2.049999999999999
  0
CIRCLE
  5
2E7
330
17
100
AcDbEntity
  8
CUT
  6
Continuous
 62
3
 48
25.4
100
AcDbCircle
 10
571.3530833127113
 20
274.6706151909784
 30
0.0
 40
2.049999999999999
  0
CIRCLE
  5
2E8
330
17
100
AcDbEntity
  8
CUT
  6
Continuous
 62
3
 48
25.4
100
AcDbCircle
 10
571.3530833127113
 20
294.6706151909784
 30
0.0
 40
2.049999999999999
  0
CIRCLE
  5
2E9
330
17
100
AcDbEntity
  8
CUT
  6
Continuous
 62
3
 48
25.4
100
AcDbCircle
 10
571.3530833127113
 20
314.6706151909784
 30
0.0
 40
2.049999999999999
  0
CIRCLE
  5
2EA
330
17
100
AcDbEntity
  8
CUT
  6
Continuous
 62
3
 48
25.4
100
AcDbCircle
 10
571.3530833127113
 20
334.6706151909784
 30
0.0
 40
2.049999999999999
  0
CIRCLE
  5
2EB
330
17
100
AcDbEntity
  8
CUT
  6
Continuous
 62
3
 48
25.4
100
AcDbCircle
 10
571.3530833127113
 20
354.6706151909784
 30
0.0
 40
2.049999999999999
  0
CIRCLE
  5
2EC
330
17
100
AcDbEntity
  8
CUT
  6
Continuous
 62
3
 48
25.4
100
AcDbCircle
 10
571.3530833127113
 20
374.6706151909784
 30
0.0
 40
2.049999999999999
  0
CIRCLE
  5
2ED
330
17
100
AcDbEntity
  8
CUT
  6
Continuous
 62
3
 48
25.4
100
AcDbCircle
 10
571.3530833127113
 20
394.6706151909784
 30
0.0
 40
2.049999999999999
  0
CIRCLE
  5
2EE
330
17
100
AcDbEntity
  8
CUT
  6
Continuous
 62
3
 48
25.4
100
AcDbCircle
 10
571.3530833127113
 20
414.6706151909784
 30
0.0
 40
2.049999999999999
  0
CIRCLE
  5
2EF
330
17
100
AcDbEntity
  8
CUT
  6
Continuous
 62
3
 48
25.4
100
AcDbCircle
 10
571.3530833127113
 20
434.6706151909784
 30
0.0
 40
2.049999999999999
  0
CIRCLE
  5
2F0
330
17
100
AcDbEntity
  8
CUT
  6
Continuous
 62
3
 48
25.4
100
AcDbCircle
 10
571.3530833127113
 20
454.6706151909784
 30
0.0
 40
2.049999999999999
  0
CIRCLE
  5
2F1
330
17
100
AcDbEntity
  8
CUT
  6
Continuous
 62
3
 48
25.4
100
AcDbCircle
 10
571.3530833127113
 20
474.6706151909784
 30
0.0
 40
2.049999999999999
  0
CIRCLE
  5
2F2
330
17
100
AcDbEntity
  8
CUT
  6
Continuous
 62
3
 48
25.4
100
AcDbCircle
 10
571.3530833127113
 20
494.6706151909784
 30
0.0
 40
2.049999999999999
  0
CIRCLE
  5
2F3
330
17
100
AcDbEntity
  8
CUT
  6
Continuous
 62
3
 48
25.4
100
AcDbCircle
 10
591.3530833127111
 20
494.6706151909784
 30
0.0
 40
2.049999999999999
  0
CIRCLE
  5
2F4
330
17
100
AcDbEntity
  8
CUT
  6
Continuous
 62
3
 48
25.4
100
AcDbCircle
 10
591.3530833127111
 20
474.6706151909784
 30
0.0
 40
2.049999999999999
  0
CIRCLE
  5
2F5
330
17
100
AcDbEntity
  8
CUT
  6
Continuous
 62
3
 48
25.4
100
AcDbCircle
 10
591.3530833127111
 20
454.6706151909784
 30
0.0
 40
2.049999999999999
  0
CIRCLE
  5
2F6
330
17
100
AcDbEntity
  8
CUT
  6
Continuous
 62
3
 48
25.4
100
AcDbCircle
 10
591.3530833127111
 20
434.6706151909784
 30
0.0
 40
2.049999999999999
  0
CIRCLE
  5
2F7
330
17
100
AcDbEntity
  8
CUT
  6
Continuous
 62
3
 48
25.4
100
AcDbCircle
 10
591.3530833127111
 20
414.6706151909784
 30
0.0
 40
2.049999999999999
  0
CIRCLE
  5
2F8
330
17
100
AcDbEntity
  8
CUT
  6
Continuous
 62
3
 48
25.4
100
AcDbCircle
 10
591.3530833127111
 20
394.6706151909784
 30
0.0
 40
2.049999999999999
  0
CIRCLE
  5
2F9
330
17
100
AcDbEntity
  8
CUT
  6
Continuous
 62
3
 48
25.4
100
AcDbCircle
 10
591.3530833127111
 20
374.6706151909784
 30
0.0
 40
2.049999999999999
  0
CIRCLE
  5
2FA
330
17
100
AcDbEntity
  8
CUT
  6
Continuous
 62
3
 48
25.4
100
AcDbCircle
 10
591.3530833127111
 20
354.6706151909784
 30
0.0
 40
2.049999999999999
  0
CIRCLE
  5
2FB
330
17
100
AcDbEntity
  8
CUT
  6
Continuous
 62
3
 48
25.4
100
AcDbCircle
 10
591.3530833127111
 20
334.6706151909784
 30
0.0
 40
2.049999999999999
  0
CIRCLE
  5
2FC
330
17
100
AcDbEntity
  8
CUT
  6
Continuous
 62
3
 48
25.4
100
AcDbCircle
 10
591.3530833127111
 20
314.6706151909784
 30
0.0
 40
2.049999999999999
  0
CIRCLE
  5
2FD
330
17
100
AcDbEntity
  8
CUT
  6
Continuous
 62
3
 48
25.4
100
AcDbCircle
 10
591.3530833127111
 20
294.6706151909784
 30
0.0
 40
2.049999999999999
  0
CIRCLE
  5
2FE
330
17
100
AcDbEntity
  8
CUT
  6
Continuous
 62
3
 48
25.4
100
AcDbCircle
 10
591.3530833127111
 20
274.6706151909784
 30
0.0
 40
2.049999999999999
  0
CIRCLE
  5
2FF
330
17
100
AcDbEntity
  8
CUT
  6
Continuous
 62
3
 48
25.4
100
AcDbCircle
 10
591.3530833127111
 20
234.67061519097842
 30
0.0
 40
2.049999999999999
  0
CIRCLE
  5
300
330
17
100
AcDbEntity
  8
CUT
  6
Continuous
 62
3
 48
25.4
100
AcDbCircle
 10
591.3530833127111
 20
214.67061519097842
 30
0.0
 40
2.049999999999999
  0
CIRCLE
  5
301
330
17
100
AcDbEntity
  8
CUT
  6
Continuous
 62
3
 48
25.4
100
AcDbCircle
 10
591.3530833127111
 20
194.67061519097842
 30
0.0
 40
2.049999999999999
  0
CIRCLE
  5
302
330
17
100
AcDbEntity
  8
CUT
  6
Continuous
 62
3
 48
25.4
100
AcDbCircle
 10
591.3530833127111
 20
174.67061519097842
 30
0.0
 40
2.049999999999999
  0
CIRCLE
  5
303
330
17
100
AcDbEntity
  8
CUT
  6
Continuous
 62
3
 48
25.4
100
AcDbCircle
 10
591.3530833127111
 20
154.67061519097842
 30
0.0
 40
2.049999999999999
  0
CIRCLE
  5
304
330
17
100
AcDbEntity
  8
CUT
  6
Continuous
 62
3
 48
25.4
100
AcDbCircle
 10
591.3530833127111
 20
134.67061519097842
 30
0.0
 40
2.049999999999999
  0
CIRCLE
  5
305
330
17
100
AcDbEntity
  8
CUT
  6
Continuous
 62
3
 48
25.4
100
AcDbCircle
 10
591.3530833127111
 20
114.67061519097842
 30
0.0
 40
2.049999999999999
  0
CIRCLE
  5
306
330
17
100
AcDbEntity
  8
CUT
  6
Continuous
 62
3
 48
25.4
100
AcDbCircle
 10
591.3530833127111
 20
94.67061519097842
 30
0.0
 40
2.049999999999999
  0
CIRCLE
  5
307
330
17
100
AcDbEntity
  8
CUT
  6
Continuous
 62
3
 48
25.4
100
AcDbCircle
 10
591.3530833127111
 20
74.67061519097842
 30
0.0
 40
2.049999999999999
  0
CIRCLE
  5
308
330
17
100
AcDbEntity
  8
CUT
  6
Continuous
 62
3
 48
25.4
100
AcDbCircle
 10
591.3530833127111
 20
54.67061519097843
 30
0.0
 40
2.049999999999999
  0
CIRCLE
  5
309
330
17
100
AcDbEntity
  8
CUT
  6
Continuous
 62
3
 48
25.4
100
AcDbCircle
 10
611.3530833127111
 20
54.67061519097843
 30
0.0
 40
2.049999999999999
  0
CIRCLE
  5
30A
330
17
100
AcDbEntity
  8
CUT
  6
Continuous
 62
3
 48
25.4
100
AcDbCircle
 10
611.3530833127111
 20
74.67061519097842
 30
0.0
 40
2.049999999999999
  0
CIRCLE
  5
30B
330
17
100
AcDbEntity
  8
CUT
  6
Continuous
 62
3
 48
25.4
100
AcDbCircle
 10
611.3530833127111
 20
94.67061519097842
 30
0.0
 40
2.049999999999999
  0
CIRCLE
  5
30C
330
17
100
AcDbEntity
  8
CUT
  6
Continuous
 62
3
 48
25.4
100
AcDbCircle
 10
611.3530833127111
 20
114.67061519097842
 30
0.0
 40
2.049999999999999
  0
CIRCLE
  5
30D
330
17
100
AcDbEntity
  8
CUT
  6
Continuous
 62
3
 48
25.4
100
AcDbCircle
 10
611.3530833127111
 20
134.67061519097842
 30
0.0
 40
2.049999999999999
  0
CIRCLE
  5
30E
330
17
100
AcDbEntity
  8
CUT
  6
Continuous
 62
3
 48
25.4
100
AcDbCircle
 10
611.3530833127111
 20
154.67061519097842
 30
0.0
 40
2.049999999999999
  0
CIRCLE
  5
30F
330
17
100
AcDbEntity
  8
CUT
  6
Continuous
 62
3
 48
25.4
100
AcDbCircle
 10
611.3530833127111
 20
174.67061519097842
 30
0.0
 40
2.049999999999999
  0
CIRCLE
  5
310
330
17
100
AcDbEntity
  8
CUT
  6
Continuous
 62
3
 48
25.4
100
AcDbCircle
 10
611.3530833127111
 20
194.67061519097842
 30
0.0
 40
2.049999999999999
  0
CIRCLE
  5
311
330
17
100
AcDbEntity
  8
CUT
  6
Continuous
 62
3
 48
25.4
100
AcDbCircle
 10
611.3530833127111
 20
214.67061519097842
 30
0.0
 40
2.049999999999999
  0
CIRCLE
  5
312
330
17
100
AcDbEntity
  8
CUT
  6
Continuous
 62
3
 48
25.4
100
AcDbCircle
 10
611.3530833127111
 20
234.67061519097842
 30
0.0
 40
2.049999999999999
  0
CIRCLE
  5
313
330
17
100
AcDbEntity
  8
CUT
  6
Continuous
 62
3
 48
25.4
100
AcDbCircle
 10
611.3530833127111
 20
254.67061519097842
 30
0.0
 40
2.049999999999999
  0
CIRCLE
  5
314
330
17
100
AcDbEntity
  8
CUT
  6
Continuous
 62
3
 48
25.4
100
AcDbCircle
 10
591.3530833127111
 20
254.67061519097842
 30
0.0
 40
2.049999999999999
  0
CIRCLE
  5
315
330
17
100
AcDbEntity
  8
CUT
  6
Continuous
 62
3
 48
25.4
100
AcDbCircle
 10
611.3530833127111
 20
274.6706151909784
 30
0.0
 40
2.049999999999999
  0
CIRCLE
  5
316
330
17
100
AcDbEntity
  8
CUT
  6
Continuous
 62
3
 48
25.4
100
AcDbCircle
 10
611.3530833127111
 20
294.6706151909784
 30
0.0
 40
2.049999999999999
  0
CIRCLE
  5
317
330
17
100
AcDbEntity
  8
CUT
  6
Continuous
 62
3
 48
25.4
100
AcDbCircle
 10
611.3530833127111
 20
314.6706151909784
 30
0.0
 40
2.049999999999999
  0
CIRCLE
  5
318
330
17
100
AcDbEntity
  8
CUT
  6
Continuous
 62
3
 48
25.4
100
AcDbCircle
 10
611.3530833127111
 20
334.6706151909784
 30
0.0
 40
2.049999999999999
  0
CIRCLE
  5
319
330
17
100
AcDbEntity
  8
CUT
  6
Continuous
 62
3
 48
25.4
100
AcDbCircle
 10
611.3530833127111
 20
354.6706151909784
 30
0.0
 40
2.049999999999999
  0
CIRCLE
  5
31A
330
17
100
AcDbEntity
  8
CUT
  6
Continuous
 62
3
 48
25.4
100
AcDbCircle
 10
611.3530833127111
 20
374.6706151909784
 30
0.0
 40
2.049999999999999
  0
CIRCLE
  5
31B
330
17
100
AcDbEntity
  8
CUT
  6
Continuous
 62
3
 48
25.4
100
AcDbCircle
 10
611.3530833127111
 20
394.6706151909784
 30
0.0
 40
2.049999999999999
  0
CIRCLE
  5
31C
330
17
100
AcDbEntity
  8
CUT
  6
Continuous
 62
3
 48
25.4
100
AcDbCircle
 10
611.3530833127111
 20
414.6706151909784
 30
0.0
 40
2.049999999999999
  0
CIRCLE
  5
31D
330
17
100
AcDbEntity
  8
CUT
  6
Continuous
 62
3
 48
25.4
100
AcDbCircle
 10
611.3530833127111
 20
434.6706151909784
 30
0.0
 40
2.049999999999999
  0
CIRCLE
  5
31E
330
17
100
AcDbEntity
  8
CUT
  6
Continuous
 62
3
 48
25.4
100
AcDbCircle
 10
611.3530833127111
 20
454.6706151909784
 30
0.0
 40
2.049999999999999
  0
CIRCLE
  5
31F
330
17
100
AcDbEntity
  8
CUT
  6
Continuous
 62
3
 48
25.4
100
AcDbCircle
 10
611.3530833127111
 20
474.6706151909784
 30
0.0
 40
2.049999999999999
  0
CIRCLE
  5
320
330
17
100
AcDbEntity
  8
CUT
  6
Continuous
 62
3
 48
25.4
100
AcDbCircle
 10
611.3530833127111
 20
494.6706151909784
 30
0.0
 40
2.049999999999999
  0
CIRCLE
  5
321
330
17
100
AcDbEntity
  8
CUT
  6
Continuous
 62
3
 48
25.4
100
AcDbCircle
 10
631.3530833127111
 20
494.6706151909784
 30
0.0
 40
2.049999999999999
  0
CIRCLE
  5
322
330
17
100
AcDbEntity
  8
CUT
  6
Continuous
 62
3
 48
25.4
100
AcDbCircle
 10
631.3530833127111
 20
474.6706151909784
 30
0.0
 40
2.049999999999999
  0
CIRCLE
  5
323
330
17
100
AcDbEntity
  8
CUT
  6
Continuous
 62
3
 48
25.4
100
AcDbCircle
 10
631.3530833127111
 20
454.6706151909784
 30
0.0
 40
2.049999999999999
  0
CIRCLE
  5
324
330
17
100
AcDbEntity
  8
CUT
  6
Continuous
 62
3
 48
25.4
100
AcDbCircle
 10
631.3530833127111
 20
434.6706151909784
 30
0.0
 40
2.049999999999999
  0
CIRCLE
  5
325
330
17
100
AcDbEntity
  8
CUT
  6
Continuous
 62
3
 48
25.4
100
AcDbCircle
 10
631.3530833127111
 20
414.6706151909784
 30
0.0
 40
2.049999999999999
  0
CIRCLE
  5
326
330
17
100
AcDbEntity
  8
CUT
  6
Continuous
 62
3
 48
25.4
100
AcDbCircle
 10
631.3530833127111
 20
394.6706151909784
 30
0.0
 40
2.049999999999999
  0
CIRCLE
  5
327
330
17
100
AcDbEntity
  8
CUT
  6
Continuous
 62
3
 48
25.4
100
AcDbCircle
 10
631.3530833127111
 20
374.6706151909784
 30
0.0
 40
2.049999999999999
  0
CIRCLE
  5
328
330
17
100
AcDbEntity
  8
CUT
  6
Continuous
 62
3
 48
25.4
100
AcDbCircle
 10
631.3530833127111
 20
354.6706151909784
 30
0.0
 40
2.049999999999999
  0
CIRCLE
  5
329
330
17
100
AcDbEntity
  8
CUT
  6
Continuous
 62
3
 48
25.4
100
AcDbCircle
 10
631.3530833127111
 20
334.6706151909784
 30
0.0
 40
2.049999999999999
  0
CIRCLE
  5
32A
330
17
100
AcDbEntity
  8
CUT
  6
Continuous
 62
3
 48
25.4
100
AcDbCircle
 10
631.3530833127111
 20
314.6706151909784
 30
0.0
 40
2.049999999999999
  0
CIRCLE
  5
32B
330
17
100
AcDbEntity
  8
CUT
  6
Continuous
 62
3
 48
25.4
100
AcDbCircle
 10
631.3530833127111
 20
294.6706151909784
 30
0.0
 40
2.049999999999999
  0
CIRCLE
  5
32C
330
17
100
AcDbEntity
  8
CUT
  6
Continuous
 62
3
 48
25.4
100
AcDbCircle
 10
631.3530833127111
 20
274.6706151909784
 30
0.0
 40
2.049999999999999
  0
CIRCLE
  5
32D
330
17
100
AcDbEntity
  8
CUT
  6
Continuous
 62
3
 48
25.4
100
AcDbCircle
 10
651.3530833127111
 20
274.6706151909784
 30
0.0
 40
2.049999999999999
  0
CIRCLE
  5
32E
330
17
100
AcDbEntity
  8
CUT
  6
Continuous
 62
3
 48
25.4
100
AcDbCircle
 10
651.3530833127111
 20
294.6706151909784
 30
0.0
 40
2.049999999999999
  0
CIRCLE
  5
32F
330
17
100
AcDbEntity
  8
CUT
  6
Continuous
 62
3
 48
25.4
100
AcDbCircle
 10
651.3530833127111
 20
314.6706151909784
 30
0.0
 40
2.049999999999999
  0
CIRCLE
  5
330
330
17
100
AcDbEntity
  8
CUT
  6
Continuous
 62
3
 48
25.4
100
AcDbCircle
 10
651.3530833127111
 20
334.6706151909784
 30
0.0
 40
2.049999999999999
  0
CIRCLE
  5
331
330
17
100
AcDbEntity
  8
CUT
  6
Continuous
 62
3
 48
25.4
100
AcDbCircle
 10
651.3530833127111
 20
354.6706151909784
 30
0.0
 40
2.049999999999999
  0
CIRCLE
  5
332
330
17
100
AcDbEntity
  8
CUT
  6
Continuous
 62
3
 48
25.4
100
AcDbCircle
 10
651.3530833127111
 20
374.6706151909784
 30
0.0
 40
2.049999999999999
  0
CIRCLE
  5
333
330
17
100
AcDbEntity
  8
CUT
  6
Continuous
 62
3
 48
25.4
100
AcDbCircle
 10
651.3530833127111
 20
394.6706151909784
 30
0.0
 40
2.049999999999999
  0
CIRCLE
  5
334
330
17
100
AcDbEntity
  8
CUT
  6
Continuous
 62
3
 48
25.4
100
AcDbCircle
 10
651.3530833127111
 20
414.6706151909784
 30
0.0
 40
2.049999999999999
  0
CIRCLE
  5
335
330
17
100
AcDbEntity
  8
CUT
  6
Continuous
 62
3
 48
25.4
100
AcDbCircle
 10
651.3530833127111
 20
434.6706151909784
 30
0.0
 40
2.049999999999999
  0
CIRCLE
  5
336
330
17
100
AcDbEntity
  8
CUT
  6
Continuous
 62
3
 48
25.4
100
AcDbCircle
 10
651.3530833127111
 20
454.6706151909784
 30
0.0
 40
2.049999999999999
  0
CIRCLE
  5
337
330
17
100
AcDbEntity
  8
CUT
  6
Continuous
 62
3
 48
25.4
100
AcDbCircle
 10
651.3530833127111
 20
474.6706151909784
 30
0.0
 40
2.049999999999999
  0
CIRCLE
  5
338
330
17
100
AcDbEntity
  8
CUT
  6
Continuous
 62
3
 48
25.4
100
AcDbCircle
 10
651.3530833127111
 20
494.6706151909784
 30
0.0
 40
2.049999999999999
  0
CIRCLE
  5
339
330
17
100
AcDbEntity
  8
CUT
  6
Continuous
 62
3
 48
25.4
100
AcDbCircle
 10
671.3530833127111
 20
494.6706151909784
 30
0.0
 40
2.049999999999999
  0
CIRCLE
  5
33A
330
17
100
AcDbEntity
  8
CUT
  6
Continuous
 62
3
 48
25.4
100
AcDbCircle
 10
671.3530833127111
 20
474.6706151909784
 30
0.0
 40
2.049999999999999
  0
CIRCLE
  5
33B
330
17
100
AcDbEntity
  8
CUT
  6
Continuous
 62
3
 48
25.4
100
AcDbCircle
 10
671.3530833127111
 20
454.6706151909784
 30
0.0
 40
2.049999999999999
  0
CIRCLE
  5
33C
330
17
100
AcDbEntity
  8
CUT
  6
Continuous
 62
3
 48
25.4
100
AcDbCircle
 10
671.3530833127111
 20
434.6706151909784
 30
0.0
 40
2.049999999999999
  0
CIRCLE
  5
33D
330
17
100
AcDbEntity
  8
CUT
  6
Continuous
 62
3
 48
25.4
100
AcDbCircle
 10
671.3530833127111
 20
414.6706151909784
 30
0.0
 40
2.049999999999999
  0
CIRCLE
  5
33E
330
17
100
AcDbEntity
  8
CUT
  6
Continuous
 62
3
 48
25.4
100
AcDbCircle
 10
671.3530833127111
 20
394.6706151909784
 30
0.0
 40
2.049999999999999
  0
CIRCLE
  5
33F
330
17
100
AcDbEntity
  8
CUT
  6
Continuous
 62
3
 48
25.4
100
AcDbCircle
 10
671.3530833127111
 20
374.6706151909784
 30
0.0
 40
2.049999999999999
  0
CIRCLE
  5
340
330
17
100
AcDbEntity
  8
CUT
  6
Continuous
 62
3
 48
25.4
100
AcDbCircle
 10
671.3530833127111
 20
354.6706151909784
 30
0.0
 40
2.049999999999999
  0
CIRCLE
  5
341
330
17
100
AcDbEntity
  8
CUT
  6
Continuous
 62
3
 48
25.4
100
AcDbCircle
 10
671.3530833127111
 20
334.6706151909784
 30
0.0
 40
2.049999999999999
  0
CIRCLE
  5
342
330
17
100
AcDbEntity
  8
CUT
  6
Continuous
 62
3
 48
25.4
100
AcDbCircle
 10
671.3530833127111
 20
314.6706151909784
 30
0.0
 40
2.049999999999999
  0
CIRCLE
  5
343
330
17
100
AcDbEntity
  8
CUT
  6
Continuous
 62
3
 48
25.4
100
AcDbCircle
 10
671.3530833127111
 20
294.6706151909784
 30
0.0
 40
2.049999999999999
  0
CIRCLE
  5
344
330
17
100
AcDbEntity
  8
CUT
  6
Continuous
 62
3
 48
25.4
100
AcDbCircle
 10
671.3530833127111
 20
274.6706151909784
 30
0.0
 40
2.049999999999999
  0
CIRCLE
  5
345
330
17
100
AcDbEntity
  8
CUT
  6
Continuous
 62
3
 48
25.4
100
AcDbCircle
 10
691.3530833127111
 20
274.6706151909784
 30
0.0
 40
2.049999999999999
  0
CIRCLE
  5
346
330
17
100
AcDbEntity
  8
CUT
  6
Continuous
 62
3
 48
25.4
100
AcDbCircle
 10
691.3530833127111
 20
294.6706151909784
 30
0.0
 40
2.049999999999999
  0
CIRCLE
  5
347
330
17
100
AcDbEntity
  8
CUT
  6
Continuous
 62
3
 48
25.4
100
AcDbCircle
 10
691.3530833127111
 20
314.6706151909784
 30
0.0
 40
2.049999999999999
  0
CIRCLE
  5
348
330
17
100
AcDbEntity
  8
CUT
  6
Continuous
 62
3
 48
25.4
100
AcDbCircle
 10
691.3530833127111
 20
334.6706151909784
 30
0.0
 40
2.049999999999999
  0
CIRCLE
  5
349
330
17
100
AcDbEntity
  8
CUT
  6
Continuous
 62
3
 48
25.4
100
AcDbCircle
 10
691.3530833127111
 20
374.6706151909784
 30
0.0
 40
2.049999999999999
  0
CIRCLE
  5
34A
330
17
100
AcDbEntity
  8
CUT
  6
Continuous
 62
3
 48
25.4
100
AcDbCircle
 10
691.3530833127111
 20
394.6706151909784
 30
0.0
 40
2.049999999999999
  0
CIRCLE
  5
34B
330
17
100
AcDbEntity
  8
CUT
  6
Continuous
 62
3
 48
25.4
100
AcDbCircle
 10
691.3530833127111
 20
414.6706151909784
 30
0.0
 40
2.049999999999999
  0
CIRCLE
  5
34C
330
17
100
AcDbEntity
  8
CUT
  6
Continuous
 62
3
 48
25.4
100
AcDbCircle
 10
691.3530833127111
 20
434.6706151909784
 30
0.0
 40
2.049999999999999
  0
CIRCLE
  5
34D
330
17
100
AcDbEntity
  8
CUT
  6
Continuous
 62
3
 48
25.4
100
AcDbCircle
 10
691.3530833127111
 20
454.6706151909784
 30
0.0
 40
2.049999999999999
  0
CIRCLE
  5
34E
330
17
100
AcDbEntity
  8
CUT
  6
Continuous
 62
3
 48
25.4
100
AcDbCircle
 10
691.3530833127111
 20
474.6706151909784
 30
0.0
 40
2.049999999999999
  0
CIRCLE
  5
34F
330
17
100
AcDbEntity
  8
CUT
  6
Continuous
 62
3
 48
25.4
100
AcDbCircle
 10
691.3530833127111
 20
494.6706151909784
 30
0.0
 40
2.049999999999999
  0
CIRCLE
  5
350
330
17
100
AcDbEntity
  8
CUT
  6
Continuous
 62
3
 48
25.4
100
AcDbCircle
 10
691.3530833127111
 20
354.6706151909784
 30
0.0
 40
2.049999999999999
  0
CIRCLE
  5
351
330
17
100
AcDbEntity
  8
CUT
  6
Continuous
 62
3
 48
25.4
100
AcDbCircle
 10
711.3530833127111
 20
274.6706151909784
 30
0.0
 40
2.049999999999999
  0
CIRCLE
  5
352
330
17
100
AcDbEntity
  8
CUT
  6
Continuous
 62
3
 48
25.4
100
AcDbCircle
 10
711.3530833127111
 20
294.6706151909784
 30
0.0
 40
2.049999999999999
  0
CIRCLE
  5
353
330
17
100
AcDbEntity
  8
CUT
  6
Continuous
 62
3
 48
25.4
100
AcDbCircle
 10
711.3530833127111
 20
314.6706151909784
 30
0.0
 40
2.049999999999999
  0
CIRCLE
  5
354
330
17
100
AcDbEntity
  8
CUT
  6
Continuous
 62
3
 48
25.4
100
AcDbCircle
 10
711.3530833127111
 20
334.6706151909784
 30
0.0
 40
2.049999999999999
  0
CIRCLE
  5
355
330
17
100
AcDbEntity
  8
CUT
  6
Continuous
 62
3
 48
25.4
100
AcDbCircle
 10
711.3530833127111
 20
354.6706151909784
 30
0.0
 40
2.049999999999999
  0
CIRCLE
  5
356
330
17
100
AcDbEntity
  8
CUT
  6
Continuous
 62
3
 48
25.4
100
AcDbCircle
 10
711.3530833127111
 20
374.6706151909784
 30
0.0
 40
2.049999999999999
  0
CIRCLE
  5
357
330
17
100
AcDbEntity
  8
CUT
  6
Continuous
 62
3
 48
25.4
100
AcDbCircle
 10
711.3530833127111
 20
394.6706151909784
 30
0.0
 40
2.049999999999999
  0
CIRCLE
  5
358
330
17
100
AcDbEntity
  8
CUT
  6
Continuous
 62
3
 48
25.4
100
AcDbCircle
 10
711.3530833127111
 20
414.6706151909784
 30
0.0
 40
2.049999999999999
  0
CIRCLE
  5
359
330
17
100
AcDbEntity
  8
CUT
  6
Continuous
 62
3
 48
25.4
100
AcDbCircle
 10
711.3530833127111
 20
434.6706151909784
 30
0.0
 40
2.049999999999999
  0
CIRCLE
  5
35A
330
17
100
AcDbEntity
  8
CUT
  6
Continuous
 62
3
 48
25.4
100
AcDbCircle
 10
711.3530833127111
 20
454.6706151909784
 30
0.0
 40
2.049999999999999
  0
CIRCLE
  5
35B
330
17
100
AcDbEntity
  8
CUT
  6
Continuous
 62
3
 48
25.4
100
AcDbCircle
 10
711.3530833127111
 20
474.6706151909784
 30
0.0
 40
2.049999999999999
  0
CIRCLE
  5
35C
330
17
100
AcDbEntity
  8
CUT
  6
Continuous
 62
3
 48
25.4
100
AcDbCircle
 10
711.3530833127111
 20
494.6706151909784
 30
0.0
 40
2.049999999999999
  0
CIRCLE
  5
35D
330
17
100
AcDbEntity
  8
CUT
  6
Continuous
 62
3
 48
25.4
100
AcDbCircle
 10
731.3530833127111
 20
494.6706151909784
 30
0.0
 40
2.049999999999999
  0
CIRCLE
  5
35E
330
17
100
AcDbEntity
  8
CUT
  6
Continuous
 62
3
 48
25.4
100
AcDbCircle
 10
731.3530833127111
 20
474.6706151909784
 30
0.0
 40
2.049999999999999
  0
CIRCLE
  5
35F
330
17
100
AcDbEntity
  8
CUT
  6
Continuous
 62
3
 48
25.4
100
AcDbCircle
 10
731.3530833127111
 20
454.6706151909784
 30
0.0
 40
2.049999999999999
  0
CIRCLE
  5
360
330
17
100
AcDbEntity
  8
CUT
  6
Continuous
 62
3
 48
25.4
100
AcDbCircle
 10
731.3530833127111
 20
414.6706151909784
 30
0.0
 40
2.049999999999999
  0
CIRCLE
  5
361
330
17
100
AcDbEntity
  8
CUT
  6
Continuous
 62
3
 48
25.4
100
AcDbCircle
 10
731.3530833127111
 20
394.6706151909784
 30
0.0
 40
2.049999999999999
  0
CIRCLE
  5
362
330
17
100
AcDbEntity
  8
CUT
  6
Continuous
 62
3
 48
25.4
100
AcDbCircle
 10
731.3530833127111
 20
374.6706151909784
 30
0.0
 40
2.049999999999999
  0
CIRCLE
  5
363
330
17
100
AcDbEntity
  8
CUT
  6
Continuous
 62
3
 48
25.4
100
AcDbCircle
 10
731.3530833127111
 20
354.6706151909784
 30
0.0
 40
2.049999999999999
  0
CIRCLE
  5
364
330
17
100
AcDbEntity
  8
CUT
  6
Continuous
 62
3
 48
25.4
100
AcDbCircle
 10
731.3530833127111
 20
334.6706151909784
 30
0.0
 40
2.049999999999999
  0
CIRCLE
  5
365
330
17
100
AcDbEntity
  8
CUT
  6
Continuous
 62
3
 48
25.4
100
AcDbCircle
 10
731.3530833127111
 20
314.6706151909784
 30
0.0
 40
2.049999999999999
  0
CIRCLE
  5
366
330
17
100
AcDbEntity
  8
CUT
  6
Continuous
 62
3
 48
25.4
100
AcDbCircle
 10
731.3530833127111
 20
294.6706151909784
 30
0.0
 40
2.049999999999999
  0
CIRCLE
  5
367
330
17
100
AcDbEntity
  8
CUT
  6
Continuous
 62
3
 48
25.4
100
AcDbCircle
 10
731.3530833127111
 20
274.6706151909784
 30
0.0
 40
2.049999999999999
  0
CIRCLE
  5
368
330
17
100
AcDbEntity
  8
CUT
  6
Continuous
 62
3
 48
25.4
100
AcDbCircle
 10
731.3530833127111
 20
434.6706151909784
 30
0.0
 40
2.049999999999999
  0
CIRCLE
  5
369
330
17
100
AcDbEntity
  8
CUT
  6
Continuous
 62
3
 48
25.4
100
AcDbCircle
 10
631.3530833127111
 20
54.67061519097843
 30
0.0
 40
2.049999999999999
  0
CIRCLE
  5
36A
330
17
100
AcDbEntity
  8
CUT
  6
Continuous
 62
3
 48
25.4
100
AcDbCircle
 10
631.3530833127111
 20
74.67061519097842
 30
0.0
 40
2.049999999999999
  0
CIRCLE
  5
36B
330
17
100
AcDbEntity
  8
CUT
  6
Continuous
 62
3
 48
25.4
100
AcDbCircle
 10
631.3530833127111
 20
94.67061519097842
 30
0.0
 40
2.049999999999999
  0
CIRCLE
  5
36C
330
17
100
AcDbEntity
  8
CUT
  6
Continuous
 62
3
 48
25.4
100
AcDbCircle
 10
631.3530833127111
 20
114.67061519097842
 30
0.0
 40
2.049999999999999
  0
CIRCLE
  5
36D
330
17
100
AcDbEntity
  8
CUT
  6
Continuous
 62
3
 48
25.4
100
AcDbCircle
 10
631.3530833127111
 20
134.67061519097842
 30
0.0
 40
2.049999999999999
  0
CIRCLE
  5
36E
330
17
100
AcDbEntity
  8
CUT
  6
Continuous
 62
3
 48
25.4
100
AcDbCircle
 10
631.3530833127111
 20
154.67061519097842
 30
0.0
 40
2.049999999999999
  0
CIRCLE
  5
36F
330
17
100
AcDbEntity
  8
CUT
  6
Continuous
 62
3
 48
25.4
100
AcDbCircle
 10
631.3530833127111
 20
174.67061519097842
 30
0.0
 40
2.049999999999999
  0
CIRCLE
  5
370
330
17
100
AcDbEntity
  8
CUT
  6
Continuous
 62
3
 48
25.4
100
AcDbCircle
 10
631.3530833127111
 20
194.67061519097842
 30
0.0
 40
2.049999999999999
  0
CIRCLE
  5
371
330
17
100
AcDbEntity
  8
CUT
  6
Continuous
 62
3
 48
25.4
100
AcDbCircle
 10
631.3530833127111
 20
214.67061519097842
 30
0.0
 40
2.049999999999999
  0
CIRCLE
  5
372
330
17
100
AcDbEntity
  8
CUT
  6
Continuous
 62
3
 48
25.4
100
AcDbCircle
 10
631.3530833127111
 20
234.67061519097842
 30
0.0
 40
2.049999999999999
  0
CIRCLE
  5
373
330
17
100
AcDbEntity
  8
CUT
  6
Continuous
 62
3
 48
25.4
100
AcDbCircle
 10
631.3530833127111
 20
254.67061519097842
 30
0.0
 40
2.049999999999999
  0
CIRCLE
  5
374
330
17
100
AcDbEntity
  8
CUT
  6
Continuous
 62
3
 48
25.4
100
AcDbCircle
 10
651.3530833127111
 20
254.67061519097842
 30
0.0
 40
2.049999999999999
  0
CIRCLE
  5
375
330
17
100
AcDbEntity
  8
CUT
  6
Continuous
 62
3
 48
25.4
100
AcDbCircle
 10
671.3530833127111
 20
254.67061519097842
 30
0.0
 40
2.049999999999999
  0
CIRCLE
  5
376
330
17
100
AcDbEntity
  8
CUT
  6
Continuous
 62
3
 48
25.4
100
AcDbCircle
 10
691.3530833127111
 20
254.67061519097842
 30
0.0
 40
2.049999999999999
  0
CIRCLE
  5
377
330
17
100
AcDbEntity
  8
CUT
  6
Continuous
 62
3
 48
25.4
100
AcDbCircle
 10
711.3530833127111
 20
254.67061519097842
 30
0.0
 40
2.049999999999999
  0
CIRCLE
  5
378
330
17
100
AcDbEntity
  8
CUT
  6
Continuous
 62
3
 48
25.4
100
AcDbCircle
 10
731.3530833127111
 20
254.67061519097842
 30
0.0
 40
2.049999999999999
  0
CIRCLE
  5
379
330
17
100
AcDbEntity
  8
CUT
  6
Continuous
 62
3
 48
25.4
100
AcDbCircle
 10
751.3530833127111
 20
254.67061519097842
 30
0.0
 40
2.049999999999999
  0
CIRCLE
  5
37A
330
17
100
AcDbEntity
  8
CUT
  6
Continuous
 62
3
 48
25.4
100
AcDbCircle
 10
771.3530833127111
 20
254.67061519097842
 30
0.0
 40
2.049999999999999
  0
CIRCLE
  5
37B
330
17
100
AcDbEntity
  8
CUT
  6
Continuous
 62
3
 48
25.4
100
AcDbCircle
 10
771.3530833127111
 20
234.67061519097842
 30
0.0
 40
2.049999999999999
  0
CIRCLE
  5
37C
330
17
100
AcDbEntity
  8
CUT
  6
Continuous
 62
3
 48
25.4
100
AcDbCircle
 10
751.3530833127111
 20
234.67061519097842
 30
0.0
 40
2.049999999999999
  0
CIRCLE
  5
37D
330
17
100
AcDbEntity
  8
CUT
  6
Continuous
 62
3
 48
25.4
100
AcDbCircle
 10
731.3530833127111
 20
234.67061519097842
 30
0.0
 40
2.049999999999999
  0
CIRCLE
  5
37E
330
17
100
AcDbEntity
  8
CUT
  6
Continuous
 62
3
 48
25.4
100
AcDbCircle
 10
711.3530833127111
 20
234.67061519097842
 30
0.0
 40
2.049999999999999
  0
CIRCLE
  5
37F
330
17
100
AcDbEntity
  8
CUT
  6
Continuous
 62
3
 48
25.4
100
AcDbCircle
 10
691.3530833127111
 20
234.67061519097842
 30
0.0
 40
2.049999999999999
  0
CIRCLE
  5
380
330
17
100
AcDbEntity
  8
CUT
  6
Continuous
 62
3
 48
25.4
100
AcDbCircle
 10
671.3530833127111
 20
234.67061519097842
 30
0.0
 40
2.049999999999999
  0
CIRCLE
  5
381
330
17
100
AcDbEntity
  8
CUT
  6
Continuous
 62
3
 48
25.4
100
AcDbCircle
 10
651.3530833127111
 20
234.67061519097842
 30
0.0
 40
2.049999999999999
  0
CIRCLE
  5
382
330
17
100
AcDbEntity
  8
CUT
  6
Continuous
 62
3
 48
25.4
100
AcDbCircle
 10
651.3530833127111
 20
214.67061519097842
 30
0.0
 40
2.049999999999999
  0
CIRCLE
  5
383
330
17
100
AcDbEntity
  8
CUT
  6
Continuous
 62
3
 48
25.4
100
AcDbCircle
 10
671.3530833127111
 20
214.67061519097842
 30
0.0
 40
2.049999999999999
  0
CIRCLE
  5
384
330
17
100
AcDbEntity
  8
CUT
  6
Continuous
 62
3
 48
25.4
100
AcDbCircle
 10
691.3530833127111
 20
214.67061519097842
 30
0.0
 40
2.049999999999999
  0
CIRCLE
  5
385
330
17
100
AcDbEntity
  8
CUT
  6
Continuous
 62
3
 48
25.4
100
AcDbCircle
 10
711.3530833127111
 20
214.67061519097842
 30
0.0
 40
2.049999999999999
  0
CIRCLE
  5
386
330
17
100
AcDbEntity
  8
CUT
  6
Continuous
 62
3
 48
25.4
100
AcDbCircle
 10
731.3530833127111
 20
214.67061519097842
 30
0.0
 40
2.049999999999999
  0
CIRCLE
  5
387
330
17
100
AcDbEntity
  8
CUT
  6
Continuous
 62
3
 48
25.4
100
AcDbCircle
 10
751.3530833127111
 20
214.67061519097842
 30
0.0
 40
2.049999999999999
  0
CIRCLE
  5
388
330
17
100
AcDbEntity
  8
CUT
  6
Continuous
 62
3
 48
25.4
100
AcDbCircle
 10
771.3530833127111
 20
214.67061519097842
 30
0.0
 40
2.049999999999999
  0
CIRCLE
  5
389
330
17
100
AcDbEntity
  8
CUT
  6
Continuous
 62
3
 48
25.4
100
AcDbCircle
 10
771.3530833127111
 20
194.67061519097842
 30
0.0
 40
2.049999999999999
  0
CIRCLE
  5
38A
330
17
100
AcDbEntity
  8
CUT
  6
Continuous
 62
3
 48
25.4
100
AcDbCircle
 10
751.3530833127111
 20
194.67061519097842
 30
0.0
 40
2.049999999999999
  0
CIRCLE
  5
38B
330
17
100
AcDbEntity
  8
CUT
  6
Continuous
 62
3
 48
25.4
100
AcDbCircle
 10
731.3530833127111
 20
194.67061519097842
 30
0.0
 40
2.049999999999999
  0
CIRCLE
  5
38C
330
17
100
AcDbEntity
  8
CUT
  6
Continuous
 62
3
 48
25.4
100
AcDbCircle
 10
711.3530833127111
 20
194.67061519097842
 30
0.0
 40
2.049999999999999
  0
CIRCLE
  5
38D
330
17
100
AcDbEntity
  8
CUT
  6
Continuous
 62
3
 48
25.4
100
AcDbCircle
 10
691.3530833127111
 20
194.67061519097842
 30
0.0
 40
2.049999999999999
  0
CIRCLE
  5
38E
330
17
100
AcDbEntity
  8
CUT
  6
Continuous
 62
3
 48
25.4
100
AcDbCircle
 10
671.3530833127111
 20
194.67061519097842
 30
0.0
 40
2.049999999999999
  0
CIRCLE
  5
38F
330
17
100
AcDbEntity
  8
CUT
  6
Continuous
 62
3
 48
25.4
100
AcDbCircle
 10
651.3530833127111
 20
194.67061519097842
 30
0.0
 40
2.049999999999999
  0
CIRCLE
  5
390
330
17
100
AcDbEntity
  8
CUT
  6
Continuous
 62
3
 48
25.4
100
AcDbCircle
 10
651.3530833127111
 20
174.67061519097842
 30
0.0
 40
2.049999999999999
  0
CIRCLE
  5
391
330
17
100
AcDbEntity
  8
CUT
  6
Continuous
 62
3
 48
25.4
100
AcDbCircle
 10
671.3530833127111
 20
174.67061519097842
 30
0.0
 40
2.049999999999999
  0
CIRCLE
  5
392
330
17
100
AcDbEntity
  8
CUT
  6
Continuous
 62
3
 48
25.4
100
AcDbCircle
 10
691.3530833127111
 20
174.67061519097842
 30
0.0
 40
2.049999999999999
  0
CIRCLE
  5
393
330
17
100
AcDbEntity
  8
CUT
  6
Continuous
 62
3
 48
25.4
100
AcDbCircle
 10
711.3530833127111
 20
174.67061519097842
 30
0.0
 40
2.049999999999999
  0
CIRCLE
  5
394
330
17
100
AcDbEntity
  8
CUT
  6
Continuous
 62
3
 48
25.4
100
AcDbCircle
 10
731.3530833127111
 20
174.67061519097842
 30
0.0
 40
2.049999999999999
  0
CIRCLE
  5
395
330
17
100
AcDbEntity
  8
CUT
  6
Continuous
 62
3
 48
25.4
100
AcDbCircle
 10
751.3530833127111
 20
174.67061519097842
 30
0.0
 40
2.049999999999999
  0
CIRCLE
  5
396
330
17
100
AcDbEntity
  8
CUT
  6
Continuous
 62
3
 48
25.4
100
AcDbCircle
 10
771.3530833127111
 20
174.67061519097842
 30
0.0
 40
2.049999999999999
  0
CIRCLE
  5
397
330
17
100
AcDbEntity
  8
CUT
  6
Continuous
 62
3
 48
25.4
100
AcDbCircle
 10
771.3530833127111
 20
154.67061519097842
 30
0.0
 40
2.049999999999999
  0
CIRCLE
  5
398
330
17
100
AcDbEntity
  8
CUT
  6
Continuous
 62
3
 48
25.4
100
AcDbCircle
 10
751.3530833127111
 20
154.67061519097842
 30
0.0
 40
2.049999999999999
  0
CIRCLE
  5
399
330
17
100
AcDbEntity
  8
CUT
  6
Continuous
 62
3
 48
25.4
100
AcDbCircle
 10
731.3530833127111
 20
154.67061519097842
 30
0.0
 40
2.049999999999999
  0
CIRCLE
  5
39A
330
17
100
AcDbEntity
  8
CUT
  6
Continuous
 62
3
 48
25.4
100
AcDbCircle
 10
711.3530833127111
 20
154.67061519097842
 30
0.0
 40
2.049999999999999
  0
CIRCLE
  5
39B
330
17
100
AcDbEntity
  8
CUT
  6
Continuous
 62
3
 48
25.4
100
AcDbCircle
 10
691.3530833127111
 20
154.67061519097842
 30
0.0
 40
2.049999999999999
  0
CIRCLE
  5
39C
330
17
100
AcDbEntity
  8
CUT
  6
Continuous
 62
3
 48
25.4
100
AcDbCircle
 10
671.3530833127111
 20
154.67061519097842
 30
0.0
 40
2.049999999999999
  0
CIRCLE
  5
39D
330
17
100
AcDbEntity
  8
CUT
  6
Continuous
 62
3
 48
25.4
100
AcDbCircle
 10
651.3530833127111
 20
154.67061519097842
 30
0.0
 40
2.049999999999999
  0
CIRCLE
  5
39E
330
17
100
AcDbEntity
  8
CUT
  6
Continuous
 62
3
 48
25.4
100
AcDbCircle
 10
651.3530833127111
 20
134.67061519097842
 30
0.0
 40
2.049999999999999
  0
CIRCLE
  5
39F
330
17
100
AcDbEntity
  8
CUT
  6
Continuous
 62
3
 48
25.4
100
AcDbCircle
 10
671.3530833127111
 20
134.67061519097842
 30
0.0
 40
2.049999999999999
  0
CIRCLE
  5
3A0
330
17
100
AcDbEntity
  8
CUT
  6
Continuous
 62
3
 48
25.4
100
AcDbCircle
 10
691.3530833127111
 20
134.67061519097842
 30
0.0
 40
2.049999999999999
  0
CIRCLE
  5
3A1
330
17
100
AcDbEntity
  8
CUT
  6
Continuous
 62
3
 48
25.4
100
AcDbCircle
 10
711.3530833127111
 20
134.67061519097842
 30
0.0
 40
2.049999999999999
  0
CIRCLE
  5
3A2
330
17
100
AcDbEntity
  8
CUT
  6
Continuous
 62
3
 48
25.4
100
AcDbCircle
 10
731.3530833127111
 20
134.67061519097842
 30
0.0
 40
2.049999999999999
  0
CIRCLE
  5
3A3
330
17
100
AcDbEntity
  8
CUT
  6
Continuous
 62
3
 48
25.4
100
AcDbCircle
 10
751.3530833127111
 20
134.67061519097842
 30
0.0
 40
2.049999999999999
  0
CIRCLE
  5
3A4
330
17
100
AcDbEntity
  8
CUT
  6
Continuous
 62
3
 48
25.4
100
AcDbCircle
 10
771.3530833127111
 20
134.67061519097842
 30
0.0
 40
2.049999999999999
  0
CIRCLE
  5
3A5
330
17
100
AcDbEntity
  8
CUT
  6
Continuous
 62
3
 48
25.4
100
AcDbCircle
 10
771.3530833127111
 20
114.67061519097842
 30
0.0
 40
2.049999999999999
  0
CIRCLE
  5
3A6
330
17
100
AcDbEntity
  8
CUT
  6
Continuous
 62
3
 48
25.4
100
AcDbCircle
 10
751.3530833127111
 20
114.67061519097842
 30
0.0
 40
2.049999999999999
  0
CIRCLE
  5
3A7
330
17
100
AcDbEntity
  8
CUT
  6
Continuous
 62
3
 48
25.4
100
AcDbCircle
 10
731.3530833127111
 20
114.67061519097842
 30
0.0
 40
2.049999999999999
  0
CIRCLE
  5
3A8
330
17
100
AcDbEntity
  8
CUT
  6
Continuous
 62
3
 48
25.4
100
AcDbCircle
 10
711.3530833127111
 20
114.67061519097842
 30
0.0
 40
2.049999999999999
  0
CIRCLE
  5
3A9
330
17
100
AcDbEntity
  8
CUT
  6
Continuous
 62
3
 48
25.4
100
AcDbCircle
 10
691.3530833127111
 20
114.67061519097842
 30
0.0
 40
2.049999999999999
  0
CIRCLE
  5
3AA
330
17
100
AcDbEntity
  8
CUT
  6
Continuous
 62
3
 48
25.4
100
AcDbCircle
 10
671.3530833127111
 20
114.67061519097842
 30
0.0
 40
2.049999999999999
  0
CIRCLE
  5
3AB
330
17
100
AcDbEntity
  8
CUT
  6
Continuous
 62
3
 48
25.4
100
AcDbCircle
 10
651.3530833127111
 20
114.67061519097842
 30
0.0
 40
2.049999999999999
  0
CIRCLE
  5
3AC
330
17
100
AcDbEntity
  8
CUT
  6
Continuous
 62
3
 48
25.4
100
AcDbCircle
 10
651.3530833127111
 20
94.67061519097842
 30
0.0
 40
2.049999999999999
  0
CIRCLE
  5
3AD
330
17
100
AcDbEntity
  8
CUT
  6
Continuous
 62
3
 48
25.4
100
AcDbCircle
 10
651.3530833127111
 20
74.67061519097842
 30
0.0
 40
2.049999999999999
  0
CIRCLE
  5
3AE
330
17
100
AcDbEntity
  8
CUT
  6
Continuous
 62
3
 48
25.4
100
AcDbCircle
 10
651.3530833127111
 20
54.67061519097843
 30
0.0
 40
2.049999999999999
  0
CIRCLE
  5
3AF
330
17
100
AcDbEntity
  8
CUT
  6
Continuous
 62
3
 48
25.4
100
AcDbCircle
 10
671.3530833127111
 20
54.67061519097843
 30
0.0
 40
2.049999999999999
  0
CIRCLE
  5
3B0
330
17
100
AcDbEntity
  8
CUT
  6
Continuous
 62
3
 48
25.4
100
AcDbCircle
 10
671.3530833127111
 20
74.67061519097842
 30
0.0
 40
2.049999999999999
  0
CIRCLE
  5
3B1
330
17
100
AcDbEntity
  8
CUT
  6
Continuous
 62
3
 48
25.4
100
AcDbCircle
 10
671.3530833127111
 20
94.67061519097842
 30
0.0
 40
2.049999999999999
  0
CIRCLE
  5
3B2
330
17
100
AcDbEntity
  8
CUT
  6
Continuous
 62
3
 48
25.4
100
AcDbCircle
 10
691.3530833127111
 20
94.67061519097842
 30
0.0
 40
2.049999999999999
  0
CIRCLE
  5
3B3
330
17
100
AcDbEntity
  8
CUT
  6
Continuous
 62
3
 48
25.4
100
AcDbCircle
 10
691.3530833127111
 20
74.67061519097842
 30
0.0
 40
2.049999999999999
  0
CIRCLE
  5
3B4
330
17
100
AcDbEntity
  8
CUT
  6
Continuous
 62
3
 48
25.4
100
AcDbCircle
 10
691.3530833127111
 20
54.67061519097843
 30
0.0
 40
2.049999999999999
  0
CIRCLE
  5
3B5
330
17
100
AcDbEntity
  8
CUT
  6
Continuous
 62
3
 48
25.4
100
AcDbCircle
 10
711.3530833127111
 20
54.67061519097843
 30
0.0
 40
2.049999999999999
  0
CIRCLE
  5
3B6
330
17
100
AcDbEntity
  8
CUT
  6
Continuous
 62
3
 48
25.4
100
AcDbCircle
 10
711.3530833127111
 20
74.67061519097842
 30
0.0
 40
2.049999999999999
  0
CIRCLE
  5
3B7
330
17
100
AcDbEntity
  8
CUT
  6
Continuous
 62
3
 48
25.4
100
AcDbCircle
 10
711.3530833127111
 20
94.67061519097842
 30
0.0
 40
2.049999999999999
  0
CIRCLE
  5
3B8
330
17
100
AcDbEntity
  8
CUT
  6
Continuous
 62
3
 48
25.4
100
AcDbCircle
 10
731.3530833127111
 20
94.67061519097842
 30
0.0
 40
2.049999999999999
  0
CIRCLE
  5
3B9
330
17
100
AcDbEntity
  8
CUT
  6
Continuous
 62
3
 48
25.4
100
AcDbCircle
 10
731.3530833127111
 20
74.67061519097842
 30
0.0
 40
2.049999999999999
  0
CIRCLE
  5
3BA
330
17
100
AcDbEntity
  8
CUT
  6
Continuous
 62
3
 48
25.4
100
AcDbCircle
 10
731.3530833127111
 20
54.67061519097843
 30
0.0
 40
2.049999999999999
  0
CIRCLE
  5
3BB
330
17
100
AcDbEntity
  8
CUT
  6
Continuous
 62
3
 48
25.4
100
AcDbCircle
 10
751.3530833127111
 20
54.67061519097843
 30
0.0
 40
2.049999999999999
  0
CIRCLE
  5
3BC
330
17
100
AcDbEntity
  8
CUT
  6
Continuous
 62
3
 48
25.4
100
AcDbCircle
 10
751.3530833127111
 20
74.67061519097842
 30
0.0
 40
2.049999999999999
  0
CIRCLE
  5
3BD
330
17
100
AcDbEntity
  8
CUT
  6
Continuous
 62
3
 48
25.4
100
AcDbCircle
 10
751.3530833127111
 20
94.67061519097842
 30
0.0
 40
2.049999999999999
  0
CIRCLE
  5
3BE
330
17
100
AcDbEntity
  8
CUT
  6
Continuous
 62
3
 48
25.4
100
AcDbCircle
 10
771.3530833127111
 20
94.67061519097842
 30
0.0
 40
2.049999999999999
  0
CIRCLE
  5
3BF
330
17
100
AcDbEntity
  8
CUT
  6
Continuous
 62
3
 48
25.4
100
AcDbCircle
 10
771.3530833127111
 20
74.67061519097842
 30
0.0
 40
2.049999999999999
  0
CIRCLE
  5
3C0
330
17
100
AcDbEntity
  8
CUT
  6
Continuous
 62
3
 48
25.4
100
AcDbCircle
 10
771.3530833127111
 20
54.67061519097843
 30
0.0
 40
2.049999999999999
  0
CIRCLE
  5
3C1
330
17
100
AcDbEntity
  8
CUT
  6
Continuous
 62
3
 48
25.4
100
AcDbCircle
 10
791.3530833127111
 20
54.67061519097843
 30
0.0
 40
2.049999999999999
  0
CIRCLE
  5
3C2
330
17
100
AcDbEntity
  8
CUT
  6
Continuous
 62
3
 48
25.4
100
AcDbCircle
 10
791.3530833127111
 20
74.67061519097842
 30
0.0
 40
2.049999999999999
  0
CIRCLE
  5
3C3
330
17
100
AcDbEntity
  8
CUT
  6
Continuous
 62
3
 48
25.4
100
AcDbCircle
 10
791.3530833127111
 20
94.67061519097842
 30
0.0
 40
2.049999999999999
  0
CIRCLE
  5
3C4
330
17
100
AcDbEntity
  8
CUT
  6
Continuous
 62
3
 48
25.4
100
AcDbCircle
 10
791.3530833127111
 20
114.67061519097842
 30
0.0
 40
2.049999999999999
  0
CIRCLE
  5
3C5
330
17
100
AcDbEntity
  8
CUT
  6
Continuous
 62
3
 48
25.4
100
AcDbCircle
 10
791.3530833127111
 20
134.67061519097842
 30
0.0
 40
2.049999999999999
  0
CIRCLE
  5
3C6
330
17
100
AcDbEntity
  8
CUT
  6
Continuous
 62
3
 48
25.4
100
AcDbCircle
 10
791.3530833127111
 20
154.67061519097842
 30
0.0
 40
2.049999999999999
  0
CIRCLE
  5
3C7
330
17
100
AcDbEntity
  8
CUT
  6
Continuous
 62
3
 48
25.4
100
AcDbCircle
 10
791.3530833127111
 20
174.67061519097842
 30
0.0
 40
2.049999999999999
  0
CIRCLE
  5
3C8
330
17
100
AcDbEntity
  8
CUT
  6
Continuous
 62
3
 48
25.4
100
AcDbCircle
 10
791.3530833127111
 20
194.67061519097842
 30
0.0
 40
2.049999999999999
  0
CIRCLE
  5
3C9
330
17
100
AcDbEntity
  8
CUT
  6
Continuous
 62
3
 48
25.4
100
AcDbCircle
 10
791.3530833127111
 20
214.67061519097842
 30
0.0
 40
2.049999999999999
  0
CIRCLE
  5
3CA
330
17
100
AcDbEntity
  8
CUT
  6
Continuous
 62
3
 48
25.4
100
AcDbCircle
 10
791.3530833127111
 20
234.67061519097842
 30
0.0
 40
2.049999999999999
  0
CIRCLE
  5
3CB
330
17
100
AcDbEntity
  8
CUT
  6
Continuous
 62
3
 48
25.4
100
AcDbCircle
 10
791.3530833127111
 20
254.67061519097842
 30
0.0
 40
2.049999999999999
  0
CIRCLE
  5
3CC
330
17
100
AcDbEntity
  8
CUT
  6
Continuous
 62
3
 48
25.4
100
AcDbCircle
 10
811.3530833127111
 20
254.67061519097842
 30
0.0
 40
2.049999999999999
  0
CIRCLE
  5
3CD
330
17
100
AcDbEntity
  8
CUT
  6
Continuous
 62
3
 48
25.4
100
AcDbCircle
 10
831.3530833127111
 20
254.67061519097842
 30
0.0
 40
2.049999999999999
  0
CIRCLE
  5
3CE
330
17
100
AcDbEntity
  8
CUT
  6
Continuous
 62
3
 48
25.4
100
AcDbCircle
 10
851.3530833127111
 20
254.67061519097842
 30
0.0
 40
2.049999999999999
  0
CIRCLE
  5
3CF
330
17
100
AcDbEntity
  8
CUT
  6
Continuous
 62
3
 48
25.4
100
AcDbCircle
 10
871.3530833127111
 20
254.67061519097842
 30
0.0
 40
2.049999999999999
  0
CIRCLE
  5
3D0
330
17
100
AcDbEntity
  8
CUT
  6
Continuous
 62
3
 48
25.4
100
AcDbCircle
 10
891.3530833127111
 20
254.67061519097842
 30
0.0
 40
2.049999999999999
  0
CIRCLE
  5
3D1
330
17
100
AcDbEntity
  8
CUT
  6
Continuous
 62
3
 48
25.4
100
AcDbCircle
 10
911.3530833127111
 20
254.67061519097842
 30
0.0
 40
2.049999999999999
  0
CIRCLE
  5
3D2
330
17
100
AcDbEntity
  8
CUT
  6
Continuous
 62
3
 48
25.4
100
AcDbCircle
 10
931.3530833127111
 20
254.67061519097842
 30
0.0
 40
2.049999999999999
  0
CIRCLE
  5
3D3
330
17
100
AcDbEntity
  8
CUT
  6
Continuous
 62
3
 48
25.4
100
AcDbCircle
 10
931.3530833127111
 20
234.67061519097842
 30
0.0
 40
2.049999999999999
  0
CIRCLE
  5
3D4
330
17
100
AcDbEntity
  8
CUT
  6
Continuous
 62
3
 48
25.4
100
AcDbCircle
 10
911.3530833127111
 20
234.67061519097842
 30
0.0
 40
2.049999999999999
  0
CIRCLE
  5
3D5
330
17
100
AcDbEntity
  8
CUT
  6
Continuous
 62
3
 48
25.4
100
AcDbCircle
 10
891.3530833127111
 20
234.67061519097842
 30
0.0
 40
2.049999999999999
  0
CIRCLE
  5
3D6
330
17
100
AcDbEntity
  8
CUT
  6
Continuous
 62
3
 48
25.4
100
AcDbCircle
 10
871.3530833127111
 20
234.67061519097842
 30
0.0
 40
2.049999999999999
  0
CIRCLE
  5
3D7
330
17
100
AcDbEntity
  8
CUT
  6
Continuous
 62
3
 48
25.4
100
AcDbCircle
 10
851.3530833127111
 20
234.67061519097842
 30
0.0
 40
2.049999999999999
  0
CIRCLE
  5
3D8
330
17
100
AcDbEntity
  8
CUT
  6
Continuous
 62
3
 48
25.4
100
AcDbCircle
 10
831.3530833127111
 20
234.67061519097842
 30
0.0
 40
2.049999999999999
  0
CIRCLE
  5
3D9
330
17
100
AcDbEntity
  8
CUT
  6
Continuous
 62
3
 48
25.4
100
AcDbCircle
 10
811.3530833127111
 20
234.67061519097842
 30
0.0
 40
2.049999999999999
  0
CIRCLE
  5
3DA
330
17
100
AcDbEntity
  8
CUT
  6
Continuous
 62
3
 48
25.4
100
AcDbCircle
 10
811.3530833127111
 20
214.67061519097842
 30
0.0
 40
2.049999999999999
  0
CIRCLE
  5
3DB
330
17
100
AcDbEntity
  8
CUT
  6
Continuous
 62
3
 48
25.4
100
AcDbCircle
 10
831.3530833127111
 20
214.67061519097842
 30
0.0
 40
2.049999999999999
  0
CIRCLE
  5
3DC
330
17
100
AcDbEntity
  8
CUT
  6
Continuous
 62
3
 48
25.4
100
AcDbCircle
 10
851.3530833127111
 20
214.67061519097842
 30
0.0
 40
2.049999999999999
  0
CIRCLE
  5
3DD
330
17
100
AcDbEntity
  8
CUT
  6
Continuous
 62
3
 48
25.4
100
AcDbCircle
 10
871.3530833127111
 20
214.67061519097842
 30
0.0
 40
2.049999999999999
  0
CIRCLE
  5
3DE
330
17
100
AcDbEntity
  8
CUT
  6
Continuous
 62
3
 48
25.4
100
AcDbCircle
 10
891.3530833127111
 20
214.67061519097842
 30
0.0
 40
2.049999999999999
  0
CIRCLE
  5
3DF
330
17
100
AcDbEntity
  8
CUT
  6
Continuous
 62
3
 48
25.4
100
AcDbCircle
 10
931.3530833127111
 20
214.67061519097842
 30
0.0
 40
2.049999999999999
  0
CIRCLE
  5
3E0
330
17
100
AcDbEntity
  8
CUT
  6
Continuous
 62
3
 48
25.4
100
AcDbCircle
 10
931.3530833127111
 20
194.67061519097842
 30
0.0
 40
2.049999999999999
  0
CIRCLE
  5
3E1
330
17
100
AcDbEntity
  8
CUT
  6
Continuous
 62
3
 48
25.4
100
AcDbCircle
 10
911.3530833127111
 20
194.67061519097842
 30
0.0
 40
2.049999999999999
  0
CIRCLE
  5
3E2
330
17
100
AcDbEntity
  8
CUT
  6
Continuous
 62
3
 48
25.4
100
AcDbCircle
 10
891.3530833127111
 20
194.67061519097842
 30
0.0
 40
2.049999999999999
  0
CIRCLE
  5
3E3
330
17
100
AcDbEntity
  8
CUT
  6
Continuous
 62
3
 48
25.4
100
AcDbCircle
 10
871.3530833127111
 20
194.67061519097842
 30
0.0
 40
2.049999999999999
  0
CIRCLE
  5
3E4
330
17
100
AcDbEntity
  8
CUT
  6
Continuous
 62
3
 48
25.4
100
AcDbCircle
 10
851.3530833127111
 20
194.67061519097842
 30
0.0
 40
2.049999999999999
  0
CIRCLE
  5
3E5
330
17
100
AcDbEntity
  8
CUT
  6
Continuous
 62
3
 48
25.4
100
AcDbCircle
 10
831.3530833127111
 20
194.67061519097842
 30
0.0
 40
2.049999999999999
  0
CIRCLE
  5
3E6
330
17
100
AcDbEntity
  8
CUT
  6
Continuous
 62
3
 48
25.4
100
AcDbCircle
 10
811.3530833127111
 20
194.67061519097842
 30
0.0
 40
2.049999999999999
  0
CIRCLE
  5
3E7
330
17
100
AcDbEntity
  8
CUT
  6
Continuous
 62
3
 48
25.4
100
AcDbCircle
 10
911.3530833127111
 20
214.67061519097842
 30
0.0
 40
2.049999999999999
  0
CIRCLE
  5
3E8
330
17
100
AcDbEntity
  8
CUT
  6
Continuous
 62
3
 48
25.4
100
AcDbCircle
 10
931.3530833127111
 20
174.67061519097842
 30
0.0
 40
2.049999999999999
  0
CIRCLE
  5
3E9
330
17
100
AcDbEntity
  8
CUT
  6
Continuous
 62
3
 48
25.4
100
AcDbCircle
 10
911.3530833127111
 20
174.67061519097842
 30
0.0
 40
2.049999999999999
  0
CIRCLE
  5
3EA
330
17
100
AcDbEntity
  8
CUT
  6
Continuous
 62
3
 48
25.4
100
AcDbCircle
 10
891.3530833127111
 20
174.67061519097842
 30
0.0
 40
2.049999999999999
  0
CIRCLE
  5
3EB
330
17
100
AcDbEntity
  8
CUT
  6
Continuous
 62
3
 48
25.4
100
AcDbCircle
 10
871.3530833127111
 20
174.67061519097842
 30
0.0
 40
2.049999999999999
  0
CIRCLE
  5
3EC
330
17
100
AcDbEntity
  8
CUT
  6
Continuous
 62
3
 48
25.4
100
AcDbCircle
 10
851.3530833127111
 20
174.67061519097842
 30
0.0
 40
2.049999999999999
  0
CIRCLE
  5
3ED
330
17
100
AcDbEntity
  8
CUT
  6
Continuous
 62
3
 48
25.4
100
AcDbCircle
 10
831.3530833127111
 20
174.67061519097842
 30
0.0
 40
2.049999999999999
  0
CIRCLE
  5
3EE
330
17
100
AcDbEntity
  8
CUT
  6
Continuous
 62
3
 48
25.4
100
AcDbCircle
 10
811.3530833127111
 20
174.67061519097842
 30
0.0
 40
2.049999999999999
  0
CIRCLE
  5
3EF
330
17
100
AcDbEntity
  8
CUT
  6
Continuous
 62
3
 48
25.4
100
AcDbCircle
 10
811.3530833127111
 20
154.67061519097842
 30
0.0
 40
2.049999999999999
  0
CIRCLE
  5
3F0
330
17
100
AcDbEntity
  8
CUT
  6
Continuous
 62
3
 48
25.4
100
AcDbCircle
 10
811.3530833127111
 20
134.67061519097842
 30
0.0
 40
2.049999999999999
  0
CIRCLE
  5
3F1
330
17
100
AcDbEntity
  8
CUT
  6
Continuous
 62
3
 48
25.4
100
AcDbCircle
 10
811.3530833127111
 20
114.67061519097842
 30
0.0
 40
2.049999999999999
  0
CIRCLE
  5
3F2
330
17
100
AcDbEntity
  8
CUT
  6
Continuous
 62
3
 48
25.4
100
AcDbCircle
 10
811.3530833127111
 20
74.67061519097842
 30
0.0
 40
2.049999999999999
  0
CIRCLE
  5
3F3
330
17
100
AcDbEntity
  8
CUT
  6
Continuous
 62
3
 48
25.4
100
AcDbCircle
 10
811.3530833127111
 20
54.67061519097843
 30
0.0
 40
2.049999999999999
  0
CIRCLE
  5
3F4
330
17
100
AcDbEntity
  8
CUT
  6
Continuous
 62
3
 48
25.4
100
AcDbCircle
 10
831.3530833127111
 20
54.67061519097843
 30
0.0
 40
2.049999999999999
  0
CIRCLE
  5
3F5
330
17
100
AcDbEntity
  8
CUT
  6
Continuous
 62
3
 48
25.4
100
AcDbCircle
 10
831.3530833127111
 20
74.67061519097842
 30
0.0
 40
2.049999999999999
  0
CIRCLE
  5
3F6
330
17
100
AcDbEntity
  8
CUT
  6
Continuous
 62
3
 48
25.4
100
AcDbCircle
 10
831.3530833127111
 20
94.67061519097842
 30
0.0
 40
2.049999999999999
  0
CIRCLE
  5
3F7
330
17
100
AcDbEntity
  8
CUT
  6
Continuous
 62
3
 48
25.4
100
AcDbCircle
 10
831.3530833127111
 20
114.67061519097842
 30
0.0
 40
2.049999999999999
  0
CIRCLE
  5
3F8
330
17
100
AcDbEntity
  8
CUT
  6
Continuous
 62
3
 48
25.4
100
AcDbCircle
 10
831.3530833127111
 20
134.67061519097842
 30
0.0
 40
2.049999999999999
  0
CIRCLE
  5
3F9
330
17
100
AcDbEntity
  8
CUT
  6
Continuous
 62
3
 48
25.4
100
AcDbCircle
 10
831.3530833127111
 20
154.67061519097842
 30
0.0
 40
2.049999999999999
  0
CIRCLE
  5
3FA
330
17
100
AcDbEntity
  8
CUT
  6
Continuous
 62
3
 48
25.4
100
AcDbCircle
 10
851.3530833127111
 20
154.67061519097842
 30
0.0
 40
2.049999999999999
  0
CIRCLE
  5
3FB
330
17
100
AcDbEntity
  8
CUT
  6
Continuous
 62
3
 48
25.4
100
AcDbCircle
 10
851.3530833127111
 20
134.67061519097842
 30
0.0
 40
2.049999999999999
  0
CIRCLE
  5
3FC
330
17
100
AcDbEntity
  8
CUT
  6
Continuous
 62
3
 48
25.4
100
AcDbCircle
 10
851.3530833127111
 20
114.67061519097842
 30
0.0
 40
2.049999999999999
  0
CIRCLE
  5
3FD
330
17
100
AcDbEntity
  8
CUT
  6
Continuous
 62
3
 48
25.4
100
AcDbCircle
 10
851.3530833127111
 20
94.67061519097842
 30
0.0
 40
2.049999999999999
  0
CIRCLE
  5
3FE
330
17
100
AcDbEntity
  8
CUT
  6
Continuous
 62
3
 48
25.4
100
AcDbCircle
 10
851.3530833127111
 20
74.67061519097842
 30
0.0
 40
2.049999999999999
  0
CIRCLE
  5
3FF
330
17
100
AcDbEntity
  8
CUT
  6
Continuous
 62
3
 48
25.4
100
AcDbCircle
 10
851.3530833127111
 20
54.67061519097843
 30
0.0
 40
2.049999999999999
  0
CIRCLE
  5
400
330
17
100
AcDbEntity
  8
CUT
  6
Continuous
 62
3
 48
25.4
100
AcDbCircle
 10
871.3530833127111
 20
54.67061519097843
 30
0.0
 40
2.049999999999999
  0
CIRCLE
  5
401
330
17
100
AcDbEntity
  8
CUT
  6
Continuous
 62
3
 48
25.4
100
AcDbCircle
 10
871.3530833127111
 20
74.67061519097842
 30
0.0
 40
2.049999999999999
  0
CIRCLE
  5
402
330
17
100
AcDbEntity
  8
CUT
  6
Continuous
 62
3
 48
25.4
100
AcDbCircle
 10
871.3530833127111
 20
94.67061519097842
 30
0.0
 40
2.049999999999999
  0
CIRCLE
  5
403
330
17
100
AcDbEntity
  8
CUT
  6
Continuous
 62
3
 48
25.4
100
AcDbCircle
 10
871.3530833127111
 20
114.67061519097842
 30
0.0
 40
2.049999999999999
  0
CIRCLE
  5
404
330
17
100
AcDbEntity
  8
CUT
  6
Continuous
 62
3
 48
25.4
100
AcDbCircle
 10
871.3530833127111
 20
134.67061519097842
 30
0.0
 40
2.049999999999999
  0
CIRCLE
  5
405
330
17
100
AcDbEntity
  8
CUT
  6
Continuous
 62
3
 48
25.4
100
AcDbCircle
 10
871.3530833127111
 20
154.67061519097842
 30
0.0
 40
2.049999999999999
  0
CIRCLE
  5
406
330
17
100
AcDbEntity
  8
CUT
  6
Continuous
 62
3
 48
25.4
100
AcDbCircle
 10
891.3530833127111
 20
154.67061519097842
 30
0.0
 40
2.049999999999999
  0
CIRCLE
  5
407
330
17
100
AcDbEntity
  8
CUT
  6
Continuous
 62
3
 48
25.4
100
AcDbCircle
 10
891.3530833127111
 20
134.67061519097842
 30
0.0
 40
2.049999999999999
  0
CIRCLE
  5
408
330
17
100
AcDbEntity
  8
CUT
  6
Continuous
 62
3
 48
25.4
100
AcDbCircle
 10
891.3530833127111
 20
114.67061519097842
 30
0.0
 40
2.049999999999999
  0
CIRCLE
  5
409
330
17
100
AcDbEntity
  8
CUT
  6
Continuous
 62
3
 48
25.4
100
AcDbCircle
 10
891.3530833127111
 20
94.67061519097842
 30
0.0
 40
2.049999999999999
  0
CIRCLE
  5
40A
330
17
100
AcDbEntity
  8
CUT
  6
Continuous
 62
3
 48
25.4
100
AcDbCircle
 10
891.3530833127111
 20
74.67061519097842
 30
0.0
 40
2.049999999999999
  0
CIRCLE
  5
40B
330
17
100
AcDbEntity
  8
CUT
  6
Continuous
 62
3
 48
25.4
100
AcDbCircle
 10
891.3530833127111
 20
54.67061519097843
 30
0.0
 40
2.049999999999999
  0
CIRCLE
  5
40C
330
17
100
AcDbEntity
  8
CUT
  6
Continuous
 62
3
 48
25.4
100
AcDbCircle
 10
911.3530833127111
 20
54.67061519097843
 30
0.0
 40
2.049999999999999
  0
CIRCLE
  5
40D
330
17
100
AcDbEntity
  8
CUT
  6
Continuous
 62
3
 48
25.4
100
AcDbCircle
 10
911.3530833127111
 20
74.67061519097842
 30
0.0
 40
2.049999999999999
  0
CIRCLE
  5
40E
330
17
100
AcDbEntity
  8
CUT
  6
Continuous
 62
3
 48
25.4
100
AcDbCircle
 10
911.3530833127111
 20
94.67061519097842
 30
0.0
 40
2.049999999999999
  0
CIRCLE
  5
40F
330
17
100
AcDbEntity
  8
CUT
  6
Continuous
 62
3
 48
25.4
100
AcDbCircle
 10
911.3530833127111
 20
114.67061519097842
 30
0.0
 40
2.049999999999999
  0
CIRCLE
  5
410
330
17
100
AcDbEntity
  8
CUT
  6
Continuous
 62
3
 48
25.4
100
AcDbCircle
 10
911.3530833127111
 20
134.67061519097842
 30
0.0
 40
2.049999999999999
  0
CIRCLE
  5
411
330
17
100
AcDbEntity
  8
CUT
  6
Continuous
 62
3
 48
25.4
100
AcDbCircle
 10
911.3530833127111
 20
154.67061519097842
 30
0.0
 40
2.049999999999999
  0
CIRCLE
  5
412
330
17
100
AcDbEntity
  8
CUT
  6
Continuous
 62
3
 48
25.4
100
AcDbCircle
 10
931.3530833127111
 20
154.67061519097842
 30
0.0
 40
2.049999999999999
  0
CIRCLE
  5
413
330
17
100
AcDbEntity
  8
CUT
  6
Continuous
 62
3
 48
25.4
100
AcDbCircle
 10
931.3530833127111
 20
134.67061519097842
 30
0.0
 40
2.049999999999999
  0
CIRCLE
  5
414
330
17
100
AcDbEntity
  8
CUT
  6
Continuous
 62
3
 48
25.4
100
AcDbCircle
 10
931.3530833127111
 20
114.67061519097842
 30
0.0
 40
2.049999999999999
  0
CIRCLE
  5
415
330
17
100
AcDbEntity
  8
CUT
  6
Continuous
 62
3
 48
25.4
100
AcDbCircle
 10
931.3530833127111
 20
94.67061519097842
 30
0.0
 40
2.049999999999999
  0
CIRCLE
  5
416
330
17
100
AcDbEntity
  8
CUT
  6
Continuous
 62
3
 48
25.4
100
AcDbCircle
 10
931.3530833127111
 20
74.67061519097842
 30
0.0
 40
2.049999999999999
  0
CIRCLE
  5
417
330
17
100
AcDbEntity
  8
CUT
  6
Continuous
 62
3
 48
25.4
100
AcDbCircle
 10
931.3530833127111
 20
54.67061519097843
 30
0.0
 40
2.049999999999999
  0
CIRCLE
  5
418
330
17
100
AcDbEntity
  8
CUT
  6
Continuous
 62
3
 48
25.4
100
AcDbCircle
 10
811.3530833127111
 20
94.67061519097842
 30
0.0
 40
2.049999999999999
  0
CIRCLE
  5
419
330
17
100
AcDbEntity
  8
CUT
  6
Continuous
 62
3
 48
25.4
100
AcDbCircle
 10
751.3530833127111
 20
294.6706151909784
 30
0.0
 40
2.049999999999999
  0
CIRCLE
  5
41A
330
17
100
AcDbEntity
  8
CUT
  6
Continuous
 62
3
 48
25.4
100
AcDbCircle
 10
751.3530833127111
 20
314.6706151909784
 30
0.0
 40
2.049999999999999
  0
CIRCLE
  5
41B
330
17
100
AcDbEntity
  8
CUT
  6
Continuous
 62
3
 48
25.4
100
AcDbCircle
 10
751.3530833127111
 20
334.6706151909784
 30
0.0
 40
2.049999999999999
  0
CIRCLE
  5
41C
330
17
100
AcDbEntity
  8
CUT
  6
Continuous
 62
3
 48
25.4
100
AcDbCircle
 10
751.3530833127111
 20
354.6706151909784
 30
0.0
 40
2.049999999999999
  0
CIRCLE
  5
41D
330
17
100
AcDbEntity
  8
CUT
  6
Continuous
 62
3
 48
25.4
100
AcDbCircle
 10
751.3530833127111
 20
374.6706151909784
 30
0.0
 40
2.049999999999999
  0
CIRCLE
  5
41E
330
17
100
AcDbEntity
  8
CUT
  6
Continuous
 62
3
 48
25.4
100
AcDbCircle
 10
751.3530833127111
 20
394.6706151909784
 30
0.0
 40
2.049999999999999
  0
CIRCLE
  5
41F
330
17
100
AcDbEntity
  8
CUT
  6
Continuous
 62
3
 48
25.4
100
AcDbCircle
 10
751.3530833127111
 20
414.6706151909784
 30
0.0
 40
2.049999999999999
  0
CIRCLE
  5
420
330
17
100
AcDbEntity
  8
CUT
  6
Continuous
 62
3
 48
25.4
100
AcDbCircle
 10
751.3530833127111
 20
434.6706151909784
 30
0.0
 40
2.049999999999999
  0
CIRCLE
  5
421
330
17
100
AcDbEntity
  8
CUT
  6
Continuous
 62
3
 48
25.4
100
AcDbCircle
 10
751.3530833127111
 20
454.6706151909784
 30
0.0
 40
2.049999999999999
  0
CIRCLE
  5
422
330
17
100
AcDbEntity
  8
CUT
  6
Continuous
 62
3
 48
25.4
100
AcDbCircle
 10
751.3530833127111
 20
474.6706151909784
 30
0.0
 40
2.049999999999999
  0
CIRCLE
  5
423
330
17
100
AcDbEntity
  8
CUT
  6
Continuous
 62
3
 48
25.4
100
AcDbCircle
 10
751.3530833127111
 20
494.6706151909784
 30
0.0
 40
2.049999999999999
  0
CIRCLE
  5
424
330
17
100
AcDbEntity
  8
CUT
  6
Continuous
 62
3
 48
25.4
100
AcDbCircle
 10
771.3530833127111
 20
494.6706151909784
 30
0.0
 40
2.049999999999999
  0
CIRCLE
  5
425
330
17
100
AcDbEntity
  8
CUT
  6
Continuous
 62
3
 48
25.4
100
AcDbCircle
 10
791.3530833127111
 20
494.6706151909784
 30
0.0
 40
2.049999999999999
  0
CIRCLE
  5
426
330
17
100
AcDbEntity
  8
CUT
  6
Continuous
 62
3
 48
25.4
100
AcDbCircle
 10
811.3530833127111
 20
494.6706151909784
 30
0.0
 40
2.049999999999999
  0
CIRCLE
  5
427
330
17
100
AcDbEntity
  8
CUT
  6
Continuous
 62
3
 48
25.4
100
AcDbCircle
 10
831.3530833127111
 20
494.6706151909784
 30
0.0
 40
2.049999999999999
  0
CIRCLE
  5
428
330
17
100
AcDbEntity
  8
CUT
  6
Continuous
 62
3
 48
25.4
100
AcDbCircle
 10
851.3530833127111
 20
494.6706151909784
 30
0.0
 40
2.049999999999999
  0
CIRCLE
  5
429
330
17
100
AcDbEntity
  8
CUT
  6
Continuous
 62
3
 48
25.4
100
AcDbCircle
 10
871.3530833127111
 20
494.6706151909784
 30
0.0
 40
2.049999999999999
  0
CIRCLE
  5
42A
330
17
100
AcDbEntity
  8
CUT
  6
Continuous
 62
3
 48
25.4
100
AcDbCircle
 10
891.3530833127111
 20
494.6706151909784
 30
0.0
 40
2.049999999999999
  0
CIRCLE
  5
42B
330
17
100
AcDbEntity
  8
CUT
  6
Continuous
 62
3
 48
25.4
100
AcDbCircle
 10
911.3530833127111
 20
494.6706151909784
 30
0.0
 40
2.049999999999999
  0
CIRCLE
  5
42C
330
17
100
AcDbEntity
  8
CUT
  6
Continuous
 62
3
 48
25.4
100
AcDbCircle
 10
931.3530833127111
 20
494.6706151909784
 30
0.0
 40
2.049999999999999
  0
CIRCLE
  5
42D
330
17
100
AcDbEntity
  8
CUT
  6
Continuous
 62
3
 48
25.4
100
AcDbCircle
 10
931.3530833127111
 20
474.6706151909784
 30
0.0
 40
2.049999999999999
  0
CIRCLE
  5
42E
330
17
100
AcDbEntity
  8
CUT
  6
Continuous
 62
3
 48
25.4
100
AcDbCircle
 10
911.3530833127111
 20
474.6706151909784
 30
0.0
 40
2.049999999999999
  0
CIRCLE
  5
42F
330
17
100
AcDbEntity
  8
CUT
  6
Continuous
 62
3
 48
25.4
100
AcDbCircle
 10
891.3530833127111
 20
474.6706151909784
 30
0.0
 40
2.049999999999999
  0
CIRCLE
  5
430
330
17
100
AcDbEntity
  8
CUT
  6
Continuous
 62
3
 48
25.4
100
AcDbCircle
 10
851.3530833127111
 20
474.6706151909784
 30
0.0
 40
2.049999999999999
  0
CIRCLE
  5
431
330
17
100
AcDbEntity
  8
CUT
  6
Continuous
 62
3
 48
25.4
100
AcDbCircle
 10
831.3530833127111
 20
474.6706151909784
 30
0.0
 40
2.049999999999999
  0
CIRCLE
  5
432
330
17
100
AcDbEntity
  8
CUT
  6
Continuous
 62
3
 48
25.4
100
AcDbCircle
 10
811.3530833127111
 20
474.6706151909784
 30
0.0
 40
2.049999999999999
  0
CIRCLE
  5
433
330
17
100
AcDbEntity
  8
CUT
  6
Continuous
 62
3
 48
25.4
100
AcDbCircle
 10
791.3530833127111
 20
474.6706151909784
 30
0.0
 40
2.049999999999999
  0
CIRCLE
  5
434
330
17
100
AcDbEntity
  8
CUT
  6
Continuous
 62
3
 48
25.4
100
AcDbCircle
 10
771.3530833127111
 20
474.6706151909784
 30
0.0
 40
2.049999999999999
  0
CIRCLE
  5
435
330
17
100
AcDbEntity
  8
CUT
  6
Continuous
 62
3
 48
25.4
100
AcDbCircle
 10
771.3530833127111
 20
454.6706151909784
 30
0.0
 40
2.049999999999999
  0
CIRCLE
  5
436
330
17
100
AcDbEntity
  8
CUT
  6
Continuous
 62
3
 48
25.4
100
AcDbCircle
 10
771.3530833127111
 20
434.6706151909784
 30
0.0
 40
2.049999999999999
  0
CIRCLE
  5
437
330
17
100
AcDbEntity
  8
CUT
  6
Continuous
 62
3
 48
25.4
100
AcDbCircle
 10
771.3530833127111
 20
414.6706151909784
 30
0.0
 40
2.049999999999999
  0
CIRCLE
  5
438
330
17
100
AcDbEntity
  8
CUT
  6
Continuous
 62
3
 48
25.4
100
AcDbCircle
 10
771.3530833127111
 20
394.6706151909784
 30
0.0
 40
2.049999999999999
  0
CIRCLE
  5
439
330
17
100
AcDbEntity
  8
CUT
  6
Continuous
 62
3
 48
25.4
100
AcDbCircle
 10
771.3530833127111
 20
374.6706151909784
 30
0.0
 40
2.049999999999999
  0
CIRCLE
  5
43A
330
17
100
AcDbEntity
  8
CUT
  6
Continuous
 62
3
 48
25.4
100
AcDbCircle
 10
771.3530833127111
 20
354.6706151909784
 30
0.0
 40
2.049999999999999
  0
CIRCLE
  5
43B
330
17
100
AcDbEntity
  8
CUT
  6
Continuous
 62
3
 48
25.4
100
AcDbCircle
 10
771.3530833127111
 20
334.6706151909784
 30
0.0
 40
2.049999999999999
  0
CIRCLE
  5
43C
330
17
100
AcDbEntity
  8
CUT
  6
Continuous
 62
3
 48
25.4
100
AcDbCircle
 10
771.3530833127111
 20
314.6706151909784
 30
0.0
 40
2.049999999999999
  0
CIRCLE
  5
43D
330
17
100
AcDbEntity
  8
CUT
  6
Continuous
 62
3
 48
25.4
100
AcDbCircle
 10
771.3530833127111
 20
294.6706151909784
 30
0.0
 40
2.049999999999999
  0
CIRCLE
  5
43E
330
17
100
AcDbEntity
  8
CUT
  6
Continuous
 62
3
 48
25.4
100
AcDbCircle
 10
791.3530833127111
 20
294.6706151909784
 30
0.0
 40
2.049999999999999
  0
CIRCLE
  5
43F
330
17
100
AcDbEntity
  8
CUT
  6
Continuous
 62
3
 48
25.4
100
AcDbCircle
 10
791.3530833127111
 20
314.6706151909784
 30
0.0
 40
2.049999999999999
  0
CIRCLE
  5
440
330
17
100
AcDbEntity
  8
CUT
  6
Continuous
 62
3
 48
25.4
100
AcDbCircle
 10
791.3530833127111
 20
334.6706151909784
 30
0.0
 40
2.049999999999999
  0
CIRCLE
  5
441
330
17
100
AcDbEntity
  8
CUT
  6
Continuous
 62
3
 48
25.4
100
AcDbCircle
 10
791.3530833127111
 20
354.6706151909784
 30
0.0
 40
2.049999999999999
  0
CIRCLE
  5
442
330
17
100
AcDbEntity
  8
CUT
  6
Continuous
 62
3
 48
25.4
100
AcDbCircle
 10
791.3530833127111
 20
374.6706151909784
 30
0.0
 40
2.049999999999999
  0
CIRCLE
  5
443
330
17
100
AcDbEntity
  8
CUT
  6
Continuous
 62
3
 48
25.4
100
AcDbCircle
 10
791.3530833127111
 20
414.6706151909784
 30
0.0
 40
2.049999999999999
  0
CIRCLE
  5
444
330
17
100
AcDbEntity
  8
CUT
  6
Continuous
 62
3
 48
25.4
100
AcDbCircle
 10
791.3530833127111
 20
434.6706151909784
 30
0.0
 40
2.049999999999999
  0
CIRCLE
  5
445
330
17
100
AcDbEntity
  8
CUT
  6
Continuous
 62
3
 48
25.4
100
AcDbCircle
 10
791.3530833127111
 20
454.6706151909784
 30
0.0
 40
2.049999999999999
  0
CIRCLE
  5
446
330
17
100
AcDbEntity
  8
CUT
  6
Continuous
 62
3
 48
25.4
100
AcDbCircle
 10
871.3530833127111
 20
474.6706151909784
 30
0.0
 40
2.049999999999999
  0
CIRCLE
  5
447
330
17
100
AcDbEntity
  8
CUT
  6
Continuous
 62
3
 48
25.4
100
AcDbCircle
 10
791.3530833127111
 20
394.6706151909784
 30
0.0
 40
2.049999999999999
  0
CIRCLE
  5
448
330
17
100
AcDbEntity
  8
CUT
  6
Continuous
 62
3
 48
25.4
100
AcDbCircle
 10
811.3530833127111
 20
334.6706151909784
 30
0.0
 40
2.049999999999999
  0
CIRCLE
  5
449
330
17
100
AcDbEntity
  8
CUT
  6
Continuous
 62
3
 48
25.4
100
AcDbCircle
 10
811.3530833127111
 20
354.6706151909784
 30
0.0
 40
2.049999999999999
  0
CIRCLE
  5
44A
330
17
100
AcDbEntity
  8
CUT
  6
Continuous
 62
3
 48
25.4
100
AcDbCircle
 10
811.3530833127111
 20
374.6706151909784
 30
0.0
 40
2.049999999999999
  0
CIRCLE
  5
44B
330
17
100
AcDbEntity
  8
CUT
  6
Continuous
 62
3
 48
25.4
100
AcDbCircle
 10
811.3530833127111
 20
394.6706151909784
 30
0.0
 40
2.049999999999999
  0
CIRCLE
  5
44C
330
17
100
AcDbEntity
  8
CUT
  6
Continuous
 62
3
 48
25.4
100
AcDbCircle
 10
811.3530833127111
 20
414.6706151909784
 30
0.0
 40
2.049999999999999
  0
CIRCLE
  5
44D
330
17
100
AcDbEntity
  8
CUT
  6
Continuous
 62
3
 48
25.4
100
AcDbCircle
 10
811.3530833127111
 20
434.6706151909784
 30
0.0
 40
2.049999999999999
  0
CIRCLE
  5
44E
330
17
100
AcDbEntity
  8
CUT
  6
Continuous
 62
3
 48
25.4
100
AcDbCircle
 10
811.3530833127111
 20
454.6706151909784
 30
0.0
 40
2.049999999999999
  0
CIRCLE
  5
44F
330
17
100
AcDbEntity
  8
CUT
  6
Continuous
 62
3
 48
25.4
100
AcDbCircle
 10
831.3530833127111
 20
454.6706151909784
 30
0.0
 40
2.049999999999999
  0
CIRCLE
  5
450
330
17
100
AcDbEntity
  8
CUT
  6
Continuous
 62
3
 48
25.4
100
AcDbCircle
 10
831.3530833127111
 20
434.6706151909784
 30
0.0
 40
2.049999999999999
  0
CIRCLE
  5
451
330
17
100
AcDbEntity
  8
CUT
  6
Continuous
 62
3
 48
25.4
100
AcDbCircle
 10
831.3530833127111
 20
414.6706151909784
 30
0.0
 40
2.049999999999999
  0
CIRCLE
  5
452
330
17
100
AcDbEntity
  8
CUT
  6
Continuous
 62
3
 48
25.4
100
AcDbCircle
 10
831.3530833127111
 20
394.6706151909784
 30
0.0
 40
2.049999999999999
  0
CIRCLE
  5
453
330
17
100
AcDbEntity
  8
CUT
  6
Continuous
 62
3
 48
25.4
100
AcDbCircle
 10
831.3530833127111
 20
374.6706151909784
 30
0.0
 40
2.049999999999999
  0
CIRCLE
  5
454
330
17
100
AcDbEntity
  8
CUT
  6
Continuous
 62
3
 48
25.4
100
AcDbCircle
 10
831.3530833127111
 20
354.6706151909784
 30
0.0
 40
2.049999999999999
  0
CIRCLE
  5
455
330
17
100
AcDbEntity
  8
CUT
  6
Continuous
 62
3
 48
25.4
100
AcDbCircle
 10
831.3530833127111
 20
334.6706151909784
 30
0.0
 40
2.049999999999999
  0
CIRCLE
  5
456
330
17
100
AcDbEntity
  8
CUT
  6
Continuous
 62
3
 48
25.4
100
AcDbCircle
 10
831.3530833127111
 20
314.6706151909784
 30
0.0
 40
2.049999999999999
  0
CIRCLE
  5
457
330
17
100
AcDbEntity
  8
CUT
  6
Continuous
 62
3
 48
25.4
100
AcDbCircle
 10
831.3530833127111
 20
294.6706151909784
 30
0.0
 40
2.049999999999999
  0
CIRCLE
  5
458
330
17
100
AcDbEntity
  8
CUT
  6
Continuous
 62
3
 48
25.4
100
AcDbCircle
 10
851.3530833127111
 20
294.6706151909784
 30
0.0
 40
2.049999999999999
  0
CIRCLE
  5
459
330
17
100
AcDbEntity
  8
CUT
  6
Continuous
 62
3
 48
25.4
100
AcDbCircle
 10
851.3530833127111
 20
314.6706151909784
 30
0.0
 40
2.049999999999999
  0
CIRCLE
  5
45A
330
17
100
AcDbEntity
  8
CUT
  6
Continuous
 62
3
 48
25.4
100
AcDbCircle
 10
851.3530833127111
 20
334.6706151909784
 30
0.0
 40
2.049999999999999
  0
CIRCLE
  5
45B
330
17
100
AcDbEntity
  8
CUT
  6
Continuous
 62
3
 48
25.4
100
AcDbCircle
 10
851.3530833127111
 20
354.6706151909784
 30
0.0
 40
2.049999999999999
  0
CIRCLE
  5
45C
330
17
100
AcDbEntity
  8
CUT
  6
Continuous
 62
3
 48
25.4
100
AcDbCircle
 10
851.3530833127111
 20
374.6706151909784
 30
0.0
 40
2.049999999999999
  0
CIRCLE
  5
45D
330
17
100
AcDbEntity
  8
CUT
  6
Continuous
 62
3
 48
25.4
100
AcDbCircle
 10
851.3530833127111
 20
394.6706151909784
 30
0.0
 40
2.049999999999999
  0
CIRCLE
  5
45E
330
17
100
AcDbEntity
  8
CUT
  6
Continuous
 62
3
 48
25.4
100
AcDbCircle
 10
851.3530833127111
 20
414.6706151909784
 30
0.0
 40
2.049999999999999
  0
CIRCLE
  5
45F
330
17
100
AcDbEntity
  8
CUT
  6
Continuous
 62
3
 48
25.4
100
AcDbCircle
 10
851.3530833127111
 20
434.6706151909784
 30
0.0
 40
2.049999999999999
  0
CIRCLE
  5
460
330
17
100
AcDbEntity
  8
CUT
  6
Continuous
 62
3
 48
25.4
100
AcDbCircle
 10
851.3530833127111
 20
454.6706151909784
 30
0.0
 40
2.049999999999999
  0
CIRCLE
  5
461
330
17
100
AcDbEntity
  8
CUT
  6
Continuous
 62
3
 48
25.4
100
AcDbCircle
 10
871.3530833127111
 20
454.6706151909784
 30
0.0
 40
2.049999999999999
  0
CIRCLE
  5
462
330
17
100
AcDbEntity
  8
CUT
  6
Continuous
 62
3
 48
25.4
100
AcDbCircle
 10
871.3530833127111
 20
434.6706151909784
 30
0.0
 40
2.049999999999999
  0
CIRCLE
  5
463
330
17
100
AcDbEntity
  8
CUT
  6
Continuous
 62
3
 48
25.4
100
AcDbCircle
 10
871.3530833127111
 20
414.6706151909784
 30
0.0
 40
2.049999999999999
  0
CIRCLE
  5
464
330
17
100
AcDbEntity
  8
CUT
  6
Continuous
 62
3
 48
25.4
100
AcDbCircle
 10
871.3530833127111
 20
394.6706151909784
 30
0.0
 40
2.049999999999999
  0
CIRCLE
  5
465
330
17
100
AcDbEntity
  8
CUT
  6
Continuous
 62
3
 48
25.4
100
AcDbCircle
 10
871.3530833127111
 20
374.6706151909784
 30
0.0
 40
2.049999999999999
  0
CIRCLE
  5
466
330
17
100
AcDbEntity
  8
CUT
  6
Continuous
 62
3
 48
25.4
100
AcDbCircle
 10
871.3530833127111
 20
354.6706151909784
 30
0.0
 40
2.049999999999999
  0
CIRCLE
  5
467
330
17
100
AcDbEntity
  8
CUT
  6
Continuous
 62
3
 48
25.4
100
AcDbCircle
 10
871.3530833127111
 20
334.6706151909784
 30
0.0
 40
2.049999999999999
  0
CIRCLE
  5
468
330
17
100
AcDbEntity
  8
CUT
  6
Continuous
 62
3
 48
25.4
100
AcDbCircle
 10
871.3530833127111
 20
314.6706151909784
 30
0.0
 40
2.049999999999999
  0
CIRCLE
  5
469
330
17
100
AcDbEntity
  8
CUT
  6
Continuous
 62
3
 48
25.4
100
AcDbCircle
 10
871.3530833127111
 20
294.6706151909784
 30
0.0
 40
2.049999999999999
  0
CIRCLE
  5
46A
330
17
100
AcDbEntity
  8
CUT
  6
Continuous
 62
3
 48
25.4
100
AcDbCircle
 10
891.3530833127111
 20
294.6706151909784
 30
0.0
 40
2.049999999999999
  0
CIRCLE
  5
46B
330
17
100
AcDbEntity
  8
CUT
  6
Continuous
 62
3
 48
25.4
100
AcDbCircle
 10
891.3530833127111
 20
314.6706151909784
 30
0.0
 40
2.049999999999999
  0
CIRCLE
  5
46C
330
17
100
AcDbEntity
  8
CUT
  6
Continuous
 62
3
 48
25.4
100
AcDbCircle
 10
891.3530833127111
 20
334.6706151909784
 30
0.0
 40
2.049999999999999
  0
CIRCLE
  5
46D
330
17
100
AcDbEntity
  8
CUT
  6
Continuous
 62
3
 48
25.4
100
AcDbCircle
 10
891.3530833127111
 20
354.6706151909784
 30
0.0
 40
2.049999999999999
  0
CIRCLE
  5
46E
330
17
100
AcDbEntity
  8
CUT
  6
Continuous
 62
3
 48
25.4
100
AcDbCircle
 10
891.3530833127111
 20
374.6706151909784
 30
0.0
 40
2.049999999999999
  0
CIRCLE
  5
46F
330
17
100
AcDbEntity
  8
CUT
  6
Continuous
 62
3
 48
25.4
100
AcDbCircle
 10
891.3530833127111
 20
394.6706151909784
 30
0.0
 40
2.049999999999999
  0
CIRCLE
  5
470
330
17
100
AcDbEntity
  8
CUT
  6
Continuous
 62
3
 48
25.4
100
AcDbCircle
 10
891.3530833127111
 20
414.6706151909784
 30
0.0
 40
2.049999999999999
  0
CIRCLE
  5
471
330
17
100
AcDbEntity
  8
CUT
  6
Continuous
 62
3
 48
25.4
100
AcDbCircle
 10
891.3530833127111
 20
434.6706151909784
 30
0.0
 40
2.049999999999999
  0
CIRCLE
  5
472
330
17
100
AcDbEntity
  8
CUT
  6
Continuous
 62
3
 48
25.4
100
AcDbCircle
 10
891.3530833127111
 20
454.6706151909784
 30
0.0
 40
2.049999999999999
  0
CIRCLE
  5
473
330
17
100
AcDbEntity
  8
CUT
  6
Continuous
 62
3
 48
25.4
100
AcDbCircle
 10
911.3530833127111
 20
454.6706151909784
 30
0.0
 40
2.049999999999999
  0
CIRCLE
  5
474
330
17
100
AcDbEntity
  8
CUT
  6
Continuous
 62
3
 48
25.4
100
AcDbCircle
 10
911.3530833127111
 20
434.6706151909784
 30
0.0
 40
2.049999999999999
  0
CIRCLE
  5
475
330
17
100
AcDbEntity
  8
CUT
  6
Continuous
 62
3
 48
25.4
100
AcDbCircle
 10
911.3530833127111
 20
414.6706151909784
 30
0.0
 40
2.049999999999999
  0
CIRCLE
  5
476
330
17
100
AcDbEntity
  8
CUT
  6
Continuous
 62
3
 48
25.4
100
AcDbCircle
 10
911.3530833127111
 20
394.6706151909784
 30
0.0
 40
2.049999999999999
  0
CIRCLE
  5
477
330
17
100
AcDbEntity
  8
CUT
  6
Continuous
 62
3
 48
25.4
100
AcDbCircle
 10
911.3530833127111
 20
374.6706151909784
 30
0.0
 40
2.049999999999999
  0
CIRCLE
  5
478
330
17
100
AcDbEntity
  8
CUT
  6
Continuous
 62
3
 48
25.4
100
AcDbCircle
 10
911.3530833127111
 20
354.6706151909784
 30
0.0
 40
2.049999999999999
  0
CIRCLE
  5
479
330
17
100
AcDbEntity
  8
CUT
  6
Continuous
 62
3
 48
25.4
100
AcDbCircle
 10
911.3530833127111
 20
334.6706151909784
 30
0.0
 40
2.049999999999999
  0
CIRCLE
  5
47A
330
17
100
AcDbEntity
  8
CUT
  6
Continuous
 62
3
 48
25.4
100
AcDbCircle
 10
911.3530833127111
 20
314.6706151909784
 30
0.0
 40
2.049999999999999
  0
CIRCLE
  5
47B
330
17
100
AcDbEntity
  8
CUT
  6
Continuous
 62
3
 48
25.4
100
AcDbCircle
 10
911.3530833127111
 20
294.6706151909784
 30
0.0
 40
2.049999999999999
  0
CIRCLE
  5
47C
330
17
100
AcDbEntity
  8
CUT
  6
Continuous
 62
3
 48
25.4
100
AcDbCircle
 10
931.3530833127111
 20
294.6706151909784
 30
0.0
 40
2.049999999999999
  0
CIRCLE
  5
47D
330
17
100
AcDbEntity
  8
CUT
  6
Continuous
 62
3
 48
25.4
100
AcDbCircle
 10
931.3530833127111
 20
314.6706151909784
 30
0.0
 40
2.049999999999999
  0
CIRCLE
  5
47E
330
17
100
AcDbEntity
  8
CUT
  6
Continuous
 62
3
 48
25.4
100
AcDbCircle
 10
931.3530833127111
 20
354.6706151909784
 30
0.0
 40
2.049999999999999
  0
CIRCLE
  5
47F
330
17
100
AcDbEntity
  8
CUT
  6
Continuous
 62
3
 48
25.4
100
AcDbCircle
 10
931.3530833127111
 20
374.6706151909784
 30
0.0
 40
2.049999999999999
  0
CIRCLE
  5
480
330
17
100
AcDbEntity
  8
CUT
  6
Continuous
 62
3
 48
25.4
100
AcDbCircle
 10
931.3530833127111
 20
394.6706151909784
 30
0.0
 40
2.049999999999999
  0
CIRCLE
  5
481
330
17
100
AcDbEntity
  8
CUT
  6
Continuous
 62
3
 48
25.4
100
AcDbCircle
 10
931.3530833127111
 20
414.6706151909784
 30
0.0
 40
2.049999999999999
  0
CIRCLE
  5
482
330
17
100
AcDbEntity
  8
CUT
  6
Continuous
 62
3
 48
25.4
100
AcDbCircle
 10
931.3530833127111
 20
434.6706151909784
 30
0.0
 40
2.049999999999999
  0
CIRCLE
  5
483
330
17
100
AcDbEntity
  8
CUT
  6
Continuous
 62
3
 48
25.4
100
AcDbCircle
 10
931.3530833127111
 20
454.6706151909784
 30
0.0
 40
2.049999999999999
  0
CIRCLE
  5
484
330
17
100
AcDbEntity
  8
CUT
  6
Continuous
 62
3
 48
25.4
100
AcDbCircle
 10
811.3530833127111
 20
294.6706151909784
 30
0.0
 40
2.049999999999999
  0
CIRCLE
  5
485
330
17
100
AcDbEntity
  8
CUT
  6
Continuous
 62
3
 48
25.4
100
AcDbCircle
 10
811.3530833127111
 20
314.6706151909784
 30
0.0
 40
2.049999999999999
  0
CIRCLE
  5
486
330
17
100
AcDbEntity
  8
CUT
  6
Continuous
 62
3
 48
25.4
100
AcDbCircle
 10
931.3530833127111
 20
334.6706151909784
 30
0.0
 40
2.049999999999999
  0
CIRCLE
  5
487
330
17
100
AcDbEntity
  8
CUT
  6
Continuous
 62
3
 48
25.4
100
AcDbCircle
 10
751.3530833127111
 20
274.6706151909784
 30
0.0
 40
2.049999999999999
  0
CIRCLE
  5
488
330
17
100
AcDbEntity
  8
CUT
  6
Continuous
 62
3
 48
25.4
100
AcDbCircle
 10
771.3530833127111
 20
274.6706151909784
 30
0.0
 40
2.049999999999999
  0
CIRCLE
  5
489
330
17
100
AcDbEntity
  8
CUT
  6
Continuous
 62
3
 48
25.4
100
AcDbCircle
 10
791.3530833127111
 20
274.6706151909784
 30
0.0
 40
2.049999999999999
  0
CIRCLE
  5
48A
330
17
100
AcDbEntity
  8
CUT
  6
Continuous
 62
3
 48
25.4
100
AcDbCircle
 10
811.3530833127111
 20
274.6706151909784
 30
0.0
 40
2.049999999999999
  0
CIRCLE
  5
48B
330
17
100
AcDbEntity
  8
CUT
  6
Continuous
 62
3
 48
25.4
100
AcDbCircle
 10
831.3530833127111
 20
274.6706151909784
 30
0.0
 40
2.049999999999999
  0
CIRCLE
  5
48C
330
17
100
AcDbEntity
  8
CUT
  6
Continuous
 62
3
 48
25.4
100
AcDbCircle
 10
851.3530833127111
 20
274.6706151909784
 30
0.0
 40
2.049999999999999
  0
CIRCLE
  5
48D
330
17
100
AcDbEntity
  8
CUT
  6
Continuous
 62
3
 48
25.4
100
AcDbCircle
 10
871.3530833127111
 20
274.6706151909784
 30
0.0
 40
2.049999999999999
  0
CIRCLE
  5
48E
330
17
100
AcDbEntity
  8
CUT
  6
Continuous
 62
3
 48
25.4
100
AcDbCircle
 10
891.3530833127111
 20
274.6706151909784
 30
0.0
 40
2.049999999999999
  0
CIRCLE
  5
48F
330
17
100
AcDbEntity
  8
CUT
  6
Continuous
 62
3
 48
25.4
100
AcDbCircle
 10
911.3530833127111
 20
274.6706151909784
 30
0.0
 40
2.049999999999999
  0
CIRCLE
  5
490
330
17
100
AcDbEntity
  8
CUT
  6
Continuous
 62
3
 48
25.4
100
AcDbCircle
 10
931.3530833127111
 20
274.6706151909784
 30
0.0
 40
2.049999999999999
  0
CIRCLE
  5
491
330
17
100
AcDbEntity
  8
CUT
  6
Continuous
 62
3
 48
25.4
100
AcDbCircle
 10
951.3530833127111
 20
74.67061519097842
 30
0.0
 40
2.049999999999999
  0
CIRCLE
  5
492
330
17
100
AcDbEntity
  8
CUT
  6
Continuous
 62
3
 48
25.4
100
AcDbCircle
 10
951.3530833127111
 20
94.67061519097842
 30
0.0
 40
2.049999999999999
  0
CIRCLE
  5
493
330
17
100
AcDbEntity
  8
CUT
  6
Continuous
 62
3
 48
25.4
100
AcDbCircle
 10
951.3530833127111
 20
114.67061519097842
 30
0.0
 40
2.049999999999999
  0
CIRCLE
  5
494
330
17
100
AcDbEntity
  8
CUT
  6
Continuous
 62
3
 48
25.4
100
AcDbCircle
 10
951.3530833127111
 20
134.67061519097842
 30
0.0
 40
2.049999999999999
  0
CIRCLE
  5
495
330
17
100
AcDbEntity
  8
CUT
  6
Continuous
 62
3
 48
25.4
100
AcDbCircle
 10
951.3530833127111
 20
154.67061519097842
 30
0.0
 40
2.049999999999999
  0
CIRCLE
  5
496
330
17
100
AcDbEntity
  8
CUT
  6
Continuous
 62
3
 48
25.4
100
AcDbCircle
 10
951.3530833127111
 20
174.67061519097842
 30
0.0
 40
2.049999999999999
  0
CIRCLE
  5
497
330
17
100
AcDbEntity
  8
CUT
  6
Continuous
 62
3
 48
25.4
100
AcDbCircle
 10
951.3530833127111
 20
194.67061519097842
 30
0.0
 40
2.049999999999999
  0
CIRCLE
  5
498
330
17
100
AcDbEntity
  8
CUT
  6
Continuous
 62
3
 48
25.4
100
AcDbCircle
 10
951.3530833127111
 20
214.67061519097842
 30
0.0
 40
2.049999999999999
  0
CIRCLE
  5
499
330
17
100
AcDbEntity
  8
CUT
  6
Continuous
 62
3
 48
25.4
100
AcDbCircle
 10
951.3530833127111
 20
234.67061519097842
 30
0.0
 40
2.049999999999999
  0
CIRCLE
  5
49A
330
17
100
AcDbEntity
  8
CUT
  6
Continuous
 62
3
 48
25.4
100
AcDbCircle
 10
951.3530833127111
 20
254.67061519097842
 30
0.0
 40
2.049999999999999
  0
CIRCLE
  5
49B
330
17
100
AcDbEntity
  8
CUT
  6
Continuous
 62
3
 48
25.4
100
AcDbCircle
 10
971.3530833127111
 20
254.67061519097842
 30
0.0
 40
2.049999999999999
  0
CIRCLE
  5
49C
330
17
100
AcDbEntity
  8
CUT
  6
Continuous
 62
3
 48
25.4
100
AcDbCircle
 10
971.3530833127111
 20
234.67061519097842
 30
0.0
 40
2.049999999999999
  0
CIRCLE
  5
49D
330
17
100
AcDbEntity
  8
CUT
  6
Continuous
 62
3
 48
25.4
100
AcDbCircle
 10
971.3530833127111
 20
214.67061519097842
 30
0.0
 40
2.049999999999999
  0
CIRCLE
  5
49E
330
17
100
AcDbEntity
  8
CUT
  6
Continuous
 62
3
 48
25.4
100
AcDbCircle
 10
971.3530833127111
 20
194.67061519097842
 30
0.0
 40
2.049999999999999
  0
CIRCLE
  5
49F
330
17
100
AcDbEntity
  8
CUT
  6
Continuous
 62
3
 48
25.4
100
AcDbCircle
 10
971.3530833127111
 20
174.67061519097842
 30
0.0
 40
2.049999999999999
  0
CIRCLE
  5
4A0
330
17
100
AcDbEntity
  8
CUT
  6
Continuous
 62
3
 48
25.4
100
AcDbCircle
 10
971.3530833127111
 20
154.67061519097842
 30
0.0
 40
2.049999999999999
  0
CIRCLE
  5
4A1
330
17
100
AcDbEntity
  8
CUT
  6
Continuous
 62
3
 48
25.4
100
AcDbCircle
 10
971.3530833127111
 20
134.67061519097842
 30
0.0
 40
2.049999999999999
  0
CIRCLE
  5
4A2
330
17
100
AcDbEntity
  8
CUT
  6
Continuous
 62
3
 48
25.4
100
AcDbCircle
 10
971.3530833127111
 20
114.67061519097842
 30
0.0
 40
2.049999999999999
  0
CIRCLE
  5
4A3
330
17
100
AcDbEntity
  8
CUT
  6
Continuous
 62
3
 48
25.4
100
AcDbCircle
 10
971.3530833127111
 20
94.67061519097842
 30
0.0
 40
2.049999999999999
  0
CIRCLE
  5
4A4
330
17
100
AcDbEntity
  8
CUT
  6
Continuous
 62
3
 48
25.4
100
AcDbCircle
 10
971.3530833127111
 20
74.67061519097842
 30
0.0
 40
2.049999999999999
  0
CIRCLE
  5
4A5
330
17
100
AcDbEntity
  8
CUT
  6
Continuous
 62
3
 48
25.4
100
AcDbCircle
 10
971.3530833127111
 20
54.67061519097843
 30
0.0
 40
2.049999999999999
  0
CIRCLE
  5
4A6
330
17
100
AcDbEntity
  8
CUT
  6
Continuous
 62
3
 48
25.4
100
AcDbCircle
 10
991.3530833127112
 20
54.67061519097843
 30
0.0
 40
2.049999999999999
  0
CIRCLE
  5
4A7
330
17
100
AcDbEntity
  8
CUT
  6
Continuous
 62
3
 48
25.4
100
AcDbCircle
 10
1011.3530833127112
 20
54.67061519097843
 30
0.0
 40
2.049999999999999
  0
CIRCLE
  5
4A8
330
17
100
AcDbEntity
  8
CUT
  6
Continuous
 62
3
 48
25.4
100
AcDbCircle
 10
1031.353083312711
 20
54.67061519097843
 30
0.0
 40
2.049999999999999
  0
CIRCLE
  5
4A9
330
17
100
AcDbEntity
  8
CUT
  6
Continuous
 62
3
 48
25.4
100
AcDbCircle
 10
1031.353083312711
 20
74.67061519097842
 30
0.0
 40
2.049999999999999
  0
CIRCLE
  5
4AA
330
17
100
AcDbEntity
  8
CUT
  6
Continuous
 62
3
 48
25.4
100
AcDbCircle
 10
1011.3530833127112
 20
74.67061519097842
 30
0.0
 40
2.049999999999999
  0
CIRCLE
  5
4AB
330
17
100
AcDbEntity
  8
CUT
  6
Continuous
 62
3
 48
25.4
100
AcDbCircle
 10
991.3530833127112
 20
74.67061519097842
 30
0.0
 40
2.049999999999999
  0
CIRCLE
  5
4AC
330
17
100
AcDbEntity
  8
CUT
  6
Continuous
 62
3
 48
25.4
100
AcDbCircle
 10
991.3530833127112
 20
94.67061519097842
 30
0.0
 40
2.049999999999999
  0
CIRCLE
  5
4AD
330
17
100
AcDbEntity
  8
CUT
  6
Continuous
 62
3
 48
25.4
100
AcDbCircle
 10
1011.3530833127112
 20
94.67061519097842
 30
0.0
 40
2.049999999999999
  0
CIRCLE
  5
4AE
330
17
100
AcDbEntity
  8
CUT
  6
Continuous
 62
3
 48
25.4
100
AcDbCircle
 10
1031.353083312711
 20
94.67061519097842
 30
0.0
 40
2.049999999999999
  0
CIRCLE
  5
4AF
330
17
100
AcDbEntity
  8
CUT
  6
Continuous
 62
3
 48
25.4
100
AcDbCircle
 10
1031.353083312711
 20
114.67061519097842
 30
0.0
 40
2.049999999999999
  0
CIRCLE
  5
4B0
330
17
100
AcDbEntity
  8
CUT
  6
Continuous
 62
3
 48
25.4
100
AcDbCircle
 10
1011.3530833127112
 20
114.67061519097842
 30
0.0
 40
2.049999999999999
  0
CIRCLE
  5
4B1
330
17
100
AcDbEntity
  8
CUT
  6
Continuous
 62
3
 48
25.4
100
AcDbCircle
 10
991.3530833127112
 20
114.67061519097842
 30
0.0
 40
2.049999999999999
  0
CIRCLE
  5
4B2
330
17
100
AcDbEntity
  8
CUT
  6
Continuous
 62
3
 48
25.4
100
AcDbCircle
 10
991.3530833127112
 20
134.67061519097842
 30
0.0
 40
2.049999999999999
  0
CIRCLE
  5
4B3
330
17
100
AcDbEntity
  8
CUT
  6
Continuous
 62
3
 48
25.4
100
AcDbCircle
 10
1011.3530833127112
 20
134.67061519097842
 30
0.0
 40
2.049999999999999
  0
CIRCLE
  5
4B4
330
17
100
AcDbEntity
  8
CUT
  6
Continuous
 62
3
 48
25.4
100
AcDbCircle
 10
1031.353083312711
 20
134.67061519097842
 30
0.0
 40
2.049999999999999
  0
CIRCLE
  5
4B5
330
17
100
AcDbEntity
  8
CUT
  6
Continuous
 62
3
 48
25.4
100
AcDbCircle
 10
1031.353083312711
 20
154.67061519097842
 30
0.0
 40
2.049999999999999
  0
CIRCLE
  5
4B6
330
17
100
AcDbEntity
  8
CUT
  6
Continuous
 62
3
 48
25.4
100
AcDbCircle
 10
1011.3530833127112
 20
154.67061519097842
 30
0.0
 40
2.049999999999999
  0
CIRCLE
  5
4B7
330
17
100
AcDbEntity
  8
CUT
  6
Continuous
 62
3
 48
25.4
100
AcDbCircle
 10
991.3530833127112
 20
154.67061519097842
 30
0.0
 40
2.049999999999999
  0
CIRCLE
  5
4B8
330
17
100
AcDbEntity
  8
CUT
  6
Continuous
 62
3
 48
25.4
100
AcDbCircle
 10
991.3530833127112
 20
174.67061519097842
 30
0.0
 40
2.049999999999999
  0
CIRCLE
  5
4B9
330
17
100
AcDbEntity
  8
CUT
  6
Continuous
 62
3
 48
25.4
100
AcDbCircle
 10
1011.3530833127112
 20
174.67061519097842
 30
0.0
 40
2.049999999999999
  0
CIRCLE
  5
4BA
330
17
100
AcDbEntity
  8
CUT
  6
Continuous
 62
3
 48
25.4
100
AcDbCircle
 10
1031.353083312711
 20
174.67061519097842
 30
0.0
 40
2.049999999999999
  0
CIRCLE
  5
4BB
330
17
100
AcDbEntity
  8
CUT
  6
Continuous
 62
3
 48
25.4
100
AcDbCircle
 10
1031.353083312711
 20
194.67061519097842
 30
0.0
 40
2.049999999999999
  0
CIRCLE
  5
4BC
330
17
100
AcDbEntity
  8
CUT
  6
Continuous
 62
3
 48
25.4
100
AcDbCircle
 10
1011.3530833127112
 20
194.67061519097842
 30
0.0
 40
2.049999999999999
  0
CIRCLE
  5
4BD
330
17
100
AcDbEntity
  8
CUT
  6
Continuous
 62
3
 48
25.4
100
AcDbCircle
 10
991.3530833127112
 20
194.67061519097842
 30
0.0
 40
2.049999999999999
  0
CIRCLE
  5
4BE
330
17
100
AcDbEntity
  8
CUT
  6
Continuous
 62
3
 48
25.4
100
AcDbCircle
 10
991.3530833127112
 20
214.67061519097842
 30
0.0
 40
2.049999999999999
  0
CIRCLE
  5
4BF
330
17
100
AcDbEntity
  8
CUT
  6
Continuous
 62
3
 48
25.4
100
AcDbCircle
 10
1011.3530833127112
 20
214.67061519097842
 30
0.0
 40
2.049999999999999
  0
CIRCLE
  5
4C0
330
17
100
AcDbEntity
  8
CUT
  6
Continuous
 62
3
 48
25.4
100
AcDbCircle
 10
1031.353083312711
 20
214.67061519097842
 30
0.0
 40
2.049999999999999
  0
CIRCLE
  5
4C1
330
17
100
AcDbEntity
  8
CUT
  6
Continuous
 62
3
 48
25.4
100
AcDbCircle
 10
1031.353083312711
 20
234.67061519097842
 30
0.0
 40
2.049999999999999
  0
CIRCLE
  5
4C2
330
17
100
AcDbEntity
  8
CUT
  6
Continuous
 62
3
 48
25.4
100
AcDbCircle
 10
1011.3530833127112
 20
234.67061519097842
 30
0.0
 40
2.049999999999999
  0
CIRCLE
  5
4C3
330
17
100
AcDbEntity
  8
CUT
  6
Continuous
 62
3
 48
25.4
100
AcDbCircle
 10
991.3530833127112
 20
234.67061519097842
 30
0.0
 40
2.049999999999999
  0
CIRCLE
  5
4C4
330
17
100
AcDbEntity
  8
CUT
  6
Continuous
 62
3
 48
25.4
100
AcDbCircle
 10
991.3530833127112
 20
254.67061519097842
 30
0.0
 40
2.049999999999999
  0
CIRCLE
  5
4C5
330
17
100
AcDbEntity
  8
CUT
  6
Continuous
 62
3
 48
25.4
100
AcDbCircle
 10
1011.3530833127112
 20
254.67061519097842
 30
0.0
 40
2.049999999999999
  0
CIRCLE
  5
4C6
330
17
100
AcDbEntity
  8
CUT
  6
Continuous
 62
3
 48
25.4
100
AcDbCircle
 10
1031.353083312711
 20
254.67061519097842
 30
0.0
 40
2.049999999999999
  0
CIRCLE
  5
4C7
330
17
100
AcDbEntity
  8
CUT
  6
Continuous
 62
3
 48
25.4
100
AcDbCircle
 10
951.3530833127111
 20
54.67061519097843
 30
0.0
 40
2.049999999999999
  0
CIRCLE
  5
4C8
330
17
100
AcDbEntity
  8
CUT
  6
Continuous
 62
3
 48
25.4
100
AcDbCircle
 10
951.3530833127111
 20
274.6706151909784
 30
0.0
 40
2.049999999999999
  0
CIRCLE
  5
4C9
330
17
100
AcDbEntity
  8
CUT
  6
Continuous
 62
3
 48
25.4
100
AcDbCircle
 10
971.3530833127111
 20
274.6706151909784
 30
0.0
 40
2.049999999999999
  0
CIRCLE
  5
4CA
330
17
100
AcDbEntity
  8
CUT
  6
Continuous
 62
3
 48
25.4
100
AcDbCircle
 10
991.3530833127112
 20
274.6706151909784
 30
0.0
 40
2.049999999999999
  0
CIRCLE
  5
4CB
330
17
100
AcDbEntity
  8
CUT
  6
Continuous
 62
3
 48
25.4
100
AcDbCircle
 10
1011.3530833127112
 20
274.6706151909784
 30
0.0
 40
2.049999999999999
  0
CIRCLE
  5
4CC
330
17
100
AcDbEntity
  8
CUT
  6
Continuous
 62
3
 48
25.4
100
AcDbCircle
 10
1031.353083312711
 20
274.6706151909784
 30
0.0
 40
2.049999999999999
  0
CIRCLE
  5
4CD
330
17
100
AcDbEntity
  8
CUT
  6
Continuous
 62
3
 48
25.4
100
AcDbCircle
 10
1031.353083312711
 20
294.6706151909784
 30
0.0
 40
2.049999999999999
  0
CIRCLE
  5
4CE
330
17
100
AcDbEntity
  8
CUT
  6
Continuous
 62
3
 48
25.4
100
AcDbCircle
 10
1011.3530833127112
 20
294.6706151909784
 30
0.0
 40
2.049999999999999
  0
CIRCLE
  5
4CF
330
17
100
AcDbEntity
  8
CUT
  6
Continuous
 62
3
 48
25.4
100
AcDbCircle
 10
991.3530833127112
 20
294.6706151909784
 30
0.0
 40
2.049999999999999
  0
CIRCLE
  5
4D0
330
17
100
AcDbEntity
  8
CUT
  6
Continuous
 62
3
 48
25.4
100
AcDbCircle
 10
971.3530833127111
 20
294.6706151909784
 30
0.0
 40
2.049999999999999
  0
CIRCLE
  5
4D1
330
17
100
AcDbEntity
  8
CUT
  6
Continuous
 62
3
 48
25.4
100
AcDbCircle
 10
951.3530833127111
 20
294.6706151909784
 30
0.0
 40
2.049999999999999
  0
CIRCLE
  5
4D2
330
17
100
AcDbEntity
  8
CUT
  6
Continuous
 62
3
 48
25.4
100
AcDbCircle
 10
951.3530833127111
 20
314.6706151909784
 30
0.0
 40
2.049999999999999
  0
CIRCLE
  5
4D3
330
17
100
AcDbEntity
  8
CUT
  6
Continuous
 62
3
 48
25.4
100
AcDbCircle
 10
971.3530833127111
 20
314.6706151909784
 30
0.0
 40
2.049999999999999
  0
CIRCLE
  5
4D4
330
17
100
AcDbEntity
  8
CUT
  6
Continuous
 62
3
 48
25.4
100
AcDbCircle
 10
991.3530833127112
 20
314.6706151909784
 30
0.0
 40
2.049999999999999
  0
CIRCLE
  5
4D5
330
17
100
AcDbEntity
  8
CUT
  6
Continuous
 62
3
 48
25.4
100
AcDbCircle
 10
1011.3530833127112
 20
314.6706151909784
 30
0.0
 40
2.049999999999999
  0
CIRCLE
  5
4D6
330
17
100
AcDbEntity
  8
CUT
  6
Continuous
 62
3
 48
25.4
100
AcDbCircle
 10
1031.353083312711
 20
314.6706151909784
 30
0.0
 40
2.049999999999999
  0
CIRCLE
  5
4D7
330
17
100
AcDbEntity
  8
CUT
  6
Continuous
 62
3
 48
25.4
100
AcDbCircle
 10
1031.353083312711
 20
334.6706151909784
 30
0.0
 40
2.049999999999999
  0
CIRCLE
  5
4D8
330
17
100
AcDbEntity
  8
CUT
  6
Continuous
 62
3
 48
25.4
100
AcDbCircle
 10
1011.3530833127112
 20
334.6706151909784
 30
0.0
 40
2.049999999999999
  0
CIRCLE
  5
4D9
330
17
100
AcDbEntity
  8
CUT
  6
Continuous
 62
3
 48
25.4
100
AcDbCircle
 10
991.3530833127112
 20
334.6706151909784
 30
0.0
 40
2.049999999999999
  0
CIRCLE
  5
4DA
330
17
100
AcDbEntity
  8
CUT
  6
Continuous
 62
3
 48
25.4
100
AcDbCircle
 10
971.3530833127111
 20
334.6706151909784
 30
0.0
 40
2.049999999999999
  0
CIRCLE
  5
4DB
330
17
100
AcDbEntity
  8
CUT
  6
Continuous
 62
3
 48
25.4
100
AcDbCircle
 10
951.3530833127111
 20
334.6706151909784
 30
0.0
 40
2.049999999999999
  0
CIRCLE
  5
4DC
330
17
100
AcDbEntity
  8
CUT
  6
Continuous
 62
3
 48
25.4
100
AcDbCircle
 10
951.3530833127111
 20
354.6706151909784
 30
0.0
 40
2.049999999999999
  0
CIRCLE
  5
4DD
330
17
100
AcDbEntity
  8
CUT
  6
Continuous
 62
3
 48
25.4
100
AcDbCircle
 10
971.3530833127111
 20
354.6706151909784
 30
0.0
 40
2.049999999999999
  0
CIRCLE
  5
4DE
330
17
100
AcDbEntity
  8
CUT
  6
Continuous
 62
3
 48
25.4
100
AcDbCircle
 10
991.3530833127112
 20
354.6706151909784
 30
0.0
 40
2.049999999999999
  0
CIRCLE
  5
4DF
330
17
100
AcDbEntity
  8
CUT
  6
Continuous
 62
3
 48
25.4
100
AcDbCircle
 10
1011.3530833127112
 20
354.6706151909784
 30
0.0
 40
2.049999999999999
  0
CIRCLE
  5
4E0
330
17
100
AcDbEntity
  8
CUT
  6
Continuous
 62
3
 48
25.4
100
AcDbCircle
 10
1031.353083312711
 20
354.6706151909784
 30
0.0
 40
2.049999999999999
  0
CIRCLE
  5
4E1
330
17
100
AcDbEntity
  8
CUT
  6
Continuous
 62
3
 48
25.4
100
AcDbCircle
 10
1031.353083312711
 20
374.6706151909784
 30
0.0
 40
2.049999999999999
  0
CIRCLE
  5
4E2
330
17
100
AcDbEntity
  8
CUT
  6
Continuous
 62
3
 48
25.4
100
AcDbCircle
 10
1011.3530833127112
 20
374.6706151909784
 30
0.0
 40
2.049999999999999
  0
CIRCLE
  5
4E3
330
17
100
AcDbEntity
  8
CUT
  6
Continuous
 62
3
 48
25.4
100
AcDbCircle
 10
991.3530833127112
 20
374.6706151909784
 30
0.0
 40
2.049999999999999
  0
CIRCLE
  5
4E4
330
17
100
AcDbEntity
  8
CUT
  6
Continuous
 62
3
 48
25.4
100
AcDbCircle
 10
971.3530833127111
 20
374.6706151909784
 30
0.0
 40
2.049999999999999
  0
CIRCLE
  5
4E5
330
17
100
AcDbEntity
  8
CUT
  6
Continuous
 62
3
 48
25.4
100
AcDbCircle
 10
951.3530833127111
 20
374.6706151909784
 30
0.0
 40
2.049999999999999
  0
CIRCLE
  5
4E6
330
17
100
AcDbEntity
  8
CUT
  6
Continuous
 62
3
 48
25.4
100
AcDbCircle
 10
951.3530833127111
 20
394.6706151909784
 30
0.0
 40
2.049999999999999
  0
CIRCLE
  5
4E7
330
17
100
AcDbEntity
  8
CUT
  6
Continuous
 62
3
 48
25.4
100
AcDbCircle
 10
971.3530833127111
 20
394.6706151909784
 30
0.0
 40
2.049999999999999
  0
CIRCLE
  5
4E8
330
17
100
AcDbEntity
  8
CUT
  6
Continuous
 62
3
 48
25.4
100
AcDbCircle
 10
991.3530833127112
 20
394.6706151909784
 30
0.0
 40
2.049999999999999
  0
CIRCLE
  5
4E9
330
17
100
AcDbEntity
  8
CUT
  6
Continuous
 62
3
 48
25.4
100
AcDbCircle
 10
1011.3530833127112
 20
394.6706151909784
 30
0.0
 40
2.049999999999999
  0
CIRCLE
  5
4EA
330
17
100
AcDbEntity
  8
CUT
  6
Continuous
 62
3
 48
25.4
100
AcDbCircle
 10
1031.353083312711
 20
394.6706151909784
 30
0.0
 40
2.049999999999999
  0
CIRCLE
  5
4EB
330
17
100
AcDbEntity
  8
CUT
  6
Continuous
 62
3
 48
25.4
100
AcDbCircle
 10
1031.353083312711
 20
414.6706151909784
 30
0.0
 40
2.049999999999999
  0
CIRCLE
  5
4EC
330
17
100
AcDbEntity
  8
CUT
  6
Continuous
 62
3
 48
25.4
100
AcDbCircle
 10
1011.3530833127112
 20
414.6706151909784
 30
0.0
 40
2.049999999999999
  0
CIRCLE
  5
4ED
330
17
100
AcDbEntity
  8
CUT
  6
Continuous
 62
3
 48
25.4
100
AcDbCircle
 10
991.3530833127112
 20
414.6706151909784
 30
0.0
 40
2.049999999999999
  0
CIRCLE
  5
4EE
330
17
100
AcDbEntity
  8
CUT
  6
Continuous
 62
3
 48
25.4
100
AcDbCircle
 10
971.3530833127111
 20
414.6706151909784
 30
0.0
 40
2.049999999999999
  0
CIRCLE
  5
4EF
330
17
100
AcDbEntity
  8
CUT
  6
Continuous
 62
3
 48
25.4
100
AcDbCircle
 10
951.3530833127111
 20
414.6706151909784
 30
0.0
 40
2.049999999999999
  0
CIRCLE
  5
4F0
330
17
100
AcDbEntity
  8
CUT
  6
Continuous
 62
3
 48
25.4
100
AcDbCircle
 10
951.3530833127111
 20
434.6706151909784
 30
0.0
 40
2.049999999999999
  0
CIRCLE
  5
4F1
330
17
100
AcDbEntity
  8
CUT
  6
Continuous
 62
3
 48
25.4
100
AcDbCircle
 10
971.3530833127111
 20
434.6706151909784
 30
0.0
 40
2.049999999999999
  0
CIRCLE
  5
4F2
330
17
100
AcDbEntity
  8
CUT
  6
Continuous
 62
3
 48
25.4
100
AcDbCircle
 10
991.3530833127112
 20
434.6706151909784
 30
0.0
 40
2.049999999999999
  0
CIRCLE
  5
4F3
330
17
100
AcDbEntity
  8
CUT
  6
Continuous
 62
3
 48
25.4
100
AcDbCircle
 10
1011.3530833127112
 20
434.6706151909784
 30
0.0
 40
2.049999999999999
  0
CIRCLE
  5
4F4
330
17
100
AcDbEntity
  8
CUT
  6
Continuous
 62
3
 48
25.4
100
AcDbCircle
 10
1031.353083312711
 20
434.6706151909784
 30
0.0
 40
2.049999999999999
  0
CIRCLE
  5
4F5
330
17
100
AcDbEntity
  8
CUT
  6
Continuous
 62
3
 48
25.4
100
AcDbCircle
 10
1031.353083312711
 20
454.6706151909784
 30
0.0
 40
2.049999999999999
  0
CIRCLE
  5
4F6
330
17
100
AcDbEntity
  8
CUT
  6
Continuous
 62
3
 48
25.4
100
AcDbCircle
 10
1011.3530833127112
 20
454.6706151909784
 30
0.0
 40
2.049999999999999
  0
CIRCLE
  5
4F7
330
17
100
AcDbEntity
  8
CUT
  6
Continuous
 62
3
 48
25.4
100
AcDbCircle
 10
991.3530833127112
 20
454.6706151909784
 30
0.0
 40
2.049999999999999
  0
CIRCLE
  5
4F8
330
17
100
AcDbEntity
  8
CUT
  6
Continuous
 62
3
 48
25.4
100
AcDbCircle
 10
971.3530833127111
 20
454.6706151909784
 30
0.0
 40
2.049999999999999
  0
CIRCLE
  5
4F9
330
17
100
AcDbEntity
  8
CUT
  6
Continuous
 62
3
 48
25.4
100
AcDbCircle
 10
951.3530833127111
 20
454.6706151909784
 30
0.0
 40
2.049999999999999
  0
CIRCLE
  5
4FA
330
17
100
AcDbEntity
  8
CUT
  6
Continuous
 62
3
 48
25.4
100
AcDbCircle
 10
951.3530833127111
 20
474.6706151909784
 30
0.0
 40
2.049999999999999
  0
CIRCLE
  5
4FB
330
17
100
AcDbEntity
  8
CUT
  6
Continuous
 62
3
 48
25.4
100
AcDbCircle
 10
971.3530833127111
 20
474.6706151909784
 30
0.0
 40
2.049999999999999
  0
CIRCLE
  5
4FC
330
17
100
AcDbEntity
  8
CUT
  6
Continuous
 62
3
 48
25.4
100
AcDbCircle
 10
991.3530833127112
 20
474.6706151909784
 30
0.0
 40
2.049999999999999
  0
CIRCLE
  5
4FD
330
17
100
AcDbEntity
  8
CUT
  6
Continuous
 62
3
 48
25.4
100
AcDbCircle
 10
1011.3530833127112
 20
474.6706151909784
 30
0.0
 40
2.049999999999999
  0
CIRCLE
  5
4FE
330
17
100
AcDbEntity
  8
CUT
  6
Continuous
 62
3
 48
25.4
100
AcDbCircle
 10
1031.353083312711
 20
474.6706151909784
 30
0.0
 40
2.049999999999999
  0
CIRCLE
  5
4FF
330
17
100
AcDbEntity
  8
CUT
  6
Continuous
 62
3
 48
25.4
100
AcDbCircle
 10
1031.353083312711
 20
494.6706151909784
 30
0.0
 40
2.049999999999999
  0
CIRCLE
  5
500
330
17
100
AcDbEntity
  8
CUT
  6
Continuous
 62
3
 48
25.4
100
AcDbCircle
 10
1011.3530833127112
 20
494.6706151909784
 30
0.0
 40
2.049999999999999
  0
CIRCLE
  5
501
330
17
100
AcDbEntity
  8
CUT
  6
Continuous
 62
3
 48
25.4
100
AcDbCircle
 10
991.3530833127112
 20
494.6706151909784
 30
0.0
 40
2.049999999999999
  0
CIRCLE
  5
502
330
17
100
AcDbEntity
  8
CUT
  6
Continuous
 62
3
 48
25.4
100
AcDbCircle
 10
971.3530833127111
 20
494.6706151909784
 30
0.0
 40
2.049999999999999
  0
CIRCLE
  5
503
330
17
100
AcDbEntity
  8
CUT
  6
Continuous
 62
3
 48
25.4
100
AcDbCircle
 10
951.3530833127111
 20
494.6706151909784
 30
0.0
 40
2.049999999999999
  0
LINE
  5
504
330
17
100
AcDbEntity
  8
CUT
  6
Continuous
 62
3
 48
25.4
100
AcDbLine
 10
1044.5330833127111
 20
11.58145607637843
 30
0.0
 11
531.3530833127112
 21
11.58145607637843
 31
0.0
  0
CIRCLE
  5
505
330
17
100
AcDbEntity
  8
CUT
  6
Continuous
 62
3
 48
25.4
100
AcDbCircle
 10
557.9006032627111
 20
587.9131376099783
 30
0.0
 40
2.049999999999999
  0
CIRCLE
  5
506
330
17
100
AcDbEntity
  8
CUT
  6
Continuous
 62
3
 48
25.4
100
AcDbCircle
 10
673.7907946721112
 20
573.5285606092784
 30
0.0
 40
2.049999999999999
  0
CIRCLE
  5
507
330
17
100
AcDbEntity
  8
CUT
  6
Continuous
 62
3
 48
25.4
100
AcDbCircle
 10
789.6809860815112
 20
559.1439836085784
 30
0.0
 40
2.049999999999999
  0
CIRCLE
  5
508
330
17
100
AcDbEntity
  8
CUT
  6
Continuous
 62
3
 48
25.4
100
AcDbCircle
 10
905.5711774908111
 20
544.7594066077785
 30
0.0
 40
2.049999999999999
  0
CIRCLE
  5
509
330
17
100
AcDbEntity
  8
CUT
  6
Continuous
 62
3
 48
25.4
100
AcDbCircle
 10
1021.4613689002111
 20
530.3748296070784
 30
0.0
 40
2.049999999999999
  0
CIRCLE
  5
50A
330
17
100
AcDbEntity
  8
CUT
  6
Continuous
 62
3
 48
25.4
100
AcDbCircle
 10
556.3530833127111
 20
21.58145607637843
 30
0.0
 40
2.049999999999999
  0
CIRCLE
  5
50B
330
17
100
AcDbEntity
  8
CUT
  6
Continuous
 62
3
 48
25.4
100
AcDbCircle
 10
672.1480833127112
 20
21.58145607637843
 30
0.0
 40
2.049999999999999
  0
CIRCLE
  5
50C
330
17
100
AcDbEntity
  8
CUT
  6
Continuous
 62
3
 48
25.4
100
AcDbCircle
 10
787.9430833127112
 20
21.58145607637843
 30
0.0
 40
2.049999999999999
  0
CIRCLE
  5
50D
330
17
100
AcDbEntity
  8
CUT
  6
Continuous
 62
3
 48
25.4
100
AcDbCircle
 10
903.7380833127112
 20
21.58145607637843
 30
0.0
 40
2.049999999999999
  0
CIRCLE
  5
50E
330
17
100
AcDbEntity
  8
CUT
  6
Continuous
 62
3
 48
25.4
100
AcDbCircle
 10
1019.5330833127111
 20
23.63145607637843
 30
0.0
 40
2.049999999999999
  0
LINE
  5
50F
330
17
100
AcDbEntity
  8
CUT
 62
4
 48
25.4
100
AcDbLine
 10
1072.5941564459386
 20
32.4801990063
 30
0.0
 11
1667.9941564459386
 21
32.480199006299884
 31
0.0
  0
LINE
  5
510
330
17
100
AcDbEntity
  8
CUT
 62
4
 48
25.4
100
AcDbLine
 10
1072.5941564459386
 20
348.7804902356
 30
0.0
 11
1667.9941564459386
 21
348.78049023559987
 31
0.0
  0
LINE
  5
511
330
17
100
AcDbEntity
  8
CUT
 62
4
 48
25.4
100
AcDbLine
 10
1667.9941564459386
 20
333.99447701949987
 30
0.0
 11
1072.5941564459386
 21
333.9944770195
 31
0.0
  0
LINE
  5
512
330
17
100
AcDbEntity
  8
CUT
 62
4
 48
25.4
100
AcDbLine
 10
1071.3139574396384
 20
204.5259280794
 30
0.0
 11
1071.3139574396384
 21
333.21213318229997
 31
0.0
  0
LINE
  5
513
330
17
100
AcDbEntity
  8
CUT
 62
4
 48
25.4
100
AcDbLine
 10
1669.2743554522385
 20
52.72079602529986
 30
0.0
 11
1669.2743554522385
 21
203.6724620751999
 31
0.0
  0
LINE
  5
514
330
17
100
AcDbEntity
  8
CUT
 62
4
 48
25.4
100
AcDbLine
 10
1667.9941564459386
 20
51.440597018999895
 30
0.0
 11
1072.5941564459386
 21
51.44059701900001
 31
0.0
  0
LINE
  5
515
330
17
100
AcDbEntity
  8
CUT
 62
4
 48
25.4
100
AcDbLine
 10
1071.3139574396384
 20
203.6724620752
 30
0.0
 11
1071.3139574396384
 21
52.720796025299975
 31
0.0
  0
LINE
  5
516
330
17
100
AcDbEntity
  8
CUT
 62
4
 48
25.4
100
AcDbLine
 10
1072.5941564459386
 20
204.09919507729998
 30
0.0
 11
1667.9941564459386
 21
204.0991950772999
 31
0.0
  0
LINE
  5
517
330
17
100
AcDbEntity
  8
CUT
 62
4
 48
25.4
100
AcDbLine
 10
1669.2743554522385
 20
333.2121331822999
 30
0.0
 11
1669.2743554522385
 21
204.52592807939988
 31
0.0
  0
LINE
  5
518
330
17
100
AcDbEntity
  8
CUT
  6
Continuous
 62
3
 48
25.4
100
AcDbLine
 10
1072.5941564459386
 20
12.50000000000001
 30
0.0
 11
1667.9941564459386
 21
12.499999999999897
 31
0.0
  0
LINE
  5
519
330
17
100
AcDbEntity
  8
CUT
  6
Continuous
 62
3
 48
25.4
100
AcDbLine
 10
1617.1801329376385
 20
346.3002912291999
 30
0.0
 11
1617.1801329376385
 21
345.40029122919987
 31
0.0
  0
LINE
  5
51A
330
17
100
AcDbEntity
  8
CUT
  6
Continuous
 62
3
 48
25.4
100
AcDbLine
 10
1617.1801329376385
 20
345.40029122919987
 30
0.0
 11
1586.7941564459386
 21
345.40029122919987
 31
0.0
  0
LINE
  5
51B
330
17
100
AcDbEntity
  8
CUT
  6
Continuous
 62
3
 48
25.4
100
AcDbLine
 10
1153.7941564459386
 20
345.40029122919987
 30
0.0
 11
1123.3941564459385
 21
345.4002912292
 31
0.0
  0
LINE
  5
51C
330
17
100
AcDbEntity
  8
CUT
  6
Continuous
 62
3
 48
25.4
100
AcDbLine
 10
1617.1941564459385
 20
347.5002912291998
 30
0.0
 11
1617.1941564459385
 21
346.3002912291999
 31
0.0
  0
LINE
  5
51D
330
17
100
AcDbEntity
  8
CUT
  6
Continuous
 62
3
 48
25.4
100
AcDbLine
 10
1617.1941564459385
 20
346.3002912291999
 30
0.0
 11
1617.1801329376385
 21
346.3002912291999
 31
0.0
  0
CIRCLE
  5
51E
330
17
100
AcDbEntity
  8
CUT
  6
Continuous
 62
3
 48
25.4
100
AcDbCircle
 10
1061.3337584332385
 20
77.72079602529999
 30
0.0
 40
2.049999999999999
  0
CIRCLE
  5
51F
330
17
100
AcDbEntity
  8
CUT
  6
Continuous
 62
3
 48
25.4
100
AcDbCircle
 10
1061.3337584332385
 20
175.82410883609998
 30
0.0
 40
2.049999999999999
  0
CIRCLE
  5
520
330
17
100
AcDbEntity
  8
CUT
  6
Continuous
 62
3
 48
25.4
100
AcDbCircle
 10
1061.3337584332385
 20
232.37428131849998
 30
0.0
 40
2.049999999999999
  0
CIRCLE
  5
521
330
17
100
AcDbEntity
  8
CUT
  6
Continuous
 62
3
 48
25.4
100
AcDbCircle
 10
1679.2545544586385
 20
232.3742813184999
 30
0.0
 40
2.049999999999999
  0
CIRCLE
  5
522
330
17
100
AcDbEntity
  8
CUT
  6
Continuous
 62
3
 48
25.4
100
AcDbCircle
 10
1061.3337584332385
 20
310.1096449368
 30
0.0
 40
2.049999999999999
  0
CIRCLE
  5
523
330
17
100
AcDbEntity
  8
CUT
  6
Continuous
 62
3
 48
25.4
100
AcDbCircle
 10
1679.2545544586385
 20
310.1096449367999
 30
0.0
 40
2.049999999999999
  0
LINE
  5
524
330
17
100
AcDbEntity
  8
CUT
  6
Continuous
 62
3
 48
25.4
100
AcDbLine
 10
1072.5941564459386
 20
348.7804902356
 30
0.0
 11
1087.5743554522385
 21
363.76068924189997
 31
0.0
  0
LINE
  5
525
330
17
100
AcDbEntity
  8
CUT
  6
Continuous
 62
3
 48
25.4
100
AcDbLine
 10
1653.0139574396385
 20
363.7606892418999
 30
0.0
 11
1667.9941564459386
 21
348.78049023559987
 31
0.0
  0
LINE
  5
526
330
17
100
AcDbEntity
  8
CUT
  6
Continuous
 62
3
 48
25.4
100
AcDbLine
 10
1051.3337584332385
 20
198.3187838868
 30
0.0
 11
1051.3337584332385
 21
52.720796025299975
 31
0.0
  0
LINE
  5
527
330
17
100
AcDbEntity
  8
CUT
  6
Continuous
 62
3
 48
25.4
100
AcDbLine
 10
1689.2545544586385
 20
209.8796062677999
 30
0.0
 11
1689.2545544586385
 21
335.1096449367999
 31
0.0
  0
LINE
  5
528
330
17
100
AcDbEntity
  8
CUT
  6
Continuous
 62
3
 48
25.4
100
AcDbLine
 10
1689.2545544586385
 20
335.1096449367999
 30
0.0
 11
1670.5545544586384
 21
335.1096449367999
 31
0.0
  0
LINE
  5
529
330
17
100
AcDbEntity
  8
CUT
  6
Continuous
 62
3
 48
25.4
100
AcDbLine
 10
1670.5545544586384
 20
335.1096449367999
 30
0.0
 11
1670.5545544586384
 21
333.2121331822999
 31
0.0
  0
CIRCLE
  5
52A
330
17
100
AcDbEntity
  8
CUT
  6
Continuous
 62
3
 48
25.4
100
AcDbCircle
 10
1371.4441564459385
 20
41.46039801269994
 30
0.0
 40
2.049999999999999
  0
CIRCLE
  5
52B
330
17
100
AcDbEntity
  8
CUT
  6
Continuous
 62
3
 48
25.4
100
AcDbCircle
 10
1132.5941564459386
 20
41.4603980127
 30
0.0
 40
2.049999999999999
  0
CIRCLE
  5
52C
330
17
100
AcDbEntity
  8
CUT
  6
Continuous
 62
3
 48
25.4
100
AcDbCircle
 10
1610.2941564459386
 20
41.46039801269991
 30
0.0
 40
2.049999999999999
  0
LINE
  5
52D
330
17
100
AcDbEntity
  8
CUT
  6
Continuous
 62
3
 48
25.4
100
AcDbLine
 10
1689.2545544586385
 20
52.72079602529986
 30
0.0
 11
1689.2545544586385
 21
198.31878388679988
 31
0.0
  0
CIRCLE
  5
52E
330
17
100
AcDbEntity
  8
CUT
  6
Continuous
 62
3
 48
25.4
100
AcDbCircle
 10
1679.2545544586385
 20
77.72079602529988
 30
0.0
 40
2.049999999999999
  0
CIRCLE
  5
52F
330
17
100
AcDbEntity
  8
CUT
  6
Continuous
 62
3
 48
25.4
100
AcDbCircle
 10
1679.2545544586385
 20
175.8241088360999
 30
0.0
 40
2.049999999999999
  0
LINE
  5
530
330
17
100
AcDbEntity
  8
CUT
  6
Continuous
 62
3
 48
25.4
100
AcDbLine
 10
1087.5743554522385
 20
363.76068924189997
 30
0.0
 11
1653.0139574396385
 21
363.7606892418999
 31
0.0
  0
LINE
  5
531
330
17
100
AcDbEntity
  8
CUT
  6
Continuous
 62
3
 48
25.4
100
AcDbLine
 10
1070.0337584332387
 20
335.1096449368
 30
0.0
 11
1051.3337584332385
 21
335.1096449368
 31
0.0
  0
LINE
  5
532
330
17
100
AcDbEntity
  8
CUT
  6
Continuous
 62
3
 48
25.4
100
AcDbLine
 10
1051.3337584332385
 20
335.1096449368
 30
0.0
 11
1051.3337584332385
 21
209.8796062678
 31
0.0
  0
LINE
  5
533
330
17
100
AcDbEntity
  8
CUT
  6
Continuous
 62
3
 48
25.4
100
AcDbLine
 10
1586.7941564459386
 20
347.7852182990999
 30
0.0
 11
1617.1801329376385
 21
347.7852182990999
 31
0.0
  0
LINE
  5
534
330
17
100
AcDbEntity
  8
CUT
  6
Continuous
 62
3
 48
25.4
100
AcDbLine
 10
1617.1801329376385
 20
347.7852182990999
 30
0.0
 11
1617.1801329376385
 21
347.5002912291998
 31
0.0
  0
LINE
  5
535
330
17
100
AcDbEntity
  8
CUT
  6
Continuous
 62
3
 48
25.4
100
AcDbLine
 10
1617.1801329376385
 20
347.5002912291998
 30
0.0
 11
1617.1941564459385
 21
347.5002912291998
 31
0.0
  0
LINE
  5
536
330
17
100
AcDbEntity
  8
CUT
  6
Continuous
 62
3
 48
25.4
100
AcDbLine
 10
1123.3941564459385
 20
345.4002912292
 30
0.0
 11
1123.3941564459385
 21
347.7852182991
 31
0.0
  0
LINE
  5
537
330
17
100
AcDbEntity
  8
CUT
  6
Continuous
 62
3
 48
25.4
100
AcDbLine
 10
1123.3941564459385
 20
347.7852182991
 30
0.0
 11
1153.7941564459386
 21
347.7852182991
 31
0.0
  0
LINE
  5
538
330
17
100
AcDbEntity
  8
CUT
  6
Continuous
 62
3
 48
25.4
100
AcDbLine
 10
1153.7941564459386
 20
347.7852182991
 30
0.0
 11
1153.7941564459386
 21
345.40029122919987
 31
0.0
  0
LINE
  5
539
330
17
100
AcDbEntity
  8
CUT
  6
Continuous
 62
3
 48
25.4
100
AcDbLine
 10
1586.7941564459386
 20
345.40029122919987
 30
0.0
 11
1586.7941564459386
 21
347.7852182990999
 31
0.0
  0
LINE
  5
53A
330
17
100
AcDbEntity
  8
CUT
  6
Continuous
 62
3
 48
25.4
100
AcDbLine
 10
1667.9941564459386
 20
333.2121331822999
 30
0.0
 11
1670.5545544586384
 21
333.2121331822999
 31
0.0
  0
LINE
  5
53B
330
17
100
AcDbEntity
  8
CUT
  6
Continuous
 62
3
 48
25.4
100
AcDbLine
 10
1689.2545544586385
 20
209.8796062677999
 30
0.0
 11
1669.2743554522385
 21
204.52592807939988
 31
0.0
  0
LINE
  5
53C
330
17
100
AcDbEntity
  8
CUT
  6
Continuous
 62
3
 48
25.4
100
AcDbLine
 10
1669.2743554522385
 20
204.52592807939988
 30
0.0
 11
1667.9941564459386
 21
204.52592807939988
 31
0.0
  0
LINE
  5
53D
330
17
100
AcDbEntity
  8
CUT
  6
Continuous
 62
3
 48
25.4
100
AcDbLine
 10
1667.9941564459386
 20
204.52592807939988
 30
0.0
 11
1667.9941564459386
 21
203.6724620751999
 31
0.0
  0
LINE
  5
53E
330
17
100
AcDbEntity
  8
CUT
  6
Continuous
 62
3
 48
25.4
100
AcDbLine
 10
1072.5941564459386
 20
203.6724620752
 30
0.0
 11
1072.5941564459386
 21
204.5259280794
 31
0.0
  0
LINE
  5
53F
330
17
100
AcDbEntity
  8
CUT
  6
Continuous
 62
3
 48
25.4
100
AcDbLine
 10
1071.3139574396384
 20
203.6724620752
 30
0.0
 11
1072.5941564459386
 21
203.6724620752
 31
0.0
  0
LINE
  5
540
330
17
100
AcDbEntity
  8
CUT
  6
Continuous
 62
3
 48
25.4
100
AcDbLine
 10
1051.3337584332385
 20
198.3187838868
 30
0.0
 11
1071.3139574396384
 21
203.6724620752
 31
0.0
  0
LINE
  5
541
330
17
100
AcDbEntity
  8
CUT
  6
Continuous
 62
3
 48
25.4
100
AcDbLine
 10
1072.5941564459386
 20
52.720796025299975
 30
0.0
 11
1051.3337584332385
 21
52.720796025299975
 31
0.0
  0
LINE
  5
542
330
17
100
AcDbEntity
  8
CUT
  6
Continuous
 62
3
 48
25.4
100
AcDbLine
 10
1667.9941564459386
 20
52.72079602529986
 30
0.0
 11
1667.9941564459386
 21
12.499999999999897
 31
0.0
  0
LINE
  5
543
330
17
100
AcDbEntity
  8
CUT
  6
Continuous
 62
3
 48
25.4
100
AcDbLine
 10
1072.5941564459386
 20
12.50000000000001
 30
0.0
 11
1072.5941564459386
 21
52.720796025299975
 31
0.0
  0
LINE
  5
544
330
17
100
AcDbEntity
  8
CUT
  6
Continuous
 62
3
 48
25.4
100
AcDbLine
 10
1689.2545544586385
 20
52.72079602529986
 30
0.0
 11
1667.9941564459386
 21
52.72079602529986
 31
0.0
  0
LINE
  5
545
330
17
100
AcDbEntity
  8
CUT
  6
Continuous
 62
3
 48
25.4
100
AcDbLine
 10
1667.9941564459386
 20
203.6724620751999
 30
0.0
 11
1669.2743554522385
 21
203.6724620751999
 31
0.0
  0
LINE
  5
546
330
17
100
AcDbEntity
  8
CUT
  6
Continuous
 62
3
 48
25.4
100
AcDbLine
 10
1669.2743554522385
 20
203.6724620751999
 30
0.0
 11
1689.2545544586385
 21
198.31878388679988
 31
0.0
  0
LINE
  5
547
330
17
100
AcDbEntity
  8
CUT
  6
Continuous
 62
3
 48
25.4
100
AcDbLine
 10
1070.0337584332387
 20
333.21213318229997
 30
0.0
 11
1072.5941564459386
 21
333.21213318229997
 31
0.0
  0
LINE
  5
548
330
17
100
AcDbEntity
  8
CUT
  6
Continuous
 62
3
 48
25.4
100
AcDbLine
 10
1071.3139574396384
 20
204.5259280794
 30
0.0
 11
1051.3337584332385
 21
209.8796062678
 31
0.0
  0
LINE
  5
549
330
17
100
AcDbEntity
  8
CUT
  6
Continuous
 62
3
 48
25.4
100
AcDbLine
 10
1072.5941564459386
 20
204.5259280794
 30
0.0
 11
1071.3139574396384
 21
204.5259280794
 31
0.0
  0
LINE
  5
54A
330
17
100
AcDbEntity
  8
CUT
  6
Continuous
 62
3
 48
25.4
100
AcDbLine
 10
1070.0337584332387
 20
333.21213318229997
 30
0.0
 11
1070.0337584332387
 21
335.1096449368
 31
0.0
  0
LINE
  5
54B
330
17
100
AcDbEntity
  8
CUT
  6
Continuous
 62
3
 48
25.4
100
AcDbLine
 10
1667.9941564459386
 20
348.78049023559987
 30
0.0
 11
1667.9941564459386
 21
333.2121331822999
 31
0.0
  0
LINE
  5
54C
330
17
100
AcDbEntity
  8
CUT
  6
Continuous
 62
3
 48
25.4
100
AcDbLine
 10
1072.5941564459386
 20
333.21213318229997
 30
0.0
 11
1072.5941564459386
 21
348.7804902356
 31
0.0
  0
LINE
  5
54D
330
17
100
AcDbEntity
  8
CUT
 62
4
 48
25.4
100
AcDbLine
 10
1715.503118262619
 20
32.4801990063
 30
0.0
 11
2310.903118262619
 21
32.480199006299884
 31
0.0
  0
LINE
  5
54E
330
17
100
AcDbEntity
  8
CUT
 62
4
 48
25.4
100
AcDbLine
 10
1715.503118262619
 20
348.7804902356
 30
0.0
 11
2310.903118262619
 21
348.78049023559987
 31
0.0
  0
LINE
  5
54F
330
17
100
AcDbEntity
  8
CUT
 62
4
 48
25.4
100
AcDbLine
 10
2310.903118262619
 20
333.99447701949987
 30
0.0
 11
1715.503118262619
 21
333.9944770195
 31
0.0
  0
LINE
  5
550
330
17
100
AcDbEntity
  8
CUT
 62
4
 48
25.4
100
AcDbLine
 10
1714.2229192563188
 20
204.5259280794
 30
0.0
 11
1714.2229192563188
 21
333.21213318229997
 31
0.0
  0
LINE
  5
551
330
17
100
AcDbEntity
  8
CUT
 62
4
 48
25.4
100
AcDbLine
 10
2312.183317268919
 20
52.72079602529986
 30
0.0
 11
2312.183317268919
 21
203.6724620751999
 31
0.0
  0
LINE
  5
552
330
17
100
AcDbEntity
  8
CUT
 62
4
 48
25.4
100
AcDbLine
 10
2310.903118262619
 20
51.440597018999895
 30
0.0
 11
1715.503118262619
 21
51.44059701900001
 31
0.0
  0
LINE
  5
553
330
17
100
AcDbEntity
  8
CUT
 62
4
 48
25.4
100
AcDbLine
 10
1714.2229192563188
 20
203.6724620752
 30
0.0
 11
1714.2229192563188
 21
52.720796025299975
 31
0.0
  0
LINE
  5
554
330
17
100
AcDbEntity
  8
CUT
 62
4
 48
25.4
100
AcDbLine
 10
1715.503118262619
 20
204.09919507729998
 30
0.0
 11
2310.903118262619
 21
204.0991950772999
 31
0.0
  0
LINE
  5
555
330
17
100
AcDbEntity
  8
CUT
 62
4
 48
25.4
100
AcDbLine
 10
2312.183317268919
 20
333.2121331822999
 30
0.0
 11
2312.183317268919
 21
204.52592807939988
 31
0.0
  0
LINE
  5
556
330
17
100
AcDbEntity
  8
CUT
  6
Continuous
 62
3
 48
25.4
100
AcDbLine
 10
1715.503118262619
 20
12.50000000000001
 30
0.0
 11
2310.903118262619
 21
12.499999999999897
 31
0.0
  0
LINE
  5
557
330
17
100
AcDbEntity
  8
CUT
  6
Continuous
 62
3
 48
25.4
100
AcDbLine
 10
2260.089094754319
 20
346.3002912291999
 30
0.0
 11
2260.089094754319
 21
345.40029122919987
 31
0.0
  0
LINE
  5
558
330
17
100
AcDbEntity
  8
CUT
  6
Continuous
 62
3
 48
25.4
100
AcDbLine
 10
2260.089094754319
 20
345.40029122919987
 30
0.0
 11
2229.703118262619
 21
345.40029122919987
 31
0.0
  0
LINE
  5
559
330
17
100
AcDbEntity
  8
CUT
  6
Continuous
 62
3
 48
25.4
100
AcDbLine
 10
1796.703118262619
 20
345.40029122919987
 30
0.0
 11
1766.303118262619
 21
345.4002912292
 31
0.0
  0
LINE
  5
55A
330
17
100
AcDbEntity
  8
CUT
  6
Continuous
 62
3
 48
25.4
100
AcDbLine
 10
2260.103118262619
 20
347.5002912291998
 30
0.0
 11
2260.103118262619
 21
346.3002912291999
 31
0.0
  0
LINE
  5
55B
330
17
100
AcDbEntity
  8
CUT
  6
Continuous
 62
3
 48
25.4
100
AcDbLine
 10
2260.103118262619
 20
346.3002912291999
 30
0.0
 11
2260.089094754319
 21
346.3002912291999
 31
0.0
  0
CIRCLE
  5
55C
330
17
100
AcDbEntity
  8
CUT
  6
Continuous
 62
3
 48
25.4
100
AcDbCircle
 10
1704.2427202499189
 20
77.72079602529999
 30
0.0
 40
2.049999999999999
  0
CIRCLE
  5
55D
330
17
100
AcDbEntity
  8
CUT
  6
Continuous
 62
3
 48
25.4
100
AcDbCircle
 10
1704.2427202499189
 20
175.82410883609998
 30
0.0
 40
2.049999999999999
  0
CIRCLE
  5
55E
330
17
100
AcDbEntity
  8
CUT
  6
Continuous
 62
3
 48
25.4
100
AcDbCircle
 10
1704.2427202499189
 20
232.37428131849998
 30
0.0
 40
2.049999999999999
  0
CIRCLE
  5
55F
330
17
100
AcDbEntity
  8
CUT
  6
Continuous
 62
3
 48
25.4
100
AcDbCircle
 10
2322.163516275319
 20
232.3742813184999
 30
0.0
 40
2.049999999999999
  0
CIRCLE
  5
560
330
17
100
AcDbEntity
  8
CUT
  6
Continuous
 62
3
 48
25.4
100
AcDbCircle
 10
1704.2427202499189
 20
310.1096449368
 30
0.0
 40
2.049999999999999
  0
CIRCLE
  5
561
330
17
100
AcDbEntity
  8
CUT
  6
Continuous
 62
3
 48
25.4
100
AcDbCircle
 10
2322.163516275319
 20
310.1096449367999
 30
0.0
 40
2.049999999999999
  0
LINE
  5
562
330
17
100
AcDbEntity
  8
CUT
  6
Continuous
 62
3
 48
25.4
100
AcDbLine
 10
1715.503118262619
 20
348.7804902356
 30
0.0
 11
1730.4833172689189
 21
363.76068924189997
 31
0.0
  0
LINE
  5
563
330
17
100
AcDbEntity
  8
CUT
  6
Continuous
 62
3
 48
25.4
100
AcDbLine
 10
2295.922919256319
 20
363.7606892418999
 30
0.0
 11
2310.903118262619
 21
348.78049023559987
 31
0.0
  0
LINE
  5
564
330
17
100
AcDbEntity
  8
CUT
  6
Continuous
 62
3
 48
25.4
100
AcDbLine
 10
1694.2427202499189
 20
198.3187838868
 30
0.0
 11
1694.2427202499189
 21
52.720796025299975
 31
0.0
  0
LINE
  5
565
330
17
100
AcDbEntity
  8
CUT
  6
Continuous
 62
3
 48
25.4
100
AcDbLine
 10
2332.163516275319
 20
209.8796062677999
 30
0.0
 11
2332.163516275319
 21
335.1096449367999
 31
0.0
  0
LINE
  5
566
330
17
100
AcDbEntity
  8
CUT
  6
Continuous
 62
3
 48
25.4
100
AcDbLine
 10
2332.163516275319
 20
335.1096449367999
 30
0.0
 11
2313.463516275319
 21
335.1096449367999
 31
0.0
  0
LINE
  5
567
330
17
100
AcDbEntity
  8
CUT
  6
Continuous
 62
3
 48
25.4
100
AcDbLine
 10
2313.463516275319
 20
335.1096449367999
 30
0.0
 11
2313.463516275319
 21
333.2121331822999
 31
0.0
  0
CIRCLE
  5
568
330
17
100
AcDbEntity
  8
CUT
  6
Continuous
 62
3
 48
25.4
100
AcDbCircle
 10
2014.3531182626189
 20
41.46039801269994
 30
0.0
 40
2.049999999999999
  0
CIRCLE
  5
569
330
17
100
AcDbEntity
  8
CUT
  6
Continuous
 62
3
 48
25.4
100
AcDbCircle
 10
1775.503118262619
 20
41.4603980127
 30
0.0
 40
2.049999999999999
  0
CIRCLE
  5
56A
330
17
100
AcDbEntity
  8
CUT
  6
Continuous
 62
3
 48
25.4
100
AcDbCircle
 10
2253.203118262619
 20
41.46039801269991
 30
0.0
 40
2.049999999999999
  0
LINE
  5
56B
330
17
100
AcDbEntity
  8
CUT
  6
Continuous
 62
3
 48
25.4
100
AcDbLine
 10
2332.163516275319
 20
52.72079602529986
 30
0.0
 11
2332.163516275319
 21
198.31878388679988
 31
0.0
  0
CIRCLE
  5
56C
330
17
100
AcDbEntity
  8
CUT
  6
Continuous
 62
3
 48
25.4
100
AcDbCircle
 10
2322.163516275319
 20
77.72079602529988
 30
0.0
 40
2.049999999999999
  0
CIRCLE
  5
56D
330
17
100
AcDbEntity
  8
CUT
  6
Continuous
 62
3
 48
25.4
100
AcDbCircle
 10
2322.163516275319
 20
175.8241088360999
 30
0.0
 40
2.049999999999999
  0
LINE
  5
56E
330
17
100
AcDbEntity
  8
CUT
  6
Continuous
 62
3
 48
25.4
100
AcDbLine
 10
1730.4833172689189
 20
363.76068924189997
 30
0.0
 11
2295.922919256319
 21
363.7606892418999
 31
0.0
  0
LINE
  5
56F
330
17
100
AcDbEntity
  8
CUT
  6
Continuous
 62
3
 48
25.4
100
AcDbLine
 10
1712.9427202499191
 20
335.1096449368
 30
0.0
 11
1694.2427202499189
 21
335.1096449368
 31
0.0
  0
LINE
  5
570
330
17
100
AcDbEntity
  8
CUT
  6
Continuous
 62
3
 48
25.4
100
AcDbLine
 10
1694.2427202499189
 20
335.1096449368
 30
0.0
 11
1694.2427202499189
 21
209.8796062678
 31
0.0
  0
LINE
  5
571
330
17
100
AcDbEntity
  8
CUT
  6
Continuous
 62
3
 48
25.4
100
AcDbLine
 10
2229.703118262619
 20
347.7852182990999
 30
0.0
 11
2260.089094754319
 21
347.7852182990999
 31
0.0
  0
LINE
  5
572
330
17
100
AcDbEntity
  8
CUT
  6
Continuous
 62
3
 48
25.4
100
AcDbLine
 10
2260.089094754319
 20
347.7852182990999
 30
0.0
 11
2260.089094754319
 21
347.5002912291998
 31
0.0
  0
LINE
  5
573
330
17
100
AcDbEntity
  8
CUT
  6
Continuous
 62
3
 48
25.4
100
AcDbLine
 10
2260.089094754319
 20
347.5002912291998
 30
0.0
 11
2260.103118262619
 21
347.5002912291998
 31
0.0
  0
LINE
  5
574
330
17
100
AcDbEntity
  8
CUT
  6
Continuous
 62
3
 48
25.4
100
AcDbLine
 10
1766.303118262619
 20
345.4002912292
 30
0.0
 11
1766.303118262619
 21
347.7852182991
 31
0.0
  0
LINE
  5
575
330
17
100
AcDbEntity
  8
CUT
  6
Continuous
 62
3
 48
25.4
100
AcDbLine
 10
1766.303118262619
 20
347.7852182991
 30
0.0
 11
1796.703118262619
 21
347.7852182991
 31
0.0
  0
LINE
  5
576
330
17
100
AcDbEntity
  8
CUT
  6
Continuous
 62
3
 48
25.4
100
AcDbLine
 10
1796.703118262619
 20
347.7852182991
 30
0.0
 11
1796.703118262619
 21
345.40029122919987
 31
0.0
  0
LINE
  5
577
330
17
100
AcDbEntity
  8
CUT
  6
Continuous
 62
3
 48
25.4
100
AcDbLine
 10
2229.703118262619
 20
345.40029122919987
 30
0.0
 11
2229.703118262619
 21
347.7852182990999
 31
0.0
  0
LINE
  5
578
330
17
100
AcDbEntity
  8
CUT
  6
Continuous
 62
3
 48
25.4
100
AcDbLine
 10
2310.903118262619
 20
333.2121331822999
 30
0.0
 11
2313.463516275319
 21
333.2121331822999
 31
0.0
  0
LINE
  5
579
330
17
100
AcDbEntity
  8
CUT
  6
Continuous
 62
3
 48
25.4
100
AcDbLine
 10
2332.163516275319
 20
209.8796062677999
 30
0.0
 11
2312.183317268919
 21
204.52592807939988
 31
0.0
  0
LINE
  5
57A
330
17
100
AcDbEntity
  8
CUT
  6
Continuous
 62
3
 48
25.4
100
AcDbLine
 10
2312.183317268919
 20
204.52592807939988
 30
0.0
 11
2310.903118262619
 21
204.52592807939988
 31
0.0
  0
LINE
  5
57B
330
17
100
AcDbEntity
  8
CUT
  6
Continuous
 62
3
 48
25.4
100
AcDbLine
 10
2310.903118262619
 20
204.52592807939988
 30
0.0
 11
2310.903118262619
 21
203.6724620751999
 31
0.0
  0
LINE
  5
57C
330
17
100
AcDbEntity
  8
CUT
  6
Continuous
 62
3
 48
25.4
100
AcDbLine
 10
1715.503118262619
 20
203.6724620752
 30
0.0
 11
1715.503118262619
 21
204.5259280794
 31
0.0
  0
LINE
  5
57D
330
17
100
AcDbEntity
  8
CUT
  6
Continuous
 62
3
 48
25.4
100
AcDbLine
 10
1714.2229192563188
 20
203.6724620752
 30
0.0
 11
1715.503118262619
 21
203.6724620752
 31
0.0
  0
LINE
  5
57E
330
17
100
AcDbEntity
  8
CUT
  6
Continuous
 62
3
 48
25.4
100
AcDbLine
 10
1694.2427202499189
 20
198.3187838868
 30
0.0
 11
1714.2229192563188
 21
203.6724620752
 31
0.0
  0
LINE
  5
57F
330
17
100
AcDbEntity
  8
CUT
  6
Continuous
 62
3
 48
25.4
100
AcDbLine
 10
1715.503118262619
 20
52.720796025299975
 30
0.0
 11
1694.2427202499189
 21
52.720796025299975
 31
0.0
  0
LINE
  5
580
330
17
100
AcDbEntity
  8
CUT
  6
Continuous
 62
3
 48
25.4
100
AcDbLine
 10
2310.903118262619
 20
52.72079602529986
 30
0.0
 11
2310.903118262619
 21
12.499999999999897
 31
0.0
  0
LINE
  5
581
330
17
100
AcDbEntity
  8
CUT
  6
Continuous
 62
3
 48
25.4
100
AcDbLine
 10
1715.503118262619
 20
12.50000000000001
 30
0.0
 11
1715.503118262619
 21
52.720796025299975
 31
0.0
  0
LINE
  5
582
330
17
100
AcDbEntity
  8
CUT
  6
Continuous
 62
3
 48
25.4
100
AcDbLine
 10
2332.163516275319
 20
52.72079602529986
 30
0.0
 11
2310.903118262619
 21
52.72079602529986
 31
0.0
  0
LINE
  5
583
330
17
100
AcDbEntity
  8
CUT
  6
Continuous
 62
3
 48
25.4
100
AcDbLine
 10
2310.903118262619
 20
203.6724620751999
 30
0.0
 11
2312.183317268919
 21
203.6724620751999
 31
0.0
  0
LINE
  5
584
330
17
100
AcDbEntity
  8
CUT
  6
Continuous
 62
3
 48
25.4
100
AcDbLine
 10
2312.183317268919
 20
203.6724620751999
 30
0.0
 11
2332.163516275319
 21
198.31878388679988
 31
0.0
  0
LINE
  5
585
330
17
100
AcDbEntity
  8
CUT
  6
Continuous
 62
3
 48
25.4
100
AcDbLine
 10
1712.9427202499191
 20
333.21213318229997
 30
0.0
 11
1715.503118262619
 21
333.21213318229997
 31
0.0
  0
LINE
  5
586
330
17
100
AcDbEntity
  8
CUT
  6
Continuous
 62
3
 48
25.4
100
AcDbLine
 10
1714.2229192563188
 20
204.5259280794
 30
0.0
 11
1694.2427202499189
 21
209.8796062678
 31
0.0
  0
LINE
  5
587
330
17
100
AcDbEntity
  8
CUT
  6
Continuous
 62
3
 48
25.4
100
AcDbLine
 10
1715.503118262619
 20
204.5259280794
 30
0.0
 11
1714.2229192563188
 21
204.5259280794
 31
0.0
  0
LINE
  5
588
330
17
100
AcDbEntity
  8
CUT
  6
Continuous
 62
3
 48
25.4
100
AcDbLine
 10
1712.9427202499191
 20
333.21213318229997
 30
0.0
 11
1712.9427202499191
 21
335.1096449368
 31
0.0
  0
LINE
  5
589
330
17
100
AcDbEntity
  8
CUT
  6
Continuous
 62
3
 48
25.4
100
AcDbLine
 10
2310.903118262619
 20
348.78049023559987
 30
0.0
 11
2310.903118262619
 21
333.2121331822999
 31
0.0
  0
LINE
  5
58A
330
17
100
AcDbEntity
  8
CUT
  6
Continuous
 62
3
 48
25.4
100
AcDbLine
 10
1715.503118262619
 20
333.21213318229997
 30
0.0
 11
1715.503118262619
 21
348.7804902356
 31
0.0
  0
LINE
  5
58B
330
17
100
AcDbEntity
  8
CUT
 62
4
 48
25.4
100
AcDbLine
 10
1072.5939846809383
 20
388.74119900640005
 30
0.0
 11
1667.9939846809384
 21
388.74119900639994
 31
0.0
  0
LINE
  5
58C
330
17
100
AcDbEntity
  8
CUT
 62
4
 48
25.4
100
AcDbLine
 10
1667.9939846809384
 20
573.4406203312999
 30
0.0
 11
1072.5939846809383
 21
573.4406203312999
 31
0.0
  0
LINE
  5
58D
330
17
100
AcDbEntity
  8
CUT
 62
4
 48
25.4
100
AcDbLine
 10
1072.5939846809383
 20
559.4802223186
 30
0.0
 11
1667.9939846809384
 21
559.4802223185999
 31
0.0
  0
LINE
  5
58E
330
17
100
AcDbEntity
  8
CUT
 62
4
 48
25.4
100
AcDbLine
 10
1669.2741836872383
 20
408.98179602539994
 30
0.0
 11
1669.2741836872383
 21
558.2000233122999
 31
0.0
  0
LINE
  5
58F
330
17
100
AcDbEntity
  8
CUT
 62
4
 48
25.4
100
AcDbLine
 10
1071.3137856746384
 20
558.2000233123
 30
0.0
 11
1071.3137856746384
 21
408.98179602540006
 31
0.0
  0
LINE
  5
590
330
17
100
AcDbEntity
  8
CUT
 62
4
 48
25.4
100
AcDbLine
 10
1667.9939846809384
 20
407.70159701909995
 30
0.0
 11
1072.5939846809383
 21
407.70159701910006
 31
0.0
  0
LINE
  5
591
330
17
100
AcDbEntity
  8
CUT
  6
Continuous
 62
3
 48
25.4
100
AcDbLine
 10
1603.7939846809386
 20
588.4208193376999
 30
0.0
 11
1617.4939846809384
 21
574.7208193376998
 31
0.0
  0
LINE
  5
592
330
17
100
AcDbEntity
  8
CUT
  6
Continuous
 62
3
 48
25.4
100
AcDbLine
 10
1136.7939846809384
 20
588.4208193376999
 30
0.0
 11
1603.7939846809386
 21
588.4208193376999
 31
0.0
  0
CIRCLE
  5
593
330
17
100
AcDbEntity
  8
CUT
  6
Continuous
 62
3
 48
25.4
100
AcDbCircle
 10
1679.2543826936385
 20
438.98179602539994
 30
0.0
 40
2.049999999999999
  0
CIRCLE
  5
594
330
17
100
AcDbEntity
  8
CUT
  6
Continuous
 62
3
 48
25.4
100
AcDbCircle
 10
1679.2543826936385
 20
528.2000233122999
 30
0.0
 40
2.049999999999999
  0
LINE
  5
595
330
17
100
AcDbEntity
  8
CUT
  6
Continuous
 62
3
 48
25.4
100
AcDbLine
 10
1072.5939846809383
 20
368.76099999999997
 30
0.0
 11
1667.9939846809384
 21
368.76099999999985
 31
0.0
  0
LINE
  5
596
330
17
100
AcDbEntity
  8
CUT
  6
Continuous
 62
3
 48
25.4
100
AcDbLine
 10
1689.2543826936385
 20
408.98179602539994
 30
0.0
 11
1689.2543826936385
 21
558.2000233122999
 31
0.0
  0
LINE
  5
597
330
17
100
AcDbEntity
  8
CUT
  6
Continuous
 62
3
 48
25.4
100
AcDbLine
 10
1051.3335866682385
 20
558.2000233123
 30
0.0
 11
1051.3335866682385
 21
408.98179602540006
 31
0.0
  0
CIRCLE
  5
598
330
17
100
AcDbEntity
  8
CUT
  6
Continuous
 62
3
 48
25.4
100
AcDbCircle
 10
1607.9939846809384
 20
398.22139801269986
 30
0.0
 40
2.049999999999999
  0
CIRCLE
  5
599
330
17
100
AcDbEntity
  8
CUT
  6
Continuous
 62
3
 48
25.4
100
AcDbCircle
 10
1369.1439846809383
 20
398.22139801269986
 30
0.0
 40
2.049999999999999
  0
CIRCLE
  5
59A
330
17
100
AcDbEntity
  8
CUT
  6
Continuous
 62
3
 48
25.4
100
AcDbCircle
 10
1130.2939846809386
 20
398.2213980127
 30
0.0
 40
2.049999999999999
  0
CIRCLE
  5
59B
330
17
100
AcDbEntity
  8
CUT
  6
Continuous
 62
3
 48
25.4
100
AcDbCircle
 10
1082.5939909016383
 20
569.460421325
 30
0.0
 40
2.049999999999999
  0
CIRCLE
  5
59C
330
17
100
AcDbEntity
  8
CUT
  6
Continuous
 62
3
 48
25.4
100
AcDbCircle
 10
1107.9939909016384
 20
569.460421325
 30
0.0
 40
2.049999999999999
  0
CIRCLE
  5
59D
330
17
100
AcDbEntity
  8
CUT
  6
Continuous
 62
3
 48
25.4
100
AcDbCircle
 10
1632.5939909016383
 20
569.4604213249997
 30
0.0
 40
2.049999999999999
  0
CIRCLE
  5
59E
330
17
100
AcDbEntity
  8
CUT
  6
Continuous
 62
3
 48
25.4
100
AcDbCircle
 10
1657.9939909016384
 20
569.4604213249997
 30
0.0
 40
2.049999999999999
  0
LINE
  5
59F
330
17
100
AcDbEntity
  8
CUT
  6
Continuous
 62
3
 48
25.4
100
AcDbLine
 10
1136.7939846809384
 20
588.4208193376999
 30
0.0
 11
1123.0939846809383
 21
574.7208193376999
 31
0.0
  0
CIRCLE
  5
5A0
330
17
100
AcDbEntity
  8
CUT
  6
Continuous
 62
3
 48
25.4
100
AcDbCircle
 10
1061.3335866682385
 20
528.2000233123
 30
0.0
 40
2.049999999999999
  0
CIRCLE
  5
5A1
330
17
100
AcDbEntity
  8
CUT
  6
Continuous
 62
3
 48
25.4
100
AcDbCircle
 10
1061.3335866682385
 20
438.98179602540006
 30
0.0
 40
2.049999999999999
  0
LINE
  5
5A2
330
17
100
AcDbEntity
  8
CUT
  6
Continuous
 62
3
 48
25.4
100
AcDbLine
 10
1667.9939846809384
 20
573.7416836303998
 30
0.0
 11
1618.7939846809386
 21
573.7416836303998
 31
0.0
  0
LINE
  5
5A3
330
17
100
AcDbEntity
  8
CUT
  6
Continuous
 62
3
 48
25.4
100
AcDbLine
 10
1618.5779422343385
 20
573.9168793392998
 30
0.0
 11
1617.4939846809384
 21
574.7208193376998
 31
0.0
  0
LINE
  5
5A4
330
17
100
AcDbEntity
  8
CUT
  6
Continuous
 62
3
 48
25.4
100
AcDbLine
 10
1121.9970555067384
 20
573.9066952635999
 30
0.0
 11
1123.0939846809383
 21
574.7208193376999
 31
0.0
  0
LINE
  5
5A5
330
17
100
AcDbEntity
  8
CUT
  6
Continuous
 62
3
 48
25.4
100
AcDbLine
 10
1121.7939846809386
 20
573.7416836303998
 30
0.0
 11
1072.5939846809383
 21
573.7416836303998
 31
0.0
  0
LINE
  5
5A6
330
17
100
AcDbEntity
  8
CUT
  6
Continuous
 62
3
 48
25.4
100
AcDbLine
 10
1667.9939846809384
 20
408.98179602539994
 30
0.0
 11
1667.9939846809384
 21
368.76099999999985
 31
0.0
  0
LINE
  5
5A7
330
17
100
AcDbEntity
  8
CUT
  6
Continuous
 62
3
 48
25.4
100
AcDbLine
 10
1072.5939846809383
 20
368.76099999999997
 30
0.0
 11
1072.5939846809383
 21
408.98179602540006
 31
0.0
  0
LINE
  5
5A8
330
17
100
AcDbEntity
  8
CUT
  6
Continuous
 62
3
 48
25.4
100
AcDbLine
 10
1051.3335866682385
 20
558.2000233123
 30
0.0
 11
1072.5939846809383
 21
558.2000233123
 31
0.0
  0
LINE
  5
5A9
330
17
100
AcDbEntity
  8
CUT
  6
Continuous
 62
3
 48
25.4
100
AcDbLine
 10
1072.5939846809383
 20
408.98179602540006
 30
0.0
 11
1051.3335866682385
 21
408.98179602540006
 31
0.0
  0
LINE
  5
5AA
330
17
100
AcDbEntity
  8
CUT
  6
Continuous
 62
3
 48
25.4
100
AcDbLine
 10
1689.2543826936385
 20
408.98179602539994
 30
0.0
 11
1667.9939846809384
 21
408.98179602539994
 31
0.0
  0
LINE
  5
5AB
330
17
100
AcDbEntity
  8
CUT
  6
Continuous
 62
3
 48
25.4
100
AcDbLine
 10
1667.9939846809384
 20
558.2000233122999
 30
0.0
 11
1689.2543826936385
 21
558.2000233122999
 31
0.0
  0
LINE
  5
5AC
330
17
100
AcDbEntity
  8
CUT
  6
Continuous
 62
3
 48
25.4
100
AcDbLine
 10
1667.9939846809384
 20
573.7416836303998
 30
0.0
 11
1667.9939846809384
 21
558.2000233122999
 31
0.0
  0
LINE
  5
5AD
330
17
100
AcDbEntity
  8
CUT
  6
Continuous
 62
3
 48
25.4
100
AcDbLine
 10
1072.5939846809383
 20
558.2000233123
 30
0.0
 11
1072.5939846809383
 21
573.7416836303998
 31
0.0
  0
LINE
  5
5AE
330
17
100
AcDbEntity
  8
CUT
  6
Continuous
 62
3
 48
25.4
100
AcDbLine
 10
1618.7939846809386
 20
573.7416836303998
 30
0.0
 11
1618.5779422343385
 21
573.9168793392998
 31
0.0
  0
LINE
  5
5AF
330
17
100
AcDbEntity
  8
CUT
  6
Continuous
 62
3
 48
25.4
100
AcDbLine
 10
1121.7939846809386
 20
573.7416836303998
 30
0.0
 11
1121.9970555067384
 21
573.9066952635999
 31
0.0
  0
LINE
  5
5B0
330
17
100
AcDbEntity
  8
CUT
 62
4
 48
25.4
100
AcDbLine
 10
1715.501946497619
 20
388.74119900640005
 30
0.0
 11
2310.9019464976186
 21
388.74119900639994
 31
0.0
  0
LINE
  5
5B1
330
17
100
AcDbEntity
  8
CUT
 62
4
 48
25.4
100
AcDbLine
 10
2310.901946497619
 20
573.4406203312999
 30
0.0
 11
1715.501946497619
 21
573.4406203312999
 31
0.0
  0
LINE
  5
5B2
330
17
100
AcDbEntity
  8
CUT
 62
4
 48
25.4
100
AcDbLine
 10
1715.501946497619
 20
559.4802223186
 30
0.0
 11
2310.901946497619
 21
559.4802223185999
 31
0.0
  0
LINE
  5
5B3
330
17
100
AcDbEntity
  8
CUT
 62
4
 48
25.4
100
AcDbLine
 10
2312.182145503919
 20
408.98179602539994
 30
0.0
 11
2312.182145503919
 21
558.2000233122999
 31
0.0
  0
LINE
  5
5B4
330
17
100
AcDbEntity
  8
CUT
 62
4
 48
25.4
100
AcDbLine
 10
1714.221747491319
 20
558.2000233123
 30
0.0
 11
1714.221747491319
 21
408.98179602540006
 31
0.0
  0
LINE
  5
5B5
330
17
100
AcDbEntity
  8
CUT
 62
4
 48
25.4
100
AcDbLine
 10
2310.9019464976186
 20
407.70159701909995
 30
0.0
 11
1715.501946497619
 21
407.70159701910006
 31
0.0
  0
LINE
  5
5B6
330
17
100
AcDbEntity
  8
CUT
  6
Continuous
 62
3
 48
25.4
100
AcDbLine
 10
2246.701946497619
 20
588.4208193376999
 30
0.0
 11
2260.401946497619
 21
574.7208193376998
 31
0.0
  0
LINE
  5
5B7
330
17
100
AcDbEntity
  8
CUT
  6
Continuous
 62
3
 48
25.4
100
AcDbLine
 10
1779.7019464976188
 20
588.4208193376999
 30
0.0
 11
2246.701946497619
 21
588.4208193376999
 31
0.0
  0
CIRCLE
  5
5B8
330
17
100
AcDbEntity
  8
CUT
  6
Continuous
 62
3
 48
25.4
100
AcDbCircle
 10
2322.1623445103187
 20
438.98179602539994
 30
0.0
 40
2.049999999999999
  0
CIRCLE
  5
5B9
330
17
100
AcDbEntity
  8
CUT
  6
Continuous
 62
3
 48
25.4
100
AcDbCircle
 10
2322.1623445103187
 20
528.2000233122999
 30
0.0
 40
2.049999999999999
  0
LINE
  5
5BA
330
17
100
AcDbEntity
  8
CUT
  6
Continuous
 62
3
 48
25.4
100
AcDbLine
 10
1715.501946497619
 20
368.76099999999997
 30
0.0
 11
2310.9019464976186
 21
368.76099999999985
 31
0.0
  0
LINE
  5
5BB
330
17
100
AcDbEntity
  8
CUT
  6
Continuous
 62
3
 48
25.4
100
AcDbLine
 10
2332.1623445103187
 20
408.98179602539994
 30
0.0
 11
2332.1623445103187
 21
558.2000233122999
 31
0.0
  0
LINE
  5
5BC
330
17
100
AcDbEntity
  8
CUT
  6
Continuous
 62
3
 48
25.4
100
AcDbLine
 10
1694.241548484919
 20
558.2000233123
 30
0.0
 11
1694.241548484919
 21
408.98179602540006
 31
0.0
  0
CIRCLE
  5
5BD
330
17
100
AcDbEntity
  8
CUT
  6
Continuous
 62
3
 48
25.4
100
AcDbCircle
 10
2250.901946497619
 20
398.22139801269986
 30
0.0
 40
2.049999999999999
  0
CIRCLE
  5
5BE
330
17
100
AcDbEntity
  8
CUT
  6
Continuous
 62
3
 48
25.4
100
AcDbCircle
 10
2012.0519464976187
 20
398.22139801269986
 30
0.0
 40
2.049999999999999
  0
CIRCLE
  5
5BF
330
17
100
AcDbEntity
  8
CUT
  6
Continuous
 62
3
 48
25.4
100
AcDbCircle
 10
1773.201946497619
 20
398.2213980127
 30
0.0
 40
2.049999999999999
  0
CIRCLE
  5
5C0
330
17
100
AcDbEntity
  8
CUT
  6
Continuous
 62
3
 48
25.4
100
AcDbCircle
 10
1725.501952718319
 20
569.460421325
 30
0.0
 40
2.049999999999999
  0
CIRCLE
  5
5C1
330
17
100
AcDbEntity
  8
CUT
  6
Continuous
 62
3
 48
25.4
100
AcDbCircle
 10
1750.9019527183189
 20
569.460421325
 30
0.0
 40
2.049999999999999
  0
CIRCLE
  5
5C2
330
17
100
AcDbEntity
  8
CUT
  6
Continuous
 62
3
 48
25.4
100
AcDbCircle
 10
2275.501952718319
 20
569.4604213249997
 30
0.0
 40
2.049999999999999
  0
CIRCLE
  5
5C3
330
17
100
AcDbEntity
  8
CUT
  6
Continuous
 62
3
 48
25.4
100
AcDbCircle
 10
2300.9019527183186
 20
569.4604213249997
 30
0.0
 40
2.049999999999999
  0
LINE
  5
5C4
330
17
100
AcDbEntity
  8
CUT
  6
Continuous
 62
3
 48
25.4
100
AcDbLine
 10
1779.7019464976188
 20
588.4208193376999
 30
0.0
 11
1766.001946497619
 21
574.7208193376999
 31
0.0
  0
CIRCLE
  5
5C5
330
17
100
AcDbEntity
  8
CUT
  6
Continuous
 62
3
 48
25.4
100
AcDbCircle
 10
1704.241548484919
 20
528.2000233123
 30
0.0
 40
2.049999999999999
  0
CIRCLE
  5
5C6
330
17
100
AcDbEntity
  8
CUT
  6
Continuous
 62
3
 48
25.4
100
AcDbCircle
 10
1704.241548484919
 20
438.98179602540006
 30
0.0
 40
2.049999999999999
  0
LINE
  5
5C7
330
17
100
AcDbEntity
  8
CUT
  6
Continuous
 62
3
 48
25.4
100
AcDbLine
 10
2310.901946497619
 20
573.7416836303998
 30
0.0
 11
2261.701946497619
 21
573.7416836303998
 31
0.0
  0
LINE
  5
5C8
330
17
100
AcDbEntity
  8
CUT
  6
Continuous
 62
3
 48
25.4
100
AcDbLine
 10
2261.485904051019
 20
573.9168793392998
 30
0.0
 11
2260.401946497619
 21
574.7208193376998
 31
0.0
  0
LINE
  5
5C9
330
17
100
AcDbEntity
  8
CUT
  6
Continuous
 62
3
 48
25.4
100
AcDbLine
 10
1764.905017323419
 20
573.9066952635999
 30
0.0
 11
1766.001946497619
 21
574.7208193376999
 31
0.0
  0
LINE
  5
5CA
330
17
100
AcDbEntity
  8
CUT
  6
Continuous
 62
3
 48
25.4
100
AcDbLine
 10
1764.701946497619
 20
573.7416836303998
 30
0.0
 11
1715.501946497619
 21
573.7416836303998
 31
0.0
  0
LINE
  5
5CB
330
17
100
AcDbEntity
  8
CUT
  6
Continuous
 62
3
 48
25.4
100
AcDbLine
 10
2310.9019464976186
 20
408.98179602539994
 30
0.0
 11
2310.9019464976186
 21
368.76099999999985
 31
0.0
  0
LINE
  5
5CC
330
17
100
AcDbEntity
  8
CUT
  6
Continuous
 62
3
 48
25.4
100
AcDbLine
 10
1715.501946497619
 20
368.76099999999997
 30
0.0
 11
1715.501946497619
 21
408.98179602540006
 31
0.0
  0
LINE
  5
5CD
330
17
100
AcDbEntity
  8
CUT
  6
Continuous
 62
3
 48
25.4
100
AcDbLine
 10
1694.241548484919
 20
558.2000233123
 30
0.0
 11
1715.501946497619
 21
558.2000233123
 31
0.0
  0
LINE
  5
5CE
330
17
100
AcDbEntity
  8
CUT
  6
Continuous
 62
3
 48
25.4
100
AcDbLine
 10
1715.501946497619
 20
408.98179602540006
 30
0.0
 11
1694.241548484919
 21
408.98179602540006
 31
0.0
  0
LINE
  5
5CF
330
17
100
AcDbEntity
  8
CUT
  6
Continuous
 62
3
 48
25.4
100
AcDbLine
 10
2332.1623445103187
 20
408.98179602539994
 30
0.0
 11
2310.9019464976186
 21
408.98179602539994
 31
0.0
  0
LINE
  5
5D0
330
17
100
AcDbEntity
  8
CUT
  6
Continuous
 62
3
 48
25.4
100
AcDbLine
 10
2310.901946497619
 20
558.2000233122999
 30
0.0
 11
2332.1623445103187
 21
558.2000233122999
 31
0.0
  0
LINE
  5
5D1
330
17
100
AcDbEntity
  8
CUT
  6
Continuous
 62
3
 48
25.4
100
AcDbLine
 10
2310.901946497619
 20
573.7416836303998
 30
0.0
 11
2310.901946497619
 21
558.2000233122999
 31
0.0
  0
LINE
  5
5D2
330
17
100
AcDbEntity
  8
CUT
  6
Continuous
 62
3
 48
25.4
100
AcDbLine
 10
1715.501946497619
 20
558.2000233123
 30
0.0
 11
1715.501946497619
 21
573.7416836303998
 31
0.0
  0
LINE
  5
5D3
330
17
100
AcDbEntity
  8
CUT
  6
Continuous
 62
3
 48
25.4
100
AcDbLine
 10
2261.701946497619
 20
573.7416836303998
 30
0.0
 11
2261.485904051019
 21
573.9168793392998
 31
0.0
  0
LINE
  5
5D4
330
17
100
AcDbEntity
  8
CUT
  6
Continuous
 62
3
 48
25.4
100
AcDbLine
 10
1764.701946497619
 20
573.7416836303998
 30
0.0
 11
1764.905017323419
 21
573.9066952635999
 31
0.0
  0
LINE
  5
5D5
330
17
100
AcDbEntity
  8
CUT
 62
4
 48
25.4
100
AcDbLine
 10
572.1375777034192
 20
613.4013980127
 30
0.0
 11
1146.219058301219
 21
613.4013980126999
 31
0.0
  0
LINE
  5
5D6
330
17
100
AcDbEntity
  8
CUT
 62
4
 48
25.4
100
AcDbLine
 10
551.8969806844193
 20
782.8602223186001
 30
0.0
 11
551.8969806844192
 21
633.6419950317
 31
0.0
  0
LINE
  5
5D7
330
17
100
AcDbEntity
  8
CUT
 62
4
 48
25.4
100
AcDbLine
 10
1166.459655320219
 20
633.6419950316999
 30
0.0
 11
1166.459655320219
 21
782.8602223186
 31
0.0
  0
LINE
  5
5D8
330
17
100
AcDbEntity
  8
CUT
 62
4
 48
25.4
100
AcDbLine
 10
572.1375777034192
 20
632.3617960254
 30
0.0
 11
1146.219058301219
 21
632.3617960253999
 31
0.0
  0
LINE
  5
5D9
330
17
100
AcDbEntity
  8
CUT
 62
4
 48
25.4
100
AcDbLine
 10
570.8573786971192
 20
633.6419950317
 30
0.0
 11
570.8573786971192
 21
782.8602223186001
 31
0.0
  0
LINE
  5
5DA
330
17
100
AcDbEntity
  8
CUT
 62
4
 48
25.4
100
AcDbLine
 10
1147.4992573076192
 20
782.8602223186
 30
0.0
 11
1147.4992573076192
 21
633.6419950316999
 31
0.0
  0
LINE
  5
5DB
330
17
100
AcDbEntity
  8
CUT
 62
4
 48
25.4
100
AcDbLine
 10
1146.219058301219
 20
784.1404213249
 30
0.0
 11
572.1375777034192
 21
784.1404213249001
 31
0.0
  0
LINE
  5
5DC
330
17
100
AcDbEntity
  8
CUT
  6
Continuous
 62
3
 48
25.4
100
AcDbLine
 10
1126.2388592949192
 20
593.4211990063
 30
0.0
 11
1146.219058301219
 21
613.4013980126999
 31
0.0
  0
LINE
  5
5DD
330
17
100
AcDbEntity
  8
CUT
  6
Continuous
 62
3
 48
25.4
100
AcDbLine
 10
572.1375777034192
 20
613.4013980127
 30
0.0
 11
592.1177767097192
 21
593.4211990063001
 31
0.0
  0
LINE
  5
5DE
330
17
100
AcDbEntity
  8
CUT
  6
Continuous
 62
3
 48
25.4
100
AcDbLine
 10
1146.219058301219
 20
804.1206203313
 30
0.0
 11
572.1375777034193
 21
804.1206203313001
 31
0.0
  0
CIRCLE
  5
5DF
330
17
100
AcDbEntity
  8
CUT
  6
Continuous
 62
3
 48
25.4
100
AcDbCircle
 10
1128.5190583012193
 20
794.1206203313
 30
0.0
 40
2.049999999999999
  0
CIRCLE
  5
5E0
330
17
100
AcDbEntity
  8
CUT
  6
Continuous
 62
3
 48
25.4
100
AcDbCircle
 10
1028.5190583012193
 20
794.1206203313
 30
0.0
 40
2.049999999999999
  0
CIRCLE
  5
5E1
330
17
100
AcDbEntity
  8
CUT
  6
Continuous
 62
3
 48
25.4
100
AcDbCircle
 10
928.5190583012193
 20
794.1206203313001
 30
0.0
 40
2.049999999999999
  0
CIRCLE
  5
5E2
330
17
100
AcDbEntity
  8
CUT
  6
Continuous
 62
3
 48
25.4
100
AcDbCircle
 10
828.5190583012193
 20
794.1206203313001
 30
0.0
 40
2.049999999999999
  0
CIRCLE
  5
5E3
330
17
100
AcDbEntity
  8
CUT
  6
Continuous
 62
3
 48
25.4
100
AcDbCircle
 10
628.5190583012193
 20
794.1206203313001
 30
0.0
 40
2.049999999999999
  0
CIRCLE
  5
5E4
330
17
100
AcDbEntity
  8
CUT
  6
Continuous
 62
3
 48
25.4
100
AcDbCircle
 10
728.5190583012193
 20
794.1206203313001
 30
0.0
 40
2.049999999999999
  0
CIRCLE
  5
5E5
330
17
100
AcDbEntity
  8
CUT
  6
Continuous
 62
3
 48
25.4
100
AcDbCircle
 10
541.9167816780192
 20
658.6419950317
 30
0.0
 40
2.049999999999999
  0
CIRCLE
  5
5E6
330
17
100
AcDbEntity
  8
CUT
  6
Continuous
 62
3
 48
25.4
100
AcDbCircle
 10
541.9167816780192
 20
756.7453078424
 30
0.0
 40
2.049999999999999
  0
CIRCLE
  5
5E7
330
17
100
AcDbEntity
  8
CUT
  6
Continuous
 62
3
 48
25.4
100
AcDbCircle
 10
1176.439854326619
 20
663.6419950316999
 30
0.0
 40
2.049999999999999
  0
CIRCLE
  5
5E8
330
17
100
AcDbEntity
  8
CUT
  6
Continuous
 62
3
 48
25.4
100
AcDbCircle
 10
1176.439854326619
 20
752.8602223186
 30
0.0
 40
2.049999999999999
  0
CIRCLE
  5
5E9
330
17
100
AcDbEntity
  8
CUT
  6
Continuous
 62
3
 48
25.4
100
AcDbCircle
 10
664.8375680245192
 20
622.8815970190001
 30
0.0
 40
2.049999999999999
  0
CIRCLE
  5
5EA
330
17
100
AcDbEntity
  8
CUT
  6
Continuous
 62
3
 48
25.4
100
AcDbCircle
 10
1053.5190486223191
 20
622.881597019
 30
0.0
 40
2.049999999999999
  0
CIRCLE
  5
5EB
330
17
100
AcDbEntity
  8
CUT
  6
Continuous
 62
3
 48
25.4
100
AcDbCircle
 10
859.1783083234193
 20
622.8815970190001
 30
0.0
 40
2.049999999999999
  0
LINE
  5
5EC
330
17
100
AcDbEntity
  8
CUT
  6
Continuous
 62
3
 48
25.4
100
AcDbLine
 10
531.9167816780192
 20
782.8602223186001
 30
0.0
 11
531.9167816780192
 21
653.6221940380001
 31
0.0
  0
LINE
  5
5ED
330
17
100
AcDbEntity
  8
CUT
  6
Continuous
 62
3
 48
25.4
100
AcDbLine
 10
531.9167816780192
 20
653.6221940380001
 30
0.0
 11
551.8969806844192
 21
633.6419950317
 31
0.0
  0
LINE
  5
5EE
330
17
100
AcDbEntity
  8
CUT
  6
Continuous
 62
3
 48
25.4
100
AcDbLine
 10
592.1177767097192
 20
593.4211990063001
 30
0.0
 11
1126.2388592949192
 21
593.4211990063
 31
0.0
  0
LINE
  5
5EF
330
17
100
AcDbEntity
  8
CUT
  6
Continuous
 62
3
 48
25.4
100
AcDbLine
 10
1166.459655320219
 20
633.6419950316999
 30
0.0
 11
1186.439854326619
 21
653.622194038
 31
0.0
  0
LINE
  5
5F0
330
17
100
AcDbEntity
  8
CUT
  6
Continuous
 62
3
 48
25.4
100
AcDbLine
 10
1186.439854326619
 20
653.622194038
 30
0.0
 11
1186.439854326619
 21
782.8602223186
 31
0.0
  0
LINE
  5
5F1
330
17
100
AcDbEntity
  8
CUT
  6
Continuous
 62
3
 48
25.4
100
AcDbLine
 10
1146.219058301219
 20
804.1206203313
 30
0.0
 11
1146.219058301219
 21
782.8602223186
 31
0.0
  0
LINE
  5
5F2
330
17
100
AcDbEntity
  8
CUT
  6
Continuous
 62
3
 48
25.4
100
AcDbLine
 10
572.1375777034192
 20
782.8602223186001
 30
0.0
 11
572.1375777034193
 21
804.1206203313001
 31
0.0
  0
LINE
  5
5F3
330
17
100
AcDbEntity
  8
CUT
  6
Continuous
 62
3
 48
25.4
100
AcDbLine
 10
1166.459655320219
 20
633.6419950316999
 30
0.0
 11
1146.219058301219
 21
633.6419950316999
 31
0.0
  0
LINE
  5
5F4
330
17
100
AcDbEntity
  8
CUT
  6
Continuous
 62
3
 48
25.4
100
AcDbLine
 10
1146.219058301219
 20
782.8602223186
 30
0.0
 11
1186.439854326619
 21
782.8602223186
 31
0.0
  0
LINE
  5
5F5
330
17
100
AcDbEntity
  8
CUT
  6
Continuous
 62
3
 48
25.4
100
AcDbLine
 10
572.1375777034192
 20
633.6419950317
 30
0.0
 11
551.8969806844192
 21
633.6419950317
 31
0.0
  0
LINE
  5
5F6
330
17
100
AcDbEntity
  8
CUT
  6
Continuous
 62
3
 48
25.4
100
AcDbLine
 10
531.9167816780192
 20
782.8602223186001
 30
0.0
 11
572.1375777034192
 21
782.8602223186001
 31
0.0
  0
LINE
  5
5F7
330
17
100
AcDbEntity
  8
CUT
  6
Continuous
 62
3
 48
25.4
100
AcDbLine
 10
572.1375777034192
 20
613.4013980127
 30
0.0
 11
572.1375777034192
 21
633.6419950317
 31
0.0
  0
LINE
  5
5F8
330
17
100
AcDbEntity
  8
CUT
  6
Continuous
 62
3
 48
25.4
100
AcDbLine
 10
1146.219058301219
 20
633.6419950316999
 30
0.0
 11
1146.219058301219
 21
613.4013980126999
 31
0.0
  0
LINE
  5
5F9
330
17
100
AcDbEntity
  8
CUT
 62
4
 48
25.4
100
AcDbLine
 10
1231.55292854275
 20
613.4013980127
 30
0.0
 11
1805.6344091405497
 21
613.4013980126999
 31
0.0
  0
LINE
  5
5FA
330
17
100
AcDbEntity
  8
CUT
 62
4
 48
25.4
100
AcDbLine
 10
1211.31233152375
 20
782.8602223186001
 30
0.0
 11
1211.31233152375
 21
633.6419950317
 31
0.0
  0
LINE
  5
5FB
330
17
100
AcDbEntity
  8
CUT
 62
4
 48
25.4
100
AcDbLine
 10
1825.8750061595497
 20
633.6419950316999
 30
0.0
 11
1825.8750061595497
 21
782.8602223186
 31
0.0
  0
LINE
  5
5FC
330
17
100
AcDbEntity
  8
CUT
 62
4
 48
25.4
100
AcDbLine
 10
1231.55292854275
 20
632.3617960254
 30
0.0
 11
1805.6344091405497
 21
632.3617960253999
 31
0.0
  0
LINE
  5
5FD
330
17
100
AcDbEntity
  8
CUT
 62
4
 48
25.4
100
AcDbLine
 10
1230.2727295364498
 20
633.6419950317
 30
0.0
 11
1230.2727295364498
 21
782.8602223186001
 31
0.0
  0
LINE
  5
5FE
330
17
100
AcDbEntity
  8
CUT
 62
4
 48
25.4
100
AcDbLine
 10
1806.9146081469498
 20
782.8602223186
 30
0.0
 11
1806.9146081469498
 21
633.6419950316999
 31
0.0
  0
LINE
  5
5FF
330
17
100
AcDbEntity
  8
CUT
 62
4
 48
25.4
100
AcDbLine
 10
1805.6344091405497
 20
784.1404213249
 30
0.0
 11
1231.55292854275
 21
784.1404213249001
 31
0.0
  0
LINE
  5
600
330
17
100
AcDbEntity
  8
CUT
  6
Continuous
 62
3
 48
25.4
100
AcDbLine
 10
1785.6542101342498
 20
593.4211990063
 30
0.0
 11
1805.6344091405497
 21
613.4013980126999
 31
0.0
  0
LINE
  5
601
330
17
100
AcDbEntity
  8
CUT
  6
Continuous
 62
3
 48
25.4
100
AcDbLine
 10
1231.55292854275
 20
613.4013980127
 30
0.0
 11
1251.5331275490498
 21
593.4211990063001
 31
0.0
  0
LINE
  5
602
330
17
100
AcDbEntity
  8
CUT
  6
Continuous
 62
3
 48
25.4
100
AcDbLine
 10
1805.6344091405497
 20
804.1206203313
 30
0.0
 11
1231.55292854275
 21
804.1206203313001
 31
0.0
  0
CIRCLE
  5
603
330
17
100
AcDbEntity
  8
CUT
  6
Continuous
 62
3
 48
25.4
100
AcDbCircle
 10
1787.9344091405499
 20
794.1206203313
 30
0.0
 40
2.049999999999999
  0
CIRCLE
  5
604
330
17
100
AcDbEntity
  8
CUT
  6
Continuous
 62
3
 48
25.4
100
AcDbCircle
 10
1687.9344091405499
 20
794.1206203313
 30
0.0
 40
2.049999999999999
  0
CIRCLE
  5
605
330
17
100
AcDbEntity
  8
CUT
  6
Continuous
 62
3
 48
25.4
100
AcDbCircle
 10
1587.9344091405499
 20
794.1206203313001
 30
0.0
 40
2.049999999999999
  0
CIRCLE
  5
606
330
17
100
AcDbEntity
  8
CUT
  6
Continuous
 62
3
 48
25.4
100
AcDbCircle
 10
1487.9344091405499
 20
794.1206203313001
 30
0.0
 40
2.049999999999999
  0
CIRCLE
  5
607
330
17
100
AcDbEntity
  8
CUT
  6
Continuous
 62
3
 48
25.4
100
AcDbCircle
 10
1287.9344091405499
 20
794.1206203313001
 30
0.0
 40
2.049999999999999
  0
CIRCLE
  5
608
330
17
100
AcDbEntity
  8
CUT
  6
Continuous
 62
3
 48
25.4
100
AcDbCircle
 10
1387.9344091405499
 20
794.1206203313001
 30
0.0
 40
2.049999999999999
  0
CIRCLE
  5
609
330
17
100
AcDbEntity
  8
CUT
  6
Continuous
 62
3
 48
25.4
100
AcDbCircle
 10
1201.33213251735
 20
658.6419950317
 30
0.0
 40
2.049999999999999
  0
CIRCLE
  5
60A
330
17
100
AcDbEntity
  8
CUT
  6
Continuous
 62
3
 48
25.4
100
AcDbCircle
 10
1201.33213251735
 20
756.7453078424
 30
0.0
 40
2.049999999999999
  0
CIRCLE
  5
60B
330
17
100
AcDbEntity
  8
CUT
  6
Continuous
 62
3
 48
25.4
100
AcDbCircle
 10
1835.8552051659497
 20
663.6419950316999
 30
0.0
 40
2.049999999999999
  0
CIRCLE
  5
60C
330
17
100
AcDbEntity
  8
CUT
  6
Continuous
 62
3
 48
25.4
100
AcDbCircle
 10
1835.8552051659497
 20
752.8602223186
 30
0.0
 40
2.049999999999999
  0
CIRCLE
  5
60D
330
17
100
AcDbEntity
  8
CUT
  6
Continuous
 62
3
 48
25.4
100
AcDbCircle
 10
1324.2529188638498
 20
622.8815970190001
 30
0.0
 40
2.049999999999999
  0
CIRCLE
  5
60E
330
17
100
AcDbEntity
  8
CUT
  6
Continuous
 62
3
 48
25.4
100
AcDbCircle
 10
1712.9343994616497
 20
622.881597019
 30
0.0
 40
2.049999999999999
  0
CIRCLE
  5
60F
330
17
100
AcDbEntity
  8
CUT
  6
Continuous
 62
3
 48
25.4
100
AcDbCircle
 10
1518.5936591627499
 20
622.8815970190001
 30
0.0
 40
2.049999999999999
  0
LINE
  5
610
330
17
100
AcDbEntity
  8
CUT
  6
Continuous
 62
3
 48
25.4
100
AcDbLine
 10
1191.33213251735
 20
782.8602223186001
 30
0.0
 11
1191.33213251735
 21
653.6221940380001
 31
0.0
  0
LINE
  5
611
330
17
100
AcDbEntity
  8
CUT
  6
Continuous
 62
3
 48
25.4
100
AcDbLine
 10
1191.33213251735
 20
653.6221940380001
 30
0.0
 11
1211.31233152375
 21
633.6419950317
 31
0.0
  0
LINE
  5
612
330
17
100
AcDbEntity
  8
CUT
  6
Continuous
 62
3
 48
25.4
100
AcDbLine
 10
1251.5331275490498
 20
593.4211990063001
 30
0.0
 11
1785.6542101342498
 21
593.4211990063
 31
0.0
  0
LINE
  5
613
330
17
100
AcDbEntity
  8
CUT
  6
Continuous
 62
3
 48
25.4
100
AcDbLine
 10
1825.8750061595497
 20
633.6419950316999
 30
0.0
 11
1845.8552051659497
 21
653.622194038
 31
0.0
  0
LINE
  5
614
330
17
100
AcDbEntity
  8
CUT
  6
Continuous
 62
3
 48
25.4
100
AcDbLine
 10
1845.8552051659497
 20
653.622194038
 30
0.0
 11
1845.8552051659497
 21
782.8602223186
 31
0.0
  0
LINE
  5
615
330
17
100
AcDbEntity
  8
CUT
  6
Continuous
 62
3
 48
25.4
100
AcDbLine
 10
1805.6344091405497
 20
804.1206203313
 30
0.0
 11
1805.6344091405497
 21
782.8602223186
 31
0.0
  0
LINE
  5
616
330
17
100
AcDbEntity
  8
CUT
  6
Continuous
 62
3
 48
25.4
100
AcDbLine
 10
1231.55292854275
 20
782.8602223186001
 30
0.0
 11
1231.55292854275
 21
804.1206203313001
 31
0.0
  0
LINE
  5
617
330
17
100
AcDbEntity
  8
CUT
  6
Continuous
 62
3
 48
25.4
100
AcDbLine
 10
1825.8750061595497
 20
633.6419950316999
 30
0.0
 11
1805.6344091405497
 21
633.6419950316999
 31
0.0
  0
LINE
  5
618
330
17
100
AcDbEntity
  8
CUT
  6
Continuous
 62
3
 48
25.4
100
AcDbLine
 10
1805.6344091405497
 20
782.8602223186
 30
0.0
 11
1845.8552051659497
 21
782.8602223186
 31
0.0
  0
LINE
  5
619
330
17
100
AcDbEntity
  8
CUT
  6
Continuous
 62
3
 48
25.4
100
AcDbLine
 10
1231.55292854275
 20
633.6419950317
 30
0.0
 11
1211.31233152375
 21
633.6419950317
 31
0.0
  0
LINE
  5
61A
330
17
100
AcDbEntity
  8
CUT
  6
Continuous
 62
3
 48
25.4
100
AcDbLine
 10
1191.33213251735
 20
782.8602223186001
 30
0.0
 11
1231.55292854275
 21
782.8602223186001
 31
0.0
  0
LINE
  5
61B
330
17
100
AcDbEntity
  8
CUT
  6
Continuous
 62
3
 48
25.4
100
AcDbLine
 10
1231.55292854275
 20
613.4013980127
 30
0.0
 11
1231.55292854275
 21
633.6419950317
 31
0.0
  0
LINE
  5
61C
330
17
100
AcDbEntity
  8
CUT
  6
Continuous
 62
3
 48
25.4
100
AcDbLine
 10
1805.6344091405497
 20
633.6419950316999
 30
0.0
 11
1805.6344091405497
 21
613.4013980126999
 31
0.0
  0
LINE
  5
61D
330
17
100
AcDbEntity
  8
CUT
 62
4
 48
25.4
100
AcDbLine
 10
33.71196320100806
 20
888.0215970190002
 30
0.0
 11
1229.1119632010082
 21
888.0215970190002
 31
0.0
  0
LINE
  5
61E
330
17
100
AcDbEntity
  8
CUT
 62
4
 48
25.4
100
AcDbLine
 10
1230.392162207308
 20
827.3810000000001
 30
0.0
 11
1230.392162207308
 21
872.7810000000002
 31
0.0
  0
LINE
  5
61F
330
17
100
AcDbEntity
  8
CUT
 62
4
 48
25.4
100
AcDbLine
 10
1229.1119632010082
 20
826.1008009937001
 30
0.0
 11
33.71196320100806
 21
826.1008009937001
 31
0.0
  0
LINE
  5
620
330
17
100
AcDbEntity
  8
CUT
 62
4
 48
25.4
100
AcDbLine
 10
32.431764194708066
 20
872.7810000000002
 30
0.0
 11
32.431764194708066
 21
827.3810000000001
 31
0.0
  0
LINE
  5
621
330
17
100
AcDbEntity
  8
CUT
 62
4
 48
25.4
100
AcDbLine
 10
33.71196320100806
 20
874.0611990063002
 30
0.0
 11
1229.1119632010082
 21
874.0611990063002
 31
0.0
  0
LINE
  5
622
330
17
100
AcDbEntity
  8
CUT
  6
Continuous
 62
3
 48
25.4
100
AcDbLine
 10
33.71196320100806
 20
888.0215970190002
 30
0.0
 11
48.69216220730806
 21
903.0017960254002
 31
0.0
  0
LINE
  5
623
330
17
100
AcDbEntity
  8
CUT
  6
Continuous
 62
3
 48
25.4
100
AcDbLine
 10
1214.131764194708
 20
903.0017960254002
 30
0.0
 11
1229.1119632010082
 21
888.0215970190002
 31
0.0
  0
LINE
  5
624
330
17
100
AcDbEntity
  8
CUT
  6
Continuous
 62
3
 48
25.4
100
AcDbLine
 10
1229.1119632010082
 20
827.3810000000001
 30
0.0
 11
1229.1119632010082
 21
809.1206019873001
 31
0.0
  0
LINE
  5
625
330
17
100
AcDbEntity
  8
CUT
  6
Continuous
 62
3
 48
25.4
100
AcDbLine
 10
1229.1119632010082
 20
888.0215970190002
 30
0.0
 11
1229.1119632010082
 21
872.7810000000002
 31
0.0
  0
LINE
  5
626
330
17
100
AcDbEntity
  8
CUT
  6
Continuous
 62
3
 48
25.4
100
AcDbLine
 10
1250.372361213708
 20
827.3810000000001
 30
0.0
 11
1229.1119632010082
 21
827.3810000000001
 31
0.0
  0
LINE
  5
627
330
17
100
AcDbEntity
  8
CUT
  6
Continuous
 62
3
 48
25.4
100
AcDbLine
 10
1250.372361213708
 20
827.3810000000001
 30
0.0
 11
1250.372361213708
 21
872.7810000000002
 31
0.0
  0
LINE
  5
628
330
17
100
AcDbEntity
  8
CUT
  6
Continuous
 62
3
 48
25.4
100
AcDbLine
 10
33.71196320100806
 20
872.7810000000002
 30
0.0
 11
33.71196320100806
 21
888.0215970190002
 31
0.0
  0
LINE
  5
629
330
17
100
AcDbEntity
  8
CUT
  6
Continuous
 62
3
 48
25.4
100
AcDbLine
 10
33.71196320100806
 20
827.3810000000001
 30
0.0
 11
12.451565188308038
 21
827.3810000000001
 31
0.0
  0
LINE
  5
62A
330
17
100
AcDbEntity
  8
CUT
  6
Continuous
 62
3
 48
25.4
100
AcDbLine
 10
12.451565188308038
 20
872.7810000000002
 30
0.0
 11
33.71196320100806
 21
872.7810000000002
 31
0.0
  0
LINE
  5
62B
330
17
100
AcDbEntity
  8
CUT
  6
Continuous
 62
3
 48
25.4
100
AcDbLine
 10
12.451565188308038
 20
872.7810000000002
 30
0.0
 11
12.451565188308038
 21
827.3810000000001
 31
0.0
  0
LINE
  5
62C
330
17
100
AcDbEntity
  8
CUT
  6
Continuous
 62
3
 48
25.4
100
AcDbLine
 10
33.71196320100806
 20
809.1206019873001
 30
0.0
 11
1229.1119632010082
 21
809.1206019873001
 31
0.0
  0
LINE
  5
62D
330
17
100
AcDbEntity
  8
CUT
  6
Continuous
 62
3
 48
25.4
100
AcDbLine
 10
48.69216220730806
 20
903.0017960254002
 30
0.0
 11
1214.131764194708
 21
903.0017960254002
 31
0.0
  0
CIRCLE
  5
62E
330
17
100
AcDbEntity
  8
CUT
  6
Continuous
 62
3
 48
25.4
100
AcDbCircle
 10
947.4113807912081
 20
816.1460471095002
 30
0.0
 40
2.049999999999999
  0
CIRCLE
  5
62F
330
17
100
AcDbEntity
  8
CUT
  6
Continuous
 62
3
 48
25.4
100
AcDbCircle
 10
1047.411380791208
 20
816.1460471095002
 30
0.0
 40
2.049999999999999
  0
CIRCLE
  5
630
330
17
100
AcDbEntity
  8
CUT
  6
Continuous
 62
3
 48
25.4
100
AcDbCircle
 10
1147.411380791208
 20
816.1460471095002
 30
0.0
 40
2.049999999999999
  0
CIRCLE
  5
631
330
17
100
AcDbEntity
  8
CUT
  6
Continuous
 62
3
 48
25.4
100
AcDbCircle
 10
817.9216873406081
 20
816.1206061966001
 30
0.0
 40
2.049999999999999
  0
CIRCLE
  5
632
330
17
100
AcDbEntity
  8
CUT
  6
Continuous
 62
3
 48
25.4
100
AcDbCircle
 10
903.3288300155082
 20
816.1206061966001
 30
0.0
 40
2.049999999999999
  0
CIRCLE
  5
633
330
17
100
AcDbEntity
  8
CUT
  6
Continuous
 62
3
 48
25.4
100
AcDbCircle
 10
58.77287883090807
 20
816.1206061966001
 30
0.0
 40
2.049999999999999
  0
CIRCLE
  5
634
330
17
100
AcDbEntity
  8
CUT
  6
Continuous
 62
3
 48
25.4
100
AcDbCircle
 10
117.84168734060808
 20
816.1206061966001
 30
0.0
 40
2.049999999999999
  0
CIRCLE
  5
635
330
17
100
AcDbEntity
  8
CUT
  6
Continuous
 62
3
 48
25.4
100
AcDbCircle
 10
175.14168734060806
 20
816.1206061966001
 30
0.0
 40
2.049999999999999
  0
CIRCLE
  5
636
330
17
100
AcDbEntity
  8
CUT
  6
Continuous
 62
3
 48
25.4
100
AcDbCircle
 10
690.6216873406081
 20
816.1206061966001
 30
0.0
 40
2.049999999999999
  0
CIRCLE
  5
637
330
17
100
AcDbEntity
  8
CUT
  6
Continuous
 62
3
 48
25.4
100
AcDbCircle
 10
432.88168734060804
 20
816.1206061966001
 30
0.0
 40
2.049999999999999
  0
CIRCLE
  5
638
330
17
100
AcDbEntity
  8
CUT
  6
Continuous
 62
3
 48
25.4
100
AcDbCircle
 10
561.751687340608
 20
816.1206061966001
 30
0.0
 40
2.049999999999999
  0
CIRCLE
  5
639
330
17
100
AcDbEntity
  8
CUT
  6
Continuous
 62
3
 48
25.4
100
AcDbCircle
 10
304.0116873406081
 20
816.1206061966001
 30
0.0
 40
2.049999999999999
  0
CIRCLE
  5
63A
330
17
100
AcDbEntity
  8
CUT
  6
Continuous
 62
3
 48
25.4
100
AcDbCircle
 10
735.6216873406081
 20
816.1206061966001
 30
0.0
 40
2.049999999999999
  0
CIRCLE
  5
63B
330
17
100
AcDbEntity
  8
CUT
  6
Continuous
 62
3
 48
25.4
100
AcDbCircle
 10
765.7740879852079
 20
816.1224264093001
 30
0.0
 40
2.049999999999999
  0
CIRCLE
  5
63C
330
17
100
AcDbEntity
  8
CUT
  6
Continuous
 62
3
 48
25.4
100
AcDbCircle
 10
1240.372357004408
 20
837.3810000000001
 30
0.0
 40
2.049999999999999
  0
CIRCLE
  5
63D
330
17
100
AcDbEntity
  8
CUT
  6
Continuous
 62
3
 48
25.4
100
AcDbCircle
 10
1240.372357004408
 20
862.7810000000002
 30
0.0
 40
2.049999999999999
  0
CIRCLE
  5
63E
330
17
100
AcDbEntity
  8
CUT
  6
Continuous
 62
3
 48
25.4
100
AcDbCircle
 10
22.45156939760807
 20
862.7810000000002
 30
0.0
 40
2.049999999999999
  0
CIRCLE
  5
63F
330
17
100
AcDbEntity
  8
CUT
  6
Continuous
 62
3
 48
25.4
100
AcDbCircle
 10
22.45156939760807
 20
837.3810000000001
 30
0.0
 40
2.049999999999999
  0
LINE
  5
640
330
17
100
AcDbEntity
  8
CUT
  6
Continuous
 62
3
 48
25.4
100
AcDbLine
 10
33.71196320100806
 20
809.1206019873001
 30
0.0
 11
33.71196320100806
 21
827.3810000000001
 31
0.0
  0
LINE
  5
641
330
17
100
AcDbEntity
  8
CUT
  6
Continuous
 62
3
 48
25.4
100
AcDbLine
 10
1229.1119632010082
 20
872.7810000000002
 30
0.0
 11
1250.372361213708
 21
872.7810000000002
 31
0.0
  0
LINE
  5
642
330
17
100
AcDbEntity
  8
CUT
 62
4
 48
25.4
100
AcDbLine
 10
33.71196320100806
 20
986.9025970190003
 30
0.0
 11
1229.1119632010082
 21
986.9025970190003
 31
0.0
  0
LINE
  5
643
330
17
100
AcDbEntity
  8
CUT
 62
4
 48
25.4
100
AcDbLine
 10
1230.392162207308
 20
926.2620000000002
 30
0.0
 11
1230.392162207308
 21
971.6620000000003
 31
0.0
  0
LINE
  5
644
330
17
100
AcDbEntity
  8
CUT
 62
4
 48
25.4
100
AcDbLine
 10
1229.1119632010082
 20
924.9818009937002
 30
0.0
 11
33.71196320100806
 21
924.9818009937002
 31
0.0
  0
LINE
  5
645
330
17
100
AcDbEntity
  8
CUT
 62
4
 48
25.4
100
AcDbLine
 10
32.431764194708066
 20
971.6620000000003
 30
0.0
 11
32.431764194708066
 21
926.2620000000002
 31
0.0
  0
LINE
  5
646
330
17
100
AcDbEntity
  8
CUT
 62
4
 48
25.4
100
AcDbLine
 10
33.71196320100806
 20
972.9421990063003
 30
0.0
 11
1229.1119632010082
 21
972.9421990063003
 31
0.0
  0
LINE
  5
647
330
17
100
AcDbEntity
  8
CUT
  6
Continuous
 62
3
 48
25.4
100
AcDbLine
 10
33.71196320100806
 20
986.9025970190003
 30
0.0
 11
48.69216220730806
 21
1001.8827960254002
 31
0.0
  0
LINE
  5
648
330
17
100
AcDbEntity
  8
CUT
  6
Continuous
 62
3
 48
25.4
100
AcDbLine
 10
1214.131764194708
 20
1001.8827960254002
 30
0.0
 11
1229.1119632010082
 21
986.9025970190003
 31
0.0
  0
LINE
  5
649
330
17
100
AcDbEntity
  8
CUT
  6
Continuous
 62
3
 48
25.4
100
AcDbLine
 10
1229.1119632010082
 20
926.2620000000002
 30
0.0
 11
1229.1119632010082
 21
908.0016019873002
 31
0.0
  0
LINE
  5
64A
330
17
100
AcDbEntity
  8
CUT
  6
Continuous
 62
3
 48
25.4
100
AcDbLine
 10
1229.1119632010082
 20
986.9025970190003
 30
0.0
 11
1229.1119632010082
 21
971.6620000000003
 31
0.0
  0
LINE
  5
64B
330
17
100
AcDbEntity
  8
CUT
  6
Continuous
 62
3
 48
25.4
100
AcDbLine
 10
1250.372361213708
 20
926.2620000000002
 30
0.0
 11
1229.1119632010082
 21
926.2620000000002
 31
0.0
  0
LINE
  5
64C
330
17
100
AcDbEntity
  8
CUT
  6
Continuous
 62
3
 48
25.4
100
AcDbLine
 10
1250.372361213708
 20
926.2620000000002
 30
0.0
 11
1250.372361213708
 21
971.6620000000003
 31
0.0
  0
LINE
  5
64D
330
17
100
AcDbEntity
  8
CUT
  6
Continuous
 62
3
 48
25.4
100
AcDbLine
 10
33.71196320100806
 20
971.6620000000003
 30
0.0
 11
33.71196320100806
 21
986.9025970190003
 31
0.0
  0
LINE
  5
64E
330
17
100
AcDbEntity
  8
CUT
  6
Continuous
 62
3
 48
25.4
100
AcDbLine
 10
33.71196320100806
 20
926.2620000000002
 30
0.0
 11
12.451565188308038
 21
926.2620000000002
 31
0.0
  0
LINE
  5
64F
330
17
100
AcDbEntity
  8
CUT
  6
Continuous
 62
3
 48
25.4
100
AcDbLine
 10
12.451565188308038
 20
971.6620000000003
 30
0.0
 11
33.71196320100806
 21
971.6620000000003
 31
0.0
  0
LINE
  5
650
330
17
100
AcDbEntity
  8
CUT
  6
Continuous
 62
3
 48
25.4
100
AcDbLine
 10
12.451565188308038
 20
971.6620000000003
 30
0.0
 11
12.451565188308038
 21
926.2620000000002
 31
0.0
  0
LINE
  5
651
330
17
100
AcDbEntity
  8
CUT
  6
Continuous
 62
3
 48
25.4
100
AcDbLine
 10
33.71196320100806
 20
908.0016019873002
 30
0.0
 11
1229.1119632010082
 21
908.0016019873002
 31
0.0
  0
LINE
  5
652
330
17
100
AcDbEntity
  8
CUT
  6
Continuous
 62
3
 48
25.4
100
AcDbLine
 10
48.69216220730806
 20
1001.8827960254002
 30
0.0
 11
1214.131764194708
 21
1001.8827960254002
 31
0.0
  0
CIRCLE
  5
653
330
17
100
AcDbEntity
  8
CUT
  6
Continuous
 62
3
 48
25.4
100
AcDbCircle
 10
947.4113807912081
 20
915.0270471095002
 30
0.0
 40
2.049999999999999
  0
CIRCLE
  5
654
330
17
100
AcDbEntity
  8
CUT
  6
Continuous
 62
3
 48
25.4
100
AcDbCircle
 10
1047.411380791208
 20
915.0270471095002
 30
0.0
 40
2.049999999999999
  0
CIRCLE
  5
655
330
17
100
AcDbEntity
  8
CUT
  6
Continuous
 62
3
 48
25.4
100
AcDbCircle
 10
1147.411380791208
 20
915.0270471095002
 30
0.0
 40
2.049999999999999
  0
CIRCLE
  5
656
330
17
100
AcDbEntity
  8
CUT
  6
Continuous
 62
3
 48
25.4
100
AcDbCircle
 10
817.9216873406081
 20
915.0016061966002
 30
0.0
 40
2.049999999999999
  0
CIRCLE
  5
657
330
17
100
AcDbEntity
  8
CUT
  6
Continuous
 62
3
 48
25.4
100
AcDbCircle
 10
903.3288300155082
 20
915.0016061966002
 30
0.0
 40
2.049999999999999
  0
CIRCLE
  5
658
330
17
100
AcDbEntity
  8
CUT
  6
Continuous
 62
3
 48
25.4
100
AcDbCircle
 10
58.77287883090807
 20
915.0016061966002
 30
0.0
 40
2.049999999999999
  0
CIRCLE
  5
659
330
17
100
AcDbEntity
  8
CUT
  6
Continuous
 62
3
 48
25.4
100
AcDbCircle
 10
117.84168734060808
 20
915.0016061966002
 30
0.0
 40
2.049999999999999
  0
CIRCLE
  5
65A
330
17
100
AcDbEntity
  8
CUT
  6
Continuous
 62
3
 48
25.4
100
AcDbCircle
 10
175.14168734060806
 20
915.0016061966002
 30
0.0
 40
2.049999999999999
  0
CIRCLE
  5
65B
330
17
100
AcDbEntity
  8
CUT
  6
Continuous
 62
3
 48
25.4
100
AcDbCircle
 10
690.6216873406081
 20
915.0016061966002
 30
0.0
 40
2.049999999999999
  0
CIRCLE
  5
65C
330
17
100
AcDbEntity
  8
CUT
  6
Continuous
 62
3
 48
25.4
100
AcDbCircle
 10
432.88168734060804
 20
915.0016061966002
 30
0.0
 40
2.049999999999999
  0
CIRCLE
  5
65D
330
17
100
AcDbEntity
  8
CUT
  6
Continuous
 62
3
 48
25.4
100
AcDbCircle
 10
561.751687340608
 20
915.0016061966002
 30
0.0
 40
2.049999999999999
  0
CIRCLE
  5
65E
330
17
100
AcDbEntity
  8
CUT
  6
Continuous
 62
3
 48
25.4
100
AcDbCircle
 10
304.0116873406081
 20
915.0016061966002
 30
0.0
 40
2.049999999999999
  0
CIRCLE
  5
65F
330
17
100
AcDbEntity
  8
CUT
  6
Continuous
 62
3
 48
25.4
100
AcDbCircle
 10
735.6216873406081
 20
915.0016061966002
 30
0.0
 40
2.049999999999999
  0
CIRCLE
  5
660
330
17
100
AcDbEntity
  8
CUT
  6
Continuous
 62
3
 48
25.4
100
AcDbCircle
 10
765.7740879852079
 20
915.0034264093002
 30
0.0
 40
2.049999999999999
  0
CIRCLE
  5
661
330
17
100
AcDbEntity
  8
CUT
  6
Continuous
 62
3
 48
25.4
100
AcDbCircle
 10
1240.372357004408
 20
936.2620000000002
 30
0.0
 40
2.049999999999999
  0
CIRCLE
  5
662
330
17
100
AcDbEntity
  8
CUT
  6
Continuous
 62
3
 48
25.4
100
AcDbCircle
 10
1240.372357004408
 20
961.6620000000003
 30
0.0
 40
2.049999999999999
  0
CIRCLE
  5
663
330
17
100
AcDbEntity
  8
CUT
  6
Continuous
 62
3
 48
25.4
100
AcDbCircle
 10
22.45156939760807
 20
961.6620000000003
 30
0.0
 40
2.049999999999999
  0
CIRCLE
  5
664
330
17
100
AcDbEntity
  8
CUT
  6
Continuous
 62
3
 48
25.4
100
AcDbCircle
 10
22.45156939760807
 20
936.2620000000002
 30
0.0
 40
2.049999999999999
  0
LINE
  5
665
330
17
100
AcDbEntity
  8
CUT
  6
Continuous
 62
3
 48
25.4
100
AcDbLine
 10
33.71196320100806
 20
908.0016019873002
 30
0.0
 11
33.71196320100806
 21
926.2620000000002
 31
0.0
  0
LINE
  5
666
330
17
100
AcDbEntity
  8
CUT
  6
Continuous
 62
3
 48
25.4
100
AcDbLine
 10
1229.1119632010082
 20
971.6620000000003
 30
0.0
 11
1250.372361213708
 21
971.6620000000003
 31
0.0
  0
LINE
  5
667
330
17
100
AcDbEntity
  8
CUT
 62
4
 48
25.4
100
AcDbLine
 10
33.71196320100806
 20
1085.7835970190004
 30
0.0
 11
1229.1119632010082
 21
1085.7835970190004
 31
0.0
  0
LINE
  5
668
330
17
100
AcDbEntity
  8
CUT
 62
4
 48
25.4
100
AcDbLine
 10
1230.392162207308
 20
1025.1430000000003
 30
0.0
 11
1230.392162207308
 21
1070.5430000000003
 31
0.0
  0
LINE
  5
669
330
17
100
AcDbEntity
  8
CUT
 62
4
 48
25.4
100
AcDbLine
 10
1229.1119632010082
 20
1023.8628009937003
 30
0.0
 11
33.71196320100806
 21
1023.8628009937003
 31
0.0
  0
LINE
  5
66A
330
17
100
AcDbEntity
  8
CUT
 62
4
 48
25.4
100
AcDbLine
 10
32.431764194708066
 20
1070.5430000000003
 30
0.0
 11
32.431764194708066
 21
1025.1430000000003
 31
0.0
  0
LINE
  5
66B
330
17
100
AcDbEntity
  8
CUT
 62
4
 48
25.4
100
AcDbLine
 10
33.71196320100806
 20
1071.8231990063002
 30
0.0
 11
1229.1119632010082
 21
1071.8231990063002
 31
0.0
  0
ARC
  5
66C
330
17
100
AcDbEntity
  8
CUT
  6
Continuous
 62
3
 48
25.4
100
AcDbCircle
 10
631.3812141811079
 20
1102.7637960254003
 30
0.0
 40
12.00000000000003
100
AcDbArc
 50
-170.40593177310004
 51
-9.59406822690009
  0
LINE
  5
66D
330
17
100
AcDbEntity
  8
CUT
  6
Continuous
 62
3
 48
25.4
100
AcDbLine
 10
48.69216220730806
 20
1100.7637960254003
 30
0.0
 11
619.5490546149081
 21
1100.7637960254003
 31
0.0
  0
LINE
  5
66E
330
17
100
AcDbEntity
  8
CUT
  6
Continuous
 62
3
 48
25.4
100
AcDbLine
 10
33.71196320100806
 20
1085.7835970190004
 30
0.0
 11
48.69216220730806
 21
1100.7637960254003
 31
0.0
  0
LINE
  5
66F
330
17
100
AcDbEntity
  8
CUT
  6
Continuous
 62
3
 48
25.4
100
AcDbLine
 10
643.213373747308
 20
1100.7637960254003
 30
0.0
 11
1214.131764194708
 21
1100.7637960254003
 31
0.0
  0
LINE
  5
670
330
17
100
AcDbEntity
  8
CUT
  6
Continuous
 62
3
 48
25.4
100
AcDbLine
 10
1214.131764194708
 20
1100.7637960254003
 30
0.0
 11
1229.1119632010082
 21
1085.7835970190004
 31
0.0
  0
LINE
  5
671
330
17
100
AcDbEntity
  8
CUT
  6
Continuous
 62
3
 48
25.4
100
AcDbLine
 10
1250.372361213708
 20
1025.1430000000003
 30
0.0
 11
1229.1119632010082
 21
1025.1430000000003
 31
0.0
  0
LINE
  5
672
330
17
100
AcDbEntity
  8
CUT
  6
Continuous
 62
3
 48
25.4
100
AcDbLine
 10
1229.1119632010082
 20
1025.1430000000003
 30
0.0
 11
1229.1119632010082
 21
1006.8826019873003
 31
0.0
  0
LINE
  5
673
330
17
100
AcDbEntity
  8
CUT
  6
Continuous
 62
3
 48
25.4
100
AcDbLine
 10
1250.372361213708
 20
1025.1430000000003
 30
0.0
 11
1250.372361213708
 21
1070.5430000000003
 31
0.0
  0
LINE
  5
674
330
17
100
AcDbEntity
  8
CUT
  6
Continuous
 62
3
 48
25.4
100
AcDbLine
 10
33.71196320100806
 20
1006.8826019873003
 30
0.0
 11
33.71196320100806
 21
1025.1430000000003
 31
0.0
  0
LINE
  5
675
330
17
100
AcDbEntity
  8
CUT
  6
Continuous
 62
3
 48
25.4
100
AcDbLine
 10
33.71196320100806
 20
1006.8826019873003
 30
0.0
 11
1229.1119632010082
 21
1006.8826019873003
 31
0.0
  0
LINE
  5
676
330
17
100
AcDbEntity
  8
CUT
  6
Continuous
 62
3
 48
25.4
100
AcDbLine
 10
33.71196320100806
 20
1025.1430000000003
 30
0.0
 11
12.451565188308038
 21
1025.1430000000003
 31
0.0
  0
LINE
  5
677
330
17
100
AcDbEntity
  8
CUT
  6
Continuous
 62
3
 48
25.4
100
AcDbLine
 10
12.451565188308038
 20
1070.5430000000003
 30
0.0
 11
12.451565188308038
 21
1025.1430000000003
 31
0.0
  0
LINE
  5
678
330
17
100
AcDbEntity
  8
CUT
  6
Continuous
 62
3
 48
25.4
100
AcDbLine
 10
33.71196320100806
 20
1070.5430000000003
 30
0.0
 11
12.451565188308038
 21
1070.5430000000003
 31
0.0
  0
LINE
  5
679
330
17
100
AcDbEntity
  8
CUT
  6
Continuous
 62
3
 48
25.4
100
AcDbLine
 10
1229.1119632010082
 20
1070.5430000000003
 30
0.0
 11
1229.1119632010082
 21
1085.7835970190004
 31
0.0
  0
CIRCLE
  5
67A
330
17
100
AcDbEntity
  8
CUT
  6
Continuous
 62
3
 48
25.4
100
AcDbCircle
 10
115.41196320100806
 20
1013.9080332212003
 30
0.0
 40
2.049999999999999
  0
CIRCLE
  5
67B
330
17
100
AcDbEntity
  8
CUT
  6
Continuous
 62
3
 48
25.4
100
AcDbCircle
 10
215.41196320100806
 20
1013.9080332212003
 30
0.0
 40
2.049999999999999
  0
CIRCLE
  5
67C
330
17
100
AcDbEntity
  8
CUT
  6
Continuous
 62
3
 48
25.4
100
AcDbCircle
 10
315.41196320100806
 20
1013.9080332212003
 30
0.0
 40
2.049999999999999
  0
CIRCLE
  5
67D
330
17
100
AcDbEntity
  8
CUT
  6
Continuous
 62
3
 48
25.4
100
AcDbCircle
 10
359.49451397670805
 20
1013.8825923084003
 30
0.0
 40
2.049999999999999
  0
CIRCLE
  5
67E
330
17
100
AcDbEntity
  8
CUT
  6
Continuous
 62
3
 48
25.4
100
AcDbCircle
 10
444.901656651608
 20
1013.8825923084003
 30
0.0
 40
2.049999999999999
  0
CIRCLE
  5
67F
330
17
100
AcDbEntity
  8
CUT
  6
Continuous
 62
3
 48
25.4
100
AcDbCircle
 10
497.04925600700807
 20
1013.8844125211003
 30
0.0
 40
2.049999999999999
  0
CIRCLE
  5
680
330
17
100
AcDbEntity
  8
CUT
  6
Continuous
 62
3
 48
25.4
100
AcDbCircle
 10
527.2016566516081
 20
1013.8825923084003
 30
0.0
 40
2.049999999999999
  0
CIRCLE
  5
681
330
17
100
AcDbEntity
  8
CUT
  6
Continuous
 62
3
 48
25.4
100
AcDbCircle
 10
572.2016566516079
 20
1013.8825923084003
 30
0.0
 40
2.049999999999999
  0
CIRCLE
  5
682
330
17
100
AcDbEntity
  8
CUT
  6
Continuous
 62
3
 48
25.4
100
AcDbCircle
 10
701.071656651608
 20
1013.8825923084003
 30
0.0
 40
2.049999999999999
  0
CIRCLE
  5
683
330
17
100
AcDbEntity
  8
CUT
  6
Continuous
 62
3
 48
25.4
100
AcDbCircle
 10
829.9416566516079
 20
1013.8825923084003
 30
0.0
 40
2.049999999999999
  0
CIRCLE
  5
684
330
17
100
AcDbEntity
  8
CUT
  6
Continuous
 62
3
 48
25.4
100
AcDbCircle
 10
958.811656651608
 20
1013.8825923084003
 30
0.0
 40
2.049999999999999
  0
CIRCLE
  5
685
330
17
100
AcDbEntity
  8
CUT
  6
Continuous
 62
3
 48
25.4
100
AcDbCircle
 10
1087.6816566516081
 20
1013.8825923084003
 30
0.0
 40
2.049999999999999
  0
CIRCLE
  5
686
330
17
100
AcDbEntity
  8
CUT
  6
Continuous
 62
3
 48
25.4
100
AcDbCircle
 10
1144.981656651608
 20
1013.8825923084003
 30
0.0
 40
2.049999999999999
  0
CIRCLE
  5
687
330
17
100
AcDbEntity
  8
CUT
  6
Continuous
 62
3
 48
25.4
100
AcDbCircle
 10
1204.050465161308
 20
1013.8825923084003
 30
0.0
 40
2.049999999999999
  0
CIRCLE
  5
688
330
17
100
AcDbEntity
  8
CUT
  6
Continuous
 62
3
 48
25.4
100
AcDbCircle
 10
22.451555509408067
 20
1060.5430000000003
 30
0.0
 40
2.049999999999999
  0
CIRCLE
  5
689
330
17
100
AcDbEntity
  8
CUT
  6
Continuous
 62
3
 48
25.4
100
AcDbCircle
 10
22.451555509408067
 20
1035.1430000000003
 30
0.0
 40
2.049999999999999
  0
CIRCLE
  5
68A
330
17
100
AcDbEntity
  8
CUT
  6
Continuous
 62
3
 48
25.4
100
AcDbCircle
 10
1240.3723708926082
 20
1060.5430000000003
 30
0.0
 40
2.049999999999999
  0
CIRCLE
  5
68B
330
17
100
AcDbEntity
  8
CUT
  6
Continuous
 62
3
 48
25.4
100
AcDbCircle
 10
1240.3723708926082
 20
1035.1430000000003
 30
0.0
 40
2.049999999999999
  0
LINE
  5
68C
330
17
100
AcDbEntity
  8
CUT
  6
Continuous
 62
3
 48
25.4
100
AcDbLine
 10
33.71196320100806
 20
1070.5430000000003
 30
0.0
 11
33.71196320100806
 21
1085.7835970190004
 31
0.0
  0
LINE
  5
68D
330
17
100
AcDbEntity
  8
CUT
  6
Continuous
 62
3
 48
25.4
100
AcDbLine
 10
1229.1119632010082
 20
1070.5430000000003
 30
0.0
 11
1250.372361213708
 21
1070.5430000000003
 31
0.0
  0
LINE
  5
68E
330
17
100
AcDbEntity
  8
CUT
 62
4
 48
25.4
100
AcDbLine
 10
33.71196320100806
 20
1184.6645970190004
 30
0.0
 11
1229.1119632010082
 21
1184.6645970190004
 31
0.0
  0
LINE
  5
68F
330
17
100
AcDbEntity
  8
CUT
 62
4
 48
25.4
100
AcDbLine
 10
1230.392162207308
 20
1124.0240000000003
 30
0.0
 11
1230.392162207308
 21
1169.4240000000004
 31
0.0
  0
LINE
  5
690
330
17
100
AcDbEntity
  8
CUT
 62
4
 48
25.4
100
AcDbLine
 10
1229.1119632010082
 20
1122.7438009937005
 30
0.0
 11
33.71196320100806
 21
1122.7438009937005
 31
0.0
  0
LINE
  5
691
330
17
100
AcDbEntity
  8
CUT
 62
4
 48
25.4
100
AcDbLine
 10
32.431764194708066
 20
1169.4240000000004
 30
0.0
 11
32.431764194708066
 21
1124.0240000000003
 31
0.0
  0
LINE
  5
692
330
17
100
AcDbEntity
  8
CUT
 62
4
 48
25.4
100
AcDbLine
 10
33.71196320100806
 20
1170.7041990063003
 30
0.0
 11
1229.1119632010082
 21
1170.7041990063003
 31
0.0
  0
ARC
  5
693
330
17
100
AcDbEntity
  8
CUT
  6
Continuous
 62
3
 48
25.4
100
AcDbCircle
 10
631.3812141811079
 20
1201.6447960254004
 30
0.0
 40
12.00000000000003
100
AcDbArc
 50
-170.40593177310004
 51
-9.59406822690009
  0
LINE
  5
694
330
17
100
AcDbEntity
  8
CUT
  6
Continuous
 62
3
 48
25.4
100
AcDbLine
 10
48.69216220730806
 20
1199.6447960254004
 30
0.0
 11
619.5490546149081
 21
1199.6447960254004
 31
0.0
  0
LINE
  5
695
330
17
100
AcDbEntity
  8
CUT
  6
Continuous
 62
3
 48
25.4
100
AcDbLine
 10
33.71196320100806
 20
1184.6645970190004
 30
0.0
 11
48.69216220730806
 21
1199.6447960254004
 31
0.0
  0
LINE
  5
696
330
17
100
AcDbEntity
  8
CUT
  6
Continuous
 62
3
 48
25.4
100
AcDbLine
 10
643.213373747308
 20
1199.6447960254004
 30
0.0
 11
1214.131764194708
 21
1199.6447960254004
 31
0.0
  0
LINE
  5
697
330
17
100
AcDbEntity
  8
CUT
  6
Continuous
 62
3
 48
25.4
100
AcDbLine
 10
1214.131764194708
 20
1199.6447960254004
 30
0.0
 11
1229.1119632010082
 21
1184.6645970190004
 31
0.0
  0
LINE
  5
698
330
17
100
AcDbEntity
  8
CUT
  6
Continuous
 62
3
 48
25.4
100
AcDbLine
 10
1250.372361213708
 20
1124.0240000000003
 30
0.0
 11
1229.1119632010082
 21
1124.0240000000003
 31
0.0
  0
LINE
  5
699
330
17
100
AcDbEntity
  8
CUT
  6
Continuous
 62
3
 48
25.4
100
AcDbLine
 10
1229.1119632010082
 20
1124.0240000000003
 30
0.0
 11
1229.1119632010082
 21
1105.7636019873005
 31
0.0
  0
LINE
  5
69A
330
17
100
AcDbEntity
  8
CUT
  6
Continuous
 62
3
 48
25.4
100
AcDbLine
 10
1250.372361213708
 20
1124.0240000000003
 30
0.0
 11
1250.372361213708
 21
1169.4240000000004
 31
0.0
  0
LINE
  5
69B
330
17
100
AcDbEntity
  8
CUT
  6
Continuous
 62
3
 48
25.4
100
AcDbLine
 10
33.71196320100806
 20
1105.7636019873005
 30
0.0
 11
33.71196320100806
 21
1124.0240000000003
 31
0.0
  0
LINE
  5
69C
330
17
100
AcDbEntity
  8
CUT
  6
Continuous
 62
3
 48
25.4
100
AcDbLine
 10
33.71196320100806
 20
1105.7636019873005
 30
0.0
 11
1229.1119632010082
 21
1105.7636019873005
 31
0.0
  0
LINE
  5
69D
330
17
100
AcDbEntity
  8
CUT
  6
Continuous
 62
3
 48
25.4
100
AcDbLine
 10
33.71196320100806
 20
1124.0240000000003
 30
0.0
 11
12.451565188308038
 21
1124.0240000000003
 31
0.0
  0
LINE
  5
69E
330
17
100
AcDbEntity
  8
CUT
  6
Continuous
 62
3
 48
25.4
100
AcDbLine
 10
12.451565188308038
 20
1169.4240000000004
 30
0.0
 11
12.451565188308038
 21
1124.0240000000003
 31
0.0
  0
LINE
  5
69F
330
17
100
AcDbEntity
  8
CUT
  6
Continuous
 62
3
 48
25.4
100
AcDbLine
 10
33.71196320100806
 20
1169.4240000000004
 30
0.0
 11
12.451565188308038
 21
1169.4240000000004
 31
0.0
  0
LINE
  5
6A0
330
17
100
AcDbEntity
  8
CUT
  6
Continuous
 62
3
 48
25.4
100
AcDbLine
 10
1229.1119632010082
 20
1169.4240000000004
 30
0.0
 11
1229.1119632010082
 21
1184.6645970190004
 31
0.0
  0
CIRCLE
  5
6A1
330
17
100
AcDbEntity
  8
CUT
  6
Continuous
 62
3
 48
25.4
100
AcDbCircle
 10
115.41196320100806
 20
1112.7890332212005
 30
0.0
 40
2.049999999999999
  0
CIRCLE
  5
6A2
330
17
100
AcDbEntity
  8
CUT
  6
Continuous
 62
3
 48
25.4
100
AcDbCircle
 10
215.41196320100806
 20
1112.7890332212005
 30
0.0
 40
2.049999999999999
  0
CIRCLE
  5
6A3
330
17
100
AcDbEntity
  8
CUT
  6
Continuous
 62
3
 48
25.4
100
AcDbCircle
 10
315.41196320100806
 20
1112.7890332212005
 30
0.0
 40
2.049999999999999
  0
CIRCLE
  5
6A4
330
17
100
AcDbEntity
  8
CUT
  6
Continuous
 62
3
 48
25.4
100
AcDbCircle
 10
359.49451397670805
 20
1112.7635923084003
 30
0.0
 40
2.049999999999999
  0
CIRCLE
  5
6A5
330
17
100
AcDbEntity
  8
CUT
  6
Continuous
 62
3
 48
25.4
100
AcDbCircle
 10
444.901656651608
 20
1112.7635923084003
 30
0.0
 40
2.049999999999999
  0
CIRCLE
  5
6A6
330
17
100
AcDbEntity
  8
CUT
  6
Continuous
 62
3
 48
25.4
100
AcDbCircle
 10
497.04925600700807
 20
1112.7654125211004
 30
0.0
 40
2.049999999999999
  0
CIRCLE
  5
6A7
330
17
100
AcDbEntity
  8
CUT
  6
Continuous
 62
3
 48
25.4
100
AcDbCircle
 10
527.2016566516081
 20
1112.7635923084003
 30
0.0
 40
2.049999999999999
  0
CIRCLE
  5
6A8
330
17
100
AcDbEntity
  8
CUT
  6
Continuous
 62
3
 48
25.4
100
AcDbCircle
 10
572.2016566516079
 20
1112.7635923084003
 30
0.0
 40
2.049999999999999
  0
CIRCLE
  5
6A9
330
17
100
AcDbEntity
  8
CUT
  6
Continuous
 62
3
 48
25.4
100
AcDbCircle
 10
701.071656651608
 20
1112.7635923084003
 30
0.0
 40
2.049999999999999
  0
CIRCLE
  5
6AA
330
17
100
AcDbEntity
  8
CUT
  6
Continuous
 62
3
 48
25.4
100
AcDbCircle
 10
829.9416566516079
 20
1112.7635923084003
 30
0.0
 40
2.049999999999999
  0
CIRCLE
  5
6AB
330
17
100
AcDbEntity
  8
CUT
  6
Continuous
 62
3
 48
25.4
100
AcDbCircle
 10
958.811656651608
 20
1112.7635923084003
 30
0.0
 40
2.049999999999999
  0
CIRCLE
  5
6AC
330
17
100
AcDbEntity
  8
CUT
  6
Continuous
 62
3
 48
25.4
100
AcDbCircle
 10
1087.6816566516081
 20
1112.7635923084003
 30
0.0
 40
2.049999999999999
  0
CIRCLE
  5
6AD
330
17
100
AcDbEntity
  8
CUT
  6
Continuous
 62
3
 48
25.4
100
AcDbCircle
 10
1144.981656651608
 20
1112.7635923084003
 30
0.0
 40
2.049999999999999
  0
CIRCLE
  5
6AE
330
17
100
AcDbEntity
  8
CUT
  6
Continuous
 62
3
 48
25.4
100
AcDbCircle
 10
1204.050465161308
 20
1112.7635923084003
 30
0.0
 40
2.049999999999999
  0
CIRCLE
  5
6AF
330
17
100
AcDbEntity
  8
CUT
  6
Continuous
 62
3
 48
25.4
100
AcDbCircle
 10
22.451555509408067
 20
1159.4240000000004
 30
0.0
 40
2.049999999999999
  0
CIRCLE
  5
6B0
330
17
100
AcDbEntity
  8
CUT
  6
Continuous
 62
3
 48
25.4
100
AcDbCircle
 10
22.451555509408067
 20
1134.0240000000003
 30
0.0
 40
2.049999999999999
  0
CIRCLE
  5
6B1
330
17
100
AcDbEntity
  8
CUT
  6
Continuous
 62
3
 48
25.4
100
AcDbCircle
 10
1240.3723708926082
 20
1159.4240000000004
 30
0.0
 40
2.049999999999999
  0
CIRCLE
  5
6B2
330
17
100
AcDbEntity
  8
CUT
  6
Continuous
 62
3
 48
25.4
100
AcDbCircle
 10
1240.3723708926082
 20
1134.0240000000003
 30
0.0
 40
2.049999999999999
  0
LINE
  5
6B3
330
17
100
AcDbEntity
  8
CUT
  6
Continuous
 62
3
 48
25.4
100
AcDbLine
 10
33.71196320100806
 20
1169.4240000000004
 30
0.0
 11
33.71196320100806
 21
1184.6645970190004
 31
0.0
  0
LINE
  5
6B4
330
17
100
AcDbEntity
  8
CUT
  6
Continuous
 62
3
 48
25.4
100
AcDbLine
 10
1229.1119632010082
 20
1169.4240000000004
 30
0.0
 11
1250.372361213708
 21
1169.4240000000004
 31
0.0
  0
LINE
  5
6B5
330
17
100
AcDbEntity
  8
CUT
 62
4
 48
25.4
100
AcDbLine
 10
2268.99328940061
 20
613.401402981
 30
0.0
 11
1922.5435398897102
 21
613.401402981
 31
0.0
  0
LINE
  5
6B6
330
17
100
AcDbEntity
  8
CUT
 62
4
 48
25.4
100
AcDbLine
 10
1902.9926244895103
 20
628.4033480072001
 30
0.0
 11
1864.8428914740102
 21
770.7800899162
 31
0.0
  0
LINE
  5
6B7
330
17
100
AcDbEntity
  8
CUT
 62
4
 48
25.4
100
AcDbLine
 10
1879.1551548815103
 20
795.5696573092001
 30
0.0
 11
2263.75463740781
 21
898.6227780616001
 31
0.0
  0
LINE
  5
6B8
330
17
100
AcDbEntity
  8
CUT
 62
4
 48
25.4
100
AcDbLine
 10
2268.6619495162104
 20
880.3084399444001
 30
0.0
 11
1884.0624669899103
 21
777.2553191920001
 31
0.0
  0
LINE
  5
6B9
330
17
100
AcDbEntity
  8
CUT
 62
4
 48
25.4
100
AcDbLine
 10
2270.2734884069105
 20
879.0718626614001
 30
0.0
 11
2270.2734884069105
 21
633.642
 31
0.0
  0
LINE
  5
6BA
330
17
100
AcDbEntity
  8
CUT
 62
4
 48
25.4
100
AcDbLine
 10
2268.99328940061
 20
632.3618009937001
 30
0.0
 11
1922.5435398897102
 21
632.3618009937001
 31
0.0
  0
LINE
  5
6BB
330
17
100
AcDbEntity
  8
CUT
 62
4
 48
25.4
100
AcDbLine
 10
1921.3069626067104
 20
633.3106601156001
 30
0.0
 11
1883.1572295912104
 21
775.6874020246
 31
0.0
  0
LINE
  5
6BC
330
17
100
AcDbEntity
  8
CUT
  6
Continuous
 62
3
 48
25.4
100
AcDbLine
 10
2268.99328940061
 20
593.4212039746001
 30
0.0
 11
1937.5996997728103
 21
593.4212039746001
 31
0.0
  0
LINE
  5
6BD
330
17
100
AcDbEntity
  8
CUT
  6
Continuous
 62
3
 48
25.4
100
AcDbLine
 10
1937.5996997728103
 20
593.4212039746001
 30
0.0
 11
1922.5435398897102
 21
613.401402981
 31
0.0
  0
LINE
  5
6BE
330
17
100
AcDbEntity
  8
CUT
  6
Continuous
 62
3
 48
25.4
100
AcDbLine
 10
1902.9926244895103
 20
628.4033480072001
 30
0.0
 11
1879.6530062494103
 21
638.3104281701001
 31
0.0
  0
LINE
  5
6BF
330
17
100
AcDbEntity
  8
CUT
  6
Continuous
 62
3
 48
25.4
100
AcDbLine
 10
1850.7147572672104
 20
746.3094436538001
 30
0.0
 11
1864.8428914740102
 21
770.7800899162
 31
0.0
  0
LINE
  5
6C0
330
17
100
AcDbEntity
  8
CUT
  6
Continuous
 62
3
 48
25.4
100
AcDbLine
 10
1879.1551548815103
 20
795.5696573092001
 30
0.0
 11
1893.2832890883103
 21
820.0403035716001
 31
0.0
  0
LINE
  5
6C1
330
17
100
AcDbEntity
  8
CUT
  6
Continuous
 62
3
 48
25.4
100
AcDbLine
 10
2253.4121253523103
 20
916.5365344197
 30
0.0
 11
2263.75463740781
 21
898.6227780616001
 31
0.0
  0
LINE
  5
6C2
330
17
100
AcDbEntity
  8
CUT
  6
Continuous
 62
3
 48
25.4
100
AcDbLine
 10
2290.25368741331
 20
879.0718626614001
 30
0.0
 11
2290.25368741331
 21
633.642
 31
0.0
  0
CIRCLE
  5
6C3
330
17
100
AcDbEntity
  8
CUT
  6
Continuous
 62
3
 48
25.4
100
AcDbCircle
 10
2280.25368741331
 20
651.3420000000001
 30
0.0
 40
2.049999999999999
  0
LINE
  5
6C4
330
17
100
AcDbEntity
  8
CUT
  6
Continuous
 62
3
 48
25.4
100
AcDbLine
 10
1893.2832890883103
 20
820.0403035716001
 30
0.0
 11
2253.4121253523103
 21
916.5365344197
 31
0.0
  0
CIRCLE
  5
6C5
330
17
100
AcDbEntity
  8
CUT
  6
Continuous
 62
3
 48
25.4
100
AcDbCircle
 10
2054.51073862491
 20
603.4466448875
 30
0.0
 40
2.049999999999999
  0
CIRCLE
  5
6C6
330
17
100
AcDbEntity
  8
CUT
  6
Continuous
 62
3
 48
25.4
100
AcDbCircle
 10
2154.51073862491
 20
603.4466448875
 30
0.0
 40
2.049999999999999
  0
CIRCLE
  5
6C7
330
17
100
AcDbEntity
  8
CUT
  6
Continuous
 62
3
 48
25.4
100
AcDbCircle
 10
2254.51073862491
 20
603.4466448875
 30
0.0
 40
2.049999999999999
  0
CIRCLE
  5
6C8
330
17
100
AcDbEntity
  8
CUT
  6
Continuous
 62
3
 48
25.4
100
AcDbCircle
 10
2234.75672280271
 20
901.1527982831001
 30
0.0
 40
2.049999999999999
  0
CIRCLE
  5
6C9
330
17
100
AcDbEntity
  8
CUT
  6
Continuous
 62
3
 48
25.4
100
AcDbCircle
 10
2154.8670582611103
 20
879.7464271856002
 30
0.0
 40
2.049999999999999
  0
CIRCLE
  5
6CA
330
17
100
AcDbEntity
  8
CUT
  6
Continuous
 62
3
 48
25.4
100
AcDbCircle
 10
2074.9773937195105
 20
858.3400560880001
 30
0.0
 40
2.049999999999999
  0
CIRCLE
  5
6CB
330
17
100
AcDbEntity
  8
CUT
  6
Continuous
 62
3
 48
25.4
100
AcDbCircle
 10
1995.0877291779102
 20
836.9336849905001
 30
0.0
 40
2.049999999999999
  0
CIRCLE
  5
6CC
330
17
100
AcDbEntity
  8
CUT
  6
Continuous
 62
3
 48
25.4
100
AcDbCircle
 10
1915.1980646363104
 20
815.5273138930002
 30
0.0
 40
2.049999999999999
  0
CIRCLE
  5
6CD
330
17
100
AcDbEntity
  8
CUT
  6
Continuous
 62
3
 48
25.4
100
AcDbCircle
 10
1865.5423278609103
 20
729.6092298968001
 30
0.0
 40
2.049999999999999
  0
CIRCLE
  5
6CE
330
17
100
AcDbEntity
  8
CUT
  6
Continuous
 62
3
 48
25.4
100
AcDbCircle
 10
1883.5146694469104
 20
662.5355379670001
 30
0.0
 40
2.049999999999999
  0
CIRCLE
  5
6CF
330
17
100
AcDbEntity
  8
CUT
  6
Continuous
 62
3
 48
25.4
100
AcDbCircle
 10
1954.5107386249103
 20
603.4466448875
 30
0.0
 40
2.049999999999999
  0
CIRCLE
  5
6D0
330
17
100
AcDbEntity
  8
CUT
  6
Continuous
 62
3
 48
25.4
100
AcDbCircle
 10
2280.25368741331
 20
851.3420000000001
 30
0.0
 40
2.049999999999999
  0
CIRCLE
  5
6D1
330
17
100
AcDbEntity
  8
CUT
  6
Continuous
 62
3
 48
25.4
100
AcDbCircle
 10
2280.25368741331
 20
751.3420000000001
 30
0.0
 40
2.049999999999999
  0
LINE
  5
6D2
330
17
100
AcDbEntity
  8
CUT
  6
Continuous
 62
3
 48
25.4
100
AcDbLine
 10
1879.6530062494103
 20
638.3104281701001
 30
0.0
 11
1850.7147572672104
 21
746.3094436538001
 31
0.0
  0
LINE
  5
6D3
330
17
100
AcDbEntity
  8
CUT
  6
Continuous
 62
3
 48
25.4
100
AcDbLine
 10
1884.3938068742104
 20
776.018741909
 30
0.0
 11
1864.8428914740102
 21
770.7800899162
 31
0.0
  0
LINE
  5
6D4
330
17
100
AcDbEntity
  8
CUT
  6
Continuous
 62
3
 48
25.4
100
AcDbLine
 10
1902.9926244895103
 20
628.4033480072001
 30
0.0
 11
1922.5435398897102
 21
633.642
 31
0.0
  0
LINE
  5
6D5
330
17
100
AcDbEntity
  8
CUT
  6
Continuous
 62
3
 48
25.4
100
AcDbLine
 10
1922.5435398897102
 20
633.642
 30
0.0
 11
1922.5435398897102
 21
613.401402981
 31
0.0
  0
LINE
  5
6D6
330
17
100
AcDbEntity
  8
CUT
  6
Continuous
 62
3
 48
25.4
100
AcDbLine
 10
2268.99328940061
 20
593.4212039746001
 30
0.0
 11
2268.99328940061
 21
633.642
 31
0.0
  0
LINE
  5
6D7
330
17
100
AcDbEntity
  8
CUT
  6
Continuous
 62
3
 48
25.4
100
AcDbLine
 10
2268.99328940061
 20
633.642
 30
0.0
 11
2290.25368741331
 21
633.642
 31
0.0
  0
LINE
  5
6D8
330
17
100
AcDbEntity
  8
CUT
  6
Continuous
 62
3
 48
25.4
100
AcDbLine
 10
2290.25368741331
 20
879.0718626614001
 30
0.0
 11
2268.99328940061
 21
879.0718626614001
 31
0.0
  0
LINE
  5
6D9
330
17
100
AcDbEntity
  8
CUT
  6
Continuous
 62
3
 48
25.4
100
AcDbLine
 10
1879.1551548815103
 20
795.5696573092001
 30
0.0
 11
1884.3938068742104
 21
776.018741909
 31
0.0
  0
LINE
  5
6DA
330
17
100
AcDbEntity
  8
CUT
  6
Continuous
 62
3
 48
25.4
100
AcDbLine
 10
2268.99328940061
 20
879.0718626614001
 30
0.0
 11
2263.75463740781
 21
898.6227780615001
 31
0.0
  0
LINE
  5
6DB
330
17
100
AcDbEntity
  8
CUT
 62
4
 48
25.4
100
AcDbLine
 10
1673.6055320553187
 20
829.1014029810001
 30
0.0
 11
1327.1557825444186
 21
829.1014029810001
 31
0.0
  0
LINE
  5
6DC
330
17
100
AcDbEntity
  8
CUT
 62
4
 48
25.4
100
AcDbLine
 10
1307.6048671442186
 20
844.1033480072001
 30
0.0
 11
1269.4551341287188
 21
986.4800899162001
 31
0.0
  0
LINE
  5
6DD
330
17
100
AcDbEntity
  8
CUT
 62
4
 48
25.4
100
AcDbLine
 10
1283.7673975362186
 20
1011.2696573092002
 30
0.0
 11
1668.3668800625187
 21
1114.3227780616003
 31
0.0
  0
LINE
  5
6DE
330
17
100
AcDbEntity
  8
CUT
 62
4
 48
25.4
100
AcDbLine
 10
1673.2741921709187
 20
1096.0084399444002
 30
0.0
 11
1288.6747096446186
 21
992.9553191920002
 31
0.0
  0
LINE
  5
6DF
330
17
100
AcDbEntity
  8
CUT
 62
4
 48
25.4
100
AcDbLine
 10
1674.8857310616186
 20
1094.7718626614
 30
0.0
 11
1674.8857310616186
 21
849.3420000000001
 31
0.0
  0
LINE
  5
6E0
330
17
100
AcDbEntity
  8
CUT
 62
4
 48
25.4
100
AcDbLine
 10
1673.6055320553187
 20
848.0618009937001
 30
0.0
 11
1327.1557825444186
 21
848.0618009937001
 31
0.0
  0
LINE
  5
6E1
330
17
100
AcDbEntity
  8
CUT
 62
4
 48
25.4
100
AcDbLine
 10
1325.9192052614187
 20
849.0106601156001
 30
0.0
 11
1287.7694722459187
 21
991.3874020246001
 31
0.0
  0
LINE
  5
6E2
330
17
100
AcDbEntity
  8
CUT
  6
Continuous
 62
3
 48
25.4
100
AcDbLine
 10
1673.6055320553187
 20
809.1212039746001
 30
0.0
 11
1342.2119424275186
 21
809.1212039746001
 31
0.0
  0
LINE
  5
6E3
330
17
100
AcDbEntity
  8
CUT
  6
Continuous
 62
3
 48
25.4
100
AcDbLine
 10
1342.2119424275186
 20
809.1212039746001
 30
0.0
 11
1327.1557825444186
 21
829.1014029810001
 31
0.0
  0
LINE
  5
6E4
330
17
100
AcDbEntity
  8
CUT
  6
Continuous
 62
3
 48
25.4
100
AcDbLine
 10
1307.6048671442186
 20
844.1033480072001
 30
0.0
 11
1284.2652489041186
 21
854.0104281701001
 31
0.0
  0
LINE
  5
6E5
330
17
100
AcDbEntity
  8
CUT
  6
Continuous
 62
3
 48
25.4
100
AcDbLine
 10
1255.3269999219187
 20
962.0094436538002
 30
0.0
 11
1269.4551341287188
 21
986.4800899162001
 31
0.0
  0
LINE
  5
6E6
330
17
100
AcDbEntity
  8
CUT
  6
Continuous
 62
3
 48
25.4
100
AcDbLine
 10
1283.7673975362186
 20
1011.2696573092002
 30
0.0
 11
1297.8955317430186
 21
1035.7403035716002
 31
0.0
  0
LINE
  5
6E7
330
17
100
AcDbEntity
  8
CUT
  6
Continuous
 62
3
 48
25.4
100
AcDbLine
 10
1658.0243680070187
 20
1132.2365344197
 30
0.0
 11
1668.3668800625187
 21
1114.3227780616003
 31
0.0
  0
LINE
  5
6E8
330
17
100
AcDbEntity
  8
CUT
  6
Continuous
 62
3
 48
25.4
100
AcDbLine
 10
1694.8659300680185
 20
1094.7718626614
 30
0.0
 11
1694.8659300680185
 21
849.3420000000001
 31
0.0
  0
CIRCLE
  5
6E9
330
17
100
AcDbEntity
  8
CUT
  6
Continuous
 62
3
 48
25.4
100
AcDbCircle
 10
1684.8659300680185
 20
867.0420000000001
 30
0.0
 40
2.049999999999999
  0
LINE
  5
6EA
330
17
100
AcDbEntity
  8
CUT
  6
Continuous
 62
3
 48
25.4
100
AcDbLine
 10
1297.8955317430186
 20
1035.7403035716002
 30
0.0
 11
1658.0243680070187
 21
1132.2365344197
 31
0.0
  0
CIRCLE
  5
6EB
330
17
100
AcDbEntity
  8
CUT
  6
Continuous
 62
3
 48
25.4
100
AcDbCircle
 10
1459.1229812796187
 20
819.1466448875001
 30
0.0
 40
2.049999999999999
  0
CIRCLE
  5
6EC
330
17
100
AcDbEntity
  8
CUT
  6
Continuous
 62
3
 48
25.4
100
AcDbCircle
 10
1559.1229812796187
 20
819.1466448875001
 30
0.0
 40
2.049999999999999
  0
CIRCLE
  5
6ED
330
17
100
AcDbEntity
  8
CUT
  6
Continuous
 62
3
 48
25.4
100
AcDbCircle
 10
1659.1229812796187
 20
819.1466448875001
 30
0.0
 40
2.049999999999999
  0
CIRCLE
  5
6EE
330
17
100
AcDbEntity
  8
CUT
  6
Continuous
 62
3
 48
25.4
100
AcDbCircle
 10
1639.3689654574187
 20
1116.8527982831001
 30
0.0
 40
2.049999999999999
  0
CIRCLE
  5
6EF
330
17
100
AcDbEntity
  8
CUT
  6
Continuous
 62
3
 48
25.4
100
AcDbCircle
 10
1559.4793009158186
 20
1095.4464271856002
 30
0.0
 40
2.049999999999999
  0
CIRCLE
  5
6F0
330
17
100
AcDbEntity
  8
CUT
  6
Continuous
 62
3
 48
25.4
100
AcDbCircle
 10
1479.5896363742186
 20
1074.0400560880003
 30
0.0
 40
2.049999999999999
  0
CIRCLE
  5
6F1
330
17
100
AcDbEntity
  8
CUT
  6
Continuous
 62
3
 48
25.4
100
AcDbCircle
 10
1399.6999718326188
 20
1052.6336849905001
 30
0.0
 40
2.049999999999999
  0
CIRCLE
  5
6F2
330
17
100
AcDbEntity
  8
CUT
  6
Continuous
 62
3
 48
25.4
100
AcDbCircle
 10
1319.8103072910187
 20
1031.2273138930002
 30
0.0
 40
2.049999999999999
  0
CIRCLE
  5
6F3
330
17
100
AcDbEntity
  8
CUT
  6
Continuous
 62
3
 48
25.4
100
AcDbCircle
 10
1270.1545705156186
 20
945.3092298968002
 30
0.0
 40
2.049999999999999
  0
CIRCLE
  5
6F4
330
17
100
AcDbEntity
  8
CUT
  6
Continuous
 62
3
 48
25.4
100
AcDbCircle
 10
1288.1269121016187
 20
878.2355379670001
 30
0.0
 40
2.049999999999999
  0
CIRCLE
  5
6F5
330
17
100
AcDbEntity
  8
CUT
  6
Continuous
 62
3
 48
25.4
100
AcDbCircle
 10
1359.1229812796187
 20
819.1466448875001
 30
0.0
 40
2.049999999999999
  0
CIRCLE
  5
6F6
330
17
100
AcDbEntity
  8
CUT
  6
Continuous
 62
3
 48
25.4
100
AcDbCircle
 10
1684.8659300680185
 20
1067.0420000000001
 30
0.0
 40
2.049999999999999
  0
CIRCLE
  5
6F7
330
17
100
AcDbEntity
  8
CUT
  6
Continuous
 62
3
 48
25.4
100
AcDbCircle
 10
1684.8659300680185
 20
967.0420000000001
 30
0.0
 40
2.049999999999999
  0
LINE
  5
6F8
330
17
100
AcDbEntity
  8
CUT
  6
Continuous
 62
3
 48
25.4
100
AcDbLine
 10
1284.2652489041186
 20
854.0104281701001
 30
0.0
 11
1255.3269999219187
 21
962.0094436538002
 31
0.0
  0
LINE
  5
6F9
330
17
100
AcDbEntity
  8
CUT
  6
Continuous
 62
3
 48
25.4
100
AcDbLine
 10
1289.0060495289185
 20
991.7187419090001
 30
0.0
 11
1269.4551341287188
 21
986.4800899162001
 31
0.0
  0
LINE
  5
6FA
330
17
100
AcDbEntity
  8
CUT
  6
Continuous
 62
3
 48
25.4
100
AcDbLine
 10
1307.6048671442186
 20
844.1033480072001
 30
0.0
 11
1327.1557825444186
 21
849.3420000000001
 31
0.0
  0
LINE
  5
6FB
330
17
100
AcDbEntity
  8
CUT
  6
Continuous
 62
3
 48
25.4
100
AcDbLine
 10
1327.1557825444186
 20
849.3420000000001
 30
0.0
 11
1327.1557825444186
 21
829.1014029810001
 31
0.0
  0
LINE
  5
6FC
330
17
100
AcDbEntity
  8
CUT
  6
Continuous
 62
3
 48
25.4
100
AcDbLine
 10
1673.6055320553187
 20
809.1212039746001
 30
0.0
 11
1673.6055320553187
 21
849.3420000000001
 31
0.0
  0
LINE
  5
6FD
330
17
100
AcDbEntity
  8
CUT
  6
Continuous
 62
3
 48
25.4
100
AcDbLine
 10
1673.6055320553187
 20
849.3420000000001
 30
0.0
 11
1694.8659300680185
 21
849.3420000000001
 31
0.0
  0
LINE
  5
6FE
330
17
100
AcDbEntity
  8
CUT
  6
Continuous
 62
3
 48
25.4
100
AcDbLine
 10
1694.8659300680185
 20
1094.7718626614
 30
0.0
 11
1673.6055320553187
 21
1094.7718626614
 31
0.0
  0
LINE
  5
6FF
330
17
100
AcDbEntity
  8
CUT
  6
Continuous
 62
3
 48
25.4
100
AcDbLine
 10
1283.7673975362186
 20
1011.2696573092002
 30
0.0
 11
1289.0060495289185
 21
991.7187419090001
 31
0.0
  0
LINE
  5
700
330
17
100
AcDbEntity
  8
CUT
  6
Continuous
 62
3
 48
25.4
100
AcDbLine
 10
1673.6055320553187
 20
1094.7718626614
 30
0.0
 11
1668.3668800625187
 21
1114.3227780615002
 31
0.0
  0
LINE
  5
701
330
17
100
AcDbEntity
  8
CUT
 62
4
 48
25.4
100
AcDbLine
 10
2425.570853204591
 20
613.3527641947081
 30
0.0
 11
2316.5020446948906
 21
613.3527641947081
 31
0.0
  0
LINE
  5
702
330
17
100
AcDbEntity
  8
CUT
 62
4
 48
25.4
100
AcDbLine
 10
2306.381746185391
 20
1160.5490902071083
 30
0.0
 11
2415.450554695091
 21
1223.519996160408
 31
0.0
  0
LINE
  5
703
330
17
100
AcDbEntity
  8
CUT
 62
4
 48
25.4
100
AcDbLine
 10
2315.2218456885907
 20
633.5933612137081
 30
0.0
 11
2315.2218456885907
 21
1143.0202190009081
 31
0.0
  0
LINE
  5
704
330
17
100
AcDbEntity
  8
CUT
 62
4
 48
25.4
100
AcDbLine
 10
2315.861945191691
 20
1144.128903862208
 30
0.0
 11
2424.930753701391
 21
1207.0998098155083
 31
0.0
  0
LINE
  5
705
330
17
100
AcDbEntity
  8
CUT
 62
4
 48
25.4
100
AcDbLine
 10
2426.851052210891
 20
1205.9911249541083
 30
0.0
 11
2426.851052210891
 21
633.5933612137081
 31
0.0
  0
LINE
  5
706
330
17
100
AcDbEntity
  8
CUT
 62
4
 48
25.4
100
AcDbLine
 10
2425.570853204591
 20
632.3131622074081
 30
0.0
 11
2316.5020446948906
 21
632.3131622074081
 31
0.0
  0
LINE
  5
707
330
17
100
AcDbEntity
  8
CUT
  6
Continuous
 62
3
 48
25.4
100
AcDbLine
 10
2425.570853204591
 20
593.3725651883082
 30
0.0
 11
2316.5020446948906
 21
593.3725651883082
 31
0.0
  0
LINE
  5
708
330
17
100
AcDbEntity
  8
CUT
  6
Continuous
 62
3
 48
25.4
100
AcDbLine
 10
2425.570853204591
 20
1205.9911249541083
 30
0.0
 11
2415.450554695091
 21
1223.519996160408
 31
0.0
  0
LINE
  5
709
330
17
100
AcDbEntity
  8
CUT
  6
Continuous
 62
3
 48
25.4
100
AcDbLine
 10
2316.502044694891
 20
1143.0202190009081
 30
0.0
 11
2296.391646682191
 21
1177.8524501192082
 31
0.0
  0
LINE
  5
70A
330
17
100
AcDbEntity
  8
CUT
  6
Continuous
 62
3
 48
25.4
100
AcDbLine
 10
2295.241646682191
 20
633.5933612137081
 30
0.0
 11
2295.241646682191
 21
1143.0202190009081
 31
0.0
  0
LINE
  5
70B
330
17
100
AcDbEntity
  8
CUT
  6
Continuous
 62
3
 48
25.4
100
AcDbLine
 10
2446.831251217291
 20
1205.9911249541083
 30
0.0
 11
2446.8312512172906
 21
633.5933612137081
 31
0.0
  0
LINE
  5
70C
330
17
100
AcDbEntity
  8
CUT
  6
Continuous
 62
3
 48
25.4
100
AcDbLine
 10
2395.470355688791
 20
1235.0555694351083
 30
0.0
 11
2415.450554695091
 21
1223.519996160408
 31
0.0
  0
LINE
  5
70D
330
17
100
AcDbEntity
  8
CUT
  6
Continuous
 62
3
 48
25.4
100
AcDbLine
 10
2296.391646682191
 20
1177.8524501192082
 30
0.0
 11
2395.470355688791
 21
1235.0555694351083
 31
0.0
  0
CIRCLE
  5
70E
330
17
100
AcDbEntity
  8
CUT
  6
Continuous
 62
3
 48
25.4
100
AcDbCircle
 10
2400.570853204591
 20
603.3725651883082
 30
0.0
 40
2.049999999999999
  0
CIRCLE
  5
70F
330
17
100
AcDbEntity
  8
CUT
  6
Continuous
 62
3
 48
25.4
100
AcDbCircle
 10
2341.5020446948906
 20
603.3725651883082
 30
0.0
 40
2.049999999999999
  0
CIRCLE
  5
710
330
17
100
AcDbEntity
  8
CUT
  6
Continuous
 62
3
 48
25.4
100
AcDbCircle
 10
2389.2344960230907
 20
1219.8795818392082
 30
0.0
 40
2.049999999999999
  0
CIRCLE
  5
711
330
17
100
AcDbEntity
  8
CUT
  6
Continuous
 62
3
 48
25.4
100
AcDbCircle
 10
2321.913696357291
 20
1181.011900030108
 30
0.0
 40
2.049999999999999
  0
CIRCLE
  5
712
330
17
100
AcDbEntity
  8
CUT
  6
Continuous
 62
3
 48
25.4
100
AcDbCircle
 10
2305.241646682191
 20
1111.293361213708
 30
0.0
 40
2.049999999999999
  0
CIRCLE
  5
713
330
17
100
AcDbEntity
  8
CUT
  6
Continuous
 62
3
 48
25.4
100
AcDbCircle
 10
2436.831251217291
 20
1151.293361213708
 30
0.0
 40
2.049999999999999
  0
CIRCLE
  5
714
330
17
100
AcDbEntity
  8
CUT
  6
Continuous
 62
3
 48
25.4
100
AcDbCircle
 10
2305.241646682191
 20
1051.293361213708
 30
0.0
 40
2.049999999999999
  0
CIRCLE
  5
715
330
17
100
AcDbEntity
  8
CUT
  6
Continuous
 62
3
 48
25.4
100
AcDbCircle
 10
2436.831251217291
 20
1051.293361213708
 30
0.0
 40
2.049999999999999
  0
CIRCLE
  5
716
330
17
100
AcDbEntity
  8
CUT
  6
Continuous
 62
3
 48
25.4
100
AcDbCircle
 10
2305.241646682191
 20
951.2933612137081
 30
0.0
 40
2.049999999999999
  0
CIRCLE
  5
717
330
17
100
AcDbEntity
  8
CUT
  6
Continuous
 62
3
 48
25.4
100
AcDbCircle
 10
2436.831251217291
 20
951.2933612137081
 30
0.0
 40
2.049999999999999
  0
CIRCLE
  5
718
330
17
100
AcDbEntity
  8
CUT
  6
Continuous
 62
3
 48
25.4
100
AcDbCircle
 10
2305.241646682191
 20
851.2933612137081
 30
0.0
 40
2.049999999999999
  0
CIRCLE
  5
719
330
17
100
AcDbEntity
  8
CUT
  6
Continuous
 62
3
 48
25.4
100
AcDbCircle
 10
2436.831251217291
 20
851.2933612137081
 30
0.0
 40
2.049999999999999
  0
CIRCLE
  5
71A
330
17
100
AcDbEntity
  8
CUT
  6
Continuous
 62
3
 48
25.4
100
AcDbCircle
 10
2305.241646682191
 20
751.2933612137081
 30
0.0
 40
2.049999999999999
  0
CIRCLE
  5
71B
330
17
100
AcDbEntity
  8
CUT
  6
Continuous
 62
3
 48
25.4
100
AcDbCircle
 10
2436.8312512172906
 20
751.2933612137081
 30
0.0
 40
2.049999999999999
  0
CIRCLE
  5
71C
330
17
100
AcDbEntity
  8
CUT
  6
Continuous
 62
3
 48
25.4
100
AcDbCircle
 10
2305.241646682191
 20
651.2933612137082
 30
0.0
 40
2.049999999999999
  0
CIRCLE
  5
71D
330
17
100
AcDbEntity
  8
CUT
  6
Continuous
 62
3
 48
25.4
100
AcDbCircle
 10
2436.8312512172906
 20
651.2933612137081
 30
0.0
 40
2.049999999999999
  0
LINE
  5
71E
330
17
100
AcDbEntity
  8
CUT
  6
Continuous
 62
3
 48
25.4
100
AcDbLine
 10
2316.5020446948906
 20
633.5933612137081
 30
0.0
 11
2316.5020446948906
 21
593.3725651883082
 31
0.0
  0
LINE
  5
71F
330
17
100
AcDbEntity
  8
CUT
  6
Continuous
 62
3
 48
25.4
100
AcDbLine
 10
2425.570853204591
 20
593.3725651883082
 30
0.0
 11
2425.570853204591
 21
633.5933612137081
 31
0.0
  0
LINE
  5
720
330
17
100
AcDbEntity
  8
CUT
  6
Continuous
 62
3
 48
25.4
100
AcDbLine
 10
2425.570853204591
 20
633.5933612137081
 30
0.0
 11
2446.8312512172906
 21
633.5933612137081
 31
0.0
  0
LINE
  5
721
330
17
100
AcDbEntity
  8
CUT
  6
Continuous
 62
3
 48
25.4
100
AcDbLine
 10
2446.831251217291
 20
1205.9911249541083
 30
0.0
 11
2425.570853204591
 21
1205.9911249541083
 31
0.0
  0
LINE
  5
722
330
17
100
AcDbEntity
  8
CUT
  6
Continuous
 62
3
 48
25.4
100
AcDbLine
 10
2316.502044694891
 20
1143.0202190009081
 30
0.0
 11
2295.241646682191
 21
1143.0202190009081
 31
0.0
  0
LINE
  5
723
330
17
100
AcDbEntity
  8
CUT
  6
Continuous
 62
3
 48
25.4
100
AcDbLine
 10
2295.241646682191
 20
633.5933612137081
 30
0.0
 11
2316.5020446948906
 21
633.5933612137081
 31
0.0
  0
LINE
  5
724
330
17
100
AcDbEntity
  8
CUT
 62
4
 48
25.4
100
AcDbLine
 10
2059.4091179448887
 20
1215.14522282303
 30
0.0
 11
1257.6603230303886
 21
1215.14522282303
 31
0.0
  0
LINE
  5
725
330
17
100
AcDbEntity
  8
CUT
 62
4
 48
25.4
100
AcDbLine
 10
2059.4091179448887
 20
1157.1848248104297
 30
0.0
 11
1255.3603230303888
 21
1157.18482481043
 31
0.0
  0
LINE
  5
726
330
17
100
AcDbEntity
  8
CUT
  6
Continuous
 62
3
 48
25.4
100
AcDbLine
 10
2059.4091179448887
 20
1137.20462580403
 30
0.0
 11
2059.4091179448887
 21
1235.1254218294298
 31
0.0
  0
LINE
  5
727
330
17
100
AcDbEntity
  8
CUT
  6
Continuous
 62
3
 48
25.4
100
AcDbLine
 10
1255.3603230303888
 20
1137.20462580403
 30
0.0
 11
2059.4091179448887
 21
1137.20462580403
 31
0.0
  0
LINE
  5
728
330
17
100
AcDbEntity
  8
CUT
  6
Continuous
 62
3
 48
25.4
100
AcDbLine
 10
1255.3603230303888
 20
1213.8650238167302
 30
0.0
 11
1255.3603230303888
 21
1137.20462580403
 31
0.0
  0
CIRCLE
  5
729
330
17
100
AcDbEntity
  8
CUT
  6
Continuous
 62
3
 48
25.4
100
AcDbCircle
 10
1837.6603230303886
 20
1147.20462580403
 30
0.0
 40
2.049999999999999
  0
CIRCLE
  5
72A
330
17
100
AcDbEntity
  8
CUT
  6
Continuous
 62
3
 48
25.4
100
AcDbCircle
 10
1817.6603230303886
 20
1147.20462580403
 30
0.0
 40
2.049999999999999
  0
CIRCLE
  5
72B
330
17
100
AcDbEntity
  8
CUT
  6
Continuous
 62
3
 48
25.4
100
AcDbCircle
 10
1797.6603230303886
 20
1147.20462580403
 30
0.0
 40
2.049999999999999
  0
CIRCLE
  5
72C
330
17
100
AcDbEntity
  8
CUT
  6
Continuous
 62
3
 48
25.4
100
AcDbCircle
 10
1777.6603230303886
 20
1147.20462580403
 30
0.0
 40
2.049999999999999
  0
CIRCLE
  5
72D
330
17
100
AcDbEntity
  8
CUT
  6
Continuous
 62
3
 48
25.4
100
AcDbCircle
 10
1757.6603230303886
 20
1147.20462580403
 30
0.0
 40
2.049999999999999
  0
CIRCLE
  5
72E
330
17
100
AcDbEntity
  8
CUT
  6
Continuous
 62
3
 48
25.4
100
AcDbCircle
 10
1737.6603230303886
 20
1147.20462580403
 30
0.0
 40
2.049999999999999
  0
CIRCLE
  5
72F
330
17
100
AcDbEntity
  8
CUT
  6
Continuous
 62
3
 48
25.4
100
AcDbCircle
 10
1717.6603230303886
 20
1147.20462580403
 30
0.0
 40
2.049999999999999
  0
CIRCLE
  5
730
330
17
100
AcDbEntity
  8
CUT
  6
Continuous
 62
3
 48
25.4
100
AcDbCircle
 10
1697.6603230303886
 20
1147.20462580403
 30
0.0
 40
2.049999999999999
  0
CIRCLE
  5
731
330
17
100
AcDbEntity
  8
CUT
  6
Continuous
 62
3
 48
25.4
100
AcDbCircle
 10
1677.6603230303888
 20
1147.20462580403
 30
0.0
 40
2.049999999999999
  0
CIRCLE
  5
732
330
17
100
AcDbEntity
  8
CUT
  6
Continuous
 62
3
 48
25.4
100
AcDbCircle
 10
1657.6603230303888
 20
1147.20462580403
 30
0.0
 40
2.049999999999999
  0
CIRCLE
  5
733
330
17
100
AcDbEntity
  8
CUT
  6
Continuous
 62
3
 48
25.4
100
AcDbCircle
 10
1637.6603230303888
 20
1147.20462580403
 30
0.0
 40
2.049999999999999
  0
CIRCLE
  5
734
330
17
100
AcDbEntity
  8
CUT
  6
Continuous
 62
3
 48
25.4
100
AcDbCircle
 10
1617.6603230303888
 20
1147.20462580403
 30
0.0
 40
2.049999999999999
  0
CIRCLE
  5
735
330
17
100
AcDbEntity
  8
CUT
  6
Continuous
 62
3
 48
25.4
100
AcDbCircle
 10
1597.6603230303888
 20
1147.20462580403
 30
0.0
 40
2.049999999999999
  0
CIRCLE
  5
736
330
17
100
AcDbEntity
  8
CUT
  6
Continuous
 62
3
 48
25.4
100
AcDbCircle
 10
1577.6603230303888
 20
1147.20462580403
 30
0.0
 40
2.049999999999999
  0
CIRCLE
  5
737
330
17
100
AcDbEntity
  8
CUT
  6
Continuous
 62
3
 48
25.4
100
AcDbCircle
 10
1557.6603230303888
 20
1147.20462580403
 30
0.0
 40
2.049999999999999
  0
CIRCLE
  5
738
330
17
100
AcDbEntity
  8
CUT
  6
Continuous
 62
3
 48
25.4
100
AcDbCircle
 10
1537.6603230303888
 20
1147.20462580403
 30
0.0
 40
2.049999999999999
  0
CIRCLE
  5
739
330
17
100
AcDbEntity
  8
CUT
  6
Continuous
 62
3
 48
25.4
100
AcDbCircle
 10
1517.6603230303888
 20
1147.20462580403
 30
0.0
 40
2.049999999999999
  0
CIRCLE
  5
73A
330
17
100
AcDbEntity
  8
CUT
  6
Continuous
 62
3
 48
25.4
100
AcDbCircle
 10
1497.6603230303888
 20
1147.20462580403
 30
0.0
 40
2.049999999999999
  0
CIRCLE
  5
73B
330
17
100
AcDbEntity
  8
CUT
  6
Continuous
 62
3
 48
25.4
100
AcDbCircle
 10
1477.6603230303888
 20
1147.20462580403
 30
0.0
 40
2.049999999999999
  0
CIRCLE
  5
73C
330
17
100
AcDbEntity
  8
CUT
  6
Continuous
 62
3
 48
25.4
100
AcDbCircle
 10
1457.6603230303888
 20
1147.20462580403
 30
0.0
 40
2.049999999999999
  0
CIRCLE
  5
73D
330
17
100
AcDbEntity
  8
CUT
  6
Continuous
 62
3
 48
25.4
100
AcDbCircle
 10
1437.6603230303888
 20
1147.20462580403
 30
0.0
 40
2.049999999999999
  0
CIRCLE
  5
73E
330
17
100
AcDbEntity
  8
CUT
  6
Continuous
 62
3
 48
25.4
100
AcDbCircle
 10
1417.6603230303888
 20
1147.20462580403
 30
0.0
 40
2.049999999999999
  0
CIRCLE
  5
73F
330
17
100
AcDbEntity
  8
CUT
  6
Continuous
 62
3
 48
25.4
100
AcDbCircle
 10
1397.6603230303888
 20
1147.20462580403
 30
0.0
 40
2.049999999999999
  0
CIRCLE
  5
740
330
17
100
AcDbEntity
  8
CUT
  6
Continuous
 62
3
 48
25.4
100
AcDbCircle
 10
1377.6603230303888
 20
1147.20462580403
 30
0.0
 40
2.049999999999999
  0
CIRCLE
  5
741
330
17
100
AcDbEntity
  8
CUT
  6
Continuous
 62
3
 48
25.4
100
AcDbCircle
 10
1357.6603230303888
 20
1147.20462580403
 30
0.0
 40
2.049999999999999
  0
CIRCLE
  5
742
330
17
100
AcDbEntity
  8
CUT
  6
Continuous
 62
3
 48
25.4
100
AcDbCircle
 10
1337.6603230303888
 20
1147.20462580403
 30
0.0
 40
2.049999999999999
  0
CIRCLE
  5
743
330
17
100
AcDbEntity
  8
CUT
  6
Continuous
 62
3
 48
25.4
100
AcDbCircle
 10
1317.6603230303886
 20
1147.20462580403
 30
0.0
 40
2.049999999999999
  0
CIRCLE
  5
744
330
17
100
AcDbEntity
  8
CUT
  6
Continuous
 62
3
 48
25.4
100
AcDbCircle
 10
1297.6603230303886
 20
1147.20462580403
 30
0.0
 40
2.049999999999999
  0
CIRCLE
  5
745
330
17
100
AcDbEntity
  8
CUT
  6
Continuous
 62
3
 48
25.4
100
AcDbCircle
 10
1277.6603230303886
 20
1147.20462580403
 30
0.0
 40
2.049999999999999
  0
CIRCLE
  5
746
330
17
100
AcDbEntity
  8
CUT
  6
Continuous
 62
3
 48
25.4
100
AcDbCircle
 10
1857.6603230303886
 20
1147.20462580403
 30
0.0
 40
2.049999999999999
  0
CIRCLE
  5
747
330
17
100
AcDbEntity
  8
CUT
  6
Continuous
 62
3
 48
25.4
100
AcDbCircle
 10
1957.6603230303886
 20
1147.20462580403
 30
0.0
 40
2.049999999999999
  0
CIRCLE
  5
748
330
17
100
AcDbEntity
  8
CUT
  6
Continuous
 62
3
 48
25.4
100
AcDbCircle
 10
2037.6603230303888
 20
1147.20462580403
 30
0.0
 40
2.049999999999999
  0
CIRCLE
  5
749
330
17
100
AcDbEntity
  8
CUT
  6
Continuous
 62
3
 48
25.4
100
AcDbCircle
 10
2017.6603230303886
 20
1147.20462580403
 30
0.0
 40
2.049999999999999
  0
CIRCLE
  5
74A
330
17
100
AcDbEntity
  8
CUT
  6
Continuous
 62
3
 48
25.4
100
AcDbCircle
 10
1997.6603230303888
 20
1147.20462580403
 30
0.0
 40
2.049999999999999
  0
CIRCLE
  5
74B
330
17
100
AcDbEntity
  8
CUT
  6
Continuous
 62
3
 48
25.4
100
AcDbCircle
 10
1977.6603230303886
 20
1147.20462580403
 30
0.0
 40
2.049999999999999
  0
CIRCLE
  5
74C
330
17
100
AcDbEntity
  8
CUT
  6
Continuous
 62
3
 48
25.4
100
AcDbCircle
 10
1937.6603230303886
 20
1147.20462580403
 30
0.0
 40
2.049999999999999
  0
CIRCLE
  5
74D
330
17
100
AcDbEntity
  8
CUT
  6
Continuous
 62
3
 48
25.4
100
AcDbCircle
 10
1917.6603230303886
 20
1147.20462580403
 30
0.0
 40
2.049999999999999
  0
CIRCLE
  5
74E
330
17
100
AcDbEntity
  8
CUT
  6
Continuous
 62
3
 48
25.4
100
AcDbCircle
 10
1897.6603230303886
 20
1147.20462580403
 30
0.0
 40
2.049999999999999
  0
CIRCLE
  5
74F
330
17
100
AcDbEntity
  8
CUT
  6
Continuous
 62
3
 48
25.4
100
AcDbCircle
 10
1877.6603230303886
 20
1147.20462580403
 30
0.0
 40
2.049999999999999
  0
LINE
  5
750
330
17
100
AcDbEntity
  8
CUT
  6
Continuous
 62
3
 48
25.4
100
AcDbLine
 10
1257.6603230303886
 20
1213.8650238167302
 30
0.0
 11
1257.6603230303886
 21
1235.12542182943
 31
0.0
  0
LINE
  5
751
330
17
100
AcDbEntity
  8
CUT
  6
Continuous
 62
3
 48
25.4
100
AcDbLine
 10
2059.4091179448887
 20
1235.1254218294298
 30
0.0
 11
1257.6603230303886
 21
1235.12542182943
 31
0.0
  0
CIRCLE
  5
752
330
17
100
AcDbEntity
  8
CUT
  6
Continuous
 62
3
 48
25.4
100
AcDbCircle
 10
1837.6603230303886
 20
1225.1254218294298
 30
0.0
 40
2.049999999999999
  0
CIRCLE
  5
753
330
17
100
AcDbEntity
  8
CUT
  6
Continuous
 62
3
 48
25.4
100
AcDbCircle
 10
1817.6603230303886
 20
1225.1254218294298
 30
0.0
 40
2.049999999999999
  0
CIRCLE
  5
754
330
17
100
AcDbEntity
  8
CUT
  6
Continuous
 62
3
 48
25.4
100
AcDbCircle
 10
1797.6603230303886
 20
1225.1254218294298
 30
0.0
 40
2.049999999999999
  0
CIRCLE
  5
755
330
17
100
AcDbEntity
  8
CUT
  6
Continuous
 62
3
 48
25.4
100
AcDbCircle
 10
1777.6603230303886
 20
1225.1254218294298
 30
0.0
 40
2.049999999999999
  0
CIRCLE
  5
756
330
17
100
AcDbEntity
  8
CUT
  6
Continuous
 62
3
 48
25.4
100
AcDbCircle
 10
1757.6603230303886
 20
1225.1254218294298
 30
0.0
 40
2.049999999999999
  0
CIRCLE
  5
757
330
17
100
AcDbEntity
  8
CUT
  6
Continuous
 62
3
 48
25.4
100
AcDbCircle
 10
1737.6603230303886
 20
1225.1254218294298
 30
0.0
 40
2.049999999999999
  0
CIRCLE
  5
758
330
17
100
AcDbEntity
  8
CUT
  6
Continuous
 62
3
 48
25.4
100
AcDbCircle
 10
1717.6603230303886
 20
1225.1254218294298
 30
0.0
 40
2.049999999999999
  0
CIRCLE
  5
759
330
17
100
AcDbEntity
  8
CUT
  6
Continuous
 62
3
 48
25.4
100
AcDbCircle
 10
1697.6603230303886
 20
1225.1254218294298
 30
0.0
 40
2.049999999999999
  0
CIRCLE
  5
75A
330
17
100
AcDbEntity
  8
CUT
  6
Continuous
 62
3
 48
25.4
100
AcDbCircle
 10
1677.6603230303888
 20
1225.1254218294298
 30
0.0
 40
2.049999999999999
  0
CIRCLE
  5
75B
330
17
100
AcDbEntity
  8
CUT
  6
Continuous
 62
3
 48
25.4
100
AcDbCircle
 10
1657.6603230303888
 20
1225.1254218294298
 30
0.0
 40
2.049999999999999
  0
CIRCLE
  5
75C
330
17
100
AcDbEntity
  8
CUT
  6
Continuous
 62
3
 48
25.4
100
AcDbCircle
 10
1637.6603230303888
 20
1225.1254218294298
 30
0.0
 40
2.049999999999999
  0
CIRCLE
  5
75D
330
17
100
AcDbEntity
  8
CUT
  6
Continuous
 62
3
 48
25.4
100
AcDbCircle
 10
1617.6603230303888
 20
1225.1254218294298
 30
0.0
 40
2.049999999999999
  0
CIRCLE
  5
75E
330
17
100
AcDbEntity
  8
CUT
  6
Continuous
 62
3
 48
25.4
100
AcDbCircle
 10
1597.6603230303888
 20
1225.1254218294298
 30
0.0
 40
2.049999999999999
  0
CIRCLE
  5
75F
330
17
100
AcDbEntity
  8
CUT
  6
Continuous
 62
3
 48
25.4
100
AcDbCircle
 10
1577.6603230303888
 20
1225.1254218294298
 30
0.0
 40
2.049999999999999
  0
CIRCLE
  5
760
330
17
100
AcDbEntity
  8
CUT
  6
Continuous
 62
3
 48
25.4
100
AcDbCircle
 10
1557.6603230303888
 20
1225.1254218294298
 30
0.0
 40
2.049999999999999
  0
CIRCLE
  5
761
330
17
100
AcDbEntity
  8
CUT
  6
Continuous
 62
3
 48
25.4
100
AcDbCircle
 10
1537.6603230303888
 20
1225.1254218294298
 30
0.0
 40
2.049999999999999
  0
CIRCLE
  5
762
330
17
100
AcDbEntity
  8
CUT
  6
Continuous
 62
3
 48
25.4
100
AcDbCircle
 10
1517.6603230303888
 20
1225.1254218294298
 30
0.0
 40
2.049999999999999
  0
CIRCLE
  5
763
330
17
100
AcDbEntity
  8
CUT
  6
Continuous
 62
3
 48
25.4
100
AcDbCircle
 10
1497.6603230303888
 20
1225.12542182943
 30
0.0
 40
2.049999999999999
  0
CIRCLE
  5
764
330
17
100
AcDbEntity
  8
CUT
  6
Continuous
 62
3
 48
25.4
100
AcDbCircle
 10
1477.6603230303888
 20
1225.12542182943
 30
0.0
 40
2.049999999999999
  0
CIRCLE
  5
765
330
17
100
AcDbEntity
  8
CUT
  6
Continuous
 62
3
 48
25.4
100
AcDbCircle
 10
1457.6603230303888
 20
1225.12542182943
 30
0.0
 40
2.049999999999999
  0
CIRCLE
  5
766
330
17
100
AcDbEntity
  8
CUT
  6
Continuous
 62
3
 48
25.4
100
AcDbCircle
 10
1437.6603230303888
 20
1225.12542182943
 30
0.0
 40
2.049999999999999
  0
CIRCLE
  5
767
330
17
100
AcDbEntity
  8
CUT
  6
Continuous
 62
3
 48
25.4
100
AcDbCircle
 10
1417.6603230303888
 20
1225.12542182943
 30
0.0
 40
2.049999999999999
  0
CIRCLE
  5
768
330
17
100
AcDbEntity
  8
CUT
  6
Continuous
 62
3
 48
25.4
100
AcDbCircle
 10
1397.6603230303888
 20
1225.12542182943
 30
0.0
 40
2.049999999999999
  0
CIRCLE
  5
769
330
17
100
AcDbEntity
  8
CUT
  6
Continuous
 62
3
 48
25.4
100
AcDbCircle
 10
1377.6603230303888
 20
1225.12542182943
 30
0.0
 40
2.049999999999999
  0
CIRCLE
  5
76A
330
17
100
AcDbEntity
  8
CUT
  6
Continuous
 62
3
 48
25.4
100
AcDbCircle
 10
1357.6603230303888
 20
1225.12542182943
 30
0.0
 40
2.049999999999999
  0
CIRCLE
  5
76B
330
17
100
AcDbEntity
  8
CUT
  6
Continuous
 62
3
 48
25.4
100
AcDbCircle
 10
1337.6603230303888
 20
1225.12542182943
 30
0.0
 40
2.049999999999999
  0
CIRCLE
  5
76C
330
17
100
AcDbEntity
  8
CUT
  6
Continuous
 62
3
 48
25.4
100
AcDbCircle
 10
1317.6603230303886
 20
1225.12542182943
 30
0.0
 40
2.049999999999999
  0
CIRCLE
  5
76D
330
17
100
AcDbEntity
  8
CUT
  6
Continuous
 62
3
 48
25.4
100
AcDbCircle
 10
1297.6603230303886
 20
1225.12542182943
 30
0.0
 40
2.049999999999999
  0
CIRCLE
  5
76E
330
17
100
AcDbEntity
  8
CUT
  6
Continuous
 62
3
 48
25.4
100
AcDbCircle
 10
1277.6603230303886
 20
1225.12542182943
 30
0.0
 40
2.049999999999999
  0
CIRCLE
  5
76F
330
17
100
AcDbEntity
  8
CUT
  6
Continuous
 62
3
 48
25.4
100
AcDbCircle
 10
1857.6603230303886
 20
1225.1254218294298
 30
0.0
 40
2.049999999999999
  0
CIRCLE
  5
770
330
17
100
AcDbEntity
  8
CUT
  6
Continuous
 62
3
 48
25.4
100
AcDbCircle
 10
1957.6603230303886
 20
1225.1254218294298
 30
0.0
 40
2.049999999999999
  0
CIRCLE
  5
771
330
17
100
AcDbEntity
  8
CUT
  6
Continuous
 62
3
 48
25.4
100
AcDbCircle
 10
2037.6603230303888
 20
1225.1254218294298
 30
0.0
 40
2.049999999999999
  0
CIRCLE
  5
772
330
17
100
AcDbEntity
  8
CUT
  6
Continuous
 62
3
 48
25.4
100
AcDbCircle
 10
2017.6603230303886
 20
1225.1254218294298
 30
0.0
 40
2.049999999999999
  0
CIRCLE
  5
773
330
17
100
AcDbEntity
  8
CUT
  6
Continuous
 62
3
 48
25.4
100
AcDbCircle
 10
1997.6603230303888
 20
1225.1254218294298
 30
0.0
 40
2.049999999999999
  0
CIRCLE
  5
774
330
17
100
AcDbEntity
  8
CUT
  6
Continuous
 62
3
 48
25.4
100
AcDbCircle
 10
1977.6603230303886
 20
1225.1254218294298
 30
0.0
 40
2.049999999999999
  0
CIRCLE
  5
775
330
17
100
AcDbEntity
  8
CUT
  6
Continuous
 62
3
 48
25.4
100
AcDbCircle
 10
1937.6603230303886
 20
1225.1254218294298
 30
0.0
 40
2.049999999999999
  0
CIRCLE
  5
776
330
17
100
AcDbEntity
  8
CUT
  6
Continuous
 62
3
 48
25.4
100
AcDbCircle
 10
1917.6603230303886
 20
1225.1254218294298
 30
0.0
 40
2.049999999999999
  0
CIRCLE
  5
777
330
17
100
AcDbEntity
  8
CUT
  6
Continuous
 62
3
 48
25.4
100
AcDbCircle
 10
1897.6603230303886
 20
1225.1254218294298
 30
0.0
 40
2.049999999999999
  0
CIRCLE
  5
778
330
17
100
AcDbEntity
  8
CUT
  6
Continuous
 62
3
 48
25.4
100
AcDbCircle
 10
1877.6603230303886
 20
1225.1254218294298
 30
0.0
 40
2.049999999999999
  0
CIRCLE
  5
779
330
17
100
AcDbEntity
  8
CUT
  6
Continuous
 62
3
 48
25.4
100
AcDbCircle
 10
2035.3603230303888
 20
1166.16502381673
 30
0.0
 40
2.049999999999999
  0
CIRCLE
  5
77A
330
17
100
AcDbEntity
  8
CUT
  6
Continuous
 62
3
 48
25.4
100
AcDbCircle
 10
2015.3603230303888
 20
1166.16502381673
 30
0.0
 40
2.049999999999999
  0
CIRCLE
  5
77B
330
17
100
AcDbEntity
  8
CUT
  6
Continuous
 62
3
 48
25.4
100
AcDbCircle
 10
1995.3603230303886
 20
1166.16502381673
 30
0.0
 40
2.049999999999999
  0
CIRCLE
  5
77C
330
17
100
AcDbEntity
  8
CUT
  6
Continuous
 62
3
 48
25.4
100
AcDbCircle
 10
1995.3603230303886
 20
1186.16502381673
 30
0.0
 40
2.049999999999999
  0
CIRCLE
  5
77D
330
17
100
AcDbEntity
  8
CUT
  6
Continuous
 62
3
 48
25.4
100
AcDbCircle
 10
2015.3603230303888
 20
1186.16502381673
 30
0.0
 40
2.049999999999999
  0
CIRCLE
  5
77E
330
17
100
AcDbEntity
  8
CUT
  6
Continuous
 62
3
 48
25.4
100
AcDbCircle
 10
2035.3603230303888
 20
1186.16502381673
 30
0.0
 40
2.049999999999999
  0
CIRCLE
  5
77F
330
17
100
AcDbEntity
  8
CUT
  6
Continuous
 62
3
 48
25.4
100
AcDbCircle
 10
2035.3603230303888
 20
1206.16502381673
 30
0.0
 40
2.049999999999999
  0
CIRCLE
  5
780
330
17
100
AcDbEntity
  8
CUT
  6
Continuous
 62
3
 48
25.4
100
AcDbCircle
 10
2015.3603230303888
 20
1206.16502381673
 30
0.0
 40
2.049999999999999
  0
CIRCLE
  5
781
330
17
100
AcDbEntity
  8
CUT
  6
Continuous
 62
3
 48
25.4
100
AcDbCircle
 10
1995.3603230303886
 20
1206.16502381673
 30
0.0
 40
2.049999999999999
  0
CIRCLE
  5
782
330
17
100
AcDbEntity
  8
CUT
  6
Continuous
 62
3
 48
25.4
100
AcDbCircle
 10
1975.3603230303888
 20
1166.16502381673
 30
0.0
 40
2.049999999999999
  0
CIRCLE
  5
783
330
17
100
AcDbEntity
  8
CUT
  6
Continuous
 62
3
 48
25.4
100
AcDbCircle
 10
1955.3603230303888
 20
1166.16502381673
 30
0.0
 40
2.049999999999999
  0
CIRCLE
  5
784
330
17
100
AcDbEntity
  8
CUT
  6
Continuous
 62
3
 48
25.4
100
AcDbCircle
 10
1975.3603230303888
 20
1186.16502381673
 30
0.0
 40
2.049999999999999
  0
CIRCLE
  5
785
330
17
100
AcDbEntity
  8
CUT
  6
Continuous
 62
3
 48
25.4
100
AcDbCircle
 10
1955.3603230303888
 20
1186.16502381673
 30
0.0
 40
2.049999999999999
  0
CIRCLE
  5
786
330
17
100
AcDbEntity
  8
CUT
  6
Continuous
 62
3
 48
25.4
100
AcDbCircle
 10
1935.3603230303888
 20
1166.16502381673
 30
0.0
 40
2.049999999999999
  0
CIRCLE
  5
787
330
17
100
AcDbEntity
  8
CUT
  6
Continuous
 62
3
 48
25.4
100
AcDbCircle
 10
1935.3603230303888
 20
1186.16502381673
 30
0.0
 40
2.049999999999999
  0
CIRCLE
  5
788
330
17
100
AcDbEntity
  8
CUT
  6
Continuous
 62
3
 48
25.4
100
AcDbCircle
 10
1915.3603230303888
 20
1166.16502381673
 30
0.0
 40
2.049999999999999
  0
CIRCLE
  5
789
330
17
100
AcDbEntity
  8
CUT
  6
Continuous
 62
3
 48
25.4
100
AcDbCircle
 10
1915.3603230303888
 20
1186.16502381673
 30
0.0
 40
2.049999999999999
  0
CIRCLE
  5
78A
330
17
100
AcDbEntity
  8
CUT
  6
Continuous
 62
3
 48
25.4
100
AcDbCircle
 10
1895.3603230303886
 20
1166.16502381673
 30
0.0
 40
2.049999999999999
  0
CIRCLE
  5
78B
330
17
100
AcDbEntity
  8
CUT
  6
Continuous
 62
3
 48
25.4
100
AcDbCircle
 10
1895.3603230303886
 20
1186.16502381673
 30
0.0
 40
2.049999999999999
  0
CIRCLE
  5
78C
330
17
100
AcDbEntity
  8
CUT
  6
Continuous
 62
3
 48
25.4
100
AcDbCircle
 10
1875.3603230303888
 20
1166.16502381673
 30
0.0
 40
2.049999999999999
  0
CIRCLE
  5
78D
330
17
100
AcDbEntity
  8
CUT
  6
Continuous
 62
3
 48
25.4
100
AcDbCircle
 10
1875.3603230303888
 20
1186.16502381673
 30
0.0
 40
2.049999999999999
  0
CIRCLE
  5
78E
330
17
100
AcDbEntity
  8
CUT
  6
Continuous
 62
3
 48
25.4
100
AcDbCircle
 10
1855.3603230303888
 20
1166.16502381673
 30
0.0
 40
2.049999999999999
  0
CIRCLE
  5
78F
330
17
100
AcDbEntity
  8
CUT
  6
Continuous
 62
3
 48
25.4
100
AcDbCircle
 10
1855.3603230303888
 20
1186.16502381673
 30
0.0
 40
2.049999999999999
  0
CIRCLE
  5
790
330
17
100
AcDbEntity
  8
CUT
  6
Continuous
 62
3
 48
25.4
100
AcDbCircle
 10
1975.3603230303888
 20
1206.16502381673
 30
0.0
 40
2.049999999999999
  0
CIRCLE
  5
791
330
17
100
AcDbEntity
  8
CUT
  6
Continuous
 62
3
 48
25.4
100
AcDbCircle
 10
1955.3603230303888
 20
1206.16502381673
 30
0.0
 40
2.049999999999999
  0
CIRCLE
  5
792
330
17
100
AcDbEntity
  8
CUT
  6
Continuous
 62
3
 48
25.4
100
AcDbCircle
 10
1935.3603230303888
 20
1206.16502381673
 30
0.0
 40
2.049999999999999
  0
CIRCLE
  5
793
330
17
100
AcDbEntity
  8
CUT
  6
Continuous
 62
3
 48
25.4
100
AcDbCircle
 10
1915.3603230303888
 20
1206.16502381673
 30
0.0
 40
2.049999999999999
  0
CIRCLE
  5
794
330
17
100
AcDbEntity
  8
CUT
  6
Continuous
 62
3
 48
25.4
100
AcDbCircle
 10
1895.3603230303886
 20
1206.16502381673
 30
0.0
 40
2.049999999999999
  0
CIRCLE
  5
795
330
17
100
AcDbEntity
  8
CUT
  6
Continuous
 62
3
 48
25.4
100
AcDbCircle
 10
1875.3603230303888
 20
1206.16502381673
 30
0.0
 40
2.049999999999999
  0
CIRCLE
  5
796
330
17
100
AcDbEntity
  8
CUT
  6
Continuous
 62
3
 48
25.4
100
AcDbCircle
 10
1855.3603230303888
 20
1206.16502381673
 30
0.0
 40
2.049999999999999
  0
LINE
  5
797
330
17
100
AcDbEntity
  8
CUT
  6
Continuous
 62
3
 48
25.4
100
AcDbLine
 10
1255.3603230303888
 20
1213.8650238167302
 30
0.0
 11
1257.6603230303886
 21
1213.8650238167302
 31
0.0
  0
CIRCLE
  5
798
330
17
100
AcDbEntity
  8
CUT
  6
Continuous
 62
3
 48
25.4
100
AcDbCircle
 10
1835.3603230303888
 20
1166.16502381673
 30
0.0
 40
2.049999999999999
  0
CIRCLE
  5
799
330
17
100
AcDbEntity
  8
CUT
  6
Continuous
 62
3
 48
25.4
100
AcDbCircle
 10
1835.3603230303888
 20
1186.16502381673
 30
0.0
 40
2.049999999999999
  0
CIRCLE
  5
79A
330
17
100
AcDbEntity
  8
CUT
  6
Continuous
 62
3
 48
25.4
100
AcDbCircle
 10
1835.3603230303888
 20
1206.16502381673
 30
0.0
 40
2.049999999999999
  0
CIRCLE
  5
79B
330
17
100
AcDbEntity
  8
CUT
  6
Continuous
 62
3
 48
25.4
100
AcDbCircle
 10
1815.3603230303888
 20
1166.16502381673
 30
0.0
 40
2.049999999999999
  0
CIRCLE
  5
79C
330
17
100
AcDbEntity
  8
CUT
  6
Continuous
 62
3
 48
25.4
100
AcDbCircle
 10
1815.3603230303888
 20
1186.16502381673
 30
0.0
 40
2.049999999999999
  0
CIRCLE
  5
79D
330
17
100
AcDbEntity
  8
CUT
  6
Continuous
 62
3
 48
25.4
100
AcDbCircle
 10
1815.3603230303888
 20
1206.16502381673
 30
0.0
 40
2.049999999999999
  0
CIRCLE
  5
79E
330
17
100
AcDbEntity
  8
CUT
  6
Continuous
 62
3
 48
25.4
100
AcDbCircle
 10
1795.3603230303886
 20
1166.16502381673
 30
0.0
 40
2.049999999999999
  0
CIRCLE
  5
79F
330
17
100
AcDbEntity
  8
CUT
  6
Continuous
 62
3
 48
25.4
100
AcDbCircle
 10
1795.3603230303886
 20
1186.16502381673
 30
0.0
 40
2.049999999999999
  0
CIRCLE
  5
7A0
330
17
100
AcDbEntity
  8
CUT
  6
Continuous
 62
3
 48
25.4
100
AcDbCircle
 10
1795.3603230303886
 20
1206.16502381673
 30
0.0
 40
2.049999999999999
  0
CIRCLE
  5
7A1
330
17
100
AcDbEntity
  8
CUT
  6
Continuous
 62
3
 48
25.4
100
AcDbCircle
 10
1775.3603230303888
 20
1166.16502381673
 30
0.0
 40
2.049999999999999
  0
CIRCLE
  5
7A2
330
17
100
AcDbEntity
  8
CUT
  6
Continuous
 62
3
 48
25.4
100
AcDbCircle
 10
1775.3603230303888
 20
1186.16502381673
 30
0.0
 40
2.049999999999999
  0
CIRCLE
  5
7A3
330
17
100
AcDbEntity
  8
CUT
  6
Continuous
 62
3
 48
25.4
100
AcDbCircle
 10
1775.3603230303888
 20
1206.16502381673
 30
0.0
 40
2.049999999999999
  0
CIRCLE
  5
7A4
330
17
100
AcDbEntity
  8
CUT
  6
Continuous
 62
3
 48
25.4
100
AcDbCircle
 10
1755.3603230303888
 20
1166.16502381673
 30
0.0
 40
2.049999999999999
  0
CIRCLE
  5
7A5
330
17
100
AcDbEntity
  8
CUT
  6
Continuous
 62
3
 48
25.4
100
AcDbCircle
 10
1755.3603230303888
 20
1186.16502381673
 30
0.0
 40
2.049999999999999
  0
CIRCLE
  5
7A6
330
17
100
AcDbEntity
  8
CUT
  6
Continuous
 62
3
 48
25.4
100
AcDbCircle
 10
1755.3603230303888
 20
1206.16502381673
 30
0.0
 40
2.049999999999999
  0
CIRCLE
  5
7A7
330
17
100
AcDbEntity
  8
CUT
  6
Continuous
 62
3
 48
25.4
100
AcDbCircle
 10
1735.3603230303888
 20
1166.16502381673
 30
0.0
 40
2.049999999999999
  0
CIRCLE
  5
7A8
330
17
100
AcDbEntity
  8
CUT
  6
Continuous
 62
3
 48
25.4
100
AcDbCircle
 10
1735.3603230303888
 20
1186.16502381673
 30
0.0
 40
2.049999999999999
  0
CIRCLE
  5
7A9
330
17
100
AcDbEntity
  8
CUT
  6
Continuous
 62
3
 48
25.4
100
AcDbCircle
 10
1735.3603230303888
 20
1206.16502381673
 30
0.0
 40
2.049999999999999
  0
CIRCLE
  5
7AA
330
17
100
AcDbEntity
  8
CUT
  6
Continuous
 62
3
 48
25.4
100
AcDbCircle
 10
1715.3603230303888
 20
1166.16502381673
 30
0.0
 40
2.049999999999999
  0
CIRCLE
  5
7AB
330
17
100
AcDbEntity
  8
CUT
  6
Continuous
 62
3
 48
25.4
100
AcDbCircle
 10
1715.3603230303888
 20
1186.16502381673
 30
0.0
 40
2.049999999999999
  0
CIRCLE
  5
7AC
330
17
100
AcDbEntity
  8
CUT
  6
Continuous
 62
3
 48
25.4
100
AcDbCircle
 10
1715.3603230303888
 20
1206.16502381673
 30
0.0
 40
2.049999999999999
  0
CIRCLE
  5
7AD
330
17
100
AcDbEntity
  8
CUT
  6
Continuous
 62
3
 48
25.4
100
AcDbCircle
 10
1695.3603230303886
 20
1166.16502381673
 30
0.0
 40
2.049999999999999
  0
CIRCLE
  5
7AE
330
17
100
AcDbEntity
  8
CUT
  6
Continuous
 62
3
 48
25.4
100
AcDbCircle
 10
1695.3603230303886
 20
1186.16502381673
 30
0.0
 40
2.049999999999999
  0
CIRCLE
  5
7AF
330
17
100
AcDbEntity
  8
CUT
  6
Continuous
 62
3
 48
25.4
100
AcDbCircle
 10
1695.3603230303886
 20
1206.16502381673
 30
0.0
 40
2.049999999999999
  0
CIRCLE
  5
7B0
330
17
100
AcDbEntity
  8
CUT
  6
Continuous
 62
3
 48
25.4
100
AcDbCircle
 10
1675.3603230303886
 20
1166.16502381673
 30
0.0
 40
2.049999999999999
  0
CIRCLE
  5
7B1
330
17
100
AcDbEntity
  8
CUT
  6
Continuous
 62
3
 48
25.4
100
AcDbCircle
 10
1675.3603230303886
 20
1186.16502381673
 30
0.0
 40
2.049999999999999
  0
CIRCLE
  5
7B2
330
17
100
AcDbEntity
  8
CUT
  6
Continuous
 62
3
 48
25.4
100
AcDbCircle
 10
1675.3603230303886
 20
1206.16502381673
 30
0.0
 40
2.049999999999999
  0
CIRCLE
  5
7B3
330
17
100
AcDbEntity
  8
CUT
  6
Continuous
 62
3
 48
25.4
100
AcDbCircle
 10
1655.3603230303888
 20
1166.16502381673
 30
0.0
 40
2.049999999999999
  0
CIRCLE
  5
7B4
330
17
100
AcDbEntity
  8
CUT
  6
Continuous
 62
3
 48
25.4
100
AcDbCircle
 10
1655.3603230303888
 20
1186.16502381673
 30
0.0
 40
2.049999999999999
  0
CIRCLE
  5
7B5
330
17
100
AcDbEntity
  8
CUT
  6
Continuous
 62
3
 48
25.4
100
AcDbCircle
 10
1655.3603230303888
 20
1206.16502381673
 30
0.0
 40
2.049999999999999
  0
CIRCLE
  5
7B6
330
17
100
AcDbEntity
  8
CUT
  6
Continuous
 62
3
 48
25.4
100
AcDbCircle
 10
1635.3603230303888
 20
1166.16502381673
 30
0.0
 40
2.049999999999999
  0
CIRCLE
  5
7B7
330
17
100
AcDbEntity
  8
CUT
  6
Continuous
 62
3
 48
25.4
100
AcDbCircle
 10
1635.3603230303888
 20
1186.16502381673
 30
0.0
 40
2.049999999999999
  0
CIRCLE
  5
7B8
330
17
100
AcDbEntity
  8
CUT
  6
Continuous
 62
3
 48
25.4
100
AcDbCircle
 10
1635.3603230303888
 20
1206.16502381673
 30
0.0
 40
2.049999999999999
  0
CIRCLE
  5
7B9
330
17
100
AcDbEntity
  8
CUT
  6
Continuous
 62
3
 48
25.4
100
AcDbCircle
 10
1615.3603230303888
 20
1166.16502381673
 30
0.0
 40
2.049999999999999
  0
CIRCLE
  5
7BA
330
17
100
AcDbEntity
  8
CUT
  6
Continuous
 62
3
 48
25.4
100
AcDbCircle
 10
1615.3603230303888
 20
1186.16502381673
 30
0.0
 40
2.049999999999999
  0
CIRCLE
  5
7BB
330
17
100
AcDbEntity
  8
CUT
  6
Continuous
 62
3
 48
25.4
100
AcDbCircle
 10
1615.3603230303888
 20
1206.16502381673
 30
0.0
 40
2.049999999999999
  0
CIRCLE
  5
7BC
330
17
100
AcDbEntity
  8
CUT
  6
Continuous
 62
3
 48
25.4
100
AcDbCircle
 10
1595.3603230303886
 20
1166.16502381673
 30
0.0
 40
2.049999999999999
  0
CIRCLE
  5
7BD
330
17
100
AcDbEntity
  8
CUT
  6
Continuous
 62
3
 48
25.4
100
AcDbCircle
 10
1595.3603230303886
 20
1186.16502381673
 30
0.0
 40
2.049999999999999
  0
CIRCLE
  5
7BE
330
17
100
AcDbEntity
  8
CUT
  6
Continuous
 62
3
 48
25.4
100
AcDbCircle
 10
1595.3603230303886
 20
1206.16502381673
 30
0.0
 40
2.049999999999999
  0
CIRCLE
  5
7BF
330
17
100
AcDbEntity
  8
CUT
  6
Continuous
 62
3
 48
25.4
100
AcDbCircle
 10
1575.3603230303888
 20
1166.16502381673
 30
0.0
 40
2.049999999999999
  0
CIRCLE
  5
7C0
330
17
100
AcDbEntity
  8
CUT
  6
Continuous
 62
3
 48
25.4
100
AcDbCircle
 10
1575.3603230303888
 20
1186.16502381673
 30
0.0
 40
2.049999999999999
  0
CIRCLE
  5
7C1
330
17
100
AcDbEntity
  8
CUT
  6
Continuous
 62
3
 48
25.4
100
AcDbCircle
 10
1575.3603230303888
 20
1206.16502381673
 30
0.0
 40
2.049999999999999
  0
CIRCLE
  5
7C2
330
17
100
AcDbEntity
  8
CUT
  6
Continuous
 62
3
 48
25.4
100
AcDbCircle
 10
1555.3603230303888
 20
1166.16502381673
 30
0.0
 40
2.049999999999999
  0
CIRCLE
  5
7C3
330
17
100
AcDbEntity
  8
CUT
  6
Continuous
 62
3
 48
25.4
100
AcDbCircle
 10
1555.3603230303888
 20
1186.16502381673
 30
0.0
 40
2.049999999999999
  0
CIRCLE
  5
7C4
330
17
100
AcDbEntity
  8
CUT
  6
Continuous
 62
3
 48
25.4
100
AcDbCircle
 10
1555.3603230303888
 20
1206.16502381673
 30
0.0
 40
2.049999999999999
  0
CIRCLE
  5
7C5
330
17
100
AcDbEntity
  8
CUT
  6
Continuous
 62
3
 48
25.4
100
AcDbCircle
 10
1535.3603230303888
 20
1166.16502381673
 30
0.0
 40
2.049999999999999
  0
CIRCLE
  5
7C6
330
17
100
AcDbEntity
  8
CUT
  6
Continuous
 62
3
 48
25.4
100
AcDbCircle
 10
1535.3603230303888
 20
1186.16502381673
 30
0.0
 40
2.049999999999999
  0
CIRCLE
  5
7C7
330
17
100
AcDbEntity
  8
CUT
  6
Continuous
 62
3
 48
25.4
100
AcDbCircle
 10
1535.3603230303888
 20
1206.16502381673
 30
0.0
 40
2.049999999999999
  0
CIRCLE
  5
7C8
330
17
100
AcDbEntity
  8
CUT
  6
Continuous
 62
3
 48
25.4
100
AcDbCircle
 10
1515.3603230303888
 20
1166.1650238167301
 30
0.0
 40
2.049999999999999
  0
CIRCLE
  5
7C9
330
17
100
AcDbEntity
  8
CUT
  6
Continuous
 62
3
 48
25.4
100
AcDbCircle
 10
1515.3603230303888
 20
1186.16502381673
 30
0.0
 40
2.049999999999999
  0
CIRCLE
  5
7CA
330
17
100
AcDbEntity
  8
CUT
  6
Continuous
 62
3
 48
25.4
100
AcDbCircle
 10
1515.3603230303888
 20
1206.16502381673
 30
0.0
 40
2.049999999999999
  0
CIRCLE
  5
7CB
330
17
100
AcDbEntity
  8
CUT
  6
Continuous
 62
3
 48
25.4
100
AcDbCircle
 10
1495.3603230303888
 20
1166.1650238167301
 30
0.0
 40
2.049999999999999
  0
CIRCLE
  5
7CC
330
17
100
AcDbEntity
  8
CUT
  6
Continuous
 62
3
 48
25.4
100
AcDbCircle
 10
1495.3603230303888
 20
1186.16502381673
 30
0.0
 40
2.049999999999999
  0
CIRCLE
  5
7CD
330
17
100
AcDbEntity
  8
CUT
  6
Continuous
 62
3
 48
25.4
100
AcDbCircle
 10
1495.3603230303888
 20
1206.16502381673
 30
0.0
 40
2.049999999999999
  0
CIRCLE
  5
7CE
330
17
100
AcDbEntity
  8
CUT
  6
Continuous
 62
3
 48
25.4
100
AcDbCircle
 10
1475.3603230303888
 20
1166.1650238167301
 30
0.0
 40
2.049999999999999
  0
CIRCLE
  5
7CF
330
17
100
AcDbEntity
  8
CUT
  6
Continuous
 62
3
 48
25.4
100
AcDbCircle
 10
1475.3603230303888
 20
1186.16502381673
 30
0.0
 40
2.049999999999999
  0
CIRCLE
  5
7D0
330
17
100
AcDbEntity
  8
CUT
  6
Continuous
 62
3
 48
25.4
100
AcDbCircle
 10
1475.3603230303888
 20
1206.16502381673
 30
0.0
 40
2.049999999999999
  0
CIRCLE
  5
7D1
330
17
100
AcDbEntity
  8
CUT
  6
Continuous
 62
3
 48
25.4
100
AcDbCircle
 10
1435.3603230303888
 20
1186.16502381673
 30
0.0
 40
2.049999999999999
  0
CIRCLE
  5
7D2
330
17
100
AcDbEntity
  8
CUT
  6
Continuous
 62
3
 48
25.4
100
AcDbCircle
 10
1455.3603230303888
 20
1166.1650238167301
 30
0.0
 40
2.049999999999999
  0
CIRCLE
  5
7D3
330
17
100
AcDbEntity
  8
CUT
  6
Continuous
 62
3
 48
25.4
100
AcDbCircle
 10
1455.3603230303888
 20
1186.16502381673
 30
0.0
 40
2.049999999999999
  0
CIRCLE
  5
7D4
330
17
100
AcDbEntity
  8
CUT
  6
Continuous
 62
3
 48
25.4
100
AcDbCircle
 10
1455.3603230303888
 20
1206.16502381673
 30
0.0
 40
2.049999999999999
  0
CIRCLE
  5
7D5
330
17
100
AcDbEntity
  8
CUT
  6
Continuous
 62
3
 48
25.4
100
AcDbCircle
 10
1435.3603230303888
 20
1166.1650238167301
 30
0.0
 40
2.049999999999999
  0
CIRCLE
  5
7D6
330
17
100
AcDbEntity
  8
CUT
  6
Continuous
 62
3
 48
25.4
100
AcDbCircle
 10
1435.3603230303888
 20
1206.16502381673
 30
0.0
 40
2.049999999999999
  0
CIRCLE
  5
7D7
330
17
100
AcDbEntity
  8
CUT
  6
Continuous
 62
3
 48
25.4
100
AcDbCircle
 10
1415.3603230303888
 20
1166.1650238167301
 30
0.0
 40
2.049999999999999
  0
CIRCLE
  5
7D8
330
17
100
AcDbEntity
  8
CUT
  6
Continuous
 62
3
 48
25.4
100
AcDbCircle
 10
1415.3603230303888
 20
1186.16502381673
 30
0.0
 40
2.049999999999999
  0
CIRCLE
  5
7D9
330
17
100
AcDbEntity
  8
CUT
  6
Continuous
 62
3
 48
25.4
100
AcDbCircle
 10
1415.3603230303888
 20
1206.16502381673
 30
0.0
 40
2.049999999999999
  0
CIRCLE
  5
7DA
330
17
100
AcDbEntity
  8
CUT
  6
Continuous
 62
3
 48
25.4
100
AcDbCircle
 10
1395.3603230303888
 20
1166.1650238167301
 30
0.0
 40
2.049999999999999
  0
CIRCLE
  5
7DB
330
17
100
AcDbEntity
  8
CUT
  6
Continuous
 62
3
 48
25.4
100
AcDbCircle
 10
1395.3603230303888
 20
1186.16502381673
 30
0.0
 40
2.049999999999999
  0
CIRCLE
  5
7DC
330
17
100
AcDbEntity
  8
CUT
  6
Continuous
 62
3
 48
25.4
100
AcDbCircle
 10
1395.3603230303888
 20
1206.16502381673
 30
0.0
 40
2.049999999999999
  0
CIRCLE
  5
7DD
330
17
100
AcDbEntity
  8
CUT
  6
Continuous
 62
3
 48
25.4
100
AcDbCircle
 10
1375.3603230303888
 20
1166.1650238167301
 30
0.0
 40
2.049999999999999
  0
CIRCLE
  5
7DE
330
17
100
AcDbEntity
  8
CUT
  6
Continuous
 62
3
 48
25.4
100
AcDbCircle
 10
1375.3603230303888
 20
1186.16502381673
 30
0.0
 40
2.049999999999999
  0
CIRCLE
  5
7DF
330
17
100
AcDbEntity
  8
CUT
  6
Continuous
 62
3
 48
25.4
100
AcDbCircle
 10
1375.3603230303888
 20
1206.16502381673
 30
0.0
 40
2.049999999999999
  0
CIRCLE
  5
7E0
330
17
100
AcDbEntity
  8
CUT
  6
Continuous
 62
3
 48
25.4
100
AcDbCircle
 10
1355.3603230303888
 20
1186.16502381673
 30
0.0
 40
2.049999999999999
  0
CIRCLE
  5
7E1
330
17
100
AcDbEntity
  8
CUT
  6
Continuous
 62
3
 48
25.4
100
AcDbCircle
 10
1355.3603230303888
 20
1166.1650238167301
 30
0.0
 40
2.049999999999999
  0
CIRCLE
  5
7E2
330
17
100
AcDbEntity
  8
CUT
  6
Continuous
 62
3
 48
25.4
100
AcDbCircle
 10
1335.3603230303888
 20
1166.1650238167301
 30
0.0
 40
2.049999999999999
  0
CIRCLE
  5
7E3
330
17
100
AcDbEntity
  8
CUT
  6
Continuous
 62
3
 48
25.4
100
AcDbCircle
 10
1315.3603230303888
 20
1166.1650238167301
 30
0.0
 40
2.049999999999999
  0
CIRCLE
  5
7E4
330
17
100
AcDbEntity
  8
CUT
  6
Continuous
 62
3
 48
25.4
100
AcDbCircle
 10
1295.3603230303886
 20
1166.1650238167301
 30
0.0
 40
2.049999999999999
  0
CIRCLE
  5
7E5
330
17
100
AcDbEntity
  8
CUT
  6
Continuous
 62
3
 48
25.4
100
AcDbCircle
 10
1335.3603230303888
 20
1186.16502381673
 30
0.0
 40
2.049999999999999
  0
CIRCLE
  5
7E6
330
17
100
AcDbEntity
  8
CUT
  6
Continuous
 62
3
 48
25.4
100
AcDbCircle
 10
1315.3603230303888
 20
1186.16502381673
 30
0.0
 40
2.049999999999999
  0
CIRCLE
  5
7E7
330
17
100
AcDbEntity
  8
CUT
  6
Continuous
 62
3
 48
25.4
100
AcDbCircle
 10
1295.3603230303886
 20
1186.16502381673
 30
0.0
 40
2.049999999999999
  0
CIRCLE
  5
7E8
330
17
100
AcDbEntity
  8
CUT
  6
Continuous
 62
3
 48
25.4
100
AcDbCircle
 10
1355.3603230303888
 20
1206.16502381673
 30
0.0
 40
2.049999999999999
  0
CIRCLE
  5
7E9
330
17
100
AcDbEntity
  8
CUT
  6
Continuous
 62
3
 48
25.4
100
AcDbCircle
 10
1335.3603230303888
 20
1206.16502381673
 30
0.0
 40
2.049999999999999
  0
CIRCLE
  5
7EA
330
17
100
AcDbEntity
  8
CUT
  6
Continuous
 62
3
 48
25.4
100
AcDbCircle
 10
1315.3603230303888
 20
1206.16502381673
 30
0.0
 40
2.049999999999999
  0
CIRCLE
  5
7EB
330
17
100
AcDbEntity
  8
CUT
  6
Continuous
 62
3
 48
25.4
100
AcDbCircle
 10
1295.3603230303886
 20
1206.16502381673
 30
0.0
 40
2.049999999999999
  0
CIRCLE
  5
7EC
330
17
100
AcDbEntity
  8
CUT
  6
Continuous
 62
3
 48
25.4
100
AcDbCircle
 10
1275.3603230303888
 20
1166.1650238167301
 30
0.0
 40
2.049999999999999
  0
CIRCLE
  5
7ED
330
17
100
AcDbEntity
  8
CUT
  6
Continuous
 62
3
 48
25.4
100
AcDbCircle
 10
1275.3603230303888
 20
1186.16502381673
 30
0.0
 40
2.049999999999999
  0
CIRCLE
  5
7EE
330
17
100
AcDbEntity
  8
CUT
  6
Continuous
 62
3
 48
25.4
100
AcDbCircle
 10
1275.3603230303888
 20
1206.16502381673
 30
0.0
 40
2.049999999999999
  0
LINE
  5
7EF
330
17
100
AcDbEntity
  8
CUT
 62
4
 48
25.4
100
AcDbLine
 10
429.88616646682857
 20
757.0783008185782
 30
0.0
 11
429.8861664668285
 21
621.6711581436783
 31
0.0
  0
LINE
  5
7F0
330
17
100
AcDbEntity
  8
CUT
 62
4
 48
25.4
100
AcDbLine
 10
147.85871621492856
 20
607.3588947362784
 30
0.0
 11
12.451573540028676
 21
742.7660374111783
 31
0.0
  0
LINE
  5
7F1
330
17
100
AcDbEntity
  8
CUT
 62
4
 48
25.4
100
AcDbLine
 10
25.858599548828693
 20
756.1730634199783
 30
0.0
 11
161.26574222372858
 21
620.7659207449784
 31
0.0
  0
LINE
  5
7F2
330
17
100
AcDbEntity
  8
CUT
 62
4
 48
25.4
100
AcDbLine
 10
26.76383694742856
 20
758.3584998248783
 30
0.0
 11
409.64556944782856
 21
758.3584998248782
 31
0.0
  0
LINE
  5
7F3
330
17
100
AcDbEntity
  8
CUT
 62
4
 48
25.4
100
AcDbLine
 10
410.92576845412856
 20
757.0783008185782
 30
0.0
 11
410.9257684541285
 21
621.6711581436783
 31
0.0
  0
LINE
  5
7F4
330
17
100
AcDbEntity
  8
CUT
 62
4
 48
25.4
100
AcDbLine
 10
409.6455694478285
 20
620.3909591372783
 30
0.0
 11
162.17097962232856
 21
620.3909591372784
 31
0.0
  0
LINE
  5
7F5
330
17
100
AcDbEntity
  8
CUT
  6
Continuous
 62
3
 48
25.4
100
AcDbLine
 10
449.8663654732286
 20
757.0783008185782
 30
0.0
 11
449.86636547322854
 21
621.6711581436783
 31
0.0
  0
CIRCLE
  5
7F6
330
17
100
AcDbEntity
  8
CUT
  6
Continuous
 62
3
 48
25.4
100
AcDbCircle
 10
291.9455694478286
 20
768.3386988312783
 30
0.0
 40
2.049999999999999
  0
CIRCLE
  5
7F7
330
17
100
AcDbEntity
  8
CUT
  6
Continuous
 62
3
 48
25.4
100
AcDbCircle
 10
191.94556944782855
 20
610.4107601309782
 30
0.0
 40
2.049999999999999
  0
CIRCLE
  5
7F8
330
17
100
AcDbEntity
  8
CUT
  6
Continuous
 62
3
 48
25.4
100
AcDbCircle
 10
291.9455694478286
 20
610.4107601309782
 30
0.0
 40
2.049999999999999
  0
CIRCLE
  5
7F9
330
17
100
AcDbEntity
  8
CUT
  6
Continuous
 62
3
 48
25.4
100
AcDbCircle
 10
391.9455694478286
 20
768.3386988312783
 30
0.0
 40
2.049999999999999
  0
CIRCLE
  5
7FA
330
17
100
AcDbEntity
  8
CUT
  6
Continuous
 62
3
 48
25.4
100
AcDbCircle
 10
391.9455694478285
 20
610.4107601309782
 30
0.0
 40
2.049999999999999
  0
LINE
  5
7FB
330
17
100
AcDbEntity
  8
CUT
  6
Continuous
 62
3
 48
25.4
100
AcDbLine
 10
409.6455694478285
 20
600.4107601309782
 30
0.0
 11
162.17097962232856
 21
600.4107601309784
 31
0.0
  0
LINE
  5
7FC
330
17
100
AcDbEntity
  8
CUT
  6
Continuous
 62
3
 48
25.4
100
AcDbLine
 10
26.76383694742856
 20
757.0783008185783
 30
0.0
 11
12.451573540028676
 21
742.7660374111783
 31
0.0
  0
LINE
  5
7FD
330
17
100
AcDbEntity
  8
CUT
  6
Continuous
 62
3
 48
25.4
100
AcDbLine
 10
133.73058200812858
 20
593.2307605293784
 30
0.0
 11
162.17097962232856
 21
621.6711581436784
 31
0.0
  0
LINE
  5
7FE
330
17
100
AcDbEntity
  8
CUT
  6
Continuous
 62
3
 48
25.4
100
AcDbLine
 10
26.76383694742856
 20
778.3386988312784
 30
0.0
 11
409.64556944782856
 21
778.3386988312783
 31
0.0
  0
LINE
  5
7FF
330
17
100
AcDbEntity
  8
CUT
  6
Continuous
 62
3
 48
25.4
100
AcDbLine
 10
12.451573540028676
 20
714.5097689974784
 30
0.0
 11
12.451573540028676
 21
742.7660374111783
 31
0.0
  0
LINE
  5
800
330
17
100
AcDbEntity
  8
CUT
  6
Continuous
 62
3
 48
25.4
100
AcDbLine
 10
133.73058200812858
 20
593.2307605293784
 30
0.0
 11
12.451573540028676
 21
714.5097689974784
 31
0.0
  0
CIRCLE
  5
801
330
17
100
AcDbEntity
  8
CUT
  6
Continuous
 62
3
 48
25.4
100
AcDbCircle
 10
91.94556944782857
 20
768.3386988312783
 30
0.0
 40
2.049999999999999
  0
CIRCLE
  5
802
330
17
100
AcDbEntity
  8
CUT
  6
Continuous
 62
3
 48
25.4
100
AcDbCircle
 10
439.86636547322854
 20
732.0783008185782
 30
0.0
 40
2.049999999999999
  0
CIRCLE
  5
803
330
17
100
AcDbEntity
  8
CUT
  6
Continuous
 62
3
 48
25.4
100
AcDbCircle
 10
439.86636547322854
 20
646.6711581436782
 30
0.0
 40
2.049999999999999
  0
CIRCLE
  5
804
330
17
100
AcDbEntity
  8
CUT
  6
Continuous
 62
3
 48
25.4
100
AcDbCircle
 10
19.52600985262859
 20
721.6185494774784
 30
0.0
 40
2.049999999999999
  0
CIRCLE
  5
805
330
17
100
AcDbEntity
  8
CUT
  6
Continuous
 62
3
 48
25.4
100
AcDbCircle
 10
71.54468283752857
 20
669.5998764924784
 30
0.0
 40
2.049999999999999
  0
CIRCLE
  5
806
330
17
100
AcDbEntity
  8
CUT
  6
Continuous
 62
3
 48
25.4
100
AcDbCircle
 10
123.56335582252859
 20
617.5812035075784
 30
0.0
 40
2.049999999999999
  0
CIRCLE
  5
807
330
17
100
AcDbEntity
  8
CUT
  6
Continuous
 62
3
 48
25.4
100
AcDbCircle
 10
191.94556944782857
 20
768.3386988312783
 30
0.0
 40
2.049999999999999
  0
LINE
  5
808
330
17
100
AcDbEntity
  8
CUT
  6
Continuous
 62
3
 48
25.4
100
AcDbLine
 10
162.17097962232856
 20
621.6711581436784
 30
0.0
 11
162.17097962232856
 21
600.4107601309784
 31
0.0
  0
LINE
  5
809
330
17
100
AcDbEntity
  8
CUT
  6
Continuous
 62
3
 48
25.4
100
AcDbLine
 10
409.6455694478285
 20
600.4107601309782
 30
0.0
 11
409.6455694478285
 21
621.6711581436783
 31
0.0
  0
LINE
  5
80A
330
17
100
AcDbEntity
  8
CUT
  6
Continuous
 62
3
 48
25.4
100
AcDbLine
 10
409.6455694478285
 20
621.6711581436783
 30
0.0
 11
449.86636547322854
 21
621.6711581436783
 31
0.0
  0
LINE
  5
80B
330
17
100
AcDbEntity
  8
CUT
  6
Continuous
 62
3
 48
25.4
100
AcDbLine
 10
449.8663654732286
 20
757.0783008185782
 30
0.0
 11
409.64556944782856
 21
757.0783008185782
 31
0.0
  0
LINE
  5
80C
330
17
100
AcDbEntity
  8
CUT
  6
Continuous
 62
3
 48
25.4
100
AcDbLine
 10
409.64556944782856
 20
757.0783008185782
 30
0.0
 11
409.64556944782856
 21
778.3386988312783
 31
0.0
  0
LINE
  5
80D
330
17
100
AcDbEntity
  8
CUT
  6
Continuous
 62
3
 48
25.4
100
AcDbLine
 10
26.76383694742856
 20
778.3386988312784
 30
0.0
 11
26.76383694742856
 21
757.0783008185783
 31
0.0
  0
LINE
  5
80E
330
17
100
AcDbEntity
  8
CUT
 62
4
 48
25.4
100
AcDbLine
 10
1719.7256457050294
 20
929.2623980127003
 30
0.0
 11
1719.7256457050296
 21
1064.6695406876001
 31
0.0
  0
LINE
  5
80F
330
17
100
AcDbEntity
  8
CUT
 62
4
 48
25.4
100
AcDbLine
 10
2001.7530959569294
 20
1078.9818040950001
 30
0.0
 11
2137.1602386318295
 21
943.5746614201001
 31
0.0
  0
LINE
  5
810
330
17
100
AcDbEntity
  8
CUT
 62
4
 48
25.4
100
AcDbLine
 10
2123.7532126230294
 20
930.1676354113001
 30
0.0
 11
1988.3460699481295
 21
1065.5747780863
 31
0.0
  0
LINE
  5
811
330
17
100
AcDbEntity
  8
CUT
 62
4
 48
25.4
100
AcDbLine
 10
2122.8479752244293
 20
927.9821990064002
 30
0.0
 11
1739.9662427240294
 21
927.9821990064003
 31
0.0
  0
LINE
  5
812
330
17
100
AcDbEntity
  8
CUT
 62
4
 48
25.4
100
AcDbLine
 10
1738.6860437177295
 20
929.2623980127003
 30
0.0
 11
1738.6860437177295
 21
1064.6695406876001
 31
0.0
  0
LINE
  5
813
330
17
100
AcDbEntity
  8
CUT
 62
4
 48
25.4
100
AcDbLine
 10
1739.9662427240296
 20
1065.9497396940003
 30
0.0
 11
1987.4408325495294
 21
1065.949739694
 31
0.0
  0
LINE
  5
814
330
17
100
AcDbEntity
  8
CUT
  6
Continuous
 62
3
 48
25.4
100
AcDbLine
 10
1699.7454466986294
 20
929.2623980127003
 30
0.0
 11
1699.7454466986294
 21
1064.6695406876001
 31
0.0
  0
CIRCLE
  5
815
330
17
100
AcDbEntity
  8
CUT
  6
Continuous
 62
3
 48
25.4
100
AcDbCircle
 10
1857.6662427240294
 20
918.0020000000002
 30
0.0
 40
2.049999999999999
  0
CIRCLE
  5
816
330
17
100
AcDbEntity
  8
CUT
  6
Continuous
 62
3
 48
25.4
100
AcDbCircle
 10
1957.6662427240294
 20
1075.9299387003002
 30
0.0
 40
2.049999999999999
  0
CIRCLE
  5
817
330
17
100
AcDbEntity
  8
CUT
  6
Continuous
 62
3
 48
25.4
100
AcDbCircle
 10
1857.6662427240294
 20
1075.9299387003002
 30
0.0
 40
2.049999999999999
  0
CIRCLE
  5
818
330
17
100
AcDbEntity
  8
CUT
  6
Continuous
 62
3
 48
25.4
100
AcDbCircle
 10
1757.6662427240294
 20
918.0020000000002
 30
0.0
 40
2.049999999999999
  0
CIRCLE
  5
819
330
17
100
AcDbEntity
  8
CUT
  6
Continuous
 62
3
 48
25.4
100
AcDbCircle
 10
1757.6662427240294
 20
1075.9299387003002
 30
0.0
 40
2.049999999999999
  0
LINE
  5
81A
330
17
100
AcDbEntity
  8
CUT
  6
Continuous
 62
3
 48
25.4
100
AcDbLine
 10
1739.9662427240296
 20
1085.9299387003002
 30
0.0
 11
1987.4408325495294
 21
1085.9299387003002
 31
0.0
  0
LINE
  5
81B
330
17
100
AcDbEntity
  8
CUT
  6
Continuous
 62
3
 48
25.4
100
AcDbLine
 10
2122.8479752244293
 20
929.2623980127001
 30
0.0
 11
2137.1602386318295
 21
943.5746614201001
 31
0.0
  0
LINE
  5
81C
330
17
100
AcDbEntity
  8
CUT
  6
Continuous
 62
3
 48
25.4
100
AcDbLine
 10
2015.8812301637295
 20
1093.1099383019
 30
0.0
 11
1987.4408325495294
 21
1064.6695406876001
 31
0.0
  0
LINE
  5
81D
330
17
100
AcDbEntity
  8
CUT
  6
Continuous
 62
3
 48
25.4
100
AcDbLine
 10
2122.8479752244293
 20
908.0020000000002
 30
0.0
 11
1739.9662427240294
 21
908.0020000000002
 31
0.0
  0
LINE
  5
81E
330
17
100
AcDbEntity
  8
CUT
  6
Continuous
 62
3
 48
25.4
100
AcDbLine
 10
2137.1602386318295
 20
971.8309298338002
 30
0.0
 11
2137.1602386318295
 21
943.5746614201001
 31
0.0
  0
LINE
  5
81F
330
17
100
AcDbEntity
  8
CUT
  6
Continuous
 62
3
 48
25.4
100
AcDbLine
 10
2015.8812301637295
 20
1093.1099383019
 30
0.0
 11
2137.1602386318295
 21
971.8309298338002
 31
0.0
  0
CIRCLE
  5
820
330
17
100
AcDbEntity
  8
CUT
  6
Continuous
 62
3
 48
25.4
100
AcDbCircle
 10
2057.6662427240294
 20
918.0020000000002
 30
0.0
 40
2.049999999999999
  0
CIRCLE
  5
821
330
17
100
AcDbEntity
  8
CUT
  6
Continuous
 62
3
 48
25.4
100
AcDbCircle
 10
1709.7454466986294
 20
954.2623980127003
 30
0.0
 40
2.049999999999999
  0
CIRCLE
  5
822
330
17
100
AcDbEntity
  8
CUT
  6
Continuous
 62
3
 48
25.4
100
AcDbCircle
 10
1709.7454466986294
 20
1039.6695406876001
 30
0.0
 40
2.049999999999999
  0
CIRCLE
  5
823
330
17
100
AcDbEntity
  8
CUT
  6
Continuous
 62
3
 48
25.4
100
AcDbCircle
 10
2130.0858023192295
 20
964.7221493538002
 30
0.0
 40
2.049999999999999
  0
CIRCLE
  5
824
330
17
100
AcDbEntity
  8
CUT
  6
Continuous
 62
3
 48
25.4
100
AcDbCircle
 10
2078.0671293343294
 20
1016.7408223388002
 30
0.0
 40
2.049999999999999
  0
CIRCLE
  5
825
330
17
100
AcDbEntity
  8
CUT
  6
Continuous
 62
3
 48
25.4
100
AcDbCircle
 10
2026.0484563493294
 20
1068.7594953237
 30
0.0
 40
2.049999999999999
  0
CIRCLE
  5
826
330
17
100
AcDbEntity
  8
CUT
  6
Continuous
 62
3
 48
25.4
100
AcDbCircle
 10
1957.6662427240294
 20
918.0020000000002
 30
0.0
 40
2.049999999999999
  0
LINE
  5
827
330
17
100
AcDbEntity
  8
CUT
  6
Continuous
 62
3
 48
25.4
100
AcDbLine
 10
1987.4408325495294
 20
1064.6695406876001
 30
0.0
 11
1987.4408325495294
 21
1085.9299387003002
 31
0.0
  0
LINE
  5
828
330
17
100
AcDbEntity
  8
CUT
  6
Continuous
 62
3
 48
25.4
100
AcDbLine
 10
1739.9662427240296
 20
1085.9299387003002
 30
0.0
 11
1739.9662427240296
 21
1064.6695406876001
 31
0.0
  0
LINE
  5
829
330
17
100
AcDbEntity
  8
CUT
  6
Continuous
 62
3
 48
25.4
100
AcDbLine
 10
1739.9662427240296
 20
1064.6695406876001
 30
0.0
 11
1699.7454466986294
 21
1064.6695406876001
 31
0.0
  0
LINE
  5
82A
330
17
100
AcDbEntity
  8
CUT
  6
Continuous
 62
3
 48
25.4
100
AcDbLine
 10
1699.7454466986294
 20
929.2623980127003
 30
0.0
 11
1739.9662427240294
 21
929.2623980127003
 31
0.0
  0
LINE
  5
82B
330
17
100
AcDbEntity
  8
CUT
  6
Continuous
 62
3
 48
25.4
100
AcDbLine
 10
1739.9662427240294
 20
929.2623980127003
 30
0.0
 11
1739.9662427240294
 21
908.0020000000002
 31
0.0
  0
LINE
  5
82C
330
17
100
AcDbEntity
  8
CUT
  6
Continuous
 62
3
 48
25.4
100
AcDbLine
 10
2122.8479752244293
 20
908.0020000000002
 30
0.0
 11
2122.8479752244293
 21
929.2623980127001
 31
0.0
  0
ENDSEC
  0
SECTION
  2
OBJECTS
  0
DICTIONARY
  5
A
330
0
100
AcDbDictionary
281
1
  3
ACAD_COLOR
350
B
  3
ACAD_GROUP
350
C
  3
ACAD_LAYOUT
350
D
  3
ACAD_MATERIAL
350
E
  3
ACAD_MLEADERSTYLE
350
F
  3
ACAD_MLINESTYLE
350
10
  3
ACAD_PLOTSETTINGS
350
11
  3
ACAD_PLOTSTYLENAME
350
12
  3
ACAD_SCALELIST
350
14
  3
ACAD_TABLESTYLE
350
15
  3
ACAD_VISUALSTYLE
350
16
  3
EZDXF_META
350
2D
  0
DICTIONARY
  5
B
330
A
100
AcDbDictionary
281
1
  0
DICTIONARY
  5
C
330
A
100
AcDbDictionary
281
1
  0
DICTIONARY
  5
D
330
A
100
AcDbDictionary
281
1
  3
Model
350
1A
  3
Layout1
350
1E
  0
DICTIONARY
  5
E
330
A
100
AcDbDictionary
281
1
  3
ByBlock
350
1F
  3
ByLayer
350
20
  3
Global
350
21
  0
DICTIONARY
  5
F
330
A
100
AcDbDictionary
281
1
  3
Standard
350
2C
  0
DICTIONARY
  5
10
330
A
100
AcDbDictionary
281
1
  3
Standard
350
22
  0
DICTIONARY
  5
11
330
A
100
AcDbDictionary
281
1
  0
ACDBDICTIONARYWDFLT
  5
12
330
A
100
AcDbDictionary
281
1
  3
Normal
350
13
100
AcDbDictionaryWithDefault
340
13
  0
ACDBPLACEHOLDER
  5
13
330
12
  0
DICTIONARY
  5
14
330
A
100
AcDbDictionary
281
1
  0
DICTIONARY
  5
15
330
A
100
AcDbDictionary
281
1
  0
DICTIONARY
  5
16
330
A
100
AcDbDictionary
281
1
  0
LAYOUT
  5
1A
330
D
100
AcDbPlotSettings
  1

  4
A3
  6

 40
7.5
 41
20.0
 42
7.5
 43
20.0
 44
420.0
 45
297.0
 46
0.0
 47
0.0
 48
0.0
 49
0.0
140
0.0
141
0.0
142
1.0
143
1.0
 70
1024
 72
1
 73
0
 74
5
  7

 75
16
 76
0
 77
2
 78
300
147
1.0
148
0.0
149
0.0
100
AcDbLayout
  1
Model
 70
1
 71
0
 10
0.0
 20
0.0
 11
420.0
 21
297.0
 12
0.0
 22
0.0
 32
0.0
 14
1e+20
 24
1e+20
 34
1e+20
 15
-1e+20
 25
-1e+20
 35
-1e+20
146
0.0
 13
0.0
 23
0.0
 33
0.0
 16
1.0
 26
0.0
 36
0.0
 17
0.0
 27
1.0
 37
0.0
 76
1
330
17
  0
LAYOUT
  5
1E
330
D
100
AcDbPlotSettings
  1

  4
A3
  6

 40
7.5
 41
20.0
 42
7.5
 43
20.0
 44
420.0
 45
297.0
 46
0.0
 47
0.0
 48
0.0
 49
0.0
140
0.0
141
0.0
142
1.0
143
1.0
 70
0
 72
1
 73
0
 74
5
  7

 75
16
 76
0
 77
2
 78
300
147
1.0
148
0.0
149
0.0
100
AcDbLayout
  1
Layout1
 70
1
 71
1
 10
0.0
 20
0.0
 11
420.0
 21
297.0
 12
0.0
 22
0.0
 32
0.0
 14
1e+20
 24
1e+20
 34
1e+20
 15
-1e+20
 25
-1e+20
 35
-1e+20
146
0.0
 13
0.0
 23
0.0
 33
0.0
 16
1.0
 26
0.0
 36
0.0
 17
0.0
 27
1.0
 37
0.0
 76
1
330
1B
  0
MATERIAL
  5
1F
102
{ACAD_REACTORS
330
E
102
}
330
E
100
AcDbMaterial
  1
ByBlock
  2

 70
0
 40
1.0
 71
1
 41
1.0
 91
-1023410177
 42
1.0
 72
1
  3

 73
1
 74
1
 75
1
 44
0.5
 73
0
 45
1.0
 46
1.0
 77
1
  4

 78
1
 79
1
170
1
 48
1.0
171
1
  6

172
1
173
1
174
1
140
1.0
141
1.0
175
1
  7

176
1
177
1
178
1
143
1.0
179
1
  8

270
1
271
1
272
1
145
1.0
146
1.0
273
1
  9

274
1
275
1
276
1
 42
1.0
 72
1
  3

 73
1
 74
1
 75
1
 94
63
  0
MATERIAL
  5
20
102
{ACAD_REACTORS
330
E
102
}
330
E
100
AcDbMaterial
  1
ByLayer
  2

 70
0
 40
1.0
 71
1
 41
1.0
 91
-1023410177
 42
1.0
 72
1
  3

 73
1
 74
1
 75
1
 44
0.5
 73
0
 45
1.0
 46
1.0
 77
1
  4

 78
1
 79
1
170
1
 48
1.0
171
1
  6

172
1
173
1
174
1
140
1.0
141
1.0
175
1
  7

176
1
177
1
178
1
143
1.0
179
1
  8

270
1
271
1
272
1
145
1.0
146
1.0
273
1
  9

274
1
275
1
276
1
 42
1.0
 72
1
  3

 73
1
 74
1
 75
1
 94
63
  0
MATERIAL
  5
21
102
{ACAD_REACTORS
330
E
102
}
330
E
100
AcDbMaterial
  1
Global
  2

 70
0
 40
1.0
 71
1
 41
1.0
 91
-1023410177
 42
1.0
 72
1
  3

 73
1
 74
1
 75
1
 44
0.5
 73
0
 45
1.0
 46
1.0
 77
1
  4

 78
1
 79
1
170
1
 48
1.0
171
1
  6

172
1
173
1
174
1
140
1.0
141
1.0
175
1
  7

176
1
177
1
178
1
143
1.0
179
1
  8

270
1
271
1
272
1
145
1.0
146
1.0
273
1
  9

274
1
275
1
276
1
 42
1.0
 72
1
  3

 73
1
 74
1
 75
1
 94
63
  0
MLINESTYLE
  5
22
102
{ACAD_REACTORS
330
10
102
}
330
10
100
AcDbMlineStyle
  2
Standard
 70
0
  3

 62
256
 51
90.0
 52
90.0
 71
2
 49
0.5
 62
256
  6
BYLAYER
 49
-0.5
 62
256
  6
BYLAYER
  0
MLEADERSTYLE
  5
2C
102
{ACAD_REACTORS
330
F
102
}
330
F
100
AcDbMLeaderStyle
179
2
170
2
171
1
172
0
 90
2
 40
0.0
 41
0.0
173
1
 91
-1056964608
 92
-2
290
1
 42
2.0
291
1
 43
8.0
  3
Standard
 44
4.0
300

342
29
174
1
175
1
176
0
178
1
 93
-1056964608
 45
4.0
292
0
297
0
 46
4.0
 94
-1056964608
 47
1.0
 49
1.0
140
1.0
294
1
141
0.0
177
0
142
1.0
295
0
296
0
143
3.75
271
0
272
9
273
9
  0
DICTIONARY
  5
2D
330
A
100
AcDbDictionary
280
1
281
1
  3
CREATED_BY_EZDXF
350
2E
  3
WRITTEN_BY_EZDXF
350
82F
  0
DICTIONARYVAR
  5
2E
330
2D
100
DictionaryVariables
280
0
  1
1.4.4 @ 2026-07-23T16:04:11.447072+00:00
  0
DICTIONARYVAR
  5
82F
330
2D
100
DictionaryVariables
280
0
  1
1.4.4 @ 2026-07-23T16:04:12.016106+00:00
  0
ENDSEC
  0
EOF
