  0
SECTION
  2
HEADER
  9
$ACADVER
  1
AC1024
  9
$ACADMAINTVER
 70
6
  9
$DWGCODEPAGE
  3
ANSI_1252
  9
$LASTSAVEDBY
  1
ezdxf
  9
$INSBASE
 10
0.0
 20
0.0
 30
0.0
  9
$EXTMIN
 10
1e+20
 20
1e+20
 30
1e+20
  9
$EXTMAX
 10
-1e+20
 20
-1e+20
 30
-1e+20
  9
$LIMMIN
 10
0.0
 20
0.0
  9
$LIMMAX
 10
420.0
 20
297.0
  9
$ORTHOMODE
 70
0
  9
$REGENMODE
 70
1
  9
$FILLMODE
 70
1
  9
$QTEXTMODE
 70
0
  9
$MIRRTEXT
 70
1
  9
$LTSCALE
 40
1.0
  9
$ATTMODE
 70
1
  9
$TEXTSIZE
 40
2.5
  9
$TRACEWID
 40
1.0
  9
$TEXTSTYLE
  7
Standard
  9
$CLAYER
  8
0
  9
$CELTYPE
  6
ByLayer
  9
$CECOLOR
 62
256
  9
$CELTSCALE
 40
1.0
  9
$DISPSILH
 70
0
  9
$DIMSCALE
 40
1.0
  9
$DIMASZ
 40
2.5
  9
$DIMEXO
 40
0.625
  9
$DIMDLI
 40
3.75
  9
$DIMRND
 40
0.0
  9
$DIMDLE
 40
0.0
  9
$DIMEXE
 40
1.25
  9
$DIMTP
 40
0.0
  9
$DIMTM
 40
0.0
  9
$DIMTXT
 40
2.5
  9
$DIMCEN
 40
2.5
  9
$DIMTSZ
 40
0.0
  9
$DIMTOL
 70
0
  9
$DIMLIM
 70
0
  9
$DIMTIH
 70
0
  9
$DIMTOH
 70
0
  9
$DIMSE1
 70
0
  9
$DIMSE2
 70
0
  9
$DIMTAD
 70
1
  9
$DIMZIN
 70
8
  9
$DIMBLK
  1

  9
$DIMASO
 70
1
  9
$DIMSHO
 70
1
  9
$DIMPOST
  1

  9
$DIMAPOST
  1

  9
$DIMALT
 70
0
  9
$DIMALTD
 70
3
  9
$DIMALTF
 40
0.03937007874
  9
$DIMLFAC
 40
1.0
  9
$DIMTOFL
 70
1
  9
$DIMTVP
 40
0.0
  9
$DIMTIX
 70
0
  9
$DIMSOXD
 70
0
  9
$DIMSAH
 70
0
  9
$DIMBLK1
  1

  9
$DIMBLK2
  1

  9
$DIMSTYLE
  2
ISO-25
  9
$DIMCLRD
 70
0
  9
$DIMCLRE
 70
0
  9
$DIMCLRT
 70
0
  9
$DIMTFAC
 40
1.0
  9
$DIMGAP
 40
0.625
  9
$DIMJUST
 70
0
  9
$DIMSD1
 70
0
  9
$DIMSD2
 70
0
  9
$DIMTOLJ
 70
0
  9
$DIMTZIN
 70
8
  9
$DIMALTZ
 70
0
  9
$DIMALTTZ
 70
0
  9
$DIMUPT
 70
0
  9
$DIMDEC
 70
2
  9
$DIMTDEC
 70
2
  9
$DIMALTU
 70
2
  9
$DIMALTTD
 70
3
  9
$DIMTXSTY
  7
Standard
  9
$DIMAUNIT
 70
0
  9
$DIMADEC
 70
0
  9
$DIMALTRND
 40
0.0
  9
$DIMAZIN
 70
0
  9
$DIMDSEP
 70
44
  9
$DIMATFIT
 70
3
  9
$DIMFRAC
 70
0
  9
$DIMLDRBLK
  1

  9
$DIMLUNIT
 70
2
  9
$DIMLWD
 70
-2
  9
$DIMLWE
 70
-2
  9
$DIMTMOVE
 70
0
  9
$DIMFXL
 40
1.0
  9
$DIMFXLON
 70
0
  9
$DIMJOGANG
 40
0.785398163397
  9
$DIMTFILL
 70
0
  9
$DIMTFILLCLR
 70
0
  9
$DIMARCSYM
 70
0
  9
$DIMLTYPE
  6

  9
$DIMLTEX1
  6

  9
$DIMLTEX2
  6

  9
$DIMTXTDIRECTION
 70
0
  9
$LUNITS
 70
2
  9
$LUPREC
 70
4
  9
$SKETCHINC
 40
1.0
  9
$FILLETRAD
 40
10.0
  9
$AUNITS
 70
0
  9
$AUPREC
 70
2
  9
$MENU
  1
.
  9
$ELEVATION
 40
0.0
  9
$PELEVATION
 40
0.0
  9
$THICKNESS
 40
0.0
  9
$LIMCHECK
 70
0
  9
$CHAMFERA
 40
0.0
  9
$CHAMFERB
 40
0.0
  9
$CHAMFERC
 40
0.0
  9
$CHAMFERD
 40
0.0
  9
$SKPOLY
 70
0
  9
$TDCREATE
 40
2461246.4448032407
  9
$TDUCREATE
 40
2458532.153996898
  9
$TDUPDATE
 40
2461246.4448032407
  9
$TDUUPDATE
 40
2458532.1544311
  9
$TDINDWG
 40
0.0
  9
$TDUSRTIMER
 40
0.0
  9
$USRTIMER
 70
1
  9
$ANGBASE
 50
0.0
  9
$ANGDIR
 70
0
  9
$PDMODE
 70
0
  9
$PDSIZE
 40
0.0
  9
$PLINEWID
 40
0.0
  9
$SPLFRAME
 70
0
  9
$SPLINETYPE
 70
6
  9
$SPLINESEGS
 70
8
  9
$HANDSEED
  5
4E0
  9
$SURFTAB1
 70
6
  9
$SURFTAB2
 70
6
  9
$SURFTYPE
 70
6
  9
$SURFU
 70
6
  9
$SURFV
 70
6
  9
$UCSBASE
  2

  9
$UCSNAME
  2

  9
$UCSORG
 10
0.0
 20
0.0
 30
0.0
  9
$UCSXDIR
 10
1.0
 20
0.0
 30
0.0
  9
$UCSYDIR
 10
0.0
 20
1.0
 30
0.0
  9
$UCSORTHOREF
  2

  9
$UCSORTHOVIEW
 70
0
  9
$UCSORGTOP
 10
0.0
 20
0.0
 30
0.0
  9
$UCSORGBOTTOM
 10
0.0
 20
0.0
 30
0.0
  9
$UCSORGLEFT
 10
0.0
 20
0.0
 30
0.0
  9
$UCSORGRIGHT
 10
0.0
 20
0.0
 30
0.0
  9
$UCSORGFRONT
 10
0.0
 20
0.0
 30
0.0
  9
$UCSORGBACK
 10
0.0
 20
0.0
 30
0.0
  9
$PUCSBASE
  2

  9
$PUCSNAME
  2

  9
$PUCSORG
 10
0.0
 20
0.0
 30
0.0
  9
$PUCSXDIR
 10
1.0
 20
0.0
 30
0.0
  9
$PUCSYDIR
 10
0.0
 20
1.0
 30
0.0
  9
$PUCSORTHOREF
  2

  9
$PUCSORTHOVIEW
 70
0
  9
$PUCSORGTOP
 10
0.0
 20
0.0
 30
0.0
  9
$PUCSORGBOTTOM
 10
0.0
 20
0.0
 30
0.0
  9
$PUCSORGLEFT
 10
0.0
 20
0.0
 30
0.0
  9
$PUCSORGRIGHT
 10
0.0
 20
0.0
 30
0.0
  9
$PUCSORGFRONT
 10
0.0
 20
0.0
 30
0.0
  9
$PUCSORGBACK
 10
0.0
 20
0.0
 30
0.0
  9
$USERI1
 70
0
  9
$USERI2
 70
0
  9
$USERI3
 70
0
  9
$USERI4
 70
0
  9
$USERI5
 70
0
  9
$USERR1
 40
0.0
  9
$USERR2
 40
0.0
  9
$USERR3
 40
0.0
  9
$USERR4
 40
0.0
  9
$USERR5
 40
0.0
  9
$WORLDVIEW
 70
1
  9
$SHADEDGE
 70
3
  9
$SHADEDIF
 70
70
  9
$TILEMODE
 70
1
  9
$MAXACTVP
 70
64
  9
$PINSBASE
 10
0.0
 20
0.0
 30
0.0
  9
$PLIMCHECK
 70
0
  9
$PEXTMIN
 10
1e+20
 20
1e+20
 30
1e+20
  9
$PEXTMAX
 10
-1e+20
 20
-1e+20
 30
-1e+20
  9
$PLIMMIN
 10
0.0
 20
0.0
  9
$PLIMMAX
 10
420.0
 20
297.0
  9
$UNITMODE
 70
0
  9
$VISRETAIN
 70
1
  9
$PLINEGEN
 70
0
  9
$PSLTSCALE
 70
1
  9
$TREEDEPTH
 70
3020
  9
$CMLSTYLE
  2
Standard
  9
$CMLJUST
 70
0
  9
$CMLSCALE
 40
20.0
  9
$PROXYGRAPHICS
 70
1
  9
$MEASUREMENT
 70
1
  9
$CELWEIGHT
370
-1
  9
$ENDCAPS
280
0
  9
$JOINSTYLE
280
0
  9
$LWDISPLAY
290
0
  9
$INSUNITS
 70
6
  9
$HYPERLINKBASE
  1

  9
$STYLESHEET
  1

  9
$XEDIT
290
1
  9
$CEPSNTYPE
380
0
  9
$PSTYLEMODE
290
1
  9
$FINGERPRINTGUID
  2
{02ACD879-4EEA-4574-B0C2-269F8C92165D}
  9
$VERSIONGUID
  2
{69361595-12CF-4EA9-8DD2-03C92B0AD931}
  9
$EXTNAMES
290
1
  9
$PSVPSCALE
 40
0.0
  9
$OLESTARTUP
290
0
  9
$SORTENTS
280
127
  9
$INDEXCTL
280
0
  9
$HIDETEXT
280
1
  9
$XCLIPFRAME
280
1
  9
$HALOGAP
280
0
  9
$OBSCOLOR
 70
257
  9
$OBSLTYPE
280
0
  9
$INTERSECTIONDISPLAY
280
0
  9
$INTERSECTIONCOLOR
 70
257
  9
$DIMASSOC
280
2
  9
$PROJECTNAME
  1

  9
$CAMERADISPLAY
290
0
  9
$LENSLENGTH
 40
50.0
  9
$CAMERAHEIGHT
 40
0.0
  9
$STEPSPERSEC
 40
24.0
  9
$STEPSIZE
 40
100.0
  9
$3DDWFPREC
 40
2.0
  9
$PSOLWIDTH
 40
0.005
  9
$PSOLHEIGHT
 40
0.08
  9
$LOFTANG1
 40
1.570796326795
  9
$LOFTANG2
 40
1.570796326795
  9
$LOFTMAG1
 40
0.0
  9
$LOFTMAG2
 40
0.0
  9
$LOFTPARAM
 70
7
  9
$LOFTNORMALS
280
1
  9
$LATITUDE
 40
37.795
  9
$LONGITUDE
 40
-122.394
  9
$NORTHDIRECTION
 40
0.0
  9
$TIMEZONE
 70
-8000
  9
$LIGHTGLYPHDISPLAY
280
1
  9
$TILEMODELIGHTSYNCH
280
1
  9
$CMATERIAL
347
20
  9
$SOLIDHIST
280
0
  9
$SHOWHIST
280
1
  9
$DWFFRAME
280
2
  9
$DGNFRAME
280
2
  9
$REALWORLDSCALE
290
1
  9
$INTERFERECOLOR
 62
256
  9
$CSHADOW
280
0
  9
$SHADOWPLANELOCATION
 40
0.0
  0
ENDSEC
  0
SECTION
  2
CLASSES
  0
CLASS
  1
ACDBDICTIONARYWDFLT
  2
AcDbDictionaryWithDefault
  3
ObjectDBX Classes
 90
0
 91
0
280
0
281
0
  0
CLASS
  1
SUN
  2
AcDbSun
  3
SCENEOE
 90
1153
 91
0
280
0
281
0
  0
CLASS
  1
VISUALSTYLE
  2
AcDbVisualStyle
  3
ObjectDBX Classes
 90
4095
 91
0
280
0
281
0
  0
CLASS
  1
MATERIAL
  2
AcDbMaterial
  3
ObjectDBX Classes
 90
1153
 91
0
280
0
281
0
  0
CLASS
  1
SCALE
  2
AcDbScale
  3
ObjectDBX Classes
 90
1153
 91
0
280
0
281
0
  0
CLASS
  1
TABLESTYLE
  2
AcDbTableStyle
  3
ObjectDBX Classes
 90
4095
 91
0
280
0
281
0
  0
CLASS
  1
MLEADERSTYLE
  2
AcDbMLeaderStyle
  3
ACDB_MLEADERSTYLE_CLASS
 90
4095
 91
0
280
0
281
0
  0
CLASS
  1
DICTIONARYVAR
  2
AcDbDictionaryVar
  3
ObjectDBX Classes
 90
0
 91
0
280
0
281
0
  0
CLASS
  1
CELLSTYLEMAP
  2
AcDbCellStyleMap
  3
ObjectDBX Classes
 90
1152
 91
0
280
0
281
0
  0
CLASS
  1
MENTALRAYRENDERSETTINGS
  2
AcDbMentalRayRenderSettings
  3
SCENEOE
 90
1024
 91
0
280
0
281
0
  0
CLASS
  1
ACDBDETAILVIEWSTYLE
  2
AcDbDetailViewStyle
  3
ObjectDBX Classes
 90
1025
 91
0
280
0
281
0
  0
CLASS
  1
ACDBSECTIONVIEWSTYLE
  2
AcDbSectionViewStyle
  3
ObjectDBX Classes
 90
1025
 91
0
280
0
281
0
  0
CLASS
  1
RASTERVARIABLES
  2
AcDbRasterVariables
  3
ISM
 90
0
 91
0
280
0
281
0
  0
CLASS
  1
ACDBPLACEHOLDER
  2
AcDbPlaceHolder
  3
ObjectDBX Classes
 90
0
 91
0
280
0
281
0
  0
CLASS
  1
LAYOUT
  2
AcDbLayout
  3
ObjectDBX Classes
 90
0
 91
0
280
0
281
0
  0
ENDSEC
  0
SECTION
  2
TABLES
  0
TABLE
  2
VPORT
  5
8
330
0
100
AcDbSymbolTable
 70
1
  0
VPORT
  5
23
330
8
100
AcDbSymbolTableRecord
100
AcDbViewportTableRecord
  2
*Active
 70
0
 10
0.0
 20
0.0
 11
1.0
 21
1.0
 12
0.0
 22
0.0
 13
0.0
 23
0.0
 14
0.5
 24
0.5
 15
0.5
 25
0.5
 16
0.0
 26
0.0
 36
1.0
 17
0.0
 27
0.0
 37
0.0
 40
1000.0
 41
1.34
 42
50.0
 43
0.0
 44
0.0
 50
0.0
 51
0.0
 71
0
 72
1000
 73
1
 74
3
 75
0
 76
0
 77
0
 78
0
281
0
 65
0
146
0.0
  0
ENDTAB
  0
TABLE
  2
LTYPE
  5
2
330
0
100
AcDbSymbolTable
 70
3
  0
LTYPE
  5
24
330
2
100
AcDbSymbolTableRecord
100
AcDbLinetypeTableRecord
  2
ByBlock
 70
0
  3

 72
65
 73
0
 40
0.0
  0
LTYPE
  5
25
330
2
100
AcDbSymbolTableRecord
100
AcDbLinetypeTableRecord
  2
ByLayer
 70
0
  3

 72
65
 73
0
 40
0.0
  0
LTYPE
  5
26
330
2
100
AcDbSymbolTableRecord
100
AcDbLinetypeTableRecord
  2
Continuous
 70
0
  3

 72
65
 73
0
 40
0.0
  0
ENDTAB
  0
TABLE
  2
LAYER
  5
1
330
0
100
AcDbSymbolTable
 70
4
  0
LAYER
  5
27
330
1
100
AcDbSymbolTableRecord
100
AcDbLayerTableRecord
  2
0
 70
0
 62
7
  6
Continuous
370
-3
390
13
347
21
  0
LAYER
  5
28
330
1
100
AcDbSymbolTableRecord
100
AcDbLayerTableRecord
  2
Defpoints
 70
0
 62
7
  6
Continuous
290
0
370
-3
390
13
347
21
  0
LAYER
  5
2F
330
1
100
AcDbSymbolTableRecord
100
AcDbLayerTableRecord
  2
CUT
 70
0
 62
3
  6
Continuous
370
-3
390
13
347
21
  0
LAYER
  5
30
330
1
100
AcDbSymbolTableRecord
100
AcDbLayerTableRecord
  2
BEND_LINES
 70
0
 62
1
  6
DASHED
370
-3
390
13
347
21
  0
ENDTAB
  0
TABLE
  2
STYLE
  5
5
330
0
100
AcDbSymbolTable
 70
1
  0
STYLE
  5
29
330
5
100
AcDbSymbolTableRecord
100
AcDbTextStyleTableRecord
  2
Standard
 70
0
 40
0.0
 41
1.0
 50
0.0
 71
0
 42
2.5
  3
txt
  4

  0
ENDTAB
  0
TABLE
  2
VIEW
  5
7
330
0
100
AcDbSymbolTable
 70
0
  0
ENDTAB
  0
TABLE
  2
UCS
  5
6
330
0
100
AcDbSymbolTable
 70
0
  0
ENDTAB
  0
TABLE
  2
APPID
  5
3
330
0
100
AcDbSymbolTable
 70
3
  0
APPID
  5
2A
330
3
100
AcDbSymbolTableRecord
100
AcDbRegAppTableRecord
  2
ACAD
 70
0
  0
APPID
  5
4DD
330
3
100
AcDbSymbolTableRecord
100
AcDbRegAppTableRecord
  2
HATCHBACKGROUNDCOLOR
 70
0
  0
APPID
  5
4DE
330
3
100
AcDbSymbolTableRecord
100
AcDbRegAppTableRecord
  2
EZDXF
 70
0
  0
ENDTAB
  0
TABLE
  2
DIMSTYLE
  5
4
330
0
100
AcDbSymbolTable
 70
1
100
AcDbDimStyleTable
  0
DIMSTYLE
105
2B
330
4
100
AcDbSymbolTableRecord
100
AcDbDimStyleTableRecord
  2
Standard
 70
0
 40
1.0
 41
2.5
 42
0.625
 43
3.75
 44
1.25
 45
0.0
 46
0.0
 47
0.0
 48
0.0
 49
2.5
140
2.5
141
2.5
142
0.0
143
0.03937007874
144
1.0
145
0.0
146
1.0
147
0.625
148
0.0
 69
0
 70
0
 71
0
 72
0
 73
0
 74
0
 75
0
 76
0
 77
1
 78
8
 79
3
170
0
171
3
172
1
173
0
174
0
175
0
176
0
177
0
178
0
179
2
271
2
272
2
273
2
274
3
275
0
276
0
277
2
278
44
279
0
280
0
281
0
282
0
283
0
284
8
285
0
286
0
288
0
289
3
290
0
371
-2
372
-2
  0
ENDTAB
  0
TABLE
  2
BLOCK_RECORD
  5
9
330
0
100
AcDbSymbolTable
 70
2
  0
BLOCK_RECORD
  5
17
330
9
100
AcDbSymbolTableRecord
100
AcDbBlockTableRecord
  2
*Model_Space
340
1A
 70
0
280
1
281
0
  0
BLOCK_RECORD
  5
1B
330
9
100
AcDbSymbolTableRecord
100
AcDbBlockTableRecord
  2
*Paper_Space
340
1E
 70
0
280
1
281
0
  0
ENDTAB
  0
ENDSEC
  0
SECTION
  2
BLOCKS
  0
BLOCK
  5
18
330
17
100
AcDbEntity
  8
0
100
AcDbBlockBegin
  2
*Model_Space
 70
0
 10
0.0
 20
0.0
 30
0.0
  3
*Model_Space
  1

  0
ENDBLK
  5
19
330
17
100
AcDbEntity
  8
0
100
AcDbBlockEnd
  0
BLOCK
  5
1C
330
1B
100
AcDbEntity
  8
0
100
AcDbBlockBegin
  2
*Paper_Space
 70
0
 10
0.0
 20
0.0
 30
0.0
  3
*Paper_Space
  1

  0
ENDBLK
  5
1D
330
1B
100
AcDbEntity
  8
0
100
AcDbBlockEnd
  0
ENDSEC
  0
SECTION
  2
ENTITIES
  0
LINE
  5
31
330
17
100
AcDbEntity
  8
CUT
 62
4
 48
25.4
100
AcDbLine
 10
25.4798009937
 20
26.57011059597822
 30
0.0
 11
25.4798009937
 21
519.9701105959781
 31
0.0
  0
LINE
  5
32
330
17
100
AcDbEntity
  8
CUT
 62
4
 48
25.4
100
AcDbLine
 10
1220.0985019603
 20
521.2503096022781
 30
0.0
 11
26.759999999999998
 21
521.2503096022781
 31
0.0
  0
LINE
  5
33
330
17
100
AcDbEntity
  8
CUT
 62
4
 48
25.4
100
AcDbLine
 10
1220.0985019603
 20
25.28991158967822
 30
0.0
 11
26.759999999999998
 21
25.28991158967822
 31
0.0
  0
LINE
  5
34
330
17
100
AcDbEntity
  8
CUT
 62
4
 48
25.4
100
AcDbLine
 10
1221.3787009666
 20
519.9701105959781
 30
0.0
 11
1221.3787009666
 21
26.57011059597822
 31
0.0
  0
CIRCLE
  5
35
330
17
100
AcDbEntity
  8
CUT
  6
Continuous
 62
3
 48
25.4
100
AcDbCircle
 10
623.4292509801
 20
506.2701105959783
 30
0.0
 40
9.0
  0
LINE
  5
36
330
17
100
AcDbEntity
  8
CUT
  6
Continuous
 62
3
 48
25.4
100
AcDbLine
 10
1220.0985019603
 20
534.2305086086782
 30
0.0
 11
26.759999999999998
 21
534.2305086086782
 31
0.0
  0
LINE
  5
37
330
17
100
AcDbEntity
  8
CUT
  6
Continuous
 62
3
 48
25.4
100
AcDbLine
 10
12.4996019873
 20
519.9701105959781
 30
0.0
 11
12.4996019873
 21
26.57011059597822
 31
0.0
  0
LINE
  5
38
330
17
100
AcDbEntity
  8
CUT
  6
Continuous
 62
3
 48
25.4
100
AcDbLine
 10
1234.358899973
 20
26.57011059597822
 30
0.0
 11
1234.358899973
 21
519.9701105959781
 31
0.0
  0
LINE
  5
39
330
17
100
AcDbEntity
  8
CUT
  6
Continuous
 62
3
 48
25.4
100
AcDbLine
 10
26.759999999999998
 20
12.30971258327822
 30
0.0
 11
1220.0985019603
 21
12.30971258327822
 31
0.0
  0
LINE
  5
3A
330
17
100
AcDbEntity
  8
CUT
  6
Continuous
 62
3
 48
25.4
100
AcDbLine
 10
1220.0985019603
 20
519.9701105959781
 30
0.0
 11
1234.358899973
 21
519.9701105959781
 31
0.0
  0
LINE
  5
3B
330
17
100
AcDbEntity
  8
CUT
  6
Continuous
 62
3
 48
25.4
100
AcDbLine
 10
1234.358899973
 20
26.57011059597822
 30
0.0
 11
1220.0985019603
 21
26.57011059597822
 31
0.0
  0
LINE
  5
3C
330
17
100
AcDbEntity
  8
CUT
  6
Continuous
 62
3
 48
25.4
100
AcDbLine
 10
1220.0985019603
 20
26.57011059597822
 30
0.0
 11
1220.0985019603
 21
12.30971258327822
 31
0.0
  0
LINE
  5
3D
330
17
100
AcDbEntity
  8
CUT
  6
Continuous
 62
3
 48
25.4
100
AcDbLine
 10
26.759999999999998
 20
12.30971258327822
 30
0.0
 11
26.759999999999998
 21
26.57011059597822
 31
0.0
  0
LINE
  5
3E
330
17
100
AcDbEntity
  8
CUT
  6
Continuous
 62
3
 48
25.4
100
AcDbLine
 10
1220.0985019603
 20
534.2305086086782
 30
0.0
 11
1220.0985019603
 21
519.9701105959781
 31
0.0
  0
LINE
  5
3F
330
17
100
AcDbEntity
  8
CUT
  6
Continuous
 62
3
 48
25.4
100
AcDbLine
 10
26.759999999999998
 20
519.9701105959781
 30
0.0
 11
26.759999999999998
 21
534.2305086086782
 31
0.0
  0
LINE
  5
40
330
17
100
AcDbEntity
  8
CUT
  6
Continuous
 62
3
 48
25.4
100
AcDbLine
 10
12.4996019873
 20
519.9701105959781
 30
0.0
 11
26.759999999999998
 21
519.9701105959781
 31
0.0
  0
LINE
  5
41
330
17
100
AcDbEntity
  8
CUT
  6
Continuous
 62
3
 48
25.4
100
AcDbLine
 10
26.759999999999998
 20
26.57011059597822
 30
0.0
 11
12.4996019873
 21
26.57011059597822
 31
0.0
  0
LINE
  5
42
330
17
100
AcDbEntity
  8
CUT
 62
4
 48
25.4
100
AcDbLine
 10
1254.3389161208
 20
629.1600000000001
 30
0.0
 11
1254.3389161208
 21
33.75999999999999
 31
0.0
  0
LINE
  5
43
330
17
100
AcDbEntity
  8
CUT
 62
4
 48
25.4
100
AcDbLine
 10
1268.2993141334998
 20
629.1600000000001
 30
0.0
 11
1268.2993141334998
 21
33.75999999999999
 31
0.0
  0
LINE
  5
44
330
17
100
AcDbEntity
  8
CUT
 62
4
 48
25.4
100
AcDbLine
 10
2341.2801554079997
 20
629.1600000000001
 30
0.0
 11
2341.2801554079997
 21
33.75999999999999
 31
0.0
  0
LINE
  5
45
330
17
100
AcDbEntity
  8
CUT
 62
4
 48
25.4
100
AcDbLine
 10
2327.5123536247
 20
33.75999999999999
 30
0.0
 11
2327.5123536247
 21
629.1600000000001
 31
0.0
  0
LINE
  5
46
330
17
100
AcDbEntity
  8
CUT
 62
4
 48
25.4
100
AcDbLine
 10
2260.9094761122997
 20
630.4401990063001
 30
0.0
 11
2326.1325835846
 21
630.4401990063001
 31
0.0
  0
LINE
  5
47
330
17
100
AcDbEntity
  8
CUT
 62
4
 48
25.4
100
AcDbLine
 10
2258.3490780996
 20
630.4401990063001
 30
0.0
 11
2067.4475557307
 21
630.4401990063001
 31
0.0
  0
LINE
  5
48
330
17
100
AcDbEntity
  8
CUT
 62
4
 48
25.4
100
AcDbLine
 10
2066.1673567243997
 20
630.4401990063001
 30
0.0
 11
1869.0363310603998
 21
630.4401990063001
 31
0.0
  0
LINE
  5
49
330
17
100
AcDbEntity
  8
CUT
 62
4
 48
25.4
100
AcDbLine
 10
1868.1828650562
 20
630.4401990063001
 30
0.0
 11
1467.3711990063
 21
630.4401990063001
 31
0.0
  0
LINE
  5
4A
330
17
100
AcDbEntity
  8
CUT
 62
4
 48
25.4
100
AcDbLine
 10
1464.8108009936998
 20
630.4401990063001
 30
0.0
 11
1317.3803768855998
 21
630.4401990063001
 31
0.0
  0
LINE
  5
4B
330
17
100
AcDbEntity
  8
CUT
 62
4
 48
25.4
100
AcDbLine
 10
2067.4475557307
 20
32.47980099370011
 30
0.0
 11
2258.3490780996
 21
32.47980099370011
 31
0.0
  0
LINE
  5
4C
330
17
100
AcDbEntity
  8
CUT
 62
4
 48
25.4
100
AcDbLine
 10
1869.0363310603998
 20
32.47980099370011
 30
0.0
 11
2066.1673567243997
 21
32.47980099370011
 31
0.0
  0
LINE
  5
4D
330
17
100
AcDbEntity
  8
CUT
 62
4
 48
25.4
100
AcDbLine
 10
1467.3711990063
 20
32.47980099370011
 30
0.0
 11
1868.1828650562
 21
32.47980099370011
 31
0.0
  0
LINE
  5
4E
330
17
100
AcDbEntity
  8
CUT
 62
4
 48
25.4
100
AcDbLine
 10
1317.3803768855998
 20
32.47980099370011
 30
0.0
 11
1464.8108009936998
 21
32.47980099370011
 31
0.0
  0
LINE
  5
4F
330
17
100
AcDbEntity
  8
CUT
 62
4
 48
25.4
100
AcDbLine
 10
1315.2467118749998
 20
32.47980099370011
 30
0.0
 11
1269.5795131398
 21
32.47980099370011
 31
0.0
  0
LINE
  5
50
330
17
100
AcDbEntity
  8
CUT
 62
4
 48
25.4
100
AcDbLine
 10
2066.8074562274996
 20
629.1600000000001
 30
0.0
 11
2066.8074562274996
 21
33.75999999999999
 31
0.0
  0
LINE
  5
51
330
17
100
AcDbEntity
  8
CUT
 62
4
 48
25.4
100
AcDbLine
 10
2259.6292771058997
 20
629.1600000000001
 30
0.0
 11
2259.6292771058997
 21
33.75999999999999
 31
0.0
  0
LINE
  5
52
330
17
100
AcDbEntity
  8
CUT
 62
4
 48
25.4
100
AcDbLine
 10
2326.1325835846
 20
32.47980099370011
 30
0.0
 11
2260.9094761122997
 21
32.47980099370011
 31
0.0
  0
LINE
  5
53
330
17
100
AcDbEntity
  8
CUT
 62
4
 48
25.4
100
AcDbLine
 10
1868.6095980583
 20
629.1600000000001
 30
0.0
 11
1868.6095980583
 21
33.75999999999999
 31
0.0
  0
LINE
  5
54
330
17
100
AcDbEntity
  8
CUT
 62
4
 48
25.4
100
AcDbLine
 10
1269.5795131398
 20
630.4401990063001
 30
0.0
 11
1315.2467118749998
 21
630.4401990063001
 31
0.0
  0
LINE
  5
55
330
17
100
AcDbEntity
  8
CUT
 62
4
 48
25.4
100
AcDbLine
 10
1316.3135443802998
 20
629.1600000000001
 30
0.0
 11
1316.3135443802998
 21
33.75999999999999
 31
0.0
  0
LINE
  5
56
330
17
100
AcDbEntity
  8
CUT
 62
4
 48
25.4
100
AcDbLine
 10
1466.091
 20
629.1600000000001
 30
0.0
 11
1466.091
 21
33.75999999999999
 31
0.0
  0
LINE
  5
57
330
17
100
AcDbEntity
  8
CUT
  6
Continuous
 62
3
 48
25.4
100
AcDbLine
 10
1531.2761990063
 20
162.61
 30
0.0
 11
1531.2761990063
 21
502.61
 31
0.0
  0
LINE
  5
58
330
17
100
AcDbEntity
  8
CUT
  6
Continuous
 62
3
 48
25.4
100
AcDbLine
 10
1804.2778650562
 20
162.61
 30
0.0
 11
1531.2761990063
 21
162.61
 31
0.0
  0
ARC
  5
59
330
17
100
AcDbEntity
  8
CUT
  6
Continuous
 62
3
 48
25.4
100
AcDbCircle
 10
2358.293035402
 20
331.45999218500003
 30
0.0
 40
12.00000000000003
100
AcDbArc
 50
99.75235905659999
 51
-99.75235905660004
  0
CIRCLE
  5
5A
330
17
100
AcDbEntity
  8
CUT
  6
Continuous
 62
3
 48
25.4
100
AcDbCircle
 10
1908.3190874763998
 20
579.76
 30
0.0
 40
11.0
  0
CIRCLE
  5
5B
330
17
100
AcDbEntity
  8
CUT
  6
Continuous
 62
3
 48
25.4
100
AcDbCircle
 10
2042.2418438923996
 20
554.76
 30
0.0
 40
2.049999999999999
  0
CIRCLE
  5
5C
330
17
100
AcDbEntity
  8
CUT
  6
Continuous
 62
3
 48
25.4
100
AcDbCircle
 10
2042.2418438923996
 20
604.76
 30
0.0
 40
2.049999999999999
  0
CIRCLE
  5
5D
330
17
100
AcDbEntity
  8
CUT
  6
Continuous
 62
3
 48
25.4
100
AcDbCircle
 10
1952.2418438923999
 20
604.76
 30
0.0
 40
2.049999999999999
  0
CIRCLE
  5
5E
330
17
100
AcDbEntity
  8
CUT
  6
Continuous
 62
3
 48
25.4
100
AcDbCircle
 10
1952.2418438923999
 20
554.76
 30
0.0
 40
2.049999999999999
  0
LINE
  5
5F
330
17
100
AcDbEntity
  8
CUT
  6
Continuous
 62
3
 48
25.4
100
AcDbLine
 10
1957.2418438923999
 20
559.76
 30
0.0
 11
1957.2418438923999
 21
599.76
 31
0.0
  0
LINE
  5
60
330
17
100
AcDbEntity
  8
CUT
  6
Continuous
 62
3
 48
25.4
100
AcDbLine
 10
1957.2418438923999
 20
599.76
 30
0.0
 11
2037.2418438923996
 21
599.76
 31
0.0
  0
LINE
  5
61
330
17
100
AcDbEntity
  8
CUT
  6
Continuous
 62
3
 48
25.4
100
AcDbLine
 10
2037.2418438923996
 20
599.76
 30
0.0
 11
2037.2418438923996
 21
559.76
 31
0.0
  0
LINE
  5
62
330
17
100
AcDbEntity
  8
CUT
  6
Continuous
 62
3
 48
25.4
100
AcDbLine
 10
2037.2418438923996
 20
559.76
 30
0.0
 11
1957.2418438923999
 21
559.76
 31
0.0
  0
CIRCLE
  5
63
330
17
100
AcDbEntity
  8
CUT
  6
Continuous
 62
3
 48
25.4
100
AcDbCircle
 10
2026.8818438924
 20
267.16
 30
0.0
 40
3.5
  0
CIRCLE
  5
64
330
17
100
AcDbEntity
  8
CUT
  6
Continuous
 62
3
 48
25.4
100
AcDbCircle
 10
2026.8818438924
 20
217.16000000000014
 30
0.0
 40
3.5
  0
CIRCLE
  5
65
330
17
100
AcDbEntity
  8
CUT
  6
Continuous
 62
3
 48
25.4
100
AcDbCircle
 10
2026.8818438924
 20
517.1600000000001
 30
0.0
 40
11.0
  0
CIRCLE
  5
66
330
17
100
AcDbEntity
  8
CUT
  6
Continuous
 62
3
 48
25.4
100
AcDbCircle
 10
2026.8818438924
 20
467.16
 30
0.0
 40
11.0
  0
CIRCLE
  5
67
330
17
100
AcDbEntity
  8
CUT
  6
Continuous
 62
3
 48
25.4
100
AcDbCircle
 10
2026.8818438924
 20
417.16
 30
0.0
 40
11.0
  0
CIRCLE
  5
68
330
17
100
AcDbEntity
  8
CUT
  6
Continuous
 62
3
 48
25.4
100
AcDbCircle
 10
2026.8818438924
 20
367.16
 30
0.0
 40
11.0
  0
CIRCLE
  5
69
330
17
100
AcDbEntity
  8
CUT
  6
Continuous
 62
3
 48
25.4
100
AcDbCircle
 10
2026.8818438924
 20
317.16
 30
0.0
 40
11.0
  0
CIRCLE
  5
6A
330
17
100
AcDbEntity
  8
CUT
  6
Continuous
 62
3
 48
25.4
100
AcDbCircle
 10
2026.8818438924
 20
167.16000000000014
 30
0.0
 40
11.0
  0
CIRCLE
  5
6B
330
17
100
AcDbEntity
  8
CUT
  6
Continuous
 62
3
 48
25.4
100
AcDbCircle
 10
2026.8818438924
 20
117.16000000000008
 30
0.0
 40
11.0
  0
CIRCLE
  5
6C
330
17
100
AcDbEntity
  8
CUT
  6
Continuous
 62
3
 48
25.4
100
AcDbCircle
 10
2026.8818438924
 20
67.16000000000008
 30
0.0
 40
11.0
  0
CIRCLE
  5
6D
330
17
100
AcDbEntity
  8
CUT
  6
Continuous
 62
3
 48
25.4
100
AcDbCircle
 10
1967.6018438923998
 20
517.1600000000001
 30
0.0
 40
11.0
  0
CIRCLE
  5
6E
330
17
100
AcDbEntity
  8
CUT
  6
Continuous
 62
3
 48
25.4
100
AcDbCircle
 10
1967.6018438923998
 20
467.16
 30
0.0
 40
11.0
  0
CIRCLE
  5
6F
330
17
100
AcDbEntity
  8
CUT
  6
Continuous
 62
3
 48
25.4
100
AcDbCircle
 10
1967.6018438923998
 20
417.16
 30
0.0
 40
11.0
  0
CIRCLE
  5
70
330
17
100
AcDbEntity
  8
CUT
  6
Continuous
 62
3
 48
25.4
100
AcDbCircle
 10
1967.6018438923998
 20
367.16
 30
0.0
 40
11.0
  0
CIRCLE
  5
71
330
17
100
AcDbEntity
  8
CUT
  6
Continuous
 62
3
 48
25.4
100
AcDbCircle
 10
1967.6018438923998
 20
317.16
 30
0.0
 40
11.0
  0
CIRCLE
  5
72
330
17
100
AcDbEntity
  8
CUT
  6
Continuous
 62
3
 48
25.4
100
AcDbCircle
 10
1967.6018438923998
 20
267.16
 30
0.0
 40
11.0
  0
CIRCLE
  5
73
330
17
100
AcDbEntity
  8
CUT
  6
Continuous
 62
3
 48
25.4
100
AcDbCircle
 10
1967.6018438923998
 20
217.16000000000014
 30
0.0
 40
11.0
  0
CIRCLE
  5
74
330
17
100
AcDbEntity
  8
CUT
  6
Continuous
 62
3
 48
25.4
100
AcDbCircle
 10
1967.6018438923998
 20
167.16000000000014
 30
0.0
 40
11.0
  0
CIRCLE
  5
75
330
17
100
AcDbEntity
  8
CUT
  6
Continuous
 62
3
 48
25.4
100
AcDbCircle
 10
1967.6018438923998
 20
117.16000000000008
 30
0.0
 40
11.0
  0
CIRCLE
  5
76
330
17
100
AcDbEntity
  8
CUT
  6
Continuous
 62
3
 48
25.4
100
AcDbCircle
 10
1967.6018438923998
 20
67.16000000000008
 30
0.0
 40
11.0
  0
CIRCLE
  5
77
330
17
100
AcDbEntity
  8
CUT
  6
Continuous
 62
3
 48
25.4
100
AcDbCircle
 10
1908.3190874763998
 20
517.1600000000001
 30
0.0
 40
11.0
  0
CIRCLE
  5
78
330
17
100
AcDbEntity
  8
CUT
  6
Continuous
 62
3
 48
25.4
100
AcDbCircle
 10
1908.3190874763998
 20
467.16
 30
0.0
 40
11.0
  0
CIRCLE
  5
79
330
17
100
AcDbEntity
  8
CUT
  6
Continuous
 62
3
 48
25.4
100
AcDbCircle
 10
1908.3190874763998
 20
417.16
 30
0.0
 40
11.0
  0
CIRCLE
  5
7A
330
17
100
AcDbEntity
  8
CUT
  6
Continuous
 62
3
 48
25.4
100
AcDbCircle
 10
1908.3190874763998
 20
367.16
 30
0.0
 40
11.0
  0
CIRCLE
  5
7B
330
17
100
AcDbEntity
  8
CUT
  6
Continuous
 62
3
 48
25.4
100
AcDbCircle
 10
1908.3190874763998
 20
317.16
 30
0.0
 40
11.0
  0
CIRCLE
  5
7C
330
17
100
AcDbEntity
  8
CUT
  6
Continuous
 62
3
 48
25.4
100
AcDbCircle
 10
1908.3190874763998
 20
267.16
 30
0.0
 40
11.0
  0
CIRCLE
  5
7D
330
17
100
AcDbEntity
  8
CUT
  6
Continuous
 62
3
 48
25.4
100
AcDbCircle
 10
1908.3190874763998
 20
217.16000000000014
 30
0.0
 40
11.0
  0
CIRCLE
  5
7E
330
17
100
AcDbEntity
  8
CUT
  6
Continuous
 62
3
 48
25.4
100
AcDbCircle
 10
1908.3190874763998
 20
167.16000000000014
 30
0.0
 40
11.0
  0
CIRCLE
  5
7F
330
17
100
AcDbEntity
  8
CUT
  6
Continuous
 62
3
 48
25.4
100
AcDbCircle
 10
1908.3190874763998
 20
117.16000000000008
 30
0.0
 40
11.0
  0
CIRCLE
  5
80
330
17
100
AcDbEntity
  8
CUT
  6
Continuous
 62
3
 48
25.4
100
AcDbCircle
 10
1908.3190874763998
 20
67.16000000000008
 30
0.0
 40
11.0
  0
CIRCLE
  5
81
330
17
100
AcDbEntity
  8
CUT
  6
Continuous
 62
3
 48
25.4
100
AcDbCircle
 10
1258.3191151270998
 20
43.75999999999999
 30
0.0
 40
2.049999999999999
  0
CIRCLE
  5
82
330
17
100
AcDbEntity
  8
CUT
  6
Continuous
 62
3
 48
25.4
100
AcDbCircle
 10
1258.3191151270998
 20
69.16000000000008
 30
0.0
 40
2.049999999999999
  0
CIRCLE
  5
83
330
17
100
AcDbEntity
  8
CUT
  6
Continuous
 62
3
 48
25.4
100
AcDbCircle
 10
1258.3191151270998
 20
593.76
 30
0.0
 40
2.049999999999999
  0
CIRCLE
  5
84
330
17
100
AcDbEntity
  8
CUT
  6
Continuous
 62
3
 48
25.4
100
AcDbCircle
 10
1258.3191151270998
 20
619.1600000000001
 30
0.0
 40
2.049999999999999
  0
LINE
  5
85
330
17
100
AcDbEntity
  8
CUT
  6
Continuous
 62
3
 48
25.4
100
AcDbLine
 10
1239.3587171145
 20
97.96000000000015
 30
0.0
 11
1253.0587171144998
 21
84.25999999999999
 31
0.0
  0
LINE
  5
86
330
17
100
AcDbEntity
  8
CUT
  6
Continuous
 62
3
 48
25.4
100
AcDbLine
 10
1239.3587171145
 20
564.96
 30
0.0
 11
1253.0587171144998
 21
578.6600000000001
 31
0.0
  0
LINE
  5
87
330
17
100
AcDbEntity
  8
CUT
  6
Continuous
 62
3
 48
25.4
100
AcDbLine
 10
1239.3587171145
 20
97.96000000000015
 30
0.0
 11
1239.3587171145
 21
564.96
 31
0.0
  0
CIRCLE
  5
88
330
17
100
AcDbEntity
  8
CUT
  6
Continuous
 62
3
 48
25.4
100
AcDbCircle
 10
2283.5396751186
 20
22.499601987300025
 30
0.0
 40
2.049999999999999
  0
CIRCLE
  5
89
330
17
100
AcDbEntity
  8
CUT
  6
Continuous
 62
3
 48
25.4
100
AcDbCircle
 10
2283.5396751186
 20
640.4203980127
 30
0.0
 40
2.049999999999999
  0
CIRCLE
  5
8A
330
17
100
AcDbEntity
  8
CUT
  6
Continuous
 62
3
 48
25.4
100
AcDbCircle
 10
2316.6094761123
 20
22.499601987300025
 30
0.0
 40
2.049999999999999
  0
CIRCLE
  5
8B
330
17
100
AcDbEntity
  8
CUT
  6
Continuous
 62
3
 48
25.4
100
AcDbCircle
 10
2316.6094761123
 20
640.4203980127
 30
0.0
 40
2.049999999999999
  0
CIRCLE
  5
8C
330
17
100
AcDbEntity
  8
CUT
  6
Continuous
 62
3
 48
25.4
100
AcDbCircle
 10
2222.7188790932996
 20
22.499601987300025
 30
0.0
 40
2.049999999999999
  0
CIRCLE
  5
8D
330
17
100
AcDbEntity
  8
CUT
  6
Continuous
 62
3
 48
25.4
100
AcDbCircle
 10
2222.7188790932996
 20
640.4203980127
 30
0.0
 40
2.049999999999999
  0
CIRCLE
  5
8E
330
17
100
AcDbEntity
  8
CUT
  6
Continuous
 62
3
 48
25.4
100
AcDbCircle
 10
2157.5832174119996
 20
22.499601987300025
 30
0.0
 40
2.049999999999999
  0
CIRCLE
  5
8F
330
17
100
AcDbEntity
  8
CUT
  6
Continuous
 62
3
 48
25.4
100
AcDbCircle
 10
2157.5832174119996
 20
640.4203980127
 30
0.0
 40
2.049999999999999
  0
CIRCLE
  5
90
330
17
100
AcDbEntity
  8
CUT
  6
Continuous
 62
3
 48
25.4
100
AcDbCircle
 10
2092.4475557307
 20
22.499601987300025
 30
0.0
 40
2.049999999999999
  0
CIRCLE
  5
91
330
17
100
AcDbEntity
  8
CUT
  6
Continuous
 62
3
 48
25.4
100
AcDbCircle
 10
2092.4475557307
 20
640.4203980127
 30
0.0
 40
2.049999999999999
  0
CIRCLE
  5
92
330
17
100
AcDbEntity
  8
CUT
  6
Continuous
 62
3
 48
25.4
100
AcDbCircle
 10
2041.1673567243997
 20
22.499601987300025
 30
0.0
 40
2.049999999999999
  0
CIRCLE
  5
93
330
17
100
AcDbEntity
  8
CUT
  6
Continuous
 62
3
 48
25.4
100
AcDbCircle
 10
2041.1673567243997
 20
640.4203980127
 30
0.0
 40
2.049999999999999
  0
CIRCLE
  5
94
330
17
100
AcDbEntity
  8
CUT
  6
Continuous
 62
3
 48
25.4
100
AcDbCircle
 10
1967.6018438923998
 20
22.499601987300025
 30
0.0
 40
2.049999999999999
  0
CIRCLE
  5
95
330
17
100
AcDbEntity
  8
CUT
  6
Continuous
 62
3
 48
25.4
100
AcDbCircle
 10
1967.6018438923998
 20
640.4203980127
 30
0.0
 40
2.049999999999999
  0
CIRCLE
  5
96
330
17
100
AcDbEntity
  8
CUT
  6
Continuous
 62
3
 48
25.4
100
AcDbCircle
 10
1894.0363310603998
 20
22.499601987300025
 30
0.0
 40
2.049999999999999
  0
CIRCLE
  5
97
330
17
100
AcDbEntity
  8
CUT
  6
Continuous
 62
3
 48
25.4
100
AcDbCircle
 10
1894.0363310603998
 20
640.4203980127
 30
0.0
 40
2.049999999999999
  0
CIRCLE
  5
98
330
17
100
AcDbEntity
  8
CUT
  6
Continuous
 62
3
 48
25.4
100
AcDbCircle
 10
1838.1828650562
 20
22.499601987300025
 30
0.0
 40
2.049999999999999
  0
CIRCLE
  5
99
330
17
100
AcDbEntity
  8
CUT
  6
Continuous
 62
3
 48
25.4
100
AcDbCircle
 10
1838.1828650562
 20
640.4203980127
 30
0.0
 40
2.049999999999999
  0
CIRCLE
  5
9A
330
17
100
AcDbEntity
  8
CUT
  6
Continuous
 62
3
 48
25.4
100
AcDbCircle
 10
1755.4749982952999
 20
22.499601987300025
 30
0.0
 40
2.049999999999999
  0
CIRCLE
  5
9B
330
17
100
AcDbEntity
  8
CUT
  6
Continuous
 62
3
 48
25.4
100
AcDbCircle
 10
1755.4749982952999
 20
640.4203980127
 30
0.0
 40
2.049999999999999
  0
CIRCLE
  5
9C
330
17
100
AcDbEntity
  8
CUT
  6
Continuous
 62
3
 48
25.4
100
AcDbCircle
 10
1672.7671315343998
 20
22.499601987300025
 30
0.0
 40
2.049999999999999
  0
CIRCLE
  5
9D
330
17
100
AcDbEntity
  8
CUT
  6
Continuous
 62
3
 48
25.4
100
AcDbCircle
 10
1672.7671315343998
 20
640.4203980127
 30
0.0
 40
2.049999999999999
  0
CIRCLE
  5
9E
330
17
100
AcDbEntity
  8
CUT
  6
Continuous
 62
3
 48
25.4
100
AcDbCircle
 10
1590.0592647735998
 20
22.499601987300025
 30
0.0
 40
2.049999999999999
  0
CIRCLE
  5
9F
330
17
100
AcDbEntity
  8
CUT
  6
Continuous
 62
3
 48
25.4
100
AcDbCircle
 10
1590.0592647735998
 20
640.4203980127
 30
0.0
 40
2.049999999999999
  0
CIRCLE
  5
A0
330
17
100
AcDbEntity
  8
CUT
  6
Continuous
 62
3
 48
25.4
100
AcDbCircle
 10
1507.3513980127
 20
22.499601987300025
 30
0.0
 40
2.049999999999999
  0
CIRCLE
  5
A1
330
17
100
AcDbEntity
  8
CUT
  6
Continuous
 62
3
 48
25.4
100
AcDbCircle
 10
1507.3513980127
 20
640.4203980127
 30
0.0
 40
2.049999999999999
  0
CIRCLE
  5
A2
330
17
100
AcDbEntity
  8
CUT
  6
Continuous
 62
3
 48
25.4
100
AcDbCircle
 10
1424.8306019872998
 20
22.499601987300025
 30
0.0
 40
2.049999999999999
  0
CIRCLE
  5
A3
330
17
100
AcDbEntity
  8
CUT
  6
Continuous
 62
3
 48
25.4
100
AcDbCircle
 10
1424.8306019872998
 20
640.4203980127
 30
0.0
 40
2.049999999999999
  0
CIRCLE
  5
A4
330
17
100
AcDbEntity
  8
CUT
  6
Continuous
 62
3
 48
25.4
100
AcDbCircle
 10
1355.3908064001998
 20
22.499601987300025
 30
0.0
 40
2.049999999999999
  0
CIRCLE
  5
A5
330
17
100
AcDbEntity
  8
CUT
  6
Continuous
 62
3
 48
25.4
100
AcDbCircle
 10
1355.3908064001998
 20
640.4203980127
 30
0.0
 40
2.049999999999999
  0
CIRCLE
  5
A6
330
17
100
AcDbEntity
  8
CUT
  6
Continuous
 62
3
 48
25.4
100
AcDbCircle
 10
1283.2795131398
 20
22.525042900199992
 30
0.0
 40
2.049999999999999
  0
CIRCLE
  5
A7
330
17
100
AcDbEntity
  8
CUT
  6
Continuous
 62
3
 48
25.4
100
AcDbCircle
 10
1283.2795131398
 20
640.3949570998001
 30
0.0
 40
2.049999999999999
  0
LINE
  5
A8
330
17
100
AcDbEntity
  8
CUT
  6
Continuous
 62
3
 48
25.4
100
AcDbLine
 10
2341.2801554079997
 20
629.1600000000001
 30
0.0
 11
2356.2603544144
 21
614.1798009937
 31
0.0
  0
LINE
  5
A9
330
17
100
AcDbEntity
  8
CUT
  6
Continuous
 62
3
 48
25.4
100
AcDbLine
 10
2356.2603544144
 20
48.740199006300145
 30
0.0
 11
2341.2801554079997
 21
33.75999999999999
 31
0.0
  0
LINE
  5
AA
330
17
100
AcDbEntity
  8
CUT
  6
Continuous
 62
3
 48
25.4
100
AcDbLine
 10
1804.2778650562
 20
502.61
 30
0.0
 11
1804.2778650562
 21
162.61
 31
0.0
  0
LINE
  5
AB
330
17
100
AcDbEntity
  8
CUT
  6
Continuous
 62
3
 48
25.4
100
AcDbLine
 10
1531.2761990063
 20
502.61
 30
0.0
 11
1804.2778650562
 21
502.61
 31
0.0
  0
LINE
  5
AC
330
17
100
AcDbEntity
  8
CUT
  6
Continuous
 62
3
 48
25.4
100
AcDbLine
 10
2328.6094761123
 20
650.4203980127
 30
0.0
 11
2280.8896751186
 21
650.4203980127
 31
0.0
  0
LINE
  5
AD
330
17
100
AcDbEntity
  8
CUT
  6
Continuous
 62
3
 48
25.4
100
AcDbLine
 10
2328.6094761123
 20
631.7203980127
 30
0.0
 11
2328.6094761123
 21
650.4203980127
 31
0.0
  0
LINE
  5
AE
330
17
100
AcDbEntity
  8
CUT
  6
Continuous
 62
3
 48
25.4
100
AcDbLine
 10
2356.2603544144
 20
614.1798009937
 30
0.0
 11
2356.2603544144
 21
343.28658121150005
 31
0.0
  0
LINE
  5
AF
330
17
100
AcDbEntity
  8
CUT
  6
Continuous
 62
3
 48
25.4
100
AcDbLine
 10
2280.8896751186
 20
12.499601987300139
 30
0.0
 11
2328.6094761123
 21
12.499601987300139
 31
0.0
  0
LINE
  5
B0
330
17
100
AcDbEntity
  8
CUT
  6
Continuous
 62
3
 48
25.4
100
AcDbLine
 10
2328.6094761123
 20
12.499601987300139
 30
0.0
 11
2328.6094761123
 21
31.199601987300184
 31
0.0
  0
LINE
  5
B1
330
17
100
AcDbEntity
  8
CUT
  6
Continuous
 62
3
 48
25.4
100
AcDbLine
 10
2260.9094761122997
 20
32.47980099370011
 30
0.0
 11
2280.8896751186
 21
12.499601987300139
 31
0.0
  0
LINE
  5
B2
330
17
100
AcDbEntity
  8
CUT
  6
Continuous
 62
3
 48
25.4
100
AcDbLine
 10
2328.6094761123
 20
31.199601987300184
 30
0.0
 11
2326.1325835846
 21
31.199601987300184
 31
0.0
  0
LINE
  5
B3
330
17
100
AcDbEntity
  8
CUT
  6
Continuous
 62
3
 48
25.4
100
AcDbLine
 10
1869.0363310603998
 20
12.499601987300139
 30
0.0
 11
2066.1673567243997
 21
12.499601987300139
 31
0.0
  0
LINE
  5
B4
330
17
100
AcDbEntity
  8
CUT
  6
Continuous
 62
3
 48
25.4
100
AcDbLine
 10
1332.4365367686999
 20
12.499601987300139
 30
0.0
 11
1444.8306019872998
 21
12.499601987300139
 31
0.0
  0
LINE
  5
B5
330
17
100
AcDbEntity
  8
CUT
  6
Continuous
 62
3
 48
25.4
100
AcDbLine
 10
2067.4475557307
 20
12.499601987300139
 30
0.0
 11
2238.3688790933
 21
12.499601987300139
 31
0.0
  0
LINE
  5
B6
330
17
100
AcDbEntity
  8
CUT
  6
Continuous
 62
3
 48
25.4
100
AcDbLine
 10
2238.3688790933
 20
650.4203980127
 30
0.0
 11
2067.4475557307
 21
650.4203980127
 31
0.0
  0
LINE
  5
B7
330
17
100
AcDbEntity
  8
CUT
  6
Continuous
 62
3
 48
25.4
100
AcDbLine
 10
2066.1673567243997
 20
650.4203980127
 30
0.0
 11
1869.0363310603998
 21
650.4203980127
 31
0.0
  0
LINE
  5
B8
330
17
100
AcDbEntity
  8
CUT
  6
Continuous
 62
3
 48
25.4
100
AcDbLine
 10
1868.1828650562
 20
650.4203980127
 30
0.0
 11
1487.3513980127
 21
650.4203980127
 31
0.0
  0
LINE
  5
B9
330
17
100
AcDbEntity
  8
CUT
  6
Continuous
 62
3
 48
25.4
100
AcDbLine
 10
1487.3513980127
 20
12.499601987300139
 30
0.0
 11
1868.1828650562
 21
12.499601987300139
 31
0.0
  0
LINE
  5
BA
330
17
100
AcDbEntity
  8
CUT
  6
Continuous
 62
3
 48
25.4
100
AcDbLine
 10
1267.2795131398
 20
31.199601987300184
 30
0.0
 11
1267.2795131398
 21
12.499601987300139
 31
0.0
  0
LINE
  5
BB
330
17
100
AcDbEntity
  8
CUT
  6
Continuous
 62
3
 48
25.4
100
AcDbLine
 10
1267.2795131398
 20
12.499601987300139
 30
0.0
 11
1299.6364695766
 21
12.499601987300139
 31
0.0
  0
LINE
  5
BC
330
17
100
AcDbEntity
  8
CUT
  6
Continuous
 62
3
 48
25.4
100
AcDbLine
 10
1444.8306019872998
 20
650.4203980127
 30
0.0
 11
1332.4365367686999
 21
650.4203980127
 31
0.0
  0
LINE
  5
BD
330
17
100
AcDbEntity
  8
CUT
  6
Continuous
 62
3
 48
25.4
100
AcDbLine
 10
1267.2795131398
 20
631.7203980127
 30
0.0
 11
1269.5795131398
 21
631.7203980127
 31
0.0
  0
LINE
  5
BE
330
17
100
AcDbEntity
  8
CUT
  6
Continuous
 62
3
 48
25.4
100
AcDbLine
 10
1315.2467118749998
 20
630.4401990063001
 30
0.0
 11
1299.6364695766
 21
650.4203980127
 31
0.0
  0
LINE
  5
BF
330
17
100
AcDbEntity
  8
CUT
  6
Continuous
 62
3
 48
25.4
100
AcDbLine
 10
1267.2795131398
 20
650.4203980127
 30
0.0
 11
1267.2795131398
 21
631.7203980127
 31
0.0
  0
LINE
  5
C0
330
17
100
AcDbEntity
  8
CUT
  6
Continuous
 62
3
 48
25.4
100
AcDbLine
 10
1299.6364695766
 20
650.4203980127
 30
0.0
 11
1267.2795131398
 21
650.4203980127
 31
0.0
  0
LINE
  5
C1
330
17
100
AcDbEntity
  8
CUT
  6
Continuous
 62
3
 48
25.4
100
AcDbLine
 10
2356.2603544144
 20
319.6334031585
 30
0.0
 11
2356.2603544144
 21
48.740199006300145
 31
0.0
  0
LINE
  5
C2
330
17
100
AcDbEntity
  8
CUT
  6
Continuous
 62
3
 48
25.4
100
AcDbLine
 10
1254.0378528217998
 20
629.1600000000001
 30
0.0
 11
1254.0378528217998
 21
579.96
 31
0.0
  0
LINE
  5
C3
330
17
100
AcDbEntity
  8
CUT
  6
Continuous
 62
3
 48
25.4
100
AcDbLine
 10
1253.8626571126
 20
579.7439575532001
 30
0.0
 11
1253.0587171144998
 21
578.6600000000001
 31
0.0
  0
LINE
  5
C4
330
17
100
AcDbEntity
  8
CUT
  6
Continuous
 62
3
 48
25.4
100
AcDbLine
 10
1253.8728411885
 20
83.1630708258001
 30
0.0
 11
1253.0587171144998
 21
84.25999999999999
 31
0.0
  0
LINE
  5
C5
330
17
100
AcDbEntity
  8
CUT
  6
Continuous
 62
3
 48
25.4
100
AcDbLine
 10
1254.0378528217998
 20
82.96000000000004
 30
0.0
 11
1254.0378528217998
 21
33.75999999999999
 31
0.0
  0
LINE
  5
C6
330
17
100
AcDbEntity
  8
CUT
  6
Continuous
 62
3
 48
25.4
100
AcDbLine
 10
1269.5795131398
 20
629.1600000000001
 30
0.0
 11
1269.5795131398
 21
631.7203980127
 31
0.0
  0
LINE
  5
C7
330
17
100
AcDbEntity
  8
CUT
  6
Continuous
 62
3
 48
25.4
100
AcDbLine
 10
1315.2467118749998
 20
630.4401990063001
 30
0.0
 11
1315.2467118749998
 21
629.1600000000001
 31
0.0
  0
LINE
  5
C8
330
17
100
AcDbEntity
  8
CUT
  6
Continuous
 62
3
 48
25.4
100
AcDbLine
 10
2326.1325835846
 20
33.75999999999999
 30
0.0
 11
2326.1325835846
 21
31.199601987300184
 31
0.0
  0
LINE
  5
C9
330
17
100
AcDbEntity
  8
CUT
  6
Continuous
 62
3
 48
25.4
100
AcDbLine
 10
2260.9094761122997
 20
32.47980099370011
 30
0.0
 11
2260.9094761122997
 21
33.75999999999999
 31
0.0
  0
LINE
  5
CA
330
17
100
AcDbEntity
  8
CUT
  6
Continuous
 62
3
 48
25.4
100
AcDbLine
 10
2258.3490780996
 20
629.1600000000001
 30
0.0
 11
2260.9094761122997
 21
629.1600000000001
 31
0.0
  0
LINE
  5
CB
330
17
100
AcDbEntity
  8
CUT
  6
Continuous
 62
3
 48
25.4
100
AcDbLine
 10
2260.9094761122997
 20
33.75999999999999
 30
0.0
 11
2258.3490780996
 21
33.75999999999999
 31
0.0
  0
LINE
  5
CC
330
17
100
AcDbEntity
  8
CUT
  6
Continuous
 62
3
 48
25.4
100
AcDbLine
 10
1464.8108009936998
 20
629.1600000000001
 30
0.0
 11
1467.3711990063
 21
629.1600000000001
 31
0.0
  0
LINE
  5
CD
330
17
100
AcDbEntity
  8
CUT
  6
Continuous
 62
3
 48
25.4
100
AcDbLine
 10
1467.3711990063
 20
33.75999999999999
 30
0.0
 11
1464.8108009936998
 21
33.75999999999999
 31
0.0
  0
LINE
  5
CE
330
17
100
AcDbEntity
  8
CUT
  6
Continuous
 62
3
 48
25.4
100
AcDbLine
 10
1315.2467118749998
 20
629.1600000000001
 30
0.0
 11
1317.3803768855998
 21
629.1600000000001
 31
0.0
  0
LINE
  5
CF
330
17
100
AcDbEntity
  8
CUT
  6
Continuous
 62
3
 48
25.4
100
AcDbLine
 10
1317.3803768855998
 20
33.75999999999999
 30
0.0
 11
1315.2467118749998
 21
33.75999999999999
 31
0.0
  0
LINE
  5
D0
330
17
100
AcDbEntity
  8
CUT
  6
Continuous
 62
3
 48
25.4
100
AcDbLine
 10
2066.1673567243997
 20
33.75999999999999
 30
0.0
 11
2067.4475557307
 21
33.75999999999999
 31
0.0
  0
LINE
  5
D1
330
17
100
AcDbEntity
  8
CUT
  6
Continuous
 62
3
 48
25.4
100
AcDbLine
 10
2067.4475557307
 20
629.1600000000001
 30
0.0
 11
2066.1673567243997
 21
629.1600000000001
 31
0.0
  0
LINE
  5
D2
330
17
100
AcDbEntity
  8
CUT
  6
Continuous
 62
3
 48
25.4
100
AcDbLine
 10
1868.1828650562
 20
33.75999999999999
 30
0.0
 11
1869.0363310603998
 21
33.75999999999999
 31
0.0
  0
LINE
  5
D3
330
17
100
AcDbEntity
  8
CUT
  6
Continuous
 62
3
 48
25.4
100
AcDbLine
 10
1869.0363310603998
 20
629.1600000000001
 30
0.0
 11
1868.1828650562
 21
629.1600000000001
 31
0.0
  0
LINE
  5
D4
330
17
100
AcDbEntity
  8
CUT
  6
Continuous
 62
3
 48
25.4
100
AcDbLine
 10
1269.5795131398
 20
31.199601987300184
 30
0.0
 11
1269.5795131398
 21
33.75999999999999
 31
0.0
  0
LINE
  5
D5
330
17
100
AcDbEntity
  8
CUT
  6
Continuous
 62
3
 48
25.4
100
AcDbLine
 10
1315.2467118749998
 20
32.47980099370011
 30
0.0
 11
1299.6364695766
 21
12.499601987300139
 31
0.0
  0
LINE
  5
D6
330
17
100
AcDbEntity
  8
CUT
  6
Continuous
 62
3
 48
25.4
100
AcDbLine
 10
1315.2467118749998
 20
33.75999999999999
 30
0.0
 11
1315.2467118749998
 21
32.47980099370011
 31
0.0
  0
LINE
  5
D7
330
17
100
AcDbEntity
  8
CUT
  6
Continuous
 62
3
 48
25.4
100
AcDbLine
 10
1269.5795131398
 20
31.199601987300184
 30
0.0
 11
1267.2795131398
 21
31.199601987300184
 31
0.0
  0
LINE
  5
D8
330
17
100
AcDbEntity
  8
CUT
  6
Continuous
 62
3
 48
25.4
100
AcDbLine
 10
1317.3803768855998
 20
32.47980099370011
 30
0.0
 11
1317.3803768855998
 21
33.75999999999999
 31
0.0
  0
LINE
  5
D9
330
17
100
AcDbEntity
  8
CUT
  6
Continuous
 62
3
 48
25.4
100
AcDbLine
 10
1332.4365367686999
 20
12.499601987300139
 30
0.0
 11
1317.3803768855998
 21
32.47980099370011
 31
0.0
  0
LINE
  5
DA
330
17
100
AcDbEntity
  8
CUT
  6
Continuous
 62
3
 48
25.4
100
AcDbLine
 10
1464.8108009936998
 20
33.75999999999999
 30
0.0
 11
1464.8108009936998
 21
32.47980099370011
 31
0.0
  0
LINE
  5
DB
330
17
100
AcDbEntity
  8
CUT
  6
Continuous
 62
3
 48
25.4
100
AcDbLine
 10
1464.8108009936998
 20
32.47980099370011
 30
0.0
 11
1444.8306019872998
 21
12.499601987300139
 31
0.0
  0
LINE
  5
DC
330
17
100
AcDbEntity
  8
CUT
  6
Continuous
 62
3
 48
25.4
100
AcDbLine
 10
1467.3711990063
 20
32.47980099370011
 30
0.0
 11
1467.3711990063
 21
33.75999999999999
 31
0.0
  0
LINE
  5
DD
330
17
100
AcDbEntity
  8
CUT
  6
Continuous
 62
3
 48
25.4
100
AcDbLine
 10
1487.3513980127
 20
12.499601987300139
 30
0.0
 11
1467.3711990063
 21
32.47980099370011
 31
0.0
  0
LINE
  5
DE
330
17
100
AcDbEntity
  8
CUT
  6
Continuous
 62
3
 48
25.4
100
AcDbLine
 10
1868.1828650562
 20
33.75999999999999
 30
0.0
 11
1868.1828650562
 21
12.499601987300139
 31
0.0
  0
LINE
  5
DF
330
17
100
AcDbEntity
  8
CUT
  6
Continuous
 62
3
 48
25.4
100
AcDbLine
 10
1869.0363310603998
 20
12.499601987300139
 30
0.0
 11
1869.0363310603998
 21
33.75999999999999
 31
0.0
  0
LINE
  5
E0
330
17
100
AcDbEntity
  8
CUT
  6
Continuous
 62
3
 48
25.4
100
AcDbLine
 10
2066.1673567243997
 20
33.75999999999999
 30
0.0
 11
2066.1673567243997
 21
12.499601987300139
 31
0.0
  0
LINE
  5
E1
330
17
100
AcDbEntity
  8
CUT
  6
Continuous
 62
3
 48
25.4
100
AcDbLine
 10
2067.4475557307
 20
12.499601987300139
 30
0.0
 11
2067.4475557307
 21
33.75999999999999
 31
0.0
  0
LINE
  5
E2
330
17
100
AcDbEntity
  8
CUT
  6
Continuous
 62
3
 48
25.4
100
AcDbLine
 10
2258.3490780996
 20
33.75999999999999
 30
0.0
 11
2258.3490780996
 21
32.47980099370011
 31
0.0
  0
LINE
  5
E3
330
17
100
AcDbEntity
  8
CUT
  6
Continuous
 62
3
 48
25.4
100
AcDbLine
 10
2258.3490780996
 20
32.47980099370011
 30
0.0
 11
2238.3688790933
 21
12.499601987300139
 31
0.0
  0
LINE
  5
E4
330
17
100
AcDbEntity
  8
CUT
  6
Continuous
 62
3
 48
25.4
100
AcDbLine
 10
1464.8108009936998
 20
630.4401990063001
 30
0.0
 11
1464.8108009936998
 21
629.1600000000001
 31
0.0
  0
LINE
  5
E5
330
17
100
AcDbEntity
  8
CUT
  6
Continuous
 62
3
 48
25.4
100
AcDbLine
 10
1444.8306019872998
 20
650.4203980127
 30
0.0
 11
1464.8108009936998
 21
630.4401990063001
 31
0.0
  0
LINE
  5
E6
330
17
100
AcDbEntity
  8
CUT
  6
Continuous
 62
3
 48
25.4
100
AcDbLine
 10
1317.3803768855998
 20
629.1600000000001
 30
0.0
 11
1317.3803768855998
 21
630.4401990063001
 31
0.0
  0
LINE
  5
E7
330
17
100
AcDbEntity
  8
CUT
  6
Continuous
 62
3
 48
25.4
100
AcDbLine
 10
1317.3803768855998
 20
630.4401990063001
 30
0.0
 11
1332.4365367686999
 21
650.4203980127
 31
0.0
  0
LINE
  5
E8
330
17
100
AcDbEntity
  8
CUT
  6
Continuous
 62
3
 48
25.4
100
AcDbLine
 10
1868.1828650562
 20
650.4203980127
 30
0.0
 11
1868.1828650562
 21
629.1600000000001
 31
0.0
  0
LINE
  5
E9
330
17
100
AcDbEntity
  8
CUT
  6
Continuous
 62
3
 48
25.4
100
AcDbLine
 10
1467.3711990063
 20
629.1600000000001
 30
0.0
 11
1467.3711990063
 21
630.4401990063001
 31
0.0
  0
LINE
  5
EA
330
17
100
AcDbEntity
  8
CUT
  6
Continuous
 62
3
 48
25.4
100
AcDbLine
 10
1467.3711990063
 20
630.4401990063001
 30
0.0
 11
1487.3513980127
 21
650.4203980127
 31
0.0
  0
LINE
  5
EB
330
17
100
AcDbEntity
  8
CUT
  6
Continuous
 62
3
 48
25.4
100
AcDbLine
 10
2066.1673567243997
 20
650.4203980127
 30
0.0
 11
2066.1673567243997
 21
629.1600000000001
 31
0.0
  0
LINE
  5
EC
330
17
100
AcDbEntity
  8
CUT
  6
Continuous
 62
3
 48
25.4
100
AcDbLine
 10
1869.0363310603998
 20
629.1600000000001
 30
0.0
 11
1869.0363310603998
 21
650.4203980127
 31
0.0
  0
LINE
  5
ED
330
17
100
AcDbEntity
  8
CUT
  6
Continuous
 62
3
 48
25.4
100
AcDbLine
 10
2258.3490780996
 20
630.4401990063001
 30
0.0
 11
2258.3490780996
 21
629.1600000000001
 31
0.0
  0
LINE
  5
EE
330
17
100
AcDbEntity
  8
CUT
  6
Continuous
 62
3
 48
25.4
100
AcDbLine
 10
2238.3688790933
 20
650.4203980127
 30
0.0
 11
2258.3490780996
 21
630.4401990063001
 31
0.0
  0
LINE
  5
EF
330
17
100
AcDbEntity
  8
CUT
  6
Continuous
 62
3
 48
25.4
100
AcDbLine
 10
2067.4475557307
 20
629.1600000000001
 30
0.0
 11
2067.4475557307
 21
650.4203980127
 31
0.0
  0
LINE
  5
F0
330
17
100
AcDbEntity
  8
CUT
  6
Continuous
 62
3
 48
25.4
100
AcDbLine
 10
2326.1325835846
 20
631.7203980127
 30
0.0
 11
2326.1325835846
 21
629.1600000000001
 31
0.0
  0
LINE
  5
F1
330
17
100
AcDbEntity
  8
CUT
  6
Continuous
 62
3
 48
25.4
100
AcDbLine
 10
2260.9094761122997
 20
630.4401990063001
 30
0.0
 11
2280.8896751186
 21
650.4203980127
 31
0.0
  0
LINE
  5
F2
330
17
100
AcDbEntity
  8
CUT
  6
Continuous
 62
3
 48
25.4
100
AcDbLine
 10
2260.9094761122997
 20
629.1600000000001
 30
0.0
 11
2260.9094761122997
 21
630.4401990063001
 31
0.0
  0
LINE
  5
F3
330
17
100
AcDbEntity
  8
CUT
  6
Continuous
 62
3
 48
25.4
100
AcDbLine
 10
2326.1325835846
 20
631.7203980127
 30
0.0
 11
2328.6094761123
 21
631.7203980127
 31
0.0
  0
LINE
  5
F4
330
17
100
AcDbEntity
  8
CUT
  6
Continuous
 62
3
 48
25.4
100
AcDbLine
 10
2341.2801554079997
 20
33.75999999999999
 30
0.0
 11
2326.1325835846
 21
33.75999999999999
 31
0.0
  0
LINE
  5
F5
330
17
100
AcDbEntity
  8
CUT
  6
Continuous
 62
3
 48
25.4
100
AcDbLine
 10
2326.1325835846
 20
629.1600000000001
 30
0.0
 11
2341.2801554079997
 21
629.1600000000001
 31
0.0
  0
LINE
  5
F6
330
17
100
AcDbEntity
  8
CUT
  6
Continuous
 62
3
 48
25.4
100
AcDbLine
 10
1254.0378528217998
 20
629.1600000000001
 30
0.0
 11
1269.5795131398
 21
629.1600000000001
 31
0.0
  0
LINE
  5
F7
330
17
100
AcDbEntity
  8
CUT
  6
Continuous
 62
3
 48
25.4
100
AcDbLine
 10
1269.5795131398
 20
33.75999999999999
 30
0.0
 11
1254.0378528217998
 21
33.75999999999999
 31
0.0
  0
LINE
  5
F8
330
17
100
AcDbEntity
  8
CUT
  6
Continuous
 62
3
 48
25.4
100
AcDbLine
 10
1254.0378528217998
 20
82.96000000000004
 30
0.0
 11
1253.8728411885
 21
83.1630708258001
 31
0.0
  0
LINE
  5
F9
330
17
100
AcDbEntity
  8
CUT
  6
Continuous
 62
3
 48
25.4
100
AcDbLine
 10
1254.0378528217998
 20
579.96
 30
0.0
 11
1253.8626571126
 21
579.7439575532001
 31
0.0
  0
LINE
  5
FA
330
17
100
AcDbEntity
  8
CUT
  6
Continuous
 62
3
 48
25.4
100
AcDbLine
 10
696.5
 20
1168.9788658328446
 30
0.0
 11
12.5
 21
1168.9788658328446
 31
0.0
  0
LINE
  5
FB
330
17
100
AcDbEntity
  8
CUT
  6
Continuous
 62
3
 48
25.4
100
AcDbLine
 10
696.5
 20
538.4988561539446
 30
0.0
 11
696.5
 21
1168.9788658328446
 31
0.0
  0
LINE
  5
FC
330
17
100
AcDbEntity
  8
CUT
  6
Continuous
 62
3
 48
25.4
100
AcDbLine
 10
12.5
 20
538.4988561539446
 30
0.0
 11
696.5
 21
538.4988561539446
 31
0.0
  0
LINE
  5
FD
330
17
100
AcDbEntity
  8
CUT
  6
Continuous
 62
3
 48
25.4
100
AcDbLine
 10
12.5
 20
1168.9788658328446
 30
0.0
 11
12.5
 21
538.4988561539446
 31
0.0
  0
CIRCLE
  5
FE
330
17
100
AcDbEntity
  8
CUT
  6
Continuous
 62
3
 48
25.4
100
AcDbCircle
 10
84.99999982719999
 20
551.7488561539448
 30
0.0
 40
4.25
  0
CIRCLE
  5
FF
330
17
100
AcDbEntity
  8
CUT
  6
Continuous
 62
3
 48
25.4
100
AcDbCircle
 10
24.9999998272001
 20
551.7488561539448
 30
0.0
 40
4.25
  0
CIRCLE
  5
100
330
17
100
AcDbEntity
  8
CUT
  6
Continuous
 62
3
 48
25.4
100
AcDbCircle
 10
24.9999998272001
 20
630.2488561539448
 30
0.0
 40
4.25
  0
CIRCLE
  5
101
330
17
100
AcDbEntity
  8
CUT
  6
Continuous
 62
3
 48
25.4
100
AcDbCircle
 10
84.99999982719999
 20
630.2488561539448
 30
0.0
 40
4.25
  0
CIRCLE
  5
102
330
17
100
AcDbEntity
  8
CUT
  6
Continuous
 62
3
 48
25.4
100
AcDbCircle
 10
84.99999982719999
 20
1155.7288658328446
 30
0.0
 40
4.25
  0
CIRCLE
  5
103
330
17
100
AcDbEntity
  8
CUT
  6
Continuous
 62
3
 48
25.4
100
AcDbCircle
 10
84.99999982719999
 20
1077.2288658328446
 30
0.0
 40
4.25
  0
CIRCLE
  5
104
330
17
100
AcDbEntity
  8
CUT
  6
Continuous
 62
3
 48
25.4
100
AcDbCircle
 10
24.9999998272001
 20
1155.7288658328446
 30
0.0
 40
4.25
  0
CIRCLE
  5
105
330
17
100
AcDbEntity
  8
CUT
  6
Continuous
 62
3
 48
25.4
100
AcDbCircle
 10
24.9999998272001
 20
1077.2288658328446
 30
0.0
 40
4.25
  0
CIRCLE
  5
106
330
17
100
AcDbEntity
  8
CUT
  6
Continuous
 62
3
 48
25.4
100
AcDbCircle
 10
684.0
 20
1155.7288658328446
 30
0.0
 40
4.25
  0
CIRCLE
  5
107
330
17
100
AcDbEntity
  8
CUT
  6
Continuous
 62
3
 48
25.4
100
AcDbCircle
 10
624.0
 20
1155.7288658328446
 30
0.0
 40
4.25
  0
CIRCLE
  5
108
330
17
100
AcDbEntity
  8
CUT
  6
Continuous
 62
3
 48
25.4
100
AcDbCircle
 10
684.0
 20
1077.2288658328446
 30
0.0
 40
4.25
  0
CIRCLE
  5
109
330
17
100
AcDbEntity
  8
CUT
  6
Continuous
 62
3
 48
25.4
100
AcDbCircle
 10
624.0
 20
1077.2288658328446
 30
0.0
 40
4.25
  0
CIRCLE
  5
10A
330
17
100
AcDbEntity
  8
CUT
  6
Continuous
 62
3
 48
25.4
100
AcDbCircle
 10
684.0
 20
551.7488561539448
 30
0.0
 40
4.25
  0
CIRCLE
  5
10B
330
17
100
AcDbEntity
  8
CUT
  6
Continuous
 62
3
 48
25.4
100
AcDbCircle
 10
684.0
 20
630.2488561539448
 30
0.0
 40
4.25
  0
CIRCLE
  5
10C
330
17
100
AcDbEntity
  8
CUT
  6
Continuous
 62
3
 48
25.4
100
AcDbCircle
 10
624.0
 20
630.2488561539448
 30
0.0
 40
4.25
  0
CIRCLE
  5
10D
330
17
100
AcDbEntity
  8
CUT
  6
Continuous
 62
3
 48
25.4
100
AcDbCircle
 10
624.0
 20
551.7488561539448
 30
0.0
 40
4.25
  0
CIRCLE
  5
10E
330
17
100
AcDbEntity
  8
CUT
  6
Continuous
 62
3
 48
25.4
100
AcDbCircle
 10
116.79999999999995
 20
578.2973755561447
 30
0.0
 40
2.049999999999999
  0
CIRCLE
  5
10F
330
17
100
AcDbEntity
  8
CUT
  6
Continuous
 62
3
 48
25.4
100
AcDbCircle
 10
355.65
 20
578.2973755561447
 30
0.0
 40
2.049999999999999
  0
CIRCLE
  5
110
330
17
100
AcDbEntity
  8
CUT
  6
Continuous
 62
3
 48
25.4
100
AcDbCircle
 10
594.5
 20
578.2973755561447
 30
0.0
 40
2.049999999999999
  0
CIRCLE
  5
111
330
17
100
AcDbEntity
  8
CUT
  6
Continuous
 62
3
 48
25.4
100
AcDbCircle
 10
116.79999999999995
 20
1135.4788658328446
 30
0.0
 40
2.049999999999999
  0
CIRCLE
  5
112
330
17
100
AcDbEntity
  8
CUT
  6
Continuous
 62
3
 48
25.4
100
AcDbCircle
 10
355.65
 20
1135.4788658328446
 30
0.0
 40
2.049999999999999
  0
CIRCLE
  5
113
330
17
100
AcDbEntity
  8
CUT
  6
Continuous
 62
3
 48
25.4
100
AcDbCircle
 10
594.5
 20
1135.4788658328446
 30
0.0
 40
2.049999999999999
  0
CIRCLE
  5
114
330
17
100
AcDbEntity
  8
CUT
  6
Continuous
 62
3
 48
25.4
100
AcDbCircle
 10
44.0
 20
662.2973755561447
 30
0.0
 40
2.049999999999999
  0
CIRCLE
  5
115
330
17
100
AcDbEntity
  8
CUT
  6
Continuous
 62
3
 48
25.4
100
AcDbCircle
 10
44.0
 20
1050.9788561539447
 30
0.0
 40
2.049999999999999
  0
CIRCLE
  5
116
330
17
100
AcDbEntity
  8
CUT
  6
Continuous
 62
3
 48
25.4
100
AcDbCircle
 10
44.0
 20
856.6381158550447
 30
0.0
 40
2.049999999999999
  0
CIRCLE
  5
117
330
17
100
AcDbEntity
  8
CUT
  6
Continuous
 62
3
 48
25.4
100
AcDbCircle
 10
665.0
 20
1050.9788561539447
 30
0.0
 40
2.049999999999999
  0
CIRCLE
  5
118
330
17
100
AcDbEntity
  8
CUT
  6
Continuous
 62
3
 48
25.4
100
AcDbCircle
 10
665.0
 20
856.6381158550447
 30
0.0
 40
2.049999999999999
  0
CIRCLE
  5
119
330
17
100
AcDbEntity
  8
CUT
  6
Continuous
 62
3
 48
25.4
100
AcDbCircle
 10
665.0
 20
662.2973755561447
 30
0.0
 40
2.049999999999999
  0
LINE
  5
11A
330
17
100
AcDbEntity
  8
CUT
 62
4
 48
25.4
100
AcDbLine
 10
700.2038695813584
 20
1103.7866260738565
 30
0.0
 11
1213.3838695813583
 21
1040.0894560593565
 31
0.0
  0
LINE
  5
11B
330
17
100
AcDbEntity
  8
CUT
 62
4
 48
25.4
100
AcDbLine
 10
1213.3838695813583
 20
562.3567344649566
 30
0.0
 11
700.2038695813584
 21
562.3567344649566
 31
0.0
  0
LINE
  5
11C
330
17
100
AcDbEntity
  8
CUT
  6
Continuous
 62
3
 48
25.4
100
AcDbLine
 10
700.2038695813584
 20
1103.7866260738565
 30
0.0
 11
702.5497283326583
 21
1122.6861752016566
 31
0.0
  0
LINE
  5
11D
330
17
100
AcDbEntity
  8
CUT
  6
Continuous
 62
3
 48
25.4
100
AcDbLine
 10
702.5497283326583
 20
1122.6861752016566
 30
0.0
 11
1215.7297283326584
 21
1058.9890051870566
 31
0.0
  0
LINE
  5
11E
330
17
100
AcDbEntity
  8
CUT
  6
Continuous
 62
3
 48
25.4
100
AcDbLine
 10
1215.7297283326584
 20
1058.9890051870566
 30
0.0
 11
1213.3838695813583
 21
1040.0894560593565
 31
0.0
  0
LINE
  5
11F
330
17
100
AcDbEntity
  8
CUT
  6
Continuous
 62
3
 48
25.4
100
AcDbLine
 10
700.2038695813584
 20
538.3121549076567
 30
0.0
 11
700.2038695813584
 21
1103.7866260738565
 31
0.0
  0
LINE
  5
120
330
17
100
AcDbEntity
  8
CUT
  6
Continuous
 62
3
 48
25.4
100
AcDbLine
 10
1213.3838695813583
 20
1040.0894560592567
 30
0.0
 11
1213.3838695813583
 21
538.3121549076567
 31
0.0
  0
CIRCLE
  5
121
330
17
100
AcDbEntity
  8
CUT
  6
Continuous
 62
3
 48
25.4
100
AcDbCircle
 10
720.2038695813585
 20
581.4013140222567
 30
0.0
 40
2.049999999999999
  0
CIRCLE
  5
122
330
17
100
AcDbEntity
  8
CUT
  6
Continuous
 62
3
 48
25.4
100
AcDbCircle
 10
720.2038695813585
 20
601.4013140222567
 30
0.0
 40
2.049999999999999
  0
CIRCLE
  5
123
330
17
100
AcDbEntity
  8
CUT
  6
Continuous
 62
3
 48
25.4
100
AcDbCircle
 10
720.2038695813585
 20
621.4013140222567
 30
0.0
 40
2.049999999999999
  0
CIRCLE
  5
124
330
17
100
AcDbEntity
  8
CUT
  6
Continuous
 62
3
 48
25.4
100
AcDbCircle
 10
720.2038695813585
 20
641.4013140222567
 30
0.0
 40
2.049999999999999
  0
CIRCLE
  5
125
330
17
100
AcDbEntity
  8
CUT
  6
Continuous
 62
3
 48
25.4
100
AcDbCircle
 10
720.2038695813585
 20
661.4013140222567
 30
0.0
 40
2.049999999999999
  0
CIRCLE
  5
126
330
17
100
AcDbEntity
  8
CUT
  6
Continuous
 62
3
 48
25.4
100
AcDbCircle
 10
720.2038695813585
 20
681.4013140222567
 30
0.0
 40
2.049999999999999
  0
CIRCLE
  5
127
330
17
100
AcDbEntity
  8
CUT
  6
Continuous
 62
3
 48
25.4
100
AcDbCircle
 10
720.2038695813585
 20
701.4013140222567
 30
0.0
 40
2.049999999999999
  0
CIRCLE
  5
128
330
17
100
AcDbEntity
  8
CUT
  6
Continuous
 62
3
 48
25.4
100
AcDbCircle
 10
720.2038695813585
 20
721.4013140222567
 30
0.0
 40
2.049999999999999
  0
CIRCLE
  5
129
330
17
100
AcDbEntity
  8
CUT
  6
Continuous
 62
3
 48
25.4
100
AcDbCircle
 10
720.2038695813585
 20
741.4013140222567
 30
0.0
 40
2.049999999999999
  0
CIRCLE
  5
12A
330
17
100
AcDbEntity
  8
CUT
  6
Continuous
 62
3
 48
25.4
100
AcDbCircle
 10
720.2038695813585
 20
761.4013140222567
 30
0.0
 40
2.049999999999999
  0
CIRCLE
  5
12B
330
17
100
AcDbEntity
  8
CUT
  6
Continuous
 62
3
 48
25.4
100
AcDbCircle
 10
720.2038695813585
 20
781.4013140222567
 30
0.0
 40
2.049999999999999
  0
CIRCLE
  5
12C
330
17
100
AcDbEntity
  8
CUT
  6
Continuous
 62
3
 48
25.4
100
AcDbCircle
 10
720.2038695813585
 20
801.4013140222567
 30
0.0
 40
2.049999999999999
  0
CIRCLE
  5
12D
330
17
100
AcDbEntity
  8
CUT
  6
Continuous
 62
3
 48
25.4
100
AcDbCircle
 10
720.2038695813585
 20
821.4013140222567
 30
0.0
 40
2.049999999999999
  0
CIRCLE
  5
12E
330
17
100
AcDbEntity
  8
CUT
  6
Continuous
 62
3
 48
25.4
100
AcDbCircle
 10
720.2038695813585
 20
841.4013140222567
 30
0.0
 40
2.049999999999999
  0
CIRCLE
  5
12F
330
17
100
AcDbEntity
  8
CUT
  6
Continuous
 62
3
 48
25.4
100
AcDbCircle
 10
720.2038695813585
 20
861.4013140222567
 30
0.0
 40
2.049999999999999
  0
CIRCLE
  5
130
330
17
100
AcDbEntity
  8
CUT
  6
Continuous
 62
3
 48
25.4
100
AcDbCircle
 10
720.2038695813585
 20
881.4013140222567
 30
0.0
 40
2.049999999999999
  0
CIRCLE
  5
131
330
17
100
AcDbEntity
  8
CUT
  6
Continuous
 62
3
 48
25.4
100
AcDbCircle
 10
720.2038695813585
 20
901.4013140222567
 30
0.0
 40
2.049999999999999
  0
CIRCLE
  5
132
330
17
100
AcDbEntity
  8
CUT
  6
Continuous
 62
3
 48
25.4
100
AcDbCircle
 10
720.2038695813585
 20
921.4013140222567
 30
0.0
 40
2.049999999999999
  0
CIRCLE
  5
133
330
17
100
AcDbEntity
  8
CUT
  6
Continuous
 62
3
 48
25.4
100
AcDbCircle
 10
720.2038695813585
 20
941.4013140222567
 30
0.0
 40
2.049999999999999
  0
CIRCLE
  5
134
330
17
100
AcDbEntity
  8
CUT
  6
Continuous
 62
3
 48
25.4
100
AcDbCircle
 10
720.2038695813585
 20
961.4013140222567
 30
0.0
 40
2.049999999999999
  0
CIRCLE
  5
135
330
17
100
AcDbEntity
  8
CUT
  6
Continuous
 62
3
 48
25.4
100
AcDbCircle
 10
720.2038695813585
 20
981.4013140222567
 30
0.0
 40
2.049999999999999
  0
CIRCLE
  5
136
330
17
100
AcDbEntity
  8
CUT
  6
Continuous
 62
3
 48
25.4
100
AcDbCircle
 10
720.2038695813585
 20
1001.4013140222567
 30
0.0
 40
2.049999999999999
  0
CIRCLE
  5
137
330
17
100
AcDbEntity
  8
CUT
  6
Continuous
 62
3
 48
25.4
100
AcDbCircle
 10
720.2038695813585
 20
1021.4013140222567
 30
0.0
 40
2.049999999999999
  0
CIRCLE
  5
138
330
17
100
AcDbEntity
  8
CUT
  6
Continuous
 62
3
 48
25.4
100
AcDbCircle
 10
720.2038695813585
 20
1041.4013140222567
 30
0.0
 40
2.049999999999999
  0
CIRCLE
  5
139
330
17
100
AcDbEntity
  8
CUT
  6
Continuous
 62
3
 48
25.4
100
AcDbCircle
 10
720.2038695813585
 20
1061.4013140222567
 30
0.0
 40
2.049999999999999
  0
CIRCLE
  5
13A
330
17
100
AcDbEntity
  8
CUT
  6
Continuous
 62
3
 48
25.4
100
AcDbCircle
 10
720.2038695813585
 20
1081.4013140222567
 30
0.0
 40
2.049999999999999
  0
CIRCLE
  5
13B
330
17
100
AcDbEntity
  8
CUT
  6
Continuous
 62
3
 48
25.4
100
AcDbCircle
 10
740.2038695813585
 20
1081.4013140222567
 30
0.0
 40
2.049999999999999
  0
CIRCLE
  5
13C
330
17
100
AcDbEntity
  8
CUT
  6
Continuous
 62
3
 48
25.4
100
AcDbCircle
 10
760.2038695813583
 20
1081.4013140222567
 30
0.0
 40
2.049999999999999
  0
CIRCLE
  5
13D
330
17
100
AcDbEntity
  8
CUT
  6
Continuous
 62
3
 48
25.4
100
AcDbCircle
 10
740.2038695813585
 20
1061.4013140222567
 30
0.0
 40
2.049999999999999
  0
CIRCLE
  5
13E
330
17
100
AcDbEntity
  8
CUT
  6
Continuous
 62
3
 48
25.4
100
AcDbCircle
 10
760.2038695813583
 20
1061.4013140222567
 30
0.0
 40
2.049999999999999
  0
CIRCLE
  5
13F
330
17
100
AcDbEntity
  8
CUT
  6
Continuous
 62
3
 48
25.4
100
AcDbCircle
 10
780.2038695813583
 20
1061.4013140222567
 30
0.0
 40
2.049999999999999
  0
CIRCLE
  5
140
330
17
100
AcDbEntity
  8
CUT
  6
Continuous
 62
3
 48
25.4
100
AcDbCircle
 10
800.2038695813583
 20
1061.4013140222567
 30
0.0
 40
2.049999999999999
  0
CIRCLE
  5
141
330
17
100
AcDbEntity
  8
CUT
  6
Continuous
 62
3
 48
25.4
100
AcDbCircle
 10
820.2038695813583
 20
1061.4013140222567
 30
0.0
 40
2.049999999999999
  0
CIRCLE
  5
142
330
17
100
AcDbEntity
  8
CUT
  6
Continuous
 62
3
 48
25.4
100
AcDbCircle
 10
840.2038695813583
 20
1061.4013140222567
 30
0.0
 40
2.049999999999999
  0
CIRCLE
  5
143
330
17
100
AcDbEntity
  8
CUT
  6
Continuous
 62
3
 48
25.4
100
AcDbCircle
 10
860.2038695813583
 20
1061.4013140222567
 30
0.0
 40
2.049999999999999
  0
CIRCLE
  5
144
330
17
100
AcDbEntity
  8
CUT
  6
Continuous
 62
3
 48
25.4
100
AcDbCircle
 10
880.2038695813583
 20
1061.4013140222567
 30
0.0
 40
2.049999999999999
  0
CIRCLE
  5
145
330
17
100
AcDbEntity
  8
CUT
  6
Continuous
 62
3
 48
25.4
100
AcDbCircle
 10
900.2038695813583
 20
1061.4013140222567
 30
0.0
 40
2.049999999999999
  0
CIRCLE
  5
146
330
17
100
AcDbEntity
  8
CUT
  6
Continuous
 62
3
 48
25.4
100
AcDbCircle
 10
740.2038695813585
 20
1041.4013140222567
 30
0.0
 40
2.049999999999999
  0
CIRCLE
  5
147
330
17
100
AcDbEntity
  8
CUT
  6
Continuous
 62
3
 48
25.4
100
AcDbCircle
 10
760.2038695813583
 20
1041.4013140222567
 30
0.0
 40
2.049999999999999
  0
CIRCLE
  5
148
330
17
100
AcDbEntity
  8
CUT
  6
Continuous
 62
3
 48
25.4
100
AcDbCircle
 10
780.2038695813583
 20
1041.4013140222567
 30
0.0
 40
2.049999999999999
  0
CIRCLE
  5
149
330
17
100
AcDbEntity
  8
CUT
  6
Continuous
 62
3
 48
25.4
100
AcDbCircle
 10
800.2038695813583
 20
1041.4013140222567
 30
0.0
 40
2.049999999999999
  0
CIRCLE
  5
14A
330
17
100
AcDbEntity
  8
CUT
  6
Continuous
 62
3
 48
25.4
100
AcDbCircle
 10
820.2038695813583
 20
1041.4013140222567
 30
0.0
 40
2.049999999999999
  0
CIRCLE
  5
14B
330
17
100
AcDbEntity
  8
CUT
  6
Continuous
 62
3
 48
25.4
100
AcDbCircle
 10
840.2038695813583
 20
1041.4013140222567
 30
0.0
 40
2.049999999999999
  0
CIRCLE
  5
14C
330
17
100
AcDbEntity
  8
CUT
  6
Continuous
 62
3
 48
25.4
100
AcDbCircle
 10
860.2038695813583
 20
1041.4013140222567
 30
0.0
 40
2.049999999999999
  0
CIRCLE
  5
14D
330
17
100
AcDbEntity
  8
CUT
  6
Continuous
 62
3
 48
25.4
100
AcDbCircle
 10
880.2038695813583
 20
1041.4013140222567
 30
0.0
 40
2.049999999999999
  0
CIRCLE
  5
14E
330
17
100
AcDbEntity
  8
CUT
  6
Continuous
 62
3
 48
25.4
100
AcDbCircle
 10
900.2038695813583
 20
1041.4013140222567
 30
0.0
 40
2.049999999999999
  0
CIRCLE
  5
14F
330
17
100
AcDbEntity
  8
CUT
  6
Continuous
 62
3
 48
25.4
100
AcDbCircle
 10
920.2038695813583
 20
1041.4013140222567
 30
0.0
 40
2.049999999999999
  0
CIRCLE
  5
150
330
17
100
AcDbEntity
  8
CUT
  6
Continuous
 62
3
 48
25.4
100
AcDbCircle
 10
940.2038695813583
 20
1041.4013140222567
 30
0.0
 40
2.049999999999999
  0
CIRCLE
  5
151
330
17
100
AcDbEntity
  8
CUT
  6
Continuous
 62
3
 48
25.4
100
AcDbCircle
 10
960.2038695813583
 20
1041.4013140222567
 30
0.0
 40
2.049999999999999
  0
CIRCLE
  5
152
330
17
100
AcDbEntity
  8
CUT
  6
Continuous
 62
3
 48
25.4
100
AcDbCircle
 10
980.2038695813583
 20
1041.4013140222567
 30
0.0
 40
2.049999999999999
  0
CIRCLE
  5
153
330
17
100
AcDbEntity
  8
CUT
  6
Continuous
 62
3
 48
25.4
100
AcDbCircle
 10
1000.2038695813583
 20
1041.4013140222567
 30
0.0
 40
2.049999999999999
  0
CIRCLE
  5
154
330
17
100
AcDbEntity
  8
CUT
  6
Continuous
 62
3
 48
25.4
100
AcDbCircle
 10
1020.2038695813583
 20
1041.4013140222567
 30
0.0
 40
2.049999999999999
  0
CIRCLE
  5
155
330
17
100
AcDbEntity
  8
CUT
  6
Continuous
 62
3
 48
25.4
100
AcDbCircle
 10
1040.2038695813583
 20
1041.4013140222567
 30
0.0
 40
2.049999999999999
  0
CIRCLE
  5
156
330
17
100
AcDbEntity
  8
CUT
  6
Continuous
 62
3
 48
25.4
100
AcDbCircle
 10
740.2038695813585
 20
581.4013140222567
 30
0.0
 40
2.049999999999999
  0
CIRCLE
  5
157
330
17
100
AcDbEntity
  8
CUT
  6
Continuous
 62
3
 48
25.4
100
AcDbCircle
 10
740.2038695813585
 20
601.4013140222567
 30
0.0
 40
2.049999999999999
  0
CIRCLE
  5
158
330
17
100
AcDbEntity
  8
CUT
  6
Continuous
 62
3
 48
25.4
100
AcDbCircle
 10
740.2038695813585
 20
621.4013140222567
 30
0.0
 40
2.049999999999999
  0
CIRCLE
  5
159
330
17
100
AcDbEntity
  8
CUT
  6
Continuous
 62
3
 48
25.4
100
AcDbCircle
 10
740.2038695813585
 20
641.4013140222567
 30
0.0
 40
2.049999999999999
  0
CIRCLE
  5
15A
330
17
100
AcDbEntity
  8
CUT
  6
Continuous
 62
3
 48
25.4
100
AcDbCircle
 10
740.2038695813585
 20
661.4013140222567
 30
0.0
 40
2.049999999999999
  0
CIRCLE
  5
15B
330
17
100
AcDbEntity
  8
CUT
  6
Continuous
 62
3
 48
25.4
100
AcDbCircle
 10
740.2038695813585
 20
681.4013140222567
 30
0.0
 40
2.049999999999999
  0
CIRCLE
  5
15C
330
17
100
AcDbEntity
  8
CUT
  6
Continuous
 62
3
 48
25.4
100
AcDbCircle
 10
740.2038695813585
 20
701.4013140222567
 30
0.0
 40
2.049999999999999
  0
CIRCLE
  5
15D
330
17
100
AcDbEntity
  8
CUT
  6
Continuous
 62
3
 48
25.4
100
AcDbCircle
 10
740.2038695813585
 20
721.4013140222567
 30
0.0
 40
2.049999999999999
  0
CIRCLE
  5
15E
330
17
100
AcDbEntity
  8
CUT
  6
Continuous
 62
3
 48
25.4
100
AcDbCircle
 10
740.2038695813585
 20
741.4013140222567
 30
0.0
 40
2.049999999999999
  0
CIRCLE
  5
15F
330
17
100
AcDbEntity
  8
CUT
  6
Continuous
 62
3
 48
25.4
100
AcDbCircle
 10
740.2038695813585
 20
761.4013140222567
 30
0.0
 40
2.049999999999999
  0
CIRCLE
  5
160
330
17
100
AcDbEntity
  8
CUT
  6
Continuous
 62
3
 48
25.4
100
AcDbCircle
 10
740.2038695813585
 20
781.4013140222567
 30
0.0
 40
2.049999999999999
  0
CIRCLE
  5
161
330
17
100
AcDbEntity
  8
CUT
  6
Continuous
 62
3
 48
25.4
100
AcDbCircle
 10
740.2038695813585
 20
801.4013140222567
 30
0.0
 40
2.049999999999999
  0
CIRCLE
  5
162
330
17
100
AcDbEntity
  8
CUT
  6
Continuous
 62
3
 48
25.4
100
AcDbCircle
 10
740.2038695813585
 20
821.4013140222567
 30
0.0
 40
2.049999999999999
  0
CIRCLE
  5
163
330
17
100
AcDbEntity
  8
CUT
  6
Continuous
 62
3
 48
25.4
100
AcDbCircle
 10
740.2038695813585
 20
841.4013140222567
 30
0.0
 40
2.049999999999999
  0
CIRCLE
  5
164
330
17
100
AcDbEntity
  8
CUT
  6
Continuous
 62
3
 48
25.4
100
AcDbCircle
 10
740.2038695813585
 20
861.4013140222567
 30
0.0
 40
2.049999999999999
  0
CIRCLE
  5
165
330
17
100
AcDbEntity
  8
CUT
  6
Continuous
 62
3
 48
25.4
100
AcDbCircle
 10
740.2038695813585
 20
881.4013140222567
 30
0.0
 40
2.049999999999999
  0
CIRCLE
  5
166
330
17
100
AcDbEntity
  8
CUT
  6
Continuous
 62
3
 48
25.4
100
AcDbCircle
 10
740.2038695813585
 20
901.4013140222567
 30
0.0
 40
2.049999999999999
  0
CIRCLE
  5
167
330
17
100
AcDbEntity
  8
CUT
  6
Continuous
 62
3
 48
25.4
100
AcDbCircle
 10
740.2038695813585
 20
921.4013140222567
 30
0.0
 40
2.049999999999999
  0
CIRCLE
  5
168
330
17
100
AcDbEntity
  8
CUT
  6
Continuous
 62
3
 48
25.4
100
AcDbCircle
 10
740.2038695813585
 20
941.4013140222567
 30
0.0
 40
2.049999999999999
  0
CIRCLE
  5
169
330
17
100
AcDbEntity
  8
CUT
  6
Continuous
 62
3
 48
25.4
100
AcDbCircle
 10
740.2038695813585
 20
961.4013140222567
 30
0.0
 40
2.049999999999999
  0
CIRCLE
  5
16A
330
17
100
AcDbEntity
  8
CUT
  6
Continuous
 62
3
 48
25.4
100
AcDbCircle
 10
740.2038695813585
 20
981.4013140222567
 30
0.0
 40
2.049999999999999
  0
CIRCLE
  5
16B
330
17
100
AcDbEntity
  8
CUT
  6
Continuous
 62
3
 48
25.4
100
AcDbCircle
 10
740.2038695813585
 20
1001.4013140222567
 30
0.0
 40
2.049999999999999
  0
CIRCLE
  5
16C
330
17
100
AcDbEntity
  8
CUT
  6
Continuous
 62
3
 48
25.4
100
AcDbCircle
 10
740.2038695813585
 20
1021.4013140222567
 30
0.0
 40
2.049999999999999
  0
CIRCLE
  5
16D
330
17
100
AcDbEntity
  8
CUT
  6
Continuous
 62
3
 48
25.4
100
AcDbCircle
 10
760.2038695813583
 20
1021.4013140222567
 30
0.0
 40
2.049999999999999
  0
CIRCLE
  5
16E
330
17
100
AcDbEntity
  8
CUT
  6
Continuous
 62
3
 48
25.4
100
AcDbCircle
 10
760.2038695813583
 20
1001.4013140222567
 30
0.0
 40
2.049999999999999
  0
CIRCLE
  5
16F
330
17
100
AcDbEntity
  8
CUT
  6
Continuous
 62
3
 48
25.4
100
AcDbCircle
 10
760.2038695813583
 20
981.4013140222567
 30
0.0
 40
2.049999999999999
  0
CIRCLE
  5
170
330
17
100
AcDbEntity
  8
CUT
  6
Continuous
 62
3
 48
25.4
100
AcDbCircle
 10
760.2038695813583
 20
961.4013140222567
 30
0.0
 40
2.049999999999999
  0
CIRCLE
  5
171
330
17
100
AcDbEntity
  8
CUT
  6
Continuous
 62
3
 48
25.4
100
AcDbCircle
 10
760.2038695813583
 20
941.4013140222567
 30
0.0
 40
2.049999999999999
  0
CIRCLE
  5
172
330
17
100
AcDbEntity
  8
CUT
  6
Continuous
 62
3
 48
25.4
100
AcDbCircle
 10
760.2038695813583
 20
921.4013140222567
 30
0.0
 40
2.049999999999999
  0
CIRCLE
  5
173
330
17
100
AcDbEntity
  8
CUT
  6
Continuous
 62
3
 48
25.4
100
AcDbCircle
 10
760.2038695813583
 20
901.4013140222567
 30
0.0
 40
2.049999999999999
  0
CIRCLE
  5
174
330
17
100
AcDbEntity
  8
CUT
  6
Continuous
 62
3
 48
25.4
100
AcDbCircle
 10
760.2038695813583
 20
881.4013140222567
 30
0.0
 40
2.049999999999999
  0
CIRCLE
  5
175
330
17
100
AcDbEntity
  8
CUT
  6
Continuous
 62
3
 48
25.4
100
AcDbCircle
 10
760.2038695813583
 20
861.4013140222567
 30
0.0
 40
2.049999999999999
  0
CIRCLE
  5
176
330
17
100
AcDbEntity
  8
CUT
  6
Continuous
 62
3
 48
25.4
100
AcDbCircle
 10
760.2038695813583
 20
841.4013140222567
 30
0.0
 40
2.049999999999999
  0
CIRCLE
  5
177
330
17
100
AcDbEntity
  8
CUT
  6
Continuous
 62
3
 48
25.4
100
AcDbCircle
 10
760.2038695813583
 20
821.4013140222567
 30
0.0
 40
2.049999999999999
  0
CIRCLE
  5
178
330
17
100
AcDbEntity
  8
CUT
  6
Continuous
 62
3
 48
25.4
100
AcDbCircle
 10
760.2038695813583
 20
801.4013140222567
 30
0.0
 40
2.049999999999999
  0
CIRCLE
  5
179
330
17
100
AcDbEntity
  8
CUT
  6
Continuous
 62
3
 48
25.4
100
AcDbCircle
 10
760.2038695813583
 20
761.4013140222567
 30
0.0
 40
2.049999999999999
  0
CIRCLE
  5
17A
330
17
100
AcDbEntity
  8
CUT
  6
Continuous
 62
3
 48
25.4
100
AcDbCircle
 10
760.2038695813583
 20
741.4013140222567
 30
0.0
 40
2.049999999999999
  0
CIRCLE
  5
17B
330
17
100
AcDbEntity
  8
CUT
  6
Continuous
 62
3
 48
25.4
100
AcDbCircle
 10
760.2038695813583
 20
721.4013140222567
 30
0.0
 40
2.049999999999999
  0
CIRCLE
  5
17C
330
17
100
AcDbEntity
  8
CUT
  6
Continuous
 62
3
 48
25.4
100
AcDbCircle
 10
760.2038695813583
 20
701.4013140222567
 30
0.0
 40
2.049999999999999
  0
CIRCLE
  5
17D
330
17
100
AcDbEntity
  8
CUT
  6
Continuous
 62
3
 48
25.4
100
AcDbCircle
 10
760.2038695813583
 20
681.4013140222567
 30
0.0
 40
2.049999999999999
  0
CIRCLE
  5
17E
330
17
100
AcDbEntity
  8
CUT
  6
Continuous
 62
3
 48
25.4
100
AcDbCircle
 10
760.2038695813583
 20
661.4013140222567
 30
0.0
 40
2.049999999999999
  0
CIRCLE
  5
17F
330
17
100
AcDbEntity
  8
CUT
  6
Continuous
 62
3
 48
25.4
100
AcDbCircle
 10
760.2038695813583
 20
641.4013140222567
 30
0.0
 40
2.049999999999999
  0
CIRCLE
  5
180
330
17
100
AcDbEntity
  8
CUT
  6
Continuous
 62
3
 48
25.4
100
AcDbCircle
 10
760.2038695813583
 20
621.4013140222567
 30
0.0
 40
2.049999999999999
  0
CIRCLE
  5
181
330
17
100
AcDbEntity
  8
CUT
  6
Continuous
 62
3
 48
25.4
100
AcDbCircle
 10
760.2038695813583
 20
601.4013140222567
 30
0.0
 40
2.049999999999999
  0
CIRCLE
  5
182
330
17
100
AcDbEntity
  8
CUT
  6
Continuous
 62
3
 48
25.4
100
AcDbCircle
 10
760.2038695813583
 20
581.4013140222567
 30
0.0
 40
2.049999999999999
  0
CIRCLE
  5
183
330
17
100
AcDbEntity
  8
CUT
  6
Continuous
 62
3
 48
25.4
100
AcDbCircle
 10
780.2038695813583
 20
581.4013140222567
 30
0.0
 40
2.049999999999999
  0
CIRCLE
  5
184
330
17
100
AcDbEntity
  8
CUT
  6
Continuous
 62
3
 48
25.4
100
AcDbCircle
 10
780.2038695813583
 20
601.4013140222567
 30
0.0
 40
2.049999999999999
  0
CIRCLE
  5
185
330
17
100
AcDbEntity
  8
CUT
  6
Continuous
 62
3
 48
25.4
100
AcDbCircle
 10
780.2038695813583
 20
621.4013140222567
 30
0.0
 40
2.049999999999999
  0
CIRCLE
  5
186
330
17
100
AcDbEntity
  8
CUT
  6
Continuous
 62
3
 48
25.4
100
AcDbCircle
 10
780.2038695813583
 20
641.4013140222567
 30
0.0
 40
2.049999999999999
  0
CIRCLE
  5
187
330
17
100
AcDbEntity
  8
CUT
  6
Continuous
 62
3
 48
25.4
100
AcDbCircle
 10
780.2038695813583
 20
661.4013140222567
 30
0.0
 40
2.049999999999999
  0
CIRCLE
  5
188
330
17
100
AcDbEntity
  8
CUT
  6
Continuous
 62
3
 48
25.4
100
AcDbCircle
 10
780.2038695813583
 20
681.4013140222567
 30
0.0
 40
2.049999999999999
  0
CIRCLE
  5
189
330
17
100
AcDbEntity
  8
CUT
  6
Continuous
 62
3
 48
25.4
100
AcDbCircle
 10
780.2038695813583
 20
701.4013140222567
 30
0.0
 40
2.049999999999999
  0
CIRCLE
  5
18A
330
17
100
AcDbEntity
  8
CUT
  6
Continuous
 62
3
 48
25.4
100
AcDbCircle
 10
780.2038695813583
 20
721.4013140222567
 30
0.0
 40
2.049999999999999
  0
CIRCLE
  5
18B
330
17
100
AcDbEntity
  8
CUT
  6
Continuous
 62
3
 48
25.4
100
AcDbCircle
 10
780.2038695813583
 20
741.4013140222567
 30
0.0
 40
2.049999999999999
  0
CIRCLE
  5
18C
330
17
100
AcDbEntity
  8
CUT
  6
Continuous
 62
3
 48
25.4
100
AcDbCircle
 10
780.2038695813583
 20
761.4013140222567
 30
0.0
 40
2.049999999999999
  0
CIRCLE
  5
18D
330
17
100
AcDbEntity
  8
CUT
  6
Continuous
 62
3
 48
25.4
100
AcDbCircle
 10
780.2038695813583
 20
781.4013140222567
 30
0.0
 40
2.049999999999999
  0
CIRCLE
  5
18E
330
17
100
AcDbEntity
  8
CUT
  6
Continuous
 62
3
 48
25.4
100
AcDbCircle
 10
760.2038695813583
 20
781.4013140222567
 30
0.0
 40
2.049999999999999
  0
CIRCLE
  5
18F
330
17
100
AcDbEntity
  8
CUT
  6
Continuous
 62
3
 48
25.4
100
AcDbCircle
 10
780.2038695813583
 20
801.4013140222567
 30
0.0
 40
2.049999999999999
  0
CIRCLE
  5
190
330
17
100
AcDbEntity
  8
CUT
  6
Continuous
 62
3
 48
25.4
100
AcDbCircle
 10
780.2038695813583
 20
821.4013140222567
 30
0.0
 40
2.049999999999999
  0
CIRCLE
  5
191
330
17
100
AcDbEntity
  8
CUT
  6
Continuous
 62
3
 48
25.4
100
AcDbCircle
 10
780.2038695813583
 20
841.4013140222567
 30
0.0
 40
2.049999999999999
  0
CIRCLE
  5
192
330
17
100
AcDbEntity
  8
CUT
  6
Continuous
 62
3
 48
25.4
100
AcDbCircle
 10
780.2038695813583
 20
861.4013140222567
 30
0.0
 40
2.049999999999999
  0
CIRCLE
  5
193
330
17
100
AcDbEntity
  8
CUT
  6
Continuous
 62
3
 48
25.4
100
AcDbCircle
 10
780.2038695813583
 20
881.4013140222567
 30
0.0
 40
2.049999999999999
  0
CIRCLE
  5
194
330
17
100
AcDbEntity
  8
CUT
  6
Continuous
 62
3
 48
25.4
100
AcDbCircle
 10
780.2038695813583
 20
901.4013140222567
 30
0.0
 40
2.049999999999999
  0
CIRCLE
  5
195
330
17
100
AcDbEntity
  8
CUT
  6
Continuous
 62
3
 48
25.4
100
AcDbCircle
 10
780.2038695813583
 20
921.4013140222567
 30
0.0
 40
2.049999999999999
  0
CIRCLE
  5
196
330
17
100
AcDbEntity
  8
CUT
  6
Continuous
 62
3
 48
25.4
100
AcDbCircle
 10
780.2038695813583
 20
941.4013140222567
 30
0.0
 40
2.049999999999999
  0
CIRCLE
  5
197
330
17
100
AcDbEntity
  8
CUT
  6
Continuous
 62
3
 48
25.4
100
AcDbCircle
 10
780.2038695813583
 20
961.4013140222567
 30
0.0
 40
2.049999999999999
  0
CIRCLE
  5
198
330
17
100
AcDbEntity
  8
CUT
  6
Continuous
 62
3
 48
25.4
100
AcDbCircle
 10
780.2038695813583
 20
981.4013140222567
 30
0.0
 40
2.049999999999999
  0
CIRCLE
  5
199
330
17
100
AcDbEntity
  8
CUT
  6
Continuous
 62
3
 48
25.4
100
AcDbCircle
 10
780.2038695813583
 20
1001.4013140222567
 30
0.0
 40
2.049999999999999
  0
CIRCLE
  5
19A
330
17
100
AcDbEntity
  8
CUT
  6
Continuous
 62
3
 48
25.4
100
AcDbCircle
 10
780.2038695813583
 20
1021.4013140222567
 30
0.0
 40
2.049999999999999
  0
CIRCLE
  5
19B
330
17
100
AcDbEntity
  8
CUT
  6
Continuous
 62
3
 48
25.4
100
AcDbCircle
 10
800.2038695813583
 20
1021.4013140222567
 30
0.0
 40
2.049999999999999
  0
CIRCLE
  5
19C
330
17
100
AcDbEntity
  8
CUT
  6
Continuous
 62
3
 48
25.4
100
AcDbCircle
 10
800.2038695813583
 20
1001.4013140222567
 30
0.0
 40
2.049999999999999
  0
CIRCLE
  5
19D
330
17
100
AcDbEntity
  8
CUT
  6
Continuous
 62
3
 48
25.4
100
AcDbCircle
 10
800.2038695813583
 20
981.4013140222567
 30
0.0
 40
2.049999999999999
  0
CIRCLE
  5
19E
330
17
100
AcDbEntity
  8
CUT
  6
Continuous
 62
3
 48
25.4
100
AcDbCircle
 10
800.2038695813583
 20
961.4013140222567
 30
0.0
 40
2.049999999999999
  0
CIRCLE
  5
19F
330
17
100
AcDbEntity
  8
CUT
  6
Continuous
 62
3
 48
25.4
100
AcDbCircle
 10
800.2038695813583
 20
941.4013140222567
 30
0.0
 40
2.049999999999999
  0
CIRCLE
  5
1A0
330
17
100
AcDbEntity
  8
CUT
  6
Continuous
 62
3
 48
25.4
100
AcDbCircle
 10
800.2038695813583
 20
921.4013140222567
 30
0.0
 40
2.049999999999999
  0
CIRCLE
  5
1A1
330
17
100
AcDbEntity
  8
CUT
  6
Continuous
 62
3
 48
25.4
100
AcDbCircle
 10
800.2038695813583
 20
901.4013140222567
 30
0.0
 40
2.049999999999999
  0
CIRCLE
  5
1A2
330
17
100
AcDbEntity
  8
CUT
  6
Continuous
 62
3
 48
25.4
100
AcDbCircle
 10
800.2038695813583
 20
881.4013140222567
 30
0.0
 40
2.049999999999999
  0
CIRCLE
  5
1A3
330
17
100
AcDbEntity
  8
CUT
  6
Continuous
 62
3
 48
25.4
100
AcDbCircle
 10
800.2038695813583
 20
861.4013140222567
 30
0.0
 40
2.049999999999999
  0
CIRCLE
  5
1A4
330
17
100
AcDbEntity
  8
CUT
  6
Continuous
 62
3
 48
25.4
100
AcDbCircle
 10
800.2038695813583
 20
841.4013140222567
 30
0.0
 40
2.049999999999999
  0
CIRCLE
  5
1A5
330
17
100
AcDbEntity
  8
CUT
  6
Continuous
 62
3
 48
25.4
100
AcDbCircle
 10
800.2038695813583
 20
821.4013140222567
 30
0.0
 40
2.049999999999999
  0
CIRCLE
  5
1A6
330
17
100
AcDbEntity
  8
CUT
  6
Continuous
 62
3
 48
25.4
100
AcDbCircle
 10
800.2038695813583
 20
801.4013140222567
 30
0.0
 40
2.049999999999999
  0
CIRCLE
  5
1A7
330
17
100
AcDbEntity
  8
CUT
  6
Continuous
 62
3
 48
25.4
100
AcDbCircle
 10
820.2038695813583
 20
801.4013140222567
 30
0.0
 40
2.049999999999999
  0
CIRCLE
  5
1A8
330
17
100
AcDbEntity
  8
CUT
  6
Continuous
 62
3
 48
25.4
100
AcDbCircle
 10
820.2038695813583
 20
821.4013140222567
 30
0.0
 40
2.049999999999999
  0
CIRCLE
  5
1A9
330
17
100
AcDbEntity
  8
CUT
  6
Continuous
 62
3
 48
25.4
100
AcDbCircle
 10
820.2038695813583
 20
841.4013140222567
 30
0.0
 40
2.049999999999999
  0
CIRCLE
  5
1AA
330
17
100
AcDbEntity
  8
CUT
  6
Continuous
 62
3
 48
25.4
100
AcDbCircle
 10
820.2038695813583
 20
861.4013140222567
 30
0.0
 40
2.049999999999999
  0
CIRCLE
  5
1AB
330
17
100
AcDbEntity
  8
CUT
  6
Continuous
 62
3
 48
25.4
100
AcDbCircle
 10
820.2038695813583
 20
881.4013140222567
 30
0.0
 40
2.049999999999999
  0
CIRCLE
  5
1AC
330
17
100
AcDbEntity
  8
CUT
  6
Continuous
 62
3
 48
25.4
100
AcDbCircle
 10
820.2038695813583
 20
901.4013140222567
 30
0.0
 40
2.049999999999999
  0
CIRCLE
  5
1AD
330
17
100
AcDbEntity
  8
CUT
  6
Continuous
 62
3
 48
25.4
100
AcDbCircle
 10
820.2038695813583
 20
921.4013140222567
 30
0.0
 40
2.049999999999999
  0
CIRCLE
  5
1AE
330
17
100
AcDbEntity
  8
CUT
  6
Continuous
 62
3
 48
25.4
100
AcDbCircle
 10
820.2038695813583
 20
941.4013140222567
 30
0.0
 40
2.049999999999999
  0
CIRCLE
  5
1AF
330
17
100
AcDbEntity
  8
CUT
  6
Continuous
 62
3
 48
25.4
100
AcDbCircle
 10
820.2038695813583
 20
961.4013140222567
 30
0.0
 40
2.049999999999999
  0
CIRCLE
  5
1B0
330
17
100
AcDbEntity
  8
CUT
  6
Continuous
 62
3
 48
25.4
100
AcDbCircle
 10
820.2038695813583
 20
981.4013140222567
 30
0.0
 40
2.049999999999999
  0
CIRCLE
  5
1B1
330
17
100
AcDbEntity
  8
CUT
  6
Continuous
 62
3
 48
25.4
100
AcDbCircle
 10
820.2038695813583
 20
1001.4013140222567
 30
0.0
 40
2.049999999999999
  0
CIRCLE
  5
1B2
330
17
100
AcDbEntity
  8
CUT
  6
Continuous
 62
3
 48
25.4
100
AcDbCircle
 10
820.2038695813583
 20
1021.4013140222567
 30
0.0
 40
2.049999999999999
  0
CIRCLE
  5
1B3
330
17
100
AcDbEntity
  8
CUT
  6
Continuous
 62
3
 48
25.4
100
AcDbCircle
 10
840.2038695813583
 20
1021.4013140222567
 30
0.0
 40
2.049999999999999
  0
CIRCLE
  5
1B4
330
17
100
AcDbEntity
  8
CUT
  6
Continuous
 62
3
 48
25.4
100
AcDbCircle
 10
840.2038695813583
 20
1001.4013140222567
 30
0.0
 40
2.049999999999999
  0
CIRCLE
  5
1B5
330
17
100
AcDbEntity
  8
CUT
  6
Continuous
 62
3
 48
25.4
100
AcDbCircle
 10
840.2038695813583
 20
981.4013140222567
 30
0.0
 40
2.049999999999999
  0
CIRCLE
  5
1B6
330
17
100
AcDbEntity
  8
CUT
  6
Continuous
 62
3
 48
25.4
100
AcDbCircle
 10
840.2038695813583
 20
961.4013140222567
 30
0.0
 40
2.049999999999999
  0
CIRCLE
  5
1B7
330
17
100
AcDbEntity
  8
CUT
  6
Continuous
 62
3
 48
25.4
100
AcDbCircle
 10
840.2038695813583
 20
941.4013140222567
 30
0.0
 40
2.049999999999999
  0
CIRCLE
  5
1B8
330
17
100
AcDbEntity
  8
CUT
  6
Continuous
 62
3
 48
25.4
100
AcDbCircle
 10
840.2038695813583
 20
921.4013140222567
 30
0.0
 40
2.049999999999999
  0
CIRCLE
  5
1B9
330
17
100
AcDbEntity
  8
CUT
  6
Continuous
 62
3
 48
25.4
100
AcDbCircle
 10
840.2038695813583
 20
901.4013140222567
 30
0.0
 40
2.049999999999999
  0
CIRCLE
  5
1BA
330
17
100
AcDbEntity
  8
CUT
  6
Continuous
 62
3
 48
25.4
100
AcDbCircle
 10
840.2038695813583
 20
881.4013140222567
 30
0.0
 40
2.049999999999999
  0
CIRCLE
  5
1BB
330
17
100
AcDbEntity
  8
CUT
  6
Continuous
 62
3
 48
25.4
100
AcDbCircle
 10
840.2038695813583
 20
861.4013140222567
 30
0.0
 40
2.049999999999999
  0
CIRCLE
  5
1BC
330
17
100
AcDbEntity
  8
CUT
  6
Continuous
 62
3
 48
25.4
100
AcDbCircle
 10
840.2038695813583
 20
841.4013140222567
 30
0.0
 40
2.049999999999999
  0
CIRCLE
  5
1BD
330
17
100
AcDbEntity
  8
CUT
  6
Continuous
 62
3
 48
25.4
100
AcDbCircle
 10
840.2038695813583
 20
821.4013140222567
 30
0.0
 40
2.049999999999999
  0
CIRCLE
  5
1BE
330
17
100
AcDbEntity
  8
CUT
  6
Continuous
 62
3
 48
25.4
100
AcDbCircle
 10
840.2038695813583
 20
801.4013140222567
 30
0.0
 40
2.049999999999999
  0
CIRCLE
  5
1BF
330
17
100
AcDbEntity
  8
CUT
  6
Continuous
 62
3
 48
25.4
100
AcDbCircle
 10
860.2038695813583
 20
801.4013140222567
 30
0.0
 40
2.049999999999999
  0
CIRCLE
  5
1C0
330
17
100
AcDbEntity
  8
CUT
  6
Continuous
 62
3
 48
25.4
100
AcDbCircle
 10
860.2038695813583
 20
821.4013140222567
 30
0.0
 40
2.049999999999999
  0
CIRCLE
  5
1C1
330
17
100
AcDbEntity
  8
CUT
  6
Continuous
 62
3
 48
25.4
100
AcDbCircle
 10
860.2038695813583
 20
841.4013140222567
 30
0.0
 40
2.049999999999999
  0
CIRCLE
  5
1C2
330
17
100
AcDbEntity
  8
CUT
  6
Continuous
 62
3
 48
25.4
100
AcDbCircle
 10
860.2038695813583
 20
861.4013140222567
 30
0.0
 40
2.049999999999999
  0
CIRCLE
  5
1C3
330
17
100
AcDbEntity
  8
CUT
  6
Continuous
 62
3
 48
25.4
100
AcDbCircle
 10
860.2038695813583
 20
901.4013140222567
 30
0.0
 40
2.049999999999999
  0
CIRCLE
  5
1C4
330
17
100
AcDbEntity
  8
CUT
  6
Continuous
 62
3
 48
25.4
100
AcDbCircle
 10
860.2038695813583
 20
921.4013140222567
 30
0.0
 40
2.049999999999999
  0
CIRCLE
  5
1C5
330
17
100
AcDbEntity
  8
CUT
  6
Continuous
 62
3
 48
25.4
100
AcDbCircle
 10
860.2038695813583
 20
941.4013140222567
 30
0.0
 40
2.049999999999999
  0
CIRCLE
  5
1C6
330
17
100
AcDbEntity
  8
CUT
  6
Continuous
 62
3
 48
25.4
100
AcDbCircle
 10
860.2038695813583
 20
961.4013140222567
 30
0.0
 40
2.049999999999999
  0
CIRCLE
  5
1C7
330
17
100
AcDbEntity
  8
CUT
  6
Continuous
 62
3
 48
25.4
100
AcDbCircle
 10
860.2038695813583
 20
981.4013140222567
 30
0.0
 40
2.049999999999999
  0
CIRCLE
  5
1C8
330
17
100
AcDbEntity
  8
CUT
  6
Continuous
 62
3
 48
25.4
100
AcDbCircle
 10
860.2038695813583
 20
1001.4013140222567
 30
0.0
 40
2.049999999999999
  0
CIRCLE
  5
1C9
330
17
100
AcDbEntity
  8
CUT
  6
Continuous
 62
3
 48
25.4
100
AcDbCircle
 10
860.2038695813583
 20
1021.4013140222567
 30
0.0
 40
2.049999999999999
  0
CIRCLE
  5
1CA
330
17
100
AcDbEntity
  8
CUT
  6
Continuous
 62
3
 48
25.4
100
AcDbCircle
 10
860.2038695813583
 20
881.4013140222567
 30
0.0
 40
2.049999999999999
  0
CIRCLE
  5
1CB
330
17
100
AcDbEntity
  8
CUT
  6
Continuous
 62
3
 48
25.4
100
AcDbCircle
 10
880.2038695813583
 20
801.4013140222567
 30
0.0
 40
2.049999999999999
  0
CIRCLE
  5
1CC
330
17
100
AcDbEntity
  8
CUT
  6
Continuous
 62
3
 48
25.4
100
AcDbCircle
 10
880.2038695813583
 20
821.4013140222567
 30
0.0
 40
2.049999999999999
  0
CIRCLE
  5
1CD
330
17
100
AcDbEntity
  8
CUT
  6
Continuous
 62
3
 48
25.4
100
AcDbCircle
 10
880.2038695813583
 20
841.4013140222567
 30
0.0
 40
2.049999999999999
  0
CIRCLE
  5
1CE
330
17
100
AcDbEntity
  8
CUT
  6
Continuous
 62
3
 48
25.4
100
AcDbCircle
 10
880.2038695813583
 20
861.4013140222567
 30
0.0
 40
2.049999999999999
  0
CIRCLE
  5
1CF
330
17
100
AcDbEntity
  8
CUT
  6
Continuous
 62
3
 48
25.4
100
AcDbCircle
 10
880.2038695813583
 20
881.4013140222567
 30
0.0
 40
2.049999999999999
  0
CIRCLE
  5
1D0
330
17
100
AcDbEntity
  8
CUT
  6
Continuous
 62
3
 48
25.4
100
AcDbCircle
 10
880.2038695813583
 20
901.4013140222567
 30
0.0
 40
2.049999999999999
  0
CIRCLE
  5
1D1
330
17
100
AcDbEntity
  8
CUT
  6
Continuous
 62
3
 48
25.4
100
AcDbCircle
 10
880.2038695813583
 20
921.4013140222567
 30
0.0
 40
2.049999999999999
  0
CIRCLE
  5
1D2
330
17
100
AcDbEntity
  8
CUT
  6
Continuous
 62
3
 48
25.4
100
AcDbCircle
 10
880.2038695813583
 20
941.4013140222567
 30
0.0
 40
2.049999999999999
  0
CIRCLE
  5
1D3
330
17
100
AcDbEntity
  8
CUT
  6
Continuous
 62
3
 48
25.4
100
AcDbCircle
 10
880.2038695813583
 20
961.4013140222567
 30
0.0
 40
2.049999999999999
  0
CIRCLE
  5
1D4
330
17
100
AcDbEntity
  8
CUT
  6
Continuous
 62
3
 48
25.4
100
AcDbCircle
 10
880.2038695813583
 20
981.4013140222567
 30
0.0
 40
2.049999999999999
  0
CIRCLE
  5
1D5
330
17
100
AcDbEntity
  8
CUT
  6
Continuous
 62
3
 48
25.4
100
AcDbCircle
 10
880.2038695813583
 20
1001.4013140222567
 30
0.0
 40
2.049999999999999
  0
CIRCLE
  5
1D6
330
17
100
AcDbEntity
  8
CUT
  6
Continuous
 62
3
 48
25.4
100
AcDbCircle
 10
880.2038695813583
 20
1021.4013140222567
 30
0.0
 40
2.049999999999999
  0
CIRCLE
  5
1D7
330
17
100
AcDbEntity
  8
CUT
  6
Continuous
 62
3
 48
25.4
100
AcDbCircle
 10
900.2038695813583
 20
1021.4013140222567
 30
0.0
 40
2.049999999999999
  0
CIRCLE
  5
1D8
330
17
100
AcDbEntity
  8
CUT
  6
Continuous
 62
3
 48
25.4
100
AcDbCircle
 10
900.2038695813583
 20
1001.4013140222567
 30
0.0
 40
2.049999999999999
  0
CIRCLE
  5
1D9
330
17
100
AcDbEntity
  8
CUT
  6
Continuous
 62
3
 48
25.4
100
AcDbCircle
 10
900.2038695813583
 20
981.4013140222567
 30
0.0
 40
2.049999999999999
  0
CIRCLE
  5
1DA
330
17
100
AcDbEntity
  8
CUT
  6
Continuous
 62
3
 48
25.4
100
AcDbCircle
 10
900.2038695813583
 20
941.4013140222567
 30
0.0
 40
2.049999999999999
  0
CIRCLE
  5
1DB
330
17
100
AcDbEntity
  8
CUT
  6
Continuous
 62
3
 48
25.4
100
AcDbCircle
 10
900.2038695813583
 20
921.4013140222567
 30
0.0
 40
2.049999999999999
  0
CIRCLE
  5
1DC
330
17
100
AcDbEntity
  8
CUT
  6
Continuous
 62
3
 48
25.4
100
AcDbCircle
 10
900.2038695813583
 20
901.4013140222567
 30
0.0
 40
2.049999999999999
  0
CIRCLE
  5
1DD
330
17
100
AcDbEntity
  8
CUT
  6
Continuous
 62
3
 48
25.4
100
AcDbCircle
 10
900.2038695813583
 20
881.4013140222567
 30
0.0
 40
2.049999999999999
  0
CIRCLE
  5
1DE
330
17
100
AcDbEntity
  8
CUT
  6
Continuous
 62
3
 48
25.4
100
AcDbCircle
 10
900.2038695813583
 20
861.4013140222567
 30
0.0
 40
2.049999999999999
  0
CIRCLE
  5
1DF
330
17
100
AcDbEntity
  8
CUT
  6
Continuous
 62
3
 48
25.4
100
AcDbCircle
 10
900.2038695813583
 20
841.4013140222567
 30
0.0
 40
2.049999999999999
  0
CIRCLE
  5
1E0
330
17
100
AcDbEntity
  8
CUT
  6
Continuous
 62
3
 48
25.4
100
AcDbCircle
 10
900.2038695813583
 20
821.4013140222567
 30
0.0
 40
2.049999999999999
  0
CIRCLE
  5
1E1
330
17
100
AcDbEntity
  8
CUT
  6
Continuous
 62
3
 48
25.4
100
AcDbCircle
 10
900.2038695813583
 20
801.4013140222567
 30
0.0
 40
2.049999999999999
  0
CIRCLE
  5
1E2
330
17
100
AcDbEntity
  8
CUT
  6
Continuous
 62
3
 48
25.4
100
AcDbCircle
 10
900.2038695813583
 20
961.4013140222567
 30
0.0
 40
2.049999999999999
  0
CIRCLE
  5
1E3
330
17
100
AcDbEntity
  8
CUT
  6
Continuous
 62
3
 48
25.4
100
AcDbCircle
 10
800.2038695813583
 20
581.4013140222567
 30
0.0
 40
2.049999999999999
  0
CIRCLE
  5
1E4
330
17
100
AcDbEntity
  8
CUT
  6
Continuous
 62
3
 48
25.4
100
AcDbCircle
 10
800.2038695813583
 20
601.4013140222567
 30
0.0
 40
2.049999999999999
  0
CIRCLE
  5
1E5
330
17
100
AcDbEntity
  8
CUT
  6
Continuous
 62
3
 48
25.4
100
AcDbCircle
 10
800.2038695813583
 20
621.4013140222567
 30
0.0
 40
2.049999999999999
  0
CIRCLE
  5
1E6
330
17
100
AcDbEntity
  8
CUT
  6
Continuous
 62
3
 48
25.4
100
AcDbCircle
 10
800.2038695813583
 20
641.4013140222567
 30
0.0
 40
2.049999999999999
  0
CIRCLE
  5
1E7
330
17
100
AcDbEntity
  8
CUT
  6
Continuous
 62
3
 48
25.4
100
AcDbCircle
 10
800.2038695813583
 20
661.4013140222567
 30
0.0
 40
2.049999999999999
  0
CIRCLE
  5
1E8
330
17
100
AcDbEntity
  8
CUT
  6
Continuous
 62
3
 48
25.4
100
AcDbCircle
 10
800.2038695813583
 20
681.4013140222567
 30
0.0
 40
2.049999999999999
  0
CIRCLE
  5
1E9
330
17
100
AcDbEntity
  8
CUT
  6
Continuous
 62
3
 48
25.4
100
AcDbCircle
 10
800.2038695813583
 20
701.4013140222567
 30
0.0
 40
2.049999999999999
  0
CIRCLE
  5
1EA
330
17
100
AcDbEntity
  8
CUT
  6
Continuous
 62
3
 48
25.4
100
AcDbCircle
 10
800.2038695813583
 20
721.4013140222567
 30
0.0
 40
2.049999999999999
  0
CIRCLE
  5
1EB
330
17
100
AcDbEntity
  8
CUT
  6
Continuous
 62
3
 48
25.4
100
AcDbCircle
 10
800.2038695813583
 20
741.4013140222567
 30
0.0
 40
2.049999999999999
  0
CIRCLE
  5
1EC
330
17
100
AcDbEntity
  8
CUT
  6
Continuous
 62
3
 48
25.4
100
AcDbCircle
 10
800.2038695813583
 20
761.4013140222567
 30
0.0
 40
2.049999999999999
  0
CIRCLE
  5
1ED
330
17
100
AcDbEntity
  8
CUT
  6
Continuous
 62
3
 48
25.4
100
AcDbCircle
 10
800.2038695813583
 20
781.4013140222567
 30
0.0
 40
2.049999999999999
  0
CIRCLE
  5
1EE
330
17
100
AcDbEntity
  8
CUT
  6
Continuous
 62
3
 48
25.4
100
AcDbCircle
 10
820.2038695813583
 20
781.4013140222567
 30
0.0
 40
2.049999999999999
  0
CIRCLE
  5
1EF
330
17
100
AcDbEntity
  8
CUT
  6
Continuous
 62
3
 48
25.4
100
AcDbCircle
 10
840.2038695813583
 20
781.4013140222567
 30
0.0
 40
2.049999999999999
  0
CIRCLE
  5
1F0
330
17
100
AcDbEntity
  8
CUT
  6
Continuous
 62
3
 48
25.4
100
AcDbCircle
 10
860.2038695813583
 20
781.4013140222567
 30
0.0
 40
2.049999999999999
  0
CIRCLE
  5
1F1
330
17
100
AcDbEntity
  8
CUT
  6
Continuous
 62
3
 48
25.4
100
AcDbCircle
 10
880.2038695813583
 20
781.4013140222567
 30
0.0
 40
2.049999999999999
  0
CIRCLE
  5
1F2
330
17
100
AcDbEntity
  8
CUT
  6
Continuous
 62
3
 48
25.4
100
AcDbCircle
 10
900.2038695813583
 20
781.4013140222567
 30
0.0
 40
2.049999999999999
  0
CIRCLE
  5
1F3
330
17
100
AcDbEntity
  8
CUT
  6
Continuous
 62
3
 48
25.4
100
AcDbCircle
 10
920.2038695813583
 20
781.4013140222567
 30
0.0
 40
2.049999999999999
  0
CIRCLE
  5
1F4
330
17
100
AcDbEntity
  8
CUT
  6
Continuous
 62
3
 48
25.4
100
AcDbCircle
 10
940.2038695813583
 20
781.4013140222567
 30
0.0
 40
2.049999999999999
  0
CIRCLE
  5
1F5
330
17
100
AcDbEntity
  8
CUT
  6
Continuous
 62
3
 48
25.4
100
AcDbCircle
 10
940.2038695813583
 20
761.4013140222567
 30
0.0
 40
2.049999999999999
  0
CIRCLE
  5
1F6
330
17
100
AcDbEntity
  8
CUT
  6
Continuous
 62
3
 48
25.4
100
AcDbCircle
 10
920.2038695813583
 20
761.4013140222567
 30
0.0
 40
2.049999999999999
  0
CIRCLE
  5
1F7
330
17
100
AcDbEntity
  8
CUT
  6
Continuous
 62
3
 48
25.4
100
AcDbCircle
 10
900.2038695813583
 20
761.4013140222567
 30
0.0
 40
2.049999999999999
  0
CIRCLE
  5
1F8
330
17
100
AcDbEntity
  8
CUT
  6
Continuous
 62
3
 48
25.4
100
AcDbCircle
 10
880.2038695813583
 20
761.4013140222567
 30
0.0
 40
2.049999999999999
  0
CIRCLE
  5
1F9
330
17
100
AcDbEntity
  8
CUT
  6
Continuous
 62
3
 48
25.4
100
AcDbCircle
 10
860.2038695813583
 20
761.4013140222567
 30
0.0
 40
2.049999999999999
  0
CIRCLE
  5
1FA
330
17
100
AcDbEntity
  8
CUT
  6
Continuous
 62
3
 48
25.4
100
AcDbCircle
 10
840.2038695813583
 20
761.4013140222567
 30
0.0
 40
2.049999999999999
  0
CIRCLE
  5
1FB
330
17
100
AcDbEntity
  8
CUT
  6
Continuous
 62
3
 48
25.4
100
AcDbCircle
 10
820.2038695813583
 20
761.4013140222567
 30
0.0
 40
2.049999999999999
  0
CIRCLE
  5
1FC
330
17
100
AcDbEntity
  8
CUT
  6
Continuous
 62
3
 48
25.4
100
AcDbCircle
 10
820.2038695813583
 20
741.4013140222567
 30
0.0
 40
2.049999999999999
  0
CIRCLE
  5
1FD
330
17
100
AcDbEntity
  8
CUT
  6
Continuous
 62
3
 48
25.4
100
AcDbCircle
 10
840.2038695813583
 20
741.4013140222567
 30
0.0
 40
2.049999999999999
  0
CIRCLE
  5
1FE
330
17
100
AcDbEntity
  8
CUT
  6
Continuous
 62
3
 48
25.4
100
AcDbCircle
 10
860.2038695813583
 20
741.4013140222567
 30
0.0
 40
2.049999999999999
  0
CIRCLE
  5
1FF
330
17
100
AcDbEntity
  8
CUT
  6
Continuous
 62
3
 48
25.4
100
AcDbCircle
 10
880.2038695813583
 20
741.4013140222567
 30
0.0
 40
2.049999999999999
  0
CIRCLE
  5
200
330
17
100
AcDbEntity
  8
CUT
  6
Continuous
 62
3
 48
25.4
100
AcDbCircle
 10
900.2038695813583
 20
741.4013140222567
 30
0.0
 40
2.049999999999999
  0
CIRCLE
  5
201
330
17
100
AcDbEntity
  8
CUT
  6
Continuous
 62
3
 48
25.4
100
AcDbCircle
 10
920.2038695813583
 20
741.4013140222567
 30
0.0
 40
2.049999999999999
  0
CIRCLE
  5
202
330
17
100
AcDbEntity
  8
CUT
  6
Continuous
 62
3
 48
25.4
100
AcDbCircle
 10
940.2038695813583
 20
741.4013140222567
 30
0.0
 40
2.049999999999999
  0
CIRCLE
  5
203
330
17
100
AcDbEntity
  8
CUT
  6
Continuous
 62
3
 48
25.4
100
AcDbCircle
 10
940.2038695813583
 20
721.4013140222567
 30
0.0
 40
2.049999999999999
  0
CIRCLE
  5
204
330
17
100
AcDbEntity
  8
CUT
  6
Continuous
 62
3
 48
25.4
100
AcDbCircle
 10
920.2038695813583
 20
721.4013140222567
 30
0.0
 40
2.049999999999999
  0
CIRCLE
  5
205
330
17
100
AcDbEntity
  8
CUT
  6
Continuous
 62
3
 48
25.4
100
AcDbCircle
 10
900.2038695813583
 20
721.4013140222567
 30
0.0
 40
2.049999999999999
  0
CIRCLE
  5
206
330
17
100
AcDbEntity
  8
CUT
  6
Continuous
 62
3
 48
25.4
100
AcDbCircle
 10
880.2038695813583
 20
721.4013140222567
 30
0.0
 40
2.049999999999999
  0
CIRCLE
  5
207
330
17
100
AcDbEntity
  8
CUT
  6
Continuous
 62
3
 48
25.4
100
AcDbCircle
 10
860.2038695813583
 20
721.4013140222567
 30
0.0
 40
2.049999999999999
  0
CIRCLE
  5
208
330
17
100
AcDbEntity
  8
CUT
  6
Continuous
 62
3
 48
25.4
100
AcDbCircle
 10
840.2038695813583
 20
721.4013140222567
 30
0.0
 40
2.049999999999999
  0
CIRCLE
  5
209
330
17
100
AcDbEntity
  8
CUT
  6
Continuous
 62
3
 48
25.4
100
AcDbCircle
 10
820.2038695813583
 20
721.4013140222567
 30
0.0
 40
2.049999999999999
  0
CIRCLE
  5
20A
330
17
100
AcDbEntity
  8
CUT
  6
Continuous
 62
3
 48
25.4
100
AcDbCircle
 10
820.2038695813583
 20
701.4013140222567
 30
0.0
 40
2.049999999999999
  0
CIRCLE
  5
20B
330
17
100
AcDbEntity
  8
CUT
  6
Continuous
 62
3
 48
25.4
100
AcDbCircle
 10
840.2038695813583
 20
701.4013140222567
 30
0.0
 40
2.049999999999999
  0
CIRCLE
  5
20C
330
17
100
AcDbEntity
  8
CUT
  6
Continuous
 62
3
 48
25.4
100
AcDbCircle
 10
860.2038695813583
 20
701.4013140222567
 30
0.0
 40
2.049999999999999
  0
CIRCLE
  5
20D
330
17
100
AcDbEntity
  8
CUT
  6
Continuous
 62
3
 48
25.4
100
AcDbCircle
 10
880.2038695813583
 20
701.4013140222567
 30
0.0
 40
2.049999999999999
  0
CIRCLE
  5
20E
330
17
100
AcDbEntity
  8
CUT
  6
Continuous
 62
3
 48
25.4
100
AcDbCircle
 10
900.2038695813583
 20
701.4013140222567
 30
0.0
 40
2.049999999999999
  0
CIRCLE
  5
20F
330
17
100
AcDbEntity
  8
CUT
  6
Continuous
 62
3
 48
25.4
100
AcDbCircle
 10
920.2038695813583
 20
701.4013140222567
 30
0.0
 40
2.049999999999999
  0
CIRCLE
  5
210
330
17
100
AcDbEntity
  8
CUT
  6
Continuous
 62
3
 48
25.4
100
AcDbCircle
 10
940.2038695813583
 20
701.4013140222567
 30
0.0
 40
2.049999999999999
  0
CIRCLE
  5
211
330
17
100
AcDbEntity
  8
CUT
  6
Continuous
 62
3
 48
25.4
100
AcDbCircle
 10
940.2038695813583
 20
681.4013140222567
 30
0.0
 40
2.049999999999999
  0
CIRCLE
  5
212
330
17
100
AcDbEntity
  8
CUT
  6
Continuous
 62
3
 48
25.4
100
AcDbCircle
 10
920.2038695813583
 20
681.4013140222567
 30
0.0
 40
2.049999999999999
  0
CIRCLE
  5
213
330
17
100
AcDbEntity
  8
CUT
  6
Continuous
 62
3
 48
25.4
100
AcDbCircle
 10
900.2038695813583
 20
681.4013140222567
 30
0.0
 40
2.049999999999999
  0
CIRCLE
  5
214
330
17
100
AcDbEntity
  8
CUT
  6
Continuous
 62
3
 48
25.4
100
AcDbCircle
 10
880.2038695813583
 20
681.4013140222567
 30
0.0
 40
2.049999999999999
  0
CIRCLE
  5
215
330
17
100
AcDbEntity
  8
CUT
  6
Continuous
 62
3
 48
25.4
100
AcDbCircle
 10
860.2038695813583
 20
681.4013140222567
 30
0.0
 40
2.049999999999999
  0
CIRCLE
  5
216
330
17
100
AcDbEntity
  8
CUT
  6
Continuous
 62
3
 48
25.4
100
AcDbCircle
 10
840.2038695813583
 20
681.4013140222567
 30
0.0
 40
2.049999999999999
  0
CIRCLE
  5
217
330
17
100
AcDbEntity
  8
CUT
  6
Continuous
 62
3
 48
25.4
100
AcDbCircle
 10
820.2038695813583
 20
681.4013140222567
 30
0.0
 40
2.049999999999999
  0
CIRCLE
  5
218
330
17
100
AcDbEntity
  8
CUT
  6
Continuous
 62
3
 48
25.4
100
AcDbCircle
 10
820.2038695813583
 20
661.4013140222567
 30
0.0
 40
2.049999999999999
  0
CIRCLE
  5
219
330
17
100
AcDbEntity
  8
CUT
  6
Continuous
 62
3
 48
25.4
100
AcDbCircle
 10
840.2038695813583
 20
661.4013140222567
 30
0.0
 40
2.049999999999999
  0
CIRCLE
  5
21A
330
17
100
AcDbEntity
  8
CUT
  6
Continuous
 62
3
 48
25.4
100
AcDbCircle
 10
860.2038695813583
 20
661.4013140222567
 30
0.0
 40
2.049999999999999
  0
CIRCLE
  5
21B
330
17
100
AcDbEntity
  8
CUT
  6
Continuous
 62
3
 48
25.4
100
AcDbCircle
 10
880.2038695813583
 20
661.4013140222567
 30
0.0
 40
2.049999999999999
  0
CIRCLE
  5
21C
330
17
100
AcDbEntity
  8
CUT
  6
Continuous
 62
3
 48
25.4
100
AcDbCircle
 10
900.2038695813583
 20
661.4013140222567
 30
0.0
 40
2.049999999999999
  0
CIRCLE
  5
21D
330
17
100
AcDbEntity
  8
CUT
  6
Continuous
 62
3
 48
25.4
100
AcDbCircle
 10
920.2038695813583
 20
661.4013140222567
 30
0.0
 40
2.049999999999999
  0
CIRCLE
  5
21E
330
17
100
AcDbEntity
  8
CUT
  6
Continuous
 62
3
 48
25.4
100
AcDbCircle
 10
940.2038695813583
 20
661.4013140222567
 30
0.0
 40
2.049999999999999
  0
CIRCLE
  5
21F
330
17
100
AcDbEntity
  8
CUT
  6
Continuous
 62
3
 48
25.4
100
AcDbCircle
 10
940.2038695813583
 20
641.4013140222567
 30
0.0
 40
2.049999999999999
  0
CIRCLE
  5
220
330
17
100
AcDbEntity
  8
CUT
  6
Continuous
 62
3
 48
25.4
100
AcDbCircle
 10
920.2038695813583
 20
641.4013140222567
 30
0.0
 40
2.049999999999999
  0
CIRCLE
  5
221
330
17
100
AcDbEntity
  8
CUT
  6
Continuous
 62
3
 48
25.4
100
AcDbCircle
 10
900.2038695813583
 20
641.4013140222567
 30
0.0
 40
2.049999999999999
  0
CIRCLE
  5
222
330
17
100
AcDbEntity
  8
CUT
  6
Continuous
 62
3
 48
25.4
100
AcDbCircle
 10
880.2038695813583
 20
641.4013140222567
 30
0.0
 40
2.049999999999999
  0
CIRCLE
  5
223
330
17
100
AcDbEntity
  8
CUT
  6
Continuous
 62
3
 48
25.4
100
AcDbCircle
 10
860.2038695813583
 20
641.4013140222567
 30
0.0
 40
2.049999999999999
  0
CIRCLE
  5
224
330
17
100
AcDbEntity
  8
CUT
  6
Continuous
 62
3
 48
25.4
100
AcDbCircle
 10
840.2038695813583
 20
641.4013140222567
 30
0.0
 40
2.049999999999999
  0
CIRCLE
  5
225
330
17
100
AcDbEntity
  8
CUT
  6
Continuous
 62
3
 48
25.4
100
AcDbCircle
 10
820.2038695813583
 20
641.4013140222567
 30
0.0
 40
2.049999999999999
  0
CIRCLE
  5
226
330
17
100
AcDbEntity
  8
CUT
  6
Continuous
 62
3
 48
25.4
100
AcDbCircle
 10
820.2038695813583
 20
621.4013140222567
 30
0.0
 40
2.049999999999999
  0
CIRCLE
  5
227
330
17
100
AcDbEntity
  8
CUT
  6
Continuous
 62
3
 48
25.4
100
AcDbCircle
 10
820.2038695813583
 20
601.4013140222567
 30
0.0
 40
2.049999999999999
  0
CIRCLE
  5
228
330
17
100
AcDbEntity
  8
CUT
  6
Continuous
 62
3
 48
25.4
100
AcDbCircle
 10
820.2038695813583
 20
581.4013140222567
 30
0.0
 40
2.049999999999999
  0
CIRCLE
  5
229
330
17
100
AcDbEntity
  8
CUT
  6
Continuous
 62
3
 48
25.4
100
AcDbCircle
 10
840.2038695813583
 20
581.4013140222567
 30
0.0
 40
2.049999999999999
  0
CIRCLE
  5
22A
330
17
100
AcDbEntity
  8
CUT
  6
Continuous
 62
3
 48
25.4
100
AcDbCircle
 10
840.2038695813583
 20
601.4013140222567
 30
0.0
 40
2.049999999999999
  0
CIRCLE
  5
22B
330
17
100
AcDbEntity
  8
CUT
  6
Continuous
 62
3
 48
25.4
100
AcDbCircle
 10
840.2038695813583
 20
621.4013140222567
 30
0.0
 40
2.049999999999999
  0
CIRCLE
  5
22C
330
17
100
AcDbEntity
  8
CUT
  6
Continuous
 62
3
 48
25.4
100
AcDbCircle
 10
860.2038695813583
 20
621.4013140222567
 30
0.0
 40
2.049999999999999
  0
CIRCLE
  5
22D
330
17
100
AcDbEntity
  8
CUT
  6
Continuous
 62
3
 48
25.4
100
AcDbCircle
 10
860.2038695813583
 20
601.4013140222567
 30
0.0
 40
2.049999999999999
  0
CIRCLE
  5
22E
330
17
100
AcDbEntity
  8
CUT
  6
Continuous
 62
3
 48
25.4
100
AcDbCircle
 10
860.2038695813583
 20
581.4013140222567
 30
0.0
 40
2.049999999999999
  0
CIRCLE
  5
22F
330
17
100
AcDbEntity
  8
CUT
  6
Continuous
 62
3
 48
25.4
100
AcDbCircle
 10
880.2038695813583
 20
581.4013140222567
 30
0.0
 40
2.049999999999999
  0
CIRCLE
  5
230
330
17
100
AcDbEntity
  8
CUT
  6
Continuous
 62
3
 48
25.4
100
AcDbCircle
 10
880.2038695813583
 20
601.4013140222567
 30
0.0
 40
2.049999999999999
  0
CIRCLE
  5
231
330
17
100
AcDbEntity
  8
CUT
  6
Continuous
 62
3
 48
25.4
100
AcDbCircle
 10
880.2038695813583
 20
621.4013140222567
 30
0.0
 40
2.049999999999999
  0
CIRCLE
  5
232
330
17
100
AcDbEntity
  8
CUT
  6
Continuous
 62
3
 48
25.4
100
AcDbCircle
 10
900.2038695813583
 20
621.4013140222567
 30
0.0
 40
2.049999999999999
  0
CIRCLE
  5
233
330
17
100
AcDbEntity
  8
CUT
  6
Continuous
 62
3
 48
25.4
100
AcDbCircle
 10
900.2038695813583
 20
601.4013140222567
 30
0.0
 40
2.049999999999999
  0
CIRCLE
  5
234
330
17
100
AcDbEntity
  8
CUT
  6
Continuous
 62
3
 48
25.4
100
AcDbCircle
 10
900.2038695813583
 20
581.4013140222567
 30
0.0
 40
2.049999999999999
  0
CIRCLE
  5
235
330
17
100
AcDbEntity
  8
CUT
  6
Continuous
 62
3
 48
25.4
100
AcDbCircle
 10
920.2038695813583
 20
581.4013140222567
 30
0.0
 40
2.049999999999999
  0
CIRCLE
  5
236
330
17
100
AcDbEntity
  8
CUT
  6
Continuous
 62
3
 48
25.4
100
AcDbCircle
 10
920.2038695813583
 20
601.4013140222567
 30
0.0
 40
2.049999999999999
  0
CIRCLE
  5
237
330
17
100
AcDbEntity
  8
CUT
  6
Continuous
 62
3
 48
25.4
100
AcDbCircle
 10
920.2038695813583
 20
621.4013140222567
 30
0.0
 40
2.049999999999999
  0
CIRCLE
  5
238
330
17
100
AcDbEntity
  8
CUT
  6
Continuous
 62
3
 48
25.4
100
AcDbCircle
 10
940.2038695813583
 20
621.4013140222567
 30
0.0
 40
2.049999999999999
  0
CIRCLE
  5
239
330
17
100
AcDbEntity
  8
CUT
  6
Continuous
 62
3
 48
25.4
100
AcDbCircle
 10
940.2038695813583
 20
601.4013140222567
 30
0.0
 40
2.049999999999999
  0
CIRCLE
  5
23A
330
17
100
AcDbEntity
  8
CUT
  6
Continuous
 62
3
 48
25.4
100
AcDbCircle
 10
940.2038695813583
 20
581.4013140222567
 30
0.0
 40
2.049999999999999
  0
CIRCLE
  5
23B
330
17
100
AcDbEntity
  8
CUT
  6
Continuous
 62
3
 48
25.4
100
AcDbCircle
 10
960.2038695813583
 20
581.4013140222567
 30
0.0
 40
2.049999999999999
  0
CIRCLE
  5
23C
330
17
100
AcDbEntity
  8
CUT
  6
Continuous
 62
3
 48
25.4
100
AcDbCircle
 10
960.2038695813583
 20
601.4013140222567
 30
0.0
 40
2.049999999999999
  0
CIRCLE
  5
23D
330
17
100
AcDbEntity
  8
CUT
  6
Continuous
 62
3
 48
25.4
100
AcDbCircle
 10
960.2038695813583
 20
621.4013140222567
 30
0.0
 40
2.049999999999999
  0
CIRCLE
  5
23E
330
17
100
AcDbEntity
  8
CUT
  6
Continuous
 62
3
 48
25.4
100
AcDbCircle
 10
960.2038695813583
 20
641.4013140222567
 30
0.0
 40
2.049999999999999
  0
CIRCLE
  5
23F
330
17
100
AcDbEntity
  8
CUT
  6
Continuous
 62
3
 48
25.4
100
AcDbCircle
 10
960.2038695813583
 20
661.4013140222567
 30
0.0
 40
2.049999999999999
  0
CIRCLE
  5
240
330
17
100
AcDbEntity
  8
CUT
  6
Continuous
 62
3
 48
25.4
100
AcDbCircle
 10
960.2038695813583
 20
681.4013140222567
 30
0.0
 40
2.049999999999999
  0
CIRCLE
  5
241
330
17
100
AcDbEntity
  8
CUT
  6
Continuous
 62
3
 48
25.4
100
AcDbCircle
 10
960.2038695813583
 20
701.4013140222567
 30
0.0
 40
2.049999999999999
  0
CIRCLE
  5
242
330
17
100
AcDbEntity
  8
CUT
  6
Continuous
 62
3
 48
25.4
100
AcDbCircle
 10
960.2038695813583
 20
721.4013140222567
 30
0.0
 40
2.049999999999999
  0
CIRCLE
  5
243
330
17
100
AcDbEntity
  8
CUT
  6
Continuous
 62
3
 48
25.4
100
AcDbCircle
 10
960.2038695813583
 20
741.4013140222567
 30
0.0
 40
2.049999999999999
  0
CIRCLE
  5
244
330
17
100
AcDbEntity
  8
CUT
  6
Continuous
 62
3
 48
25.4
100
AcDbCircle
 10
960.2038695813583
 20
761.4013140222567
 30
0.0
 40
2.049999999999999
  0
CIRCLE
  5
245
330
17
100
AcDbEntity
  8
CUT
  6
Continuous
 62
3
 48
25.4
100
AcDbCircle
 10
960.2038695813583
 20
781.4013140222567
 30
0.0
 40
2.049999999999999
  0
CIRCLE
  5
246
330
17
100
AcDbEntity
  8
CUT
  6
Continuous
 62
3
 48
25.4
100
AcDbCircle
 10
980.2038695813583
 20
781.4013140222567
 30
0.0
 40
2.049999999999999
  0
CIRCLE
  5
247
330
17
100
AcDbEntity
  8
CUT
  6
Continuous
 62
3
 48
25.4
100
AcDbCircle
 10
1000.2038695813583
 20
781.4013140222567
 30
0.0
 40
2.049999999999999
  0
CIRCLE
  5
248
330
17
100
AcDbEntity
  8
CUT
  6
Continuous
 62
3
 48
25.4
100
AcDbCircle
 10
1020.2038695813583
 20
781.4013140222567
 30
0.0
 40
2.049999999999999
  0
CIRCLE
  5
249
330
17
100
AcDbEntity
  8
CUT
  6
Continuous
 62
3
 48
25.4
100
AcDbCircle
 10
1040.2038695813583
 20
781.4013140222567
 30
0.0
 40
2.049999999999999
  0
CIRCLE
  5
24A
330
17
100
AcDbEntity
  8
CUT
  6
Continuous
 62
3
 48
25.4
100
AcDbCircle
 10
1060.2038695813583
 20
781.4013140222567
 30
0.0
 40
2.049999999999999
  0
CIRCLE
  5
24B
330
17
100
AcDbEntity
  8
CUT
  6
Continuous
 62
3
 48
25.4
100
AcDbCircle
 10
1080.2038695813583
 20
781.4013140222567
 30
0.0
 40
2.049999999999999
  0
CIRCLE
  5
24C
330
17
100
AcDbEntity
  8
CUT
  6
Continuous
 62
3
 48
25.4
100
AcDbCircle
 10
1100.2038695813583
 20
781.4013140222567
 30
0.0
 40
2.049999999999999
  0
CIRCLE
  5
24D
330
17
100
AcDbEntity
  8
CUT
  6
Continuous
 62
3
 48
25.4
100
AcDbCircle
 10
1100.2038695813583
 20
761.4013140222567
 30
0.0
 40
2.049999999999999
  0
CIRCLE
  5
24E
330
17
100
AcDbEntity
  8
CUT
  6
Continuous
 62
3
 48
25.4
100
AcDbCircle
 10
1080.2038695813583
 20
761.4013140222567
 30
0.0
 40
2.049999999999999
  0
CIRCLE
  5
24F
330
17
100
AcDbEntity
  8
CUT
  6
Continuous
 62
3
 48
25.4
100
AcDbCircle
 10
1060.2038695813583
 20
761.4013140222567
 30
0.0
 40
2.049999999999999
  0
CIRCLE
  5
250
330
17
100
AcDbEntity
  8
CUT
  6
Continuous
 62
3
 48
25.4
100
AcDbCircle
 10
1040.2038695813583
 20
761.4013140222567
 30
0.0
 40
2.049999999999999
  0
CIRCLE
  5
251
330
17
100
AcDbEntity
  8
CUT
  6
Continuous
 62
3
 48
25.4
100
AcDbCircle
 10
1020.2038695813583
 20
761.4013140222567
 30
0.0
 40
2.049999999999999
  0
CIRCLE
  5
252
330
17
100
AcDbEntity
  8
CUT
  6
Continuous
 62
3
 48
25.4
100
AcDbCircle
 10
1000.2038695813583
 20
761.4013140222567
 30
0.0
 40
2.049999999999999
  0
CIRCLE
  5
253
330
17
100
AcDbEntity
  8
CUT
  6
Continuous
 62
3
 48
25.4
100
AcDbCircle
 10
980.2038695813583
 20
761.4013140222567
 30
0.0
 40
2.049999999999999
  0
CIRCLE
  5
254
330
17
100
AcDbEntity
  8
CUT
  6
Continuous
 62
3
 48
25.4
100
AcDbCircle
 10
980.2038695813583
 20
741.4013140222567
 30
0.0
 40
2.049999999999999
  0
CIRCLE
  5
255
330
17
100
AcDbEntity
  8
CUT
  6
Continuous
 62
3
 48
25.4
100
AcDbCircle
 10
1000.2038695813583
 20
741.4013140222567
 30
0.0
 40
2.049999999999999
  0
CIRCLE
  5
256
330
17
100
AcDbEntity
  8
CUT
  6
Continuous
 62
3
 48
25.4
100
AcDbCircle
 10
1020.2038695813583
 20
741.4013140222567
 30
0.0
 40
2.049999999999999
  0
CIRCLE
  5
257
330
17
100
AcDbEntity
  8
CUT
  6
Continuous
 62
3
 48
25.4
100
AcDbCircle
 10
1040.2038695813583
 20
741.4013140222567
 30
0.0
 40
2.049999999999999
  0
CIRCLE
  5
258
330
17
100
AcDbEntity
  8
CUT
  6
Continuous
 62
3
 48
25.4
100
AcDbCircle
 10
1060.2038695813583
 20
741.4013140222567
 30
0.0
 40
2.049999999999999
  0
CIRCLE
  5
259
330
17
100
AcDbEntity
  8
CUT
  6
Continuous
 62
3
 48
25.4
100
AcDbCircle
 10
1100.2038695813583
 20
741.4013140222567
 30
0.0
 40
2.049999999999999
  0
CIRCLE
  5
25A
330
17
100
AcDbEntity
  8
CUT
  6
Continuous
 62
3
 48
25.4
100
AcDbCircle
 10
1100.2038695813583
 20
721.4013140222567
 30
0.0
 40
2.049999999999999
  0
CIRCLE
  5
25B
330
17
100
AcDbEntity
  8
CUT
  6
Continuous
 62
3
 48
25.4
100
AcDbCircle
 10
1080.2038695813583
 20
721.4013140222567
 30
0.0
 40
2.049999999999999
  0
CIRCLE
  5
25C
330
17
100
AcDbEntity
  8
CUT
  6
Continuous
 62
3
 48
25.4
100
AcDbCircle
 10
1060.2038695813583
 20
721.4013140222567
 30
0.0
 40
2.049999999999999
  0
CIRCLE
  5
25D
330
17
100
AcDbEntity
  8
CUT
  6
Continuous
 62
3
 48
25.4
100
AcDbCircle
 10
1040.2038695813583
 20
721.4013140222567
 30
0.0
 40
2.049999999999999
  0
CIRCLE
  5
25E
330
17
100
AcDbEntity
  8
CUT
  6
Continuous
 62
3
 48
25.4
100
AcDbCircle
 10
1020.2038695813583
 20
721.4013140222567
 30
0.0
 40
2.049999999999999
  0
CIRCLE
  5
25F
330
17
100
AcDbEntity
  8
CUT
  6
Continuous
 62
3
 48
25.4
100
AcDbCircle
 10
1000.2038695813583
 20
721.4013140222567
 30
0.0
 40
2.049999999999999
  0
CIRCLE
  5
260
330
17
100
AcDbEntity
  8
CUT
  6
Continuous
 62
3
 48
25.4
100
AcDbCircle
 10
980.2038695813583
 20
721.4013140222567
 30
0.0
 40
2.049999999999999
  0
CIRCLE
  5
261
330
17
100
AcDbEntity
  8
CUT
  6
Continuous
 62
3
 48
25.4
100
AcDbCircle
 10
1080.2038695813583
 20
741.4013140222567
 30
0.0
 40
2.049999999999999
  0
CIRCLE
  5
262
330
17
100
AcDbEntity
  8
CUT
  6
Continuous
 62
3
 48
25.4
100
AcDbCircle
 10
1100.2038695813583
 20
701.4013140222567
 30
0.0
 40
2.049999999999999
  0
CIRCLE
  5
263
330
17
100
AcDbEntity
  8
CUT
  6
Continuous
 62
3
 48
25.4
100
AcDbCircle
 10
1080.2038695813583
 20
701.4013140222567
 30
0.0
 40
2.049999999999999
  0
CIRCLE
  5
264
330
17
100
AcDbEntity
  8
CUT
  6
Continuous
 62
3
 48
25.4
100
AcDbCircle
 10
1060.2038695813583
 20
701.4013140222567
 30
0.0
 40
2.049999999999999
  0
CIRCLE
  5
265
330
17
100
AcDbEntity
  8
CUT
  6
Continuous
 62
3
 48
25.4
100
AcDbCircle
 10
1040.2038695813583
 20
701.4013140222567
 30
0.0
 40
2.049999999999999
  0
CIRCLE
  5
266
330
17
100
AcDbEntity
  8
CUT
  6
Continuous
 62
3
 48
25.4
100
AcDbCircle
 10
1020.2038695813583
 20
701.4013140222567
 30
0.0
 40
2.049999999999999
  0
CIRCLE
  5
267
330
17
100
AcDbEntity
  8
CUT
  6
Continuous
 62
3
 48
25.4
100
AcDbCircle
 10
1000.2038695813583
 20
701.4013140222567
 30
0.0
 40
2.049999999999999
  0
CIRCLE
  5
268
330
17
100
AcDbEntity
  8
CUT
  6
Continuous
 62
3
 48
25.4
100
AcDbCircle
 10
980.2038695813583
 20
701.4013140222567
 30
0.0
 40
2.049999999999999
  0
CIRCLE
  5
269
330
17
100
AcDbEntity
  8
CUT
  6
Continuous
 62
3
 48
25.4
100
AcDbCircle
 10
980.2038695813583
 20
681.4013140222567
 30
0.0
 40
2.049999999999999
  0
CIRCLE
  5
26A
330
17
100
AcDbEntity
  8
CUT
  6
Continuous
 62
3
 48
25.4
100
AcDbCircle
 10
980.2038695813583
 20
661.4013140222567
 30
0.0
 40
2.049999999999999
  0
CIRCLE
  5
26B
330
17
100
AcDbEntity
  8
CUT
  6
Continuous
 62
3
 48
25.4
100
AcDbCircle
 10
980.2038695813583
 20
641.4013140222567
 30
0.0
 40
2.049999999999999
  0
CIRCLE
  5
26C
330
17
100
AcDbEntity
  8
CUT
  6
Continuous
 62
3
 48
25.4
100
AcDbCircle
 10
980.2038695813583
 20
601.4013140222567
 30
0.0
 40
2.049999999999999
  0
CIRCLE
  5
26D
330
17
100
AcDbEntity
  8
CUT
  6
Continuous
 62
3
 48
25.4
100
AcDbCircle
 10
980.2038695813583
 20
581.4013140222567
 30
0.0
 40
2.049999999999999
  0
CIRCLE
  5
26E
330
17
100
AcDbEntity
  8
CUT
  6
Continuous
 62
3
 48
25.4
100
AcDbCircle
 10
1000.2038695813583
 20
581.4013140222567
 30
0.0
 40
2.049999999999999
  0
CIRCLE
  5
26F
330
17
100
AcDbEntity
  8
CUT
  6
Continuous
 62
3
 48
25.4
100
AcDbCircle
 10
1000.2038695813583
 20
601.4013140222567
 30
0.0
 40
2.049999999999999
  0
CIRCLE
  5
270
330
17
100
AcDbEntity
  8
CUT
  6
Continuous
 62
3
 48
25.4
100
AcDbCircle
 10
1000.2038695813583
 20
621.4013140222567
 30
0.0
 40
2.049999999999999
  0
CIRCLE
  5
271
330
17
100
AcDbEntity
  8
CUT
  6
Continuous
 62
3
 48
25.4
100
AcDbCircle
 10
1000.2038695813583
 20
641.4013140222567
 30
0.0
 40
2.049999999999999
  0
CIRCLE
  5
272
330
17
100
AcDbEntity
  8
CUT
  6
Continuous
 62
3
 48
25.4
100
AcDbCircle
 10
1000.2038695813583
 20
661.4013140222567
 30
0.0
 40
2.049999999999999
  0
CIRCLE
  5
273
330
17
100
AcDbEntity
  8
CUT
  6
Continuous
 62
3
 48
25.4
100
AcDbCircle
 10
1000.2038695813583
 20
681.4013140222567
 30
0.0
 40
2.049999999999999
  0
CIRCLE
  5
274
330
17
100
AcDbEntity
  8
CUT
  6
Continuous
 62
3
 48
25.4
100
AcDbCircle
 10
1020.2038695813583
 20
681.4013140222567
 30
0.0
 40
2.049999999999999
  0
CIRCLE
  5
275
330
17
100
AcDbEntity
  8
CUT
  6
Continuous
 62
3
 48
25.4
100
AcDbCircle
 10
1020.2038695813583
 20
661.4013140222567
 30
0.0
 40
2.049999999999999
  0
CIRCLE
  5
276
330
17
100
AcDbEntity
  8
CUT
  6
Continuous
 62
3
 48
25.4
100
AcDbCircle
 10
1020.2038695813583
 20
641.4013140222567
 30
0.0
 40
2.049999999999999
  0
CIRCLE
  5
277
330
17
100
AcDbEntity
  8
CUT
  6
Continuous
 62
3
 48
25.4
100
AcDbCircle
 10
1020.2038695813583
 20
621.4013140222567
 30
0.0
 40
2.049999999999999
  0
CIRCLE
  5
278
330
17
100
AcDbEntity
  8
CUT
  6
Continuous
 62
3
 48
25.4
100
AcDbCircle
 10
1020.2038695813583
 20
601.4013140222567
 30
0.0
 40
2.049999999999999
  0
CIRCLE
  5
279
330
17
100
AcDbEntity
  8
CUT
  6
Continuous
 62
3
 48
25.4
100
AcDbCircle
 10
1020.2038695813583
 20
581.4013140222567
 30
0.0
 40
2.049999999999999
  0
CIRCLE
  5
27A
330
17
100
AcDbEntity
  8
CUT
  6
Continuous
 62
3
 48
25.4
100
AcDbCircle
 10
1040.2038695813583
 20
581.4013140222567
 30
0.0
 40
2.049999999999999
  0
CIRCLE
  5
27B
330
17
100
AcDbEntity
  8
CUT
  6
Continuous
 62
3
 48
25.4
100
AcDbCircle
 10
1040.2038695813583
 20
601.4013140222567
 30
0.0
 40
2.049999999999999
  0
CIRCLE
  5
27C
330
17
100
AcDbEntity
  8
CUT
  6
Continuous
 62
3
 48
25.4
100
AcDbCircle
 10
1040.2038695813583
 20
621.4013140222567
 30
0.0
 40
2.049999999999999
  0
CIRCLE
  5
27D
330
17
100
AcDbEntity
  8
CUT
  6
Continuous
 62
3
 48
25.4
100
AcDbCircle
 10
1040.2038695813583
 20
641.4013140222567
 30
0.0
 40
2.049999999999999
  0
CIRCLE
  5
27E
330
17
100
AcDbEntity
  8
CUT
  6
Continuous
 62
3
 48
25.4
100
AcDbCircle
 10
1040.2038695813583
 20
661.4013140222567
 30
0.0
 40
2.049999999999999
  0
CIRCLE
  5
27F
330
17
100
AcDbEntity
  8
CUT
  6
Continuous
 62
3
 48
25.4
100
AcDbCircle
 10
1040.2038695813583
 20
681.4013140222567
 30
0.0
 40
2.049999999999999
  0
CIRCLE
  5
280
330
17
100
AcDbEntity
  8
CUT
  6
Continuous
 62
3
 48
25.4
100
AcDbCircle
 10
1060.2038695813583
 20
681.4013140222567
 30
0.0
 40
2.049999999999999
  0
CIRCLE
  5
281
330
17
100
AcDbEntity
  8
CUT
  6
Continuous
 62
3
 48
25.4
100
AcDbCircle
 10
1060.2038695813583
 20
661.4013140222567
 30
0.0
 40
2.049999999999999
  0
CIRCLE
  5
282
330
17
100
AcDbEntity
  8
CUT
  6
Continuous
 62
3
 48
25.4
100
AcDbCircle
 10
1060.2038695813583
 20
641.4013140222567
 30
0.0
 40
2.049999999999999
  0
CIRCLE
  5
283
330
17
100
AcDbEntity
  8
CUT
  6
Continuous
 62
3
 48
25.4
100
AcDbCircle
 10
1060.2038695813583
 20
621.4013140222567
 30
0.0
 40
2.049999999999999
  0
CIRCLE
  5
284
330
17
100
AcDbEntity
  8
CUT
  6
Continuous
 62
3
 48
25.4
100
AcDbCircle
 10
1060.2038695813583
 20
601.4013140222567
 30
0.0
 40
2.049999999999999
  0
CIRCLE
  5
285
330
17
100
AcDbEntity
  8
CUT
  6
Continuous
 62
3
 48
25.4
100
AcDbCircle
 10
1060.2038695813583
 20
581.4013140222567
 30
0.0
 40
2.049999999999999
  0
CIRCLE
  5
286
330
17
100
AcDbEntity
  8
CUT
  6
Continuous
 62
3
 48
25.4
100
AcDbCircle
 10
1080.2038695813583
 20
581.4013140222567
 30
0.0
 40
2.049999999999999
  0
CIRCLE
  5
287
330
17
100
AcDbEntity
  8
CUT
  6
Continuous
 62
3
 48
25.4
100
AcDbCircle
 10
1080.2038695813583
 20
601.4013140222567
 30
0.0
 40
2.049999999999999
  0
CIRCLE
  5
288
330
17
100
AcDbEntity
  8
CUT
  6
Continuous
 62
3
 48
25.4
100
AcDbCircle
 10
1080.2038695813583
 20
621.4013140222567
 30
0.0
 40
2.049999999999999
  0
CIRCLE
  5
289
330
17
100
AcDbEntity
  8
CUT
  6
Continuous
 62
3
 48
25.4
100
AcDbCircle
 10
1080.2038695813583
 20
641.4013140222567
 30
0.0
 40
2.049999999999999
  0
CIRCLE
  5
28A
330
17
100
AcDbEntity
  8
CUT
  6
Continuous
 62
3
 48
25.4
100
AcDbCircle
 10
1080.2038695813583
 20
661.4013140222567
 30
0.0
 40
2.049999999999999
  0
CIRCLE
  5
28B
330
17
100
AcDbEntity
  8
CUT
  6
Continuous
 62
3
 48
25.4
100
AcDbCircle
 10
1080.2038695813583
 20
681.4013140222567
 30
0.0
 40
2.049999999999999
  0
CIRCLE
  5
28C
330
17
100
AcDbEntity
  8
CUT
  6
Continuous
 62
3
 48
25.4
100
AcDbCircle
 10
1100.2038695813583
 20
681.4013140222567
 30
0.0
 40
2.049999999999999
  0
CIRCLE
  5
28D
330
17
100
AcDbEntity
  8
CUT
  6
Continuous
 62
3
 48
25.4
100
AcDbCircle
 10
1100.2038695813583
 20
661.4013140222567
 30
0.0
 40
2.049999999999999
  0
CIRCLE
  5
28E
330
17
100
AcDbEntity
  8
CUT
  6
Continuous
 62
3
 48
25.4
100
AcDbCircle
 10
1100.2038695813583
 20
641.4013140222567
 30
0.0
 40
2.049999999999999
  0
CIRCLE
  5
28F
330
17
100
AcDbEntity
  8
CUT
  6
Continuous
 62
3
 48
25.4
100
AcDbCircle
 10
1100.2038695813583
 20
621.4013140222567
 30
0.0
 40
2.049999999999999
  0
CIRCLE
  5
290
330
17
100
AcDbEntity
  8
CUT
  6
Continuous
 62
3
 48
25.4
100
AcDbCircle
 10
1100.2038695813583
 20
601.4013140222567
 30
0.0
 40
2.049999999999999
  0
CIRCLE
  5
291
330
17
100
AcDbEntity
  8
CUT
  6
Continuous
 62
3
 48
25.4
100
AcDbCircle
 10
1100.2038695813583
 20
581.4013140222567
 30
0.0
 40
2.049999999999999
  0
CIRCLE
  5
292
330
17
100
AcDbEntity
  8
CUT
  6
Continuous
 62
3
 48
25.4
100
AcDbCircle
 10
980.2038695813583
 20
621.4013140222567
 30
0.0
 40
2.049999999999999
  0
CIRCLE
  5
293
330
17
100
AcDbEntity
  8
CUT
  6
Continuous
 62
3
 48
25.4
100
AcDbCircle
 10
920.2038695813583
 20
821.4013140222567
 30
0.0
 40
2.049999999999999
  0
CIRCLE
  5
294
330
17
100
AcDbEntity
  8
CUT
  6
Continuous
 62
3
 48
25.4
100
AcDbCircle
 10
920.2038695813583
 20
841.4013140222567
 30
0.0
 40
2.049999999999999
  0
CIRCLE
  5
295
330
17
100
AcDbEntity
  8
CUT
  6
Continuous
 62
3
 48
25.4
100
AcDbCircle
 10
920.2038695813583
 20
861.4013140222567
 30
0.0
 40
2.049999999999999
  0
CIRCLE
  5
296
330
17
100
AcDbEntity
  8
CUT
  6
Continuous
 62
3
 48
25.4
100
AcDbCircle
 10
920.2038695813583
 20
881.4013140222567
 30
0.0
 40
2.049999999999999
  0
CIRCLE
  5
297
330
17
100
AcDbEntity
  8
CUT
  6
Continuous
 62
3
 48
25.4
100
AcDbCircle
 10
920.2038695813583
 20
901.4013140222567
 30
0.0
 40
2.049999999999999
  0
CIRCLE
  5
298
330
17
100
AcDbEntity
  8
CUT
  6
Continuous
 62
3
 48
25.4
100
AcDbCircle
 10
920.2038695813583
 20
921.4013140222567
 30
0.0
 40
2.049999999999999
  0
CIRCLE
  5
299
330
17
100
AcDbEntity
  8
CUT
  6
Continuous
 62
3
 48
25.4
100
AcDbCircle
 10
920.2038695813583
 20
941.4013140222567
 30
0.0
 40
2.049999999999999
  0
CIRCLE
  5
29A
330
17
100
AcDbEntity
  8
CUT
  6
Continuous
 62
3
 48
25.4
100
AcDbCircle
 10
920.2038695813583
 20
961.4013140222567
 30
0.0
 40
2.049999999999999
  0
CIRCLE
  5
29B
330
17
100
AcDbEntity
  8
CUT
  6
Continuous
 62
3
 48
25.4
100
AcDbCircle
 10
920.2038695813583
 20
981.4013140222567
 30
0.0
 40
2.049999999999999
  0
CIRCLE
  5
29C
330
17
100
AcDbEntity
  8
CUT
  6
Continuous
 62
3
 48
25.4
100
AcDbCircle
 10
920.2038695813583
 20
1001.4013140222567
 30
0.0
 40
2.049999999999999
  0
CIRCLE
  5
29D
330
17
100
AcDbEntity
  8
CUT
  6
Continuous
 62
3
 48
25.4
100
AcDbCircle
 10
920.2038695813583
 20
1021.4013140222567
 30
0.0
 40
2.049999999999999
  0
CIRCLE
  5
29E
330
17
100
AcDbEntity
  8
CUT
  6
Continuous
 62
3
 48
25.4
100
AcDbCircle
 10
940.2038695813583
 20
1021.4013140222567
 30
0.0
 40
2.049999999999999
  0
CIRCLE
  5
29F
330
17
100
AcDbEntity
  8
CUT
  6
Continuous
 62
3
 48
25.4
100
AcDbCircle
 10
960.2038695813583
 20
1021.4013140222567
 30
0.0
 40
2.049999999999999
  0
CIRCLE
  5
2A0
330
17
100
AcDbEntity
  8
CUT
  6
Continuous
 62
3
 48
25.4
100
AcDbCircle
 10
980.2038695813583
 20
1021.4013140222567
 30
0.0
 40
2.049999999999999
  0
CIRCLE
  5
2A1
330
17
100
AcDbEntity
  8
CUT
  6
Continuous
 62
3
 48
25.4
100
AcDbCircle
 10
1000.2038695813583
 20
1021.4013140222567
 30
0.0
 40
2.049999999999999
  0
CIRCLE
  5
2A2
330
17
100
AcDbEntity
  8
CUT
  6
Continuous
 62
3
 48
25.4
100
AcDbCircle
 10
1020.2038695813583
 20
1021.4013140222567
 30
0.0
 40
2.049999999999999
  0
CIRCLE
  5
2A3
330
17
100
AcDbEntity
  8
CUT
  6
Continuous
 62
3
 48
25.4
100
AcDbCircle
 10
1040.2038695813583
 20
1021.4013140222567
 30
0.0
 40
2.049999999999999
  0
CIRCLE
  5
2A4
330
17
100
AcDbEntity
  8
CUT
  6
Continuous
 62
3
 48
25.4
100
AcDbCircle
 10
1060.2038695813583
 20
1021.4013140222567
 30
0.0
 40
2.049999999999999
  0
CIRCLE
  5
2A5
330
17
100
AcDbEntity
  8
CUT
  6
Continuous
 62
3
 48
25.4
100
AcDbCircle
 10
1080.2038695813583
 20
1021.4013140222567
 30
0.0
 40
2.049999999999999
  0
CIRCLE
  5
2A6
330
17
100
AcDbEntity
  8
CUT
  6
Continuous
 62
3
 48
25.4
100
AcDbCircle
 10
1100.2038695813583
 20
1021.4013140222567
 30
0.0
 40
2.049999999999999
  0
CIRCLE
  5
2A7
330
17
100
AcDbEntity
  8
CUT
  6
Continuous
 62
3
 48
25.4
100
AcDbCircle
 10
1100.2038695813583
 20
1001.4013140222567
 30
0.0
 40
2.049999999999999
  0
CIRCLE
  5
2A8
330
17
100
AcDbEntity
  8
CUT
  6
Continuous
 62
3
 48
25.4
100
AcDbCircle
 10
1080.2038695813583
 20
1001.4013140222567
 30
0.0
 40
2.049999999999999
  0
CIRCLE
  5
2A9
330
17
100
AcDbEntity
  8
CUT
  6
Continuous
 62
3
 48
25.4
100
AcDbCircle
 10
1060.2038695813583
 20
1001.4013140222567
 30
0.0
 40
2.049999999999999
  0
CIRCLE
  5
2AA
330
17
100
AcDbEntity
  8
CUT
  6
Continuous
 62
3
 48
25.4
100
AcDbCircle
 10
1020.2038695813583
 20
1001.4013140222567
 30
0.0
 40
2.049999999999999
  0
CIRCLE
  5
2AB
330
17
100
AcDbEntity
  8
CUT
  6
Continuous
 62
3
 48
25.4
100
AcDbCircle
 10
1000.2038695813583
 20
1001.4013140222567
 30
0.0
 40
2.049999999999999
  0
CIRCLE
  5
2AC
330
17
100
AcDbEntity
  8
CUT
  6
Continuous
 62
3
 48
25.4
100
AcDbCircle
 10
980.2038695813583
 20
1001.4013140222567
 30
0.0
 40
2.049999999999999
  0
CIRCLE
  5
2AD
330
17
100
AcDbEntity
  8
CUT
  6
Continuous
 62
3
 48
25.4
100
AcDbCircle
 10
960.2038695813583
 20
1001.4013140222567
 30
0.0
 40
2.049999999999999
  0
CIRCLE
  5
2AE
330
17
100
AcDbEntity
  8
CUT
  6
Continuous
 62
3
 48
25.4
100
AcDbCircle
 10
940.2038695813583
 20
1001.4013140222567
 30
0.0
 40
2.049999999999999
  0
CIRCLE
  5
2AF
330
17
100
AcDbEntity
  8
CUT
  6
Continuous
 62
3
 48
25.4
100
AcDbCircle
 10
940.2038695813583
 20
981.4013140222567
 30
0.0
 40
2.049999999999999
  0
CIRCLE
  5
2B0
330
17
100
AcDbEntity
  8
CUT
  6
Continuous
 62
3
 48
25.4
100
AcDbCircle
 10
940.2038695813583
 20
961.4013140222567
 30
0.0
 40
2.049999999999999
  0
CIRCLE
  5
2B1
330
17
100
AcDbEntity
  8
CUT
  6
Continuous
 62
3
 48
25.4
100
AcDbCircle
 10
940.2038695813583
 20
941.4013140222567
 30
0.0
 40
2.049999999999999
  0
CIRCLE
  5
2B2
330
17
100
AcDbEntity
  8
CUT
  6
Continuous
 62
3
 48
25.4
100
AcDbCircle
 10
940.2038695813583
 20
921.4013140222567
 30
0.0
 40
2.049999999999999
  0
CIRCLE
  5
2B3
330
17
100
AcDbEntity
  8
CUT
  6
Continuous
 62
3
 48
25.4
100
AcDbCircle
 10
940.2038695813583
 20
901.4013140222567
 30
0.0
 40
2.049999999999999
  0
CIRCLE
  5
2B4
330
17
100
AcDbEntity
  8
CUT
  6
Continuous
 62
3
 48
25.4
100
AcDbCircle
 10
940.2038695813583
 20
881.4013140222567
 30
0.0
 40
2.049999999999999
  0
CIRCLE
  5
2B5
330
17
100
AcDbEntity
  8
CUT
  6
Continuous
 62
3
 48
25.4
100
AcDbCircle
 10
940.2038695813583
 20
861.4013140222567
 30
0.0
 40
2.049999999999999
  0
CIRCLE
  5
2B6
330
17
100
AcDbEntity
  8
CUT
  6
Continuous
 62
3
 48
25.4
100
AcDbCircle
 10
940.2038695813583
 20
841.4013140222567
 30
0.0
 40
2.049999999999999
  0
CIRCLE
  5
2B7
330
17
100
AcDbEntity
  8
CUT
  6
Continuous
 62
3
 48
25.4
100
AcDbCircle
 10
940.2038695813583
 20
821.4013140222567
 30
0.0
 40
2.049999999999999
  0
CIRCLE
  5
2B8
330
17
100
AcDbEntity
  8
CUT
  6
Continuous
 62
3
 48
25.4
100
AcDbCircle
 10
960.2038695813583
 20
821.4013140222567
 30
0.0
 40
2.049999999999999
  0
CIRCLE
  5
2B9
330
17
100
AcDbEntity
  8
CUT
  6
Continuous
 62
3
 48
25.4
100
AcDbCircle
 10
960.2038695813583
 20
841.4013140222567
 30
0.0
 40
2.049999999999999
  0
CIRCLE
  5
2BA
330
17
100
AcDbEntity
  8
CUT
  6
Continuous
 62
3
 48
25.4
100
AcDbCircle
 10
960.2038695813583
 20
861.4013140222567
 30
0.0
 40
2.049999999999999
  0
CIRCLE
  5
2BB
330
17
100
AcDbEntity
  8
CUT
  6
Continuous
 62
3
 48
25.4
100
AcDbCircle
 10
960.2038695813583
 20
881.4013140222567
 30
0.0
 40
2.049999999999999
  0
CIRCLE
  5
2BC
330
17
100
AcDbEntity
  8
CUT
  6
Continuous
 62
3
 48
25.4
100
AcDbCircle
 10
960.2038695813583
 20
901.4013140222567
 30
0.0
 40
2.049999999999999
  0
CIRCLE
  5
2BD
330
17
100
AcDbEntity
  8
CUT
  6
Continuous
 62
3
 48
25.4
100
AcDbCircle
 10
960.2038695813583
 20
941.4013140222567
 30
0.0
 40
2.049999999999999
  0
CIRCLE
  5
2BE
330
17
100
AcDbEntity
  8
CUT
  6
Continuous
 62
3
 48
25.4
100
AcDbCircle
 10
960.2038695813583
 20
961.4013140222567
 30
0.0
 40
2.049999999999999
  0
CIRCLE
  5
2BF
330
17
100
AcDbEntity
  8
CUT
  6
Continuous
 62
3
 48
25.4
100
AcDbCircle
 10
960.2038695813583
 20
981.4013140222567
 30
0.0
 40
2.049999999999999
  0
CIRCLE
  5
2C0
330
17
100
AcDbEntity
  8
CUT
  6
Continuous
 62
3
 48
25.4
100
AcDbCircle
 10
1040.2038695813583
 20
1001.4013140222567
 30
0.0
 40
2.049999999999999
  0
CIRCLE
  5
2C1
330
17
100
AcDbEntity
  8
CUT
  6
Continuous
 62
3
 48
25.4
100
AcDbCircle
 10
960.2038695813583
 20
921.4013140222567
 30
0.0
 40
2.049999999999999
  0
CIRCLE
  5
2C2
330
17
100
AcDbEntity
  8
CUT
  6
Continuous
 62
3
 48
25.4
100
AcDbCircle
 10
980.2038695813583
 20
861.4013140222567
 30
0.0
 40
2.049999999999999
  0
CIRCLE
  5
2C3
330
17
100
AcDbEntity
  8
CUT
  6
Continuous
 62
3
 48
25.4
100
AcDbCircle
 10
980.2038695813583
 20
881.4013140222567
 30
0.0
 40
2.049999999999999
  0
CIRCLE
  5
2C4
330
17
100
AcDbEntity
  8
CUT
  6
Continuous
 62
3
 48
25.4
100
AcDbCircle
 10
980.2038695813583
 20
901.4013140222567
 30
0.0
 40
2.049999999999999
  0
CIRCLE
  5
2C5
330
17
100
AcDbEntity
  8
CUT
  6
Continuous
 62
3
 48
25.4
100
AcDbCircle
 10
980.2038695813583
 20
921.4013140222567
 30
0.0
 40
2.049999999999999
  0
CIRCLE
  5
2C6
330
17
100
AcDbEntity
  8
CUT
  6
Continuous
 62
3
 48
25.4
100
AcDbCircle
 10
980.2038695813583
 20
941.4013140222567
 30
0.0
 40
2.049999999999999
  0
CIRCLE
  5
2C7
330
17
100
AcDbEntity
  8
CUT
  6
Continuous
 62
3
 48
25.4
100
AcDbCircle
 10
980.2038695813583
 20
961.4013140222567
 30
0.0
 40
2.049999999999999
  0
CIRCLE
  5
2C8
330
17
100
AcDbEntity
  8
CUT
  6
Continuous
 62
3
 48
25.4
100
AcDbCircle
 10
980.2038695813583
 20
981.4013140222567
 30
0.0
 40
2.049999999999999
  0
CIRCLE
  5
2C9
330
17
100
AcDbEntity
  8
CUT
  6
Continuous
 62
3
 48
25.4
100
AcDbCircle
 10
1000.2038695813583
 20
981.4013140222567
 30
0.0
 40
2.049999999999999
  0
CIRCLE
  5
2CA
330
17
100
AcDbEntity
  8
CUT
  6
Continuous
 62
3
 48
25.4
100
AcDbCircle
 10
1000.2038695813583
 20
961.4013140222567
 30
0.0
 40
2.049999999999999
  0
CIRCLE
  5
2CB
330
17
100
AcDbEntity
  8
CUT
  6
Continuous
 62
3
 48
25.4
100
AcDbCircle
 10
1000.2038695813583
 20
941.4013140222567
 30
0.0
 40
2.049999999999999
  0
CIRCLE
  5
2CC
330
17
100
AcDbEntity
  8
CUT
  6
Continuous
 62
3
 48
25.4
100
AcDbCircle
 10
1000.2038695813583
 20
921.4013140222567
 30
0.0
 40
2.049999999999999
  0
CIRCLE
  5
2CD
330
17
100
AcDbEntity
  8
CUT
  6
Continuous
 62
3
 48
25.4
100
AcDbCircle
 10
1000.2038695813583
 20
901.4013140222567
 30
0.0
 40
2.049999999999999
  0
CIRCLE
  5
2CE
330
17
100
AcDbEntity
  8
CUT
  6
Continuous
 62
3
 48
25.4
100
AcDbCircle
 10
1000.2038695813583
 20
881.4013140222567
 30
0.0
 40
2.049999999999999
  0
CIRCLE
  5
2CF
330
17
100
AcDbEntity
  8
CUT
  6
Continuous
 62
3
 48
25.4
100
AcDbCircle
 10
1000.2038695813583
 20
861.4013140222567
 30
0.0
 40
2.049999999999999
  0
CIRCLE
  5
2D0
330
17
100
AcDbEntity
  8
CUT
  6
Continuous
 62
3
 48
25.4
100
AcDbCircle
 10
1000.2038695813583
 20
841.4013140222567
 30
0.0
 40
2.049999999999999
  0
CIRCLE
  5
2D1
330
17
100
AcDbEntity
  8
CUT
  6
Continuous
 62
3
 48
25.4
100
AcDbCircle
 10
1000.2038695813583
 20
821.4013140222567
 30
0.0
 40
2.049999999999999
  0
CIRCLE
  5
2D2
330
17
100
AcDbEntity
  8
CUT
  6
Continuous
 62
3
 48
25.4
100
AcDbCircle
 10
1020.2038695813583
 20
821.4013140222567
 30
0.0
 40
2.049999999999999
  0
CIRCLE
  5
2D3
330
17
100
AcDbEntity
  8
CUT
  6
Continuous
 62
3
 48
25.4
100
AcDbCircle
 10
1020.2038695813583
 20
841.4013140222567
 30
0.0
 40
2.049999999999999
  0
CIRCLE
  5
2D4
330
17
100
AcDbEntity
  8
CUT
  6
Continuous
 62
3
 48
25.4
100
AcDbCircle
 10
1020.2038695813583
 20
861.4013140222567
 30
0.0
 40
2.049999999999999
  0
CIRCLE
  5
2D5
330
17
100
AcDbEntity
  8
CUT
  6
Continuous
 62
3
 48
25.4
100
AcDbCircle
 10
1020.2038695813583
 20
881.4013140222567
 30
0.0
 40
2.049999999999999
  0
CIRCLE
  5
2D6
330
17
100
AcDbEntity
  8
CUT
  6
Continuous
 62
3
 48
25.4
100
AcDbCircle
 10
1020.2038695813583
 20
901.4013140222567
 30
0.0
 40
2.049999999999999
  0
CIRCLE
  5
2D7
330
17
100
AcDbEntity
  8
CUT
  6
Continuous
 62
3
 48
25.4
100
AcDbCircle
 10
1020.2038695813583
 20
921.4013140222567
 30
0.0
 40
2.049999999999999
  0
CIRCLE
  5
2D8
330
17
100
AcDbEntity
  8
CUT
  6
Continuous
 62
3
 48
25.4
100
AcDbCircle
 10
1020.2038695813583
 20
941.4013140222567
 30
0.0
 40
2.049999999999999
  0
CIRCLE
  5
2D9
330
17
100
AcDbEntity
  8
CUT
  6
Continuous
 62
3
 48
25.4
100
AcDbCircle
 10
1020.2038695813583
 20
961.4013140222567
 30
0.0
 40
2.049999999999999
  0
CIRCLE
  5
2DA
330
17
100
AcDbEntity
  8
CUT
  6
Continuous
 62
3
 48
25.4
100
AcDbCircle
 10
1020.2038695813583
 20
981.4013140222567
 30
0.0
 40
2.049999999999999
  0
CIRCLE
  5
2DB
330
17
100
AcDbEntity
  8
CUT
  6
Continuous
 62
3
 48
25.4
100
AcDbCircle
 10
1040.2038695813583
 20
981.4013140222567
 30
0.0
 40
2.049999999999999
  0
CIRCLE
  5
2DC
330
17
100
AcDbEntity
  8
CUT
  6
Continuous
 62
3
 48
25.4
100
AcDbCircle
 10
1040.2038695813583
 20
961.4013140222567
 30
0.0
 40
2.049999999999999
  0
CIRCLE
  5
2DD
330
17
100
AcDbEntity
  8
CUT
  6
Continuous
 62
3
 48
25.4
100
AcDbCircle
 10
1040.2038695813583
 20
941.4013140222567
 30
0.0
 40
2.049999999999999
  0
CIRCLE
  5
2DE
330
17
100
AcDbEntity
  8
CUT
  6
Continuous
 62
3
 48
25.4
100
AcDbCircle
 10
1040.2038695813583
 20
921.4013140222567
 30
0.0
 40
2.049999999999999
  0
CIRCLE
  5
2DF
330
17
100
AcDbEntity
  8
CUT
  6
Continuous
 62
3
 48
25.4
100
AcDbCircle
 10
1040.2038695813583
 20
901.4013140222567
 30
0.0
 40
2.049999999999999
  0
CIRCLE
  5
2E0
330
17
100
AcDbEntity
  8
CUT
  6
Continuous
 62
3
 48
25.4
100
AcDbCircle
 10
1040.2038695813583
 20
881.4013140222567
 30
0.0
 40
2.049999999999999
  0
CIRCLE
  5
2E1
330
17
100
AcDbEntity
  8
CUT
  6
Continuous
 62
3
 48
25.4
100
AcDbCircle
 10
1040.2038695813583
 20
861.4013140222567
 30
0.0
 40
2.049999999999999
  0
CIRCLE
  5
2E2
330
17
100
AcDbEntity
  8
CUT
  6
Continuous
 62
3
 48
25.4
100
AcDbCircle
 10
1040.2038695813583
 20
841.4013140222567
 30
0.0
 40
2.049999999999999
  0
CIRCLE
  5
2E3
330
17
100
AcDbEntity
  8
CUT
  6
Continuous
 62
3
 48
25.4
100
AcDbCircle
 10
1040.2038695813583
 20
821.4013140222567
 30
0.0
 40
2.049999999999999
  0
CIRCLE
  5
2E4
330
17
100
AcDbEntity
  8
CUT
  6
Continuous
 62
3
 48
25.4
100
AcDbCircle
 10
1060.2038695813583
 20
821.4013140222567
 30
0.0
 40
2.049999999999999
  0
CIRCLE
  5
2E5
330
17
100
AcDbEntity
  8
CUT
  6
Continuous
 62
3
 48
25.4
100
AcDbCircle
 10
1060.2038695813583
 20
841.4013140222567
 30
0.0
 40
2.049999999999999
  0
CIRCLE
  5
2E6
330
17
100
AcDbEntity
  8
CUT
  6
Continuous
 62
3
 48
25.4
100
AcDbCircle
 10
1060.2038695813583
 20
861.4013140222567
 30
0.0
 40
2.049999999999999
  0
CIRCLE
  5
2E7
330
17
100
AcDbEntity
  8
CUT
  6
Continuous
 62
3
 48
25.4
100
AcDbCircle
 10
1060.2038695813583
 20
881.4013140222567
 30
0.0
 40
2.049999999999999
  0
CIRCLE
  5
2E8
330
17
100
AcDbEntity
  8
CUT
  6
Continuous
 62
3
 48
25.4
100
AcDbCircle
 10
1060.2038695813583
 20
901.4013140222567
 30
0.0
 40
2.049999999999999
  0
CIRCLE
  5
2E9
330
17
100
AcDbEntity
  8
CUT
  6
Continuous
 62
3
 48
25.4
100
AcDbCircle
 10
1060.2038695813583
 20
921.4013140222567
 30
0.0
 40
2.049999999999999
  0
CIRCLE
  5
2EA
330
17
100
AcDbEntity
  8
CUT
  6
Continuous
 62
3
 48
25.4
100
AcDbCircle
 10
1060.2038695813583
 20
941.4013140222567
 30
0.0
 40
2.049999999999999
  0
CIRCLE
  5
2EB
330
17
100
AcDbEntity
  8
CUT
  6
Continuous
 62
3
 48
25.4
100
AcDbCircle
 10
1060.2038695813583
 20
961.4013140222567
 30
0.0
 40
2.049999999999999
  0
CIRCLE
  5
2EC
330
17
100
AcDbEntity
  8
CUT
  6
Continuous
 62
3
 48
25.4
100
AcDbCircle
 10
1060.2038695813583
 20
981.4013140222567
 30
0.0
 40
2.049999999999999
  0
CIRCLE
  5
2ED
330
17
100
AcDbEntity
  8
CUT
  6
Continuous
 62
3
 48
25.4
100
AcDbCircle
 10
1080.2038695813583
 20
981.4013140222567
 30
0.0
 40
2.049999999999999
  0
CIRCLE
  5
2EE
330
17
100
AcDbEntity
  8
CUT
  6
Continuous
 62
3
 48
25.4
100
AcDbCircle
 10
1080.2038695813583
 20
961.4013140222567
 30
0.0
 40
2.049999999999999
  0
CIRCLE
  5
2EF
330
17
100
AcDbEntity
  8
CUT
  6
Continuous
 62
3
 48
25.4
100
AcDbCircle
 10
1080.2038695813583
 20
941.4013140222567
 30
0.0
 40
2.049999999999999
  0
CIRCLE
  5
2F0
330
17
100
AcDbEntity
  8
CUT
  6
Continuous
 62
3
 48
25.4
100
AcDbCircle
 10
1080.2038695813583
 20
921.4013140222567
 30
0.0
 40
2.049999999999999
  0
CIRCLE
  5
2F1
330
17
100
AcDbEntity
  8
CUT
  6
Continuous
 62
3
 48
25.4
100
AcDbCircle
 10
1080.2038695813583
 20
901.4013140222567
 30
0.0
 40
2.049999999999999
  0
CIRCLE
  5
2F2
330
17
100
AcDbEntity
  8
CUT
  6
Continuous
 62
3
 48
25.4
100
AcDbCircle
 10
1080.2038695813583
 20
881.4013140222567
 30
0.0
 40
2.049999999999999
  0
CIRCLE
  5
2F3
330
17
100
AcDbEntity
  8
CUT
  6
Continuous
 62
3
 48
25.4
100
AcDbCircle
 10
1080.2038695813583
 20
861.4013140222567
 30
0.0
 40
2.049999999999999
  0
CIRCLE
  5
2F4
330
17
100
AcDbEntity
  8
CUT
  6
Continuous
 62
3
 48
25.4
100
AcDbCircle
 10
1080.2038695813583
 20
841.4013140222567
 30
0.0
 40
2.049999999999999
  0
CIRCLE
  5
2F5
330
17
100
AcDbEntity
  8
CUT
  6
Continuous
 62
3
 48
25.4
100
AcDbCircle
 10
1080.2038695813583
 20
821.4013140222567
 30
0.0
 40
2.049999999999999
  0
CIRCLE
  5
2F6
330
17
100
AcDbEntity
  8
CUT
  6
Continuous
 62
3
 48
25.4
100
AcDbCircle
 10
1100.2038695813583
 20
821.4013140222567
 30
0.0
 40
2.049999999999999
  0
CIRCLE
  5
2F7
330
17
100
AcDbEntity
  8
CUT
  6
Continuous
 62
3
 48
25.4
100
AcDbCircle
 10
1100.2038695813583
 20
841.4013140222567
 30
0.0
 40
2.049999999999999
  0
CIRCLE
  5
2F8
330
17
100
AcDbEntity
  8
CUT
  6
Continuous
 62
3
 48
25.4
100
AcDbCircle
 10
1100.2038695813583
 20
881.4013140222567
 30
0.0
 40
2.049999999999999
  0
CIRCLE
  5
2F9
330
17
100
AcDbEntity
  8
CUT
  6
Continuous
 62
3
 48
25.4
100
AcDbCircle
 10
1100.2038695813583
 20
901.4013140222567
 30
0.0
 40
2.049999999999999
  0
CIRCLE
  5
2FA
330
17
100
AcDbEntity
  8
CUT
  6
Continuous
 62
3
 48
25.4
100
AcDbCircle
 10
1100.2038695813583
 20
921.4013140222567
 30
0.0
 40
2.049999999999999
  0
CIRCLE
  5
2FB
330
17
100
AcDbEntity
  8
CUT
  6
Continuous
 62
3
 48
25.4
100
AcDbCircle
 10
1100.2038695813583
 20
941.4013140222567
 30
0.0
 40
2.049999999999999
  0
CIRCLE
  5
2FC
330
17
100
AcDbEntity
  8
CUT
  6
Continuous
 62
3
 48
25.4
100
AcDbCircle
 10
1100.2038695813583
 20
961.4013140222567
 30
0.0
 40
2.049999999999999
  0
CIRCLE
  5
2FD
330
17
100
AcDbEntity
  8
CUT
  6
Continuous
 62
3
 48
25.4
100
AcDbCircle
 10
1100.2038695813583
 20
981.4013140222567
 30
0.0
 40
2.049999999999999
  0
CIRCLE
  5
2FE
330
17
100
AcDbEntity
  8
CUT
  6
Continuous
 62
3
 48
25.4
100
AcDbCircle
 10
980.2038695813583
 20
821.4013140222567
 30
0.0
 40
2.049999999999999
  0
CIRCLE
  5
2FF
330
17
100
AcDbEntity
  8
CUT
  6
Continuous
 62
3
 48
25.4
100
AcDbCircle
 10
980.2038695813583
 20
841.4013140222567
 30
0.0
 40
2.049999999999999
  0
CIRCLE
  5
300
330
17
100
AcDbEntity
  8
CUT
  6
Continuous
 62
3
 48
25.4
100
AcDbCircle
 10
1100.2038695813583
 20
861.4013140222567
 30
0.0
 40
2.049999999999999
  0
CIRCLE
  5
301
330
17
100
AcDbEntity
  8
CUT
  6
Continuous
 62
3
 48
25.4
100
AcDbCircle
 10
920.2038695813583
 20
801.4013140222567
 30
0.0
 40
2.049999999999999
  0
CIRCLE
  5
302
330
17
100
AcDbEntity
  8
CUT
  6
Continuous
 62
3
 48
25.4
100
AcDbCircle
 10
940.2038695813583
 20
801.4013140222567
 30
0.0
 40
2.049999999999999
  0
CIRCLE
  5
303
330
17
100
AcDbEntity
  8
CUT
  6
Continuous
 62
3
 48
25.4
100
AcDbCircle
 10
960.2038695813583
 20
801.4013140222567
 30
0.0
 40
2.049999999999999
  0
CIRCLE
  5
304
330
17
100
AcDbEntity
  8
CUT
  6
Continuous
 62
3
 48
25.4
100
AcDbCircle
 10
980.2038695813583
 20
801.4013140222567
 30
0.0
 40
2.049999999999999
  0
CIRCLE
  5
305
330
17
100
AcDbEntity
  8
CUT
  6
Continuous
 62
3
 48
25.4
100
AcDbCircle
 10
1000.2038695813583
 20
801.4013140222567
 30
0.0
 40
2.049999999999999
  0
CIRCLE
  5
306
330
17
100
AcDbEntity
  8
CUT
  6
Continuous
 62
3
 48
25.4
100
AcDbCircle
 10
1020.2038695813583
 20
801.4013140222567
 30
0.0
 40
2.049999999999999
  0
CIRCLE
  5
307
330
17
100
AcDbEntity
  8
CUT
  6
Continuous
 62
3
 48
25.4
100
AcDbCircle
 10
1040.2038695813583
 20
801.4013140222567
 30
0.0
 40
2.049999999999999
  0
CIRCLE
  5
308
330
17
100
AcDbEntity
  8
CUT
  6
Continuous
 62
3
 48
25.4
100
AcDbCircle
 10
1060.2038695813583
 20
801.4013140222567
 30
0.0
 40
2.049999999999999
  0
CIRCLE
  5
309
330
17
100
AcDbEntity
  8
CUT
  6
Continuous
 62
3
 48
25.4
100
AcDbCircle
 10
1080.2038695813583
 20
801.4013140222567
 30
0.0
 40
2.049999999999999
  0
CIRCLE
  5
30A
330
17
100
AcDbEntity
  8
CUT
  6
Continuous
 62
3
 48
25.4
100
AcDbCircle
 10
1100.2038695813583
 20
801.4013140222567
 30
0.0
 40
2.049999999999999
  0
CIRCLE
  5
30B
330
17
100
AcDbEntity
  8
CUT
  6
Continuous
 62
3
 48
25.4
100
AcDbCircle
 10
1120.2038695813583
 20
601.4013140222567
 30
0.0
 40
2.049999999999999
  0
CIRCLE
  5
30C
330
17
100
AcDbEntity
  8
CUT
  6
Continuous
 62
3
 48
25.4
100
AcDbCircle
 10
1120.2038695813583
 20
621.4013140222567
 30
0.0
 40
2.049999999999999
  0
CIRCLE
  5
30D
330
17
100
AcDbEntity
  8
CUT
  6
Continuous
 62
3
 48
25.4
100
AcDbCircle
 10
1120.2038695813583
 20
641.4013140222567
 30
0.0
 40
2.049999999999999
  0
CIRCLE
  5
30E
330
17
100
AcDbEntity
  8
CUT
  6
Continuous
 62
3
 48
25.4
100
AcDbCircle
 10
1120.2038695813583
 20
661.4013140222567
 30
0.0
 40
2.049999999999999
  0
CIRCLE
  5
30F
330
17
100
AcDbEntity
  8
CUT
  6
Continuous
 62
3
 48
25.4
100
AcDbCircle
 10
1120.2038695813583
 20
681.4013140222567
 30
0.0
 40
2.049999999999999
  0
CIRCLE
  5
310
330
17
100
AcDbEntity
  8
CUT
  6
Continuous
 62
3
 48
25.4
100
AcDbCircle
 10
1120.2038695813583
 20
701.4013140222567
 30
0.0
 40
2.049999999999999
  0
CIRCLE
  5
311
330
17
100
AcDbEntity
  8
CUT
  6
Continuous
 62
3
 48
25.4
100
AcDbCircle
 10
1120.2038695813583
 20
721.4013140222567
 30
0.0
 40
2.049999999999999
  0
CIRCLE
  5
312
330
17
100
AcDbEntity
  8
CUT
  6
Continuous
 62
3
 48
25.4
100
AcDbCircle
 10
1120.2038695813583
 20
741.4013140222567
 30
0.0
 40
2.049999999999999
  0
CIRCLE
  5
313
330
17
100
AcDbEntity
  8
CUT
  6
Continuous
 62
3
 48
25.4
100
AcDbCircle
 10
1120.2038695813583
 20
761.4013140222567
 30
0.0
 40
2.049999999999999
  0
CIRCLE
  5
314
330
17
100
AcDbEntity
  8
CUT
  6
Continuous
 62
3
 48
25.4
100
AcDbCircle
 10
1120.2038695813583
 20
781.4013140222567
 30
0.0
 40
2.049999999999999
  0
CIRCLE
  5
315
330
17
100
AcDbEntity
  8
CUT
  6
Continuous
 62
3
 48
25.4
100
AcDbCircle
 10
1140.2038695813583
 20
781.4013140222567
 30
0.0
 40
2.049999999999999
  0
CIRCLE
  5
316
330
17
100
AcDbEntity
  8
CUT
  6
Continuous
 62
3
 48
25.4
100
AcDbCircle
 10
1140.2038695813583
 20
761.4013140222567
 30
0.0
 40
2.049999999999999
  0
CIRCLE
  5
317
330
17
100
AcDbEntity
  8
CUT
  6
Continuous
 62
3
 48
25.4
100
AcDbCircle
 10
1140.2038695813583
 20
741.4013140222567
 30
0.0
 40
2.049999999999999
  0
CIRCLE
  5
318
330
17
100
AcDbEntity
  8
CUT
  6
Continuous
 62
3
 48
25.4
100
AcDbCircle
 10
1140.2038695813583
 20
721.4013140222567
 30
0.0
 40
2.049999999999999
  0
CIRCLE
  5
319
330
17
100
AcDbEntity
  8
CUT
  6
Continuous
 62
3
 48
25.4
100
AcDbCircle
 10
1140.2038695813583
 20
701.4013140222567
 30
0.0
 40
2.049999999999999
  0
CIRCLE
  5
31A
330
17
100
AcDbEntity
  8
CUT
  6
Continuous
 62
3
 48
25.4
100
AcDbCircle
 10
1140.2038695813583
 20
681.4013140222567
 30
0.0
 40
2.049999999999999
  0
CIRCLE
  5
31B
330
17
100
AcDbEntity
  8
CUT
  6
Continuous
 62
3
 48
25.4
100
AcDbCircle
 10
1140.2038695813583
 20
661.4013140222567
 30
0.0
 40
2.049999999999999
  0
CIRCLE
  5
31C
330
17
100
AcDbEntity
  8
CUT
  6
Continuous
 62
3
 48
25.4
100
AcDbCircle
 10
1140.2038695813583
 20
641.4013140222567
 30
0.0
 40
2.049999999999999
  0
CIRCLE
  5
31D
330
17
100
AcDbEntity
  8
CUT
  6
Continuous
 62
3
 48
25.4
100
AcDbCircle
 10
1140.2038695813583
 20
621.4013140222567
 30
0.0
 40
2.049999999999999
  0
CIRCLE
  5
31E
330
17
100
AcDbEntity
  8
CUT
  6
Continuous
 62
3
 48
25.4
100
AcDbCircle
 10
1140.2038695813583
 20
601.4013140222567
 30
0.0
 40
2.049999999999999
  0
CIRCLE
  5
31F
330
17
100
AcDbEntity
  8
CUT
  6
Continuous
 62
3
 48
25.4
100
AcDbCircle
 10
1140.2038695813583
 20
581.4013140222567
 30
0.0
 40
2.049999999999999
  0
CIRCLE
  5
320
330
17
100
AcDbEntity
  8
CUT
  6
Continuous
 62
3
 48
25.4
100
AcDbCircle
 10
1160.2038695813583
 20
581.4013140222567
 30
0.0
 40
2.049999999999999
  0
CIRCLE
  5
321
330
17
100
AcDbEntity
  8
CUT
  6
Continuous
 62
3
 48
25.4
100
AcDbCircle
 10
1180.2038695813583
 20
581.4013140222567
 30
0.0
 40
2.049999999999999
  0
CIRCLE
  5
322
330
17
100
AcDbEntity
  8
CUT
  6
Continuous
 62
3
 48
25.4
100
AcDbCircle
 10
1200.2038695813583
 20
581.4013140222567
 30
0.0
 40
2.049999999999999
  0
CIRCLE
  5
323
330
17
100
AcDbEntity
  8
CUT
  6
Continuous
 62
3
 48
25.4
100
AcDbCircle
 10
1200.2038695813583
 20
601.4013140222567
 30
0.0
 40
2.049999999999999
  0
CIRCLE
  5
324
330
17
100
AcDbEntity
  8
CUT
  6
Continuous
 62
3
 48
25.4
100
AcDbCircle
 10
1180.2038695813583
 20
601.4013140222567
 30
0.0
 40
2.049999999999999
  0
CIRCLE
  5
325
330
17
100
AcDbEntity
  8
CUT
  6
Continuous
 62
3
 48
25.4
100
AcDbCircle
 10
1160.2038695813583
 20
601.4013140222567
 30
0.0
 40
2.049999999999999
  0
CIRCLE
  5
326
330
17
100
AcDbEntity
  8
CUT
  6
Continuous
 62
3
 48
25.4
100
AcDbCircle
 10
1160.2038695813583
 20
621.4013140222567
 30
0.0
 40
2.049999999999999
  0
CIRCLE
  5
327
330
17
100
AcDbEntity
  8
CUT
  6
Continuous
 62
3
 48
25.4
100
AcDbCircle
 10
1180.2038695813583
 20
621.4013140222567
 30
0.0
 40
2.049999999999999
  0
CIRCLE
  5
328
330
17
100
AcDbEntity
  8
CUT
  6
Continuous
 62
3
 48
25.4
100
AcDbCircle
 10
1200.2038695813583
 20
621.4013140222567
 30
0.0
 40
2.049999999999999
  0
CIRCLE
  5
329
330
17
100
AcDbEntity
  8
CUT
  6
Continuous
 62
3
 48
25.4
100
AcDbCircle
 10
1200.2038695813583
 20
641.4013140222567
 30
0.0
 40
2.049999999999999
  0
CIRCLE
  5
32A
330
17
100
AcDbEntity
  8
CUT
  6
Continuous
 62
3
 48
25.4
100
AcDbCircle
 10
1180.2038695813583
 20
641.4013140222567
 30
0.0
 40
2.049999999999999
  0
CIRCLE
  5
32B
330
17
100
AcDbEntity
  8
CUT
  6
Continuous
 62
3
 48
25.4
100
AcDbCircle
 10
1160.2038695813583
 20
641.4013140222567
 30
0.0
 40
2.049999999999999
  0
CIRCLE
  5
32C
330
17
100
AcDbEntity
  8
CUT
  6
Continuous
 62
3
 48
25.4
100
AcDbCircle
 10
1160.2038695813583
 20
661.4013140222567
 30
0.0
 40
2.049999999999999
  0
CIRCLE
  5
32D
330
17
100
AcDbEntity
  8
CUT
  6
Continuous
 62
3
 48
25.4
100
AcDbCircle
 10
1180.2038695813583
 20
661.4013140222567
 30
0.0
 40
2.049999999999999
  0
CIRCLE
  5
32E
330
17
100
AcDbEntity
  8
CUT
  6
Continuous
 62
3
 48
25.4
100
AcDbCircle
 10
1200.2038695813583
 20
661.4013140222567
 30
0.0
 40
2.049999999999999
  0
CIRCLE
  5
32F
330
17
100
AcDbEntity
  8
CUT
  6
Continuous
 62
3
 48
25.4
100
AcDbCircle
 10
1200.2038695813583
 20
681.4013140222567
 30
0.0
 40
2.049999999999999
  0
CIRCLE
  5
330
330
17
100
AcDbEntity
  8
CUT
  6
Continuous
 62
3
 48
25.4
100
AcDbCircle
 10
1180.2038695813583
 20
681.4013140222567
 30
0.0
 40
2.049999999999999
  0
CIRCLE
  5
331
330
17
100
AcDbEntity
  8
CUT
  6
Continuous
 62
3
 48
25.4
100
AcDbCircle
 10
1160.2038695813583
 20
681.4013140222567
 30
0.0
 40
2.049999999999999
  0
CIRCLE
  5
332
330
17
100
AcDbEntity
  8
CUT
  6
Continuous
 62
3
 48
25.4
100
AcDbCircle
 10
1160.2038695813583
 20
701.4013140222567
 30
0.0
 40
2.049999999999999
  0
CIRCLE
  5
333
330
17
100
AcDbEntity
  8
CUT
  6
Continuous
 62
3
 48
25.4
100
AcDbCircle
 10
1180.2038695813583
 20
701.4013140222567
 30
0.0
 40
2.049999999999999
  0
CIRCLE
  5
334
330
17
100
AcDbEntity
  8
CUT
  6
Continuous
 62
3
 48
25.4
100
AcDbCircle
 10
1200.2038695813583
 20
701.4013140222567
 30
0.0
 40
2.049999999999999
  0
CIRCLE
  5
335
330
17
100
AcDbEntity
  8
CUT
  6
Continuous
 62
3
 48
25.4
100
AcDbCircle
 10
1200.2038695813583
 20
721.4013140222567
 30
0.0
 40
2.049999999999999
  0
CIRCLE
  5
336
330
17
100
AcDbEntity
  8
CUT
  6
Continuous
 62
3
 48
25.4
100
AcDbCircle
 10
1180.2038695813583
 20
721.4013140222567
 30
0.0
 40
2.049999999999999
  0
CIRCLE
  5
337
330
17
100
AcDbEntity
  8
CUT
  6
Continuous
 62
3
 48
25.4
100
AcDbCircle
 10
1160.2038695813583
 20
721.4013140222567
 30
0.0
 40
2.049999999999999
  0
CIRCLE
  5
338
330
17
100
AcDbEntity
  8
CUT
  6
Continuous
 62
3
 48
25.4
100
AcDbCircle
 10
1160.2038695813583
 20
741.4013140222567
 30
0.0
 40
2.049999999999999
  0
CIRCLE
  5
339
330
17
100
AcDbEntity
  8
CUT
  6
Continuous
 62
3
 48
25.4
100
AcDbCircle
 10
1180.2038695813583
 20
741.4013140222567
 30
0.0
 40
2.049999999999999
  0
CIRCLE
  5
33A
330
17
100
AcDbEntity
  8
CUT
  6
Continuous
 62
3
 48
25.4
100
AcDbCircle
 10
1200.2038695813583
 20
741.4013140222567
 30
0.0
 40
2.049999999999999
  0
CIRCLE
  5
33B
330
17
100
AcDbEntity
  8
CUT
  6
Continuous
 62
3
 48
25.4
100
AcDbCircle
 10
1200.2038695813583
 20
761.4013140222567
 30
0.0
 40
2.049999999999999
  0
CIRCLE
  5
33C
330
17
100
AcDbEntity
  8
CUT
  6
Continuous
 62
3
 48
25.4
100
AcDbCircle
 10
1180.2038695813583
 20
761.4013140222567
 30
0.0
 40
2.049999999999999
  0
CIRCLE
  5
33D
330
17
100
AcDbEntity
  8
CUT
  6
Continuous
 62
3
 48
25.4
100
AcDbCircle
 10
1160.2038695813583
 20
761.4013140222567
 30
0.0
 40
2.049999999999999
  0
CIRCLE
  5
33E
330
17
100
AcDbEntity
  8
CUT
  6
Continuous
 62
3
 48
25.4
100
AcDbCircle
 10
1160.2038695813583
 20
781.4013140222567
 30
0.0
 40
2.049999999999999
  0
CIRCLE
  5
33F
330
17
100
AcDbEntity
  8
CUT
  6
Continuous
 62
3
 48
25.4
100
AcDbCircle
 10
1180.2038695813583
 20
781.4013140222567
 30
0.0
 40
2.049999999999999
  0
CIRCLE
  5
340
330
17
100
AcDbEntity
  8
CUT
  6
Continuous
 62
3
 48
25.4
100
AcDbCircle
 10
1200.2038695813583
 20
781.4013140222567
 30
0.0
 40
2.049999999999999
  0
CIRCLE
  5
341
330
17
100
AcDbEntity
  8
CUT
  6
Continuous
 62
3
 48
25.4
100
AcDbCircle
 10
1120.2038695813583
 20
581.4013140222567
 30
0.0
 40
2.049999999999999
  0
CIRCLE
  5
342
330
17
100
AcDbEntity
  8
CUT
  6
Continuous
 62
3
 48
25.4
100
AcDbCircle
 10
1120.2038695813583
 20
801.4013140222567
 30
0.0
 40
2.049999999999999
  0
CIRCLE
  5
343
330
17
100
AcDbEntity
  8
CUT
  6
Continuous
 62
3
 48
25.4
100
AcDbCircle
 10
1140.2038695813583
 20
801.4013140222567
 30
0.0
 40
2.049999999999999
  0
CIRCLE
  5
344
330
17
100
AcDbEntity
  8
CUT
  6
Continuous
 62
3
 48
25.4
100
AcDbCircle
 10
1160.2038695813583
 20
801.4013140222567
 30
0.0
 40
2.049999999999999
  0
CIRCLE
  5
345
330
17
100
AcDbEntity
  8
CUT
  6
Continuous
 62
3
 48
25.4
100
AcDbCircle
 10
1180.2038695813583
 20
801.4013140222567
 30
0.0
 40
2.049999999999999
  0
CIRCLE
  5
346
330
17
100
AcDbEntity
  8
CUT
  6
Continuous
 62
3
 48
25.4
100
AcDbCircle
 10
1200.2038695813583
 20
801.4013140222567
 30
0.0
 40
2.049999999999999
  0
CIRCLE
  5
347
330
17
100
AcDbEntity
  8
CUT
  6
Continuous
 62
3
 48
25.4
100
AcDbCircle
 10
1200.2038695813583
 20
821.4013140222567
 30
0.0
 40
2.049999999999999
  0
CIRCLE
  5
348
330
17
100
AcDbEntity
  8
CUT
  6
Continuous
 62
3
 48
25.4
100
AcDbCircle
 10
1180.2038695813583
 20
821.4013140222567
 30
0.0
 40
2.049999999999999
  0
CIRCLE
  5
349
330
17
100
AcDbEntity
  8
CUT
  6
Continuous
 62
3
 48
25.4
100
AcDbCircle
 10
1160.2038695813583
 20
821.4013140222567
 30
0.0
 40
2.049999999999999
  0
CIRCLE
  5
34A
330
17
100
AcDbEntity
  8
CUT
  6
Continuous
 62
3
 48
25.4
100
AcDbCircle
 10
1140.2038695813583
 20
821.4013140222567
 30
0.0
 40
2.049999999999999
  0
CIRCLE
  5
34B
330
17
100
AcDbEntity
  8
CUT
  6
Continuous
 62
3
 48
25.4
100
AcDbCircle
 10
1120.2038695813583
 20
821.4013140222567
 30
0.0
 40
2.049999999999999
  0
CIRCLE
  5
34C
330
17
100
AcDbEntity
  8
CUT
  6
Continuous
 62
3
 48
25.4
100
AcDbCircle
 10
1120.2038695813583
 20
841.4013140222567
 30
0.0
 40
2.049999999999999
  0
CIRCLE
  5
34D
330
17
100
AcDbEntity
  8
CUT
  6
Continuous
 62
3
 48
25.4
100
AcDbCircle
 10
1140.2038695813583
 20
841.4013140222567
 30
0.0
 40
2.049999999999999
  0
CIRCLE
  5
34E
330
17
100
AcDbEntity
  8
CUT
  6
Continuous
 62
3
 48
25.4
100
AcDbCircle
 10
1160.2038695813583
 20
841.4013140222567
 30
0.0
 40
2.049999999999999
  0
CIRCLE
  5
34F
330
17
100
AcDbEntity
  8
CUT
  6
Continuous
 62
3
 48
25.4
100
AcDbCircle
 10
1180.2038695813583
 20
841.4013140222567
 30
0.0
 40
2.049999999999999
  0
CIRCLE
  5
350
330
17
100
AcDbEntity
  8
CUT
  6
Continuous
 62
3
 48
25.4
100
AcDbCircle
 10
1200.2038695813583
 20
841.4013140222567
 30
0.0
 40
2.049999999999999
  0
CIRCLE
  5
351
330
17
100
AcDbEntity
  8
CUT
  6
Continuous
 62
3
 48
25.4
100
AcDbCircle
 10
1200.2038695813583
 20
861.4013140222567
 30
0.0
 40
2.049999999999999
  0
CIRCLE
  5
352
330
17
100
AcDbEntity
  8
CUT
  6
Continuous
 62
3
 48
25.4
100
AcDbCircle
 10
1180.2038695813583
 20
861.4013140222567
 30
0.0
 40
2.049999999999999
  0
CIRCLE
  5
353
330
17
100
AcDbEntity
  8
CUT
  6
Continuous
 62
3
 48
25.4
100
AcDbCircle
 10
1160.2038695813583
 20
861.4013140222567
 30
0.0
 40
2.049999999999999
  0
CIRCLE
  5
354
330
17
100
AcDbEntity
  8
CUT
  6
Continuous
 62
3
 48
25.4
100
AcDbCircle
 10
1140.2038695813583
 20
861.4013140222567
 30
0.0
 40
2.049999999999999
  0
CIRCLE
  5
355
330
17
100
AcDbEntity
  8
CUT
  6
Continuous
 62
3
 48
25.4
100
AcDbCircle
 10
1120.2038695813583
 20
861.4013140222567
 30
0.0
 40
2.049999999999999
  0
CIRCLE
  5
356
330
17
100
AcDbEntity
  8
CUT
  6
Continuous
 62
3
 48
25.4
100
AcDbCircle
 10
1120.2038695813583
 20
881.4013140222567
 30
0.0
 40
2.049999999999999
  0
CIRCLE
  5
357
330
17
100
AcDbEntity
  8
CUT
  6
Continuous
 62
3
 48
25.4
100
AcDbCircle
 10
1140.2038695813583
 20
881.4013140222567
 30
0.0
 40
2.049999999999999
  0
CIRCLE
  5
358
330
17
100
AcDbEntity
  8
CUT
  6
Continuous
 62
3
 48
25.4
100
AcDbCircle
 10
1160.2038695813583
 20
881.4013140222567
 30
0.0
 40
2.049999999999999
  0
CIRCLE
  5
359
330
17
100
AcDbEntity
  8
CUT
  6
Continuous
 62
3
 48
25.4
100
AcDbCircle
 10
1180.2038695813583
 20
881.4013140222567
 30
0.0
 40
2.049999999999999
  0
CIRCLE
  5
35A
330
17
100
AcDbEntity
  8
CUT
  6
Continuous
 62
3
 48
25.4
100
AcDbCircle
 10
1200.2038695813583
 20
881.4013140222567
 30
0.0
 40
2.049999999999999
  0
CIRCLE
  5
35B
330
17
100
AcDbEntity
  8
CUT
  6
Continuous
 62
3
 48
25.4
100
AcDbCircle
 10
1200.2038695813583
 20
901.4013140222567
 30
0.0
 40
2.049999999999999
  0
CIRCLE
  5
35C
330
17
100
AcDbEntity
  8
CUT
  6
Continuous
 62
3
 48
25.4
100
AcDbCircle
 10
1180.2038695813583
 20
901.4013140222567
 30
0.0
 40
2.049999999999999
  0
CIRCLE
  5
35D
330
17
100
AcDbEntity
  8
CUT
  6
Continuous
 62
3
 48
25.4
100
AcDbCircle
 10
1160.2038695813583
 20
901.4013140222567
 30
0.0
 40
2.049999999999999
  0
CIRCLE
  5
35E
330
17
100
AcDbEntity
  8
CUT
  6
Continuous
 62
3
 48
25.4
100
AcDbCircle
 10
1140.2038695813583
 20
901.4013140222567
 30
0.0
 40
2.049999999999999
  0
CIRCLE
  5
35F
330
17
100
AcDbEntity
  8
CUT
  6
Continuous
 62
3
 48
25.4
100
AcDbCircle
 10
1120.2038695813583
 20
901.4013140222567
 30
0.0
 40
2.049999999999999
  0
CIRCLE
  5
360
330
17
100
AcDbEntity
  8
CUT
  6
Continuous
 62
3
 48
25.4
100
AcDbCircle
 10
1120.2038695813583
 20
921.4013140222567
 30
0.0
 40
2.049999999999999
  0
CIRCLE
  5
361
330
17
100
AcDbEntity
  8
CUT
  6
Continuous
 62
3
 48
25.4
100
AcDbCircle
 10
1140.2038695813583
 20
921.4013140222567
 30
0.0
 40
2.049999999999999
  0
CIRCLE
  5
362
330
17
100
AcDbEntity
  8
CUT
  6
Continuous
 62
3
 48
25.4
100
AcDbCircle
 10
1160.2038695813583
 20
921.4013140222567
 30
0.0
 40
2.049999999999999
  0
CIRCLE
  5
363
330
17
100
AcDbEntity
  8
CUT
  6
Continuous
 62
3
 48
25.4
100
AcDbCircle
 10
1180.2038695813583
 20
921.4013140222567
 30
0.0
 40
2.049999999999999
  0
CIRCLE
  5
364
330
17
100
AcDbEntity
  8
CUT
  6
Continuous
 62
3
 48
25.4
100
AcDbCircle
 10
1200.2038695813583
 20
921.4013140222567
 30
0.0
 40
2.049999999999999
  0
CIRCLE
  5
365
330
17
100
AcDbEntity
  8
CUT
  6
Continuous
 62
3
 48
25.4
100
AcDbCircle
 10
1200.2038695813583
 20
941.4013140222567
 30
0.0
 40
2.049999999999999
  0
CIRCLE
  5
366
330
17
100
AcDbEntity
  8
CUT
  6
Continuous
 62
3
 48
25.4
100
AcDbCircle
 10
1180.2038695813583
 20
941.4013140222567
 30
0.0
 40
2.049999999999999
  0
CIRCLE
  5
367
330
17
100
AcDbEntity
  8
CUT
  6
Continuous
 62
3
 48
25.4
100
AcDbCircle
 10
1160.2038695813583
 20
941.4013140222567
 30
0.0
 40
2.049999999999999
  0
CIRCLE
  5
368
330
17
100
AcDbEntity
  8
CUT
  6
Continuous
 62
3
 48
25.4
100
AcDbCircle
 10
1140.2038695813583
 20
941.4013140222567
 30
0.0
 40
2.049999999999999
  0
CIRCLE
  5
369
330
17
100
AcDbEntity
  8
CUT
  6
Continuous
 62
3
 48
25.4
100
AcDbCircle
 10
1120.2038695813583
 20
941.4013140222567
 30
0.0
 40
2.049999999999999
  0
CIRCLE
  5
36A
330
17
100
AcDbEntity
  8
CUT
  6
Continuous
 62
3
 48
25.4
100
AcDbCircle
 10
1120.2038695813583
 20
961.4013140222567
 30
0.0
 40
2.049999999999999
  0
CIRCLE
  5
36B
330
17
100
AcDbEntity
  8
CUT
  6
Continuous
 62
3
 48
25.4
100
AcDbCircle
 10
1140.2038695813583
 20
961.4013140222567
 30
0.0
 40
2.049999999999999
  0
CIRCLE
  5
36C
330
17
100
AcDbEntity
  8
CUT
  6
Continuous
 62
3
 48
25.4
100
AcDbCircle
 10
1160.2038695813583
 20
961.4013140222567
 30
0.0
 40
2.049999999999999
  0
CIRCLE
  5
36D
330
17
100
AcDbEntity
  8
CUT
  6
Continuous
 62
3
 48
25.4
100
AcDbCircle
 10
1180.2038695813583
 20
961.4013140222567
 30
0.0
 40
2.049999999999999
  0
CIRCLE
  5
36E
330
17
100
AcDbEntity
  8
CUT
  6
Continuous
 62
3
 48
25.4
100
AcDbCircle
 10
1200.2038695813583
 20
961.4013140222567
 30
0.0
 40
2.049999999999999
  0
CIRCLE
  5
36F
330
17
100
AcDbEntity
  8
CUT
  6
Continuous
 62
3
 48
25.4
100
AcDbCircle
 10
1200.2038695813583
 20
981.4013140222567
 30
0.0
 40
2.049999999999999
  0
CIRCLE
  5
370
330
17
100
AcDbEntity
  8
CUT
  6
Continuous
 62
3
 48
25.4
100
AcDbCircle
 10
1180.2038695813583
 20
981.4013140222567
 30
0.0
 40
2.049999999999999
  0
CIRCLE
  5
371
330
17
100
AcDbEntity
  8
CUT
  6
Continuous
 62
3
 48
25.4
100
AcDbCircle
 10
1160.2038695813583
 20
981.4013140222567
 30
0.0
 40
2.049999999999999
  0
CIRCLE
  5
372
330
17
100
AcDbEntity
  8
CUT
  6
Continuous
 62
3
 48
25.4
100
AcDbCircle
 10
1140.2038695813583
 20
981.4013140222567
 30
0.0
 40
2.049999999999999
  0
CIRCLE
  5
373
330
17
100
AcDbEntity
  8
CUT
  6
Continuous
 62
3
 48
25.4
100
AcDbCircle
 10
1120.2038695813583
 20
981.4013140222567
 30
0.0
 40
2.049999999999999
  0
CIRCLE
  5
374
330
17
100
AcDbEntity
  8
CUT
  6
Continuous
 62
3
 48
25.4
100
AcDbCircle
 10
1120.2038695813583
 20
1001.4013140222567
 30
0.0
 40
2.049999999999999
  0
CIRCLE
  5
375
330
17
100
AcDbEntity
  8
CUT
  6
Continuous
 62
3
 48
25.4
100
AcDbCircle
 10
1140.2038695813583
 20
1001.4013140222567
 30
0.0
 40
2.049999999999999
  0
CIRCLE
  5
376
330
17
100
AcDbEntity
  8
CUT
  6
Continuous
 62
3
 48
25.4
100
AcDbCircle
 10
1160.2038695813583
 20
1001.4013140222567
 30
0.0
 40
2.049999999999999
  0
CIRCLE
  5
377
330
17
100
AcDbEntity
  8
CUT
  6
Continuous
 62
3
 48
25.4
100
AcDbCircle
 10
1180.2038695813583
 20
1001.4013140222567
 30
0.0
 40
2.049999999999999
  0
CIRCLE
  5
378
330
17
100
AcDbEntity
  8
CUT
  6
Continuous
 62
3
 48
25.4
100
AcDbCircle
 10
1200.2038695813583
 20
1001.4013140222567
 30
0.0
 40
2.049999999999999
  0
CIRCLE
  5
379
330
17
100
AcDbEntity
  8
CUT
  6
Continuous
 62
3
 48
25.4
100
AcDbCircle
 10
1200.2038695813583
 20
1021.4013140222567
 30
0.0
 40
2.049999999999999
  0
CIRCLE
  5
37A
330
17
100
AcDbEntity
  8
CUT
  6
Continuous
 62
3
 48
25.4
100
AcDbCircle
 10
1180.2038695813583
 20
1021.4013140222567
 30
0.0
 40
2.049999999999999
  0
CIRCLE
  5
37B
330
17
100
AcDbEntity
  8
CUT
  6
Continuous
 62
3
 48
25.4
100
AcDbCircle
 10
1160.2038695813583
 20
1021.4013140222567
 30
0.0
 40
2.049999999999999
  0
CIRCLE
  5
37C
330
17
100
AcDbEntity
  8
CUT
  6
Continuous
 62
3
 48
25.4
100
AcDbCircle
 10
1140.2038695813583
 20
1021.4013140222567
 30
0.0
 40
2.049999999999999
  0
CIRCLE
  5
37D
330
17
100
AcDbEntity
  8
CUT
  6
Continuous
 62
3
 48
25.4
100
AcDbCircle
 10
1120.2038695813583
 20
1021.4013140222567
 30
0.0
 40
2.049999999999999
  0
LINE
  5
37E
330
17
100
AcDbEntity
  8
CUT
  6
Continuous
 62
3
 48
25.4
100
AcDbLine
 10
1213.3838695813583
 20
538.3121549076567
 30
0.0
 11
700.2038695813584
 21
538.3121549076567
 31
0.0
  0
CIRCLE
  5
37F
330
17
100
AcDbEntity
  8
CUT
  6
Continuous
 62
3
 48
25.4
100
AcDbCircle
 10
726.7513895313583
 20
1114.6438364412566
 30
0.0
 40
2.049999999999999
  0
CIRCLE
  5
380
330
17
100
AcDbEntity
  8
CUT
  6
Continuous
 62
3
 48
25.4
100
AcDbCircle
 10
842.6415809407584
 20
1100.2592594405567
 30
0.0
 40
2.049999999999999
  0
CIRCLE
  5
381
330
17
100
AcDbEntity
  8
CUT
  6
Continuous
 62
3
 48
25.4
100
AcDbCircle
 10
958.5317723501583
 20
1085.8746824398568
 30
0.0
 40
2.049999999999999
  0
CIRCLE
  5
382
330
17
100
AcDbEntity
  8
CUT
  6
Continuous
 62
3
 48
25.4
100
AcDbCircle
 10
1074.4219637594583
 20
1071.4901054390566
 30
0.0
 40
2.049999999999999
  0
CIRCLE
  5
383
330
17
100
AcDbEntity
  8
CUT
  6
Continuous
 62
3
 48
25.4
100
AcDbCircle
 10
1190.3121551688582
 20
1057.1055284383565
 30
0.0
 40
2.049999999999999
  0
CIRCLE
  5
384
330
17
100
AcDbEntity
  8
CUT
  6
Continuous
 62
3
 48
25.4
100
AcDbCircle
 10
725.2038695813583
 20
548.3121549076567
 30
0.0
 40
2.049999999999999
  0
CIRCLE
  5
385
330
17
100
AcDbEntity
  8
CUT
  6
Continuous
 62
3
 48
25.4
100
AcDbCircle
 10
840.9988695813583
 20
548.3121549076567
 30
0.0
 40
2.049999999999999
  0
CIRCLE
  5
386
330
17
100
AcDbEntity
  8
CUT
  6
Continuous
 62
3
 48
25.4
100
AcDbCircle
 10
956.7938695813584
 20
548.3121549076567
 30
0.0
 40
2.049999999999999
  0
CIRCLE
  5
387
330
17
100
AcDbEntity
  8
CUT
  6
Continuous
 62
3
 48
25.4
100
AcDbCircle
 10
1072.5888695813583
 20
548.3121549076567
 30
0.0
 40
2.049999999999999
  0
CIRCLE
  5
388
330
17
100
AcDbEntity
  8
CUT
  6
Continuous
 62
3
 48
25.4
100
AcDbCircle
 10
1188.3838695813583
 20
550.3621549076566
 30
0.0
 40
2.049999999999999
  0
LINE
  5
389
330
17
100
AcDbEntity
  8
CUT
 62
4
 48
25.4
100
AcDbLine
 10
1241.4449427145857
 20
675.4001990063001
 30
0.0
 11
1836.8449427145858
 21
675.4001990063
 31
0.0
  0
LINE
  5
38A
330
17
100
AcDbEntity
  8
CUT
 62
4
 48
25.4
100
AcDbLine
 10
1241.4449427145857
 20
991.7004902356001
 30
0.0
 11
1836.8449427145858
 21
991.7004902356
 31
0.0
  0
LINE
  5
38B
330
17
100
AcDbEntity
  8
CUT
 62
4
 48
25.4
100
AcDbLine
 10
1836.8449427145858
 20
976.9144770195
 30
0.0
 11
1241.4449427145857
 21
976.9144770195
 31
0.0
  0
LINE
  5
38C
330
17
100
AcDbEntity
  8
CUT
 62
4
 48
25.4
100
AcDbLine
 10
1240.1647437082856
 20
847.4459280794001
 30
0.0
 11
1240.1647437082856
 21
976.1321331823001
 31
0.0
  0
LINE
  5
38D
330
17
100
AcDbEntity
  8
CUT
 62
4
 48
25.4
100
AcDbLine
 10
1838.1251417208855
 20
695.6407960253
 30
0.0
 11
1838.1251417208855
 21
846.5924620752
 31
0.0
  0
LINE
  5
38E
330
17
100
AcDbEntity
  8
CUT
 62
4
 48
25.4
100
AcDbLine
 10
1836.8449427145858
 20
694.360597019
 30
0.0
 11
1241.4449427145857
 21
694.3605970190001
 31
0.0
  0
LINE
  5
38F
330
17
100
AcDbEntity
  8
CUT
 62
4
 48
25.4
100
AcDbLine
 10
1240.1647437082856
 20
846.5924620752002
 30
0.0
 11
1240.1647437082856
 21
695.6407960253001
 31
0.0
  0
LINE
  5
390
330
17
100
AcDbEntity
  8
CUT
 62
4
 48
25.4
100
AcDbLine
 10
1241.4449427145857
 20
847.0191950773001
 30
0.0
 11
1836.8449427145858
 21
847.0191950773001
 31
0.0
  0
LINE
  5
391
330
17
100
AcDbEntity
  8
CUT
 62
4
 48
25.4
100
AcDbLine
 10
1838.1251417208855
 20
976.1321331823001
 30
0.0
 11
1838.1251417208855
 21
847.4459280794
 31
0.0
  0
LINE
  5
392
330
17
100
AcDbEntity
  8
CUT
  6
Continuous
 62
3
 48
25.4
100
AcDbLine
 10
1241.4449427145857
 20
655.4200000000001
 30
0.0
 11
1836.8449427145858
 21
655.42
 31
0.0
  0
LINE
  5
393
330
17
100
AcDbEntity
  8
CUT
  6
Continuous
 62
3
 48
25.4
100
AcDbLine
 10
1786.030919206286
 20
989.2202912292
 30
0.0
 11
1786.030919206286
 21
988.3202912291999
 31
0.0
  0
LINE
  5
394
330
17
100
AcDbEntity
  8
CUT
  6
Continuous
 62
3
 48
25.4
100
AcDbLine
 10
1786.030919206286
 20
988.3202912291999
 30
0.0
 11
1755.6449427145858
 21
988.3202912291999
 31
0.0
  0
LINE
  5
395
330
17
100
AcDbEntity
  8
CUT
  6
Continuous
 62
3
 48
25.4
100
AcDbLine
 10
1322.6449427145858
 20
988.3202912291999
 30
0.0
 11
1292.2449427145857
 21
988.3202912292002
 31
0.0
  0
LINE
  5
396
330
17
100
AcDbEntity
  8
CUT
  6
Continuous
 62
3
 48
25.4
100
AcDbLine
 10
1786.0449427145859
 20
990.4202912291998
 30
0.0
 11
1786.0449427145859
 21
989.2202912292
 31
0.0
  0
LINE
  5
397
330
17
100
AcDbEntity
  8
CUT
  6
Continuous
 62
3
 48
25.4
100
AcDbLine
 10
1786.0449427145859
 20
989.2202912292
 30
0.0
 11
1786.030919206286
 21
989.2202912292
 31
0.0
  0
CIRCLE
  5
398
330
17
100
AcDbEntity
  8
CUT
  6
Continuous
 62
3
 48
25.4
100
AcDbCircle
 10
1230.1845447018857
 20
720.6407960253001
 30
0.0
 40
2.049999999999999
  0
CIRCLE
  5
399
330
17
100
AcDbEntity
  8
CUT
  6
Continuous
 62
3
 48
25.4
100
AcDbCircle
 10
1230.1845447018857
 20
818.7441088361002
 30
0.0
 40
2.049999999999999
  0
CIRCLE
  5
39A
330
17
100
AcDbEntity
  8
CUT
  6
Continuous
 62
3
 48
25.4
100
AcDbCircle
 10
1230.1845447018857
 20
875.2942813185001
 30
0.0
 40
2.049999999999999
  0
CIRCLE
  5
39B
330
17
100
AcDbEntity
  8
CUT
  6
Continuous
 62
3
 48
25.4
100
AcDbCircle
 10
1848.1053407272857
 20
875.2942813185
 30
0.0
 40
2.049999999999999
  0
CIRCLE
  5
39C
330
17
100
AcDbEntity
  8
CUT
  6
Continuous
 62
3
 48
25.4
100
AcDbCircle
 10
1230.1845447018857
 20
953.0296449368002
 30
0.0
 40
2.049999999999999
  0
CIRCLE
  5
39D
330
17
100
AcDbEntity
  8
CUT
  6
Continuous
 62
3
 48
25.4
100
AcDbCircle
 10
1848.1053407272857
 20
953.0296449368
 30
0.0
 40
2.049999999999999
  0
LINE
  5
39E
330
17
100
AcDbEntity
  8
CUT
  6
Continuous
 62
3
 48
25.4
100
AcDbLine
 10
1241.4449427145857
 20
991.7004902356001
 30
0.0
 11
1256.4251417208857
 21
1006.6806892419002
 31
0.0
  0
LINE
  5
39F
330
17
100
AcDbEntity
  8
CUT
  6
Continuous
 62
3
 48
25.4
100
AcDbLine
 10
1821.8647437082857
 20
1006.6806892419
 30
0.0
 11
1836.8449427145858
 21
991.7004902356
 31
0.0
  0
LINE
  5
3A0
330
17
100
AcDbEntity
  8
CUT
  6
Continuous
 62
3
 48
25.4
100
AcDbLine
 10
1220.1845447018857
 20
841.2387838868001
 30
0.0
 11
1220.1845447018857
 21
695.6407960253001
 31
0.0
  0
LINE
  5
3A1
330
17
100
AcDbEntity
  8
CUT
  6
Continuous
 62
3
 48
25.4
100
AcDbLine
 10
1858.1053407272857
 20
852.7996062678001
 30
0.0
 11
1858.1053407272857
 21
978.0296449368
 31
0.0
  0
LINE
  5
3A2
330
17
100
AcDbEntity
  8
CUT
  6
Continuous
 62
3
 48
25.4
100
AcDbLine
 10
1858.1053407272857
 20
978.0296449368
 30
0.0
 11
1839.4053407272859
 21
978.0296449368
 31
0.0
  0
LINE
  5
3A3
330
17
100
AcDbEntity
  8
CUT
  6
Continuous
 62
3
 48
25.4
100
AcDbLine
 10
1839.4053407272859
 20
978.0296449368
 30
0.0
 11
1839.4053407272859
 21
976.1321331823001
 31
0.0
  0
CIRCLE
  5
3A4
330
17
100
AcDbEntity
  8
CUT
  6
Continuous
 62
3
 48
25.4
100
AcDbCircle
 10
1540.2949427145857
 20
684.3803980127001
 30
0.0
 40
2.049999999999999
  0
CIRCLE
  5
3A5
330
17
100
AcDbEntity
  8
CUT
  6
Continuous
 62
3
 48
25.4
100
AcDbCircle
 10
1301.4449427145857
 20
684.3803980127001
 30
0.0
 40
2.049999999999999
  0
CIRCLE
  5
3A6
330
17
100
AcDbEntity
  8
CUT
  6
Continuous
 62
3
 48
25.4
100
AcDbCircle
 10
1779.1449427145858
 20
684.3803980127
 30
0.0
 40
2.049999999999999
  0
LINE
  5
3A7
330
17
100
AcDbEntity
  8
CUT
  6
Continuous
 62
3
 48
25.4
100
AcDbLine
 10
1858.1053407272857
 20
695.6407960253
 30
0.0
 11
1858.1053407272857
 21
841.2387838868
 31
0.0
  0
CIRCLE
  5
3A8
330
17
100
AcDbEntity
  8
CUT
  6
Continuous
 62
3
 48
25.4
100
AcDbCircle
 10
1848.1053407272857
 20
720.6407960253
 30
0.0
 40
2.049999999999999
  0
CIRCLE
  5
3A9
330
17
100
AcDbEntity
  8
CUT
  6
Continuous
 62
3
 48
25.4
100
AcDbCircle
 10
1848.1053407272857
 20
818.7441088361
 30
0.0
 40
2.049999999999999
  0
LINE
  5
3AA
330
17
100
AcDbEntity
  8
CUT
  6
Continuous
 62
3
 48
25.4
100
AcDbLine
 10
1256.4251417208857
 20
1006.6806892419002
 30
0.0
 11
1821.8647437082857
 21
1006.6806892419
 31
0.0
  0
LINE
  5
3AB
330
17
100
AcDbEntity
  8
CUT
  6
Continuous
 62
3
 48
25.4
100
AcDbLine
 10
1238.8845447018857
 20
978.0296449368002
 30
0.0
 11
1220.1845447018857
 21
978.0296449368002
 31
0.0
  0
LINE
  5
3AC
330
17
100
AcDbEntity
  8
CUT
  6
Continuous
 62
3
 48
25.4
100
AcDbLine
 10
1220.1845447018857
 20
978.0296449368002
 30
0.0
 11
1220.1845447018857
 21
852.7996062678001
 31
0.0
  0
LINE
  5
3AD
330
17
100
AcDbEntity
  8
CUT
  6
Continuous
 62
3
 48
25.4
100
AcDbLine
 10
1755.6449427145858
 20
990.7052182991
 30
0.0
 11
1786.030919206286
 21
990.7052182991
 31
0.0
  0
LINE
  5
3AE
330
17
100
AcDbEntity
  8
CUT
  6
Continuous
 62
3
 48
25.4
100
AcDbLine
 10
1786.030919206286
 20
990.7052182991
 30
0.0
 11
1786.030919206286
 21
990.4202912291998
 31
0.0
  0
LINE
  5
3AF
330
17
100
AcDbEntity
  8
CUT
  6
Continuous
 62
3
 48
25.4
100
AcDbLine
 10
1786.030919206286
 20
990.4202912291998
 30
0.0
 11
1786.0449427145859
 21
990.4202912291998
 31
0.0
  0
LINE
  5
3B0
330
17
100
AcDbEntity
  8
CUT
  6
Continuous
 62
3
 48
25.4
100
AcDbLine
 10
1292.2449427145857
 20
988.3202912292002
 30
0.0
 11
1292.2449427145857
 21
990.7052182991001
 31
0.0
  0
LINE
  5
3B1
330
17
100
AcDbEntity
  8
CUT
  6
Continuous
 62
3
 48
25.4
100
AcDbLine
 10
1292.2449427145857
 20
990.7052182991001
 30
0.0
 11
1322.6449427145858
 21
990.7052182991001
 31
0.0
  0
LINE
  5
3B2
330
17
100
AcDbEntity
  8
CUT
  6
Continuous
 62
3
 48
25.4
100
AcDbLine
 10
1322.6449427145858
 20
990.7052182991001
 30
0.0
 11
1322.6449427145858
 21
988.3202912291999
 31
0.0
  0
LINE
  5
3B3
330
17
100
AcDbEntity
  8
CUT
  6
Continuous
 62
3
 48
25.4
100
AcDbLine
 10
1755.6449427145858
 20
988.3202912291999
 30
0.0
 11
1755.6449427145858
 21
990.7052182991
 31
0.0
  0
LINE
  5
3B4
330
17
100
AcDbEntity
  8
CUT
  6
Continuous
 62
3
 48
25.4
100
AcDbLine
 10
1836.8449427145858
 20
976.1321331823001
 30
0.0
 11
1839.4053407272859
 21
976.1321331823001
 31
0.0
  0
LINE
  5
3B5
330
17
100
AcDbEntity
  8
CUT
  6
Continuous
 62
3
 48
25.4
100
AcDbLine
 10
1858.1053407272857
 20
852.7996062678001
 30
0.0
 11
1838.1251417208855
 21
847.4459280794
 31
0.0
  0
LINE
  5
3B6
330
17
100
AcDbEntity
  8
CUT
  6
Continuous
 62
3
 48
25.4
100
AcDbLine
 10
1838.1251417208855
 20
847.4459280794
 30
0.0
 11
1836.8449427145858
 21
847.4459280794
 31
0.0
  0
LINE
  5
3B7
330
17
100
AcDbEntity
  8
CUT
  6
Continuous
 62
3
 48
25.4
100
AcDbLine
 10
1836.8449427145858
 20
847.4459280794
 30
0.0
 11
1836.8449427145858
 21
846.5924620752
 31
0.0
  0
LINE
  5
3B8
330
17
100
AcDbEntity
  8
CUT
  6
Continuous
 62
3
 48
25.4
100
AcDbLine
 10
1241.4449427145857
 20
846.5924620752002
 30
0.0
 11
1241.4449427145857
 21
847.4459280794001
 31
0.0
  0
LINE
  5
3B9
330
17
100
AcDbEntity
  8
CUT
  6
Continuous
 62
3
 48
25.4
100
AcDbLine
 10
1240.1647437082856
 20
846.5924620752002
 30
0.0
 11
1241.4449427145857
 21
846.5924620752002
 31
0.0
  0
LINE
  5
3BA
330
17
100
AcDbEntity
  8
CUT
  6
Continuous
 62
3
 48
25.4
100
AcDbLine
 10
1220.1845447018857
 20
841.2387838868001
 30
0.0
 11
1240.1647437082856
 21
846.5924620752002
 31
0.0
  0
LINE
  5
3BB
330
17
100
AcDbEntity
  8
CUT
  6
Continuous
 62
3
 48
25.4
100
AcDbLine
 10
1241.4449427145857
 20
695.6407960253001
 30
0.0
 11
1220.1845447018857
 21
695.6407960253001
 31
0.0
  0
LINE
  5
3BC
330
17
100
AcDbEntity
  8
CUT
  6
Continuous
 62
3
 48
25.4
100
AcDbLine
 10
1836.8449427145858
 20
695.6407960253
 30
0.0
 11
1836.8449427145858
 21
655.42
 31
0.0
  0
LINE
  5
3BD
330
17
100
AcDbEntity
  8
CUT
  6
Continuous
 62
3
 48
25.4
100
AcDbLine
 10
1241.4449427145857
 20
655.4200000000001
 30
0.0
 11
1241.4449427145857
 21
695.6407960253001
 31
0.0
  0
LINE
  5
3BE
330
17
100
AcDbEntity
  8
CUT
  6
Continuous
 62
3
 48
25.4
100
AcDbLine
 10
1858.1053407272857
 20
695.6407960253
 30
0.0
 11
1836.8449427145858
 21
695.6407960253
 31
0.0
  0
LINE
  5
3BF
330
17
100
AcDbEntity
  8
CUT
  6
Continuous
 62
3
 48
25.4
100
AcDbLine
 10
1836.8449427145858
 20
846.5924620752
 30
0.0
 11
1838.1251417208855
 21
846.5924620752
 31
0.0
  0
LINE
  5
3C0
330
17
100
AcDbEntity
  8
CUT
  6
Continuous
 62
3
 48
25.4
100
AcDbLine
 10
1838.1251417208855
 20
846.5924620752
 30
0.0
 11
1858.1053407272857
 21
841.2387838868
 31
0.0
  0
LINE
  5
3C1
330
17
100
AcDbEntity
  8
CUT
  6
Continuous
 62
3
 48
25.4
100
AcDbLine
 10
1238.8845447018857
 20
976.1321331823001
 30
0.0
 11
1241.4449427145857
 21
976.1321331823001
 31
0.0
  0
LINE
  5
3C2
330
17
100
AcDbEntity
  8
CUT
  6
Continuous
 62
3
 48
25.4
100
AcDbLine
 10
1240.1647437082856
 20
847.4459280794001
 30
0.0
 11
1220.1845447018857
 21
852.7996062678001
 31
0.0
  0
LINE
  5
3C3
330
17
100
AcDbEntity
  8
CUT
  6
Continuous
 62
3
 48
25.4
100
AcDbLine
 10
1241.4449427145857
 20
847.4459280794001
 30
0.0
 11
1240.1647437082856
 21
847.4459280794001
 31
0.0
  0
LINE
  5
3C4
330
17
100
AcDbEntity
  8
CUT
  6
Continuous
 62
3
 48
25.4
100
AcDbLine
 10
1238.8845447018857
 20
976.1321331823001
 30
0.0
 11
1238.8845447018857
 21
978.0296449368002
 31
0.0
  0
LINE
  5
3C5
330
17
100
AcDbEntity
  8
CUT
  6
Continuous
 62
3
 48
25.4
100
AcDbLine
 10
1836.8449427145858
 20
991.7004902356
 30
0.0
 11
1836.8449427145858
 21
976.1321331823001
 31
0.0
  0
LINE
  5
3C6
330
17
100
AcDbEntity
  8
CUT
  6
Continuous
 62
3
 48
25.4
100
AcDbLine
 10
1241.4449427145857
 20
976.1321331823001
 30
0.0
 11
1241.4449427145857
 21
991.7004902356001
 31
0.0
  0
LINE
  5
3C7
330
17
100
AcDbEntity
  8
CUT
 62
4
 48
25.4
100
AcDbLine
 10
1241.4447709495857
 20
1031.6611990064002
 30
0.0
 11
1836.8447709495854
 21
1031.6611990064
 31
0.0
  0
LINE
  5
3C8
330
17
100
AcDbEntity
  8
CUT
 62
4
 48
25.4
100
AcDbLine
 10
1836.8447709495856
 20
1216.3606203313
 30
0.0
 11
1241.4447709495857
 21
1216.3606203313
 31
0.0
  0
LINE
  5
3C9
330
17
100
AcDbEntity
  8
CUT
 62
4
 48
25.4
100
AcDbLine
 10
1241.4447709495857
 20
1202.4002223186
 30
0.0
 11
1836.8447709495856
 21
1202.4002223185998
 31
0.0
  0
LINE
  5
3CA
330
17
100
AcDbEntity
  8
CUT
 62
4
 48
25.4
100
AcDbLine
 10
1838.1249699558855
 20
1051.9017960254
 30
0.0
 11
1838.1249699558857
 21
1201.1200233123
 31
0.0
  0
LINE
  5
3CB
330
17
100
AcDbEntity
  8
CUT
 62
4
 48
25.4
100
AcDbLine
 10
1240.1645719432859
 20
1201.1200233123
 30
0.0
 11
1240.1645719432859
 21
1051.9017960254
 31
0.0
  0
LINE
  5
3CC
330
17
100
AcDbEntity
  8
CUT
 62
4
 48
25.4
100
AcDbLine
 10
1836.8447709495854
 20
1050.6215970191001
 30
0.0
 11
1241.4447709495857
 21
1050.6215970191001
 31
0.0
  0
LINE
  5
3CD
330
17
100
AcDbEntity
  8
CUT
  6
Continuous
 62
3
 48
25.4
100
AcDbLine
 10
1772.6447709495856
 20
1231.3408193377
 30
0.0
 11
1786.3447709495856
 21
1217.6408193377
 31
0.0
  0
LINE
  5
3CE
330
17
100
AcDbEntity
  8
CUT
  6
Continuous
 62
3
 48
25.4
100
AcDbLine
 10
1305.6447709495856
 20
1231.3408193377
 30
0.0
 11
1772.6447709495856
 21
1231.3408193377
 31
0.0
  0
CIRCLE
  5
3CF
330
17
100
AcDbEntity
  8
CUT
  6
Continuous
 62
3
 48
25.4
100
AcDbCircle
 10
1848.1051689622857
 20
1081.9017960254
 30
0.0
 40
2.049999999999999
  0
CIRCLE
  5
3D0
330
17
100
AcDbEntity
  8
CUT
  6
Continuous
 62
3
 48
25.4
100
AcDbCircle
 10
1848.1051689622857
 20
1171.1200233123
 30
0.0
 40
2.049999999999999
  0
LINE
  5
3D1
330
17
100
AcDbEntity
  8
CUT
  6
Continuous
 62
3
 48
25.4
100
AcDbLine
 10
1241.4447709495857
 20
1011.681
 30
0.0
 11
1836.8447709495854
 21
1011.6809999999999
 31
0.0
  0
LINE
  5
3D2
330
17
100
AcDbEntity
  8
CUT
  6
Continuous
 62
3
 48
25.4
100
AcDbLine
 10
1858.1051689622857
 20
1051.9017960254
 30
0.0
 11
1858.1051689622857
 21
1201.1200233123
 31
0.0
  0
LINE
  5
3D3
330
17
100
AcDbEntity
  8
CUT
  6
Continuous
 62
3
 48
25.4
100
AcDbLine
 10
1220.1843729368857
 20
1201.1200233123
 30
0.0
 11
1220.1843729368857
 21
1051.9017960254
 31
0.0
  0
CIRCLE
  5
3D4
330
17
100
AcDbEntity
  8
CUT
  6
Continuous
 62
3
 48
25.4
100
AcDbCircle
 10
1776.8447709495856
 20
1041.1413980127
 30
0.0
 40
2.049999999999999
  0
CIRCLE
  5
3D5
330
17
100
AcDbEntity
  8
CUT
  6
Continuous
 62
3
 48
25.4
100
AcDbCircle
 10
1537.9947709495855
 20
1041.1413980127
 30
0.0
 40
2.049999999999999
  0
CIRCLE
  5
3D6
330
17
100
AcDbEntity
  8
CUT
  6
Continuous
 62
3
 48
25.4
100
AcDbCircle
 10
1299.1447709495858
 20
1041.1413980127
 30
0.0
 40
2.049999999999999
  0
CIRCLE
  5
3D7
330
17
100
AcDbEntity
  8
CUT
  6
Continuous
 62
3
 48
25.4
100
AcDbCircle
 10
1251.4447771702858
 20
1212.380421325
 30
0.0
 40
2.049999999999999
  0
CIRCLE
  5
3D8
330
17
100
AcDbEntity
  8
CUT
  6
Continuous
 62
3
 48
25.4
100
AcDbCircle
 10
1276.8447771702856
 20
1212.380421325
 30
0.0
 40
2.049999999999999
  0
CIRCLE
  5
3D9
330
17
100
AcDbEntity
  8
CUT
  6
Continuous
 62
3
 48
25.4
100
AcDbCircle
 10
1801.4447771702858
 20
1212.3804213249998
 30
0.0
 40
2.049999999999999
  0
CIRCLE
  5
3DA
330
17
100
AcDbEntity
  8
CUT
  6
Continuous
 62
3
 48
25.4
100
AcDbCircle
 10
1826.8447771702854
 20
1212.3804213249998
 30
0.0
 40
2.049999999999999
  0
LINE
  5
3DB
330
17
100
AcDbEntity
  8
CUT
  6
Continuous
 62
3
 48
25.4
100
AcDbLine
 10
1305.6447709495856
 20
1231.3408193377
 30
0.0
 11
1291.9447709495857
 21
1217.6408193377001
 31
0.0
  0
CIRCLE
  5
3DC
330
17
100
AcDbEntity
  8
CUT
  6
Continuous
 62
3
 48
25.4
100
AcDbCircle
 10
1230.1843729368857
 20
1171.1200233123
 30
0.0
 40
2.049999999999999
  0
CIRCLE
  5
3DD
330
17
100
AcDbEntity
  8
CUT
  6
Continuous
 62
3
 48
25.4
100
AcDbCircle
 10
1230.1843729368857
 20
1081.9017960254
 30
0.0
 40
2.049999999999999
  0
LINE
  5
3DE
330
17
100
AcDbEntity
  8
CUT
  6
Continuous
 62
3
 48
25.4
100
AcDbLine
 10
1836.8447709495856
 20
1216.6616836304
 30
0.0
 11
1787.6447709495856
 21
1216.6616836304
 31
0.0
  0
LINE
  5
3DF
330
17
100
AcDbEntity
  8
CUT
  6
Continuous
 62
3
 48
25.4
100
AcDbLine
 10
1787.4287285029857
 20
1216.8368793393
 30
0.0
 11
1786.3447709495856
 21
1217.6408193377
 31
0.0
  0
LINE
  5
3E0
330
17
100
AcDbEntity
  8
CUT
  6
Continuous
 62
3
 48
25.4
100
AcDbLine
 10
1290.8478417753859
 20
1216.8266952636
 30
0.0
 11
1291.9447709495857
 21
1217.6408193377001
 31
0.0
  0
LINE
  5
3E1
330
17
100
AcDbEntity
  8
CUT
  6
Continuous
 62
3
 48
25.4
100
AcDbLine
 10
1290.6447709495858
 20
1216.6616836304
 30
0.0
 11
1241.4447709495857
 21
1216.6616836304
 31
0.0
  0
LINE
  5
3E2
330
17
100
AcDbEntity
  8
CUT
  6
Continuous
 62
3
 48
25.4
100
AcDbLine
 10
1836.8447709495854
 20
1051.9017960254
 30
0.0
 11
1836.8447709495854
 21
1011.6809999999999
 31
0.0
  0
LINE
  5
3E3
330
17
100
AcDbEntity
  8
CUT
  6
Continuous
 62
3
 48
25.4
100
AcDbLine
 10
1241.4447709495857
 20
1011.681
 30
0.0
 11
1241.4447709495857
 21
1051.9017960254
 31
0.0
  0
LINE
  5
3E4
330
17
100
AcDbEntity
  8
CUT
  6
Continuous
 62
3
 48
25.4
100
AcDbLine
 10
1220.1843729368857
 20
1201.1200233123
 30
0.0
 11
1241.4447709495857
 21
1201.1200233123
 31
0.0
  0
LINE
  5
3E5
330
17
100
AcDbEntity
  8
CUT
  6
Continuous
 62
3
 48
25.4
100
AcDbLine
 10
1241.4447709495857
 20
1051.9017960254
 30
0.0
 11
1220.1843729368857
 21
1051.9017960254
 31
0.0
  0
LINE
  5
3E6
330
17
100
AcDbEntity
  8
CUT
  6
Continuous
 62
3
 48
25.4
100
AcDbLine
 10
1858.1051689622857
 20
1051.9017960254
 30
0.0
 11
1836.8447709495854
 21
1051.9017960254
 31
0.0
  0
LINE
  5
3E7
330
17
100
AcDbEntity
  8
CUT
  6
Continuous
 62
3
 48
25.4
100
AcDbLine
 10
1836.8447709495856
 20
1201.1200233123
 30
0.0
 11
1858.1051689622857
 21
1201.1200233123
 31
0.0
  0
LINE
  5
3E8
330
17
100
AcDbEntity
  8
CUT
  6
Continuous
 62
3
 48
25.4
100
AcDbLine
 10
1836.8447709495856
 20
1216.6616836304
 30
0.0
 11
1836.8447709495856
 21
1201.1200233123
 31
0.0
  0
LINE
  5
3E9
330
17
100
AcDbEntity
  8
CUT
  6
Continuous
 62
3
 48
25.4
100
AcDbLine
 10
1241.4447709495857
 20
1201.1200233123
 30
0.0
 11
1241.4447709495857
 21
1216.6616836304
 31
0.0
  0
LINE
  5
3EA
330
17
100
AcDbEntity
  8
CUT
  6
Continuous
 62
3
 48
25.4
100
AcDbLine
 10
1787.6447709495856
 20
1216.6616836304
 30
0.0
 11
1787.4287285029857
 21
1216.8368793393
 31
0.0
  0
LINE
  5
3EB
330
17
100
AcDbEntity
  8
CUT
  6
Continuous
 62
3
 48
25.4
100
AcDbLine
 10
1290.6447709495858
 20
1216.6616836304
 30
0.0
 11
1290.8478417753859
 21
1216.8266952636
 31
0.0
  0
LINE
  5
3EC
330
17
100
AcDbEntity
  8
CUT
 62
4
 48
25.4
100
AcDbLine
 10
2166.1959322769962
 20
1073.66560703763
 30
0.0
 11
2166.1959322769962
 21
727.2158575267299
 31
0.0
  0
LINE
  5
3ED
330
17
100
AcDbEntity
  8
CUT
 62
4
 48
25.4
100
AcDbLine
 10
2151.193987250796
 20
707.6649421265299
 30
0.0
 11
2008.8172453417963
 21
669.51520911103
 31
0.0
  0
LINE
  5
3EE
330
17
100
AcDbEntity
  8
CUT
 62
4
 48
25.4
100
AcDbLine
 10
1984.0276779487963
 20
683.8274725185299
 30
0.0
 11
1880.9745571963963
 21
1068.42695504483
 31
0.0
  0
LINE
  5
3EF
330
17
100
AcDbEntity
  8
CUT
 62
4
 48
25.4
100
AcDbLine
 10
1899.2888953135962
 20
1073.33426715323
 30
0.0
 11
2002.3420160659962
 21
688.7347846269299
 31
0.0
  0
LINE
  5
3F0
330
17
100
AcDbEntity
  8
CUT
 62
4
 48
25.4
100
AcDbLine
 10
1900.5254725965963
 20
1074.94580604393
 30
0.0
 11
2145.955335257996
 21
1074.94580604393
 31
0.0
  0
LINE
  5
3F1
330
17
100
AcDbEntity
  8
CUT
 62
4
 48
25.4
100
AcDbLine
 10
2147.2355342642963
 20
1073.66560703763
 30
0.0
 11
2147.2355342642963
 21
727.2158575267299
 31
0.0
  0
LINE
  5
3F2
330
17
100
AcDbEntity
  8
CUT
 62
4
 48
25.4
100
AcDbLine
 10
2146.2866751423962
 20
725.97928024373
 30
0.0
 11
2003.9099332333963
 21
687.82954722823
 31
0.0
  0
LINE
  5
3F3
330
17
100
AcDbEntity
  8
CUT
  6
Continuous
 62
3
 48
25.4
100
AcDbLine
 10
2186.176131283396
 20
1073.66560703763
 30
0.0
 11
2186.176131283396
 21
742.2720174098299
 31
0.0
  0
LINE
  5
3F4
330
17
100
AcDbEntity
  8
CUT
  6
Continuous
 62
3
 48
25.4
100
AcDbLine
 10
2186.176131283396
 20
742.2720174098299
 30
0.0
 11
2166.1959322769962
 21
727.2158575267299
 31
0.0
  0
LINE
  5
3F5
330
17
100
AcDbEntity
  8
CUT
  6
Continuous
 62
3
 48
25.4
100
AcDbLine
 10
2151.193987250796
 20
707.6649421265299
 30
0.0
 11
2141.286907087896
 21
684.3253238864299
 31
0.0
  0
LINE
  5
3F6
330
17
100
AcDbEntity
  8
CUT
  6
Continuous
 62
3
 48
25.4
100
AcDbLine
 10
2033.2878916041961
 20
655.3870749042301
 30
0.0
 11
2008.8172453417963
 21
669.51520911103
 31
0.0
  0
LINE
  5
3F7
330
17
100
AcDbEntity
  8
CUT
  6
Continuous
 62
3
 48
25.4
100
AcDbLine
 10
1984.0276779487963
 20
683.8274725185299
 30
0.0
 11
1959.5570316863962
 21
697.95560672533
 31
0.0
  0
LINE
  5
3F8
330
17
100
AcDbEntity
  8
CUT
  6
Continuous
 62
3
 48
25.4
100
AcDbLine
 10
1863.0608008382962
 20
1058.08444298933
 30
0.0
 11
1880.9745571963963
 21
1068.42695504483
 31
0.0
  0
LINE
  5
3F9
330
17
100
AcDbEntity
  8
CUT
  6
Continuous
 62
3
 48
25.4
100
AcDbLine
 10
1900.5254725965963
 20
1094.92600505033
 30
0.0
 11
2145.955335257996
 21
1094.9260050503299
 31
0.0
  0
CIRCLE
  5
3FA
330
17
100
AcDbEntity
  8
CUT
  6
Continuous
 62
3
 48
25.4
100
AcDbCircle
 10
2128.255335257996
 20
1084.9260050503299
 30
0.0
 40
2.049999999999999
  0
LINE
  5
3FB
330
17
100
AcDbEntity
  8
CUT
  6
Continuous
 62
3
 48
25.4
100
AcDbLine
 10
1959.5570316863962
 20
697.95560672533
 30
0.0
 11
1863.0608008382962
 21
1058.08444298933
 31
0.0
  0
CIRCLE
  5
3FC
330
17
100
AcDbEntity
  8
CUT
  6
Continuous
 62
3
 48
25.4
100
AcDbCircle
 10
2176.1506903704962
 20
859.18305626193
 30
0.0
 40
2.049999999999999
  0
CIRCLE
  5
3FD
330
17
100
AcDbEntity
  8
CUT
  6
Continuous
 62
3
 48
25.4
100
AcDbCircle
 10
2176.1506903704962
 20
959.18305626193
 30
0.0
 40
2.049999999999999
  0
CIRCLE
  5
3FE
330
17
100
AcDbEntity
  8
CUT
  6
Continuous
 62
3
 48
25.4
100
AcDbCircle
 10
2176.1506903704962
 20
1059.18305626193
 30
0.0
 40
2.049999999999999
  0
CIRCLE
  5
3FF
330
17
100
AcDbEntity
  8
CUT
  6
Continuous
 62
3
 48
25.4
100
AcDbCircle
 10
1878.4445369748962
 20
1039.42904043973
 30
0.0
 40
2.049999999999999
  0
CIRCLE
  5
400
330
17
100
AcDbEntity
  8
CUT
  6
Continuous
 62
3
 48
25.4
100
AcDbCircle
 10
1899.8509080723961
 20
959.53937589813
 30
0.0
 40
2.049999999999999
  0
CIRCLE
  5
401
330
17
100
AcDbEntity
  8
CUT
  6
Continuous
 62
3
 48
25.4
100
AcDbCircle
 10
1921.2572791699963
 20
879.64971135653
 30
0.0
 40
2.049999999999999
  0
CIRCLE
  5
402
330
17
100
AcDbEntity
  8
CUT
  6
Continuous
 62
3
 48
25.4
100
AcDbCircle
 10
1942.6636502674962
 20
799.76004681493
 30
0.0
 40
2.049999999999999
  0
CIRCLE
  5
403
330
17
100
AcDbEntity
  8
CUT
  6
Continuous
 62
3
 48
25.4
100
AcDbCircle
 10
1964.0700213649961
 20
719.87038227333
 30
0.0
 40
2.049999999999999
  0
CIRCLE
  5
404
330
17
100
AcDbEntity
  8
CUT
  6
Continuous
 62
3
 48
25.4
100
AcDbCircle
 10
2049.988105361196
 20
670.21464549793
 30
0.0
 40
2.049999999999999
  0
CIRCLE
  5
405
330
17
100
AcDbEntity
  8
CUT
  6
Continuous
 62
3
 48
25.4
100
AcDbCircle
 10
2117.0617972909963
 20
688.18698708393
 30
0.0
 40
2.049999999999999
  0
CIRCLE
  5
406
330
17
100
AcDbEntity
  8
CUT
  6
Continuous
 62
3
 48
25.4
100
AcDbCircle
 10
2176.1506903704962
 20
759.18305626193
 30
0.0
 40
2.049999999999999
  0
CIRCLE
  5
407
330
17
100
AcDbEntity
  8
CUT
  6
Continuous
 62
3
 48
25.4
100
AcDbCircle
 10
1928.2553352579962
 20
1084.92600505033
 30
0.0
 40
2.049999999999999
  0
CIRCLE
  5
408
330
17
100
AcDbEntity
  8
CUT
  6
Continuous
 62
3
 48
25.4
100
AcDbCircle
 10
2028.2553352579962
 20
1084.9260050503299
 30
0.0
 40
2.049999999999999
  0
LINE
  5
409
330
17
100
AcDbEntity
  8
CUT
  6
Continuous
 62
3
 48
25.4
100
AcDbLine
 10
2141.286907087896
 20
684.3253238864299
 30
0.0
 11
2033.2878916041961
 21
655.3870749042301
 31
0.0
  0
LINE
  5
40A
330
17
100
AcDbEntity
  8
CUT
  6
Continuous
 62
3
 48
25.4
100
AcDbLine
 10
2003.5785933489963
 20
689.06612451123
 30
0.0
 11
2008.8172453417963
 21
669.51520911103
 31
0.0
  0
LINE
  5
40B
330
17
100
AcDbEntity
  8
CUT
  6
Continuous
 62
3
 48
25.4
100
AcDbLine
 10
2151.193987250796
 20
707.6649421265299
 30
0.0
 11
2145.955335257996
 21
727.2158575267299
 31
0.0
  0
LINE
  5
40C
330
17
100
AcDbEntity
  8
CUT
  6
Continuous
 62
3
 48
25.4
100
AcDbLine
 10
2145.955335257996
 20
727.2158575267299
 30
0.0
 11
2166.1959322769962
 21
727.2158575267299
 31
0.0
  0
LINE
  5
40D
330
17
100
AcDbEntity
  8
CUT
  6
Continuous
 62
3
 48
25.4
100
AcDbLine
 10
2186.176131283396
 20
1073.66560703763
 30
0.0
 11
2145.955335257996
 21
1073.66560703763
 31
0.0
  0
LINE
  5
40E
330
17
100
AcDbEntity
  8
CUT
  6
Continuous
 62
3
 48
25.4
100
AcDbLine
 10
2145.955335257996
 20
1073.66560703763
 30
0.0
 11
2145.955335257996
 21
1094.9260050503299
 31
0.0
  0
LINE
  5
40F
330
17
100
AcDbEntity
  8
CUT
  6
Continuous
 62
3
 48
25.4
100
AcDbLine
 10
1900.5254725965963
 20
1094.92600505033
 30
0.0
 11
1900.5254725965963
 21
1073.66560703763
 31
0.0
  0
LINE
  5
410
330
17
100
AcDbEntity
  8
CUT
  6
Continuous
 62
3
 48
25.4
100
AcDbLine
 10
1984.0276779487963
 20
683.8274725185299
 30
0.0
 11
2003.5785933489963
 21
689.06612451123
 31
0.0
  0
LINE
  5
411
330
17
100
AcDbEntity
  8
CUT
  6
Continuous
 62
3
 48
25.4
100
AcDbLine
 10
1900.5254725965963
 20
1073.66560703763
 30
0.0
 11
1880.9745571964963
 21
1068.42695504483
 31
0.0
  0
LINE
  5
412
330
17
100
AcDbEntity
  8
CUT
 62
4
 48
25.4
100
AcDbLine
 10
2381.240402981
 20
816.5491929272
 30
0.0
 11
2381.2404029809995
 21
14.800398012699944
 31
0.0
  0
LINE
  5
413
330
17
100
AcDbEntity
  8
CUT
 62
4
 48
25.4
100
AcDbLine
 10
2439.2008009936
 20
816.5491929272
 30
0.0
 11
2439.2008009936
 21
12.500398012699975
 31
0.0
  0
LINE
  5
414
330
17
100
AcDbEntity
  8
CUT
  6
Continuous
 62
3
 48
25.4
100
AcDbLine
 10
2459.181
 20
816.5491929272
 30
0.0
 11
2361.2602039746
 21
816.5491929272
 31
0.0
  0
LINE
  5
415
330
17
100
AcDbEntity
  8
CUT
  6
Continuous
 62
3
 48
25.4
100
AcDbLine
 10
2459.1809999999996
 20
12.500398012699975
 30
0.0
 11
2459.181
 21
816.5491929272
 31
0.0
  0
LINE
  5
416
330
17
100
AcDbEntity
  8
CUT
  6
Continuous
 62
3
 48
25.4
100
AcDbLine
 10
2382.5206019873
 20
12.50039801269999
 30
0.0
 11
2459.1809999999996
 21
12.500398012699975
 31
0.0
  0
CIRCLE
  5
417
330
17
100
AcDbEntity
  8
CUT
  6
Continuous
 62
3
 48
25.4
100
AcDbCircle
 10
2449.181
 20
594.8003980126999
 30
0.0
 40
2.049999999999999
  0
CIRCLE
  5
418
330
17
100
AcDbEntity
  8
CUT
  6
Continuous
 62
3
 48
25.4
100
AcDbCircle
 10
2449.181
 20
574.8003980126998
 30
0.0
 40
2.049999999999999
  0
CIRCLE
  5
419
330
17
100
AcDbEntity
  8
CUT
  6
Continuous
 62
3
 48
25.4
100
AcDbCircle
 10
2449.181
 20
554.8003980126998
 30
0.0
 40
2.049999999999999
  0
CIRCLE
  5
41A
330
17
100
AcDbEntity
  8
CUT
  6
Continuous
 62
3
 48
25.4
100
AcDbCircle
 10
2449.181
 20
534.8003980126998
 30
0.0
 40
2.049999999999999
  0
CIRCLE
  5
41B
330
17
100
AcDbEntity
  8
CUT
  6
Continuous
 62
3
 48
25.4
100
AcDbCircle
 10
2449.181
 20
514.8003980126999
 30
0.0
 40
2.049999999999999
  0
CIRCLE
  5
41C
330
17
100
AcDbEntity
  8
CUT
  6
Continuous
 62
3
 48
25.4
100
AcDbCircle
 10
2449.181
 20
494.8003980127
 30
0.0
 40
2.049999999999999
  0
CIRCLE
  5
41D
330
17
100
AcDbEntity
  8
CUT
  6
Continuous
 62
3
 48
25.4
100
AcDbCircle
 10
2449.181
 20
474.8003980127
 30
0.0
 40
2.049999999999999
  0
CIRCLE
  5
41E
330
17
100
AcDbEntity
  8
CUT
  6
Continuous
 62
3
 48
25.4
100
AcDbCircle
 10
2449.181
 20
454.8003980127
 30
0.0
 40
2.049999999999999
  0
CIRCLE
  5
41F
330
17
100
AcDbEntity
  8
CUT
  6
Continuous
 62
3
 48
25.4
100
AcDbCircle
 10
2449.181
 20
434.8003980127
 30
0.0
 40
2.049999999999999
  0
CIRCLE
  5
420
330
17
100
AcDbEntity
  8
CUT
  6
Continuous
 62
3
 48
25.4
100
AcDbCircle
 10
2449.181
 20
414.8003980127
 30
0.0
 40
2.049999999999999
  0
CIRCLE
  5
421
330
17
100
AcDbEntity
  8
CUT
  6
Continuous
 62
3
 48
25.4
100
AcDbCircle
 10
2449.181
 20
394.8003980127
 30
0.0
 40
2.049999999999999
  0
CIRCLE
  5
422
330
17
100
AcDbEntity
  8
CUT
  6
Continuous
 62
3
 48
25.4
100
AcDbCircle
 10
2449.181
 20
374.8003980127
 30
0.0
 40
2.049999999999999
  0
CIRCLE
  5
423
330
17
100
AcDbEntity
  8
CUT
  6
Continuous
 62
3
 48
25.4
100
AcDbCircle
 10
2449.181
 20
354.8003980127
 30
0.0
 40
2.049999999999999
  0
CIRCLE
  5
424
330
17
100
AcDbEntity
  8
CUT
  6
Continuous
 62
3
 48
25.4
100
AcDbCircle
 10
2449.1809999999996
 20
334.8003980127
 30
0.0
 40
2.049999999999999
  0
CIRCLE
  5
425
330
17
100
AcDbEntity
  8
CUT
  6
Continuous
 62
3
 48
25.4
100
AcDbCircle
 10
2449.1809999999996
 20
314.8003980127
 30
0.0
 40
2.049999999999999
  0
CIRCLE
  5
426
330
17
100
AcDbEntity
  8
CUT
  6
Continuous
 62
3
 48
25.4
100
AcDbCircle
 10
2449.1809999999996
 20
294.8003980127
 30
0.0
 40
2.049999999999999
  0
CIRCLE
  5
427
330
17
100
AcDbEntity
  8
CUT
  6
Continuous
 62
3
 48
25.4
100
AcDbCircle
 10
2449.1809999999996
 20
274.8003980127
 30
0.0
 40
2.049999999999999
  0
CIRCLE
  5
428
330
17
100
AcDbEntity
  8
CUT
  6
Continuous
 62
3
 48
25.4
100
AcDbCircle
 10
2449.1809999999996
 20
254.8003980127
 30
0.0
 40
2.049999999999999
  0
CIRCLE
  5
429
330
17
100
AcDbEntity
  8
CUT
  6
Continuous
 62
3
 48
25.4
100
AcDbCircle
 10
2449.1809999999996
 20
234.8003980127
 30
0.0
 40
2.049999999999999
  0
CIRCLE
  5
42A
330
17
100
AcDbEntity
  8
CUT
  6
Continuous
 62
3
 48
25.4
100
AcDbCircle
 10
2449.1809999999996
 20
214.8003980127
 30
0.0
 40
2.049999999999999
  0
CIRCLE
  5
42B
330
17
100
AcDbEntity
  8
CUT
  6
Continuous
 62
3
 48
25.4
100
AcDbCircle
 10
2449.1809999999996
 20
194.8003980127
 30
0.0
 40
2.049999999999999
  0
CIRCLE
  5
42C
330
17
100
AcDbEntity
  8
CUT
  6
Continuous
 62
3
 48
25.4
100
AcDbCircle
 10
2449.1809999999996
 20
174.8003980127
 30
0.0
 40
2.049999999999999
  0
CIRCLE
  5
42D
330
17
100
AcDbEntity
  8
CUT
  6
Continuous
 62
3
 48
25.4
100
AcDbCircle
 10
2449.1809999999996
 20
154.8003980127
 30
0.0
 40
2.049999999999999
  0
CIRCLE
  5
42E
330
17
100
AcDbEntity
  8
CUT
  6
Continuous
 62
3
 48
25.4
100
AcDbCircle
 10
2449.1809999999996
 20
134.8003980127
 30
0.0
 40
2.049999999999999
  0
CIRCLE
  5
42F
330
17
100
AcDbEntity
  8
CUT
  6
Continuous
 62
3
 48
25.4
100
AcDbCircle
 10
2449.1809999999996
 20
114.80039801269997
 30
0.0
 40
2.049999999999999
  0
CIRCLE
  5
430
330
17
100
AcDbEntity
  8
CUT
  6
Continuous
 62
3
 48
25.4
100
AcDbCircle
 10
2449.1809999999996
 20
94.80039801269997
 30
0.0
 40
2.049999999999999
  0
CIRCLE
  5
431
330
17
100
AcDbEntity
  8
CUT
  6
Continuous
 62
3
 48
25.4
100
AcDbCircle
 10
2449.1809999999996
 20
74.80039801269989
 30
0.0
 40
2.049999999999999
  0
CIRCLE
  5
432
330
17
100
AcDbEntity
  8
CUT
  6
Continuous
 62
3
 48
25.4
100
AcDbCircle
 10
2449.1809999999996
 20
54.80039801269986
 30
0.0
 40
2.049999999999999
  0
CIRCLE
  5
433
330
17
100
AcDbEntity
  8
CUT
  6
Continuous
 62
3
 48
25.4
100
AcDbCircle
 10
2449.1809999999996
 20
34.80039801269986
 30
0.0
 40
2.049999999999999
  0
CIRCLE
  5
434
330
17
100
AcDbEntity
  8
CUT
  6
Continuous
 62
3
 48
25.4
100
AcDbCircle
 10
2449.181
 20
614.8003980126999
 30
0.0
 40
2.049999999999999
  0
CIRCLE
  5
435
330
17
100
AcDbEntity
  8
CUT
  6
Continuous
 62
3
 48
25.4
100
AcDbCircle
 10
2449.181
 20
714.8003980126999
 30
0.0
 40
2.049999999999999
  0
CIRCLE
  5
436
330
17
100
AcDbEntity
  8
CUT
  6
Continuous
 62
3
 48
25.4
100
AcDbCircle
 10
2449.181
 20
794.8003980127
 30
0.0
 40
2.049999999999999
  0
CIRCLE
  5
437
330
17
100
AcDbEntity
  8
CUT
  6
Continuous
 62
3
 48
25.4
100
AcDbCircle
 10
2449.181
 20
774.8003980126999
 30
0.0
 40
2.049999999999999
  0
CIRCLE
  5
438
330
17
100
AcDbEntity
  8
CUT
  6
Continuous
 62
3
 48
25.4
100
AcDbCircle
 10
2449.181
 20
754.8003980127
 30
0.0
 40
2.049999999999999
  0
CIRCLE
  5
439
330
17
100
AcDbEntity
  8
CUT
  6
Continuous
 62
3
 48
25.4
100
AcDbCircle
 10
2449.181
 20
734.8003980126999
 30
0.0
 40
2.049999999999999
  0
CIRCLE
  5
43A
330
17
100
AcDbEntity
  8
CUT
  6
Continuous
 62
3
 48
25.4
100
AcDbCircle
 10
2449.181
 20
694.8003980126999
 30
0.0
 40
2.049999999999999
  0
CIRCLE
  5
43B
330
17
100
AcDbEntity
  8
CUT
  6
Continuous
 62
3
 48
25.4
100
AcDbCircle
 10
2449.181
 20
674.8003980126998
 30
0.0
 40
2.049999999999999
  0
CIRCLE
  5
43C
330
17
100
AcDbEntity
  8
CUT
  6
Continuous
 62
3
 48
25.4
100
AcDbCircle
 10
2449.181
 20
654.8003980126998
 30
0.0
 40
2.049999999999999
  0
CIRCLE
  5
43D
330
17
100
AcDbEntity
  8
CUT
  6
Continuous
 62
3
 48
25.4
100
AcDbCircle
 10
2449.181
 20
634.8003980126998
 30
0.0
 40
2.049999999999999
  0
LINE
  5
43E
330
17
100
AcDbEntity
  8
CUT
  6
Continuous
 62
3
 48
25.4
100
AcDbLine
 10
2382.5206019873
 20
14.800398012699944
 30
0.0
 11
2361.2602039746
 21
14.800398012699944
 31
0.0
  0
LINE
  5
43F
330
17
100
AcDbEntity
  8
CUT
  6
Continuous
 62
3
 48
25.4
100
AcDbLine
 10
2361.2602039746
 20
816.5491929272
 30
0.0
 11
2361.2602039746
 21
14.800398012699944
 31
0.0
  0
CIRCLE
  5
440
330
17
100
AcDbEntity
  8
CUT
  6
Continuous
 62
3
 48
25.4
100
AcDbCircle
 10
2371.2602039746
 20
594.8003980126999
 30
0.0
 40
2.049999999999999
  0
CIRCLE
  5
441
330
17
100
AcDbEntity
  8
CUT
  6
Continuous
 62
3
 48
25.4
100
AcDbCircle
 10
2371.2602039746
 20
574.8003980126998
 30
0.0
 40
2.049999999999999
  0
CIRCLE
  5
442
330
17
100
AcDbEntity
  8
CUT
  6
Continuous
 62
3
 48
25.4
100
AcDbCircle
 10
2371.2602039746
 20
554.8003980126998
 30
0.0
 40
2.049999999999999
  0
CIRCLE
  5
443
330
17
100
AcDbEntity
  8
CUT
  6
Continuous
 62
3
 48
25.4
100
AcDbCircle
 10
2371.2602039746
 20
534.8003980126998
 30
0.0
 40
2.049999999999999
  0
CIRCLE
  5
444
330
17
100
AcDbEntity
  8
CUT
  6
Continuous
 62
3
 48
25.4
100
AcDbCircle
 10
2371.2602039746
 20
514.8003980126999
 30
0.0
 40
2.049999999999999
  0
CIRCLE
  5
445
330
17
100
AcDbEntity
  8
CUT
  6
Continuous
 62
3
 48
25.4
100
AcDbCircle
 10
2371.2602039746
 20
494.8003980127
 30
0.0
 40
2.049999999999999
  0
CIRCLE
  5
446
330
17
100
AcDbEntity
  8
CUT
  6
Continuous
 62
3
 48
25.4
100
AcDbCircle
 10
2371.2602039746
 20
474.8003980127
 30
0.0
 40
2.049999999999999
  0
CIRCLE
  5
447
330
17
100
AcDbEntity
  8
CUT
  6
Continuous
 62
3
 48
25.4
100
AcDbCircle
 10
2371.2602039746
 20
454.8003980127
 30
0.0
 40
2.049999999999999
  0
CIRCLE
  5
448
330
17
100
AcDbEntity
  8
CUT
  6
Continuous
 62
3
 48
25.4
100
AcDbCircle
 10
2371.2602039746
 20
434.8003980127
 30
0.0
 40
2.049999999999999
  0
CIRCLE
  5
449
330
17
100
AcDbEntity
  8
CUT
  6
Continuous
 62
3
 48
25.4
100
AcDbCircle
 10
2371.2602039746
 20
414.8003980127
 30
0.0
 40
2.049999999999999
  0
CIRCLE
  5
44A
330
17
100
AcDbEntity
  8
CUT
  6
Continuous
 62
3
 48
25.4
100
AcDbCircle
 10
2371.2602039746
 20
394.8003980127
 30
0.0
 40
2.049999999999999
  0
CIRCLE
  5
44B
330
17
100
AcDbEntity
  8
CUT
  6
Continuous
 62
3
 48
25.4
100
AcDbCircle
 10
2371.2602039746
 20
374.8003980127
 30
0.0
 40
2.049999999999999
  0
CIRCLE
  5
44C
330
17
100
AcDbEntity
  8
CUT
  6
Continuous
 62
3
 48
25.4
100
AcDbCircle
 10
2371.2602039746
 20
354.8003980127
 30
0.0
 40
2.049999999999999
  0
CIRCLE
  5
44D
330
17
100
AcDbEntity
  8
CUT
  6
Continuous
 62
3
 48
25.4
100
AcDbCircle
 10
2371.2602039746
 20
334.8003980127
 30
0.0
 40
2.049999999999999
  0
CIRCLE
  5
44E
330
17
100
AcDbEntity
  8
CUT
  6
Continuous
 62
3
 48
25.4
100
AcDbCircle
 10
2371.2602039746
 20
314.8003980127
 30
0.0
 40
2.049999999999999
  0
CIRCLE
  5
44F
330
17
100
AcDbEntity
  8
CUT
  6
Continuous
 62
3
 48
25.4
100
AcDbCircle
 10
2371.2602039746
 20
294.8003980127
 30
0.0
 40
2.049999999999999
  0
CIRCLE
  5
450
330
17
100
AcDbEntity
  8
CUT
  6
Continuous
 62
3
 48
25.4
100
AcDbCircle
 10
2371.2602039746
 20
274.8003980127
 30
0.0
 40
2.049999999999999
  0
CIRCLE
  5
451
330
17
100
AcDbEntity
  8
CUT
  6
Continuous
 62
3
 48
25.4
100
AcDbCircle
 10
2371.2602039746
 20
254.8003980127
 30
0.0
 40
2.049999999999999
  0
CIRCLE
  5
452
330
17
100
AcDbEntity
  8
CUT
  6
Continuous
 62
3
 48
25.4
100
AcDbCircle
 10
2371.2602039746
 20
234.8003980127
 30
0.0
 40
2.049999999999999
  0
CIRCLE
  5
453
330
17
100
AcDbEntity
  8
CUT
  6
Continuous
 62
3
 48
25.4
100
AcDbCircle
 10
2371.2602039746
 20
214.8003980127
 30
0.0
 40
2.049999999999999
  0
CIRCLE
  5
454
330
17
100
AcDbEntity
  8
CUT
  6
Continuous
 62
3
 48
25.4
100
AcDbCircle
 10
2371.2602039746
 20
194.8003980127
 30
0.0
 40
2.049999999999999
  0
CIRCLE
  5
455
330
17
100
AcDbEntity
  8
CUT
  6
Continuous
 62
3
 48
25.4
100
AcDbCircle
 10
2371.2602039746
 20
174.8003980127
 30
0.0
 40
2.049999999999999
  0
CIRCLE
  5
456
330
17
100
AcDbEntity
  8
CUT
  6
Continuous
 62
3
 48
25.4
100
AcDbCircle
 10
2371.2602039746
 20
154.8003980127
 30
0.0
 40
2.049999999999999
  0
CIRCLE
  5
457
330
17
100
AcDbEntity
  8
CUT
  6
Continuous
 62
3
 48
25.4
100
AcDbCircle
 10
2371.2602039746
 20
134.8003980127
 30
0.0
 40
2.049999999999999
  0
CIRCLE
  5
458
330
17
100
AcDbEntity
  8
CUT
  6
Continuous
 62
3
 48
25.4
100
AcDbCircle
 10
2371.2602039746
 20
114.80039801269997
 30
0.0
 40
2.049999999999999
  0
CIRCLE
  5
459
330
17
100
AcDbEntity
  8
CUT
  6
Continuous
 62
3
 48
25.4
100
AcDbCircle
 10
2371.2602039746
 20
94.80039801269997
 30
0.0
 40
2.049999999999999
  0
CIRCLE
  5
45A
330
17
100
AcDbEntity
  8
CUT
  6
Continuous
 62
3
 48
25.4
100
AcDbCircle
 10
2371.2602039746
 20
74.80039801269989
 30
0.0
 40
2.049999999999999
  0
CIRCLE
  5
45B
330
17
100
AcDbEntity
  8
CUT
  6
Continuous
 62
3
 48
25.4
100
AcDbCircle
 10
2371.2602039746
 20
54.80039801269987
 30
0.0
 40
2.049999999999999
  0
CIRCLE
  5
45C
330
17
100
AcDbEntity
  8
CUT
  6
Continuous
 62
3
 48
25.4
100
AcDbCircle
 10
2371.2602039746
 20
34.80039801269987
 30
0.0
 40
2.049999999999999
  0
CIRCLE
  5
45D
330
17
100
AcDbEntity
  8
CUT
  6
Continuous
 62
3
 48
25.4
100
AcDbCircle
 10
2371.2602039746
 20
614.8003980126999
 30
0.0
 40
2.049999999999999
  0
CIRCLE
  5
45E
330
17
100
AcDbEntity
  8
CUT
  6
Continuous
 62
3
 48
25.4
100
AcDbCircle
 10
2371.2602039746
 20
714.8003980126999
 30
0.0
 40
2.049999999999999
  0
CIRCLE
  5
45F
330
17
100
AcDbEntity
  8
CUT
  6
Continuous
 62
3
 48
25.4
100
AcDbCircle
 10
2371.2602039746
 20
794.8003980127
 30
0.0
 40
2.049999999999999
  0
CIRCLE
  5
460
330
17
100
AcDbEntity
  8
CUT
  6
Continuous
 62
3
 48
25.4
100
AcDbCircle
 10
2371.2602039746
 20
774.8003980126999
 30
0.0
 40
2.049999999999999
  0
CIRCLE
  5
461
330
17
100
AcDbEntity
  8
CUT
  6
Continuous
 62
3
 48
25.4
100
AcDbCircle
 10
2371.2602039746
 20
754.8003980127
 30
0.0
 40
2.049999999999999
  0
CIRCLE
  5
462
330
17
100
AcDbEntity
  8
CUT
  6
Continuous
 62
3
 48
25.4
100
AcDbCircle
 10
2371.2602039746
 20
734.8003980126999
 30
0.0
 40
2.049999999999999
  0
CIRCLE
  5
463
330
17
100
AcDbEntity
  8
CUT
  6
Continuous
 62
3
 48
25.4
100
AcDbCircle
 10
2371.2602039746
 20
694.8003980126999
 30
0.0
 40
2.049999999999999
  0
CIRCLE
  5
464
330
17
100
AcDbEntity
  8
CUT
  6
Continuous
 62
3
 48
25.4
100
AcDbCircle
 10
2371.2602039746
 20
674.8003980126998
 30
0.0
 40
2.049999999999999
  0
CIRCLE
  5
465
330
17
100
AcDbEntity
  8
CUT
  6
Continuous
 62
3
 48
25.4
100
AcDbCircle
 10
2371.2602039746
 20
654.8003980126998
 30
0.0
 40
2.049999999999999
  0
CIRCLE
  5
466
330
17
100
AcDbEntity
  8
CUT
  6
Continuous
 62
3
 48
25.4
100
AcDbCircle
 10
2371.2602039746
 20
634.8003980126998
 30
0.0
 40
2.049999999999999
  0
CIRCLE
  5
467
330
17
100
AcDbEntity
  8
CUT
  6
Continuous
 62
3
 48
25.4
100
AcDbCircle
 10
2430.2206019873
 20
792.5003980127
 30
0.0
 40
2.049999999999999
  0
CIRCLE
  5
468
330
17
100
AcDbEntity
  8
CUT
  6
Continuous
 62
3
 48
25.4
100
AcDbCircle
 10
2430.2206019873
 20
772.5003980127001
 30
0.0
 40
2.049999999999999
  0
CIRCLE
  5
469
330
17
100
AcDbEntity
  8
CUT
  6
Continuous
 62
3
 48
25.4
100
AcDbCircle
 10
2430.2206019873
 20
752.5003980126999
 30
0.0
 40
2.049999999999999
  0
CIRCLE
  5
46A
330
17
100
AcDbEntity
  8
CUT
  6
Continuous
 62
3
 48
25.4
100
AcDbCircle
 10
2410.2206019873
 20
752.5003980126999
 30
0.0
 40
2.049999999999999
  0
CIRCLE
  5
46B
330
17
100
AcDbEntity
  8
CUT
  6
Continuous
 62
3
 48
25.4
100
AcDbCircle
 10
2410.2206019873
 20
772.5003980127001
 30
0.0
 40
2.049999999999999
  0
CIRCLE
  5
46C
330
17
100
AcDbEntity
  8
CUT
  6
Continuous
 62
3
 48
25.4
100
AcDbCircle
 10
2410.2206019873
 20
792.5003980127
 30
0.0
 40
2.049999999999999
  0
CIRCLE
  5
46D
330
17
100
AcDbEntity
  8
CUT
  6
Continuous
 62
3
 48
25.4
100
AcDbCircle
 10
2390.2206019873
 20
792.5003980127
 30
0.0
 40
2.049999999999999
  0
CIRCLE
  5
46E
330
17
100
AcDbEntity
  8
CUT
  6
Continuous
 62
3
 48
25.4
100
AcDbCircle
 10
2390.2206019873
 20
772.5003980127001
 30
0.0
 40
2.049999999999999
  0
CIRCLE
  5
46F
330
17
100
AcDbEntity
  8
CUT
  6
Continuous
 62
3
 48
25.4
100
AcDbCircle
 10
2390.2206019873
 20
752.5003980126999
 30
0.0
 40
2.049999999999999
  0
CIRCLE
  5
470
330
17
100
AcDbEntity
  8
CUT
  6
Continuous
 62
3
 48
25.4
100
AcDbCircle
 10
2430.2206019873
 20
732.5003980127
 30
0.0
 40
2.049999999999999
  0
CIRCLE
  5
471
330
17
100
AcDbEntity
  8
CUT
  6
Continuous
 62
3
 48
25.4
100
AcDbCircle
 10
2430.2206019873
 20
712.5003980127
 30
0.0
 40
2.049999999999999
  0
CIRCLE
  5
472
330
17
100
AcDbEntity
  8
CUT
  6
Continuous
 62
3
 48
25.4
100
AcDbCircle
 10
2410.2206019873
 20
732.5003980127
 30
0.0
 40
2.049999999999999
  0
CIRCLE
  5
473
330
17
100
AcDbEntity
  8
CUT
  6
Continuous
 62
3
 48
25.4
100
AcDbCircle
 10
2410.2206019873
 20
712.5003980127
 30
0.0
 40
2.049999999999999
  0
CIRCLE
  5
474
330
17
100
AcDbEntity
  8
CUT
  6
Continuous
 62
3
 48
25.4
100
AcDbCircle
 10
2430.2206019873
 20
692.5003980127
 30
0.0
 40
2.049999999999999
  0
CIRCLE
  5
475
330
17
100
AcDbEntity
  8
CUT
  6
Continuous
 62
3
 48
25.4
100
AcDbCircle
 10
2410.2206019873
 20
692.5003980127
 30
0.0
 40
2.049999999999999
  0
CIRCLE
  5
476
330
17
100
AcDbEntity
  8
CUT
  6
Continuous
 62
3
 48
25.4
100
AcDbCircle
 10
2430.2206019873
 20
672.5003980127
 30
0.0
 40
2.049999999999999
  0
CIRCLE
  5
477
330
17
100
AcDbEntity
  8
CUT
  6
Continuous
 62
3
 48
25.4
100
AcDbCircle
 10
2410.2206019873
 20
672.5003980127
 30
0.0
 40
2.049999999999999
  0
CIRCLE
  5
478
330
17
100
AcDbEntity
  8
CUT
  6
Continuous
 62
3
 48
25.4
100
AcDbCircle
 10
2430.2206019873
 20
652.5003980126999
 30
0.0
 40
2.049999999999999
  0
CIRCLE
  5
479
330
17
100
AcDbEntity
  8
CUT
  6
Continuous
 62
3
 48
25.4
100
AcDbCircle
 10
2410.2206019873
 20
652.5003980126999
 30
0.0
 40
2.049999999999999
  0
CIRCLE
  5
47A
330
17
100
AcDbEntity
  8
CUT
  6
Continuous
 62
3
 48
25.4
100
AcDbCircle
 10
2430.2206019873
 20
632.5003980127
 30
0.0
 40
2.049999999999999
  0
CIRCLE
  5
47B
330
17
100
AcDbEntity
  8
CUT
  6
Continuous
 62
3
 48
25.4
100
AcDbCircle
 10
2410.2206019873
 20
632.5003980127
 30
0.0
 40
2.049999999999999
  0
CIRCLE
  5
47C
330
17
100
AcDbEntity
  8
CUT
  6
Continuous
 62
3
 48
25.4
100
AcDbCircle
 10
2430.2206019873
 20
612.5003980127
 30
0.0
 40
2.049999999999999
  0
CIRCLE
  5
47D
330
17
100
AcDbEntity
  8
CUT
  6
Continuous
 62
3
 48
25.4
100
AcDbCircle
 10
2410.2206019873
 20
612.5003980127
 30
0.0
 40
2.049999999999999
  0
CIRCLE
  5
47E
330
17
100
AcDbEntity
  8
CUT
  6
Continuous
 62
3
 48
25.4
100
AcDbCircle
 10
2390.2206019873
 20
732.5003980127
 30
0.0
 40
2.049999999999999
  0
CIRCLE
  5
47F
330
17
100
AcDbEntity
  8
CUT
  6
Continuous
 62
3
 48
25.4
100
AcDbCircle
 10
2390.2206019873
 20
712.5003980127
 30
0.0
 40
2.049999999999999
  0
CIRCLE
  5
480
330
17
100
AcDbEntity
  8
CUT
  6
Continuous
 62
3
 48
25.4
100
AcDbCircle
 10
2390.2206019873
 20
692.5003980127
 30
0.0
 40
2.049999999999999
  0
CIRCLE
  5
481
330
17
100
AcDbEntity
  8
CUT
  6
Continuous
 62
3
 48
25.4
100
AcDbCircle
 10
2390.2206019873
 20
672.5003980127
 30
0.0
 40
2.049999999999999
  0
CIRCLE
  5
482
330
17
100
AcDbEntity
  8
CUT
  6
Continuous
 62
3
 48
25.4
100
AcDbCircle
 10
2390.2206019873
 20
652.5003980126999
 30
0.0
 40
2.049999999999999
  0
CIRCLE
  5
483
330
17
100
AcDbEntity
  8
CUT
  6
Continuous
 62
3
 48
25.4
100
AcDbCircle
 10
2390.2206019873
 20
632.5003980127
 30
0.0
 40
2.049999999999999
  0
CIRCLE
  5
484
330
17
100
AcDbEntity
  8
CUT
  6
Continuous
 62
3
 48
25.4
100
AcDbCircle
 10
2390.2206019873
 20
612.5003980127
 30
0.0
 40
2.049999999999999
  0
LINE
  5
485
330
17
100
AcDbEntity
  8
CUT
  6
Continuous
 62
3
 48
25.4
100
AcDbLine
 10
2382.5206019873
 20
12.50039801269999
 30
0.0
 11
2382.5206019873
 21
14.800398012699944
 31
0.0
  0
CIRCLE
  5
486
330
17
100
AcDbEntity
  8
CUT
  6
Continuous
 62
3
 48
25.4
100
AcDbCircle
 10
2430.2206019873
 20
592.5003980127
 30
0.0
 40
2.049999999999999
  0
CIRCLE
  5
487
330
17
100
AcDbEntity
  8
CUT
  6
Continuous
 62
3
 48
25.4
100
AcDbCircle
 10
2410.2206019873
 20
592.5003980127
 30
0.0
 40
2.049999999999999
  0
CIRCLE
  5
488
330
17
100
AcDbEntity
  8
CUT
  6
Continuous
 62
3
 48
25.4
100
AcDbCircle
 10
2390.2206019873
 20
592.5003980127
 30
0.0
 40
2.049999999999999
  0
CIRCLE
  5
489
330
17
100
AcDbEntity
  8
CUT
  6
Continuous
 62
3
 48
25.4
100
AcDbCircle
 10
2430.2206019873
 20
572.5003980127
 30
0.0
 40
2.049999999999999
  0
CIRCLE
  5
48A
330
17
100
AcDbEntity
  8
CUT
  6
Continuous
 62
3
 48
25.4
100
AcDbCircle
 10
2410.2206019873
 20
572.5003980127
 30
0.0
 40
2.049999999999999
  0
CIRCLE
  5
48B
330
17
100
AcDbEntity
  8
CUT
  6
Continuous
 62
3
 48
25.4
100
AcDbCircle
 10
2390.2206019873
 20
572.5003980127
 30
0.0
 40
2.049999999999999
  0
CIRCLE
  5
48C
330
17
100
AcDbEntity
  8
CUT
  6
Continuous
 62
3
 48
25.4
100
AcDbCircle
 10
2430.2206019873
 20
552.5003980126999
 30
0.0
 40
2.049999999999999
  0
CIRCLE
  5
48D
330
17
100
AcDbEntity
  8
CUT
  6
Continuous
 62
3
 48
25.4
100
AcDbCircle
 10
2410.2206019873
 20
552.5003980126999
 30
0.0
 40
2.049999999999999
  0
CIRCLE
  5
48E
330
17
100
AcDbEntity
  8
CUT
  6
Continuous
 62
3
 48
25.4
100
AcDbCircle
 10
2390.2206019873
 20
552.5003980126999
 30
0.0
 40
2.049999999999999
  0
CIRCLE
  5
48F
330
17
100
AcDbEntity
  8
CUT
  6
Continuous
 62
3
 48
25.4
100
AcDbCircle
 10
2430.2206019873
 20
532.5003980127
 30
0.0
 40
2.049999999999999
  0
CIRCLE
  5
490
330
17
100
AcDbEntity
  8
CUT
  6
Continuous
 62
3
 48
25.4
100
AcDbCircle
 10
2410.2206019873
 20
532.5003980127
 30
0.0
 40
2.049999999999999
  0
CIRCLE
  5
491
330
17
100
AcDbEntity
  8
CUT
  6
Continuous
 62
3
 48
25.4
100
AcDbCircle
 10
2390.2206019873
 20
532.5003980127
 30
0.0
 40
2.049999999999999
  0
CIRCLE
  5
492
330
17
100
AcDbEntity
  8
CUT
  6
Continuous
 62
3
 48
25.4
100
AcDbCircle
 10
2430.2206019873
 20
512.5003980127
 30
0.0
 40
2.049999999999999
  0
CIRCLE
  5
493
330
17
100
AcDbEntity
  8
CUT
  6
Continuous
 62
3
 48
25.4
100
AcDbCircle
 10
2410.2206019873
 20
512.5003980127
 30
0.0
 40
2.049999999999999
  0
CIRCLE
  5
494
330
17
100
AcDbEntity
  8
CUT
  6
Continuous
 62
3
 48
25.4
100
AcDbCircle
 10
2390.2206019873
 20
512.5003980127
 30
0.0
 40
2.049999999999999
  0
CIRCLE
  5
495
330
17
100
AcDbEntity
  8
CUT
  6
Continuous
 62
3
 48
25.4
100
AcDbCircle
 10
2430.2206019873
 20
492.50039801270003
 30
0.0
 40
2.049999999999999
  0
CIRCLE
  5
496
330
17
100
AcDbEntity
  8
CUT
  6
Continuous
 62
3
 48
25.4
100
AcDbCircle
 10
2410.2206019873
 20
492.50039801270003
 30
0.0
 40
2.049999999999999
  0
CIRCLE
  5
497
330
17
100
AcDbEntity
  8
CUT
  6
Continuous
 62
3
 48
25.4
100
AcDbCircle
 10
2390.2206019873
 20
492.50039801270003
 30
0.0
 40
2.049999999999999
  0
CIRCLE
  5
498
330
17
100
AcDbEntity
  8
CUT
  6
Continuous
 62
3
 48
25.4
100
AcDbCircle
 10
2430.2206019873
 20
472.50039801270003
 30
0.0
 40
2.049999999999999
  0
CIRCLE
  5
499
330
17
100
AcDbEntity
  8
CUT
  6
Continuous
 62
3
 48
25.4
100
AcDbCircle
 10
2410.2206019873
 20
472.50039801270003
 30
0.0
 40
2.049999999999999
  0
CIRCLE
  5
49A
330
17
100
AcDbEntity
  8
CUT
  6
Continuous
 62
3
 48
25.4
100
AcDbCircle
 10
2390.2206019873
 20
472.50039801270003
 30
0.0
 40
2.049999999999999
  0
CIRCLE
  5
49B
330
17
100
AcDbEntity
  8
CUT
  6
Continuous
 62
3
 48
25.4
100
AcDbCircle
 10
2430.2206019873
 20
452.5003980126999
 30
0.0
 40
2.049999999999999
  0
CIRCLE
  5
49C
330
17
100
AcDbEntity
  8
CUT
  6
Continuous
 62
3
 48
25.4
100
AcDbCircle
 10
2410.2206019873
 20
452.5003980126999
 30
0.0
 40
2.049999999999999
  0
CIRCLE
  5
49D
330
17
100
AcDbEntity
  8
CUT
  6
Continuous
 62
3
 48
25.4
100
AcDbCircle
 10
2390.2206019873
 20
452.5003980126999
 30
0.0
 40
2.049999999999999
  0
CIRCLE
  5
49E
330
17
100
AcDbEntity
  8
CUT
  6
Continuous
 62
3
 48
25.4
100
AcDbCircle
 10
2430.2206019873
 20
432.50039801269986
 30
0.0
 40
2.049999999999999
  0
CIRCLE
  5
49F
330
17
100
AcDbEntity
  8
CUT
  6
Continuous
 62
3
 48
25.4
100
AcDbCircle
 10
2410.2206019873
 20
432.50039801269986
 30
0.0
 40
2.049999999999999
  0
CIRCLE
  5
4A0
330
17
100
AcDbEntity
  8
CUT
  6
Continuous
 62
3
 48
25.4
100
AcDbCircle
 10
2390.2206019873
 20
432.50039801269986
 30
0.0
 40
2.049999999999999
  0
CIRCLE
  5
4A1
330
17
100
AcDbEntity
  8
CUT
  6
Continuous
 62
3
 48
25.4
100
AcDbCircle
 10
2430.2206019873
 20
412.5003980127
 30
0.0
 40
2.049999999999999
  0
CIRCLE
  5
4A2
330
17
100
AcDbEntity
  8
CUT
  6
Continuous
 62
3
 48
25.4
100
AcDbCircle
 10
2410.2206019873
 20
412.5003980127
 30
0.0
 40
2.049999999999999
  0
CIRCLE
  5
4A3
330
17
100
AcDbEntity
  8
CUT
  6
Continuous
 62
3
 48
25.4
100
AcDbCircle
 10
2390.2206019873
 20
412.5003980127
 30
0.0
 40
2.049999999999999
  0
CIRCLE
  5
4A4
330
17
100
AcDbEntity
  8
CUT
  6
Continuous
 62
3
 48
25.4
100
AcDbCircle
 10
2430.2206019873
 20
392.5003980127
 30
0.0
 40
2.049999999999999
  0
CIRCLE
  5
4A5
330
17
100
AcDbEntity
  8
CUT
  6
Continuous
 62
3
 48
25.4
100
AcDbCircle
 10
2410.2206019873
 20
392.5003980127
 30
0.0
 40
2.049999999999999
  0
CIRCLE
  5
4A6
330
17
100
AcDbEntity
  8
CUT
  6
Continuous
 62
3
 48
25.4
100
AcDbCircle
 10
2390.2206019873
 20
392.5003980127
 30
0.0
 40
2.049999999999999
  0
CIRCLE
  5
4A7
330
17
100
AcDbEntity
  8
CUT
  6
Continuous
 62
3
 48
25.4
100
AcDbCircle
 10
2430.2206019873
 20
372.5003980127
 30
0.0
 40
2.049999999999999
  0
CIRCLE
  5
4A8
330
17
100
AcDbEntity
  8
CUT
  6
Continuous
 62
3
 48
25.4
100
AcDbCircle
 10
2410.2206019873
 20
372.5003980127
 30
0.0
 40
2.049999999999999
  0
CIRCLE
  5
4A9
330
17
100
AcDbEntity
  8
CUT
  6
Continuous
 62
3
 48
25.4
100
AcDbCircle
 10
2390.2206019873
 20
372.5003980127
 30
0.0
 40
2.049999999999999
  0
CIRCLE
  5
4AA
330
17
100
AcDbEntity
  8
CUT
  6
Continuous
 62
3
 48
25.4
100
AcDbCircle
 10
2430.2206019873
 20
352.50039801269986
 30
0.0
 40
2.049999999999999
  0
CIRCLE
  5
4AB
330
17
100
AcDbEntity
  8
CUT
  6
Continuous
 62
3
 48
25.4
100
AcDbCircle
 10
2410.2206019873
 20
352.50039801269986
 30
0.0
 40
2.049999999999999
  0
CIRCLE
  5
4AC
330
17
100
AcDbEntity
  8
CUT
  6
Continuous
 62
3
 48
25.4
100
AcDbCircle
 10
2390.2206019873
 20
352.50039801269986
 30
0.0
 40
2.049999999999999
  0
CIRCLE
  5
4AD
330
17
100
AcDbEntity
  8
CUT
  6
Continuous
 62
3
 48
25.4
100
AcDbCircle
 10
2430.2206019873
 20
332.5003980127
 30
0.0
 40
2.049999999999999
  0
CIRCLE
  5
4AE
330
17
100
AcDbEntity
  8
CUT
  6
Continuous
 62
3
 48
25.4
100
AcDbCircle
 10
2410.2206019873
 20
332.5003980127
 30
0.0
 40
2.049999999999999
  0
CIRCLE
  5
4AF
330
17
100
AcDbEntity
  8
CUT
  6
Continuous
 62
3
 48
25.4
100
AcDbCircle
 10
2390.2206019873
 20
332.5003980127
 30
0.0
 40
2.049999999999999
  0
CIRCLE
  5
4B0
330
17
100
AcDbEntity
  8
CUT
  6
Continuous
 62
3
 48
25.4
100
AcDbCircle
 10
2430.2206019873
 20
312.5003980127
 30
0.0
 40
2.049999999999999
  0
CIRCLE
  5
4B1
330
17
100
AcDbEntity
  8
CUT
  6
Continuous
 62
3
 48
25.4
100
AcDbCircle
 10
2410.2206019873
 20
312.5003980127
 30
0.0
 40
2.049999999999999
  0
CIRCLE
  5
4B2
330
17
100
AcDbEntity
  8
CUT
  6
Continuous
 62
3
 48
25.4
100
AcDbCircle
 10
2390.2206019873
 20
312.5003980127
 30
0.0
 40
2.049999999999999
  0
CIRCLE
  5
4B3
330
17
100
AcDbEntity
  8
CUT
  6
Continuous
 62
3
 48
25.4
100
AcDbCircle
 10
2430.2206019873
 20
292.5003980127
 30
0.0
 40
2.049999999999999
  0
CIRCLE
  5
4B4
330
17
100
AcDbEntity
  8
CUT
  6
Continuous
 62
3
 48
25.4
100
AcDbCircle
 10
2410.2206019872997
 20
292.5003980127
 30
0.0
 40
2.049999999999999
  0
CIRCLE
  5
4B5
330
17
100
AcDbEntity
  8
CUT
  6
Continuous
 62
3
 48
25.4
100
AcDbCircle
 10
2390.2206019872997
 20
292.5003980127
 30
0.0
 40
2.049999999999999
  0
CIRCLE
  5
4B6
330
17
100
AcDbEntity
  8
CUT
  6
Continuous
 62
3
 48
25.4
100
AcDbCircle
 10
2430.2206019872997
 20
272.5003980127
 30
0.0
 40
2.049999999999999
  0
CIRCLE
  5
4B7
330
17
100
AcDbEntity
  8
CUT
  6
Continuous
 62
3
 48
25.4
100
AcDbCircle
 10
2410.2206019872997
 20
272.5003980127
 30
0.0
 40
2.049999999999999
  0
CIRCLE
  5
4B8
330
17
100
AcDbEntity
  8
CUT
  6
Continuous
 62
3
 48
25.4
100
AcDbCircle
 10
2390.2206019872997
 20
272.5003980127
 30
0.0
 40
2.049999999999999
  0
CIRCLE
  5
4B9
330
17
100
AcDbEntity
  8
CUT
  6
Continuous
 62
3
 48
25.4
100
AcDbCircle
 10
2430.2206019872997
 20
252.50039801269997
 30
0.0
 40
2.049999999999999
  0
CIRCLE
  5
4BA
330
17
100
AcDbEntity
  8
CUT
  6
Continuous
 62
3
 48
25.4
100
AcDbCircle
 10
2410.2206019872997
 20
252.50039801269997
 30
0.0
 40
2.049999999999999
  0
CIRCLE
  5
4BB
330
17
100
AcDbEntity
  8
CUT
  6
Continuous
 62
3
 48
25.4
100
AcDbCircle
 10
2390.2206019872997
 20
252.50039801269997
 30
0.0
 40
2.049999999999999
  0
CIRCLE
  5
4BC
330
17
100
AcDbEntity
  8
CUT
  6
Continuous
 62
3
 48
25.4
100
AcDbCircle
 10
2430.2206019872997
 20
232.50039801269997
 30
0.0
 40
2.049999999999999
  0
CIRCLE
  5
4BD
330
17
100
AcDbEntity
  8
CUT
  6
Continuous
 62
3
 48
25.4
100
AcDbCircle
 10
2410.2206019872997
 20
232.50039801269997
 30
0.0
 40
2.049999999999999
  0
CIRCLE
  5
4BE
330
17
100
AcDbEntity
  8
CUT
  6
Continuous
 62
3
 48
25.4
100
AcDbCircle
 10
2390.2206019872997
 20
232.50039801269997
 30
0.0
 40
2.049999999999999
  0
CIRCLE
  5
4BF
330
17
100
AcDbEntity
  8
CUT
  6
Continuous
 62
3
 48
25.4
100
AcDbCircle
 10
2410.2206019872997
 20
192.50039801269997
 30
0.0
 40
2.049999999999999
  0
CIRCLE
  5
4C0
330
17
100
AcDbEntity
  8
CUT
  6
Continuous
 62
3
 48
25.4
100
AcDbCircle
 10
2430.2206019872997
 20
212.50039801269997
 30
0.0
 40
2.049999999999999
  0
CIRCLE
  5
4C1
330
17
100
AcDbEntity
  8
CUT
  6
Continuous
 62
3
 48
25.4
100
AcDbCircle
 10
2410.2206019872997
 20
212.50039801269997
 30
0.0
 40
2.049999999999999
  0
CIRCLE
  5
4C2
330
17
100
AcDbEntity
  8
CUT
  6
Continuous
 62
3
 48
25.4
100
AcDbCircle
 10
2390.2206019872997
 20
212.50039801269997
 30
0.0
 40
2.049999999999999
  0
CIRCLE
  5
4C3
330
17
100
AcDbEntity
  8
CUT
  6
Continuous
 62
3
 48
25.4
100
AcDbCircle
 10
2430.2206019872997
 20
192.50039801269997
 30
0.0
 40
2.049999999999999
  0
CIRCLE
  5
4C4
330
17
100
AcDbEntity
  8
CUT
  6
Continuous
 62
3
 48
25.4
100
AcDbCircle
 10
2390.2206019872997
 20
192.50039801269997
 30
0.0
 40
2.049999999999999
  0
CIRCLE
  5
4C5
330
17
100
AcDbEntity
  8
CUT
  6
Continuous
 62
3
 48
25.4
100
AcDbCircle
 10
2430.2206019872997
 20
172.50039801269997
 30
0.0
 40
2.049999999999999
  0
CIRCLE
  5
4C6
330
17
100
AcDbEntity
  8
CUT
  6
Continuous
 62
3
 48
25.4
100
AcDbCircle
 10
2410.2206019872997
 20
172.50039801269997
 30
0.0
 40
2.049999999999999
  0
CIRCLE
  5
4C7
330
17
100
AcDbEntity
  8
CUT
  6
Continuous
 62
3
 48
25.4
100
AcDbCircle
 10
2390.2206019872997
 20
172.50039801269997
 30
0.0
 40
2.049999999999999
  0
CIRCLE
  5
4C8
330
17
100
AcDbEntity
  8
CUT
  6
Continuous
 62
3
 48
25.4
100
AcDbCircle
 10
2430.2206019872997
 20
152.50039801269997
 30
0.0
 40
2.049999999999999
  0
CIRCLE
  5
4C9
330
17
100
AcDbEntity
  8
CUT
  6
Continuous
 62
3
 48
25.4
100
AcDbCircle
 10
2410.2206019872997
 20
152.50039801269997
 30
0.0
 40
2.049999999999999
  0
CIRCLE
  5
4CA
330
17
100
AcDbEntity
  8
CUT
  6
Continuous
 62
3
 48
25.4
100
AcDbCircle
 10
2390.2206019872997
 20
152.50039801269997
 30
0.0
 40
2.049999999999999
  0
CIRCLE
  5
4CB
330
17
100
AcDbEntity
  8
CUT
  6
Continuous
 62
3
 48
25.4
100
AcDbCircle
 10
2430.2206019872997
 20
132.50039801269997
 30
0.0
 40
2.049999999999999
  0
CIRCLE
  5
4CC
330
17
100
AcDbEntity
  8
CUT
  6
Continuous
 62
3
 48
25.4
100
AcDbCircle
 10
2410.2206019872997
 20
132.50039801269997
 30
0.0
 40
2.049999999999999
  0
CIRCLE
  5
4CD
330
17
100
AcDbEntity
  8
CUT
  6
Continuous
 62
3
 48
25.4
100
AcDbCircle
 10
2390.2206019872997
 20
132.50039801269997
 30
0.0
 40
2.049999999999999
  0
CIRCLE
  5
4CE
330
17
100
AcDbEntity
  8
CUT
  6
Continuous
 62
3
 48
25.4
100
AcDbCircle
 10
2410.2206019872997
 20
112.50039801269999
 30
0.0
 40
2.049999999999999
  0
CIRCLE
  5
4CF
330
17
100
AcDbEntity
  8
CUT
  6
Continuous
 62
3
 48
25.4
100
AcDbCircle
 10
2430.2206019872997
 20
112.50039801269999
 30
0.0
 40
2.049999999999999
  0
CIRCLE
  5
4D0
330
17
100
AcDbEntity
  8
CUT
  6
Continuous
 62
3
 48
25.4
100
AcDbCircle
 10
2430.2206019872997
 20
92.50039801269999
 30
0.0
 40
2.049999999999999
  0
CIRCLE
  5
4D1
330
17
100
AcDbEntity
  8
CUT
  6
Continuous
 62
3
 48
25.4
100
AcDbCircle
 10
2430.2206019872997
 20
72.50039801269999
 30
0.0
 40
2.049999999999999
  0
CIRCLE
  5
4D2
330
17
100
AcDbEntity
  8
CUT
  6
Continuous
 62
3
 48
25.4
100
AcDbCircle
 10
2430.2206019872997
 20
52.500398012699975
 30
0.0
 40
2.049999999999999
  0
CIRCLE
  5
4D3
330
17
100
AcDbEntity
  8
CUT
  6
Continuous
 62
3
 48
25.4
100
AcDbCircle
 10
2410.2206019872997
 20
92.50039801269999
 30
0.0
 40
2.049999999999999
  0
CIRCLE
  5
4D4
330
17
100
AcDbEntity
  8
CUT
  6
Continuous
 62
3
 48
25.4
100
AcDbCircle
 10
2410.2206019872997
 20
72.50039801269999
 30
0.0
 40
2.049999999999999
  0
CIRCLE
  5
4D5
330
17
100
AcDbEntity
  8
CUT
  6
Continuous
 62
3
 48
25.4
100
AcDbCircle
 10
2410.2206019872997
 20
52.500398012699975
 30
0.0
 40
2.049999999999999
  0
CIRCLE
  5
4D6
330
17
100
AcDbEntity
  8
CUT
  6
Continuous
 62
3
 48
25.4
100
AcDbCircle
 10
2390.2206019872997
 20
112.50039801269999
 30
0.0
 40
2.049999999999999
  0
CIRCLE
  5
4D7
330
17
100
AcDbEntity
  8
CUT
  6
Continuous
 62
3
 48
25.4
100
AcDbCircle
 10
2390.2206019872997
 20
92.50039801269999
 30
0.0
 40
2.049999999999999
  0
CIRCLE
  5
4D8
330
17
100
AcDbEntity
  8
CUT
  6
Continuous
 62
3
 48
25.4
100
AcDbCircle
 10
2390.2206019872997
 20
72.50039801269999
 30
0.0
 40
2.049999999999999
  0
CIRCLE
  5
4D9
330
17
100
AcDbEntity
  8
CUT
  6
Continuous
 62
3
 48
25.4
100
AcDbCircle
 10
2390.2206019872997
 20
52.500398012699975
 30
0.0
 40
2.049999999999999
  0
CIRCLE
  5
4DA
330
17
100
AcDbEntity
  8
CUT
  6
Continuous
 62
3
 48
25.4
100
AcDbCircle
 10
2430.2206019872997
 20
32.50039801269999
 30
0.0
 40
2.049999999999999
  0
CIRCLE
  5
4DB
330
17
100
AcDbEntity
  8
CUT
  6
Continuous
 62
3
 48
25.4
100
AcDbCircle
 10
2410.2206019872997
 20
32.50039801269999
 30
0.0
 40
2.049999999999999
  0
CIRCLE
  5
4DC
330
17
100
AcDbEntity
  8
CUT
  6
Continuous
 62
3
 48
25.4
100
AcDbCircle
 10
2390.2206019872997
 20
32.50039801269999
 30
0.0
 40
2.049999999999999
  0
ENDSEC
  0
SECTION
  2
OBJECTS
  0
DICTIONARY
  5
A
330
0
100
AcDbDictionary
281
1
  3
ACAD_COLOR
350
B
  3
ACAD_GROUP
350
C
  3
ACAD_LAYOUT
350
D
  3
ACAD_MATERIAL
350
E
  3
ACAD_MLEADERSTYLE
350
F
  3
ACAD_MLINESTYLE
350
10
  3
ACAD_PLOTSETTINGS
350
11
  3
ACAD_PLOTSTYLENAME
350
12
  3
ACAD_SCALELIST
350
14
  3
ACAD_TABLESTYLE
350
15
  3
ACAD_VISUALSTYLE
350
16
  3
EZDXF_META
350
2D
  0
DICTIONARY
  5
B
330
A
100
AcDbDictionary
281
1
  0
DICTIONARY
  5
C
330
A
100
AcDbDictionary
281
1
  0
DICTIONARY
  5
D
330
A
100
AcDbDictionary
281
1
  3
Model
350
1A
  3
Layout1
350
1E
  0
DICTIONARY
  5
E
330
A
100
AcDbDictionary
281
1
  3
ByBlock
350
1F
  3
ByLayer
350
20
  3
Global
350
21
  0
DICTIONARY
  5
F
330
A
100
AcDbDictionary
281
1
  3
Standard
350
2C
  0
DICTIONARY
  5
10
330
A
100
AcDbDictionary
281
1
  3
Standard
350
22
  0
DICTIONARY
  5
11
330
A
100
AcDbDictionary
281
1
  0
ACDBDICTIONARYWDFLT
  5
12
330
A
100
AcDbDictionary
281
1
  3
Normal
350
13
100
AcDbDictionaryWithDefault
340
13
  0
ACDBPLACEHOLDER
  5
13
330
12
  0
DICTIONARY
  5
14
330
A
100
AcDbDictionary
281
1
  0
DICTIONARY
  5
15
330
A
100
AcDbDictionary
281
1
  0
DICTIONARY
  5
16
330
A
100
AcDbDictionary
281
1
  0
LAYOUT
  5
1A
330
D
100
AcDbPlotSettings
  1

  4
A3
  6

 40
7.5
 41
20.0
 42
7.5
 43
20.0
 44
420.0
 45
297.0
 46
0.0
 47
0.0
 48
0.0
 49
0.0
140
0.0
141
0.0
142
1.0
143
1.0
 70
1024
 72
1
 73
0
 74
5
  7

 75
16
 76
0
 77
2
 78
300
147
1.0
148
0.0
149
0.0
100
AcDbLayout
  1
Model
 70
1
 71
0
 10
0.0
 20
0.0
 11
420.0
 21
297.0
 12
0.0
 22
0.0
 32
0.0
 14
1e+20
 24
1e+20
 34
1e+20
 15
-1e+20
 25
-1e+20
 35
-1e+20
146
0.0
 13
0.0
 23
0.0
 33
0.0
 16
1.0
 26
0.0
 36
0.0
 17
0.0
 27
1.0
 37
0.0
 76
1
330
17
  0
LAYOUT
  5
1E
330
D
100
AcDbPlotSettings
  1

  4
A3
  6

 40
7.5
 41
20.0
 42
7.5
 43
20.0
 44
420.0
 45
297.0
 46
0.0
 47
0.0
 48
0.0
 49
0.0
140
0.0
141
0.0
142
1.0
143
1.0
 70
0
 72
1
 73
0
 74
5
  7

 75
16
 76
0
 77
2
 78
300
147
1.0
148
0.0
149
0.0
100
AcDbLayout
  1
Layout1
 70
1
 71
1
 10
0.0
 20
0.0
 11
420.0
 21
297.0
 12
0.0
 22
0.0
 32
0.0
 14
1e+20
 24
1e+20
 34
1e+20
 15
-1e+20
 25
-1e+20
 35
-1e+20
146
0.0
 13
0.0
 23
0.0
 33
0.0
 16
1.0
 26
0.0
 36
0.0
 17
0.0
 27
1.0
 37
0.0
 76
1
330
1B
  0
MATERIAL
  5
1F
102
{ACAD_REACTORS
330
E
102
}
330
E
100
AcDbMaterial
  1
ByBlock
  2

 70
0
 40
1.0
 71
1
 41
1.0
 91
-1023410177
 42
1.0
 72
1
  3

 73
1
 74
1
 75
1
 44
0.5
 73
0
 45
1.0
 46
1.0
 77
1
  4

 78
1
 79
1
170
1
 48
1.0
171
1
  6

172
1
173
1
174
1
140
1.0
141
1.0
175
1
  7

176
1
177
1
178
1
143
1.0
179
1
  8

270
1
271
1
272
1
145
1.0
146
1.0
273
1
  9

274
1
275
1
276
1
 42
1.0
 72
1
  3

 73
1
 74
1
 75
1
 94
63
  0
MATERIAL
  5
20
102
{ACAD_REACTORS
330
E
102
}
330
E
100
AcDbMaterial
  1
ByLayer
  2

 70
0
 40
1.0
 71
1
 41
1.0
 91
-1023410177
 42
1.0
 72
1
  3

 73
1
 74
1
 75
1
 44
0.5
 73
0
 45
1.0
 46
1.0
 77
1
  4

 78
1
 79
1
170
1
 48
1.0
171
1
  6

172
1
173
1
174
1
140
1.0
141
1.0
175
1
  7

176
1
177
1
178
1
143
1.0
179
1
  8

270
1
271
1
272
1
145
1.0
146
1.0
273
1
  9

274
1
275
1
276
1
 42
1.0
 72
1
  3

 73
1
 74
1
 75
1
 94
63
  0
MATERIAL
  5
21
102
{ACAD_REACTORS
330
E
102
}
330
E
100
AcDbMaterial
  1
Global
  2

 70
0
 40
1.0
 71
1
 41
1.0
 91
-1023410177
 42
1.0
 72
1
  3

 73
1
 74
1
 75
1
 44
0.5
 73
0
 45
1.0
 46
1.0
 77
1
  4

 78
1
 79
1
170
1
 48
1.0
171
1
  6

172
1
173
1
174
1
140
1.0
141
1.0
175
1
  7

176
1
177
1
178
1
143
1.0
179
1
  8

270
1
271
1
272
1
145
1.0
146
1.0
273
1
  9

274
1
275
1
276
1
 42
1.0
 72
1
  3

 73
1
 74
1
 75
1
 94
63
  0
MLINESTYLE
  5
22
102
{ACAD_REACTORS
330
10
102
}
330
10
100
AcDbMlineStyle
  2
Standard
 70
0
  3

 62
256
 51
90.0
 52
90.0
 71
2
 49
0.5
 62
256
  6
BYLAYER
 49
-0.5
 62
256
  6
BYLAYER
  0
MLEADERSTYLE
  5
2C
102
{ACAD_REACTORS
330
F
102
}
330
F
100
AcDbMLeaderStyle
179
2
170
2
171
1
172
0
 90
2
 40
0.0
 41
0.0
173
1
 91
-1056964608
 92
-2
290
1
 42
2.0
291
1
 43
8.0
  3
Standard
 44
4.0
300

342
29
174
1
175
1
176
0
178
1
 93
-1056964608
 45
4.0
292
0
297
0
 46
4.0
 94
-1056964608
 47
1.0
 49
1.0
140
1.0
294
1
141
0.0
177
0
142
1.0
295
0
296
0
143
3.75
271
0
272
9
273
9
  0
DICTIONARY
  5
2D
330
A
100
AcDbDictionary
280
1
281
1
  3
CREATED_BY_EZDXF
350
2E
  3
WRITTEN_BY_EZDXF
350
4DF
  0
DICTIONARYVAR
  5
2E
330
2D
100
DictionaryVariables
280
0
  1
1.4.4 @ 2026-07-24T05:10:31.011738+00:00
  0
DICTIONARYVAR
  5
4DF
330
2D
100
DictionaryVariables
280
0
  1
1.4.4 @ 2026-07-24T05:10:31.326829+00:00
  0
ENDSEC
  0
EOF
